value,timestamp
32.53,1712016400000000
32.53,1712016400250000
32.53,1712016400500000
32.53,1712016400750000
32.53,1712016401000000
32.53,1712016401250000
32.53,1712016401500000
32.53,1712016401750000
32.53,1712016402000000
32.53,1712016402250000
32.53,1712016402500000
32.53,1712016402750000
32.53,1712016403000000
32.53,1712016403250000
32.53,1712016403500000
32.53,1712016403750000
32.53,1712016404000000
32.53,1712016404250000
32.53,1712016404500000
32.53,1712016404750000
32.5,1712016405000000
32.5,1712016405250000
32.5,1712016405500000
32.5,1712016405750000
32.53,1712016406000000
32.53,1712016406250000
32.53,1712016406500000
32.53,1712016406750000
32.5,1712016407000000
32.5,1712016407250000
32.5,1712016407500000
32.5,1712016407750000
32.5,1712016408000000
32.5,1712016408250000
32.5,1712016408500000
32.5,1712016408750000
32.49,1712016409000000
32.49,1712016409250000
32.49,1712016409500000
32.49,1712016409750000
32.5,1712016410000000
32.5,1712016410250000
32.5,1712016410500000
32.5,1712016410750000
32.49,1712016411000000
32.49,1712016411250000
32.49,1712016411500000
32.49,1712016411750000
32.49,1712016412000000
32.49,1712016412250000
32.49,1712016412500000
32.49,1712016412750000
32.49,1712016413000000
32.49,1712016413250000
32.49,1712016413500000
32.49,1712016413750000
32.49,1712016414000000
32.49,1712016414250000
32.49,1712016414500000
32.49,1712016414750000
32.47,1712016415000000
32.47,1712016415250000
32.47,1712016415500000
32.47,1712016415750000
32.49,1712016416000000
32.49,1712016416250000
32.49,1712016416500000
32.49,1712016416750000
32.47,1712016417000000
32.47,1712016417250000
32.47,1712016417500000
32.47,1712016417750000
32.47,1712016418000000
32.47,1712016418250000
32.47,1712016418500000
32.47,1712016418750000
32.47,1712016419000000
32.47,1712016419250000
32.47,1712016419500000
32.47,1712016419750000
32.45,1712016420000000
32.45,1712016420250000
32.45,1712016420500000
32.45,1712016420750000
32.47,1712016421000000
32.47,1712016421250000
32.47,1712016421500000
32.47,1712016421750000
32.45,1712016422000000
32.45,1712016422250000
32.45,1712016422500000
32.45,1712016422750000
32.45,1712016423000000
32.45,1712016423250000
32.45,1712016423500000
32.45,1712016423750000
32.43,1712016424000000
32.43,1712016424250000
32.43,1712016424500000
32.43,1712016424750000
32.43,1712016425000000
32.43,1712016425250000
32.43,1712016425500000
32.43,1712016425750000
32.41,1712016426000000
32.41,1712016426250000
32.41,1712016426500000
32.41,1712016426750000
32.41,1712016427000000
32.41,1712016427250000
32.41,1712016427500000
32.41,1712016427750000
32.41,1712016428000000
32.41,1712016428250000
32.41,1712016428500000
32.41,1712016428750000
32.41,1712016429000000
32.41,1712016429250000
32.41,1712016429500000
32.41,1712016429750000
32.41,1712016430000000
32.41,1712016430250000
32.41,1712016430500000
32.41,1712016430750000
32.41,1712016431000000
32.41,1712016431250000
32.41,1712016431500000
32.41,1712016431750000
32.41,1712016432000000
32.41,1712016432250000
32.41,1712016432500000
32.41,1712016432750000
32.41,1712016433000000
32.41,1712016433250000
32.41,1712016433500000
32.41,1712016433750000
32.41,1712016434000000
32.41,1712016434250000
32.41,1712016434500000
32.41,1712016434750000
32.39,1712016435000000
32.39,1712016435250000
32.39,1712016435500000
32.39,1712016435750000
32.39,1712016436000000
32.39,1712016436250000
32.39,1712016436500000
32.39,1712016436750000
32.41,1712016437000000
32.41,1712016437250000
32.41,1712016437500000
32.41,1712016437750000
32.39,1712016438000000
32.39,1712016438250000
32.39,1712016438500000
32.39,1712016438750000
32.39,1712016439000000
32.39,1712016439250000
32.39,1712016439500000
32.39,1712016439750000
32.39,1712016440000000
32.39,1712016440250000
32.39,1712016440500000
32.39,1712016440750000
32.39,1712016441000000
32.39,1712016441250000
32.39,1712016441500000
32.39,1712016441750000
32.39,1712016442000000
32.39,1712016442250000
32.39,1712016442500000
32.39,1712016442750000
32.39,1712016443000000
32.39,1712016443250000
32.39,1712016443500000
32.39,1712016443750000
32.41,1712016444000000
32.41,1712016444250000
32.41,1712016444500000
32.41,1712016444750000
32.39,1712016445000000
32.39,1712016445250000
32.39,1712016445500000
32.39,1712016445750000
32.41,1712016446000000
32.41,1712016446250000
32.41,1712016446500000
32.41,1712016446750000
32.43,1712016447000000
32.43,1712016447250000
32.43,1712016447500000
32.43,1712016447750000
32.39,1712016448000000
32.39,1712016448250000
32.39,1712016448500000
32.39,1712016448750000
32.39,1712016449000000
32.39,1712016449250000
32.39,1712016449500000
32.39,1712016449750000
32.41,1712016450000000
32.41,1712016450250000
32.41,1712016450500000
32.41,1712016450750000
32.43,1712016451000000
32.43,1712016451250000
32.43,1712016451500000
32.43,1712016451750000
32.41,1712016452000000
32.41,1712016452250000
32.41,1712016452500000
32.41,1712016452750000
32.43,1712016453000000
32.43,1712016453250000
32.43,1712016453500000
32.43,1712016453750000
32.43,1712016454000000
32.43,1712016454250000
32.43,1712016454500000
32.43,1712016454750000
32.43,1712016455000000
32.43,1712016455250000
32.43,1712016455500000
32.43,1712016455750000
32.43,1712016456000000
32.43,1712016456250000
32.43,1712016456500000
32.43,1712016456750000
32.45,1712016457000000
32.45,1712016457250000
32.45,1712016457500000
32.45,1712016457750000
32.45,1712016458000000
32.45,1712016458250000
32.45,1712016458500000
32.45,1712016458750000
32.43,1712016459000000
32.43,1712016459250000
32.43,1712016459500000
32.43,1712016459750000
32.45,1712016460000000
32.45,1712016460250000
32.45,1712016460500000
32.45,1712016460750000
32.45,1712016461000000
32.45,1712016461250000
32.45,1712016461500000
32.45,1712016461750000
32.47,1712016462000000
32.47,1712016462250000
32.47,1712016462500000
32.47,1712016462750000
32.47,1712016463000000
32.47,1712016463250000
32.47,1712016463500000
32.47,1712016463750000
32.45,1712016464000000
32.45,1712016464250000
32.45,1712016464500000
32.45,1712016464750000
32.47,1712016465000000
32.47,1712016465250000
32.47,1712016465500000
32.47,1712016465750000
32.47,1712016466000000
32.47,1712016466250000
32.47,1712016466500000
32.47,1712016466750000
32.49,1712016467000000
32.49,1712016467250000
32.49,1712016467500000
32.49,1712016467750000
32.45,1712016468000000
32.45,1712016468250000
32.45,1712016468500000
32.45,1712016468750000
32.47,1712016469000000
32.47,1712016469250000
32.47,1712016469500000
32.47,1712016469750000
32.47,1712016470000000
32.47,1712016470250000
32.47,1712016470500000
32.47,1712016470750000
32.47,1712016471000000
32.47,1712016471250000
32.47,1712016471500000
32.47,1712016471750000
32.47,1712016472000000
32.47,1712016472250000
32.47,1712016472500000
32.47,1712016472750000
32.49,1712016473000000
32.49,1712016473250000
32.49,1712016473500000
32.49,1712016473750000
32.5,1712016474000000
32.5,1712016474250000
32.5,1712016474500000
32.5,1712016474750000
32.53,1712016475000000
32.53,1712016475250000
32.53,1712016475500000
32.53,1712016475750000
32.55,1712016476000000
32.55,1712016476250000
32.55,1712016476500000
32.55,1712016476750000
32.53,1712016477000000
32.53,1712016477250000
32.53,1712016477500000
32.53,1712016477750000
32.53,1712016478000000
32.53,1712016478250000
32.53,1712016478500000
32.53,1712016478750000
32.55,1712016479000000
32.55,1712016479250000
32.55,1712016479500000
32.55,1712016479750000
32.53,1712016480000000
32.53,1712016480250000
32.53,1712016480500000
32.53,1712016480750000
32.53,1712016481000000
32.53,1712016481250000
32.53,1712016481500000
32.53,1712016481750000
32.53,1712016482000000
32.53,1712016482250000
32.53,1712016482500000
32.53,1712016482750000
32.57,1712016483000000
32.57,1712016483250000
32.57,1712016483500000
32.57,1712016483750000
32.55,1712016484000000
32.55,1712016484250000
32.55,1712016484500000
32.55,1712016484750000
32.59,1712016485000000
32.59,1712016485250000
32.59,1712016485500000
32.59,1712016485750000
32.59,1712016486000000
32.59,1712016486250000
32.59,1712016486500000
32.59,1712016486750000
32.59,1712016487000000
32.59,1712016487250000
32.59,1712016487500000
32.59,1712016487750000
32.61,1712016488000000
32.61,1712016488250000
32.61,1712016488500000
32.61,1712016488750000
32.61,1712016489000000
32.61,1712016489250000
32.61,1712016489500000
32.61,1712016489750000
32.63,1712016490000000
32.63,1712016490250000
32.63,1712016490500000
32.63,1712016490750000
32.65,1712016491000000
32.65,1712016491250000
32.65,1712016491500000
32.65,1712016491750000
32.66,1712016492000000
32.66,1712016492250000
32.66,1712016492500000
32.66,1712016492750000
32.66,1712016493000000
32.66,1712016493250000
32.66,1712016493500000
32.66,1712016493750000
32.68,1712016494000000
32.68,1712016494250000
32.68,1712016494500000
32.68,1712016494750000
32.71,1712016495000000
32.71,1712016495250000
32.71,1712016495500000
32.71,1712016495750000
32.73,1712016496000000
32.73,1712016496250000
32.73,1712016496500000
32.73,1712016496750000
32.75,1712016497000000
32.75,1712016497250000
32.75,1712016497500000
32.75,1712016497750000
32.75,1712016498000000
32.75,1712016498250000
32.75,1712016498500000
32.75,1712016498750000
32.73,1712016499000000
32.73,1712016499250000
32.73,1712016499500000
32.73,1712016499750000
32.73,1712016500000000
32.73,1712016500250000
32.73,1712016500500000
32.73,1712016500750000
32.73,1712016501000000
32.73,1712016501250000
32.73,1712016501500000
32.73,1712016501750000
32.71,1712016502000000
32.71,1712016502250000
32.71,1712016502500000
32.71,1712016502750000
32.73,1712016503000000
32.73,1712016503250000
32.73,1712016503500000
32.73,1712016503750000
32.73,1712016504000000
32.73,1712016504250000
32.73,1712016504500000
32.73,1712016504750000
32.73,1712016505000000
32.73,1712016505250000
32.73,1712016505500000
32.73,1712016505750000
32.71,1712016506000000
32.71,1712016506250000
32.71,1712016506500000
32.71,1712016506750000
32.73,1712016507000000
32.73,1712016507250000
32.73,1712016507500000
32.73,1712016507750000
32.75,1712016508000000
32.75,1712016508250000
32.75,1712016508500000
32.75,1712016508750000
32.79,1712016509000000
32.79,1712016509250000
32.79,1712016509500000
32.79,1712016509750000
32.81,1712016510000000
32.81,1712016510250000
32.81,1712016510500000
32.81,1712016510750000
32.79,1712016511000000
32.79,1712016511250000
32.79,1712016511500000
32.79,1712016511750000
32.79,1712016512000000
32.79,1712016512250000
32.79,1712016512500000
32.79,1712016512750000
32.81,1712016513000000
32.81,1712016513250000
32.81,1712016513500000
32.81,1712016513750000
32.81,1712016514000000
32.81,1712016514250000
32.81,1712016514500000
32.81,1712016514750000
32.81,1712016515000000
32.81,1712016515250000
32.81,1712016515500000
32.81,1712016515750000
32.83,1712016516000000
32.83,1712016516250000
32.83,1712016516500000
32.83,1712016516750000
32.81,1712016517000000
32.81,1712016517250000
32.81,1712016517500000
32.81,1712016517750000
32.84,1712016518000000
32.84,1712016518250000
32.84,1712016518500000
32.84,1712016518750000
32.81,1712016519000000
32.81,1712016519250000
32.81,1712016519500000
32.81,1712016519750000
32.84,1712016520000000
32.84,1712016520250000
32.84,1712016520500000
32.84,1712016520750000
32.81,1712016521000000
32.81,1712016521250000
32.81,1712016521500000
32.81,1712016521750000
32.84,1712016522000000
32.84,1712016522250000
32.84,1712016522500000
32.84,1712016522750000
32.81,1712016523000000
32.81,1712016523250000
32.81,1712016523500000
32.81,1712016523750000
32.81,1712016524000000
32.81,1712016524250000
32.81,1712016524500000
32.81,1712016524750000
32.79,1712016525000000
32.79,1712016525250000
32.79,1712016525500000
32.79,1712016525750000
32.81,1712016526000000
32.81,1712016526250000
32.81,1712016526500000
32.81,1712016526750000
32.81,1712016527000000
32.81,1712016527250000
32.81,1712016527500000
32.81,1712016527750000
32.84,1712016528000000
32.84,1712016528250000
32.84,1712016528500000
32.84,1712016528750000
32.87,1712016529000000
32.87,1712016529250000
32.87,1712016529500000
32.87,1712016529750000
32.87,1712016530000000
32.87,1712016530250000
32.87,1712016530500000
32.87,1712016530750000
32.89,1712016531000000
32.89,1712016531250000
32.89,1712016531500000
32.89,1712016531750000
32.93,1712016532000000
32.93,1712016532250000
32.93,1712016532500000
32.93,1712016532750000
32.95,1712016533000000
32.95,1712016533250000
32.95,1712016533500000
32.95,1712016533750000
32.93,1712016534000000
32.93,1712016534250000
32.93,1712016534500000
32.93,1712016534750000
32.99,1712016535000000
32.99,1712016535250000
32.99,1712016535500000
32.99,1712016535750000
33.0,1712016536000000
33.0,1712016536250000
33.0,1712016536500000
33.0,1712016536750000
33.03,1712016537000000
33.03,1712016537250000
33.03,1712016537500000
33.03,1712016537750000
33.05,1712016538000000
33.05,1712016538250000
33.05,1712016538500000
33.05,1712016538750000
33.09,1712016539000000
33.09,1712016539250000
33.09,1712016539500000
33.09,1712016539750000
33.11,1712016540000000
33.11,1712016540250000
33.11,1712016540500000
33.11,1712016540750000
33.09,1712016541000000
33.09,1712016541250000
33.09,1712016541500000
33.09,1712016541750000
33.13,1712016542000000
33.13,1712016542250000
33.13,1712016542500000
33.13,1712016542750000
33.13,1712016543000000
33.13,1712016543250000
33.13,1712016543500000
33.13,1712016543750000
33.13,1712016544000000
33.13,1712016544250000
33.13,1712016544500000
33.13,1712016544750000
33.13,1712016545000000
33.13,1712016545250000
33.13,1712016545500000
33.13,1712016545750000
33.13,1712016546000000
33.13,1712016546250000
33.13,1712016546500000
33.13,1712016546750000
33.13,1712016547000000
33.13,1712016547250000
33.13,1712016547500000
33.13,1712016547750000
33.13,1712016548000000
33.13,1712016548250000
33.13,1712016548500000
33.13,1712016548750000
33.15,1712016549000000
33.15,1712016549250000
33.15,1712016549500000
33.15,1712016549750000
33.13,1712016550000000
33.13,1712016550250000
33.13,1712016550500000
33.13,1712016550750000
33.15,1712016551000000
33.15,1712016551250000
33.15,1712016551500000
33.15,1712016551750000
33.15,1712016552000000
33.15,1712016552250000
33.15,1712016552500000
33.15,1712016552750000
33.16,1712016553000000
33.16,1712016553250000
33.16,1712016553500000
33.16,1712016553750000
33.16,1712016554000000
33.16,1712016554250000
33.16,1712016554500000
33.16,1712016554750000
33.13,1712016555000000
33.13,1712016555250000
33.13,1712016555500000
33.13,1712016555750000
33.18,1712016556000000
33.18,1712016556250000
33.18,1712016556500000
33.18,1712016556750000
33.18,1712016557000000
33.18,1712016557250000
33.18,1712016557500000
33.18,1712016557750000
33.21,1712016558000000
33.21,1712016558250000
33.21,1712016558500000
33.21,1712016558750000
33.25,1712016559000000
33.25,1712016559250000
33.25,1712016559500000
33.25,1712016559750000
33.25,1712016560000000
33.25,1712016560250000
33.25,1712016560500000
33.25,1712016560750000
33.27,1712016561000000
33.27,1712016561250000
33.27,1712016561500000
33.27,1712016561750000
33.29,1712016562000000
33.29,1712016562250000
33.29,1712016562500000
33.29,1712016562750000
33.27,1712016563000000
33.27,1712016563250000
33.27,1712016563500000
33.27,1712016563750000
33.33,1712016564000000
33.33,1712016564250000
33.33,1712016564500000
33.33,1712016564750000
33.33,1712016565000000
33.33,1712016565250000
33.33,1712016565500000
33.33,1712016565750000
33.37,1712016566000000
33.37,1712016566250000
33.37,1712016566500000
33.37,1712016566750000
33.37,1712016567000000
33.37,1712016567250000
33.37,1712016567500000
33.37,1712016567750000
33.37,1712016568000000
33.37,1712016568250000
33.37,1712016568500000
33.37,1712016568750000
33.39,1712016569000000
33.39,1712016569250000
33.39,1712016569500000
33.39,1712016569750000
33.43,1712016570000000
33.43,1712016570250000
33.43,1712016570500000
33.43,1712016570750000
33.43,1712016571000000
33.43,1712016571250000
33.43,1712016571500000
33.43,1712016571750000
33.45,1712016572000000
33.45,1712016572250000
33.45,1712016572500000
33.45,1712016572750000
33.43,1712016573000000
33.43,1712016573250000
33.43,1712016573500000
33.43,1712016573750000
33.45,1712016574000000
33.45,1712016574250000
33.45,1712016574500000
33.45,1712016574750000
33.45,1712016575000000
33.45,1712016575250000
33.45,1712016575500000
33.45,1712016575750000
33.49,1712016576000000
33.49,1712016576250000
33.49,1712016576500000
33.49,1712016576750000
33.47,1712016577000000
33.47,1712016577250000
33.47,1712016577500000
33.47,1712016577750000
33.47,1712016578000000
33.47,1712016578250000
33.47,1712016578500000
33.47,1712016578750000
33.49,1712016579000000
33.49,1712016579250000
33.49,1712016579500000
33.49,1712016579750000
33.49,1712016580000000
33.49,1712016580250000
33.49,1712016580500000
33.49,1712016580750000
33.49,1712016581000000
33.49,1712016581250000
33.49,1712016581500000
33.49,1712016581750000
33.47,1712016582000000
33.47,1712016582250000
33.47,1712016582500000
33.47,1712016582750000
33.49,1712016583000000
33.49,1712016583250000
33.49,1712016583500000
33.49,1712016583750000
33.49,1712016584000000
33.49,1712016584250000
33.49,1712016584500000
33.49,1712016584750000
33.49,1712016585000000
33.49,1712016585250000
33.49,1712016585500000
33.49,1712016585750000
33.47,1712016586000000
33.47,1712016586250000
33.47,1712016586500000
33.47,1712016586750000
33.49,1712016587000000
33.49,1712016587250000
33.49,1712016587500000
33.49,1712016587750000
33.47,1712016588000000
33.47,1712016588250000
33.47,1712016588500000
33.47,1712016588750000
33.5,1712016589000000
33.5,1712016589250000
33.5,1712016589500000
33.5,1712016589750000
33.47,1712016590000000
33.47,1712016590250000
33.47,1712016590500000
33.47,1712016590750000
33.49,1712016591000000
33.49,1712016591250000
33.49,1712016591500000
33.49,1712016591750000
33.49,1712016592000000
33.49,1712016592250000
33.49,1712016592500000
33.49,1712016592750000
33.5,1712016593000000
33.5,1712016593250000
33.5,1712016593500000
33.5,1712016593750000
33.53,1712016594000000
33.53,1712016594250000
33.53,1712016594500000
33.53,1712016594750000
33.49,1712016595000000
33.49,1712016595250000
33.49,1712016595500000
33.49,1712016595750000
33.53,1712016596000000
33.53,1712016596250000
33.53,1712016596500000
33.53,1712016596750000
33.53,1712016597000000
33.53,1712016597250000
33.53,1712016597500000
33.53,1712016597750000
33.53,1712016598000000
33.53,1712016598250000
33.53,1712016598500000
33.53,1712016598750000
33.55,1712016599000000
33.55,1712016599250000
33.55,1712016599500000
33.55,1712016599750000
33.55,1712016600000000
33.55,1712016600250000
33.55,1712016600500000
33.55,1712016600750000
33.59,1712016601000000
33.59,1712016601250000
33.59,1712016601500000
33.59,1712016601750000
33.57,1712016602000000
33.57,1712016602250000
33.57,1712016602500000
33.57,1712016602750000
33.55,1712016603000000
33.55,1712016603250000
33.55,1712016603500000
33.55,1712016603750000
33.59,1712016604000000
33.59,1712016604250000
33.59,1712016604500000
33.59,1712016604750000
33.59,1712016605000000
33.59,1712016605250000
33.59,1712016605500000
33.59,1712016605750000
33.59,1712016606000000
33.59,1712016606250000
33.59,1712016606500000
33.59,1712016606750000
33.57,1712016607000000
33.57,1712016607250000
33.57,1712016607500000
33.57,1712016607750000
33.59,1712016608000000
33.59,1712016608250000
33.59,1712016608500000
33.59,1712016608750000
33.55,1712016609000000
33.55,1712016609250000
33.55,1712016609500000
33.55,1712016609750000
33.59,1712016610000000
33.59,1712016610250000
33.59,1712016610500000
33.59,1712016610750000
33.57,1712016611000000
33.57,1712016611250000
33.57,1712016611500000
33.57,1712016611750000
33.57,1712016612000000
33.57,1712016612250000
33.57,1712016612500000
33.57,1712016612750000
33.59,1712016613000000
33.59,1712016613250000
33.59,1712016613500000
33.59,1712016613750000
33.59,1712016614000000
33.59,1712016614250000
33.59,1712016614500000
33.59,1712016614750000
33.59,1712016615000000
33.59,1712016615250000
33.59,1712016615500000
33.59,1712016615750000
33.59,1712016616000000
33.59,1712016616250000
33.59,1712016616500000
33.59,1712016616750000
33.59,1712016617000000
33.59,1712016617250000
33.59,1712016617500000
33.59,1712016617750000
33.61,1712016618000000
33.61,1712016618250000
33.61,1712016618500000
33.61,1712016618750000
33.59,1712016619000000
33.59,1712016619250000
33.59,1712016619500000
33.59,1712016619750000
33.63,1712016620000000
33.63,1712016620250000
33.63,1712016620500000
33.63,1712016620750000
33.63,1712016621000000
33.63,1712016621250000
33.63,1712016621500000
33.63,1712016621750000
33.63,1712016622000000
33.63,1712016622250000
33.63,1712016622500000
33.63,1712016622750000
33.61,1712016623000000
33.61,1712016623250000
33.61,1712016623500000
33.61,1712016623750000
33.63,1712016624000000
33.63,1712016624250000
33.63,1712016624500000
33.63,1712016624750000
33.66,1712016625000000
33.66,1712016625250000
33.66,1712016625500000
33.66,1712016625750000
33.63,1712016626000000
33.63,1712016626250000
33.63,1712016626500000
33.63,1712016626750000
33.68,1712016627000000
33.68,1712016627250000
33.68,1712016627500000
33.68,1712016627750000
33.68,1712016628000000
33.68,1712016628250000
33.68,1712016628500000
33.68,1712016628750000
33.71,1712016629000000
33.71,1712016629250000
33.71,1712016629500000
33.71,1712016629750000
33.71,1712016630000000
33.71,1712016630250000
33.71,1712016630500000
33.71,1712016630750000
33.73,1712016631000000
33.73,1712016631250000
33.73,1712016631500000
33.73,1712016631750000
33.75,1712016632000000
33.75,1712016632250000
33.75,1712016632500000
33.75,1712016632750000
33.77,1712016633000000
33.77,1712016633250000
33.77,1712016633500000
33.77,1712016633750000
33.79,1712016634000000
33.79,1712016634250000
33.79,1712016634500000
33.79,1712016634750000
33.79,1712016635000000
33.79,1712016635250000
33.79,1712016635500000
33.79,1712016635750000
33.81,1712016636000000
33.81,1712016636250000
33.81,1712016636500000
33.81,1712016636750000
33.81,1712016637000000
33.81,1712016637250000
33.81,1712016637500000
33.81,1712016637750000
33.81,1712016638000000
33.81,1712016638250000
33.81,1712016638500000
33.81,1712016638750000
33.81,1712016639000000
33.81,1712016639250000
33.81,1712016639500000
33.81,1712016639750000
33.81,1712016640000000
33.81,1712016640250000
33.81,1712016640500000
33.81,1712016640750000
33.81,1712016641000000
33.81,1712016641250000
33.81,1712016641500000
33.81,1712016641750000
33.81,1712016642000000
33.81,1712016642250000
33.81,1712016642500000
33.81,1712016642750000
33.79,1712016643000000
33.79,1712016643250000
33.79,1712016643500000
33.79,1712016643750000
33.81,1712016644000000
33.81,1712016644250000
33.81,1712016644500000
33.81,1712016644750000
33.77,1712016645000000
33.77,1712016645250000
33.77,1712016645500000
33.77,1712016645750000
33.79,1712016646000000
33.79,1712016646250000
33.79,1712016646500000
33.79,1712016646750000
33.79,1712016647000000
33.79,1712016647250000
33.79,1712016647500000
33.79,1712016647750000
33.81,1712016648000000
33.81,1712016648250000
33.81,1712016648500000
33.81,1712016648750000
33.79,1712016649000000
33.79,1712016649250000
33.79,1712016649500000
33.79,1712016649750000
33.79,1712016650000000
33.79,1712016650250000
33.79,1712016650500000
33.79,1712016650750000
33.79,1712016651000000
33.79,1712016651250000
33.79,1712016651500000
33.79,1712016651750000
33.81,1712016652000000
33.81,1712016652250000
33.81,1712016652500000
33.81,1712016652750000
33.79,1712016653000000
33.79,1712016653250000
33.79,1712016653500000
33.79,1712016653750000
33.83,1712016654000000
33.83,1712016654250000
33.83,1712016654500000
33.83,1712016654750000
33.83,1712016655000000
33.83,1712016655250000
33.83,1712016655500000
33.83,1712016655750000
33.83,1712016656000000
33.83,1712016656250000
33.83,1712016656500000
33.83,1712016656750000
33.84,1712016657000000
33.84,1712016657250000
33.84,1712016657500000
33.84,1712016657750000
33.84,1712016658000000
33.84,1712016658250000
33.84,1712016658500000
33.84,1712016658750000
33.87,1712016659000000
33.87,1712016659250000
33.87,1712016659500000
33.87,1712016659750000
33.87,1712016660000000
33.87,1712016660250000
33.87,1712016660500000
33.87,1712016660750000
33.87,1712016661000000
33.87,1712016661250000
33.87,1712016661500000
33.87,1712016661750000
33.89,1712016662000000
33.89,1712016662250000
33.89,1712016662500000
33.89,1712016662750000
33.91,1712016663000000
33.91,1712016663250000
33.91,1712016663500000
33.91,1712016663750000
33.91,1712016664000000
33.91,1712016664250000
33.91,1712016664500000
33.91,1712016664750000
33.91,1712016665000000
33.91,1712016665250000
33.91,1712016665500000
33.91,1712016665750000
33.95,1712016666000000
33.95,1712016666250000
33.95,1712016666500000
33.95,1712016666750000
33.95,1712016667000000
33.95,1712016667250000
33.95,1712016667500000
33.95,1712016667750000
33.97,1712016668000000
33.97,1712016668250000
33.97,1712016668500000
33.97,1712016668750000
33.97,1712016669000000
33.97,1712016669250000
33.97,1712016669500000
33.97,1712016669750000
33.97,1712016670000000
33.97,1712016670250000
33.97,1712016670500000
33.97,1712016670750000
33.99,1712016671000000
33.99,1712016671250000
33.99,1712016671500000
33.99,1712016671750000
34.0,1712016672000000
34.0,1712016672250000
34.0,1712016672500000
34.0,1712016672750000
34.0,1712016673000000
34.0,1712016673250000
34.0,1712016673500000
34.0,1712016673750000
34.03,1712016674000000
34.03,1712016674250000
34.03,1712016674500000
34.03,1712016674750000
34.05,1712016675000000
34.05,1712016675250000
34.05,1712016675500000
34.05,1712016675750000
34.05,1712016676000000
34.05,1712016676250000
34.05,1712016676500000
34.05,1712016676750000
34.09,1712016677000000
34.09,1712016677250000
34.09,1712016677500000
34.09,1712016677750000
34.07,1712016678000000
34.07,1712016678250000
34.07,1712016678500000
34.07,1712016678750000
34.09,1712016679000000
34.09,1712016679250000
34.09,1712016679500000
34.09,1712016679750000
34.09,1712016680000000
34.09,1712016680250000
34.09,1712016680500000
34.09,1712016680750000
34.11,1712016681000000
34.11,1712016681250000
34.11,1712016681500000
34.11,1712016681750000
34.11,1712016682000000
34.11,1712016682250000
34.11,1712016682500000
34.11,1712016682750000
34.13,1712016683000000
34.13,1712016683250000
34.13,1712016683500000
34.13,1712016683750000
34.13,1712016684000000
34.13,1712016684250000
34.13,1712016684500000
34.13,1712016684750000
34.15,1712016685000000
34.15,1712016685250000
34.15,1712016685500000
34.15,1712016685750000
34.16,1712016686000000
34.16,1712016686250000
34.16,1712016686500000
34.16,1712016686750000
34.15,1712016687000000
34.15,1712016687250000
34.15,1712016687500000
34.15,1712016687750000
34.15,1712016688000000
34.15,1712016688250000
34.15,1712016688500000
34.15,1712016688750000
34.16,1712016689000000
34.16,1712016689250000
34.16,1712016689500000
34.16,1712016689750000
34.16,1712016690000000
34.16,1712016690250000
34.16,1712016690500000
34.16,1712016690750000
34.16,1712016691000000
34.16,1712016691250000
34.16,1712016691500000
34.16,1712016691750000
34.21,1712016692000000
34.21,1712016692250000
34.21,1712016692500000
34.21,1712016692750000
34.18,1712016693000000
34.18,1712016693250000
34.18,1712016693500000
34.18,1712016693750000
34.18,1712016694000000
34.18,1712016694250000
34.18,1712016694500000
34.18,1712016694750000
34.18,1712016695000000
34.18,1712016695250000
34.18,1712016695500000
34.18,1712016695750000
34.18,1712016696000000
34.18,1712016696250000
34.18,1712016696500000
34.18,1712016696750000
34.21,1712016697000000
34.21,1712016697250000
34.21,1712016697500000
34.21,1712016697750000
34.21,1712016698000000
34.21,1712016698250000
34.21,1712016698500000
34.21,1712016698750000
34.21,1712016699000000
34.21,1712016699250000
34.21,1712016699500000
34.21,1712016699750000
34.21,1712016700000000
34.21,1712016700250000
34.21,1712016700500000
34.21,1712016700750000
34.23,1712016701000000
34.23,1712016701250000
34.23,1712016701500000
34.23,1712016701750000
34.25,1712016702000000
34.25,1712016702250000
34.25,1712016702500000
34.25,1712016702750000
34.27,1712016703000000
34.27,1712016703250000
34.27,1712016703500000
34.27,1712016703750000
34.27,1712016704000000
34.27,1712016704250000
34.27,1712016704500000
34.27,1712016704750000
34.27,1712016705000000
34.27,1712016705250000
34.27,1712016705500000
34.27,1712016705750000
34.29,1712016706000000
34.29,1712016706250000
34.29,1712016706500000
34.29,1712016706750000
34.27,1712016707000000
34.27,1712016707250000
34.27,1712016707500000
34.27,1712016707750000
34.29,1712016708000000
34.29,1712016708250000
34.29,1712016708500000
34.29,1712016708750000
34.29,1712016709000000
34.29,1712016709250000
34.29,1712016709500000
34.29,1712016709750000
34.33,1712016710000000
34.33,1712016710250000
34.33,1712016710500000
34.33,1712016710750000
34.33,1712016711000000
34.33,1712016711250000
34.33,1712016711500000
34.33,1712016711750000
34.31,1712016712000000
34.31,1712016712250000
34.31,1712016712500000
34.31,1712016712750000
34.33,1712016713000000
34.33,1712016713250000
34.33,1712016713500000
34.33,1712016713750000
34.33,1712016714000000
34.33,1712016714250000
34.33,1712016714500000
34.33,1712016714750000
34.33,1712016715000000
34.33,1712016715250000
34.33,1712016715500000
34.33,1712016715750000
34.34,1712016716000000
34.34,1712016716250000
34.34,1712016716500000
34.34,1712016716750000
34.34,1712016717000000
34.34,1712016717250000
34.34,1712016717500000
34.34,1712016717750000
34.37,1712016718000000
34.37,1712016718250000
34.37,1712016718500000
34.37,1712016718750000
34.37,1712016719000000
34.37,1712016719250000
34.37,1712016719500000
34.37,1712016719750000
34.39,1712016720000000
34.39,1712016720250000
34.39,1712016720500000
34.39,1712016720750000
34.39,1712016721000000
34.39,1712016721250000
34.39,1712016721500000
34.39,1712016721750000
34.39,1712016722000000
34.39,1712016722250000
34.39,1712016722500000
34.39,1712016722750000
34.41,1712016723000000
34.41,1712016723250000
34.41,1712016723500000
34.41,1712016723750000
34.43,1712016724000000
34.43,1712016724250000
34.43,1712016724500000
34.43,1712016724750000
34.45,1712016725000000
34.45,1712016725250000
34.45,1712016725500000
34.45,1712016725750000
34.43,1712016726000000
34.43,1712016726250000
34.43,1712016726500000
34.43,1712016726750000
34.45,1712016727000000
34.45,1712016727250000
34.45,1712016727500000
34.45,1712016727750000
34.45,1712016728000000
34.45,1712016728250000
34.45,1712016728500000
34.45,1712016728750000
34.45,1712016729000000
34.45,1712016729250000
34.45,1712016729500000
34.45,1712016729750000
34.47,1712016730000000
34.47,1712016730250000
34.47,1712016730500000
34.47,1712016730750000
34.47,1712016731000000
34.47,1712016731250000
34.47,1712016731500000
34.47,1712016731750000
34.49,1712016732000000
34.49,1712016732250000
34.49,1712016732500000
34.49,1712016732750000
34.5,1712016733000000
34.5,1712016733250000
34.5,1712016733500000
34.5,1712016733750000
34.5,1712016734000000
34.5,1712016734250000
34.5,1712016734500000
34.5,1712016734750000
34.5,1712016735000000
34.5,1712016735250000
34.5,1712016735500000
34.5,1712016735750000
34.55,1712016736000000
34.55,1712016736250000
34.55,1712016736500000
34.55,1712016736750000
34.55,1712016737000000
34.55,1712016737250000
34.55,1712016737500000
34.55,1712016737750000
34.55,1712016738000000
34.55,1712016738250000
34.55,1712016738500000
34.55,1712016738750000
34.55,1712016739000000
34.55,1712016739250000
34.55,1712016739500000
34.55,1712016739750000
34.53,1712016740000000
34.53,1712016740250000
34.53,1712016740500000
34.53,1712016740750000
34.53,1712016741000000
34.53,1712016741250000
34.53,1712016741500000
34.53,1712016741750000
34.53,1712016742000000
34.53,1712016742250000
34.53,1712016742500000
34.53,1712016742750000
34.55,1712016743000000
34.55,1712016743250000
34.55,1712016743500000
34.55,1712016743750000
34.53,1712016744000000
34.53,1712016744250000
34.53,1712016744500000
34.53,1712016744750000
34.5,1712016745000000
34.5,1712016745250000
34.5,1712016745500000
34.5,1712016745750000
34.5,1712016746000000
34.5,1712016746250000
34.5,1712016746500000
34.5,1712016746750000
34.49,1712016747000000
34.49,1712016747250000
34.49,1712016747500000
34.49,1712016747750000
34.49,1712016748000000
34.49,1712016748250000
34.49,1712016748500000
34.49,1712016748750000
34.47,1712016749000000
34.47,1712016749250000
34.47,1712016749500000
34.47,1712016749750000
34.47,1712016750000000
34.47,1712016750250000
34.47,1712016750500000
34.47,1712016750750000
34.45,1712016751000000
34.45,1712016751250000
34.45,1712016751500000
34.45,1712016751750000
34.45,1712016752000000
34.45,1712016752250000
34.45,1712016752500000
34.45,1712016752750000
34.47,1712016753000000
34.47,1712016753250000
34.47,1712016753500000
34.47,1712016753750000
34.47,1712016754000000
34.47,1712016754250000
34.47,1712016754500000
34.47,1712016754750000
34.45,1712016755000000
34.45,1712016755250000
34.45,1712016755500000
34.45,1712016755750000
34.47,1712016756000000
34.47,1712016756250000
34.47,1712016756500000
34.47,1712016756750000
34.47,1712016757000000
34.47,1712016757250000
34.47,1712016757500000
34.47,1712016757750000
34.45,1712016758000000
34.45,1712016758250000
34.45,1712016758500000
34.45,1712016758750000
34.47,1712016759000000
34.47,1712016759250000
34.47,1712016759500000
34.47,1712016759750000
34.47,1712016760000000
34.47,1712016760250000
34.47,1712016760500000
34.47,1712016760750000
34.47,1712016761000000
34.47,1712016761250000
34.47,1712016761500000
34.47,1712016761750000
34.49,1712016762000000
34.49,1712016762250000
34.49,1712016762500000
34.49,1712016762750000
34.47,1712016763000000
34.47,1712016763250000
34.47,1712016763500000
34.47,1712016763750000
34.49,1712016764000000
34.49,1712016764250000
34.49,1712016764500000
34.49,1712016764750000
34.5,1712016765000000
34.5,1712016765250000
34.5,1712016765500000
34.5,1712016765750000
34.49,1712016766000000
34.49,1712016766250000
34.49,1712016766500000
34.49,1712016766750000
34.5,1712016767000000
34.5,1712016767250000
34.5,1712016767500000
34.5,1712016767750000
34.53,1712016768000000
34.53,1712016768250000
34.53,1712016768500000
34.53,1712016768750000
34.5,1712016769000000
34.5,1712016769250000
34.5,1712016769500000
34.5,1712016769750000
34.53,1712016770000000
34.53,1712016770250000
34.53,1712016770500000
34.53,1712016770750000
34.5,1712016771000000
34.5,1712016771250000
34.5,1712016771500000
34.5,1712016771750000
34.53,1712016772000000
34.53,1712016772250000
34.53,1712016772500000
34.53,1712016772750000
34.55,1712016773000000
34.55,1712016773250000
34.55,1712016773500000
34.55,1712016773750000
34.55,1712016774000000
34.55,1712016774250000
34.55,1712016774500000
34.55,1712016774750000
34.55,1712016775000000
34.55,1712016775250000
34.55,1712016775500000
34.55,1712016775750000
34.53,1712016776000000
34.53,1712016776250000
34.53,1712016776500000
34.53,1712016776750000
34.57,1712016777000000
34.57,1712016777250000
34.57,1712016777500000
34.57,1712016777750000
34.57,1712016778000000
34.57,1712016778250000
34.57,1712016778500000
34.57,1712016778750000
34.57,1712016779000000
34.57,1712016779250000
34.57,1712016779500000
34.57,1712016779750000
34.59,1712016780000000
34.59,1712016780250000
34.59,1712016780500000
34.59,1712016780750000
34.59,1712016781000000
34.59,1712016781250000
34.59,1712016781500000
34.59,1712016781750000
34.59,1712016782000000
34.59,1712016782250000
34.59,1712016782500000
34.59,1712016782750000
34.59,1712016783000000
34.59,1712016783250000
34.59,1712016783500000
34.59,1712016783750000
34.63,1712016784000000
34.63,1712016784250000
34.63,1712016784500000
34.63,1712016784750000
34.63,1712016785000000
34.63,1712016785250000
34.63,1712016785500000
34.63,1712016785750000
34.63,1712016786000000
34.63,1712016786250000
34.63,1712016786500000
34.63,1712016786750000
34.63,1712016787000000
34.63,1712016787250000
34.63,1712016787500000
34.63,1712016787750000
34.63,1712016788000000
34.63,1712016788250000
34.63,1712016788500000
34.63,1712016788750000
34.65,1712016789000000
34.65,1712016789250000
34.65,1712016789500000
34.65,1712016789750000
34.66,1712016790000000
34.66,1712016790250000
34.66,1712016790500000
34.66,1712016790750000
34.66,1712016791000000
34.66,1712016791250000
34.66,1712016791500000
34.66,1712016791750000
34.66,1712016792000000
34.66,1712016792250000
34.66,1712016792500000
34.66,1712016792750000
34.66,1712016793000000
34.66,1712016793250000
34.66,1712016793500000
34.66,1712016793750000
34.66,1712016794000000
34.66,1712016794250000
34.66,1712016794500000
34.66,1712016794750000
34.68,1712016795000000
34.68,1712016795250000
34.68,1712016795500000
34.68,1712016795750000
34.68,1712016796000000
34.68,1712016796250000
34.68,1712016796500000
34.68,1712016796750000
34.68,1712016797000000
34.68,1712016797250000
34.68,1712016797500000
34.68,1712016797750000
34.71,1712016798000000
34.71,1712016798250000
34.71,1712016798500000
34.71,1712016798750000
34.71,1712016799000000
34.71,1712016799250000
34.71,1712016799500000
34.71,1712016799750000
34.68,1712016800000000
34.68,1712016800250000
34.68,1712016800500000
34.68,1712016800750000
34.68,1712016801000000
34.68,1712016801250000
34.68,1712016801500000
34.68,1712016801750000
34.73,1712016802000000
34.73,1712016802250000
34.73,1712016802500000
34.73,1712016802750000
34.73,1712016803000000
34.73,1712016803250000
34.73,1712016803500000
34.73,1712016803750000
34.73,1712016804000000
34.73,1712016804250000
34.73,1712016804500000
34.73,1712016804750000
34.75,1712016805000000
34.75,1712016805250000
34.75,1712016805500000
34.75,1712016805750000
34.75,1712016806000000
34.75,1712016806250000
34.75,1712016806500000
34.75,1712016806750000
34.75,1712016807000000
34.75,1712016807250000
34.75,1712016807500000
34.75,1712016807750000
34.79,1712016808000000
34.79,1712016808250000
34.79,1712016808500000
34.79,1712016808750000
34.77,1712016809000000
34.77,1712016809250000
34.77,1712016809500000
34.77,1712016809750000
34.79,1712016810000000
34.79,1712016810250000
34.79,1712016810500000
34.79,1712016810750000
34.79,1712016811000000
34.79,1712016811250000
34.79,1712016811500000
34.79,1712016811750000
34.79,1712016812000000
34.79,1712016812250000
34.79,1712016812500000
34.79,1712016812750000
34.81,1712016813000000
34.81,1712016813250000
34.81,1712016813500000
34.81,1712016813750000
34.83,1712016814000000
34.83,1712016814250000
34.83,1712016814500000
34.83,1712016814750000
34.81,1712016815000000
34.81,1712016815250000
34.81,1712016815500000
34.81,1712016815750000
34.81,1712016816000000
34.81,1712016816250000
34.81,1712016816500000
34.81,1712016816750000
34.81,1712016817000000
34.81,1712016817250000
34.81,1712016817500000
34.81,1712016817750000
34.81,1712016818000000
34.81,1712016818250000
34.81,1712016818500000
34.81,1712016818750000
34.77,1712016819000000
34.77,1712016819250000
34.77,1712016819500000
34.77,1712016819750000
34.77,1712016820000000
34.77,1712016820250000
34.77,1712016820500000
34.77,1712016820750000
34.77,1712016821000000
34.77,1712016821250000
34.77,1712016821500000
34.77,1712016821750000
34.75,1712016822000000
34.75,1712016822250000
34.75,1712016822500000
34.75,1712016822750000
34.75,1712016823000000
34.75,1712016823250000
34.75,1712016823500000
34.75,1712016823750000
34.73,1712016824000000
34.73,1712016824250000
34.73,1712016824500000
34.73,1712016824750000
34.75,1712016825000000
34.75,1712016825250000
34.75,1712016825500000
34.75,1712016825750000
34.75,1712016826000000
34.75,1712016826250000
34.75,1712016826500000
34.75,1712016826750000
34.75,1712016827000000
34.75,1712016827250000
34.75,1712016827500000
34.75,1712016827750000
34.73,1712016828000000
34.73,1712016828250000
34.73,1712016828500000
34.73,1712016828750000
34.73,1712016829000000
34.73,1712016829250000
34.73,1712016829500000
34.73,1712016829750000
34.71,1712016830000000
34.71,1712016830250000
34.71,1712016830500000
34.71,1712016830750000
34.71,1712016831000000
34.71,1712016831250000
34.71,1712016831500000
34.71,1712016831750000
34.71,1712016832000000
34.71,1712016832250000
34.71,1712016832500000
34.71,1712016832750000
34.71,1712016833000000
34.71,1712016833250000
34.71,1712016833500000
34.71,1712016833750000
34.71,1712016834000000
34.71,1712016834250000
34.71,1712016834500000
34.71,1712016834750000
34.71,1712016835000000
34.71,1712016835250000
34.71,1712016835500000
34.71,1712016835750000
34.71,1712016836000000
34.71,1712016836250000
34.71,1712016836500000
34.71,1712016836750000
34.71,1712016837000000
34.71,1712016837250000
34.71,1712016837500000
34.71,1712016837750000
34.71,1712016838000000
34.71,1712016838250000
34.71,1712016838500000
34.71,1712016838750000
34.71,1712016839000000
34.71,1712016839250000
34.71,1712016839500000
34.71,1712016839750000
34.68,1712016840000000
34.68,1712016840250000
34.68,1712016840500000
34.68,1712016840750000
34.71,1712016841000000
34.71,1712016841250000
34.71,1712016841500000
34.71,1712016841750000
34.71,1712016842000000
34.71,1712016842250000
34.71,1712016842500000
34.71,1712016842750000
34.71,1712016843000000
34.71,1712016843250000
34.71,1712016843500000
34.71,1712016843750000
34.71,1712016844000000
34.71,1712016844250000
34.71,1712016844500000
34.71,1712016844750000
34.71,1712016845000000
34.71,1712016845250000
34.71,1712016845500000
34.71,1712016845750000
34.73,1712016846000000
34.73,1712016846250000
34.73,1712016846500000
34.73,1712016846750000
34.73,1712016847000000
34.73,1712016847250000
34.73,1712016847500000
34.73,1712016847750000
34.73,1712016848000000
34.73,1712016848250000
34.73,1712016848500000
34.73,1712016848750000
34.73,1712016849000000
34.73,1712016849250000
34.73,1712016849500000
34.73,1712016849750000
34.75,1712016850000000
34.75,1712016850250000
34.75,1712016850500000
34.75,1712016850750000
34.75,1712016851000000
34.75,1712016851250000
34.75,1712016851500000
34.75,1712016851750000
34.75,1712016852000000
34.75,1712016852250000
34.75,1712016852500000
34.75,1712016852750000
34.73,1712016853000000
34.73,1712016853250000
34.73,1712016853500000
34.73,1712016853750000
34.75,1712016854000000
34.75,1712016854250000
34.75,1712016854500000
34.75,1712016854750000
34.77,1712016855000000
34.77,1712016855250000
34.77,1712016855500000
34.77,1712016855750000
34.75,1712016856000000
34.75,1712016856250000
34.75,1712016856500000
34.75,1712016856750000
34.77,1712016857000000
34.77,1712016857250000
34.77,1712016857500000
34.77,1712016857750000
34.79,1712016858000000
34.79,1712016858250000
34.79,1712016858500000
34.79,1712016858750000
34.79,1712016859000000
34.79,1712016859250000
34.79,1712016859500000
34.79,1712016859750000
34.79,1712016860000000
34.79,1712016860250000
34.79,1712016860500000
34.79,1712016860750000
34.79,1712016861000000
34.79,1712016861250000
34.79,1712016861500000
34.79,1712016861750000
34.79,1712016862000000
34.79,1712016862250000
34.79,1712016862500000
34.79,1712016862750000
34.77,1712016863000000
34.77,1712016863250000
34.77,1712016863500000
34.77,1712016863750000
34.81,1712016864000000
34.81,1712016864250000
34.81,1712016864500000
34.81,1712016864750000
34.81,1712016865000000
34.81,1712016865250000
34.81,1712016865500000
34.81,1712016865750000
34.81,1712016866000000
34.81,1712016866250000
34.81,1712016866500000
34.81,1712016866750000
34.79,1712016867000000
34.79,1712016867250000
34.79,1712016867500000
34.79,1712016867750000
34.81,1712016868000000
34.81,1712016868250000
34.81,1712016868500000
34.81,1712016868750000
34.83,1712016869000000
34.83,1712016869250000
34.83,1712016869500000
34.83,1712016869750000
34.83,1712016870000000
34.83,1712016870250000
34.83,1712016870500000
34.83,1712016870750000
34.83,1712016871000000
34.83,1712016871250000
34.83,1712016871500000
34.83,1712016871750000
34.83,1712016872000000
34.83,1712016872250000
34.83,1712016872500000
34.83,1712016872750000
34.83,1712016873000000
34.83,1712016873250000
34.83,1712016873500000
34.83,1712016873750000
34.83,1712016874000000
34.83,1712016874250000
34.83,1712016874500000
34.83,1712016874750000
34.87,1712016875000000
34.87,1712016875250000
34.87,1712016875500000
34.87,1712016875750000
34.84,1712016876000000
34.84,1712016876250000
34.84,1712016876500000
34.84,1712016876750000
34.84,1712016877000000
34.84,1712016877250000
34.84,1712016877500000
34.84,1712016877750000
34.84,1712016878000000
34.84,1712016878250000
34.84,1712016878500000
34.84,1712016878750000
34.84,1712016879000000
34.84,1712016879250000
34.84,1712016879500000
34.84,1712016879750000
34.84,1712016880000000
34.84,1712016880250000
34.84,1712016880500000
34.84,1712016880750000
34.84,1712016881000000
34.84,1712016881250000
34.84,1712016881500000
34.84,1712016881750000
34.84,1712016882000000
34.84,1712016882250000
34.84,1712016882500000
34.84,1712016882750000
34.87,1712016883000000
34.87,1712016883250000
34.87,1712016883500000
34.87,1712016883750000
34.84,1712016884000000
34.84,1712016884250000
34.84,1712016884500000
34.84,1712016884750000
34.87,1712016885000000
34.87,1712016885250000
34.87,1712016885500000
34.87,1712016885750000
34.87,1712016886000000
34.87,1712016886250000
34.87,1712016886500000
34.87,1712016886750000
34.87,1712016887000000
34.87,1712016887250000
34.87,1712016887500000
34.87,1712016887750000
34.87,1712016888000000
34.87,1712016888250000
34.87,1712016888500000
34.87,1712016888750000
34.89,1712016889000000
34.89,1712016889250000
34.89,1712016889500000
34.89,1712016889750000
34.89,1712016890000000
34.89,1712016890250000
34.89,1712016890500000
34.89,1712016890750000
34.89,1712016891000000
34.89,1712016891250000
34.89,1712016891500000
34.89,1712016891750000
34.89,1712016892000000
34.89,1712016892250000
34.89,1712016892500000
34.89,1712016892750000
34.89,1712016893000000
34.89,1712016893250000
34.89,1712016893500000
34.89,1712016893750000
34.93,1712016894000000
34.93,1712016894250000
34.93,1712016894500000
34.93,1712016894750000
34.93,1712016895000000
34.93,1712016895250000
34.93,1712016895500000
34.93,1712016895750000
34.93,1712016896000000
34.93,1712016896250000
34.93,1712016896500000
34.93,1712016896750000
34.91,1712016897000000
34.91,1712016897250000
34.91,1712016897500000
34.91,1712016897750000
34.95,1712016898000000
34.95,1712016898250000
34.95,1712016898500000
34.95,1712016898750000
34.95,1712016899000000
34.95,1712016899250000
34.95,1712016899500000
34.95,1712016899750000
34.95,1712016900000000
34.95,1712016900250000
34.95,1712016900500000
34.95,1712016900750000
34.95,1712016901000000
34.95,1712016901250000
34.95,1712016901500000
34.95,1712016901750000
34.95,1712016902000000
34.95,1712016902250000
34.95,1712016902500000
34.95,1712016902750000
34.95,1712016903000000
34.95,1712016903250000
34.95,1712016903500000
34.95,1712016903750000
34.97,1712016904000000
34.97,1712016904250000
34.97,1712016904500000
34.97,1712016904750000
34.95,1712016905000000
34.95,1712016905250000
34.95,1712016905500000
34.95,1712016905750000
34.97,1712016906000000
34.97,1712016906250000
34.97,1712016906500000
34.97,1712016906750000
34.99,1712016907000000
34.99,1712016907250000
34.99,1712016907500000
34.99,1712016907750000
34.97,1712016908000000
34.97,1712016908250000
34.97,1712016908500000
34.97,1712016908750000
34.99,1712016909000000
34.99,1712016909250000
34.99,1712016909500000
34.99,1712016909750000
34.99,1712016910000000
34.99,1712016910250000
34.99,1712016910500000
34.99,1712016910750000
34.99,1712016911000000
34.99,1712016911250000
34.99,1712016911500000
34.99,1712016911750000
34.99,1712016912000000
34.99,1712016912250000
34.99,1712016912500000
34.99,1712016912750000
34.99,1712016913000000
34.99,1712016913250000
34.99,1712016913500000
34.99,1712016913750000
35.0,1712016914000000
35.0,1712016914250000
35.0,1712016914500000
35.0,1712016914750000
34.99,1712016915000000
34.99,1712016915250000
34.99,1712016915500000
34.99,1712016915750000
35.0,1712016916000000
35.0,1712016916250000
35.0,1712016916500000
35.0,1712016916750000
35.0,1712016917000000
35.0,1712016917250000
35.0,1712016917500000
35.0,1712016917750000
35.0,1712016918000000
35.0,1712016918250000
35.0,1712016918500000
35.0,1712016918750000
35.0,1712016919000000
35.0,1712016919250000
35.0,1712016919500000
35.0,1712016919750000
35.03,1712016920000000
35.03,1712016920250000
35.03,1712016920500000
35.03,1712016920750000
35.03,1712016921000000
35.03,1712016921250000
35.03,1712016921500000
35.03,1712016921750000
35.03,1712016922000000
35.03,1712016922250000
35.03,1712016922500000
35.03,1712016922750000
35.03,1712016923000000
35.03,1712016923250000
35.03,1712016923500000
35.03,1712016923750000
35.03,1712016924000000
35.03,1712016924250000
35.03,1712016924500000
35.03,1712016924750000
35.03,1712016925000000
35.03,1712016925250000
35.03,1712016925500000
35.03,1712016925750000
35.05,1712016926000000
35.05,1712016926250000
35.05,1712016926500000
35.05,1712016926750000
35.03,1712016927000000
35.03,1712016927250000
35.03,1712016927500000
35.03,1712016927750000
35.05,1712016928000000
35.05,1712016928250000
35.05,1712016928500000
35.05,1712016928750000
35.05,1712016929000000
35.05,1712016929250000
35.05,1712016929500000
35.05,1712016929750000
35.03,1712016930000000
35.03,1712016930250000
35.03,1712016930500000
35.03,1712016930750000
35.05,1712016931000000
35.05,1712016931250000
35.05,1712016931500000
35.05,1712016931750000
35.07,1712016932000000
35.07,1712016932250000
35.07,1712016932500000
35.07,1712016932750000
35.05,1712016933000000
35.05,1712016933250000
35.05,1712016933500000
35.05,1712016933750000
35.07,1712016934000000
35.07,1712016934250000
35.07,1712016934500000
35.07,1712016934750000
35.05,1712016935000000
35.05,1712016935250000
35.05,1712016935500000
35.05,1712016935750000
35.07,1712016936000000
35.07,1712016936250000
35.07,1712016936500000
35.07,1712016936750000
35.07,1712016937000000
35.07,1712016937250000
35.07,1712016937500000
35.07,1712016937750000
35.07,1712016938000000
35.07,1712016938250000
35.07,1712016938500000
35.07,1712016938750000
35.09,1712016939000000
35.09,1712016939250000
35.09,1712016939500000
35.09,1712016939750000
35.07,1712016940000000
35.07,1712016940250000
35.07,1712016940500000
35.07,1712016940750000
35.07,1712016941000000
35.07,1712016941250000
35.07,1712016941500000
35.07,1712016941750000
35.09,1712016942000000
35.09,1712016942250000
35.09,1712016942500000
35.09,1712016942750000
35.09,1712016943000000
35.09,1712016943250000
35.09,1712016943500000
35.09,1712016943750000
35.07,1712016944000000
35.07,1712016944250000
35.07,1712016944500000
35.07,1712016944750000
35.09,1712016945000000
35.09,1712016945250000
35.09,1712016945500000
35.09,1712016945750000
35.09,1712016946000000
35.09,1712016946250000
35.09,1712016946500000
35.09,1712016946750000
35.11,1712016947000000
35.11,1712016947250000
35.11,1712016947500000
35.11,1712016947750000
35.11,1712016948000000
35.11,1712016948250000
35.11,1712016948500000
35.11,1712016948750000
35.11,1712016949000000
35.11,1712016949250000
35.11,1712016949500000
35.11,1712016949750000
35.11,1712016950000000
35.11,1712016950250000
35.11,1712016950500000
35.11,1712016950750000
35.13,1712016951000000
35.13,1712016951250000
35.13,1712016951500000
35.13,1712016951750000
35.13,1712016952000000
35.13,1712016952250000
35.13,1712016952500000
35.13,1712016952750000
35.11,1712016953000000
35.11,1712016953250000
35.11,1712016953500000
35.11,1712016953750000
35.15,1712016954000000
35.15,1712016954250000
35.15,1712016954500000
35.15,1712016954750000
35.13,1712016955000000
35.13,1712016955250000
35.13,1712016955500000
35.13,1712016955750000
35.15,1712016956000000
35.15,1712016956250000
35.15,1712016956500000
35.15,1712016956750000
35.13,1712016957000000
35.13,1712016957250000
35.13,1712016957500000
35.13,1712016957750000
35.15,1712016958000000
35.15,1712016958250000
35.15,1712016958500000
35.15,1712016958750000
35.15,1712016959000000
35.15,1712016959250000
35.15,1712016959500000
35.15,1712016959750000
35.13,1712016960000000
35.13,1712016960250000
35.13,1712016960500000
35.13,1712016960750000
35.15,1712016961000000
35.15,1712016961250000
35.15,1712016961500000
35.15,1712016961750000
35.15,1712016962000000
35.15,1712016962250000
35.15,1712016962500000
35.15,1712016962750000
35.16,1712016963000000
35.16,1712016963250000
35.16,1712016963500000
35.16,1712016963750000
35.15,1712016964000000
35.15,1712016964250000
35.15,1712016964500000
35.15,1712016964750000
35.16,1712016965000000
35.16,1712016965250000
35.16,1712016965500000
35.16,1712016965750000
35.16,1712016966000000
35.16,1712016966250000
35.16,1712016966500000
35.16,1712016966750000
35.18,1712016967000000
35.18,1712016967250000
35.18,1712016967500000
35.18,1712016967750000
35.15,1712016968000000
35.15,1712016968250000
35.15,1712016968500000
35.15,1712016968750000
35.16,1712016969000000
35.16,1712016969250000
35.16,1712016969500000
35.16,1712016969750000
35.16,1712016970000000
35.16,1712016970250000
35.16,1712016970500000
35.16,1712016970750000
35.18,1712016971000000
35.18,1712016971250000
35.18,1712016971500000
35.18,1712016971750000
35.16,1712016972000000
35.16,1712016972250000
35.16,1712016972500000
35.16,1712016972750000
35.16,1712016973000000
35.16,1712016973250000
35.16,1712016973500000
35.16,1712016973750000
35.16,1712016974000000
35.16,1712016974250000
35.16,1712016974500000
35.16,1712016974750000
35.18,1712016975000000
35.18,1712016975250000
35.18,1712016975500000
35.18,1712016975750000
35.16,1712016976000000
35.16,1712016976250000
35.16,1712016976500000
35.16,1712016976750000
35.18,1712016977000000
35.18,1712016977250000
35.18,1712016977500000
35.18,1712016977750000
35.18,1712016978000000
35.18,1712016978250000
35.18,1712016978500000
35.18,1712016978750000
35.18,1712016979000000
35.18,1712016979250000
35.18,1712016979500000
35.18,1712016979750000
35.18,1712016980000000
35.18,1712016980250000
35.18,1712016980500000
35.18,1712016980750000
35.16,1712016981000000
35.16,1712016981250000
35.16,1712016981500000
35.16,1712016981750000
35.18,1712016982000000
35.18,1712016982250000
35.18,1712016982500000
35.18,1712016982750000
35.16,1712016983000000
35.16,1712016983250000
35.16,1712016983500000
35.16,1712016983750000
35.21,1712016984000000
35.21,1712016984250000
35.21,1712016984500000
35.21,1712016984750000
35.16,1712016985000000
35.16,1712016985250000
35.16,1712016985500000
35.16,1712016985750000
35.18,1712016986000000
35.18,1712016986250000
35.18,1712016986500000
35.18,1712016986750000
35.18,1712016987000000
35.18,1712016987250000
35.18,1712016987500000
35.18,1712016987750000
35.18,1712016988000000
35.18,1712016988250000
35.18,1712016988500000
35.18,1712016988750000
35.18,1712016989000000
35.18,1712016989250000
35.18,1712016989500000
35.18,1712016989750000
35.18,1712016990000000
35.18,1712016990250000
35.18,1712016990500000
35.18,1712016990750000
35.18,1712016991000000
35.18,1712016991250000
35.18,1712016991500000
35.18,1712016991750000
35.18,1712016992000000
35.18,1712016992250000
35.18,1712016992500000
35.18,1712016992750000
35.18,1712016993000000
35.18,1712016993250000
35.18,1712016993500000
35.18,1712016993750000
35.18,1712016994000000
35.18,1712016994250000
35.18,1712016994500000
35.18,1712016994750000
35.18,1712016995000000
35.18,1712016995250000
35.18,1712016995500000
35.18,1712016995750000
35.16,1712016996000000
35.16,1712016996250000
35.16,1712016996500000
35.16,1712016996750000
35.15,1712016997000000
35.15,1712016997250000
35.15,1712016997500000
35.15,1712016997750000
35.16,1712016998000000
35.16,1712016998250000
35.16,1712016998500000
35.16,1712016998750000
35.16,1712016999000000
35.16,1712016999250000
35.16,1712016999500000
35.16,1712016999750000
35.16,1712017000000000
35.16,1712017000250000
35.16,1712017000500000
35.16,1712017000750000
35.16,1712017001000000
35.16,1712017001250000
35.16,1712017001500000
35.16,1712017001750000
35.13,1712017002000000
35.13,1712017002250000
35.13,1712017002500000
35.13,1712017002750000
35.15,1712017003000000
35.15,1712017003250000
35.15,1712017003500000
35.15,1712017003750000
35.13,1712017004000000
35.13,1712017004250000
35.13,1712017004500000
35.13,1712017004750000
35.11,1712017005000000
35.11,1712017005250000
35.11,1712017005500000
35.11,1712017005750000
35.13,1712017006000000
35.13,1712017006250000
35.13,1712017006500000
35.13,1712017006750000
35.13,1712017007000000
35.13,1712017007250000
35.13,1712017007500000
35.13,1712017007750000
35.11,1712017008000000
35.11,1712017008250000
35.11,1712017008500000
35.11,1712017008750000
35.11,1712017009000000
35.11,1712017009250000
35.11,1712017009500000
35.11,1712017009750000
35.07,1712017010000000
35.07,1712017010250000
35.07,1712017010500000
35.07,1712017010750000
35.11,1712017011000000
35.11,1712017011250000
35.11,1712017011500000
35.11,1712017011750000
35.11,1712017012000000
35.11,1712017012250000
35.11,1712017012500000
35.11,1712017012750000
35.09,1712017013000000
35.09,1712017013250000
35.09,1712017013500000
35.09,1712017013750000
35.09,1712017014000000
35.09,1712017014250000
35.09,1712017014500000
35.09,1712017014750000
35.07,1712017015000000
35.07,1712017015250000
35.07,1712017015500000
35.07,1712017015750000
35.07,1712017016000000
35.07,1712017016250000
35.07,1712017016500000
35.07,1712017016750000
35.07,1712017017000000
35.07,1712017017250000
35.07,1712017017500000
35.07,1712017017750000
35.07,1712017018000000
35.07,1712017018250000
35.07,1712017018500000
35.07,1712017018750000
35.07,1712017019000000
35.07,1712017019250000
35.07,1712017019500000
35.07,1712017019750000
35.07,1712017020000000
35.07,1712017020250000
35.07,1712017020500000
35.07,1712017020750000
35.09,1712017021000000
35.09,1712017021250000
35.09,1712017021500000
35.09,1712017021750000
35.07,1712017022000000
35.07,1712017022250000
35.07,1712017022500000
35.07,1712017022750000
35.09,1712017023000000
35.09,1712017023250000
35.09,1712017023500000
35.09,1712017023750000
35.09,1712017024000000
35.09,1712017024250000
35.09,1712017024500000
35.09,1712017024750000
35.07,1712017025000000
35.07,1712017025250000
35.07,1712017025500000
35.07,1712017025750000
35.09,1712017026000000
35.09,1712017026250000
35.09,1712017026500000
35.09,1712017026750000
35.07,1712017027000000
35.07,1712017027250000
35.07,1712017027500000
35.07,1712017027750000
35.07,1712017028000000
35.07,1712017028250000
35.07,1712017028500000
35.07,1712017028750000
35.09,1712017029000000
35.09,1712017029250000
35.09,1712017029500000
35.09,1712017029750000
35.09,1712017030000000
35.09,1712017030250000
35.09,1712017030500000
35.09,1712017030750000
35.09,1712017031000000
35.09,1712017031250000
35.09,1712017031500000
35.09,1712017031750000
35.09,1712017032000000
35.09,1712017032250000
35.09,1712017032500000
35.09,1712017032750000
35.11,1712017033000000
35.11,1712017033250000
35.11,1712017033500000
35.11,1712017033750000
35.09,1712017034000000
35.09,1712017034250000
35.09,1712017034500000
35.09,1712017034750000
35.07,1712017035000000
35.07,1712017035250000
35.07,1712017035500000
35.07,1712017035750000
35.11,1712017036000000
35.11,1712017036250000
35.11,1712017036500000
35.11,1712017036750000
35.09,1712017037000000
35.09,1712017037250000
35.09,1712017037500000
35.09,1712017037750000
35.11,1712017038000000
35.11,1712017038250000
35.11,1712017038500000
35.11,1712017038750000
35.09,1712017039000000
35.09,1712017039250000
35.09,1712017039500000
35.09,1712017039750000
35.11,1712017040000000
35.11,1712017040250000
35.11,1712017040500000
35.11,1712017040750000
35.11,1712017041000000
35.11,1712017041250000
35.11,1712017041500000
35.11,1712017041750000
35.11,1712017042000000
35.11,1712017042250000
35.11,1712017042500000
35.11,1712017042750000
35.11,1712017043000000
35.11,1712017043250000
35.11,1712017043500000
35.11,1712017043750000
35.11,1712017044000000
35.11,1712017044250000
35.11,1712017044500000
35.11,1712017044750000
35.09,1712017045000000
35.09,1712017045250000
35.09,1712017045500000
35.09,1712017045750000
35.09,1712017046000000
35.09,1712017046250000
35.09,1712017046500000
35.09,1712017046750000
35.05,1712017047000000
35.05,1712017047250000
35.05,1712017047500000
35.05,1712017047750000
35.03,1712017048000000
35.03,1712017048250000
35.03,1712017048500000
35.03,1712017048750000
35.03,1712017049000000
35.03,1712017049250000
35.03,1712017049500000
35.03,1712017049750000
35.0,1712017050000000
35.0,1712017050250000
35.0,1712017050500000
35.0,1712017050750000
35.0,1712017051000000
35.0,1712017051250000
35.0,1712017051500000
35.0,1712017051750000
34.99,1712017052000000
34.99,1712017052250000
34.99,1712017052500000
34.99,1712017052750000
34.99,1712017053000000
34.99,1712017053250000
34.99,1712017053500000
34.99,1712017053750000
34.99,1712017054000000
34.99,1712017054250000
34.99,1712017054500000
34.99,1712017054750000
34.99,1712017055000000
34.99,1712017055250000
34.99,1712017055500000
34.99,1712017055750000
34.99,1712017056000000
34.99,1712017056250000
34.99,1712017056500000
34.99,1712017056750000
34.97,1712017057000000
34.97,1712017057250000
34.97,1712017057500000
34.97,1712017057750000
34.95,1712017058000000
34.95,1712017058250000
34.95,1712017058500000
34.95,1712017058750000
34.97,1712017059000000
34.97,1712017059250000
34.97,1712017059500000
34.97,1712017059750000
34.93,1712017060000000
34.93,1712017060250000
34.93,1712017060500000
34.93,1712017060750000
34.93,1712017061000000
34.93,1712017061250000
34.93,1712017061500000
34.93,1712017061750000
34.93,1712017062000000
34.93,1712017062250000
34.93,1712017062500000
34.93,1712017062750000
34.93,1712017063000000
34.93,1712017063250000
34.93,1712017063500000
34.93,1712017063750000
34.93,1712017064000000
34.93,1712017064250000
34.93,1712017064500000
34.93,1712017064750000
34.93,1712017065000000
34.93,1712017065250000
34.93,1712017065500000
34.93,1712017065750000
34.91,1712017066000000
34.91,1712017066250000
34.91,1712017066500000
34.91,1712017066750000
34.89,1712017067000000
34.89,1712017067250000
34.89,1712017067500000
34.89,1712017067750000
34.87,1712017068000000
34.87,1712017068250000
34.87,1712017068500000
34.87,1712017068750000
34.87,1712017069000000
34.87,1712017069250000
34.87,1712017069500000
34.87,1712017069750000
34.87,1712017070000000
34.87,1712017070250000
34.87,1712017070500000
34.87,1712017070750000
34.87,1712017071000000
34.87,1712017071250000
34.87,1712017071500000
34.87,1712017071750000
34.84,1712017072000000
34.84,1712017072250000
34.84,1712017072500000
34.84,1712017072750000
34.84,1712017073000000
34.84,1712017073250000
34.84,1712017073500000
34.84,1712017073750000
34.81,1712017074000000
34.81,1712017074250000
34.81,1712017074500000
34.81,1712017074750000
34.83,1712017075000000
34.83,1712017075250000
34.83,1712017075500000
34.83,1712017075750000
34.83,1712017076000000
34.83,1712017076250000
34.83,1712017076500000
34.83,1712017076750000
34.83,1712017077000000
34.83,1712017077250000
34.83,1712017077500000
34.83,1712017077750000
34.81,1712017078000000
34.81,1712017078250000
34.81,1712017078500000
34.81,1712017078750000
34.79,1712017079000000
34.79,1712017079250000
34.79,1712017079500000
34.79,1712017079750000
34.81,1712017080000000
34.81,1712017080250000
34.81,1712017080500000
34.81,1712017080750000
34.81,1712017081000000
34.81,1712017081250000
34.81,1712017081500000
34.81,1712017081750000
34.79,1712017082000000
34.79,1712017082250000
34.79,1712017082500000
34.79,1712017082750000
34.77,1712017083000000
34.77,1712017083250000
34.77,1712017083500000
34.77,1712017083750000
34.79,1712017084000000
34.79,1712017084250000
34.79,1712017084500000
34.79,1712017084750000
34.75,1712017085000000
34.75,1712017085250000
34.75,1712017085500000
34.75,1712017085750000
34.75,1712017086000000
34.75,1712017086250000
34.75,1712017086500000
34.75,1712017086750000
34.75,1712017087000000
34.75,1712017087250000
34.75,1712017087500000
34.75,1712017087750000
34.75,1712017088000000
34.75,1712017088250000
34.75,1712017088500000
34.75,1712017088750000
34.71,1712017089000000
34.71,1712017089250000
34.71,1712017089500000
34.71,1712017089750000
34.73,1712017090000000
34.73,1712017090250000
34.73,1712017090500000
34.73,1712017090750000
34.68,1712017091000000
34.68,1712017091250000
34.68,1712017091500000
34.68,1712017091750000
34.68,1712017092000000
34.68,1712017092250000
34.68,1712017092500000
34.68,1712017092750000
34.71,1712017093000000
34.71,1712017093250000
34.71,1712017093500000
34.71,1712017093750000
34.71,1712017094000000
34.71,1712017094250000
34.71,1712017094500000
34.71,1712017094750000
34.68,1712017095000000
34.68,1712017095250000
34.68,1712017095500000
34.68,1712017095750000
34.68,1712017096000000
34.68,1712017096250000
34.68,1712017096500000
34.68,1712017096750000
34.66,1712017097000000
34.66,1712017097250000
34.66,1712017097500000
34.66,1712017097750000
34.68,1712017098000000
34.68,1712017098250000
34.68,1712017098500000
34.68,1712017098750000
34.66,1712017099000000
34.66,1712017099250000
34.66,1712017099500000
34.66,1712017099750000
34.66,1712017100000000
34.66,1712017100250000
34.66,1712017100500000
34.66,1712017100750000
34.65,1712017101000000
34.65,1712017101250000
34.65,1712017101500000
34.65,1712017101750000
34.65,1712017102000000
34.65,1712017102250000
34.65,1712017102500000
34.65,1712017102750000
34.65,1712017103000000
34.65,1712017103250000
34.65,1712017103500000
34.65,1712017103750000
34.65,1712017104000000
34.65,1712017104250000
34.65,1712017104500000
34.65,1712017104750000
34.66,1712017105000000
34.66,1712017105250000
34.66,1712017105500000
34.66,1712017105750000
34.65,1712017106000000
34.65,1712017106250000
34.65,1712017106500000
34.65,1712017106750000
34.63,1712017107000000
34.63,1712017107250000
34.63,1712017107500000
34.63,1712017107750000
34.63,1712017108000000
34.63,1712017108250000
34.63,1712017108500000
34.63,1712017108750000
34.61,1712017109000000
34.61,1712017109250000
34.61,1712017109500000
34.61,1712017109750000
34.63,1712017110000000
34.63,1712017110250000
34.63,1712017110500000
34.63,1712017110750000
34.61,1712017111000000
34.61,1712017111250000
34.61,1712017111500000
34.61,1712017111750000
34.63,1712017112000000
34.63,1712017112250000
34.63,1712017112500000
34.63,1712017112750000
34.59,1712017113000000
34.59,1712017113250000
34.59,1712017113500000
34.59,1712017113750000
34.63,1712017114000000
34.63,1712017114250000
34.63,1712017114500000
34.63,1712017114750000
34.59,1712017115000000
34.59,1712017115250000
34.59,1712017115500000
34.59,1712017115750000
34.59,1712017116000000
34.59,1712017116250000
34.59,1712017116500000
34.59,1712017116750000
34.61,1712017117000000
34.61,1712017117250000
34.61,1712017117500000
34.61,1712017117750000
34.59,1712017118000000
34.59,1712017118250000
34.59,1712017118500000
34.59,1712017118750000
34.59,1712017119000000
34.59,1712017119250000
34.59,1712017119500000
34.59,1712017119750000
34.59,1712017120000000
34.59,1712017120250000
34.59,1712017120500000
34.59,1712017120750000
34.57,1712017121000000
34.57,1712017121250000
34.57,1712017121500000
34.57,1712017121750000
34.59,1712017122000000
34.59,1712017122250000
34.59,1712017122500000
34.59,1712017122750000
34.57,1712017123000000
34.57,1712017123250000
34.57,1712017123500000
34.57,1712017123750000
34.57,1712017124000000
34.57,1712017124250000
34.57,1712017124500000
34.57,1712017124750000
34.57,1712017125000000
34.57,1712017125250000
34.57,1712017125500000
34.57,1712017125750000
34.59,1712017126000000
34.59,1712017126250000
34.59,1712017126500000
34.59,1712017126750000
34.57,1712017127000000
34.57,1712017127250000
34.57,1712017127500000
34.57,1712017127750000
34.59,1712017128000000
34.59,1712017128250000
34.59,1712017128500000
34.59,1712017128750000
34.59,1712017129000000
34.59,1712017129250000
34.59,1712017129500000
34.59,1712017129750000
34.61,1712017130000000
34.61,1712017130250000
34.61,1712017130500000
34.61,1712017130750000
34.61,1712017131000000
34.61,1712017131250000
34.61,1712017131500000
34.61,1712017131750000
34.59,1712017132000000
34.59,1712017132250000
34.59,1712017132500000
34.59,1712017132750000
34.61,1712017133000000
34.61,1712017133250000
34.61,1712017133500000
34.61,1712017133750000
34.59,1712017134000000
34.59,1712017134250000
34.59,1712017134500000
34.59,1712017134750000
34.61,1712017135000000
34.61,1712017135250000
34.61,1712017135500000
34.61,1712017135750000
34.59,1712017136000000
34.59,1712017136250000
34.59,1712017136500000
34.59,1712017136750000
34.61,1712017137000000
34.61,1712017137250000
34.61,1712017137500000
34.61,1712017137750000
34.61,1712017138000000
34.61,1712017138250000
34.61,1712017138500000
34.61,1712017138750000
34.57,1712017139000000
34.57,1712017139250000
34.57,1712017139500000
34.57,1712017139750000
34.59,1712017140000000
34.59,1712017140250000
34.59,1712017140500000
34.59,1712017140750000
34.59,1712017141000000
34.59,1712017141250000
34.59,1712017141500000
34.59,1712017141750000
34.61,1712017142000000
34.61,1712017142250000
34.61,1712017142500000
34.61,1712017142750000
34.59,1712017143000000
34.59,1712017143250000
34.59,1712017143500000
34.59,1712017143750000
34.59,1712017144000000
34.59,1712017144250000
34.59,1712017144500000
34.59,1712017144750000
34.61,1712017145000000
34.61,1712017145250000
34.61,1712017145500000
34.61,1712017145750000
34.59,1712017146000000
34.59,1712017146250000
34.59,1712017146500000
34.59,1712017146750000
34.59,1712017147000000
34.59,1712017147250000
34.59,1712017147500000
34.59,1712017147750000
34.59,1712017148000000
34.59,1712017148250000
34.59,1712017148500000
34.59,1712017148750000
34.59,1712017149000000
34.59,1712017149250000
34.59,1712017149500000
34.59,1712017149750000
34.61,1712017150000000
34.61,1712017150250000
34.61,1712017150500000
34.61,1712017150750000
34.61,1712017151000000
34.61,1712017151250000
34.61,1712017151500000
34.61,1712017151750000
34.59,1712017152000000
34.59,1712017152250000
34.59,1712017152500000
34.59,1712017152750000
34.59,1712017153000000
34.59,1712017153250000
34.59,1712017153500000
34.59,1712017153750000
34.59,1712017154000000
34.59,1712017154250000
34.59,1712017154500000
34.59,1712017154750000
34.61,1712017155000000
34.61,1712017155250000
34.61,1712017155500000
34.61,1712017155750000
34.57,1712017156000000
34.57,1712017156250000
34.57,1712017156500000
34.57,1712017156750000
34.59,1712017157000000
34.59,1712017157250000
34.59,1712017157500000
34.59,1712017157750000
34.59,1712017158000000
34.59,1712017158250000
34.59,1712017158500000
34.59,1712017158750000
34.59,1712017159000000
34.59,1712017159250000
34.59,1712017159500000
34.59,1712017159750000
34.61,1712017160000000
34.61,1712017160250000
34.61,1712017160500000
34.61,1712017160750000
34.57,1712017161000000
34.57,1712017161250000
34.57,1712017161500000
34.57,1712017161750000
34.57,1712017162000000
34.57,1712017162250000
34.57,1712017162500000
34.57,1712017162750000
34.55,1712017163000000
34.55,1712017163250000
34.55,1712017163500000
34.55,1712017163750000
34.55,1712017164000000
34.55,1712017164250000
34.55,1712017164500000
34.55,1712017164750000
34.53,1712017165000000
34.53,1712017165250000
34.53,1712017165500000
34.53,1712017165750000
34.53,1712017166000000
34.53,1712017166250000
34.53,1712017166500000
34.53,1712017166750000
34.53,1712017167000000
34.53,1712017167250000
34.53,1712017167500000
34.53,1712017167750000
34.5,1712017168000000
34.5,1712017168250000
34.5,1712017168500000
34.5,1712017168750000
34.53,1712017169000000
34.53,1712017169250000
34.53,1712017169500000
34.53,1712017169750000
34.5,1712017170000000
34.5,1712017170250000
34.5,1712017170500000
34.5,1712017170750000
34.5,1712017171000000
34.5,1712017171250000
34.5,1712017171500000
34.5,1712017171750000
34.5,1712017172000000
34.5,1712017172250000
34.5,1712017172500000
34.5,1712017172750000
34.47,1712017173000000
34.47,1712017173250000
34.47,1712017173500000
34.47,1712017173750000
34.49,1712017174000000
34.49,1712017174250000
34.49,1712017174500000
34.49,1712017174750000
34.47,1712017175000000
34.47,1712017175250000
34.47,1712017175500000
34.47,1712017175750000
34.49,1712017176000000
34.49,1712017176250000
34.49,1712017176500000
34.49,1712017176750000
34.49,1712017177000000
34.49,1712017177250000
34.49,1712017177500000
34.49,1712017177750000
34.47,1712017178000000
34.47,1712017178250000
34.47,1712017178500000
34.47,1712017178750000
34.5,1712017179000000
34.5,1712017179250000
34.5,1712017179500000
34.5,1712017179750000
34.49,1712017180000000
34.49,1712017180250000
34.49,1712017180500000
34.49,1712017180750000
34.5,1712017181000000
34.5,1712017181250000
34.5,1712017181500000
34.5,1712017181750000
34.49,1712017182000000
34.49,1712017182250000
34.49,1712017182500000
34.49,1712017182750000
34.49,1712017183000000
34.49,1712017183250000
34.49,1712017183500000
34.49,1712017183750000
34.5,1712017184000000
34.5,1712017184250000
34.5,1712017184500000
34.5,1712017184750000
34.47,1712017185000000
34.47,1712017185250000
34.47,1712017185500000
34.47,1712017185750000
34.53,1712017186000000
34.53,1712017186250000
34.53,1712017186500000
34.53,1712017186750000
34.55,1712017187000000
34.55,1712017187250000
34.55,1712017187500000
34.55,1712017187750000
34.5,1712017188000000
34.5,1712017188250000
34.5,1712017188500000
34.5,1712017188750000
34.53,1712017189000000
34.53,1712017189250000
34.53,1712017189500000
34.53,1712017189750000
34.53,1712017190000000
34.53,1712017190250000
34.53,1712017190500000
34.53,1712017190750000
34.53,1712017191000000
34.53,1712017191250000
34.53,1712017191500000
34.53,1712017191750000
34.53,1712017192000000
34.53,1712017192250000
34.53,1712017192500000
34.53,1712017192750000
34.53,1712017193000000
34.53,1712017193250000
34.53,1712017193500000
34.53,1712017193750000
34.53,1712017194000000
34.53,1712017194250000
34.53,1712017194500000
34.53,1712017194750000
34.57,1712017195000000
34.57,1712017195250000
34.57,1712017195500000
34.57,1712017195750000
34.55,1712017196000000
34.55,1712017196250000
34.55,1712017196500000
34.55,1712017196750000
34.55,1712017197000000
34.55,1712017197250000
34.55,1712017197500000
34.55,1712017197750000
34.55,1712017198000000
34.55,1712017198250000
34.55,1712017198500000
34.55,1712017198750000
34.55,1712017199000000
34.55,1712017199250000
34.55,1712017199500000
34.55,1712017199750000
34.53,1712017200000000
34.53,1712017200250000
34.53,1712017200500000
34.53,1712017200750000
34.53,1712017201000000
34.53,1712017201250000
34.53,1712017201500000
34.53,1712017201750000
34.55,1712017202000000
34.55,1712017202250000
34.55,1712017202500000
34.55,1712017202750000
34.53,1712017203000000
34.53,1712017203250000
34.53,1712017203500000
34.53,1712017203750000
34.53,1712017204000000
34.53,1712017204250000
34.53,1712017204500000
34.53,1712017204750000
34.55,1712017205000000
34.55,1712017205250000
34.55,1712017205500000
34.55,1712017205750000
34.53,1712017206000000
34.53,1712017206250000
34.53,1712017206500000
34.53,1712017206750000
34.53,1712017207000000
34.53,1712017207250000
34.53,1712017207500000
34.53,1712017207750000
34.5,1712017208000000
34.5,1712017208250000
34.5,1712017208500000
34.5,1712017208750000
34.5,1712017209000000
34.5,1712017209250000
34.5,1712017209500000
34.5,1712017209750000
34.5,1712017210000000
34.5,1712017210250000
34.5,1712017210500000
34.5,1712017210750000
34.5,1712017211000000
34.5,1712017211250000
34.5,1712017211500000
34.5,1712017211750000
34.49,1712017212000000
34.49,1712017212250000
34.49,1712017212500000
34.49,1712017212750000
34.49,1712017213000000
34.49,1712017213250000
34.49,1712017213500000
34.49,1712017213750000
34.49,1712017214000000
34.49,1712017214250000
34.49,1712017214500000
34.49,1712017214750000
34.5,1712017215000000
34.5,1712017215250000
34.5,1712017215500000
34.5,1712017215750000
34.49,1712017216000000
34.49,1712017216250000
34.49,1712017216500000
34.49,1712017216750000
34.5,1712017217000000
34.5,1712017217250000
34.5,1712017217500000
34.5,1712017217750000
34.49,1712017218000000
34.49,1712017218250000
34.49,1712017218500000
34.49,1712017218750000
34.49,1712017219000000
34.49,1712017219250000
34.49,1712017219500000
34.49,1712017219750000
34.49,1712017220000000
34.49,1712017220250000
34.49,1712017220500000
34.49,1712017220750000
34.49,1712017221000000
34.49,1712017221250000
34.49,1712017221500000
34.49,1712017221750000
34.49,1712017222000000
34.49,1712017222250000
34.49,1712017222500000
34.49,1712017222750000
34.49,1712017223000000
34.49,1712017223250000
34.49,1712017223500000
34.49,1712017223750000
34.49,1712017224000000
34.49,1712017224250000
34.49,1712017224500000
34.49,1712017224750000
34.49,1712017225000000
34.49,1712017225250000
34.49,1712017225500000
34.49,1712017225750000
34.49,1712017226000000
34.49,1712017226250000
34.49,1712017226500000
34.49,1712017226750000
34.45,1712017227000000
34.45,1712017227250000
34.45,1712017227500000
34.45,1712017227750000
34.47,1712017228000000
34.47,1712017228250000
34.47,1712017228500000
34.47,1712017228750000
34.47,1712017229000000
34.47,1712017229250000
34.47,1712017229500000
34.47,1712017229750000
34.47,1712017230000000
34.47,1712017230250000
34.47,1712017230500000
34.47,1712017230750000
34.45,1712017231000000
34.45,1712017231250000
34.45,1712017231500000
34.45,1712017231750000
34.47,1712017232000000
34.47,1712017232250000
34.47,1712017232500000
34.47,1712017232750000
34.45,1712017233000000
34.45,1712017233250000
34.45,1712017233500000
34.45,1712017233750000
34.43,1712017234000000
34.43,1712017234250000
34.43,1712017234500000
34.43,1712017234750000
34.45,1712017235000000
34.45,1712017235250000
34.45,1712017235500000
34.45,1712017235750000
34.45,1712017236000000
34.45,1712017236250000
34.45,1712017236500000
34.45,1712017236750000
34.45,1712017237000000
34.45,1712017237250000
34.45,1712017237500000
34.45,1712017237750000
34.43,1712017238000000
34.43,1712017238250000
34.43,1712017238500000
34.43,1712017238750000
34.43,1712017239000000
34.43,1712017239250000
34.43,1712017239500000
34.43,1712017239750000
34.41,1712017240000000
34.41,1712017240250000
34.41,1712017240500000
34.41,1712017240750000
34.41,1712017241000000
34.41,1712017241250000
34.41,1712017241500000
34.41,1712017241750000
34.43,1712017242000000
34.43,1712017242250000
34.43,1712017242500000
34.43,1712017242750000
34.43,1712017243000000
34.43,1712017243250000
34.43,1712017243500000
34.43,1712017243750000
34.41,1712017244000000
34.41,1712017244250000
34.41,1712017244500000
34.41,1712017244750000
34.41,1712017245000000
34.41,1712017245250000
34.41,1712017245500000
34.41,1712017245750000
34.41,1712017246000000
34.41,1712017246250000
34.41,1712017246500000
34.41,1712017246750000
34.39,1712017247000000
34.39,1712017247250000
34.39,1712017247500000
34.39,1712017247750000
34.39,1712017248000000
34.39,1712017248250000
34.39,1712017248500000
34.39,1712017248750000
34.37,1712017249000000
34.37,1712017249250000
34.37,1712017249500000
34.37,1712017249750000
34.37,1712017250000000
34.37,1712017250250000
34.37,1712017250500000
34.37,1712017250750000
34.41,1712017251000000
34.41,1712017251250000
34.41,1712017251500000
34.41,1712017251750000
34.39,1712017252000000
34.39,1712017252250000
34.39,1712017252500000
34.39,1712017252750000
34.39,1712017253000000
34.39,1712017253250000
34.39,1712017253500000
34.39,1712017253750000
34.34,1712017254000000
34.34,1712017254250000
34.34,1712017254500000
34.34,1712017254750000
34.37,1712017255000000
34.37,1712017255250000
34.37,1712017255500000
34.37,1712017255750000
34.34,1712017256000000
34.34,1712017256250000
34.34,1712017256500000
34.34,1712017256750000
34.34,1712017257000000
34.34,1712017257250000
34.34,1712017257500000
34.34,1712017257750000
34.34,1712017258000000
34.34,1712017258250000
34.34,1712017258500000
34.34,1712017258750000
34.37,1712017259000000
34.37,1712017259250000
34.37,1712017259500000
34.37,1712017259750000
34.34,1712017260000000
34.34,1712017260250000
34.34,1712017260500000
34.34,1712017260750000
34.33,1712017261000000
34.33,1712017261250000
34.33,1712017261500000
34.33,1712017261750000
34.37,1712017262000000
34.37,1712017262250000
34.37,1712017262500000
34.37,1712017262750000
34.34,1712017263000000
34.34,1712017263250000
34.34,1712017263500000
34.34,1712017263750000
34.34,1712017264000000
34.34,1712017264250000
34.34,1712017264500000
34.34,1712017264750000
34.33,1712017265000000
34.33,1712017265250000
34.33,1712017265500000
34.33,1712017265750000
34.33,1712017266000000
34.33,1712017266250000
34.33,1712017266500000
34.33,1712017266750000
34.34,1712017267000000
34.34,1712017267250000
34.34,1712017267500000
34.34,1712017267750000
34.37,1712017268000000
34.37,1712017268250000
34.37,1712017268500000
34.37,1712017268750000
34.37,1712017269000000
34.37,1712017269250000
34.37,1712017269500000
34.37,1712017269750000
34.34,1712017270000000
34.34,1712017270250000
34.34,1712017270500000
34.34,1712017270750000
34.34,1712017271000000
34.34,1712017271250000
34.34,1712017271500000
34.34,1712017271750000
34.33,1712017272000000
34.33,1712017272250000
34.33,1712017272500000
34.33,1712017272750000
34.33,1712017273000000
34.33,1712017273250000
34.33,1712017273500000
34.33,1712017273750000
34.34,1712017274000000
34.34,1712017274250000
34.34,1712017274500000
34.34,1712017274750000
34.33,1712017275000000
34.33,1712017275250000
34.33,1712017275500000
34.33,1712017275750000
34.31,1712017276000000
34.31,1712017276250000
34.31,1712017276500000
34.31,1712017276750000
34.31,1712017277000000
34.31,1712017277250000
34.31,1712017277500000
34.31,1712017277750000
34.31,1712017278000000
34.31,1712017278250000
34.31,1712017278500000
34.31,1712017278750000
34.31,1712017279000000
34.31,1712017279250000
34.31,1712017279500000
34.31,1712017279750000
34.31,1712017280000000
34.31,1712017280250000
34.31,1712017280500000
34.31,1712017280750000
34.33,1712017281000000
34.33,1712017281250000
34.33,1712017281500000
34.33,1712017281750000
34.31,1712017282000000
34.31,1712017282250000
34.31,1712017282500000
34.31,1712017282750000
34.29,1712017283000000
34.29,1712017283250000
34.29,1712017283500000
34.29,1712017283750000
34.29,1712017284000000
34.29,1712017284250000
34.29,1712017284500000
34.29,1712017284750000
34.29,1712017285000000
34.29,1712017285250000
34.29,1712017285500000
34.29,1712017285750000
34.31,1712017286000000
34.31,1712017286250000
34.31,1712017286500000
34.31,1712017286750000
34.29,1712017287000000
34.29,1712017287250000
34.29,1712017287500000
34.29,1712017287750000
34.29,1712017288000000
34.29,1712017288250000
34.29,1712017288500000
34.29,1712017288750000
34.29,1712017289000000
34.29,1712017289250000
34.29,1712017289500000
34.29,1712017289750000
34.29,1712017290000000
34.29,1712017290250000
34.29,1712017290500000
34.29,1712017290750000
34.27,1712017291000000
34.27,1712017291250000
34.27,1712017291500000
34.27,1712017291750000
34.29,1712017292000000
34.29,1712017292250000
34.29,1712017292500000
34.29,1712017292750000
34.27,1712017293000000
34.27,1712017293250000
34.27,1712017293500000
34.27,1712017293750000
34.27,1712017294000000
34.27,1712017294250000
34.27,1712017294500000
34.27,1712017294750000
34.27,1712017295000000
34.27,1712017295250000
34.27,1712017295500000
34.27,1712017295750000
34.25,1712017296000000
34.25,1712017296250000
34.25,1712017296500000
34.25,1712017296750000
34.27,1712017297000000
34.27,1712017297250000
34.27,1712017297500000
34.27,1712017297750000
34.27,1712017298000000
34.27,1712017298250000
34.27,1712017298500000
34.27,1712017298750000
34.25,1712017299000000
34.25,1712017299250000
34.25,1712017299500000
34.25,1712017299750000
34.27,1712017300000000
34.27,1712017300250000
34.27,1712017300500000
34.27,1712017300750000
34.27,1712017301000000
34.27,1712017301250000
34.27,1712017301500000
34.27,1712017301750000
34.25,1712017302000000
34.25,1712017302250000
34.25,1712017302500000
34.25,1712017302750000
34.23,1712017303000000
34.23,1712017303250000
34.23,1712017303500000
34.23,1712017303750000
34.25,1712017304000000
34.25,1712017304250000
34.25,1712017304500000
34.25,1712017304750000
34.23,1712017305000000
34.23,1712017305250000
34.23,1712017305500000
34.23,1712017305750000
34.21,1712017306000000
34.21,1712017306250000
34.21,1712017306500000
34.21,1712017306750000
34.21,1712017307000000
34.21,1712017307250000
34.21,1712017307500000
34.21,1712017307750000
34.21,1712017308000000
34.21,1712017308250000
34.21,1712017308500000
34.21,1712017308750000
34.21,1712017309000000
34.21,1712017309250000
34.21,1712017309500000
34.21,1712017309750000
34.23,1712017310000000
34.23,1712017310250000
34.23,1712017310500000
34.23,1712017310750000
34.21,1712017311000000
34.21,1712017311250000
34.21,1712017311500000
34.21,1712017311750000
34.23,1712017312000000
34.23,1712017312250000
34.23,1712017312500000
34.23,1712017312750000
34.21,1712017313000000
34.21,1712017313250000
34.21,1712017313500000
34.21,1712017313750000
34.21,1712017314000000
34.21,1712017314250000
34.21,1712017314500000
34.21,1712017314750000
34.16,1712017315000000
34.16,1712017315250000
34.16,1712017315500000
34.16,1712017315750000
34.18,1712017316000000
34.18,1712017316250000
34.18,1712017316500000
34.18,1712017316750000
34.16,1712017317000000
34.16,1712017317250000
34.16,1712017317500000
34.16,1712017317750000
34.18,1712017318000000
34.18,1712017318250000
34.18,1712017318500000
34.18,1712017318750000
34.16,1712017319000000
34.16,1712017319250000
34.16,1712017319500000
34.16,1712017319750000
34.15,1712017320000000
34.15,1712017320250000
34.15,1712017320500000
34.15,1712017320750000
34.16,1712017321000000
34.16,1712017321250000
34.16,1712017321500000
34.16,1712017321750000
34.16,1712017322000000
34.16,1712017322250000
34.16,1712017322500000
34.16,1712017322750000
34.16,1712017323000000
34.16,1712017323250000
34.16,1712017323500000
34.16,1712017323750000
34.15,1712017324000000
34.15,1712017324250000
34.15,1712017324500000
34.15,1712017324750000
34.13,1712017325000000
34.13,1712017325250000
34.13,1712017325500000
34.13,1712017325750000
34.13,1712017326000000
34.13,1712017326250000
34.13,1712017326500000
34.13,1712017326750000
34.13,1712017327000000
34.13,1712017327250000
34.13,1712017327500000
34.13,1712017327750000
34.13,1712017328000000
34.13,1712017328250000
34.13,1712017328500000
34.13,1712017328750000
34.13,1712017329000000
34.13,1712017329250000
34.13,1712017329500000
34.13,1712017329750000
34.11,1712017330000000
34.11,1712017330250000
34.11,1712017330500000
34.11,1712017330750000
34.11,1712017331000000
34.11,1712017331250000
34.11,1712017331500000
34.11,1712017331750000
34.11,1712017332000000
34.11,1712017332250000
34.11,1712017332500000
34.11,1712017332750000
34.11,1712017333000000
34.11,1712017333250000
34.11,1712017333500000
34.11,1712017333750000
34.11,1712017334000000
34.11,1712017334250000
34.11,1712017334500000
34.11,1712017334750000
34.11,1712017335000000
34.11,1712017335250000
34.11,1712017335500000
34.11,1712017335750000
34.09,1712017336000000
34.09,1712017336250000
34.09,1712017336500000
34.09,1712017336750000
34.11,1712017337000000
34.11,1712017337250000
34.11,1712017337500000
34.11,1712017337750000
34.09,1712017338000000
34.09,1712017338250000
34.09,1712017338500000
34.09,1712017338750000
34.11,1712017339000000
34.11,1712017339250000
34.11,1712017339500000
34.11,1712017339750000
34.09,1712017340000000
34.09,1712017340250000
34.09,1712017340500000
34.09,1712017340750000
34.09,1712017341000000
34.09,1712017341250000
34.09,1712017341500000
34.09,1712017341750000
34.09,1712017342000000
34.09,1712017342250000
34.09,1712017342500000
34.09,1712017342750000
34.09,1712017343000000
34.09,1712017343250000
34.09,1712017343500000
34.09,1712017343750000
34.07,1712017344000000
34.07,1712017344250000
34.07,1712017344500000
34.07,1712017344750000
34.07,1712017345000000
34.07,1712017345250000
34.07,1712017345500000
34.07,1712017345750000
34.07,1712017346000000
34.07,1712017346250000
34.07,1712017346500000
34.07,1712017346750000
34.05,1712017347000000
34.05,1712017347250000
34.05,1712017347500000
34.05,1712017347750000
34.07,1712017348000000
34.07,1712017348250000
34.07,1712017348500000
34.07,1712017348750000
34.07,1712017349000000
34.07,1712017349250000
34.07,1712017349500000
34.07,1712017349750000
34.07,1712017350000000
34.07,1712017350250000
34.07,1712017350500000
34.07,1712017350750000
34.05,1712017351000000
34.05,1712017351250000
34.05,1712017351500000
34.05,1712017351750000
34.05,1712017352000000
34.05,1712017352250000
34.05,1712017352500000
34.05,1712017352750000
34.05,1712017353000000
34.05,1712017353250000
34.05,1712017353500000
34.05,1712017353750000
34.03,1712017354000000
34.03,1712017354250000
34.03,1712017354500000
34.03,1712017354750000
34.03,1712017355000000
34.03,1712017355250000
34.03,1712017355500000
34.03,1712017355750000
34.03,1712017356000000
34.03,1712017356250000
34.03,1712017356500000
34.03,1712017356750000
34.0,1712017357000000
34.0,1712017357250000
34.0,1712017357500000
34.0,1712017357750000
34.05,1712017358000000
34.05,1712017358250000
34.05,1712017358500000
34.05,1712017358750000
34.03,1712017359000000
34.03,1712017359250000
34.03,1712017359500000
34.03,1712017359750000
34.03,1712017360000000
34.03,1712017360250000
34.03,1712017360500000
34.03,1712017360750000
34.03,1712017361000000
34.03,1712017361250000
34.03,1712017361500000
34.03,1712017361750000
34.0,1712017362000000
34.0,1712017362250000
34.0,1712017362500000
34.0,1712017362750000
34.03,1712017363000000
34.03,1712017363250000
34.03,1712017363500000
34.03,1712017363750000
34.0,1712017364000000
34.0,1712017364250000
34.0,1712017364500000
34.0,1712017364750000
34.0,1712017365000000
34.0,1712017365250000
34.0,1712017365500000
34.0,1712017365750000
34.0,1712017366000000
34.0,1712017366250000
34.0,1712017366500000
34.0,1712017366750000
33.99,1712017367000000
33.99,1712017367250000
33.99,1712017367500000
33.99,1712017367750000
34.03,1712017368000000
34.03,1712017368250000
34.03,1712017368500000
34.03,1712017368750000
34.0,1712017369000000
34.0,1712017369250000
34.0,1712017369500000
34.0,1712017369750000
34.03,1712017370000000
34.03,1712017370250000
34.03,1712017370500000
34.03,1712017370750000
33.99,1712017371000000
33.99,1712017371250000
33.99,1712017371500000
33.99,1712017371750000
34.0,1712017372000000
34.0,1712017372250000
34.0,1712017372500000
34.0,1712017372750000
33.99,1712017373000000
33.99,1712017373250000
33.99,1712017373500000
33.99,1712017373750000
33.99,1712017374000000
33.99,1712017374250000
33.99,1712017374500000
33.99,1712017374750000
33.99,1712017375000000
33.99,1712017375250000
33.99,1712017375500000
33.99,1712017375750000
33.99,1712017376000000
33.99,1712017376250000
33.99,1712017376500000
33.99,1712017376750000
33.99,1712017377000000
33.99,1712017377250000
33.99,1712017377500000
33.99,1712017377750000
33.99,1712017378000000
33.99,1712017378250000
33.99,1712017378500000
33.99,1712017378750000
33.99,1712017379000000
33.99,1712017379250000
33.99,1712017379500000
33.99,1712017379750000
33.99,1712017380000000
33.99,1712017380250000
33.99,1712017380500000
33.99,1712017380750000
33.97,1712017381000000
33.97,1712017381250000
33.97,1712017381500000
33.97,1712017381750000
33.97,1712017382000000
33.97,1712017382250000
33.97,1712017382500000
33.97,1712017382750000
33.97,1712017383000000
33.97,1712017383250000
33.97,1712017383500000
33.97,1712017383750000
33.99,1712017384000000
33.99,1712017384250000
33.99,1712017384500000
33.99,1712017384750000
33.95,1712017385000000
33.95,1712017385250000
33.95,1712017385500000
33.95,1712017385750000
33.97,1712017386000000
33.97,1712017386250000
33.97,1712017386500000
33.97,1712017386750000
33.97,1712017387000000
33.97,1712017387250000
33.97,1712017387500000
33.97,1712017387750000
33.95,1712017388000000
33.95,1712017388250000
33.95,1712017388500000
33.95,1712017388750000
33.95,1712017389000000
33.95,1712017389250000
33.95,1712017389500000
33.95,1712017389750000
33.95,1712017390000000
33.95,1712017390250000
33.95,1712017390500000
33.95,1712017390750000
33.93,1712017391000000
33.93,1712017391250000
33.93,1712017391500000
33.93,1712017391750000
33.95,1712017392000000
33.95,1712017392250000
33.95,1712017392500000
33.95,1712017392750000
33.95,1712017393000000
33.95,1712017393250000
33.95,1712017393500000
33.95,1712017393750000
33.93,1712017394000000
33.93,1712017394250000
33.93,1712017394500000
33.93,1712017394750000
33.91,1712017395000000
33.91,1712017395250000
33.91,1712017395500000
33.91,1712017395750000
33.91,1712017396000000
33.91,1712017396250000
33.91,1712017396500000
33.91,1712017396750000
33.91,1712017397000000
33.91,1712017397250000
33.91,1712017397500000
33.91,1712017397750000
33.91,1712017398000000
33.91,1712017398250000
33.91,1712017398500000
33.91,1712017398750000
33.91,1712017399000000
33.91,1712017399250000
33.91,1712017399500000
33.91,1712017399750000
33.89,1712017400000000
33.89,1712017400250000
33.89,1712017400500000
33.89,1712017400750000
33.91,1712017401000000
33.91,1712017401250000
33.91,1712017401500000
33.91,1712017401750000
33.91,1712017402000000
33.91,1712017402250000
33.91,1712017402500000
33.91,1712017402750000
33.89,1712017403000000
33.89,1712017403250000
33.89,1712017403500000
33.89,1712017403750000
33.91,1712017404000000
33.91,1712017404250000
33.91,1712017404500000
33.91,1712017404750000
33.91,1712017405000000
33.91,1712017405250000
33.91,1712017405500000
33.91,1712017405750000
33.89,1712017406000000
33.89,1712017406250000
33.89,1712017406500000
33.89,1712017406750000
33.91,1712017407000000
33.91,1712017407250000
33.91,1712017407500000
33.91,1712017407750000
33.91,1712017408000000
33.91,1712017408250000
33.91,1712017408500000
33.91,1712017408750000
33.91,1712017409000000
33.91,1712017409250000
33.91,1712017409500000
33.91,1712017409750000
33.89,1712017410000000
33.89,1712017410250000
33.89,1712017410500000
33.89,1712017410750000
33.91,1712017411000000
33.91,1712017411250000
33.91,1712017411500000
33.91,1712017411750000
33.91,1712017412000000
33.91,1712017412250000
33.91,1712017412500000
33.91,1712017412750000
33.91,1712017413000000
33.91,1712017413250000
33.91,1712017413500000
33.91,1712017413750000
33.91,1712017414000000
33.91,1712017414250000
33.91,1712017414500000
33.91,1712017414750000
33.91,1712017415000000
33.91,1712017415250000
33.91,1712017415500000
33.91,1712017415750000
33.93,1712017416000000
33.93,1712017416250000
33.93,1712017416500000
33.93,1712017416750000
33.91,1712017417000000
33.91,1712017417250000
33.91,1712017417500000
33.91,1712017417750000
33.89,1712017418000000
33.89,1712017418250000
33.89,1712017418500000
33.89,1712017418750000
33.93,1712017419000000
33.93,1712017419250000
33.93,1712017419500000
33.93,1712017419750000
33.93,1712017420000000
33.93,1712017420250000
33.93,1712017420500000
33.93,1712017420750000
33.91,1712017421000000
33.91,1712017421250000
33.91,1712017421500000
33.91,1712017421750000
33.93,1712017422000000
33.93,1712017422250000
33.93,1712017422500000
33.93,1712017422750000
33.93,1712017423000000
33.93,1712017423250000
33.93,1712017423500000
33.93,1712017423750000
33.93,1712017424000000
33.93,1712017424250000
33.93,1712017424500000
33.93,1712017424750000
33.91,1712017425000000
33.91,1712017425250000
33.91,1712017425500000
33.91,1712017425750000
33.91,1712017426000000
33.91,1712017426250000
33.91,1712017426500000
33.91,1712017426750000
33.93,1712017427000000
33.93,1712017427250000
33.93,1712017427500000
33.93,1712017427750000
33.91,1712017428000000
33.91,1712017428250000
33.91,1712017428500000
33.91,1712017428750000
33.89,1712017429000000
33.89,1712017429250000
33.89,1712017429500000
33.89,1712017429750000
33.91,1712017430000000
33.91,1712017430250000
33.91,1712017430500000
33.91,1712017430750000
33.91,1712017431000000
33.91,1712017431250000
33.91,1712017431500000
33.91,1712017431750000
33.91,1712017432000000
33.91,1712017432250000
33.91,1712017432500000
33.91,1712017432750000
33.91,1712017433000000
33.91,1712017433250000
33.91,1712017433500000
33.91,1712017433750000
33.91,1712017434000000
33.91,1712017434250000
33.91,1712017434500000
33.91,1712017434750000
33.91,1712017435000000
33.91,1712017435250000
33.91,1712017435500000
33.91,1712017435750000
33.93,1712017436000000
33.93,1712017436250000
33.93,1712017436500000
33.93,1712017436750000
33.95,1712017437000000
33.95,1712017437250000
33.95,1712017437500000
33.95,1712017437750000
33.93,1712017438000000
33.93,1712017438250000
33.93,1712017438500000
33.93,1712017438750000
33.95,1712017439000000
33.95,1712017439250000
33.95,1712017439500000
33.95,1712017439750000
33.93,1712017440000000
33.93,1712017440250000
33.93,1712017440500000
33.93,1712017440750000
33.95,1712017441000000
33.95,1712017441250000
33.95,1712017441500000
33.95,1712017441750000
33.97,1712017442000000
33.97,1712017442250000
33.97,1712017442500000
33.97,1712017442750000
33.93,1712017443000000
33.93,1712017443250000
33.93,1712017443500000
33.93,1712017443750000
33.93,1712017444000000
33.93,1712017444250000
33.93,1712017444500000
33.93,1712017444750000
33.95,1712017445000000
33.95,1712017445250000
33.95,1712017445500000
33.95,1712017445750000
33.95,1712017446000000
33.95,1712017446250000
33.95,1712017446500000
33.95,1712017446750000
33.93,1712017447000000
33.93,1712017447250000
33.93,1712017447500000
33.93,1712017447750000
33.93,1712017448000000
33.93,1712017448250000
33.93,1712017448500000
33.93,1712017448750000
33.93,1712017449000000
33.93,1712017449250000
33.93,1712017449500000
33.93,1712017449750000
33.95,1712017450000000
33.95,1712017450250000
33.95,1712017450500000
33.95,1712017450750000
33.95,1712017451000000
33.95,1712017451250000
33.95,1712017451500000
33.95,1712017451750000
33.95,1712017452000000
33.95,1712017452250000
33.95,1712017452500000
33.95,1712017452750000
33.95,1712017453000000
33.95,1712017453250000
33.95,1712017453500000
33.95,1712017453750000
33.95,1712017454000000
33.95,1712017454250000
33.95,1712017454500000
33.95,1712017454750000
33.95,1712017455000000
33.95,1712017455250000
33.95,1712017455500000
33.95,1712017455750000
33.95,1712017456000000
33.95,1712017456250000
33.95,1712017456500000
33.95,1712017456750000
33.95,1712017457000000
33.95,1712017457250000
33.95,1712017457500000
33.95,1712017457750000
33.95,1712017458000000
33.95,1712017458250000
33.95,1712017458500000
33.95,1712017458750000
33.93,1712017459000000
33.93,1712017459250000
33.93,1712017459500000
33.93,1712017459750000
33.95,1712017460000000
33.95,1712017460250000
33.95,1712017460500000
33.95,1712017460750000
33.97,1712017461000000
33.97,1712017461250000
33.97,1712017461500000
33.97,1712017461750000
33.97,1712017462000000
33.97,1712017462250000
33.97,1712017462500000
33.97,1712017462750000
33.95,1712017463000000
33.95,1712017463250000
33.95,1712017463500000
33.95,1712017463750000
33.95,1712017464000000
33.95,1712017464250000
33.95,1712017464500000
33.95,1712017464750000
33.93,1712017465000000
33.93,1712017465250000
33.93,1712017465500000
33.93,1712017465750000
33.95,1712017466000000
33.95,1712017466250000
33.95,1712017466500000
33.95,1712017466750000
33.97,1712017467000000
33.97,1712017467250000
33.97,1712017467500000
33.97,1712017467750000
33.97,1712017468000000
33.97,1712017468250000
33.97,1712017468500000
33.97,1712017468750000
33.97,1712017469000000
33.97,1712017469250000
33.97,1712017469500000
33.97,1712017469750000
33.99,1712017470000000
33.99,1712017470250000
33.99,1712017470500000
33.99,1712017470750000
34.0,1712017471000000
34.0,1712017471250000
34.0,1712017471500000
34.0,1712017471750000
34.0,1712017472000000
34.0,1712017472250000
34.0,1712017472500000
34.0,1712017472750000
34.0,1712017473000000
34.0,1712017473250000
34.0,1712017473500000
34.0,1712017473750000
34.0,1712017474000000
34.0,1712017474250000
34.0,1712017474500000
34.0,1712017474750000
34.03,1712017475000000
34.03,1712017475250000
34.03,1712017475500000
34.03,1712017475750000
34.0,1712017476000000
34.0,1712017476250000
34.0,1712017476500000
34.0,1712017476750000
34.03,1712017477000000
34.03,1712017477250000
34.03,1712017477500000
34.03,1712017477750000
34.03,1712017478000000
34.03,1712017478250000
34.03,1712017478500000
34.03,1712017478750000
34.0,1712017479000000
34.0,1712017479250000
34.0,1712017479500000
34.0,1712017479750000
34.05,1712017480000000
34.05,1712017480250000
34.05,1712017480500000
34.05,1712017480750000
34.05,1712017481000000
34.05,1712017481250000
34.05,1712017481500000
34.05,1712017481750000
34.03,1712017482000000
34.03,1712017482250000
34.03,1712017482500000
34.03,1712017482750000
34.03,1712017483000000
34.03,1712017483250000
34.03,1712017483500000
34.03,1712017483750000
34.0,1712017484000000
34.0,1712017484250000
34.0,1712017484500000
34.0,1712017484750000
34.03,1712017485000000
34.03,1712017485250000
34.03,1712017485500000
34.03,1712017485750000
34.0,1712017486000000
34.0,1712017486250000
34.0,1712017486500000
34.0,1712017486750000
34.0,1712017487000000
34.0,1712017487250000
34.0,1712017487500000
34.0,1712017487750000
34.0,1712017488000000
34.0,1712017488250000
34.0,1712017488500000
34.0,1712017488750000
34.0,1712017489000000
34.0,1712017489250000
34.0,1712017489500000
34.0,1712017489750000
34.0,1712017490000000
34.0,1712017490250000
34.0,1712017490500000
34.0,1712017490750000
34.03,1712017491000000
34.03,1712017491250000
34.03,1712017491500000
34.03,1712017491750000
34.03,1712017492000000
34.03,1712017492250000
34.03,1712017492500000
34.03,1712017492750000
34.03,1712017493000000
34.03,1712017493250000
34.03,1712017493500000
34.03,1712017493750000
34.03,1712017494000000
34.03,1712017494250000
34.03,1712017494500000
34.03,1712017494750000
34.03,1712017495000000
34.03,1712017495250000
34.03,1712017495500000
34.03,1712017495750000
34.05,1712017496000000
34.05,1712017496250000
34.05,1712017496500000
34.05,1712017496750000
34.03,1712017497000000
34.03,1712017497250000
34.03,1712017497500000
34.03,1712017497750000
34.03,1712017498000000
34.03,1712017498250000
34.03,1712017498500000
34.03,1712017498750000
34.07,1712017499000000
34.07,1712017499250000
34.07,1712017499500000
34.07,1712017499750000
34.05,1712017500000000
34.05,1712017500250000
34.05,1712017500500000
34.05,1712017500750000
34.07,1712017501000000
34.07,1712017501250000
34.07,1712017501500000
34.07,1712017501750000
34.07,1712017502000000
34.07,1712017502250000
34.07,1712017502500000
34.07,1712017502750000
34.09,1712017503000000
34.09,1712017503250000
34.09,1712017503500000
34.09,1712017503750000
34.11,1712017504000000
34.11,1712017504250000
34.11,1712017504500000
34.11,1712017504750000
34.09,1712017505000000
34.09,1712017505250000
34.09,1712017505500000
34.09,1712017505750000
34.11,1712017506000000
34.11,1712017506250000
34.11,1712017506500000
34.11,1712017506750000
34.13,1712017507000000
34.13,1712017507250000
34.13,1712017507500000
34.13,1712017507750000
34.11,1712017508000000
34.11,1712017508250000
34.11,1712017508500000
34.11,1712017508750000
34.13,1712017509000000
34.13,1712017509250000
34.13,1712017509500000
34.13,1712017509750000
34.13,1712017510000000
34.13,1712017510250000
34.13,1712017510500000
34.13,1712017510750000
34.15,1712017511000000
34.15,1712017511250000
34.15,1712017511500000
34.15,1712017511750000
34.15,1712017512000000
34.15,1712017512250000
34.15,1712017512500000
34.15,1712017512750000
34.15,1712017513000000
34.15,1712017513250000
34.15,1712017513500000
34.15,1712017513750000
34.16,1712017514000000
34.16,1712017514250000
34.16,1712017514500000
34.16,1712017514750000
34.16,1712017515000000
34.16,1712017515250000
34.16,1712017515500000
34.16,1712017515750000
34.16,1712017516000000
34.16,1712017516250000
34.16,1712017516500000
34.16,1712017516750000
34.18,1712017517000000
34.18,1712017517250000
34.18,1712017517500000
34.18,1712017517750000
34.18,1712017518000000
34.18,1712017518250000
34.18,1712017518500000
34.18,1712017518750000
34.18,1712017519000000
34.18,1712017519250000
34.18,1712017519500000
34.18,1712017519750000
34.23,1712017520000000
34.23,1712017520250000
34.23,1712017520500000
34.23,1712017520750000
34.23,1712017521000000
34.23,1712017521250000
34.23,1712017521500000
34.23,1712017521750000
34.23,1712017522000000
34.23,1712017522250000
34.23,1712017522500000
34.23,1712017522750000
34.25,1712017523000000
34.25,1712017523250000
34.25,1712017523500000
34.25,1712017523750000
34.27,1712017524000000
34.27,1712017524250000
34.27,1712017524500000
34.27,1712017524750000
34.27,1712017525000000
34.27,1712017525250000
34.27,1712017525500000
34.27,1712017525750000
34.27,1712017526000000
34.27,1712017526250000
34.27,1712017526500000
34.27,1712017526750000
34.29,1712017527000000
34.29,1712017527250000
34.29,1712017527500000
34.29,1712017527750000
34.29,1712017528000000
34.29,1712017528250000
34.29,1712017528500000
34.29,1712017528750000
34.31,1712017529000000
34.31,1712017529250000
34.31,1712017529500000
34.31,1712017529750000
34.31,1712017530000000
34.31,1712017530250000
34.31,1712017530500000
34.31,1712017530750000
34.31,1712017531000000
34.31,1712017531250000
34.31,1712017531500000
34.31,1712017531750000
34.34,1712017532000000
34.34,1712017532250000
34.34,1712017532500000
34.34,1712017532750000
34.33,1712017533000000
34.33,1712017533250000
34.33,1712017533500000
34.33,1712017533750000
34.34,1712017534000000
34.34,1712017534250000
34.34,1712017534500000
34.34,1712017534750000
34.34,1712017535000000
34.34,1712017535250000
34.34,1712017535500000
34.34,1712017535750000
34.37,1712017536000000
34.37,1712017536250000
34.37,1712017536500000
34.37,1712017536750000
34.37,1712017537000000
34.37,1712017537250000
34.37,1712017537500000
34.37,1712017537750000
34.39,1712017538000000
34.39,1712017538250000
34.39,1712017538500000
34.39,1712017538750000
34.41,1712017539000000
34.41,1712017539250000
34.41,1712017539500000
34.41,1712017539750000
34.39,1712017540000000
34.39,1712017540250000
34.39,1712017540500000
34.39,1712017540750000
34.41,1712017541000000
34.41,1712017541250000
34.41,1712017541500000
34.41,1712017541750000
34.43,1712017542000000
34.43,1712017542250000
34.43,1712017542500000
34.43,1712017542750000
34.43,1712017543000000
34.43,1712017543250000
34.43,1712017543500000
34.43,1712017543750000
34.43,1712017544000000
34.43,1712017544250000
34.43,1712017544500000
34.43,1712017544750000
34.43,1712017545000000
34.43,1712017545250000
34.43,1712017545500000
34.43,1712017545750000
34.45,1712017546000000
34.45,1712017546250000
34.45,1712017546500000
34.45,1712017546750000
34.45,1712017547000000
34.45,1712017547250000
34.45,1712017547500000
34.45,1712017547750000
34.47,1712017548000000
34.47,1712017548250000
34.47,1712017548500000
34.47,1712017548750000
34.45,1712017549000000
34.45,1712017549250000
34.45,1712017549500000
34.45,1712017549750000
34.47,1712017550000000
34.47,1712017550250000
34.47,1712017550500000
34.47,1712017550750000
34.5,1712017551000000
34.5,1712017551250000
34.5,1712017551500000
34.5,1712017551750000
34.5,1712017552000000
34.5,1712017552250000
34.5,1712017552500000
34.5,1712017552750000
34.53,1712017553000000
34.53,1712017553250000
34.53,1712017553500000
34.53,1712017553750000
34.53,1712017554000000
34.53,1712017554250000
34.53,1712017554500000
34.53,1712017554750000
34.53,1712017555000000
34.53,1712017555250000
34.53,1712017555500000
34.53,1712017555750000
34.55,1712017556000000
34.55,1712017556250000
34.55,1712017556500000
34.55,1712017556750000
34.57,1712017557000000
34.57,1712017557250000
34.57,1712017557500000
34.57,1712017557750000
34.55,1712017558000000
34.55,1712017558250000
34.55,1712017558500000
34.55,1712017558750000
34.57,1712017559000000
34.57,1712017559250000
34.57,1712017559500000
34.57,1712017559750000
34.59,1712017560000000
34.59,1712017560250000
34.59,1712017560500000
34.59,1712017560750000
34.59,1712017561000000
34.59,1712017561250000
34.59,1712017561500000
34.59,1712017561750000
34.59,1712017562000000
34.59,1712017562250000
34.59,1712017562500000
34.59,1712017562750000
34.59,1712017563000000
34.59,1712017563250000
34.59,1712017563500000
34.59,1712017563750000
34.59,1712017564000000
34.59,1712017564250000
34.59,1712017564500000
34.59,1712017564750000
34.59,1712017565000000
34.59,1712017565250000
34.59,1712017565500000
34.59,1712017565750000
34.59,1712017566000000
34.59,1712017566250000
34.59,1712017566500000
34.59,1712017566750000
34.59,1712017567000000
34.59,1712017567250000
34.59,1712017567500000
34.59,1712017567750000
34.59,1712017568000000
34.59,1712017568250000
34.59,1712017568500000
34.59,1712017568750000
34.59,1712017569000000
34.59,1712017569250000
34.59,1712017569500000
34.59,1712017569750000
34.57,1712017570000000
34.57,1712017570250000
34.57,1712017570500000
34.57,1712017570750000
34.55,1712017571000000
34.55,1712017571250000
34.55,1712017571500000
34.55,1712017571750000
34.57,1712017572000000
34.57,1712017572250000
34.57,1712017572500000
34.57,1712017572750000
34.53,1712017573000000
34.53,1712017573250000
34.53,1712017573500000
34.53,1712017573750000
34.53,1712017574000000
34.53,1712017574250000
34.53,1712017574500000
34.53,1712017574750000
34.5,1712017575000000
34.5,1712017575250000
34.5,1712017575500000
34.5,1712017575750000
34.49,1712017576000000
34.49,1712017576250000
34.49,1712017576500000
34.49,1712017576750000
34.49,1712017577000000
34.49,1712017577250000
34.49,1712017577500000
34.49,1712017577750000
34.49,1712017578000000
34.49,1712017578250000
34.49,1712017578500000
34.49,1712017578750000
34.49,1712017579000000
34.49,1712017579250000
34.49,1712017579500000
34.49,1712017579750000
34.45,1712017580000000
34.45,1712017580250000
34.45,1712017580500000
34.45,1712017580750000
34.45,1712017581000000
34.45,1712017581250000
34.45,1712017581500000
34.45,1712017581750000
34.47,1712017582000000
34.47,1712017582250000
34.47,1712017582500000
34.47,1712017582750000
34.45,1712017583000000
34.45,1712017583250000
34.45,1712017583500000
34.45,1712017583750000
34.43,1712017584000000
34.43,1712017584250000
34.43,1712017584500000
34.43,1712017584750000
34.45,1712017585000000
34.45,1712017585250000
34.45,1712017585500000
34.45,1712017585750000
34.47,1712017586000000
34.47,1712017586250000
34.47,1712017586500000
34.47,1712017586750000
34.43,1712017587000000
34.43,1712017587250000
34.43,1712017587500000
34.43,1712017587750000
34.43,1712017588000000
34.43,1712017588250000
34.43,1712017588500000
34.43,1712017588750000
34.43,1712017589000000
34.43,1712017589250000
34.43,1712017589500000
34.43,1712017589750000
34.43,1712017590000000
34.43,1712017590250000
34.43,1712017590500000
34.43,1712017590750000
34.43,1712017591000000
34.43,1712017591250000
34.43,1712017591500000
34.43,1712017591750000
34.43,1712017592000000
34.43,1712017592250000
34.43,1712017592500000
34.43,1712017592750000
34.45,1712017593000000
34.45,1712017593250000
34.45,1712017593500000
34.45,1712017593750000
34.45,1712017594000000
34.45,1712017594250000
34.45,1712017594500000
34.45,1712017594750000
34.45,1712017595000000
34.45,1712017595250000
34.45,1712017595500000
34.45,1712017595750000
34.45,1712017596000000
34.45,1712017596250000
34.45,1712017596500000
34.45,1712017596750000
34.45,1712017597000000
34.45,1712017597250000
34.45,1712017597500000
34.45,1712017597750000
34.45,1712017598000000
34.45,1712017598250000
34.45,1712017598500000
34.45,1712017598750000
34.47,1712017599000000
34.47,1712017599250000
34.47,1712017599500000
34.47,1712017599750000
34.49,1712017600000000
34.49,1712017600250000
34.49,1712017600500000
34.49,1712017600750000
34.49,1712017601000000
34.49,1712017601250000
34.49,1712017601500000
34.49,1712017601750000
34.47,1712017602000000
34.47,1712017602250000
34.47,1712017602500000
34.47,1712017602750000
34.49,1712017603000000
34.49,1712017603250000
34.49,1712017603500000
34.49,1712017603750000
34.49,1712017604000000
34.49,1712017604250000
34.49,1712017604500000
34.49,1712017604750000
34.5,1712017605000000
34.5,1712017605250000
34.5,1712017605500000
34.5,1712017605750000
34.5,1712017606000000
34.5,1712017606250000
34.5,1712017606500000
34.5,1712017606750000
34.5,1712017607000000
34.5,1712017607250000
34.5,1712017607500000
34.5,1712017607750000
34.53,1712017608000000
34.53,1712017608250000
34.53,1712017608500000
34.53,1712017608750000
34.53,1712017609000000
34.53,1712017609250000
34.53,1712017609500000
34.53,1712017609750000
34.53,1712017610000000
34.53,1712017610250000
34.53,1712017610500000
34.53,1712017610750000
34.53,1712017611000000
34.53,1712017611250000
34.53,1712017611500000
34.53,1712017611750000
34.53,1712017612000000
34.53,1712017612250000
34.53,1712017612500000
34.53,1712017612750000
34.55,1712017613000000
34.55,1712017613250000
34.55,1712017613500000
34.55,1712017613750000
34.55,1712017614000000
34.55,1712017614250000
34.55,1712017614500000
34.55,1712017614750000
34.59,1712017615000000
34.59,1712017615250000
34.59,1712017615500000
34.59,1712017615750000
34.55,1712017616000000
34.55,1712017616250000
34.55,1712017616500000
34.55,1712017616750000
34.59,1712017617000000
34.59,1712017617250000
34.59,1712017617500000
34.59,1712017617750000
34.59,1712017618000000
34.59,1712017618250000
34.59,1712017618500000
34.59,1712017618750000
34.59,1712017619000000
34.59,1712017619250000
34.59,1712017619500000
34.59,1712017619750000
34.57,1712017620000000
34.57,1712017620250000
34.57,1712017620500000
34.57,1712017620750000
34.59,1712017621000000
34.59,1712017621250000
34.59,1712017621500000
34.59,1712017621750000
34.61,1712017622000000
34.61,1712017622250000
34.61,1712017622500000
34.61,1712017622750000
34.61,1712017623000000
34.61,1712017623250000
34.61,1712017623500000
34.61,1712017623750000
34.63,1712017624000000
34.63,1712017624250000
34.63,1712017624500000
34.63,1712017624750000
34.63,1712017625000000
34.63,1712017625250000
34.63,1712017625500000
34.63,1712017625750000
34.63,1712017626000000
34.63,1712017626250000
34.63,1712017626500000
34.63,1712017626750000
34.65,1712017627000000
34.65,1712017627250000
34.65,1712017627500000
34.65,1712017627750000
34.65,1712017628000000
34.65,1712017628250000
34.65,1712017628500000
34.65,1712017628750000
34.65,1712017629000000
34.65,1712017629250000
34.65,1712017629500000
34.65,1712017629750000
34.66,1712017630000000
34.66,1712017630250000
34.66,1712017630500000
34.66,1712017630750000
34.66,1712017631000000
34.66,1712017631250000
34.66,1712017631500000
34.66,1712017631750000
34.66,1712017632000000
34.66,1712017632250000
34.66,1712017632500000
34.66,1712017632750000
34.68,1712017633000000
34.68,1712017633250000
34.68,1712017633500000
34.68,1712017633750000
34.68,1712017634000000
34.68,1712017634250000
34.68,1712017634500000
34.68,1712017634750000
34.66,1712017635000000
34.66,1712017635250000
34.66,1712017635500000
34.66,1712017635750000
34.71,1712017636000000
34.71,1712017636250000
34.71,1712017636500000
34.71,1712017636750000
34.71,1712017637000000
34.71,1712017637250000
34.71,1712017637500000
34.71,1712017637750000
34.73,1712017638000000
34.73,1712017638250000
34.73,1712017638500000
34.73,1712017638750000
34.73,1712017639000000
34.73,1712017639250000
34.73,1712017639500000
34.73,1712017639750000
34.73,1712017640000000
34.73,1712017640250000
34.73,1712017640500000
34.73,1712017640750000
34.75,1712017641000000
34.75,1712017641250000
34.75,1712017641500000
34.75,1712017641750000
34.73,1712017642000000
34.73,1712017642250000
34.73,1712017642500000
34.73,1712017642750000
34.73,1712017643000000
34.73,1712017643250000
34.73,1712017643500000
34.73,1712017643750000
34.77,1712017644000000
34.77,1712017644250000
34.77,1712017644500000
34.77,1712017644750000
34.77,1712017645000000
34.77,1712017645250000
34.77,1712017645500000
34.77,1712017645750000
34.75,1712017646000000
34.75,1712017646250000
34.75,1712017646500000
34.75,1712017646750000
34.75,1712017647000000
34.75,1712017647250000
34.75,1712017647500000
34.75,1712017647750000
34.75,1712017648000000
34.75,1712017648250000
34.75,1712017648500000
34.75,1712017648750000
34.77,1712017649000000
34.77,1712017649250000
34.77,1712017649500000
34.77,1712017649750000
34.75,1712017650000000
34.75,1712017650250000
34.75,1712017650500000
34.75,1712017650750000
34.77,1712017651000000
34.77,1712017651250000
34.77,1712017651500000
34.77,1712017651750000
34.75,1712017652000000
34.75,1712017652250000
34.75,1712017652500000
34.75,1712017652750000
34.77,1712017653000000
34.77,1712017653250000
34.77,1712017653500000
34.77,1712017653750000
34.75,1712017654000000
34.75,1712017654250000
34.75,1712017654500000
34.75,1712017654750000
34.73,1712017655000000
34.73,1712017655250000
34.73,1712017655500000
34.73,1712017655750000
34.73,1712017656000000
34.73,1712017656250000
34.73,1712017656500000
34.73,1712017656750000
34.75,1712017657000000
34.75,1712017657250000
34.75,1712017657500000
34.75,1712017657750000
34.73,1712017658000000
34.73,1712017658250000
34.73,1712017658500000
34.73,1712017658750000
34.75,1712017659000000
34.75,1712017659250000
34.75,1712017659500000
34.75,1712017659750000
34.75,1712017660000000
34.75,1712017660250000
34.75,1712017660500000
34.75,1712017660750000
34.75,1712017661000000
34.75,1712017661250000
34.75,1712017661500000
34.75,1712017661750000
34.75,1712017662000000
34.75,1712017662250000
34.75,1712017662500000
34.75,1712017662750000
34.75,1712017663000000
34.75,1712017663250000
34.75,1712017663500000
34.75,1712017663750000
34.75,1712017664000000
34.75,1712017664250000
34.75,1712017664500000
34.75,1712017664750000
34.75,1712017665000000
34.75,1712017665250000
34.75,1712017665500000
34.75,1712017665750000
34.75,1712017666000000
34.75,1712017666250000
34.75,1712017666500000
34.75,1712017666750000
34.79,1712017667000000
34.79,1712017667250000
34.79,1712017667500000
34.79,1712017667750000
34.77,1712017668000000
34.77,1712017668250000
34.77,1712017668500000
34.77,1712017668750000
34.77,1712017669000000
34.77,1712017669250000
34.77,1712017669500000
34.77,1712017669750000
34.79,1712017670000000
34.79,1712017670250000
34.79,1712017670500000
34.79,1712017670750000
34.77,1712017671000000
34.77,1712017671250000
34.77,1712017671500000
34.77,1712017671750000
34.79,1712017672000000
34.79,1712017672250000
34.79,1712017672500000
34.79,1712017672750000
34.79,1712017673000000
34.79,1712017673250000
34.79,1712017673500000
34.79,1712017673750000
34.79,1712017674000000
34.79,1712017674250000
34.79,1712017674500000
34.79,1712017674750000
34.79,1712017675000000
34.79,1712017675250000
34.79,1712017675500000
34.79,1712017675750000
34.77,1712017676000000
34.77,1712017676250000
34.77,1712017676500000
34.77,1712017676750000
34.79,1712017677000000
34.79,1712017677250000
34.79,1712017677500000
34.79,1712017677750000
34.79,1712017678000000
34.79,1712017678250000
34.79,1712017678500000
34.79,1712017678750000
34.81,1712017679000000
34.81,1712017679250000
34.81,1712017679500000
34.81,1712017679750000
34.81,1712017680000000
34.81,1712017680250000
34.81,1712017680500000
34.81,1712017680750000
34.81,1712017681000000
34.81,1712017681250000
34.81,1712017681500000
34.81,1712017681750000
34.81,1712017682000000
34.81,1712017682250000
34.81,1712017682500000
34.81,1712017682750000
34.81,1712017683000000
34.81,1712017683250000
34.81,1712017683500000
34.81,1712017683750000
34.81,1712017684000000
34.81,1712017684250000
34.81,1712017684500000
34.81,1712017684750000
34.83,1712017685000000
34.83,1712017685250000
34.83,1712017685500000
34.83,1712017685750000
34.81,1712017686000000
34.81,1712017686250000
34.81,1712017686500000
34.81,1712017686750000
34.83,1712017687000000
34.83,1712017687250000
34.83,1712017687500000
34.83,1712017687750000
34.84,1712017688000000
34.84,1712017688250000
34.84,1712017688500000
34.84,1712017688750000
34.84,1712017689000000
34.84,1712017689250000
34.84,1712017689500000
34.84,1712017689750000
34.84,1712017690000000
34.84,1712017690250000
34.84,1712017690500000
34.84,1712017690750000
34.84,1712017691000000
34.84,1712017691250000
34.84,1712017691500000
34.84,1712017691750000
34.84,1712017692000000
34.84,1712017692250000
34.84,1712017692500000
34.84,1712017692750000
34.84,1712017693000000
34.84,1712017693250000
34.84,1712017693500000
34.84,1712017693750000
34.83,1712017694000000
34.83,1712017694250000
34.83,1712017694500000
34.83,1712017694750000
34.84,1712017695000000
34.84,1712017695250000
34.84,1712017695500000
34.84,1712017695750000
34.84,1712017696000000
34.84,1712017696250000
34.84,1712017696500000
34.84,1712017696750000
34.87,1712017697000000
34.87,1712017697250000
34.87,1712017697500000
34.87,1712017697750000
34.84,1712017698000000
34.84,1712017698250000
34.84,1712017698500000
34.84,1712017698750000
34.87,1712017699000000
34.87,1712017699250000
34.87,1712017699500000
34.87,1712017699750000
34.84,1712017700000000
34.84,1712017700250000
34.84,1712017700500000
34.84,1712017700750000
34.87,1712017701000000
34.87,1712017701250000
34.87,1712017701500000
34.87,1712017701750000
34.87,1712017702000000
34.87,1712017702250000
34.87,1712017702500000
34.87,1712017702750000
34.87,1712017703000000
34.87,1712017703250000
34.87,1712017703500000
34.87,1712017703750000
34.84,1712017704000000
34.84,1712017704250000
34.84,1712017704500000
34.84,1712017704750000
34.87,1712017705000000
34.87,1712017705250000
34.87,1712017705500000
34.87,1712017705750000
34.89,1712017706000000
34.89,1712017706250000
34.89,1712017706500000
34.89,1712017706750000
34.87,1712017707000000
34.87,1712017707250000
34.87,1712017707500000
34.87,1712017707750000
34.89,1712017708000000
34.89,1712017708250000
34.89,1712017708500000
34.89,1712017708750000
34.89,1712017709000000
34.89,1712017709250000
34.89,1712017709500000
34.89,1712017709750000
34.89,1712017710000000
34.89,1712017710250000
34.89,1712017710500000
34.89,1712017710750000
34.89,1712017711000000
34.89,1712017711250000
34.89,1712017711500000
34.89,1712017711750000
34.89,1712017712000000
34.89,1712017712250000
34.89,1712017712500000
34.89,1712017712750000
34.89,1712017713000000
34.89,1712017713250000
34.89,1712017713500000
34.89,1712017713750000
34.87,1712017714000000
34.87,1712017714250000
34.87,1712017714500000
34.87,1712017714750000
34.89,1712017715000000
34.89,1712017715250000
34.89,1712017715500000
34.89,1712017715750000
34.87,1712017716000000
34.87,1712017716250000
34.87,1712017716500000
34.87,1712017716750000
34.84,1712017717000000
34.84,1712017717250000
34.84,1712017717500000
34.84,1712017717750000
34.84,1712017718000000
34.84,1712017718250000
34.84,1712017718500000
34.84,1712017718750000
34.84,1712017719000000
34.84,1712017719250000
34.84,1712017719500000
34.84,1712017719750000
34.84,1712017720000000
34.84,1712017720250000
34.84,1712017720500000
34.84,1712017720750000
34.83,1712017721000000
34.83,1712017721250000
34.83,1712017721500000
34.83,1712017721750000
34.83,1712017722000000
34.83,1712017722250000
34.83,1712017722500000
34.83,1712017722750000
34.81,1712017723000000
34.81,1712017723250000
34.81,1712017723500000
34.81,1712017723750000
34.81,1712017724000000
34.81,1712017724250000
34.81,1712017724500000
34.81,1712017724750000
34.83,1712017725000000
34.83,1712017725250000
34.83,1712017725500000
34.83,1712017725750000
34.81,1712017726000000
34.81,1712017726250000
34.81,1712017726500000
34.81,1712017726750000
34.81,1712017727000000
34.81,1712017727250000
34.81,1712017727500000
34.81,1712017727750000
34.81,1712017728000000
34.81,1712017728250000
34.81,1712017728500000
34.81,1712017728750000
34.79,1712017729000000
34.79,1712017729250000
34.79,1712017729500000
34.79,1712017729750000
34.79,1712017730000000
34.79,1712017730250000
34.79,1712017730500000
34.79,1712017730750000
34.79,1712017731000000
34.79,1712017731250000
34.79,1712017731500000
34.79,1712017731750000
34.79,1712017732000000
34.79,1712017732250000
34.79,1712017732500000
34.79,1712017732750000
34.81,1712017733000000
34.81,1712017733250000
34.81,1712017733500000
34.81,1712017733750000
34.81,1712017734000000
34.81,1712017734250000
34.81,1712017734500000
34.81,1712017734750000
34.79,1712017735000000
34.79,1712017735250000
34.79,1712017735500000
34.79,1712017735750000
34.79,1712017736000000
34.79,1712017736250000
34.79,1712017736500000
34.79,1712017736750000
34.79,1712017737000000
34.79,1712017737250000
34.79,1712017737500000
34.79,1712017737750000
34.81,1712017738000000
34.81,1712017738250000
34.81,1712017738500000
34.81,1712017738750000
34.81,1712017739000000
34.81,1712017739250000
34.81,1712017739500000
34.81,1712017739750000
34.81,1712017740000000
34.81,1712017740250000
34.81,1712017740500000
34.81,1712017740750000
34.81,1712017741000000
34.81,1712017741250000
34.81,1712017741500000
34.81,1712017741750000
34.83,1712017742000000
34.83,1712017742250000
34.83,1712017742500000
34.83,1712017742750000
34.83,1712017743000000
34.83,1712017743250000
34.83,1712017743500000
34.83,1712017743750000
34.81,1712017744000000
34.81,1712017744250000
34.81,1712017744500000
34.81,1712017744750000
34.83,1712017745000000
34.83,1712017745250000
34.83,1712017745500000
34.83,1712017745750000
34.83,1712017746000000
34.83,1712017746250000
34.83,1712017746500000
34.83,1712017746750000
34.81,1712017747000000
34.81,1712017747250000
34.81,1712017747500000
34.81,1712017747750000
34.83,1712017748000000
34.83,1712017748250000
34.83,1712017748500000
34.83,1712017748750000
34.83,1712017749000000
34.83,1712017749250000
34.83,1712017749500000
34.83,1712017749750000
34.84,1712017750000000
34.84,1712017750250000
34.84,1712017750500000
34.84,1712017750750000
34.84,1712017751000000
34.84,1712017751250000
34.84,1712017751500000
34.84,1712017751750000
34.83,1712017752000000
34.83,1712017752250000
34.83,1712017752500000
34.83,1712017752750000
34.83,1712017753000000
34.83,1712017753250000
34.83,1712017753500000
34.83,1712017753750000
34.83,1712017754000000
34.83,1712017754250000
34.83,1712017754500000
34.83,1712017754750000
34.87,1712017755000000
34.87,1712017755250000
34.87,1712017755500000
34.87,1712017755750000
34.87,1712017756000000
34.87,1712017756250000
34.87,1712017756500000
34.87,1712017756750000
34.87,1712017757000000
34.87,1712017757250000
34.87,1712017757500000
34.87,1712017757750000
34.87,1712017758000000
34.87,1712017758250000
34.87,1712017758500000
34.87,1712017758750000
34.84,1712017759000000
34.84,1712017759250000
34.84,1712017759500000
34.84,1712017759750000
34.87,1712017760000000
34.87,1712017760250000
34.87,1712017760500000
34.87,1712017760750000
34.87,1712017761000000
34.87,1712017761250000
34.87,1712017761500000
34.87,1712017761750000
34.91,1712017762000000
34.91,1712017762250000
34.91,1712017762500000
34.91,1712017762750000
34.87,1712017763000000
34.87,1712017763250000
34.87,1712017763500000
34.87,1712017763750000
34.87,1712017764000000
34.87,1712017764250000
34.87,1712017764500000
34.87,1712017764750000
34.89,1712017765000000
34.89,1712017765250000
34.89,1712017765500000
34.89,1712017765750000
34.87,1712017766000000
34.87,1712017766250000
34.87,1712017766500000
34.87,1712017766750000
34.89,1712017767000000
34.89,1712017767250000
34.89,1712017767500000
34.89,1712017767750000
34.87,1712017768000000
34.87,1712017768250000
34.87,1712017768500000
34.87,1712017768750000
34.89,1712017769000000
34.89,1712017769250000
34.89,1712017769500000
34.89,1712017769750000
34.89,1712017770000000
34.89,1712017770250000
34.89,1712017770500000
34.89,1712017770750000
34.89,1712017771000000
34.89,1712017771250000
34.89,1712017771500000
34.89,1712017771750000
34.89,1712017772000000
34.89,1712017772250000
34.89,1712017772500000
34.89,1712017772750000
34.89,1712017773000000
34.89,1712017773250000
34.89,1712017773500000
34.89,1712017773750000
34.87,1712017774000000
34.87,1712017774250000
34.87,1712017774500000
34.87,1712017774750000
34.89,1712017775000000
34.89,1712017775250000
34.89,1712017775500000
34.89,1712017775750000
34.87,1712017776000000
34.87,1712017776250000
34.87,1712017776500000
34.87,1712017776750000
34.87,1712017777000000
34.87,1712017777250000
34.87,1712017777500000
34.87,1712017777750000
34.87,1712017778000000
34.87,1712017778250000
34.87,1712017778500000
34.87,1712017778750000
34.87,1712017779000000
34.87,1712017779250000
34.87,1712017779500000
34.87,1712017779750000
34.89,1712017780000000
34.89,1712017780250000
34.89,1712017780500000
34.89,1712017780750000
34.84,1712017781000000
34.84,1712017781250000
34.84,1712017781500000
34.84,1712017781750000
34.81,1712017782000000
34.81,1712017782250000
34.81,1712017782500000
34.81,1712017782750000
34.84,1712017783000000
34.84,1712017783250000
34.84,1712017783500000
34.84,1712017783750000
34.83,1712017784000000
34.83,1712017784250000
34.83,1712017784500000
34.83,1712017784750000
34.83,1712017785000000
34.83,1712017785250000
34.83,1712017785500000
34.83,1712017785750000
34.83,1712017786000000
34.83,1712017786250000
34.83,1712017786500000
34.83,1712017786750000
34.81,1712017787000000
34.81,1712017787250000
34.81,1712017787500000
34.81,1712017787750000
34.79,1712017788000000
34.79,1712017788250000
34.79,1712017788500000
34.79,1712017788750000
34.79,1712017789000000
34.79,1712017789250000
34.79,1712017789500000
34.79,1712017789750000
34.79,1712017790000000
34.79,1712017790250000
34.79,1712017790500000
34.79,1712017790750000
34.77,1712017791000000
34.77,1712017791250000
34.77,1712017791500000
34.77,1712017791750000
34.77,1712017792000000
34.77,1712017792250000
34.77,1712017792500000
34.77,1712017792750000
34.77,1712017793000000
34.77,1712017793250000
34.77,1712017793500000
34.77,1712017793750000
34.75,1712017794000000
34.75,1712017794250000
34.75,1712017794500000
34.75,1712017794750000
34.77,1712017795000000
34.77,1712017795250000
34.77,1712017795500000
34.77,1712017795750000
34.77,1712017796000000
34.77,1712017796250000
34.77,1712017796500000
34.77,1712017796750000
34.77,1712017797000000
34.77,1712017797250000
34.77,1712017797500000
34.77,1712017797750000
34.77,1712017798000000
34.77,1712017798250000
34.77,1712017798500000
34.77,1712017798750000
34.75,1712017799000000
34.75,1712017799250000
34.75,1712017799500000
34.75,1712017799750000
34.75,1712017800000000
34.75,1712017800250000
34.75,1712017800500000
34.75,1712017800750000
34.73,1712017801000000
34.73,1712017801250000
34.73,1712017801500000
34.73,1712017801750000
34.73,1712017802000000
34.73,1712017802250000
34.73,1712017802500000
34.73,1712017802750000
34.75,1712017803000000
34.75,1712017803250000
34.75,1712017803500000
34.75,1712017803750000
34.75,1712017804000000
34.75,1712017804250000
34.75,1712017804500000
34.75,1712017804750000
34.73,1712017805000000
34.73,1712017805250000
34.73,1712017805500000
34.73,1712017805750000
34.75,1712017806000000
34.75,1712017806250000
34.75,1712017806500000
34.75,1712017806750000
34.73,1712017807000000
34.73,1712017807250000
34.73,1712017807500000
34.73,1712017807750000
34.71,1712017808000000
34.71,1712017808250000
34.71,1712017808500000
34.71,1712017808750000
34.71,1712017809000000
34.71,1712017809250000
34.71,1712017809500000
34.71,1712017809750000
34.68,1712017810000000
34.68,1712017810250000
34.68,1712017810500000
34.68,1712017810750000
34.68,1712017811000000
34.68,1712017811250000
34.68,1712017811500000
34.68,1712017811750000
34.68,1712017812000000
34.68,1712017812250000
34.68,1712017812500000
34.68,1712017812750000
34.68,1712017813000000
34.68,1712017813250000
34.68,1712017813500000
34.68,1712017813750000
34.68,1712017814000000
34.68,1712017814250000
34.68,1712017814500000
34.68,1712017814750000
34.68,1712017815000000
34.68,1712017815250000
34.68,1712017815500000
34.68,1712017815750000
34.65,1712017816000000
34.65,1712017816250000
34.65,1712017816500000
34.65,1712017816750000
34.66,1712017817000000
34.66,1712017817250000
34.66,1712017817500000
34.66,1712017817750000
34.65,1712017818000000
34.65,1712017818250000
34.65,1712017818500000
34.65,1712017818750000
34.65,1712017819000000
34.65,1712017819250000
34.65,1712017819500000
34.65,1712017819750000
34.65,1712017820000000
34.65,1712017820250000
34.65,1712017820500000
34.65,1712017820750000
34.65,1712017821000000
34.65,1712017821250000
34.65,1712017821500000
34.65,1712017821750000
34.65,1712017822000000
34.65,1712017822250000
34.65,1712017822500000
34.65,1712017822750000
34.65,1712017823000000
34.65,1712017823250000
34.65,1712017823500000
34.65,1712017823750000
34.63,1712017824000000
34.63,1712017824250000
34.63,1712017824500000
34.63,1712017824750000
34.63,1712017825000000
34.63,1712017825250000
34.63,1712017825500000
34.63,1712017825750000
34.63,1712017826000000
34.63,1712017826250000
34.63,1712017826500000
34.63,1712017826750000
34.63,1712017827000000
34.63,1712017827250000
34.63,1712017827500000
34.63,1712017827750000
34.63,1712017828000000
34.63,1712017828250000
34.63,1712017828500000
34.63,1712017828750000
34.61,1712017829000000
34.61,1712017829250000
34.61,1712017829500000
34.61,1712017829750000
34.61,1712017830000000
34.61,1712017830250000
34.61,1712017830500000
34.61,1712017830750000
34.61,1712017831000000
34.61,1712017831250000
34.61,1712017831500000
34.61,1712017831750000
34.57,1712017832000000
34.57,1712017832250000
34.57,1712017832500000
34.57,1712017832750000
34.61,1712017833000000
34.61,1712017833250000
34.61,1712017833500000
34.61,1712017833750000
34.57,1712017834000000
34.57,1712017834250000
34.57,1712017834500000
34.57,1712017834750000
34.59,1712017835000000
34.59,1712017835250000
34.59,1712017835500000
34.59,1712017835750000
34.59,1712017836000000
34.59,1712017836250000
34.59,1712017836500000
34.59,1712017836750000
34.59,1712017837000000
34.59,1712017837250000
34.59,1712017837500000
34.59,1712017837750000
34.59,1712017838000000
34.59,1712017838250000
34.59,1712017838500000
34.59,1712017838750000
34.57,1712017839000000
34.57,1712017839250000
34.57,1712017839500000
34.57,1712017839750000
34.57,1712017840000000
34.57,1712017840250000
34.57,1712017840500000
34.57,1712017840750000
34.57,1712017841000000
34.57,1712017841250000
34.57,1712017841500000
34.57,1712017841750000
34.57,1712017842000000
34.57,1712017842250000
34.57,1712017842500000
34.57,1712017842750000
34.57,1712017843000000
34.57,1712017843250000
34.57,1712017843500000
34.57,1712017843750000
34.57,1712017844000000
34.57,1712017844250000
34.57,1712017844500000
34.57,1712017844750000
34.57,1712017845000000
34.57,1712017845250000
34.57,1712017845500000
34.57,1712017845750000
34.57,1712017846000000
34.57,1712017846250000
34.57,1712017846500000
34.57,1712017846750000
34.57,1712017847000000
34.57,1712017847250000
34.57,1712017847500000
34.57,1712017847750000
34.55,1712017848000000
34.55,1712017848250000
34.55,1712017848500000
34.55,1712017848750000
34.57,1712017849000000
34.57,1712017849250000
34.57,1712017849500000
34.57,1712017849750000
34.55,1712017850000000
34.55,1712017850250000
34.55,1712017850500000
34.55,1712017850750000
34.55,1712017851000000
34.55,1712017851250000
34.55,1712017851500000
34.55,1712017851750000
34.55,1712017852000000
34.55,1712017852250000
34.55,1712017852500000
34.55,1712017852750000
34.55,1712017853000000
34.55,1712017853250000
34.55,1712017853500000
34.55,1712017853750000
34.55,1712017854000000
34.55,1712017854250000
34.55,1712017854500000
34.55,1712017854750000
34.53,1712017855000000
34.53,1712017855250000
34.53,1712017855500000
34.53,1712017855750000
34.53,1712017856000000
34.53,1712017856250000
34.53,1712017856500000
34.53,1712017856750000
34.53,1712017857000000
34.53,1712017857250000
34.53,1712017857500000
34.53,1712017857750000
34.53,1712017858000000
34.53,1712017858250000
34.53,1712017858500000
34.53,1712017858750000
34.55,1712017859000000
34.55,1712017859250000
34.55,1712017859500000
34.55,1712017859750000
34.53,1712017860000000
34.53,1712017860250000
34.53,1712017860500000
34.53,1712017860750000
34.53,1712017861000000
34.53,1712017861250000
34.53,1712017861500000
34.53,1712017861750000
34.53,1712017862000000
34.53,1712017862250000
34.53,1712017862500000
34.53,1712017862750000
34.53,1712017863000000
34.53,1712017863250000
34.53,1712017863500000
34.53,1712017863750000
34.53,1712017864000000
34.53,1712017864250000
34.53,1712017864500000
34.53,1712017864750000
34.5,1712017865000000
34.5,1712017865250000
34.5,1712017865500000
34.5,1712017865750000
34.53,1712017866000000
34.53,1712017866250000
34.53,1712017866500000
34.53,1712017866750000
34.53,1712017867000000
34.53,1712017867250000
34.53,1712017867500000
34.53,1712017867750000
34.5,1712017868000000
34.5,1712017868250000
34.5,1712017868500000
34.5,1712017868750000
34.5,1712017869000000
34.5,1712017869250000
34.5,1712017869500000
34.5,1712017869750000
34.49,1712017870000000
34.49,1712017870250000
34.49,1712017870500000
34.49,1712017870750000
34.5,1712017871000000
34.5,1712017871250000
34.5,1712017871500000
34.5,1712017871750000
34.5,1712017872000000
34.5,1712017872250000
34.5,1712017872500000
34.5,1712017872750000
34.53,1712017873000000
34.53,1712017873250000
34.53,1712017873500000
34.53,1712017873750000
34.49,1712017874000000
34.49,1712017874250000
34.49,1712017874500000
34.49,1712017874750000
34.49,1712017875000000
34.49,1712017875250000
34.49,1712017875500000
34.49,1712017875750000
34.47,1712017876000000
34.47,1712017876250000
34.47,1712017876500000
34.47,1712017876750000
34.49,1712017877000000
34.49,1712017877250000
34.49,1712017877500000
34.49,1712017877750000
34.47,1712017878000000
34.47,1712017878250000
34.47,1712017878500000
34.47,1712017878750000
34.47,1712017879000000
34.47,1712017879250000
34.47,1712017879500000
34.47,1712017879750000
34.47,1712017880000000
34.47,1712017880250000
34.47,1712017880500000
34.47,1712017880750000
34.47,1712017881000000
34.47,1712017881250000
34.47,1712017881500000
34.47,1712017881750000
34.47,1712017882000000
34.47,1712017882250000
34.47,1712017882500000
34.47,1712017882750000
34.47,1712017883000000
34.47,1712017883250000
34.47,1712017883500000
34.47,1712017883750000
34.49,1712017884000000
34.49,1712017884250000
34.49,1712017884500000
34.49,1712017884750000
34.45,1712017885000000
34.45,1712017885250000
34.45,1712017885500000
34.45,1712017885750000
34.45,1712017886000000
34.45,1712017886250000
34.45,1712017886500000
34.45,1712017886750000
34.45,1712017887000000
34.45,1712017887250000
34.45,1712017887500000
34.45,1712017887750000
34.43,1712017888000000
34.43,1712017888250000
34.43,1712017888500000
34.43,1712017888750000
34.43,1712017889000000
34.43,1712017889250000
34.43,1712017889500000
34.43,1712017889750000
34.43,1712017890000000
34.43,1712017890250000
34.43,1712017890500000
34.43,1712017890750000
34.47,1712017891000000
34.47,1712017891250000
34.47,1712017891500000
34.47,1712017891750000
34.45,1712017892000000
34.45,1712017892250000
34.45,1712017892500000
34.45,1712017892750000
34.45,1712017893000000
34.45,1712017893250000
34.45,1712017893500000
34.45,1712017893750000
34.41,1712017894000000
34.41,1712017894250000
34.41,1712017894500000
34.41,1712017894750000
34.45,1712017895000000
34.45,1712017895250000
34.45,1712017895500000
34.45,1712017895750000
34.43,1712017896000000
34.43,1712017896250000
34.43,1712017896500000
34.43,1712017896750000
34.43,1712017897000000
34.43,1712017897250000
34.43,1712017897500000
34.43,1712017897750000
34.41,1712017898000000
34.41,1712017898250000
34.41,1712017898500000
34.41,1712017898750000
34.43,1712017899000000
34.43,1712017899250000
34.43,1712017899500000
34.43,1712017899750000
34.41,1712017900000000
34.41,1712017900250000
34.41,1712017900500000
34.41,1712017900750000
34.43,1712017901000000
34.43,1712017901250000
34.43,1712017901500000
34.43,1712017901750000
34.41,1712017902000000
34.41,1712017902250000
34.41,1712017902500000
34.41,1712017902750000
34.43,1712017903000000
34.43,1712017903250000
34.43,1712017903500000
34.43,1712017903750000
34.41,1712017904000000
34.41,1712017904250000
34.41,1712017904500000
34.41,1712017904750000
34.41,1712017905000000
34.41,1712017905250000
34.41,1712017905500000
34.41,1712017905750000
34.41,1712017906000000
34.41,1712017906250000
34.41,1712017906500000
34.41,1712017906750000
34.41,1712017907000000
34.41,1712017907250000
34.41,1712017907500000
34.41,1712017907750000
34.37,1712017908000000
34.37,1712017908250000
34.37,1712017908500000
34.37,1712017908750000
34.41,1712017909000000
34.41,1712017909250000
34.41,1712017909500000
34.41,1712017909750000
34.41,1712017910000000
34.41,1712017910250000
34.41,1712017910500000
34.41,1712017910750000
34.41,1712017911000000
34.41,1712017911250000
34.41,1712017911500000
34.41,1712017911750000
34.41,1712017912000000
34.41,1712017912250000
34.41,1712017912500000
34.41,1712017912750000
34.43,1712017913000000
34.43,1712017913250000
34.43,1712017913500000
34.43,1712017913750000
34.41,1712017914000000
34.41,1712017914250000
34.41,1712017914500000
34.41,1712017914750000
34.41,1712017915000000
34.41,1712017915250000
34.41,1712017915500000
34.41,1712017915750000
34.43,1712017916000000
34.43,1712017916250000
34.43,1712017916500000
34.43,1712017916750000
34.43,1712017917000000
34.43,1712017917250000
34.43,1712017917500000
34.43,1712017917750000
34.43,1712017918000000
34.43,1712017918250000
34.43,1712017918500000
34.43,1712017918750000
34.45,1712017919000000
34.45,1712017919250000
34.45,1712017919500000
34.45,1712017919750000
34.47,1712017920000000
34.47,1712017920250000
34.47,1712017920500000
34.47,1712017920750000
34.45,1712017921000000
34.45,1712017921250000
34.45,1712017921500000
34.45,1712017921750000
34.45,1712017922000000
34.45,1712017922250000
34.45,1712017922500000
34.45,1712017922750000
34.45,1712017923000000
34.45,1712017923250000
34.45,1712017923500000
34.45,1712017923750000
34.45,1712017924000000
34.45,1712017924250000
34.45,1712017924500000
34.45,1712017924750000
34.45,1712017925000000
34.45,1712017925250000
34.45,1712017925500000
34.45,1712017925750000
34.45,1712017926000000
34.45,1712017926250000
34.45,1712017926500000
34.45,1712017926750000
34.43,1712017927000000
34.43,1712017927250000
34.43,1712017927500000
34.43,1712017927750000
34.45,1712017928000000
34.45,1712017928250000
34.45,1712017928500000
34.45,1712017928750000
34.47,1712017929000000
34.47,1712017929250000
34.47,1712017929500000
34.47,1712017929750000
34.45,1712017930000000
34.45,1712017930250000
34.45,1712017930500000
34.45,1712017930750000
34.47,1712017931000000
34.47,1712017931250000
34.47,1712017931500000
34.47,1712017931750000
34.45,1712017932000000
34.45,1712017932250000
34.45,1712017932500000
34.45,1712017932750000
34.45,1712017933000000
34.45,1712017933250000
34.45,1712017933500000
34.45,1712017933750000
34.45,1712017934000000
34.45,1712017934250000
34.45,1712017934500000
34.45,1712017934750000
34.45,1712017935000000
34.45,1712017935250000
34.45,1712017935500000
34.45,1712017935750000
34.47,1712017936000000
34.47,1712017936250000
34.47,1712017936500000
34.47,1712017936750000
34.47,1712017937000000
34.47,1712017937250000
34.47,1712017937500000
34.47,1712017937750000
34.47,1712017938000000
34.47,1712017938250000
34.47,1712017938500000
34.47,1712017938750000
34.45,1712017939000000
34.45,1712017939250000
34.45,1712017939500000
34.45,1712017939750000
34.45,1712017940000000
34.45,1712017940250000
34.45,1712017940500000
34.45,1712017940750000
34.47,1712017941000000
34.47,1712017941250000
34.47,1712017941500000
34.47,1712017941750000
34.45,1712017942000000
34.45,1712017942250000
34.45,1712017942500000
34.45,1712017942750000
34.47,1712017943000000
34.47,1712017943250000
34.47,1712017943500000
34.47,1712017943750000
34.45,1712017944000000
34.45,1712017944250000
34.45,1712017944500000
34.45,1712017944750000
34.43,1712017945000000
34.43,1712017945250000
34.43,1712017945500000
34.43,1712017945750000
34.45,1712017946000000
34.45,1712017946250000
34.45,1712017946500000
34.45,1712017946750000
34.47,1712017947000000
34.47,1712017947250000
34.47,1712017947500000
34.47,1712017947750000
34.49,1712017948000000
34.49,1712017948250000
34.49,1712017948500000
34.49,1712017948750000
34.47,1712017949000000
34.47,1712017949250000
34.47,1712017949500000
34.47,1712017949750000
34.5,1712017950000000
34.5,1712017950250000
34.5,1712017950500000
34.5,1712017950750000
34.49,1712017951000000
34.49,1712017951250000
34.49,1712017951500000
34.49,1712017951750000
34.5,1712017952000000
34.5,1712017952250000
34.5,1712017952500000
34.5,1712017952750000
34.49,1712017953000000
34.49,1712017953250000
34.49,1712017953500000
34.49,1712017953750000
34.5,1712017954000000
34.5,1712017954250000
34.5,1712017954500000
34.5,1712017954750000
34.5,1712017955000000
34.5,1712017955250000
34.5,1712017955500000
34.5,1712017955750000
34.5,1712017956000000
34.5,1712017956250000
34.5,1712017956500000
34.5,1712017956750000
34.49,1712017957000000
34.49,1712017957250000
34.49,1712017957500000
34.49,1712017957750000
34.5,1712017958000000
34.5,1712017958250000
34.5,1712017958500000
34.5,1712017958750000
34.49,1712017959000000
34.49,1712017959250000
34.49,1712017959500000
34.49,1712017959750000
34.49,1712017960000000
34.49,1712017960250000
34.49,1712017960500000
34.49,1712017960750000
34.49,1712017961000000
34.49,1712017961250000
34.49,1712017961500000
34.49,1712017961750000
34.49,1712017962000000
34.49,1712017962250000
34.49,1712017962500000
34.49,1712017962750000
34.5,1712017963000000
34.5,1712017963250000
34.5,1712017963500000
34.5,1712017963750000
34.49,1712017964000000
34.49,1712017964250000
34.49,1712017964500000
34.49,1712017964750000
34.49,1712017965000000
34.49,1712017965250000
34.49,1712017965500000
34.49,1712017965750000
34.47,1712017966000000
34.47,1712017966250000
34.47,1712017966500000
34.47,1712017966750000
34.47,1712017967000000
34.47,1712017967250000
34.47,1712017967500000
34.47,1712017967750000
34.47,1712017968000000
34.47,1712017968250000
34.47,1712017968500000
34.47,1712017968750000
34.47,1712017969000000
34.47,1712017969250000
34.47,1712017969500000
34.47,1712017969750000
34.49,1712017970000000
34.49,1712017970250000
34.49,1712017970500000
34.49,1712017970750000
34.47,1712017971000000
34.47,1712017971250000
34.47,1712017971500000
34.47,1712017971750000
34.49,1712017972000000
34.49,1712017972250000
34.49,1712017972500000
34.49,1712017972750000
34.49,1712017973000000
34.49,1712017973250000
34.49,1712017973500000
34.49,1712017973750000
34.49,1712017974000000
34.49,1712017974250000
34.49,1712017974500000
34.49,1712017974750000
34.47,1712017975000000
34.47,1712017975250000
34.47,1712017975500000
34.47,1712017975750000
34.49,1712017976000000
34.49,1712017976250000
34.49,1712017976500000
34.49,1712017976750000
34.49,1712017977000000
34.49,1712017977250000
34.49,1712017977500000
34.49,1712017977750000
34.49,1712017978000000
34.49,1712017978250000
34.49,1712017978500000
34.49,1712017978750000
34.47,1712017979000000
34.47,1712017979250000
34.47,1712017979500000
34.47,1712017979750000
34.47,1712017980000000
34.47,1712017980250000
34.47,1712017980500000
34.47,1712017980750000
34.47,1712017981000000
34.47,1712017981250000
34.47,1712017981500000
34.47,1712017981750000
34.49,1712017982000000
34.49,1712017982250000
34.49,1712017982500000
34.49,1712017982750000
34.49,1712017983000000
34.49,1712017983250000
34.49,1712017983500000
34.49,1712017983750000
34.5,1712017984000000
34.5,1712017984250000
34.5,1712017984500000
34.5,1712017984750000
34.5,1712017985000000
34.5,1712017985250000
34.5,1712017985500000
34.5,1712017985750000
34.53,1712017986000000
34.53,1712017986250000
34.53,1712017986500000
34.53,1712017986750000
34.5,1712017987000000
34.5,1712017987250000
34.5,1712017987500000
34.5,1712017987750000
34.5,1712017988000000
34.5,1712017988250000
34.5,1712017988500000
34.5,1712017988750000
34.53,1712017989000000
34.53,1712017989250000
34.53,1712017989500000
34.53,1712017989750000
34.53,1712017990000000
34.53,1712017990250000
34.53,1712017990500000
34.53,1712017990750000
34.53,1712017991000000
34.53,1712017991250000
34.53,1712017991500000
34.53,1712017991750000
34.55,1712017992000000
34.55,1712017992250000
34.55,1712017992500000
34.55,1712017992750000
34.55,1712017993000000
34.55,1712017993250000
34.55,1712017993500000
34.55,1712017993750000
34.55,1712017994000000
34.55,1712017994250000
34.55,1712017994500000
34.55,1712017994750000
34.57,1712017995000000
34.57,1712017995250000
34.57,1712017995500000
34.57,1712017995750000
34.57,1712017996000000
34.57,1712017996250000
34.57,1712017996500000
34.57,1712017996750000
34.57,1712017997000000
34.57,1712017997250000
34.57,1712017997500000
34.57,1712017997750000
34.57,1712017998000000
34.57,1712017998250000
34.57,1712017998500000
34.57,1712017998750000
34.59,1712017999000000
34.59,1712017999250000
34.59,1712017999500000
34.59,1712017999750000
34.57,1712018000000000
34.57,1712018000250000
34.57,1712018000500000
34.57,1712018000750000
34.57,1712018001000000
34.57,1712018001250000
34.57,1712018001500000
34.57,1712018001750000
34.55,1712018002000000
34.55,1712018002250000
34.55,1712018002500000
34.55,1712018002750000
34.59,1712018003000000
34.59,1712018003250000
34.59,1712018003500000
34.59,1712018003750000
34.55,1712018004000000
34.55,1712018004250000
34.55,1712018004500000
34.55,1712018004750000
34.59,1712018005000000
34.59,1712018005250000
34.59,1712018005500000
34.59,1712018005750000
34.55,1712018006000000
34.55,1712018006250000
34.55,1712018006500000
34.55,1712018006750000
34.55,1712018007000000
34.55,1712018007250000
34.55,1712018007500000
34.55,1712018007750000
34.55,1712018008000000
34.55,1712018008250000
34.55,1712018008500000
34.55,1712018008750000
34.5,1712018009000000
34.5,1712018009250000
34.5,1712018009500000
34.5,1712018009750000
34.55,1712018010000000
34.55,1712018010250000
34.55,1712018010500000
34.55,1712018010750000
34.53,1712018011000000
34.53,1712018011250000
34.53,1712018011500000
34.53,1712018011750000
34.5,1712018012000000
34.5,1712018012250000
34.5,1712018012500000
34.5,1712018012750000
34.53,1712018013000000
34.53,1712018013250000
34.53,1712018013500000
34.53,1712018013750000
34.5,1712018014000000
34.5,1712018014250000
34.5,1712018014500000
34.5,1712018014750000
34.5,1712018015000000
34.5,1712018015250000
34.5,1712018015500000
34.5,1712018015750000
34.5,1712018016000000
34.5,1712018016250000
34.5,1712018016500000
34.5,1712018016750000
34.49,1712018017000000
34.49,1712018017250000
34.49,1712018017500000
34.49,1712018017750000
34.5,1712018018000000
34.5,1712018018250000
34.5,1712018018500000
34.5,1712018018750000
34.49,1712018019000000
34.49,1712018019250000
34.49,1712018019500000
34.49,1712018019750000
34.49,1712018020000000
34.49,1712018020250000
34.49,1712018020500000
34.49,1712018020750000
34.5,1712018021000000
34.5,1712018021250000
34.5,1712018021500000
34.5,1712018021750000
34.5,1712018022000000
34.5,1712018022250000
34.5,1712018022500000
34.5,1712018022750000
34.49,1712018023000000
34.49,1712018023250000
34.49,1712018023500000
34.49,1712018023750000
34.49,1712018024000000
34.49,1712018024250000
34.49,1712018024500000
34.49,1712018024750000
34.47,1712018025000000
34.47,1712018025250000
34.47,1712018025500000
34.47,1712018025750000
34.47,1712018026000000
34.47,1712018026250000
34.47,1712018026500000
34.47,1712018026750000
34.49,1712018027000000
34.49,1712018027250000
34.49,1712018027500000
34.49,1712018027750000
34.49,1712018028000000
34.49,1712018028250000
34.49,1712018028500000
34.49,1712018028750000
34.49,1712018029000000
34.49,1712018029250000
34.49,1712018029500000
34.49,1712018029750000
34.49,1712018030000000
34.49,1712018030250000
34.49,1712018030500000
34.49,1712018030750000
34.47,1712018031000000
34.47,1712018031250000
34.47,1712018031500000
34.47,1712018031750000
34.47,1712018032000000
34.47,1712018032250000
34.47,1712018032500000
34.47,1712018032750000
34.45,1712018033000000
34.45,1712018033250000
34.45,1712018033500000
34.45,1712018033750000
34.47,1712018034000000
34.47,1712018034250000
34.47,1712018034500000
34.47,1712018034750000
34.43,1712018035000000
34.43,1712018035250000
34.43,1712018035500000
34.43,1712018035750000
34.45,1712018036000000
34.45,1712018036250000
34.45,1712018036500000
34.45,1712018036750000
34.47,1712018037000000
34.47,1712018037250000
34.47,1712018037500000
34.47,1712018037750000
34.47,1712018038000000
34.47,1712018038250000
34.47,1712018038500000
34.47,1712018038750000
34.45,1712018039000000
34.45,1712018039250000
34.45,1712018039500000
34.45,1712018039750000
34.45,1712018040000000
34.45,1712018040250000
34.45,1712018040500000
34.45,1712018040750000
34.45,1712018041000000
34.45,1712018041250000
34.45,1712018041500000
34.45,1712018041750000
34.47,1712018042000000
34.47,1712018042250000
34.47,1712018042500000
34.47,1712018042750000
34.47,1712018043000000
34.47,1712018043250000
34.47,1712018043500000
34.47,1712018043750000
34.45,1712018044000000
34.45,1712018044250000
34.45,1712018044500000
34.45,1712018044750000
34.47,1712018045000000
34.47,1712018045250000
34.47,1712018045500000
34.47,1712018045750000
34.43,1712018046000000
34.43,1712018046250000
34.43,1712018046500000
34.43,1712018046750000
34.45,1712018047000000
34.45,1712018047250000
34.45,1712018047500000
34.45,1712018047750000
34.45,1712018048000000
34.45,1712018048250000
34.45,1712018048500000
34.45,1712018048750000
34.45,1712018049000000
34.45,1712018049250000
34.45,1712018049500000
34.45,1712018049750000
34.45,1712018050000000
34.45,1712018050250000
34.45,1712018050500000
34.45,1712018050750000
34.49,1712018051000000
34.49,1712018051250000
34.49,1712018051500000
34.49,1712018051750000
34.45,1712018052000000
34.45,1712018052250000
34.45,1712018052500000
34.45,1712018052750000
34.45,1712018053000000
34.45,1712018053250000
34.45,1712018053500000
34.45,1712018053750000
34.43,1712018054000000
34.43,1712018054250000
34.43,1712018054500000
34.43,1712018054750000
34.43,1712018055000000
34.43,1712018055250000
34.43,1712018055500000
34.43,1712018055750000
34.45,1712018056000000
34.45,1712018056250000
34.45,1712018056500000
34.45,1712018056750000
34.45,1712018057000000
34.45,1712018057250000
34.45,1712018057500000
34.45,1712018057750000
34.43,1712018058000000
34.43,1712018058250000
34.43,1712018058500000
34.43,1712018058750000
34.43,1712018059000000
34.43,1712018059250000
34.43,1712018059500000
34.43,1712018059750000
34.41,1712018060000000
34.41,1712018060250000
34.41,1712018060500000
34.41,1712018060750000
34.43,1712018061000000
34.43,1712018061250000
34.43,1712018061500000
34.43,1712018061750000
34.45,1712018062000000
34.45,1712018062250000
34.45,1712018062500000
34.45,1712018062750000
34.45,1712018063000000
34.45,1712018063250000
34.45,1712018063500000
34.45,1712018063750000
34.41,1712018064000000
34.41,1712018064250000
34.41,1712018064500000
34.41,1712018064750000
34.45,1712018065000000
34.45,1712018065250000
34.45,1712018065500000
34.45,1712018065750000
34.41,1712018066000000
34.41,1712018066250000
34.41,1712018066500000
34.41,1712018066750000
34.39,1712018067000000
34.39,1712018067250000
34.39,1712018067500000
34.39,1712018067750000
34.41,1712018068000000
34.41,1712018068250000
34.41,1712018068500000
34.41,1712018068750000
34.41,1712018069000000
34.41,1712018069250000
34.41,1712018069500000
34.41,1712018069750000
34.41,1712018070000000
34.41,1712018070250000
34.41,1712018070500000
34.41,1712018070750000
34.37,1712018071000000
34.37,1712018071250000
34.37,1712018071500000
34.37,1712018071750000
34.39,1712018072000000
34.39,1712018072250000
34.39,1712018072500000
34.39,1712018072750000
34.37,1712018073000000
34.37,1712018073250000
34.37,1712018073500000
34.37,1712018073750000
34.39,1712018074000000
34.39,1712018074250000
34.39,1712018074500000
34.39,1712018074750000
34.37,1712018075000000
34.37,1712018075250000
34.37,1712018075500000
34.37,1712018075750000
34.39,1712018076000000
34.39,1712018076250000
34.39,1712018076500000
34.39,1712018076750000
34.39,1712018077000000
34.39,1712018077250000
34.39,1712018077500000
34.39,1712018077750000
34.37,1712018078000000
34.37,1712018078250000
34.37,1712018078500000
34.37,1712018078750000
34.37,1712018079000000
34.37,1712018079250000
34.37,1712018079500000
34.37,1712018079750000
34.39,1712018080000000
34.39,1712018080250000
34.39,1712018080500000
34.39,1712018080750000
34.39,1712018081000000
34.39,1712018081250000
34.39,1712018081500000
34.39,1712018081750000
34.37,1712018082000000
34.37,1712018082250000
34.37,1712018082500000
34.37,1712018082750000
34.34,1712018083000000
34.34,1712018083250000
34.34,1712018083500000
34.34,1712018083750000
34.34,1712018084000000
34.34,1712018084250000
34.34,1712018084500000
34.34,1712018084750000
34.33,1712018085000000
34.33,1712018085250000
34.33,1712018085500000
34.33,1712018085750000
34.34,1712018086000000
34.34,1712018086250000
34.34,1712018086500000
34.34,1712018086750000
34.34,1712018087000000
34.34,1712018087250000
34.34,1712018087500000
34.34,1712018087750000
34.34,1712018088000000
34.34,1712018088250000
34.34,1712018088500000
34.34,1712018088750000
34.34,1712018089000000
34.34,1712018089250000
34.34,1712018089500000
34.34,1712018089750000
34.34,1712018090000000
34.34,1712018090250000
34.34,1712018090500000
34.34,1712018090750000
34.34,1712018091000000
34.34,1712018091250000
34.34,1712018091500000
34.34,1712018091750000
34.33,1712018092000000
34.33,1712018092250000
34.33,1712018092500000
34.33,1712018092750000
34.33,1712018093000000
34.33,1712018093250000
34.33,1712018093500000
34.33,1712018093750000
34.33,1712018094000000
34.33,1712018094250000
34.33,1712018094500000
34.33,1712018094750000
34.33,1712018095000000
34.33,1712018095250000
34.33,1712018095500000
34.33,1712018095750000
34.33,1712018096000000
34.33,1712018096250000
34.33,1712018096500000
34.33,1712018096750000
34.31,1712018097000000
34.31,1712018097250000
34.31,1712018097500000
34.31,1712018097750000
34.31,1712018098000000
34.31,1712018098250000
34.31,1712018098500000
34.31,1712018098750000
34.29,1712018099000000
34.29,1712018099250000
34.29,1712018099500000
34.29,1712018099750000
34.31,1712018100000000
34.31,1712018100250000
34.31,1712018100500000
34.31,1712018100750000
34.31,1712018101000000
34.31,1712018101250000
34.31,1712018101500000
34.31,1712018101750000
34.31,1712018102000000
34.31,1712018102250000
34.31,1712018102500000
34.31,1712018102750000
34.29,1712018103000000
34.29,1712018103250000
34.29,1712018103500000
34.29,1712018103750000
34.31,1712018104000000
34.31,1712018104250000
34.31,1712018104500000
34.31,1712018104750000
34.33,1712018105000000
34.33,1712018105250000
34.33,1712018105500000
34.33,1712018105750000
34.34,1712018106000000
34.34,1712018106250000
34.34,1712018106500000
34.34,1712018106750000
34.33,1712018107000000
34.33,1712018107250000
34.33,1712018107500000
34.33,1712018107750000
34.33,1712018108000000
34.33,1712018108250000
34.33,1712018108500000
34.33,1712018108750000
34.31,1712018109000000
34.31,1712018109250000
34.31,1712018109500000
34.31,1712018109750000
34.33,1712018110000000
34.33,1712018110250000
34.33,1712018110500000
34.33,1712018110750000
34.31,1712018111000000
34.31,1712018111250000
34.31,1712018111500000
34.31,1712018111750000
34.31,1712018112000000
34.31,1712018112250000
34.31,1712018112500000
34.31,1712018112750000
34.31,1712018113000000
34.31,1712018113250000
34.31,1712018113500000
34.31,1712018113750000
34.31,1712018114000000
34.31,1712018114250000
34.31,1712018114500000
34.31,1712018114750000
34.33,1712018115000000
34.33,1712018115250000
34.33,1712018115500000
34.33,1712018115750000
34.31,1712018116000000
34.31,1712018116250000
34.31,1712018116500000
34.31,1712018116750000
34.33,1712018117000000
34.33,1712018117250000
34.33,1712018117500000
34.33,1712018117750000
34.31,1712018118000000
34.31,1712018118250000
34.31,1712018118500000
34.31,1712018118750000
34.31,1712018119000000
34.31,1712018119250000
34.31,1712018119500000
34.31,1712018119750000
34.31,1712018120000000
34.31,1712018120250000
34.31,1712018120500000
34.31,1712018120750000
34.31,1712018121000000
34.31,1712018121250000
34.31,1712018121500000
34.31,1712018121750000
34.31,1712018122000000
34.31,1712018122250000
34.31,1712018122500000
34.31,1712018122750000
34.31,1712018123000000
34.31,1712018123250000
34.31,1712018123500000
34.31,1712018123750000
34.33,1712018124000000
34.33,1712018124250000
34.33,1712018124500000
34.33,1712018124750000
34.31,1712018125000000
34.31,1712018125250000
34.31,1712018125500000
34.31,1712018125750000
34.31,1712018126000000
34.31,1712018126250000
34.31,1712018126500000
34.31,1712018126750000
34.31,1712018127000000
34.31,1712018127250000
34.31,1712018127500000
34.31,1712018127750000
34.31,1712018128000000
34.31,1712018128250000
34.31,1712018128500000
34.31,1712018128750000
34.33,1712018129000000
34.33,1712018129250000
34.33,1712018129500000
34.33,1712018129750000
34.33,1712018130000000
34.33,1712018130250000
34.33,1712018130500000
34.33,1712018130750000
34.31,1712018131000000
34.31,1712018131250000
34.31,1712018131500000
34.31,1712018131750000
34.33,1712018132000000
34.33,1712018132250000
34.33,1712018132500000
34.33,1712018132750000
34.33,1712018133000000
34.33,1712018133250000
34.33,1712018133500000
34.33,1712018133750000
34.33,1712018134000000
34.33,1712018134250000
34.33,1712018134500000
34.33,1712018134750000
34.33,1712018135000000
34.33,1712018135250000
34.33,1712018135500000
34.33,1712018135750000
34.33,1712018136000000
34.33,1712018136250000
34.33,1712018136500000
34.33,1712018136750000
34.33,1712018137000000
34.33,1712018137250000
34.33,1712018137500000
34.33,1712018137750000
34.31,1712018138000000
34.31,1712018138250000
34.31,1712018138500000
34.31,1712018138750000
34.34,1712018139000000
34.34,1712018139250000
34.34,1712018139500000
34.34,1712018139750000
34.33,1712018140000000
34.33,1712018140250000
34.33,1712018140500000
34.33,1712018140750000
34.37,1712018141000000
34.37,1712018141250000
34.37,1712018141500000
34.37,1712018141750000
34.33,1712018142000000
34.33,1712018142250000
34.33,1712018142500000
34.33,1712018142750000
34.34,1712018143000000
34.34,1712018143250000
34.34,1712018143500000
34.34,1712018143750000
34.34,1712018144000000
34.34,1712018144250000
34.34,1712018144500000
34.34,1712018144750000
34.37,1712018145000000
34.37,1712018145250000
34.37,1712018145500000
34.37,1712018145750000
34.34,1712018146000000
34.34,1712018146250000
34.34,1712018146500000
34.34,1712018146750000
34.37,1712018147000000
34.37,1712018147250000
34.37,1712018147500000
34.37,1712018147750000
34.39,1712018148000000
34.39,1712018148250000
34.39,1712018148500000
34.39,1712018148750000
34.39,1712018149000000
34.39,1712018149250000
34.39,1712018149500000
34.39,1712018149750000
34.39,1712018150000000
34.39,1712018150250000
34.39,1712018150500000
34.39,1712018150750000
34.37,1712018151000000
34.37,1712018151250000
34.37,1712018151500000
34.37,1712018151750000
34.39,1712018152000000
34.39,1712018152250000
34.39,1712018152500000
34.39,1712018152750000
34.39,1712018153000000
34.39,1712018153250000
34.39,1712018153500000
34.39,1712018153750000
34.39,1712018154000000
34.39,1712018154250000
34.39,1712018154500000
34.39,1712018154750000
34.39,1712018155000000
34.39,1712018155250000
34.39,1712018155500000
34.39,1712018155750000
34.39,1712018156000000
34.39,1712018156250000
34.39,1712018156500000
34.39,1712018156750000
34.41,1712018157000000
34.41,1712018157250000
34.41,1712018157500000
34.41,1712018157750000
34.39,1712018158000000
34.39,1712018158250000
34.39,1712018158500000
34.39,1712018158750000
34.41,1712018159000000
34.41,1712018159250000
34.41,1712018159500000
34.41,1712018159750000
34.43,1712018160000000
34.43,1712018160250000
34.43,1712018160500000
34.43,1712018160750000
34.39,1712018161000000
34.39,1712018161250000
34.39,1712018161500000
34.39,1712018161750000
34.41,1712018162000000
34.41,1712018162250000
34.41,1712018162500000
34.41,1712018162750000
34.41,1712018163000000
34.41,1712018163250000
34.41,1712018163500000
34.41,1712018163750000
34.41,1712018164000000
34.41,1712018164250000
34.41,1712018164500000
34.41,1712018164750000
34.39,1712018165000000
34.39,1712018165250000
34.39,1712018165500000
34.39,1712018165750000
34.41,1712018166000000
34.41,1712018166250000
34.41,1712018166500000
34.41,1712018166750000
34.41,1712018167000000
34.41,1712018167250000
34.41,1712018167500000
34.41,1712018167750000
34.43,1712018168000000
34.43,1712018168250000
34.43,1712018168500000
34.43,1712018168750000
34.43,1712018169000000
34.43,1712018169250000
34.43,1712018169500000
34.43,1712018169750000
34.43,1712018170000000
34.43,1712018170250000
34.43,1712018170500000
34.43,1712018170750000
34.45,1712018171000000
34.45,1712018171250000
34.45,1712018171500000
34.45,1712018171750000
34.41,1712018172000000
34.41,1712018172250000
34.41,1712018172500000
34.41,1712018172750000
34.45,1712018173000000
34.45,1712018173250000
34.45,1712018173500000
34.45,1712018173750000
34.45,1712018174000000
34.45,1712018174250000
34.45,1712018174500000
34.45,1712018174750000
34.47,1712018175000000
34.47,1712018175250000
34.47,1712018175500000
34.47,1712018175750000
34.45,1712018176000000
34.45,1712018176250000
34.45,1712018176500000
34.45,1712018176750000
34.47,1712018177000000
34.47,1712018177250000
34.47,1712018177500000
34.47,1712018177750000
34.47,1712018178000000
34.47,1712018178250000
34.47,1712018178500000
34.47,1712018178750000
34.47,1712018179000000
34.47,1712018179250000
34.47,1712018179500000
34.47,1712018179750000
34.47,1712018180000000
34.47,1712018180250000
34.47,1712018180500000
34.47,1712018180750000
34.49,1712018181000000
34.49,1712018181250000
34.49,1712018181500000
34.49,1712018181750000
34.49,1712018182000000
34.49,1712018182250000
34.49,1712018182500000
34.49,1712018182750000
34.49,1712018183000000
34.49,1712018183250000
34.49,1712018183500000
34.49,1712018183750000
34.49,1712018184000000
34.49,1712018184250000
34.49,1712018184500000
34.49,1712018184750000
34.53,1712018185000000
34.53,1712018185250000
34.53,1712018185500000
34.53,1712018185750000
34.5,1712018186000000
34.5,1712018186250000
34.5,1712018186500000
34.5,1712018186750000
34.53,1712018187000000
34.53,1712018187250000
34.53,1712018187500000
34.53,1712018187750000
34.53,1712018188000000
34.53,1712018188250000
34.53,1712018188500000
34.53,1712018188750000
34.5,1712018189000000
34.5,1712018189250000
34.5,1712018189500000
34.5,1712018189750000
34.55,1712018190000000
34.55,1712018190250000
34.55,1712018190500000
34.55,1712018190750000
34.57,1712018191000000
34.57,1712018191250000
34.57,1712018191500000
34.57,1712018191750000
34.57,1712018192000000
34.57,1712018192250000
34.57,1712018192500000
34.57,1712018192750000
34.55,1712018193000000
34.55,1712018193250000
34.55,1712018193500000
34.55,1712018193750000
34.55,1712018194000000
34.55,1712018194250000
34.55,1712018194500000
34.55,1712018194750000
34.55,1712018195000000
34.55,1712018195250000
34.55,1712018195500000
34.55,1712018195750000
34.55,1712018196000000
34.55,1712018196250000
34.55,1712018196500000
34.55,1712018196750000
34.53,1712018197000000
34.53,1712018197250000
34.53,1712018197500000
34.53,1712018197750000
34.55,1712018198000000
34.55,1712018198250000
34.55,1712018198500000
34.55,1712018198750000
34.53,1712018199000000
34.53,1712018199250000
34.53,1712018199500000
34.53,1712018199750000
34.55,1712018200000000
34.55,1712018200250000
34.55,1712018200500000
34.55,1712018200750000
34.53,1712018201000000
34.53,1712018201250000
34.53,1712018201500000
34.53,1712018201750000
34.53,1712018202000000
34.53,1712018202250000
34.53,1712018202500000
34.53,1712018202750000
34.5,1712018203000000
34.5,1712018203250000
34.5,1712018203500000
34.5,1712018203750000
34.5,1712018204000000
34.5,1712018204250000
34.5,1712018204500000
34.5,1712018204750000
34.53,1712018205000000
34.53,1712018205250000
34.53,1712018205500000
34.53,1712018205750000
34.53,1712018206000000
34.53,1712018206250000
34.53,1712018206500000
34.53,1712018206750000
34.55,1712018207000000
34.55,1712018207250000
34.55,1712018207500000
34.55,1712018207750000
34.55,1712018208000000
34.55,1712018208250000
34.55,1712018208500000
34.55,1712018208750000
34.55,1712018209000000
34.55,1712018209250000
34.55,1712018209500000
34.55,1712018209750000
34.55,1712018210000000
34.55,1712018210250000
34.55,1712018210500000
34.55,1712018210750000
34.55,1712018211000000
34.55,1712018211250000
34.55,1712018211500000
34.55,1712018211750000
34.57,1712018212000000
34.57,1712018212250000
34.57,1712018212500000
34.57,1712018212750000
34.57,1712018213000000
34.57,1712018213250000
34.57,1712018213500000
34.57,1712018213750000
34.59,1712018214000000
34.59,1712018214250000
34.59,1712018214500000
34.59,1712018214750000
34.57,1712018215000000
34.57,1712018215250000
34.57,1712018215500000
34.57,1712018215750000
34.57,1712018216000000
34.57,1712018216250000
34.57,1712018216500000
34.57,1712018216750000
34.57,1712018217000000
34.57,1712018217250000
34.57,1712018217500000
34.57,1712018217750000
34.59,1712018218000000
34.59,1712018218250000
34.59,1712018218500000
34.59,1712018218750000
34.59,1712018219000000
34.59,1712018219250000
34.59,1712018219500000
34.59,1712018219750000
34.59,1712018220000000
34.59,1712018220250000
34.59,1712018220500000
34.59,1712018220750000
34.59,1712018221000000
34.59,1712018221250000
34.59,1712018221500000
34.59,1712018221750000
34.61,1712018222000000
34.61,1712018222250000
34.61,1712018222500000
34.61,1712018222750000
34.61,1712018223000000
34.61,1712018223250000
34.61,1712018223500000
34.61,1712018223750000
34.59,1712018224000000
34.59,1712018224250000
34.59,1712018224500000
34.59,1712018224750000
34.61,1712018225000000
34.61,1712018225250000
34.61,1712018225500000
34.61,1712018225750000
34.63,1712018226000000
34.63,1712018226250000
34.63,1712018226500000
34.63,1712018226750000
34.63,1712018227000000
34.63,1712018227250000
34.63,1712018227500000
34.63,1712018227750000
34.63,1712018228000000
34.63,1712018228250000
34.63,1712018228500000
34.63,1712018228750000
34.63,1712018229000000
34.63,1712018229250000
34.63,1712018229500000
34.63,1712018229750000
34.63,1712018230000000
34.63,1712018230250000
34.63,1712018230500000
34.63,1712018230750000
34.63,1712018231000000
34.63,1712018231250000
34.63,1712018231500000
34.63,1712018231750000
34.65,1712018232000000
34.65,1712018232250000
34.65,1712018232500000
34.65,1712018232750000
34.63,1712018233000000
34.63,1712018233250000
34.63,1712018233500000
34.63,1712018233750000
34.63,1712018234000000
34.63,1712018234250000
34.63,1712018234500000
34.63,1712018234750000
34.61,1712018235000000
34.61,1712018235250000
34.61,1712018235500000
34.61,1712018235750000
34.61,1712018236000000
34.61,1712018236250000
34.61,1712018236500000
34.61,1712018236750000
34.61,1712018237000000
34.61,1712018237250000
34.61,1712018237500000
34.61,1712018237750000
34.63,1712018238000000
34.63,1712018238250000
34.63,1712018238500000
34.63,1712018238750000
34.61,1712018239000000
34.61,1712018239250000
34.61,1712018239500000
34.61,1712018239750000
34.63,1712018240000000
34.63,1712018240250000
34.63,1712018240500000
34.63,1712018240750000
34.65,1712018241000000
34.65,1712018241250000
34.65,1712018241500000
34.65,1712018241750000
34.65,1712018242000000
34.65,1712018242250000
34.65,1712018242500000
34.65,1712018242750000
34.66,1712018243000000
34.66,1712018243250000
34.66,1712018243500000
34.66,1712018243750000
34.65,1712018244000000
34.65,1712018244250000
34.65,1712018244500000
34.65,1712018244750000
34.66,1712018245000000
34.66,1712018245250000
34.66,1712018245500000
34.66,1712018245750000
34.66,1712018246000000
34.66,1712018246250000
34.66,1712018246500000
34.66,1712018246750000
34.68,1712018247000000
34.68,1712018247250000
34.68,1712018247500000
34.68,1712018247750000
34.71,1712018248000000
34.71,1712018248250000
34.71,1712018248500000
34.71,1712018248750000
34.71,1712018249000000
34.71,1712018249250000
34.71,1712018249500000
34.71,1712018249750000
34.71,1712018250000000
34.71,1712018250250000
34.71,1712018250500000
34.71,1712018250750000
34.68,1712018251000000
34.68,1712018251250000
34.68,1712018251500000
34.68,1712018251750000
34.75,1712018252000000
34.75,1712018252250000
34.75,1712018252500000
34.75,1712018252750000
34.73,1712018253000000
34.73,1712018253250000
34.73,1712018253500000
34.73,1712018253750000
34.73,1712018254000000
34.73,1712018254250000
34.73,1712018254500000
34.73,1712018254750000
34.73,1712018255000000
34.73,1712018255250000
34.73,1712018255500000
34.73,1712018255750000
34.71,1712018256000000
34.71,1712018256250000
34.71,1712018256500000
34.71,1712018256750000
34.73,1712018257000000
34.73,1712018257250000
34.73,1712018257500000
34.73,1712018257750000
34.73,1712018258000000
34.73,1712018258250000
34.73,1712018258500000
34.73,1712018258750000
34.68,1712018259000000
34.68,1712018259250000
34.68,1712018259500000
34.68,1712018259750000
34.73,1712018260000000
34.73,1712018260250000
34.73,1712018260500000
34.73,1712018260750000
34.71,1712018261000000
34.71,1712018261250000
34.71,1712018261500000
34.71,1712018261750000
34.71,1712018262000000
34.71,1712018262250000
34.71,1712018262500000
34.71,1712018262750000
34.71,1712018263000000
34.71,1712018263250000
34.71,1712018263500000
34.71,1712018263750000
34.71,1712018264000000
34.71,1712018264250000
34.71,1712018264500000
34.71,1712018264750000
34.71,1712018265000000
34.71,1712018265250000
34.71,1712018265500000
34.71,1712018265750000
34.71,1712018266000000
34.71,1712018266250000
34.71,1712018266500000
34.71,1712018266750000
34.68,1712018267000000
34.68,1712018267250000
34.68,1712018267500000
34.68,1712018267750000
34.71,1712018268000000
34.71,1712018268250000
34.71,1712018268500000
34.71,1712018268750000
34.71,1712018269000000
34.71,1712018269250000
34.71,1712018269500000
34.71,1712018269750000
34.71,1712018270000000
34.71,1712018270250000
34.71,1712018270500000
34.71,1712018270750000
34.71,1712018271000000
34.71,1712018271250000
34.71,1712018271500000
34.71,1712018271750000
34.71,1712018272000000
34.71,1712018272250000
34.71,1712018272500000
34.71,1712018272750000
34.71,1712018273000000
34.71,1712018273250000
34.71,1712018273500000
34.71,1712018273750000
34.68,1712018274000000
34.68,1712018274250000
34.68,1712018274500000
34.68,1712018274750000
34.71,1712018275000000
34.71,1712018275250000
34.71,1712018275500000
34.71,1712018275750000
34.73,1712018276000000
34.73,1712018276250000
34.73,1712018276500000
34.73,1712018276750000
34.75,1712018277000000
34.75,1712018277250000
34.75,1712018277500000
34.75,1712018277750000
34.75,1712018278000000
34.75,1712018278250000
34.75,1712018278500000
34.75,1712018278750000
34.73,1712018279000000
34.73,1712018279250000
34.73,1712018279500000
34.73,1712018279750000
34.75,1712018280000000
34.75,1712018280250000
34.75,1712018280500000
34.75,1712018280750000
34.73,1712018281000000
34.73,1712018281250000
34.73,1712018281500000
34.73,1712018281750000
34.75,1712018282000000
34.75,1712018282250000
34.75,1712018282500000
34.75,1712018282750000
34.73,1712018283000000
34.73,1712018283250000
34.73,1712018283500000
34.73,1712018283750000
34.73,1712018284000000
34.73,1712018284250000
34.73,1712018284500000
34.73,1712018284750000
34.77,1712018285000000
34.77,1712018285250000
34.77,1712018285500000
34.77,1712018285750000
34.75,1712018286000000
34.75,1712018286250000
34.75,1712018286500000
34.75,1712018286750000
34.77,1712018287000000
34.77,1712018287250000
34.77,1712018287500000
34.77,1712018287750000
34.77,1712018288000000
34.77,1712018288250000
34.77,1712018288500000
34.77,1712018288750000
34.77,1712018289000000
34.77,1712018289250000
34.77,1712018289500000
34.77,1712018289750000
34.75,1712018290000000
34.75,1712018290250000
34.75,1712018290500000
34.75,1712018290750000
34.77,1712018291000000
34.77,1712018291250000
34.77,1712018291500000
34.77,1712018291750000
34.75,1712018292000000
34.75,1712018292250000
34.75,1712018292500000
34.75,1712018292750000
34.77,1712018293000000
34.77,1712018293250000
34.77,1712018293500000
34.77,1712018293750000
34.77,1712018294000000
34.77,1712018294250000
34.77,1712018294500000
34.77,1712018294750000
34.75,1712018295000000
34.75,1712018295250000
34.75,1712018295500000
34.75,1712018295750000
34.77,1712018296000000
34.77,1712018296250000
34.77,1712018296500000
34.77,1712018296750000
34.77,1712018297000000
34.77,1712018297250000
34.77,1712018297500000
34.77,1712018297750000
34.77,1712018298000000
34.77,1712018298250000
34.77,1712018298500000
34.77,1712018298750000
34.75,1712018299000000
34.75,1712018299250000
34.75,1712018299500000
34.75,1712018299750000
34.77,1712018300000000
34.77,1712018300250000
34.77,1712018300500000
34.77,1712018300750000
34.77,1712018301000000
34.77,1712018301250000
34.77,1712018301500000
34.77,1712018301750000
34.75,1712018302000000
34.75,1712018302250000
34.75,1712018302500000
34.75,1712018302750000
34.75,1712018303000000
34.75,1712018303250000
34.75,1712018303500000
34.75,1712018303750000
34.77,1712018304000000
34.77,1712018304250000
34.77,1712018304500000
34.77,1712018304750000
34.79,1712018305000000
34.79,1712018305250000
34.79,1712018305500000
34.79,1712018305750000
34.77,1712018306000000
34.77,1712018306250000
34.77,1712018306500000
34.77,1712018306750000
34.81,1712018307000000
34.81,1712018307250000
34.81,1712018307500000
34.81,1712018307750000
34.79,1712018308000000
34.79,1712018308250000
34.79,1712018308500000
34.79,1712018308750000
34.79,1712018309000000
34.79,1712018309250000
34.79,1712018309500000
34.79,1712018309750000
34.79,1712018310000000
34.79,1712018310250000
34.79,1712018310500000
34.79,1712018310750000
34.79,1712018311000000
34.79,1712018311250000
34.79,1712018311500000
34.79,1712018311750000
34.79,1712018312000000
34.79,1712018312250000
34.79,1712018312500000
34.79,1712018312750000
34.81,1712018313000000
34.81,1712018313250000
34.81,1712018313500000
34.81,1712018313750000
34.81,1712018314000000
34.81,1712018314250000
34.81,1712018314500000
34.81,1712018314750000
34.79,1712018315000000
34.79,1712018315250000
34.79,1712018315500000
34.79,1712018315750000
34.81,1712018316000000
34.81,1712018316250000
34.81,1712018316500000
34.81,1712018316750000
34.81,1712018317000000
34.81,1712018317250000
34.81,1712018317500000
34.81,1712018317750000
34.81,1712018318000000
34.81,1712018318250000
34.81,1712018318500000
34.81,1712018318750000
34.81,1712018319000000
34.81,1712018319250000
34.81,1712018319500000
34.81,1712018319750000
34.83,1712018320000000
34.83,1712018320250000
34.83,1712018320500000
34.83,1712018320750000
34.81,1712018321000000
34.81,1712018321250000
34.81,1712018321500000
34.81,1712018321750000
34.83,1712018322000000
34.83,1712018322250000
34.83,1712018322500000
34.83,1712018322750000
34.84,1712018323000000
34.84,1712018323250000
34.84,1712018323500000
34.84,1712018323750000
34.83,1712018324000000
34.83,1712018324250000
34.83,1712018324500000
34.83,1712018324750000
34.84,1712018325000000
34.84,1712018325250000
34.84,1712018325500000
34.84,1712018325750000
34.84,1712018326000000
34.84,1712018326250000
34.84,1712018326500000
34.84,1712018326750000
34.87,1712018327000000
34.87,1712018327250000
34.87,1712018327500000
34.87,1712018327750000
34.83,1712018328000000
34.83,1712018328250000
34.83,1712018328500000
34.83,1712018328750000
34.83,1712018329000000
34.83,1712018329250000
34.83,1712018329500000
34.83,1712018329750000
34.87,1712018330000000
34.87,1712018330250000
34.87,1712018330500000
34.87,1712018330750000
34.87,1712018331000000
34.87,1712018331250000
34.87,1712018331500000
34.87,1712018331750000
34.89,1712018332000000
34.89,1712018332250000
34.89,1712018332500000
34.89,1712018332750000
34.89,1712018333000000
34.89,1712018333250000
34.89,1712018333500000
34.89,1712018333750000
34.89,1712018334000000
34.89,1712018334250000
34.89,1712018334500000
34.89,1712018334750000
34.89,1712018335000000
34.89,1712018335250000
34.89,1712018335500000
34.89,1712018335750000
34.89,1712018336000000
34.89,1712018336250000
34.89,1712018336500000
34.89,1712018336750000
34.89,1712018337000000
34.89,1712018337250000
34.89,1712018337500000
34.89,1712018337750000
34.91,1712018338000000
34.91,1712018338250000
34.91,1712018338500000
34.91,1712018338750000
34.89,1712018339000000
34.89,1712018339250000
34.89,1712018339500000
34.89,1712018339750000
34.91,1712018340000000
34.91,1712018340250000
34.91,1712018340500000
34.91,1712018340750000
34.91,1712018341000000
34.91,1712018341250000
34.91,1712018341500000
34.91,1712018341750000
34.91,1712018342000000
34.91,1712018342250000
34.91,1712018342500000
34.91,1712018342750000
34.93,1712018343000000
34.93,1712018343250000
34.93,1712018343500000
34.93,1712018343750000
34.93,1712018344000000
34.93,1712018344250000
34.93,1712018344500000
34.93,1712018344750000
34.95,1712018345000000
34.95,1712018345250000
34.95,1712018345500000
34.95,1712018345750000
34.97,1712018346000000
34.97,1712018346250000
34.97,1712018346500000
34.97,1712018346750000
34.95,1712018347000000
34.95,1712018347250000
34.95,1712018347500000
34.95,1712018347750000
34.95,1712018348000000
34.95,1712018348250000
34.95,1712018348500000
34.95,1712018348750000
34.97,1712018349000000
34.97,1712018349250000
34.97,1712018349500000
34.97,1712018349750000
34.97,1712018350000000
34.97,1712018350250000
34.97,1712018350500000
34.97,1712018350750000
34.91,1712018351000000
34.91,1712018351250000
34.91,1712018351500000
34.91,1712018351750000
34.97,1712018352000000
34.97,1712018352250000
34.97,1712018352500000
34.97,1712018352750000
34.93,1712018353000000
34.93,1712018353250000
34.93,1712018353500000
34.93,1712018353750000
34.95,1712018354000000
34.95,1712018354250000
34.95,1712018354500000
34.95,1712018354750000
34.93,1712018355000000
34.93,1712018355250000
34.93,1712018355500000
34.93,1712018355750000
34.93,1712018356000000
34.93,1712018356250000
34.93,1712018356500000
34.93,1712018356750000
34.95,1712018357000000
34.95,1712018357250000
34.95,1712018357500000
34.95,1712018357750000
34.93,1712018358000000
34.93,1712018358250000
34.93,1712018358500000
34.93,1712018358750000
34.93,1712018359000000
34.93,1712018359250000
34.93,1712018359500000
34.93,1712018359750000
34.93,1712018360000000
34.93,1712018360250000
34.93,1712018360500000
34.93,1712018360750000
34.93,1712018361000000
34.93,1712018361250000
34.93,1712018361500000
34.93,1712018361750000
34.95,1712018362000000
34.95,1712018362250000
34.95,1712018362500000
34.95,1712018362750000
34.93,1712018363000000
34.93,1712018363250000
34.93,1712018363500000
34.93,1712018363750000
34.93,1712018364000000
34.93,1712018364250000
34.93,1712018364500000
34.93,1712018364750000
34.95,1712018365000000
34.95,1712018365250000
34.95,1712018365500000
34.95,1712018365750000
34.95,1712018366000000
34.95,1712018366250000
34.95,1712018366500000
34.95,1712018366750000
34.95,1712018367000000
34.95,1712018367250000
34.95,1712018367500000
34.95,1712018367750000
34.95,1712018368000000
34.95,1712018368250000
34.95,1712018368500000
34.95,1712018368750000
34.95,1712018369000000
34.95,1712018369250000
34.95,1712018369500000
34.95,1712018369750000
34.93,1712018370000000
34.93,1712018370250000
34.93,1712018370500000
34.93,1712018370750000
34.95,1712018371000000
34.95,1712018371250000
34.95,1712018371500000
34.95,1712018371750000
34.95,1712018372000000
34.95,1712018372250000
34.95,1712018372500000
34.95,1712018372750000
34.95,1712018373000000
34.95,1712018373250000
34.95,1712018373500000
34.95,1712018373750000
34.93,1712018374000000
34.93,1712018374250000
34.93,1712018374500000
34.93,1712018374750000
34.99,1712018375000000
34.99,1712018375250000
34.99,1712018375500000
34.99,1712018375750000
34.95,1712018376000000
34.95,1712018376250000
34.95,1712018376500000
34.95,1712018376750000
34.95,1712018377000000
34.95,1712018377250000
34.95,1712018377500000
34.95,1712018377750000
34.93,1712018378000000
34.93,1712018378250000
34.93,1712018378500000
34.93,1712018378750000
34.93,1712018379000000
34.93,1712018379250000
34.93,1712018379500000
34.93,1712018379750000
34.91,1712018380000000
34.91,1712018380250000
34.91,1712018380500000
34.91,1712018380750000
34.91,1712018381000000
34.91,1712018381250000
34.91,1712018381500000
34.91,1712018381750000
34.93,1712018382000000
34.93,1712018382250000
34.93,1712018382500000
34.93,1712018382750000
34.89,1712018383000000
34.89,1712018383250000
34.89,1712018383500000
34.89,1712018383750000
34.89,1712018384000000
34.89,1712018384250000
34.89,1712018384500000
34.89,1712018384750000
34.91,1712018385000000
34.91,1712018385250000
34.91,1712018385500000
34.91,1712018385750000
34.89,1712018386000000
34.89,1712018386250000
34.89,1712018386500000
34.89,1712018386750000
34.89,1712018387000000
34.89,1712018387250000
34.89,1712018387500000
34.89,1712018387750000
34.87,1712018388000000
34.87,1712018388250000
34.87,1712018388500000
34.87,1712018388750000
34.84,1712018389000000
34.84,1712018389250000
34.84,1712018389500000
34.84,1712018389750000
34.84,1712018390000000
34.84,1712018390250000
34.84,1712018390500000
34.84,1712018390750000
34.83,1712018391000000
34.83,1712018391250000
34.83,1712018391500000
34.83,1712018391750000
34.84,1712018392000000
34.84,1712018392250000
34.84,1712018392500000
34.84,1712018392750000
34.84,1712018393000000
34.84,1712018393250000
34.84,1712018393500000
34.84,1712018393750000
34.84,1712018394000000
34.84,1712018394250000
34.84,1712018394500000
34.84,1712018394750000
34.84,1712018395000000
34.84,1712018395250000
34.84,1712018395500000
34.84,1712018395750000
34.83,1712018396000000
34.83,1712018396250000
34.83,1712018396500000
34.83,1712018396750000
34.83,1712018397000000
34.83,1712018397250000
34.83,1712018397500000
34.83,1712018397750000
34.84,1712018398000000
34.84,1712018398250000
34.84,1712018398500000
34.84,1712018398750000
34.83,1712018399000000
34.83,1712018399250000
34.83,1712018399500000
34.83,1712018399750000
34.83,1712018400000000
34.83,1712018400250000
34.83,1712018400500000
34.83,1712018400750000
34.84,1712018401000000
34.84,1712018401250000
34.84,1712018401500000
34.84,1712018401750000
34.83,1712018402000000
34.83,1712018402250000
34.83,1712018402500000
34.83,1712018402750000
34.81,1712018403000000
34.81,1712018403250000
34.81,1712018403500000
34.81,1712018403750000
34.81,1712018404000000
34.81,1712018404250000
34.81,1712018404500000
34.81,1712018404750000
34.83,1712018405000000
34.83,1712018405250000
34.83,1712018405500000
34.83,1712018405750000
34.83,1712018406000000
34.83,1712018406250000
34.83,1712018406500000
34.83,1712018406750000
34.81,1712018407000000
34.81,1712018407250000
34.81,1712018407500000
34.81,1712018407750000
34.81,1712018408000000
34.81,1712018408250000
34.81,1712018408500000
34.81,1712018408750000
34.81,1712018409000000
34.81,1712018409250000
34.81,1712018409500000
34.81,1712018409750000
34.77,1712018410000000
34.77,1712018410250000
34.77,1712018410500000
34.77,1712018410750000
34.81,1712018411000000
34.81,1712018411250000
34.81,1712018411500000
34.81,1712018411750000
34.79,1712018412000000
34.79,1712018412250000
34.79,1712018412500000
34.79,1712018412750000
34.79,1712018413000000
34.79,1712018413250000
34.79,1712018413500000
34.79,1712018413750000
34.79,1712018414000000
34.79,1712018414250000
34.79,1712018414500000
34.79,1712018414750000
34.77,1712018415000000
34.77,1712018415250000
34.77,1712018415500000
34.77,1712018415750000
34.75,1712018416000000
34.75,1712018416250000
34.75,1712018416500000
34.75,1712018416750000
34.79,1712018417000000
34.79,1712018417250000
34.79,1712018417500000
34.79,1712018417750000
34.77,1712018418000000
34.77,1712018418250000
34.77,1712018418500000
34.77,1712018418750000
34.77,1712018419000000
34.77,1712018419250000
34.77,1712018419500000
34.77,1712018419750000
34.77,1712018420000000
34.77,1712018420250000
34.77,1712018420500000
34.77,1712018420750000
34.75,1712018421000000
34.75,1712018421250000
34.75,1712018421500000
34.75,1712018421750000
34.75,1712018422000000
34.75,1712018422250000
34.75,1712018422500000
34.75,1712018422750000
34.75,1712018423000000
34.75,1712018423250000
34.75,1712018423500000
34.75,1712018423750000
34.75,1712018424000000
34.75,1712018424250000
34.75,1712018424500000
34.75,1712018424750000
34.77,1712018425000000
34.77,1712018425250000
34.77,1712018425500000
34.77,1712018425750000
34.75,1712018426000000
34.75,1712018426250000
34.75,1712018426500000
34.75,1712018426750000
34.75,1712018427000000
34.75,1712018427250000
34.75,1712018427500000
34.75,1712018427750000
34.75,1712018428000000
34.75,1712018428250000
34.75,1712018428500000
34.75,1712018428750000
34.77,1712018429000000
34.77,1712018429250000
34.77,1712018429500000
34.77,1712018429750000
34.75,1712018430000000
34.75,1712018430250000
34.75,1712018430500000
34.75,1712018430750000
34.75,1712018431000000
34.75,1712018431250000
34.75,1712018431500000
34.75,1712018431750000
34.75,1712018432000000
34.75,1712018432250000
34.75,1712018432500000
34.75,1712018432750000
34.73,1712018433000000
34.73,1712018433250000
34.73,1712018433500000
34.73,1712018433750000
34.77,1712018434000000
34.77,1712018434250000
34.77,1712018434500000
34.77,1712018434750000
34.75,1712018435000000
34.75,1712018435250000
34.75,1712018435500000
34.75,1712018435750000
34.77,1712018436000000
34.77,1712018436250000
34.77,1712018436500000
34.77,1712018436750000
34.75,1712018437000000
34.75,1712018437250000
34.75,1712018437500000
34.75,1712018437750000
34.73,1712018438000000
34.73,1712018438250000
34.73,1712018438500000
34.73,1712018438750000
34.75,1712018439000000
34.75,1712018439250000
34.75,1712018439500000
34.75,1712018439750000
34.75,1712018440000000
34.75,1712018440250000
34.75,1712018440500000
34.75,1712018440750000
34.77,1712018441000000
34.77,1712018441250000
34.77,1712018441500000
34.77,1712018441750000
34.75,1712018442000000
34.75,1712018442250000
34.75,1712018442500000
34.75,1712018442750000
34.75,1712018443000000
34.75,1712018443250000
34.75,1712018443500000
34.75,1712018443750000
34.73,1712018444000000
34.73,1712018444250000
34.73,1712018444500000
34.73,1712018444750000
34.73,1712018445000000
34.73,1712018445250000
34.73,1712018445500000
34.73,1712018445750000
34.75,1712018446000000
34.75,1712018446250000
34.75,1712018446500000
34.75,1712018446750000
34.73,1712018447000000
34.73,1712018447250000
34.73,1712018447500000
34.73,1712018447750000
34.77,1712018448000000
34.77,1712018448250000
34.77,1712018448500000
34.77,1712018448750000
34.75,1712018449000000
34.75,1712018449250000
34.75,1712018449500000
34.75,1712018449750000
34.75,1712018450000000
34.75,1712018450250000
34.75,1712018450500000
34.75,1712018450750000
34.75,1712018451000000
34.75,1712018451250000
34.75,1712018451500000
34.75,1712018451750000
34.75,1712018452000000
34.75,1712018452250000
34.75,1712018452500000
34.75,1712018452750000
34.73,1712018453000000
34.73,1712018453250000
34.73,1712018453500000
34.73,1712018453750000
34.75,1712018454000000
34.75,1712018454250000
34.75,1712018454500000
34.75,1712018454750000
34.75,1712018455000000
34.75,1712018455250000
34.75,1712018455500000
34.75,1712018455750000
34.75,1712018456000000
34.75,1712018456250000
34.75,1712018456500000
34.75,1712018456750000
34.73,1712018457000000
34.73,1712018457250000
34.73,1712018457500000
34.73,1712018457750000
34.73,1712018458000000
34.73,1712018458250000
34.73,1712018458500000
34.73,1712018458750000
34.73,1712018459000000
34.73,1712018459250000
34.73,1712018459500000
34.73,1712018459750000
34.73,1712018460000000
34.73,1712018460250000
34.73,1712018460500000
34.73,1712018460750000
34.73,1712018461000000
34.73,1712018461250000
34.73,1712018461500000
34.73,1712018461750000
34.71,1712018462000000
34.71,1712018462250000
34.71,1712018462500000
34.71,1712018462750000
34.73,1712018463000000
34.73,1712018463250000
34.73,1712018463500000
34.73,1712018463750000
34.73,1712018464000000
34.73,1712018464250000
34.73,1712018464500000
34.73,1712018464750000
34.75,1712018465000000
34.75,1712018465250000
34.75,1712018465500000
34.75,1712018465750000
34.75,1712018466000000
34.75,1712018466250000
34.75,1712018466500000
34.75,1712018466750000
34.73,1712018467000000
34.73,1712018467250000
34.73,1712018467500000
34.73,1712018467750000
34.75,1712018468000000
34.75,1712018468250000
34.75,1712018468500000
34.75,1712018468750000
34.73,1712018469000000
34.73,1712018469250000
34.73,1712018469500000
34.73,1712018469750000
34.75,1712018470000000
34.75,1712018470250000
34.75,1712018470500000
34.75,1712018470750000
34.73,1712018471000000
34.73,1712018471250000
34.73,1712018471500000
34.73,1712018471750000
34.73,1712018472000000
34.73,1712018472250000
34.73,1712018472500000
34.73,1712018472750000
34.75,1712018473000000
34.75,1712018473250000
34.75,1712018473500000
34.75,1712018473750000
34.71,1712018474000000
34.71,1712018474250000
34.71,1712018474500000
34.71,1712018474750000
34.73,1712018475000000
34.73,1712018475250000
34.73,1712018475500000
34.73,1712018475750000
34.75,1712018476000000
34.75,1712018476250000
34.75,1712018476500000
34.75,1712018476750000
34.73,1712018477000000
34.73,1712018477250000
34.73,1712018477500000
34.73,1712018477750000
34.73,1712018478000000
34.73,1712018478250000
34.73,1712018478500000
34.73,1712018478750000
34.75,1712018479000000
34.75,1712018479250000
34.75,1712018479500000
34.75,1712018479750000
34.73,1712018480000000
34.73,1712018480250000
34.73,1712018480500000
34.73,1712018480750000
34.73,1712018481000000
34.73,1712018481250000
34.73,1712018481500000
34.73,1712018481750000
34.73,1712018482000000
34.73,1712018482250000
34.73,1712018482500000
34.73,1712018482750000
34.73,1712018483000000
34.73,1712018483250000
34.73,1712018483500000
34.73,1712018483750000
34.75,1712018484000000
34.75,1712018484250000
34.75,1712018484500000
34.75,1712018484750000
34.73,1712018485000000
34.73,1712018485250000
34.73,1712018485500000
34.73,1712018485750000
34.71,1712018486000000
34.71,1712018486250000
34.71,1712018486500000
34.71,1712018486750000
34.75,1712018487000000
34.75,1712018487250000
34.75,1712018487500000
34.75,1712018487750000
34.71,1712018488000000
34.71,1712018488250000
34.71,1712018488500000
34.71,1712018488750000
34.71,1712018489000000
34.71,1712018489250000
34.71,1712018489500000
34.71,1712018489750000
34.71,1712018490000000
34.71,1712018490250000
34.71,1712018490500000
34.71,1712018490750000
34.71,1712018491000000
34.71,1712018491250000
34.71,1712018491500000
34.71,1712018491750000
34.73,1712018492000000
34.73,1712018492250000
34.73,1712018492500000
34.73,1712018492750000
34.71,1712018493000000
34.71,1712018493250000
34.71,1712018493500000
34.71,1712018493750000
34.71,1712018494000000
34.71,1712018494250000
34.71,1712018494500000
34.71,1712018494750000
34.71,1712018495000000
34.71,1712018495250000
34.71,1712018495500000
34.71,1712018495750000
34.71,1712018496000000
34.71,1712018496250000
34.71,1712018496500000
34.71,1712018496750000
34.71,1712018497000000
34.71,1712018497250000
34.71,1712018497500000
34.71,1712018497750000
34.71,1712018498000000
34.71,1712018498250000
34.71,1712018498500000
34.71,1712018498750000
34.71,1712018499000000
34.71,1712018499250000
34.71,1712018499500000
34.71,1712018499750000
34.68,1712018500000000
34.68,1712018500250000
34.68,1712018500500000
34.68,1712018500750000
34.68,1712018501000000
34.68,1712018501250000
34.68,1712018501500000
34.68,1712018501750000
34.68,1712018502000000
34.68,1712018502250000
34.68,1712018502500000
34.68,1712018502750000
34.66,1712018503000000
34.66,1712018503250000
34.66,1712018503500000
34.66,1712018503750000
34.66,1712018504000000
34.66,1712018504250000
34.66,1712018504500000
34.66,1712018504750000
34.66,1712018505000000
34.66,1712018505250000
34.66,1712018505500000
34.66,1712018505750000
34.68,1712018506000000
34.68,1712018506250000
34.68,1712018506500000
34.68,1712018506750000
34.68,1712018507000000
34.68,1712018507250000
34.68,1712018507500000
34.68,1712018507750000
34.66,1712018508000000
34.66,1712018508250000
34.66,1712018508500000
34.66,1712018508750000
34.68,1712018509000000
34.68,1712018509250000
34.68,1712018509500000
34.68,1712018509750000
34.66,1712018510000000
34.66,1712018510250000
34.66,1712018510500000
34.66,1712018510750000
34.66,1712018511000000
34.66,1712018511250000
34.66,1712018511500000
34.66,1712018511750000
34.66,1712018512000000
34.66,1712018512250000
34.66,1712018512500000
34.66,1712018512750000
34.66,1712018513000000
34.66,1712018513250000
34.66,1712018513500000
34.66,1712018513750000
34.66,1712018514000000
34.66,1712018514250000
34.66,1712018514500000
34.66,1712018514750000
34.63,1712018515000000
34.63,1712018515250000
34.63,1712018515500000
34.63,1712018515750000
34.65,1712018516000000
34.65,1712018516250000
34.65,1712018516500000
34.65,1712018516750000
34.63,1712018517000000
34.63,1712018517250000
34.63,1712018517500000
34.63,1712018517750000
34.66,1712018518000000
34.66,1712018518250000
34.66,1712018518500000
34.66,1712018518750000
34.65,1712018519000000
34.65,1712018519250000
34.65,1712018519500000
34.65,1712018519750000
34.63,1712018520000000
34.63,1712018520250000
34.63,1712018520500000
34.63,1712018520750000
34.65,1712018521000000
34.65,1712018521250000
34.65,1712018521500000
34.65,1712018521750000
34.65,1712018522000000
34.65,1712018522250000
34.65,1712018522500000
34.65,1712018522750000
34.63,1712018523000000
34.63,1712018523250000
34.63,1712018523500000
34.63,1712018523750000
34.63,1712018524000000
34.63,1712018524250000
34.63,1712018524500000
34.63,1712018524750000
34.65,1712018525000000
34.65,1712018525250000
34.65,1712018525500000
34.65,1712018525750000
34.65,1712018526000000
34.65,1712018526250000
34.65,1712018526500000
34.65,1712018526750000
34.63,1712018527000000
34.63,1712018527250000
34.63,1712018527500000
34.63,1712018527750000
34.63,1712018528000000
34.63,1712018528250000
34.63,1712018528500000
34.63,1712018528750000
34.65,1712018529000000
34.65,1712018529250000
34.65,1712018529500000
34.65,1712018529750000
34.63,1712018530000000
34.63,1712018530250000
34.63,1712018530500000
34.63,1712018530750000
34.63,1712018531000000
34.63,1712018531250000
34.63,1712018531500000
34.63,1712018531750000
34.61,1712018532000000
34.61,1712018532250000
34.61,1712018532500000
34.61,1712018532750000
34.63,1712018533000000
34.63,1712018533250000
34.63,1712018533500000
34.63,1712018533750000
34.63,1712018534000000
34.63,1712018534250000
34.63,1712018534500000
34.63,1712018534750000
34.63,1712018535000000
34.63,1712018535250000
34.63,1712018535500000
34.63,1712018535750000
34.63,1712018536000000
34.63,1712018536250000
34.63,1712018536500000
34.63,1712018536750000
34.63,1712018537000000
34.63,1712018537250000
34.63,1712018537500000
34.63,1712018537750000
34.61,1712018538000000
34.61,1712018538250000
34.61,1712018538500000
34.61,1712018538750000
34.63,1712018539000000
34.63,1712018539250000
34.63,1712018539500000
34.63,1712018539750000
34.61,1712018540000000
34.61,1712018540250000
34.61,1712018540500000
34.61,1712018540750000
34.61,1712018541000000
34.61,1712018541250000
34.61,1712018541500000
34.61,1712018541750000
34.63,1712018542000000
34.63,1712018542250000
34.63,1712018542500000
34.63,1712018542750000
34.61,1712018543000000
34.61,1712018543250000
34.61,1712018543500000
34.61,1712018543750000
34.61,1712018544000000
34.61,1712018544250000
34.61,1712018544500000
34.61,1712018544750000
34.61,1712018545000000
34.61,1712018545250000
34.61,1712018545500000
34.61,1712018545750000
34.61,1712018546000000
34.61,1712018546250000
34.61,1712018546500000
34.61,1712018546750000
34.61,1712018547000000
34.61,1712018547250000
34.61,1712018547500000
34.61,1712018547750000
34.63,1712018548000000
34.63,1712018548250000
34.63,1712018548500000
34.63,1712018548750000
34.59,1712018549000000
34.59,1712018549250000
34.59,1712018549500000
34.59,1712018549750000
34.61,1712018550000000
34.61,1712018550250000
34.61,1712018550500000
34.61,1712018550750000
34.61,1712018551000000
34.61,1712018551250000
34.61,1712018551500000
34.61,1712018551750000
34.61,1712018552000000
34.61,1712018552250000
34.61,1712018552500000
34.61,1712018552750000
34.61,1712018553000000
34.61,1712018553250000
34.61,1712018553500000
34.61,1712018553750000
34.61,1712018554000000
34.61,1712018554250000
34.61,1712018554500000
34.61,1712018554750000
34.59,1712018555000000
34.59,1712018555250000
34.59,1712018555500000
34.59,1712018555750000
34.61,1712018556000000
34.61,1712018556250000
34.61,1712018556500000
34.61,1712018556750000
34.59,1712018557000000
34.59,1712018557250000
34.59,1712018557500000
34.59,1712018557750000
34.59,1712018558000000
34.59,1712018558250000
34.59,1712018558500000
34.59,1712018558750000
34.59,1712018559000000
34.59,1712018559250000
34.59,1712018559500000
34.59,1712018559750000
34.59,1712018560000000
34.59,1712018560250000
34.59,1712018560500000
34.59,1712018560750000
34.59,1712018561000000
34.59,1712018561250000
34.59,1712018561500000
34.59,1712018561750000
34.59,1712018562000000
34.59,1712018562250000
34.59,1712018562500000
34.59,1712018562750000
34.59,1712018563000000
34.59,1712018563250000
34.59,1712018563500000
34.59,1712018563750000
34.59,1712018564000000
34.59,1712018564250000
34.59,1712018564500000
34.59,1712018564750000
34.59,1712018565000000
34.59,1712018565250000
34.59,1712018565500000
34.59,1712018565750000
34.59,1712018566000000
34.59,1712018566250000
34.59,1712018566500000
34.59,1712018566750000
34.57,1712018567000000
34.57,1712018567250000
34.57,1712018567500000
34.57,1712018567750000
34.59,1712018568000000
34.59,1712018568250000
34.59,1712018568500000
34.59,1712018568750000
34.59,1712018569000000
34.59,1712018569250000
34.59,1712018569500000
34.59,1712018569750000
34.57,1712018570000000
34.57,1712018570250000
34.57,1712018570500000
34.57,1712018570750000
34.57,1712018571000000
34.57,1712018571250000
34.57,1712018571500000
34.57,1712018571750000
34.59,1712018572000000
34.59,1712018572250000
34.59,1712018572500000
34.59,1712018572750000
34.57,1712018573000000
34.57,1712018573250000
34.57,1712018573500000
34.57,1712018573750000
34.55,1712018574000000
34.55,1712018574250000
34.55,1712018574500000
34.55,1712018574750000
34.57,1712018575000000
34.57,1712018575250000
34.57,1712018575500000
34.57,1712018575750000
34.59,1712018576000000
34.59,1712018576250000
34.59,1712018576500000
34.59,1712018576750000
34.59,1712018577000000
34.59,1712018577250000
34.59,1712018577500000
34.59,1712018577750000
34.57,1712018578000000
34.57,1712018578250000
34.57,1712018578500000
34.57,1712018578750000
34.57,1712018579000000
34.57,1712018579250000
34.57,1712018579500000
34.57,1712018579750000
34.55,1712018580000000
34.55,1712018580250000
34.55,1712018580500000
34.55,1712018580750000
34.57,1712018581000000
34.57,1712018581250000
34.57,1712018581500000
34.57,1712018581750000
34.57,1712018582000000
34.57,1712018582250000
34.57,1712018582500000
34.57,1712018582750000
34.55,1712018583000000
34.55,1712018583250000
34.55,1712018583500000
34.55,1712018583750000
34.53,1712018584000000
34.53,1712018584250000
34.53,1712018584500000
34.53,1712018584750000
34.55,1712018585000000
34.55,1712018585250000
34.55,1712018585500000
34.55,1712018585750000
34.53,1712018586000000
34.53,1712018586250000
34.53,1712018586500000
34.53,1712018586750000
34.55,1712018587000000
34.55,1712018587250000
34.55,1712018587500000
34.55,1712018587750000
34.55,1712018588000000
34.55,1712018588250000
34.55,1712018588500000
34.55,1712018588750000
34.5,1712018589000000
34.5,1712018589250000
34.5,1712018589500000
34.5,1712018589750000
34.55,1712018590000000
34.55,1712018590250000
34.55,1712018590500000
34.55,1712018590750000
34.53,1712018591000000
34.53,1712018591250000
34.53,1712018591500000
34.53,1712018591750000
34.55,1712018592000000
34.55,1712018592250000
34.55,1712018592500000
34.55,1712018592750000
34.55,1712018593000000
34.55,1712018593250000
34.55,1712018593500000
34.55,1712018593750000
34.55,1712018594000000
34.55,1712018594250000
34.55,1712018594500000
34.55,1712018594750000
34.55,1712018595000000
34.55,1712018595250000
34.55,1712018595500000
34.55,1712018595750000
34.55,1712018596000000
34.55,1712018596250000
34.55,1712018596500000
34.55,1712018596750000
34.53,1712018597000000
34.53,1712018597250000
34.53,1712018597500000
34.53,1712018597750000
34.53,1712018598000000
34.53,1712018598250000
34.53,1712018598500000
34.53,1712018598750000
34.53,1712018599000000
34.53,1712018599250000
34.53,1712018599500000
34.53,1712018599750000
34.53,1712018600000000
34.53,1712018600250000
34.53,1712018600500000
34.53,1712018600750000
34.53,1712018601000000
34.53,1712018601250000
34.53,1712018601500000
34.53,1712018601750000
34.55,1712018602000000
34.55,1712018602250000
34.55,1712018602500000
34.55,1712018602750000
34.57,1712018603000000
34.57,1712018603250000
34.57,1712018603500000
34.57,1712018603750000
34.57,1712018604000000
34.57,1712018604250000
34.57,1712018604500000
34.57,1712018604750000
34.55,1712018605000000
34.55,1712018605250000
34.55,1712018605500000
34.55,1712018605750000
34.57,1712018606000000
34.57,1712018606250000
34.57,1712018606500000
34.57,1712018606750000
34.57,1712018607000000
34.57,1712018607250000
34.57,1712018607500000
34.57,1712018607750000
34.57,1712018608000000
34.57,1712018608250000
34.57,1712018608500000
34.57,1712018608750000
34.57,1712018609000000
34.57,1712018609250000
34.57,1712018609500000
34.57,1712018609750000
34.57,1712018610000000
34.57,1712018610250000
34.57,1712018610500000
34.57,1712018610750000
34.57,1712018611000000
34.57,1712018611250000
34.57,1712018611500000
34.57,1712018611750000
34.57,1712018612000000
34.57,1712018612250000
34.57,1712018612500000
34.57,1712018612750000
34.57,1712018613000000
34.57,1712018613250000
34.57,1712018613500000
34.57,1712018613750000
34.59,1712018614000000
34.59,1712018614250000
34.59,1712018614500000
34.59,1712018614750000
34.61,1712018615000000
34.61,1712018615250000
34.61,1712018615500000
34.61,1712018615750000
34.57,1712018616000000
34.57,1712018616250000
34.57,1712018616500000
34.57,1712018616750000
34.57,1712018617000000
34.57,1712018617250000
34.57,1712018617500000
34.57,1712018617750000
34.59,1712018618000000
34.59,1712018618250000
34.59,1712018618500000
34.59,1712018618750000
34.61,1712018619000000
34.61,1712018619250000
34.61,1712018619500000
34.61,1712018619750000
34.61,1712018620000000
34.61,1712018620250000
34.61,1712018620500000
34.61,1712018620750000
34.61,1712018621000000
34.61,1712018621250000
34.61,1712018621500000
34.61,1712018621750000
34.61,1712018622000000
34.61,1712018622250000
34.61,1712018622500000
34.61,1712018622750000
34.59,1712018623000000
34.59,1712018623250000
34.59,1712018623500000
34.59,1712018623750000
34.63,1712018624000000
34.63,1712018624250000
34.63,1712018624500000
34.63,1712018624750000
34.61,1712018625000000
34.61,1712018625250000
34.61,1712018625500000
34.61,1712018625750000
34.59,1712018626000000
34.59,1712018626250000
34.59,1712018626500000
34.59,1712018626750000
34.63,1712018627000000
34.63,1712018627250000
34.63,1712018627500000
34.63,1712018627750000
34.59,1712018628000000
34.59,1712018628250000
34.59,1712018628500000
34.59,1712018628750000
34.59,1712018629000000
34.59,1712018629250000
34.59,1712018629500000
34.59,1712018629750000
34.59,1712018630000000
34.59,1712018630250000
34.59,1712018630500000
34.59,1712018630750000
34.59,1712018631000000
34.59,1712018631250000
34.59,1712018631500000
34.59,1712018631750000
34.59,1712018632000000
34.59,1712018632250000
34.59,1712018632500000
34.59,1712018632750000
34.61,1712018633000000
34.61,1712018633250000
34.61,1712018633500000
34.61,1712018633750000
34.59,1712018634000000
34.59,1712018634250000
34.59,1712018634500000
34.59,1712018634750000
34.61,1712018635000000
34.61,1712018635250000
34.61,1712018635500000
34.61,1712018635750000
34.59,1712018636000000
34.59,1712018636250000
34.59,1712018636500000
34.59,1712018636750000
34.59,1712018637000000
34.59,1712018637250000
34.59,1712018637500000
34.59,1712018637750000
34.61,1712018638000000
34.61,1712018638250000
34.61,1712018638500000
34.61,1712018638750000
34.59,1712018639000000
34.59,1712018639250000
34.59,1712018639500000
34.59,1712018639750000
34.59,1712018640000000
34.59,1712018640250000
34.59,1712018640500000
34.59,1712018640750000
34.57,1712018641000000
34.57,1712018641250000
34.57,1712018641500000
34.57,1712018641750000
34.59,1712018642000000
34.59,1712018642250000
34.59,1712018642500000
34.59,1712018642750000
34.61,1712018643000000
34.61,1712018643250000
34.61,1712018643500000
34.61,1712018643750000
34.61,1712018644000000
34.61,1712018644250000
34.61,1712018644500000
34.61,1712018644750000
34.57,1712018645000000
34.57,1712018645250000
34.57,1712018645500000
34.57,1712018645750000
34.59,1712018646000000
34.59,1712018646250000
34.59,1712018646500000
34.59,1712018646750000
34.57,1712018647000000
34.57,1712018647250000
34.57,1712018647500000
34.57,1712018647750000
34.59,1712018648000000
34.59,1712018648250000
34.59,1712018648500000
34.59,1712018648750000
34.59,1712018649000000
34.59,1712018649250000
34.59,1712018649500000
34.59,1712018649750000
34.59,1712018650000000
34.59,1712018650250000
34.59,1712018650500000
34.59,1712018650750000
34.59,1712018651000000
34.59,1712018651250000
34.59,1712018651500000
34.59,1712018651750000
34.59,1712018652000000
34.59,1712018652250000
34.59,1712018652500000
34.59,1712018652750000
34.59,1712018653000000
34.59,1712018653250000
34.59,1712018653500000
34.59,1712018653750000
34.59,1712018654000000
34.59,1712018654250000
34.59,1712018654500000
34.59,1712018654750000
34.59,1712018655000000
34.59,1712018655250000
34.59,1712018655500000
34.59,1712018655750000
34.59,1712018656000000
34.59,1712018656250000
34.59,1712018656500000
34.59,1712018656750000
34.59,1712018657000000
34.59,1712018657250000
34.59,1712018657500000
34.59,1712018657750000
34.57,1712018658000000
34.57,1712018658250000
34.57,1712018658500000
34.57,1712018658750000
34.59,1712018659000000
34.59,1712018659250000
34.59,1712018659500000
34.59,1712018659750000
34.61,1712018660000000
34.61,1712018660250000
34.61,1712018660500000
34.61,1712018660750000
34.57,1712018661000000
34.57,1712018661250000
34.57,1712018661500000
34.57,1712018661750000
34.61,1712018662000000
34.61,1712018662250000
34.61,1712018662500000
34.61,1712018662750000
34.59,1712018663000000
34.59,1712018663250000
34.59,1712018663500000
34.59,1712018663750000
34.59,1712018664000000
34.59,1712018664250000
34.59,1712018664500000
34.59,1712018664750000
34.61,1712018665000000
34.61,1712018665250000
34.61,1712018665500000
34.61,1712018665750000
34.57,1712018666000000
34.57,1712018666250000
34.57,1712018666500000
34.57,1712018666750000
34.59,1712018667000000
34.59,1712018667250000
34.59,1712018667500000
34.59,1712018667750000
34.59,1712018668000000
34.59,1712018668250000
34.59,1712018668500000
34.59,1712018668750000
34.61,1712018669000000
34.61,1712018669250000
34.61,1712018669500000
34.61,1712018669750000
34.61,1712018670000000
34.61,1712018670250000
34.61,1712018670500000
34.61,1712018670750000
34.59,1712018671000000
34.59,1712018671250000
34.59,1712018671500000
34.59,1712018671750000
34.61,1712018672000000
34.61,1712018672250000
34.61,1712018672500000
34.61,1712018672750000
34.61,1712018673000000
34.61,1712018673250000
34.61,1712018673500000
34.61,1712018673750000
34.61,1712018674000000
34.61,1712018674250000
34.61,1712018674500000
34.61,1712018674750000
34.61,1712018675000000
34.61,1712018675250000
34.61,1712018675500000
34.61,1712018675750000
34.65,1712018676000000
34.65,1712018676250000
34.65,1712018676500000
34.65,1712018676750000
34.63,1712018677000000
34.63,1712018677250000
34.63,1712018677500000
34.63,1712018677750000
34.65,1712018678000000
34.65,1712018678250000
34.65,1712018678500000
34.65,1712018678750000
34.65,1712018679000000
34.65,1712018679250000
34.65,1712018679500000
34.65,1712018679750000
34.61,1712018680000000
34.61,1712018680250000
34.61,1712018680500000
34.61,1712018680750000
34.63,1712018681000000
34.63,1712018681250000
34.63,1712018681500000
34.63,1712018681750000
34.63,1712018682000000
34.63,1712018682250000
34.63,1712018682500000
34.63,1712018682750000
34.65,1712018683000000
34.65,1712018683250000
34.65,1712018683500000
34.65,1712018683750000
34.65,1712018684000000
34.65,1712018684250000
34.65,1712018684500000
34.65,1712018684750000
34.65,1712018685000000
34.65,1712018685250000
34.65,1712018685500000
34.65,1712018685750000
34.63,1712018686000000
34.63,1712018686250000
34.63,1712018686500000
34.63,1712018686750000
34.65,1712018687000000
34.65,1712018687250000
34.65,1712018687500000
34.65,1712018687750000
34.68,1712018688000000
34.68,1712018688250000
34.68,1712018688500000
34.68,1712018688750000
34.68,1712018689000000
34.68,1712018689250000
34.68,1712018689500000
34.68,1712018689750000
34.68,1712018690000000
34.68,1712018690250000
34.68,1712018690500000
34.68,1712018690750000
34.68,1712018691000000
34.68,1712018691250000
34.68,1712018691500000
34.68,1712018691750000
34.73,1712018692000000
34.73,1712018692250000
34.73,1712018692500000
34.73,1712018692750000
34.68,1712018693000000
34.68,1712018693250000
34.68,1712018693500000
34.68,1712018693750000
34.71,1712018694000000
34.71,1712018694250000
34.71,1712018694500000
34.71,1712018694750000
34.68,1712018695000000
34.68,1712018695250000
34.68,1712018695500000
34.68,1712018695750000
34.71,1712018696000000
34.71,1712018696250000
34.71,1712018696500000
34.71,1712018696750000
34.71,1712018697000000
34.71,1712018697250000
34.71,1712018697500000
34.71,1712018697750000
34.73,1712018698000000
34.73,1712018698250000
34.73,1712018698500000
34.73,1712018698750000
34.73,1712018699000000
34.73,1712018699250000
34.73,1712018699500000
34.73,1712018699750000
34.71,1712018700000000
34.71,1712018700250000
34.71,1712018700500000
34.71,1712018700750000
34.73,1712018701000000
34.73,1712018701250000
34.73,1712018701500000
34.73,1712018701750000
34.71,1712018702000000
34.71,1712018702250000
34.71,1712018702500000
34.71,1712018702750000
34.73,1712018703000000
34.73,1712018703250000
34.73,1712018703500000
34.73,1712018703750000
34.73,1712018704000000
34.73,1712018704250000
34.73,1712018704500000
34.73,1712018704750000
34.75,1712018705000000
34.75,1712018705250000
34.75,1712018705500000
34.75,1712018705750000
34.75,1712018706000000
34.75,1712018706250000
34.75,1712018706500000
34.75,1712018706750000
34.75,1712018707000000
34.75,1712018707250000
34.75,1712018707500000
34.75,1712018707750000
34.75,1712018708000000
34.75,1712018708250000
34.75,1712018708500000
34.75,1712018708750000
34.75,1712018709000000
34.75,1712018709250000
34.75,1712018709500000
34.75,1712018709750000
34.75,1712018710000000
34.75,1712018710250000
34.75,1712018710500000
34.75,1712018710750000
34.77,1712018711000000
34.77,1712018711250000
34.77,1712018711500000
34.77,1712018711750000
34.77,1712018712000000
34.77,1712018712250000
34.77,1712018712500000
34.77,1712018712750000
34.77,1712018713000000
34.77,1712018713250000
34.77,1712018713500000
34.77,1712018713750000
34.79,1712018714000000
34.79,1712018714250000
34.79,1712018714500000
34.79,1712018714750000
34.79,1712018715000000
34.79,1712018715250000
34.79,1712018715500000
34.79,1712018715750000
34.79,1712018716000000
34.79,1712018716250000
34.79,1712018716500000
34.79,1712018716750000
34.81,1712018717000000
34.81,1712018717250000
34.81,1712018717500000
34.81,1712018717750000
34.81,1712018718000000
34.81,1712018718250000
34.81,1712018718500000
34.81,1712018718750000
34.79,1712018719000000
34.79,1712018719250000
34.79,1712018719500000
34.79,1712018719750000
34.81,1712018720000000
34.81,1712018720250000
34.81,1712018720500000
34.81,1712018720750000
34.81,1712018721000000
34.81,1712018721250000
34.81,1712018721500000
34.81,1712018721750000
34.83,1712018722000000
34.83,1712018722250000
34.83,1712018722500000
34.83,1712018722750000
34.83,1712018723000000
34.83,1712018723250000
34.83,1712018723500000
34.83,1712018723750000
34.83,1712018724000000
34.83,1712018724250000
34.83,1712018724500000
34.83,1712018724750000
34.81,1712018725000000
34.81,1712018725250000
34.81,1712018725500000
34.81,1712018725750000
34.83,1712018726000000
34.83,1712018726250000
34.83,1712018726500000
34.83,1712018726750000
34.83,1712018727000000
34.83,1712018727250000
34.83,1712018727500000
34.83,1712018727750000
34.79,1712018728000000
34.79,1712018728250000
34.79,1712018728500000
34.79,1712018728750000
34.81,1712018729000000
34.81,1712018729250000
34.81,1712018729500000
34.81,1712018729750000
34.81,1712018730000000
34.81,1712018730250000
34.81,1712018730500000
34.81,1712018730750000
34.79,1712018731000000
34.79,1712018731250000
34.79,1712018731500000
34.79,1712018731750000
34.81,1712018732000000
34.81,1712018732250000
34.81,1712018732500000
34.81,1712018732750000
34.83,1712018733000000
34.83,1712018733250000
34.83,1712018733500000
34.83,1712018733750000
34.83,1712018734000000
34.83,1712018734250000
34.83,1712018734500000
34.83,1712018734750000
34.79,1712018735000000
34.79,1712018735250000
34.79,1712018735500000
34.79,1712018735750000
34.81,1712018736000000
34.81,1712018736250000
34.81,1712018736500000
34.81,1712018736750000
34.81,1712018737000000
34.81,1712018737250000
34.81,1712018737500000
34.81,1712018737750000
34.79,1712018738000000
34.79,1712018738250000
34.79,1712018738500000
34.79,1712018738750000
34.83,1712018739000000
34.83,1712018739250000
34.83,1712018739500000
34.83,1712018739750000
34.79,1712018740000000
34.79,1712018740250000
34.79,1712018740500000
34.79,1712018740750000
34.79,1712018741000000
34.79,1712018741250000
34.79,1712018741500000
34.79,1712018741750000
34.83,1712018742000000
34.83,1712018742250000
34.83,1712018742500000
34.83,1712018742750000
34.81,1712018743000000
34.81,1712018743250000
34.81,1712018743500000
34.81,1712018743750000
34.79,1712018744000000
34.79,1712018744250000
34.79,1712018744500000
34.79,1712018744750000
34.77,1712018745000000
34.77,1712018745250000
34.77,1712018745500000
34.77,1712018745750000
34.75,1712018746000000
34.75,1712018746250000
34.75,1712018746500000
34.75,1712018746750000
34.75,1712018747000000
34.75,1712018747250000
34.75,1712018747500000
34.75,1712018747750000
34.75,1712018748000000
34.75,1712018748250000
34.75,1712018748500000
34.75,1712018748750000
34.75,1712018749000000
34.75,1712018749250000
34.75,1712018749500000
34.75,1712018749750000
34.75,1712018750000000
34.75,1712018750250000
34.75,1712018750500000
34.75,1712018750750000
34.75,1712018751000000
34.75,1712018751250000
34.75,1712018751500000
34.75,1712018751750000
34.75,1712018752000000
34.75,1712018752250000
34.75,1712018752500000
34.75,1712018752750000
34.75,1712018753000000
34.75,1712018753250000
34.75,1712018753500000
34.75,1712018753750000
34.73,1712018754000000
34.73,1712018754250000
34.73,1712018754500000
34.73,1712018754750000
34.73,1712018755000000
34.73,1712018755250000
34.73,1712018755500000
34.73,1712018755750000
34.73,1712018756000000
34.73,1712018756250000
34.73,1712018756500000
34.73,1712018756750000
34.73,1712018757000000
34.73,1712018757250000
34.73,1712018757500000
34.73,1712018757750000
34.73,1712018758000000
34.73,1712018758250000
34.73,1712018758500000
34.73,1712018758750000
34.71,1712018759000000
34.71,1712018759250000
34.71,1712018759500000
34.71,1712018759750000
34.71,1712018760000000
34.71,1712018760250000
34.71,1712018760500000
34.71,1712018760750000
34.68,1712018761000000
34.68,1712018761250000
34.68,1712018761500000
34.68,1712018761750000
34.71,1712018762000000
34.71,1712018762250000
34.71,1712018762500000
34.71,1712018762750000
34.68,1712018763000000
34.68,1712018763250000
34.68,1712018763500000
34.68,1712018763750000
34.71,1712018764000000
34.71,1712018764250000
34.71,1712018764500000
34.71,1712018764750000
34.68,1712018765000000
34.68,1712018765250000
34.68,1712018765500000
34.68,1712018765750000
34.66,1712018766000000
34.66,1712018766250000
34.66,1712018766500000
34.66,1712018766750000
34.71,1712018767000000
34.71,1712018767250000
34.71,1712018767500000
34.71,1712018767750000
34.65,1712018768000000
34.65,1712018768250000
34.65,1712018768500000
34.65,1712018768750000
34.66,1712018769000000
34.66,1712018769250000
34.66,1712018769500000
34.66,1712018769750000
34.66,1712018770000000
34.66,1712018770250000
34.66,1712018770500000
34.66,1712018770750000
34.68,1712018771000000
34.68,1712018771250000
34.68,1712018771500000
34.68,1712018771750000
34.65,1712018772000000
34.65,1712018772250000
34.65,1712018772500000
34.65,1712018772750000
34.66,1712018773000000
34.66,1712018773250000
34.66,1712018773500000
34.66,1712018773750000
34.66,1712018774000000
34.66,1712018774250000
34.66,1712018774500000
34.66,1712018774750000
34.65,1712018775000000
34.65,1712018775250000
34.65,1712018775500000
34.65,1712018775750000
34.65,1712018776000000
34.65,1712018776250000
34.65,1712018776500000
34.65,1712018776750000
34.65,1712018777000000
34.65,1712018777250000
34.65,1712018777500000
34.65,1712018777750000
34.65,1712018778000000
34.65,1712018778250000
34.65,1712018778500000
34.65,1712018778750000
34.63,1712018779000000
34.63,1712018779250000
34.63,1712018779500000
34.63,1712018779750000
34.65,1712018780000000
34.65,1712018780250000
34.65,1712018780500000
34.65,1712018780750000
34.66,1712018781000000
34.66,1712018781250000
34.66,1712018781500000
34.66,1712018781750000
34.63,1712018782000000
34.63,1712018782250000
34.63,1712018782500000
34.63,1712018782750000
34.63,1712018783000000
34.63,1712018783250000
34.63,1712018783500000
34.63,1712018783750000
34.63,1712018784000000
34.63,1712018784250000
34.63,1712018784500000
34.63,1712018784750000
34.63,1712018785000000
34.63,1712018785250000
34.63,1712018785500000
34.63,1712018785750000
34.61,1712018786000000
34.61,1712018786250000
34.61,1712018786500000
34.61,1712018786750000
34.63,1712018787000000
34.63,1712018787250000
34.63,1712018787500000
34.63,1712018787750000
34.63,1712018788000000
34.63,1712018788250000
34.63,1712018788500000
34.63,1712018788750000
34.61,1712018789000000
34.61,1712018789250000
34.61,1712018789500000
34.61,1712018789750000
34.61,1712018790000000
34.61,1712018790250000
34.61,1712018790500000
34.61,1712018790750000
34.61,1712018791000000
34.61,1712018791250000
34.61,1712018791500000
34.61,1712018791750000
34.63,1712018792000000
34.63,1712018792250000
34.63,1712018792500000
34.63,1712018792750000
34.61,1712018793000000
34.61,1712018793250000
34.61,1712018793500000
34.61,1712018793750000
34.59,1712018794000000
34.59,1712018794250000
34.59,1712018794500000
34.59,1712018794750000
34.63,1712018795000000
34.63,1712018795250000
34.63,1712018795500000
34.63,1712018795750000
34.61,1712018796000000
34.61,1712018796250000
34.61,1712018796500000
34.61,1712018796750000
34.59,1712018797000000
34.59,1712018797250000
34.59,1712018797500000
34.59,1712018797750000
34.59,1712018798000000
34.59,1712018798250000
34.59,1712018798500000
34.59,1712018798750000
34.57,1712018799000000
34.57,1712018799250000
34.57,1712018799500000
34.57,1712018799750000
34.59,1712018800000000
34.59,1712018800250000
34.59,1712018800500000
34.59,1712018800750000
34.57,1712018801000000
34.57,1712018801250000
34.57,1712018801500000
34.57,1712018801750000
34.59,1712018802000000
34.59,1712018802250000
34.59,1712018802500000
34.59,1712018802750000
34.57,1712018803000000
34.57,1712018803250000
34.57,1712018803500000
34.57,1712018803750000
34.59,1712018804000000
34.59,1712018804250000
34.59,1712018804500000
34.59,1712018804750000
34.59,1712018805000000
34.59,1712018805250000
34.59,1712018805500000
34.59,1712018805750000
34.59,1712018806000000
34.59,1712018806250000
34.59,1712018806500000
34.59,1712018806750000
34.57,1712018807000000
34.57,1712018807250000
34.57,1712018807500000
34.57,1712018807750000
34.59,1712018808000000
34.59,1712018808250000
34.59,1712018808500000
34.59,1712018808750000
34.59,1712018809000000
34.59,1712018809250000
34.59,1712018809500000
34.59,1712018809750000
34.59,1712018810000000
34.59,1712018810250000
34.59,1712018810500000
34.59,1712018810750000
34.59,1712018811000000
34.59,1712018811250000
34.59,1712018811500000
34.59,1712018811750000
34.57,1712018812000000
34.57,1712018812250000
34.57,1712018812500000
34.57,1712018812750000
34.57,1712018813000000
34.57,1712018813250000
34.57,1712018813500000
34.57,1712018813750000
34.59,1712018814000000
34.59,1712018814250000
34.59,1712018814500000
34.59,1712018814750000
34.57,1712018815000000
34.57,1712018815250000
34.57,1712018815500000
34.57,1712018815750000
34.59,1712018816000000
34.59,1712018816250000
34.59,1712018816500000
34.59,1712018816750000
34.57,1712018817000000
34.57,1712018817250000
34.57,1712018817500000
34.57,1712018817750000
34.57,1712018818000000
34.57,1712018818250000
34.57,1712018818500000
34.57,1712018818750000
34.59,1712018819000000
34.59,1712018819250000
34.59,1712018819500000
34.59,1712018819750000
34.57,1712018820000000
34.57,1712018820250000
34.57,1712018820500000
34.57,1712018820750000
34.59,1712018821000000
34.59,1712018821250000
34.59,1712018821500000
34.59,1712018821750000
34.57,1712018822000000
34.57,1712018822250000
34.57,1712018822500000
34.57,1712018822750000
34.59,1712018823000000
34.59,1712018823250000
34.59,1712018823500000
34.59,1712018823750000
34.59,1712018824000000
34.59,1712018824250000
34.59,1712018824500000
34.59,1712018824750000
34.57,1712018825000000
34.57,1712018825250000
34.57,1712018825500000
34.57,1712018825750000
34.57,1712018826000000
34.57,1712018826250000
34.57,1712018826500000
34.57,1712018826750000
34.59,1712018827000000
34.59,1712018827250000
34.59,1712018827500000
34.59,1712018827750000
34.59,1712018828000000
34.59,1712018828250000
34.59,1712018828500000
34.59,1712018828750000
34.59,1712018829000000
34.59,1712018829250000
34.59,1712018829500000
34.59,1712018829750000
34.57,1712018830000000
34.57,1712018830250000
34.57,1712018830500000
34.57,1712018830750000
34.59,1712018831000000
34.59,1712018831250000
34.59,1712018831500000
34.59,1712018831750000
34.59,1712018832000000
34.59,1712018832250000
34.59,1712018832500000
34.59,1712018832750000
34.61,1712018833000000
34.61,1712018833250000
34.61,1712018833500000
34.61,1712018833750000
34.57,1712018834000000
34.57,1712018834250000
34.57,1712018834500000
34.57,1712018834750000
34.59,1712018835000000
34.59,1712018835250000
34.59,1712018835500000
34.59,1712018835750000
34.59,1712018836000000
34.59,1712018836250000
34.59,1712018836500000
34.59,1712018836750000
34.61,1712018837000000
34.61,1712018837250000
34.61,1712018837500000
34.61,1712018837750000
34.61,1712018838000000
34.61,1712018838250000
34.61,1712018838500000
34.61,1712018838750000
34.57,1712018839000000
34.57,1712018839250000
34.57,1712018839500000
34.57,1712018839750000
34.61,1712018840000000
34.61,1712018840250000
34.61,1712018840500000
34.61,1712018840750000
34.57,1712018841000000
34.57,1712018841250000
34.57,1712018841500000
34.57,1712018841750000
34.59,1712018842000000
34.59,1712018842250000
34.59,1712018842500000
34.59,1712018842750000
34.57,1712018843000000
34.57,1712018843250000
34.57,1712018843500000
34.57,1712018843750000
34.59,1712018844000000
34.59,1712018844250000
34.59,1712018844500000
34.59,1712018844750000
34.57,1712018845000000
34.57,1712018845250000
34.57,1712018845500000
34.57,1712018845750000
34.59,1712018846000000
34.59,1712018846250000
34.59,1712018846500000
34.59,1712018846750000
34.59,1712018847000000
34.59,1712018847250000
34.59,1712018847500000
34.59,1712018847750000
34.59,1712018848000000
34.59,1712018848250000
34.59,1712018848500000
34.59,1712018848750000
34.57,1712018849000000
34.57,1712018849250000
34.57,1712018849500000
34.57,1712018849750000
34.59,1712018850000000
34.59,1712018850250000
34.59,1712018850500000
34.59,1712018850750000
34.57,1712018851000000
34.57,1712018851250000
34.57,1712018851500000
34.57,1712018851750000
34.59,1712018852000000
34.59,1712018852250000
34.59,1712018852500000
34.59,1712018852750000
34.57,1712018853000000
34.57,1712018853250000
34.57,1712018853500000
34.57,1712018853750000
34.57,1712018854000000
34.57,1712018854250000
34.57,1712018854500000
34.57,1712018854750000
34.57,1712018855000000
34.57,1712018855250000
34.57,1712018855500000
34.57,1712018855750000
34.55,1712018856000000
34.55,1712018856250000
34.55,1712018856500000
34.55,1712018856750000
34.59,1712018857000000
34.59,1712018857250000
34.59,1712018857500000
34.59,1712018857750000
34.57,1712018858000000
34.57,1712018858250000
34.57,1712018858500000
34.57,1712018858750000
34.57,1712018859000000
34.57,1712018859250000
34.57,1712018859500000
34.57,1712018859750000
34.57,1712018860000000
34.57,1712018860250000
34.57,1712018860500000
34.57,1712018860750000
34.57,1712018861000000
34.57,1712018861250000
34.57,1712018861500000
34.57,1712018861750000
34.57,1712018862000000
34.57,1712018862250000
34.57,1712018862500000
34.57,1712018862750000
34.57,1712018863000000
34.57,1712018863250000
34.57,1712018863500000
34.57,1712018863750000
34.57,1712018864000000
34.57,1712018864250000
34.57,1712018864500000
34.57,1712018864750000
34.57,1712018865000000
34.57,1712018865250000
34.57,1712018865500000
34.57,1712018865750000
34.55,1712018866000000
34.55,1712018866250000
34.55,1712018866500000
34.55,1712018866750000
34.55,1712018867000000
34.55,1712018867250000
34.55,1712018867500000
34.55,1712018867750000
34.55,1712018868000000
34.55,1712018868250000
34.55,1712018868500000
34.55,1712018868750000
34.55,1712018869000000
34.55,1712018869250000
34.55,1712018869500000
34.55,1712018869750000
34.53,1712018870000000
34.53,1712018870250000
34.53,1712018870500000
34.53,1712018870750000
34.53,1712018871000000
34.53,1712018871250000
34.53,1712018871500000
34.53,1712018871750000
34.53,1712018872000000
34.53,1712018872250000
34.53,1712018872500000
34.53,1712018872750000
34.53,1712018873000000
34.53,1712018873250000
34.53,1712018873500000
34.53,1712018873750000
34.53,1712018874000000
34.53,1712018874250000
34.53,1712018874500000
34.53,1712018874750000
34.55,1712018875000000
34.55,1712018875250000
34.55,1712018875500000
34.55,1712018875750000
34.53,1712018876000000
34.53,1712018876250000
34.53,1712018876500000
34.53,1712018876750000
34.53,1712018877000000
34.53,1712018877250000
34.53,1712018877500000
34.53,1712018877750000
34.55,1712018878000000
34.55,1712018878250000
34.55,1712018878500000
34.55,1712018878750000
34.53,1712018879000000
34.53,1712018879250000
34.53,1712018879500000
34.53,1712018879750000
34.53,1712018880000000
34.53,1712018880250000
34.53,1712018880500000
34.53,1712018880750000
34.5,1712018881000000
34.5,1712018881250000
34.5,1712018881500000
34.5,1712018881750000
34.53,1712018882000000
34.53,1712018882250000
34.53,1712018882500000
34.53,1712018882750000
34.53,1712018883000000
34.53,1712018883250000
34.53,1712018883500000
34.53,1712018883750000
34.5,1712018884000000
34.5,1712018884250000
34.5,1712018884500000
34.5,1712018884750000
34.53,1712018885000000
34.53,1712018885250000
34.53,1712018885500000
34.53,1712018885750000
34.5,1712018886000000
34.5,1712018886250000
34.5,1712018886500000
34.5,1712018886750000
34.55,1712018887000000
34.55,1712018887250000
34.55,1712018887500000
34.55,1712018887750000
34.5,1712018888000000
34.5,1712018888250000
34.5,1712018888500000
34.5,1712018888750000
34.53,1712018889000000
34.53,1712018889250000
34.53,1712018889500000
34.53,1712018889750000
34.55,1712018890000000
34.55,1712018890250000
34.55,1712018890500000
34.55,1712018890750000
34.53,1712018891000000
34.53,1712018891250000
34.53,1712018891500000
34.53,1712018891750000
34.53,1712018892000000
34.53,1712018892250000
34.53,1712018892500000
34.53,1712018892750000
34.53,1712018893000000
34.53,1712018893250000
34.53,1712018893500000
34.53,1712018893750000
34.53,1712018894000000
34.53,1712018894250000
34.53,1712018894500000
34.53,1712018894750000
34.55,1712018895000000
34.55,1712018895250000
34.55,1712018895500000
34.55,1712018895750000
34.53,1712018896000000
34.53,1712018896250000
34.53,1712018896500000
34.53,1712018896750000
34.57,1712018897000000
34.57,1712018897250000
34.57,1712018897500000
34.57,1712018897750000
34.53,1712018898000000
34.53,1712018898250000
34.53,1712018898500000
34.53,1712018898750000
34.55,1712018899000000
34.55,1712018899250000
34.55,1712018899500000
34.55,1712018899750000
34.57,1712018900000000
34.57,1712018900250000
34.57,1712018900500000
34.57,1712018900750000
34.55,1712018901000000
34.55,1712018901250000
34.55,1712018901500000
34.55,1712018901750000
34.55,1712018902000000
34.55,1712018902250000
34.55,1712018902500000
34.55,1712018902750000
34.53,1712018903000000
34.53,1712018903250000
34.53,1712018903500000
34.53,1712018903750000
34.57,1712018904000000
34.57,1712018904250000
34.57,1712018904500000
34.57,1712018904750000
34.53,1712018905000000
34.53,1712018905250000
34.53,1712018905500000
34.53,1712018905750000
34.53,1712018906000000
34.53,1712018906250000
34.53,1712018906500000
34.53,1712018906750000
34.55,1712018907000000
34.55,1712018907250000
34.55,1712018907500000
34.55,1712018907750000
34.53,1712018908000000
34.53,1712018908250000
34.53,1712018908500000
34.53,1712018908750000
34.55,1712018909000000
34.55,1712018909250000
34.55,1712018909500000
34.55,1712018909750000
34.57,1712018910000000
34.57,1712018910250000
34.57,1712018910500000
34.57,1712018910750000
34.55,1712018911000000
34.55,1712018911250000
34.55,1712018911500000
34.55,1712018911750000
34.57,1712018912000000
34.57,1712018912250000
34.57,1712018912500000
34.57,1712018912750000
34.55,1712018913000000
34.55,1712018913250000
34.55,1712018913500000
34.55,1712018913750000
34.55,1712018914000000
34.55,1712018914250000
34.55,1712018914500000
34.55,1712018914750000
34.59,1712018915000000
34.59,1712018915250000
34.59,1712018915500000
34.59,1712018915750000
34.59,1712018916000000
34.59,1712018916250000
34.59,1712018916500000
34.59,1712018916750000
34.57,1712018917000000
34.57,1712018917250000
34.57,1712018917500000
34.57,1712018917750000
34.57,1712018918000000
34.57,1712018918250000
34.57,1712018918500000
34.57,1712018918750000
34.57,1712018919000000
34.57,1712018919250000
34.57,1712018919500000
34.57,1712018919750000
34.59,1712018920000000
34.59,1712018920250000
34.59,1712018920500000
34.59,1712018920750000
34.61,1712018921000000
34.61,1712018921250000
34.61,1712018921500000
34.61,1712018921750000
34.59,1712018922000000
34.59,1712018922250000
34.59,1712018922500000
34.59,1712018922750000
34.59,1712018923000000
34.59,1712018923250000
34.59,1712018923500000
34.59,1712018923750000
34.57,1712018924000000
34.57,1712018924250000
34.57,1712018924500000
34.57,1712018924750000
34.61,1712018925000000
34.61,1712018925250000
34.61,1712018925500000
34.61,1712018925750000
34.61,1712018926000000
34.61,1712018926250000
34.61,1712018926500000
34.61,1712018926750000
34.61,1712018927000000
34.61,1712018927250000
34.61,1712018927500000
34.61,1712018927750000
34.59,1712018928000000
34.59,1712018928250000
34.59,1712018928500000
34.59,1712018928750000
34.61,1712018929000000
34.61,1712018929250000
34.61,1712018929500000
34.61,1712018929750000
34.59,1712018930000000
34.59,1712018930250000
34.59,1712018930500000
34.59,1712018930750000
34.61,1712018931000000
34.61,1712018931250000
34.61,1712018931500000
34.61,1712018931750000
34.59,1712018932000000
34.59,1712018932250000
34.59,1712018932500000
34.59,1712018932750000
34.59,1712018933000000
34.59,1712018933250000
34.59,1712018933500000
34.59,1712018933750000
34.61,1712018934000000
34.61,1712018934250000
34.61,1712018934500000
34.61,1712018934750000
34.59,1712018935000000
34.59,1712018935250000
34.59,1712018935500000
34.59,1712018935750000
34.61,1712018936000000
34.61,1712018936250000
34.61,1712018936500000
34.61,1712018936750000
34.59,1712018937000000
34.59,1712018937250000
34.59,1712018937500000
34.59,1712018937750000
34.59,1712018938000000
34.59,1712018938250000
34.59,1712018938500000
34.59,1712018938750000
34.59,1712018939000000
34.59,1712018939250000
34.59,1712018939500000
34.59,1712018939750000
34.61,1712018940000000
34.61,1712018940250000
34.61,1712018940500000
34.61,1712018940750000
34.61,1712018941000000
34.61,1712018941250000
34.61,1712018941500000
34.61,1712018941750000
34.61,1712018942000000
34.61,1712018942250000
34.61,1712018942500000
34.61,1712018942750000
34.61,1712018943000000
34.61,1712018943250000
34.61,1712018943500000
34.61,1712018943750000
34.61,1712018944000000
34.61,1712018944250000
34.61,1712018944500000
34.61,1712018944750000
34.59,1712018945000000
34.59,1712018945250000
34.59,1712018945500000
34.59,1712018945750000
34.63,1712018946000000
34.63,1712018946250000
34.63,1712018946500000
34.63,1712018946750000
34.63,1712018947000000
34.63,1712018947250000
34.63,1712018947500000
34.63,1712018947750000
34.61,1712018948000000
34.61,1712018948250000
34.61,1712018948500000
34.61,1712018948750000
34.65,1712018949000000
34.65,1712018949250000
34.65,1712018949500000
34.65,1712018949750000
34.63,1712018950000000
34.63,1712018950250000
34.63,1712018950500000
34.63,1712018950750000
34.63,1712018951000000
34.63,1712018951250000
34.63,1712018951500000
34.63,1712018951750000
34.63,1712018952000000
34.63,1712018952250000
34.63,1712018952500000
34.63,1712018952750000
34.61,1712018953000000
34.61,1712018953250000
34.61,1712018953500000
34.61,1712018953750000
34.65,1712018954000000
34.65,1712018954250000
34.65,1712018954500000
34.65,1712018954750000
34.59,1712018955000000
34.59,1712018955250000
34.59,1712018955500000
34.59,1712018955750000
34.63,1712018956000000
34.63,1712018956250000
34.63,1712018956500000
34.63,1712018956750000
34.59,1712018957000000
34.59,1712018957250000
34.59,1712018957500000
34.59,1712018957750000
34.61,1712018958000000
34.61,1712018958250000
34.61,1712018958500000
34.61,1712018958750000
34.63,1712018959000000
34.63,1712018959250000
34.63,1712018959500000
34.63,1712018959750000
34.61,1712018960000000
34.61,1712018960250000
34.61,1712018960500000
34.61,1712018960750000
34.59,1712018961000000
34.59,1712018961250000
34.59,1712018961500000
34.59,1712018961750000
34.61,1712018962000000
34.61,1712018962250000
34.61,1712018962500000
34.61,1712018962750000
34.59,1712018963000000
34.59,1712018963250000
34.59,1712018963500000
34.59,1712018963750000
34.61,1712018964000000
34.61,1712018964250000
34.61,1712018964500000
34.61,1712018964750000
34.59,1712018965000000
34.59,1712018965250000
34.59,1712018965500000
34.59,1712018965750000
34.59,1712018966000000
34.59,1712018966250000
34.59,1712018966500000
34.59,1712018966750000
34.59,1712018967000000
34.59,1712018967250000
34.59,1712018967500000
34.59,1712018967750000
34.61,1712018968000000
34.61,1712018968250000
34.61,1712018968500000
34.61,1712018968750000
34.59,1712018969000000
34.59,1712018969250000
34.59,1712018969500000
34.59,1712018969750000
34.63,1712018970000000
34.63,1712018970250000
34.63,1712018970500000
34.63,1712018970750000
34.61,1712018971000000
34.61,1712018971250000
34.61,1712018971500000
34.61,1712018971750000
34.57,1712018972000000
34.57,1712018972250000
34.57,1712018972500000
34.57,1712018972750000
34.59,1712018973000000
34.59,1712018973250000
34.59,1712018973500000
34.59,1712018973750000
34.59,1712018974000000
34.59,1712018974250000
34.59,1712018974500000
34.59,1712018974750000
34.59,1712018975000000
34.59,1712018975250000
34.59,1712018975500000
34.59,1712018975750000
34.59,1712018976000000
34.59,1712018976250000
34.59,1712018976500000
34.59,1712018976750000
34.61,1712018977000000
34.61,1712018977250000
34.61,1712018977500000
34.61,1712018977750000
34.59,1712018978000000
34.59,1712018978250000
34.59,1712018978500000
34.59,1712018978750000
34.59,1712018979000000
34.59,1712018979250000
34.59,1712018979500000
34.59,1712018979750000
34.57,1712018980000000
34.57,1712018980250000
34.57,1712018980500000
34.57,1712018980750000
34.57,1712018981000000
34.57,1712018981250000
34.57,1712018981500000
34.57,1712018981750000
34.59,1712018982000000
34.59,1712018982250000
34.59,1712018982500000
34.59,1712018982750000
34.57,1712018983000000
34.57,1712018983250000
34.57,1712018983500000
34.57,1712018983750000
34.59,1712018984000000
34.59,1712018984250000
34.59,1712018984500000
34.59,1712018984750000
34.59,1712018985000000
34.59,1712018985250000
34.59,1712018985500000
34.59,1712018985750000
34.59,1712018986000000
34.59,1712018986250000
34.59,1712018986500000
34.59,1712018986750000
34.59,1712018987000000
34.59,1712018987250000
34.59,1712018987500000
34.59,1712018987750000
34.57,1712018988000000
34.57,1712018988250000
34.57,1712018988500000
34.57,1712018988750000
34.59,1712018989000000
34.59,1712018989250000
34.59,1712018989500000
34.59,1712018989750000
34.57,1712018990000000
34.57,1712018990250000
34.57,1712018990500000
34.57,1712018990750000
34.59,1712018991000000
34.59,1712018991250000
34.59,1712018991500000
34.59,1712018991750000
34.59,1712018992000000
34.59,1712018992250000
34.59,1712018992500000
34.59,1712018992750000
34.57,1712018993000000
34.57,1712018993250000
34.57,1712018993500000
34.57,1712018993750000
34.59,1712018994000000
34.59,1712018994250000
34.59,1712018994500000
34.59,1712018994750000
34.61,1712018995000000
34.61,1712018995250000
34.61,1712018995500000
34.61,1712018995750000
34.59,1712018996000000
34.59,1712018996250000
34.59,1712018996500000
34.59,1712018996750000
34.59,1712018997000000
34.59,1712018997250000
34.59,1712018997500000
34.59,1712018997750000
34.59,1712018998000000
34.59,1712018998250000
34.59,1712018998500000
34.59,1712018998750000
34.57,1712018999000000
34.57,1712018999250000
34.57,1712018999500000
34.57,1712018999750000
34.59,1712019000000000
34.59,1712019000250000
34.59,1712019000500000
34.59,1712019000750000
34.57,1712019001000000
34.57,1712019001250000
34.57,1712019001500000
34.57,1712019001750000
34.57,1712019002000000
34.57,1712019002250000
34.57,1712019002500000
34.57,1712019002750000
34.59,1712019003000000
34.59,1712019003250000
34.59,1712019003500000
34.59,1712019003750000
34.59,1712019004000000
34.59,1712019004250000
34.59,1712019004500000
34.59,1712019004750000
34.61,1712019005000000
34.61,1712019005250000
34.61,1712019005500000
34.61,1712019005750000
34.59,1712019006000000
34.59,1712019006250000
34.59,1712019006500000
34.59,1712019006750000
34.59,1712019007000000
34.59,1712019007250000
34.59,1712019007500000
34.59,1712019007750000
34.59,1712019008000000
34.59,1712019008250000
34.59,1712019008500000
34.59,1712019008750000
34.59,1712019009000000
34.59,1712019009250000
34.59,1712019009500000
34.59,1712019009750000
34.57,1712019010000000
34.57,1712019010250000
34.57,1712019010500000
34.57,1712019010750000
34.59,1712019011000000
34.59,1712019011250000
34.59,1712019011500000
34.59,1712019011750000
34.57,1712019012000000
34.57,1712019012250000
34.57,1712019012500000
34.57,1712019012750000
34.59,1712019013000000
34.59,1712019013250000
34.59,1712019013500000
34.59,1712019013750000
34.59,1712019014000000
34.59,1712019014250000
34.59,1712019014500000
34.59,1712019014750000
34.57,1712019015000000
34.57,1712019015250000
34.57,1712019015500000
34.57,1712019015750000
34.57,1712019016000000
34.57,1712019016250000
34.57,1712019016500000
34.57,1712019016750000
34.57,1712019017000000
34.57,1712019017250000
34.57,1712019017500000
34.57,1712019017750000
34.57,1712019018000000
34.57,1712019018250000
34.57,1712019018500000
34.57,1712019018750000
34.57,1712019019000000
34.57,1712019019250000
34.57,1712019019500000
34.57,1712019019750000
34.59,1712019020000000
34.59,1712019020250000
34.59,1712019020500000
34.59,1712019020750000
34.59,1712019021000000
34.59,1712019021250000
34.59,1712019021500000
34.59,1712019021750000
34.57,1712019022000000
34.57,1712019022250000
34.57,1712019022500000
34.57,1712019022750000
34.59,1712019023000000
34.59,1712019023250000
34.59,1712019023500000
34.59,1712019023750000
34.59,1712019024000000
34.59,1712019024250000
34.59,1712019024500000
34.59,1712019024750000
34.59,1712019025000000
34.59,1712019025250000
34.59,1712019025500000
34.59,1712019025750000
34.57,1712019026000000
34.57,1712019026250000
34.57,1712019026500000
34.57,1712019026750000
34.55,1712019027000000
34.55,1712019027250000
34.55,1712019027500000
34.55,1712019027750000
34.59,1712019028000000
34.59,1712019028250000
34.59,1712019028500000
34.59,1712019028750000
34.57,1712019029000000
34.57,1712019029250000
34.57,1712019029500000
34.57,1712019029750000
34.55,1712019030000000
34.55,1712019030250000
34.55,1712019030500000
34.55,1712019030750000
34.55,1712019031000000
34.55,1712019031250000
34.55,1712019031500000
34.55,1712019031750000
34.57,1712019032000000
34.57,1712019032250000
34.57,1712019032500000
34.57,1712019032750000
34.55,1712019033000000
34.55,1712019033250000
34.55,1712019033500000
34.55,1712019033750000
34.55,1712019034000000
34.55,1712019034250000
34.55,1712019034500000
34.55,1712019034750000
34.53,1712019035000000
34.53,1712019035250000
34.53,1712019035500000
34.53,1712019035750000
34.55,1712019036000000
34.55,1712019036250000
34.55,1712019036500000
34.55,1712019036750000
34.55,1712019037000000
34.55,1712019037250000
34.55,1712019037500000
34.55,1712019037750000
34.55,1712019038000000
34.55,1712019038250000
34.55,1712019038500000
34.55,1712019038750000
34.55,1712019039000000
34.55,1712019039250000
34.55,1712019039500000
34.55,1712019039750000
34.55,1712019040000000
34.55,1712019040250000
34.55,1712019040500000
34.55,1712019040750000
34.53,1712019041000000
34.53,1712019041250000
34.53,1712019041500000
34.53,1712019041750000
34.55,1712019042000000
34.55,1712019042250000
34.55,1712019042500000
34.55,1712019042750000
34.55,1712019043000000
34.55,1712019043250000
34.55,1712019043500000
34.55,1712019043750000
34.53,1712019044000000
34.53,1712019044250000
34.53,1712019044500000
34.53,1712019044750000
34.53,1712019045000000
34.53,1712019045250000
34.53,1712019045500000
34.53,1712019045750000
34.55,1712019046000000
34.55,1712019046250000
34.55,1712019046500000
34.55,1712019046750000
34.55,1712019047000000
34.55,1712019047250000
34.55,1712019047500000
34.55,1712019047750000
34.55,1712019048000000
34.55,1712019048250000
34.55,1712019048500000
34.55,1712019048750000
34.53,1712019049000000
34.53,1712019049250000
34.53,1712019049500000
34.53,1712019049750000
34.5,1712019050000000
34.5,1712019050250000
34.5,1712019050500000
34.5,1712019050750000
34.55,1712019051000000
34.55,1712019051250000
34.55,1712019051500000
34.55,1712019051750000
34.55,1712019052000000
34.55,1712019052250000
34.55,1712019052500000
34.55,1712019052750000
34.55,1712019053000000
34.55,1712019053250000
34.55,1712019053500000
34.55,1712019053750000
34.53,1712019054000000
34.53,1712019054250000
34.53,1712019054500000
34.53,1712019054750000
34.5,1712019055000000
34.5,1712019055250000
34.5,1712019055500000
34.5,1712019055750000
34.55,1712019056000000
34.55,1712019056250000
34.55,1712019056500000
34.55,1712019056750000
34.53,1712019057000000
34.53,1712019057250000
34.53,1712019057500000
34.53,1712019057750000
34.53,1712019058000000
34.53,1712019058250000
34.53,1712019058500000
34.53,1712019058750000
34.53,1712019059000000
34.53,1712019059250000
34.53,1712019059500000
34.53,1712019059750000
34.53,1712019060000000
34.53,1712019060250000
34.53,1712019060500000
34.53,1712019060750000
34.55,1712019061000000
34.55,1712019061250000
34.55,1712019061500000
34.55,1712019061750000
34.53,1712019062000000
34.53,1712019062250000
34.53,1712019062500000
34.53,1712019062750000
34.53,1712019063000000
34.53,1712019063250000
34.53,1712019063500000
34.53,1712019063750000
34.53,1712019064000000
34.53,1712019064250000
34.53,1712019064500000
34.53,1712019064750000
34.5,1712019065000000
34.5,1712019065250000
34.5,1712019065500000
34.5,1712019065750000
34.5,1712019066000000
34.5,1712019066250000
34.5,1712019066500000
34.5,1712019066750000
34.53,1712019067000000
34.53,1712019067250000
34.53,1712019067500000
34.53,1712019067750000
34.55,1712019068000000
34.55,1712019068250000
34.55,1712019068500000
34.55,1712019068750000
34.53,1712019069000000
34.53,1712019069250000
34.53,1712019069500000
34.53,1712019069750000
34.53,1712019070000000
34.53,1712019070250000
34.53,1712019070500000
34.53,1712019070750000
34.53,1712019071000000
34.53,1712019071250000
34.53,1712019071500000
34.53,1712019071750000
34.53,1712019072000000
34.53,1712019072250000
34.53,1712019072500000
34.53,1712019072750000
34.53,1712019073000000
34.53,1712019073250000
34.53,1712019073500000
34.53,1712019073750000
34.55,1712019074000000
34.55,1712019074250000
34.55,1712019074500000
34.55,1712019074750000
34.53,1712019075000000
34.53,1712019075250000
34.53,1712019075500000
34.53,1712019075750000
34.55,1712019076000000
34.55,1712019076250000
34.55,1712019076500000
34.55,1712019076750000
34.55,1712019077000000
34.55,1712019077250000
34.55,1712019077500000
34.55,1712019077750000
34.53,1712019078000000
34.53,1712019078250000
34.53,1712019078500000
34.53,1712019078750000
34.55,1712019079000000
34.55,1712019079250000
34.55,1712019079500000
34.55,1712019079750000
34.55,1712019080000000
34.55,1712019080250000
34.55,1712019080500000
34.55,1712019080750000
34.55,1712019081000000
34.55,1712019081250000
34.55,1712019081500000
34.55,1712019081750000
34.55,1712019082000000
34.55,1712019082250000
34.55,1712019082500000
34.55,1712019082750000
34.55,1712019083000000
34.55,1712019083250000
34.55,1712019083500000
34.55,1712019083750000
34.55,1712019084000000
34.55,1712019084250000
34.55,1712019084500000
34.55,1712019084750000
34.53,1712019085000000
34.53,1712019085250000
34.53,1712019085500000
34.53,1712019085750000
34.55,1712019086000000
34.55,1712019086250000
34.55,1712019086500000
34.55,1712019086750000
34.53,1712019087000000
34.53,1712019087250000
34.53,1712019087500000
34.53,1712019087750000
34.53,1712019088000000
34.53,1712019088250000
34.53,1712019088500000
34.53,1712019088750000
34.5,1712019089000000
34.5,1712019089250000
34.5,1712019089500000
34.5,1712019089750000
34.55,1712019090000000
34.55,1712019090250000
34.55,1712019090500000
34.55,1712019090750000
34.5,1712019091000000
34.5,1712019091250000
34.5,1712019091500000
34.5,1712019091750000
34.53,1712019092000000
34.53,1712019092250000
34.53,1712019092500000
34.53,1712019092750000
34.5,1712019093000000
34.5,1712019093250000
34.5,1712019093500000
34.5,1712019093750000
34.53,1712019094000000
34.53,1712019094250000
34.53,1712019094500000
34.53,1712019094750000
34.55,1712019095000000
34.55,1712019095250000
34.55,1712019095500000
34.55,1712019095750000
34.5,1712019096000000
34.5,1712019096250000
34.5,1712019096500000
34.5,1712019096750000
34.53,1712019097000000
34.53,1712019097250000
34.53,1712019097500000
34.53,1712019097750000
34.53,1712019098000000
34.53,1712019098250000
34.53,1712019098500000
34.53,1712019098750000
34.5,1712019099000000
34.5,1712019099250000
34.5,1712019099500000
34.5,1712019099750000
34.5,1712019100000000
34.5,1712019100250000
34.5,1712019100500000
34.5,1712019100750000
34.49,1712019101000000
34.49,1712019101250000
34.49,1712019101500000
34.49,1712019101750000
34.5,1712019102000000
34.5,1712019102250000
34.5,1712019102500000
34.5,1712019102750000
34.53,1712019103000000
34.53,1712019103250000
34.53,1712019103500000
34.53,1712019103750000
34.5,1712019104000000
34.5,1712019104250000
34.5,1712019104500000
34.5,1712019104750000
34.5,1712019105000000
34.5,1712019105250000
34.5,1712019105500000
34.5,1712019105750000
34.5,1712019106000000
34.5,1712019106250000
34.5,1712019106500000
34.5,1712019106750000
34.5,1712019107000000
34.5,1712019107250000
34.5,1712019107500000
34.5,1712019107750000
34.5,1712019108000000
34.5,1712019108250000
34.5,1712019108500000
34.5,1712019108750000
34.5,1712019109000000
34.5,1712019109250000
34.5,1712019109500000
34.5,1712019109750000
34.5,1712019110000000
34.5,1712019110250000
34.5,1712019110500000
34.5,1712019110750000
34.5,1712019111000000
34.5,1712019111250000
34.5,1712019111500000
34.5,1712019111750000
34.5,1712019112000000
34.5,1712019112250000
34.5,1712019112500000
34.5,1712019112750000
34.53,1712019113000000
34.53,1712019113250000
34.53,1712019113500000
34.53,1712019113750000
34.5,1712019114000000
34.5,1712019114250000
34.5,1712019114500000
34.5,1712019114750000
34.49,1712019115000000
34.49,1712019115250000
34.49,1712019115500000
34.49,1712019115750000
34.5,1712019116000000
34.5,1712019116250000
34.5,1712019116500000
34.5,1712019116750000
34.5,1712019117000000
34.5,1712019117250000
34.5,1712019117500000
34.5,1712019117750000
34.49,1712019118000000
34.49,1712019118250000
34.49,1712019118500000
34.49,1712019118750000
34.5,1712019119000000
34.5,1712019119250000
34.5,1712019119500000
34.5,1712019119750000
34.49,1712019120000000
34.49,1712019120250000
34.49,1712019120500000
34.49,1712019120750000
34.49,1712019121000000
34.49,1712019121250000
34.49,1712019121500000
34.49,1712019121750000
34.47,1712019122000000
34.47,1712019122250000
34.47,1712019122500000
34.47,1712019122750000
34.5,1712019123000000
34.5,1712019123250000
34.5,1712019123500000
34.5,1712019123750000
34.49,1712019124000000
34.49,1712019124250000
34.49,1712019124500000
34.49,1712019124750000
34.5,1712019125000000
34.5,1712019125250000
34.5,1712019125500000
34.5,1712019125750000
34.47,1712019126000000
34.47,1712019126250000
34.47,1712019126500000
34.47,1712019126750000
34.47,1712019127000000
34.47,1712019127250000
34.47,1712019127500000
34.47,1712019127750000
34.49,1712019128000000
34.49,1712019128250000
34.49,1712019128500000
34.49,1712019128750000
34.47,1712019129000000
34.47,1712019129250000
34.47,1712019129500000
34.47,1712019129750000
34.49,1712019130000000
34.49,1712019130250000
34.49,1712019130500000
34.49,1712019130750000
34.47,1712019131000000
34.47,1712019131250000
34.47,1712019131500000
34.47,1712019131750000
34.47,1712019132000000
34.47,1712019132250000
34.47,1712019132500000
34.47,1712019132750000
34.49,1712019133000000
34.49,1712019133250000
34.49,1712019133500000
34.49,1712019133750000
34.47,1712019134000000
34.47,1712019134250000
34.47,1712019134500000
34.47,1712019134750000
34.49,1712019135000000
34.49,1712019135250000
34.49,1712019135500000
34.49,1712019135750000
34.47,1712019136000000
34.47,1712019136250000
34.47,1712019136500000
34.47,1712019136750000
34.47,1712019137000000
34.47,1712019137250000
34.47,1712019137500000
34.47,1712019137750000
34.49,1712019138000000
34.49,1712019138250000
34.49,1712019138500000
34.49,1712019138750000
34.53,1712019139000000
34.53,1712019139250000
34.53,1712019139500000
34.53,1712019139750000
34.49,1712019140000000
34.49,1712019140250000
34.49,1712019140500000
34.49,1712019140750000
34.5,1712019141000000
34.5,1712019141250000
34.5,1712019141500000
34.5,1712019141750000
34.5,1712019142000000
34.5,1712019142250000
34.5,1712019142500000
34.5,1712019142750000
34.53,1712019143000000
34.53,1712019143250000
34.53,1712019143500000
34.53,1712019143750000
34.53,1712019144000000
34.53,1712019144250000
34.53,1712019144500000
34.53,1712019144750000
34.53,1712019145000000
34.53,1712019145250000
34.53,1712019145500000
34.53,1712019145750000
34.5,1712019146000000
34.5,1712019146250000
34.5,1712019146500000
34.5,1712019146750000
34.53,1712019147000000
34.53,1712019147250000
34.53,1712019147500000
34.53,1712019147750000
34.55,1712019148000000
34.55,1712019148250000
34.55,1712019148500000
34.55,1712019148750000
34.55,1712019149000000
34.55,1712019149250000
34.55,1712019149500000
34.55,1712019149750000
34.57,1712019150000000
34.57,1712019150250000
34.57,1712019150500000
34.57,1712019150750000
34.57,1712019151000000
34.57,1712019151250000
34.57,1712019151500000
34.57,1712019151750000
34.55,1712019152000000
34.55,1712019152250000
34.55,1712019152500000
34.55,1712019152750000
34.55,1712019153000000
34.55,1712019153250000
34.55,1712019153500000
34.55,1712019153750000
34.55,1712019154000000
34.55,1712019154250000
34.55,1712019154500000
34.55,1712019154750000
34.55,1712019155000000
34.55,1712019155250000
34.55,1712019155500000
34.55,1712019155750000
34.55,1712019156000000
34.55,1712019156250000
34.55,1712019156500000
34.55,1712019156750000
34.59,1712019157000000
34.59,1712019157250000
34.59,1712019157500000
34.59,1712019157750000
34.57,1712019158000000
34.57,1712019158250000
34.57,1712019158500000
34.57,1712019158750000
34.59,1712019159000000
34.59,1712019159250000
34.59,1712019159500000
34.59,1712019159750000
34.59,1712019160000000
34.59,1712019160250000
34.59,1712019160500000
34.59,1712019160750000
34.59,1712019161000000
34.59,1712019161250000
34.59,1712019161500000
34.59,1712019161750000
34.57,1712019162000000
34.57,1712019162250000
34.57,1712019162500000
34.57,1712019162750000
34.59,1712019163000000
34.59,1712019163250000
34.59,1712019163500000
34.59,1712019163750000
34.57,1712019164000000
34.57,1712019164250000
34.57,1712019164500000
34.57,1712019164750000
34.57,1712019165000000
34.57,1712019165250000
34.57,1712019165500000
34.57,1712019165750000
34.59,1712019166000000
34.59,1712019166250000
34.59,1712019166500000
34.59,1712019166750000
34.57,1712019167000000
34.57,1712019167250000
34.57,1712019167500000
34.57,1712019167750000
34.55,1712019168000000
34.55,1712019168250000
34.55,1712019168500000
34.55,1712019168750000
34.59,1712019169000000
34.59,1712019169250000
34.59,1712019169500000
34.59,1712019169750000
34.59,1712019170000000
34.59,1712019170250000
34.59,1712019170500000
34.59,1712019170750000
34.59,1712019171000000
34.59,1712019171250000
34.59,1712019171500000
34.59,1712019171750000
34.59,1712019172000000
34.59,1712019172250000
34.59,1712019172500000
34.59,1712019172750000
34.59,1712019173000000
34.59,1712019173250000
34.59,1712019173500000
34.59,1712019173750000
34.59,1712019174000000
34.59,1712019174250000
34.59,1712019174500000
34.59,1712019174750000
34.57,1712019175000000
34.57,1712019175250000
34.57,1712019175500000
34.57,1712019175750000
34.55,1712019176000000
34.55,1712019176250000
34.55,1712019176500000
34.55,1712019176750000
34.59,1712019177000000
34.59,1712019177250000
34.59,1712019177500000
34.59,1712019177750000
34.57,1712019178000000
34.57,1712019178250000
34.57,1712019178500000
34.57,1712019178750000
34.61,1712019179000000
34.61,1712019179250000
34.61,1712019179500000
34.61,1712019179750000
34.59,1712019180000000
34.59,1712019180250000
34.59,1712019180500000
34.59,1712019180750000
34.59,1712019181000000
34.59,1712019181250000
34.59,1712019181500000
34.59,1712019181750000
34.59,1712019182000000
34.59,1712019182250000
34.59,1712019182500000
34.59,1712019182750000
34.61,1712019183000000
34.61,1712019183250000
34.61,1712019183500000
34.61,1712019183750000
34.59,1712019184000000
34.59,1712019184250000
34.59,1712019184500000
34.59,1712019184750000
34.61,1712019185000000
34.61,1712019185250000
34.61,1712019185500000
34.61,1712019185750000
34.59,1712019186000000
34.59,1712019186250000
34.59,1712019186500000
34.59,1712019186750000
34.63,1712019187000000
34.63,1712019187250000
34.63,1712019187500000
34.63,1712019187750000
34.61,1712019188000000
34.61,1712019188250000
34.61,1712019188500000
34.61,1712019188750000
34.61,1712019189000000
34.61,1712019189250000
34.61,1712019189500000
34.61,1712019189750000
34.61,1712019190000000
34.61,1712019190250000
34.61,1712019190500000
34.61,1712019190750000
34.63,1712019191000000
34.63,1712019191250000
34.63,1712019191500000
34.63,1712019191750000
34.63,1712019192000000
34.63,1712019192250000
34.63,1712019192500000
34.63,1712019192750000
34.63,1712019193000000
34.63,1712019193250000
34.63,1712019193500000
34.63,1712019193750000
34.63,1712019194000000
34.63,1712019194250000
34.63,1712019194500000
34.63,1712019194750000
34.63,1712019195000000
34.63,1712019195250000
34.63,1712019195500000
34.63,1712019195750000
34.66,1712019196000000
34.66,1712019196250000
34.66,1712019196500000
34.66,1712019196750000
34.65,1712019197000000
34.65,1712019197250000
34.65,1712019197500000
34.65,1712019197750000
34.66,1712019198000000
34.66,1712019198250000
34.66,1712019198500000
34.66,1712019198750000
34.65,1712019199000000
34.65,1712019199250000
34.65,1712019199500000
34.65,1712019199750000
34.66,1712019200000000
34.66,1712019200250000
34.66,1712019200500000
34.66,1712019200750000
34.65,1712019201000000
34.65,1712019201250000
34.65,1712019201500000
34.65,1712019201750000
34.66,1712019202000000
34.66,1712019202250000
34.66,1712019202500000
34.66,1712019202750000
34.66,1712019203000000
34.66,1712019203250000
34.66,1712019203500000
34.66,1712019203750000
34.66,1712019204000000
34.66,1712019204250000
34.66,1712019204500000
34.66,1712019204750000
34.71,1712019205000000
34.71,1712019205250000
34.71,1712019205500000
34.71,1712019205750000
34.71,1712019206000000
34.71,1712019206250000
34.71,1712019206500000
34.71,1712019206750000
34.68,1712019207000000
34.68,1712019207250000
34.68,1712019207500000
34.68,1712019207750000
34.68,1712019208000000
34.68,1712019208250000
34.68,1712019208500000
34.68,1712019208750000
34.68,1712019209000000
34.68,1712019209250000
34.68,1712019209500000
34.68,1712019209750000
34.71,1712019210000000
34.71,1712019210250000
34.71,1712019210500000
34.71,1712019210750000
34.68,1712019211000000
34.68,1712019211250000
34.68,1712019211500000
34.68,1712019211750000
34.73,1712019212000000
34.73,1712019212250000
34.73,1712019212500000
34.73,1712019212750000
34.71,1712019213000000
34.71,1712019213250000
34.71,1712019213500000
34.71,1712019213750000
34.68,1712019214000000
34.68,1712019214250000
34.68,1712019214500000
34.68,1712019214750000
34.68,1712019215000000
34.68,1712019215250000
34.68,1712019215500000
34.68,1712019215750000
34.66,1712019216000000
34.66,1712019216250000
34.66,1712019216500000
34.66,1712019216750000
34.68,1712019217000000
34.68,1712019217250000
34.68,1712019217500000
34.68,1712019217750000
34.66,1712019218000000
34.66,1712019218250000
34.66,1712019218500000
34.66,1712019218750000
34.68,1712019219000000
34.68,1712019219250000
34.68,1712019219500000
34.68,1712019219750000
34.66,1712019220000000
34.66,1712019220250000
34.66,1712019220500000
34.66,1712019220750000
34.68,1712019221000000
34.68,1712019221250000
34.68,1712019221500000
34.68,1712019221750000
34.65,1712019222000000
34.65,1712019222250000
34.65,1712019222500000
34.65,1712019222750000
34.68,1712019223000000
34.68,1712019223250000
34.68,1712019223500000
34.68,1712019223750000
34.66,1712019224000000
34.66,1712019224250000
34.66,1712019224500000
34.66,1712019224750000
34.65,1712019225000000
34.65,1712019225250000
34.65,1712019225500000
34.65,1712019225750000
34.65,1712019226000000
34.65,1712019226250000
34.65,1712019226500000
34.65,1712019226750000
34.65,1712019227000000
34.65,1712019227250000
34.65,1712019227500000
34.65,1712019227750000
34.65,1712019228000000
34.65,1712019228250000
34.65,1712019228500000
34.65,1712019228750000
34.65,1712019229000000
34.65,1712019229250000
34.65,1712019229500000
34.65,1712019229750000
34.65,1712019230000000
34.65,1712019230250000
34.65,1712019230500000
34.65,1712019230750000
34.66,1712019231000000
34.66,1712019231250000
34.66,1712019231500000
34.66,1712019231750000
34.68,1712019232000000
34.68,1712019232250000
34.68,1712019232500000
34.68,1712019232750000
34.65,1712019233000000
34.65,1712019233250000
34.65,1712019233500000
34.65,1712019233750000
34.65,1712019234000000
34.65,1712019234250000
34.65,1712019234500000
34.65,1712019234750000
34.65,1712019235000000
34.65,1712019235250000
34.65,1712019235500000
34.65,1712019235750000
34.65,1712019236000000
34.65,1712019236250000
34.65,1712019236500000
34.65,1712019236750000
34.63,1712019237000000
34.63,1712019237250000
34.63,1712019237500000
34.63,1712019237750000
34.65,1712019238000000
34.65,1712019238250000
34.65,1712019238500000
34.65,1712019238750000
34.63,1712019239000000
34.63,1712019239250000
34.63,1712019239500000
34.63,1712019239750000
34.61,1712019240000000
34.61,1712019240250000
34.61,1712019240500000
34.61,1712019240750000
34.63,1712019241000000
34.63,1712019241250000
34.63,1712019241500000
34.63,1712019241750000
34.63,1712019242000000
34.63,1712019242250000
34.63,1712019242500000
34.63,1712019242750000
34.65,1712019243000000
34.65,1712019243250000
34.65,1712019243500000
34.65,1712019243750000
34.65,1712019244000000
34.65,1712019244250000
34.65,1712019244500000
34.65,1712019244750000
34.65,1712019245000000
34.65,1712019245250000
34.65,1712019245500000
34.65,1712019245750000
34.66,1712019246000000
34.66,1712019246250000
34.66,1712019246500000
34.66,1712019246750000
34.66,1712019247000000
34.66,1712019247250000
34.66,1712019247500000
34.66,1712019247750000
34.68,1712019248000000
34.68,1712019248250000
34.68,1712019248500000
34.68,1712019248750000
34.66,1712019249000000
34.66,1712019249250000
34.66,1712019249500000
34.66,1712019249750000
34.68,1712019250000000
34.68,1712019250250000
34.68,1712019250500000
34.68,1712019250750000
34.68,1712019251000000
34.68,1712019251250000
34.68,1712019251500000
34.68,1712019251750000
34.68,1712019252000000
34.68,1712019252250000
34.68,1712019252500000
34.68,1712019252750000
34.65,1712019253000000
34.65,1712019253250000
34.65,1712019253500000
34.65,1712019253750000
34.68,1712019254000000
34.68,1712019254250000
34.68,1712019254500000
34.68,1712019254750000
34.68,1712019255000000
34.68,1712019255250000
34.68,1712019255500000
34.68,1712019255750000
34.68,1712019256000000
34.68,1712019256250000
34.68,1712019256500000
34.68,1712019256750000
34.68,1712019257000000
34.68,1712019257250000
34.68,1712019257500000
34.68,1712019257750000
34.71,1712019258000000
34.71,1712019258250000
34.71,1712019258500000
34.71,1712019258750000
34.73,1712019259000000
34.73,1712019259250000
34.73,1712019259500000
34.73,1712019259750000
34.71,1712019260000000
34.71,1712019260250000
34.71,1712019260500000
34.71,1712019260750000
34.73,1712019261000000
34.73,1712019261250000
34.73,1712019261500000
34.73,1712019261750000
34.71,1712019262000000
34.71,1712019262250000
34.71,1712019262500000
34.71,1712019262750000
34.73,1712019263000000
34.73,1712019263250000
34.73,1712019263500000
34.73,1712019263750000
34.75,1712019264000000
34.75,1712019264250000
34.75,1712019264500000
34.75,1712019264750000
34.73,1712019265000000
34.73,1712019265250000
34.73,1712019265500000
34.73,1712019265750000
34.75,1712019266000000
34.75,1712019266250000
34.75,1712019266500000
34.75,1712019266750000
34.71,1712019267000000
34.71,1712019267250000
34.71,1712019267500000
34.71,1712019267750000
34.71,1712019268000000
34.71,1712019268250000
34.71,1712019268500000
34.71,1712019268750000
34.73,1712019269000000
34.73,1712019269250000
34.73,1712019269500000
34.73,1712019269750000
34.68,1712019270000000
34.68,1712019270250000
34.68,1712019270500000
34.68,1712019270750000
34.68,1712019271000000
34.68,1712019271250000
34.68,1712019271500000
34.68,1712019271750000
34.71,1712019272000000
34.71,1712019272250000
34.71,1712019272500000
34.71,1712019272750000
34.68,1712019273000000
34.68,1712019273250000
34.68,1712019273500000
34.68,1712019273750000
34.68,1712019274000000
34.68,1712019274250000
34.68,1712019274500000
34.68,1712019274750000
34.66,1712019275000000
34.66,1712019275250000
34.66,1712019275500000
34.66,1712019275750000
34.66,1712019276000000
34.66,1712019276250000
34.66,1712019276500000
34.66,1712019276750000
34.65,1712019277000000
34.65,1712019277250000
34.65,1712019277500000
34.65,1712019277750000
34.66,1712019278000000
34.66,1712019278250000
34.66,1712019278500000
34.66,1712019278750000
34.66,1712019279000000
34.66,1712019279250000
34.66,1712019279500000
34.66,1712019279750000
34.66,1712019280000000
34.66,1712019280250000
34.66,1712019280500000
34.66,1712019280750000
34.65,1712019281000000
34.65,1712019281250000
34.65,1712019281500000
34.65,1712019281750000
34.65,1712019282000000
34.65,1712019282250000
34.65,1712019282500000
34.65,1712019282750000
34.66,1712019283000000
34.66,1712019283250000
34.66,1712019283500000
34.66,1712019283750000
34.65,1712019284000000
34.65,1712019284250000
34.65,1712019284500000
34.65,1712019284750000
34.65,1712019285000000
34.65,1712019285250000
34.65,1712019285500000
34.65,1712019285750000
34.65,1712019286000000
34.65,1712019286250000
34.65,1712019286500000
34.65,1712019286750000
34.66,1712019287000000
34.66,1712019287250000
34.66,1712019287500000
34.66,1712019287750000
34.65,1712019288000000
34.65,1712019288250000
34.65,1712019288500000
34.65,1712019288750000
34.68,1712019289000000
34.68,1712019289250000
34.68,1712019289500000
34.68,1712019289750000
34.66,1712019290000000
34.66,1712019290250000
34.66,1712019290500000
34.66,1712019290750000
34.65,1712019291000000
34.65,1712019291250000
34.65,1712019291500000
34.65,1712019291750000
34.65,1712019292000000
34.65,1712019292250000
34.65,1712019292500000
34.65,1712019292750000
34.63,1712019293000000
34.63,1712019293250000
34.63,1712019293500000
34.63,1712019293750000
34.65,1712019294000000
34.65,1712019294250000
34.65,1712019294500000
34.65,1712019294750000
34.63,1712019295000000
34.63,1712019295250000
34.63,1712019295500000
34.63,1712019295750000
34.63,1712019296000000
34.63,1712019296250000
34.63,1712019296500000
34.63,1712019296750000
34.63,1712019297000000
34.63,1712019297250000
34.63,1712019297500000
34.63,1712019297750000
34.61,1712019298000000
34.61,1712019298250000
34.61,1712019298500000
34.61,1712019298750000
34.59,1712019299000000
34.59,1712019299250000
34.59,1712019299500000
34.59,1712019299750000
34.61,1712019300000000
34.61,1712019300250000
34.61,1712019300500000
34.61,1712019300750000
34.59,1712019301000000
34.59,1712019301250000
34.59,1712019301500000
34.59,1712019301750000
34.57,1712019302000000
34.57,1712019302250000
34.57,1712019302500000
34.57,1712019302750000
34.55,1712019303000000
34.55,1712019303250000
34.55,1712019303500000
34.55,1712019303750000
34.55,1712019304000000
34.55,1712019304250000
34.55,1712019304500000
34.55,1712019304750000
34.57,1712019305000000
34.57,1712019305250000
34.57,1712019305500000
34.57,1712019305750000
34.57,1712019306000000
34.57,1712019306250000
34.57,1712019306500000
34.57,1712019306750000
34.57,1712019307000000
34.57,1712019307250000
34.57,1712019307500000
34.57,1712019307750000
34.55,1712019308000000
34.55,1712019308250000
34.55,1712019308500000
34.55,1712019308750000
34.55,1712019309000000
34.55,1712019309250000
34.55,1712019309500000
34.55,1712019309750000
34.57,1712019310000000
34.57,1712019310250000
34.57,1712019310500000
34.57,1712019310750000
34.55,1712019311000000
34.55,1712019311250000
34.55,1712019311500000
34.55,1712019311750000
34.57,1712019312000000
34.57,1712019312250000
34.57,1712019312500000
34.57,1712019312750000
34.57,1712019313000000
34.57,1712019313250000
34.57,1712019313500000
34.57,1712019313750000
34.57,1712019314000000
34.57,1712019314250000
34.57,1712019314500000
34.57,1712019314750000
34.57,1712019315000000
34.57,1712019315250000
34.57,1712019315500000
34.57,1712019315750000
34.57,1712019316000000
34.57,1712019316250000
34.57,1712019316500000
34.57,1712019316750000
34.59,1712019317000000
34.59,1712019317250000
34.59,1712019317500000
34.59,1712019317750000
34.57,1712019318000000
34.57,1712019318250000
34.57,1712019318500000
34.57,1712019318750000
34.59,1712019319000000
34.59,1712019319250000
34.59,1712019319500000
34.59,1712019319750000
34.59,1712019320000000
34.59,1712019320250000
34.59,1712019320500000
34.59,1712019320750000
34.59,1712019321000000
34.59,1712019321250000
34.59,1712019321500000
34.59,1712019321750000
34.59,1712019322000000
34.59,1712019322250000
34.59,1712019322500000
34.59,1712019322750000
34.61,1712019323000000
34.61,1712019323250000
34.61,1712019323500000
34.61,1712019323750000
34.59,1712019324000000
34.59,1712019324250000
34.59,1712019324500000
34.59,1712019324750000
34.59,1712019325000000
34.59,1712019325250000
34.59,1712019325500000
34.59,1712019325750000
34.63,1712019326000000
34.63,1712019326250000
34.63,1712019326500000
34.63,1712019326750000
34.61,1712019327000000
34.61,1712019327250000
34.61,1712019327500000
34.61,1712019327750000
34.63,1712019328000000
34.63,1712019328250000
34.63,1712019328500000
34.63,1712019328750000
34.61,1712019329000000
34.61,1712019329250000
34.61,1712019329500000
34.61,1712019329750000
34.63,1712019330000000
34.63,1712019330250000
34.63,1712019330500000
34.63,1712019330750000
34.63,1712019331000000
34.63,1712019331250000
34.63,1712019331500000
34.63,1712019331750000
34.65,1712019332000000
34.65,1712019332250000
34.65,1712019332500000
34.65,1712019332750000
34.65,1712019333000000
34.65,1712019333250000
34.65,1712019333500000
34.65,1712019333750000
34.65,1712019334000000
34.65,1712019334250000
34.65,1712019334500000
34.65,1712019334750000
34.65,1712019335000000
34.65,1712019335250000
34.65,1712019335500000
34.65,1712019335750000
34.63,1712019336000000
34.63,1712019336250000
34.63,1712019336500000
34.63,1712019336750000
34.66,1712019337000000
34.66,1712019337250000
34.66,1712019337500000
34.66,1712019337750000
34.65,1712019338000000
34.65,1712019338250000
34.65,1712019338500000
34.65,1712019338750000
34.65,1712019339000000
34.65,1712019339250000
34.65,1712019339500000
34.65,1712019339750000
34.65,1712019340000000
34.65,1712019340250000
34.65,1712019340500000
34.65,1712019340750000
34.66,1712019341000000
34.66,1712019341250000
34.66,1712019341500000
34.66,1712019341750000
34.66,1712019342000000
34.66,1712019342250000
34.66,1712019342500000
34.66,1712019342750000
34.68,1712019343000000
34.68,1712019343250000
34.68,1712019343500000
34.68,1712019343750000
34.68,1712019344000000
34.68,1712019344250000
34.68,1712019344500000
34.68,1712019344750000
34.66,1712019345000000
34.66,1712019345250000
34.66,1712019345500000
34.66,1712019345750000
34.71,1712019346000000
34.71,1712019346250000
34.71,1712019346500000
34.71,1712019346750000
34.68,1712019347000000
34.68,1712019347250000
34.68,1712019347500000
34.68,1712019347750000
34.68,1712019348000000
34.68,1712019348250000
34.68,1712019348500000
34.68,1712019348750000
34.71,1712019349000000
34.71,1712019349250000
34.71,1712019349500000
34.71,1712019349750000
34.71,1712019350000000
34.71,1712019350250000
34.71,1712019350500000
34.71,1712019350750000
34.71,1712019351000000
34.71,1712019351250000
34.71,1712019351500000
34.71,1712019351750000
34.68,1712019352000000
34.68,1712019352250000
34.68,1712019352500000
34.68,1712019352750000
34.73,1712019353000000
34.73,1712019353250000
34.73,1712019353500000
34.73,1712019353750000
34.73,1712019354000000
34.73,1712019354250000
34.73,1712019354500000
34.73,1712019354750000
34.73,1712019355000000
34.73,1712019355250000
34.73,1712019355500000
34.73,1712019355750000
34.75,1712019356000000
34.75,1712019356250000
34.75,1712019356500000
34.75,1712019356750000
34.73,1712019357000000
34.73,1712019357250000
34.73,1712019357500000
34.73,1712019357750000
34.75,1712019358000000
34.75,1712019358250000
34.75,1712019358500000
34.75,1712019358750000
34.77,1712019359000000
34.77,1712019359250000
34.77,1712019359500000
34.77,1712019359750000
34.77,1712019360000000
34.77,1712019360250000
34.77,1712019360500000
34.77,1712019360750000
34.77,1712019361000000
34.77,1712019361250000
34.77,1712019361500000
34.77,1712019361750000
34.77,1712019362000000
34.77,1712019362250000
34.77,1712019362500000
34.77,1712019362750000
34.79,1712019363000000
34.79,1712019363250000
34.79,1712019363500000
34.79,1712019363750000
34.79,1712019364000000
34.79,1712019364250000
34.79,1712019364500000
34.79,1712019364750000
34.77,1712019365000000
34.77,1712019365250000
34.77,1712019365500000
34.77,1712019365750000
34.79,1712019366000000
34.79,1712019366250000
34.79,1712019366500000
34.79,1712019366750000
34.81,1712019367000000
34.81,1712019367250000
34.81,1712019367500000
34.81,1712019367750000
34.81,1712019368000000
34.81,1712019368250000
34.81,1712019368500000
34.81,1712019368750000
34.83,1712019369000000
34.83,1712019369250000
34.83,1712019369500000
34.83,1712019369750000
34.83,1712019370000000
34.83,1712019370250000
34.83,1712019370500000
34.83,1712019370750000
34.83,1712019371000000
34.83,1712019371250000
34.83,1712019371500000
34.83,1712019371750000
34.83,1712019372000000
34.83,1712019372250000
34.83,1712019372500000
34.83,1712019372750000
34.83,1712019373000000
34.83,1712019373250000
34.83,1712019373500000
34.83,1712019373750000
34.79,1712019374000000
34.79,1712019374250000
34.79,1712019374500000
34.79,1712019374750000
34.81,1712019375000000
34.81,1712019375250000
34.81,1712019375500000
34.81,1712019375750000
34.79,1712019376000000
34.79,1712019376250000
34.79,1712019376500000
34.79,1712019376750000
34.79,1712019377000000
34.79,1712019377250000
34.79,1712019377500000
34.79,1712019377750000
34.79,1712019378000000
34.79,1712019378250000
34.79,1712019378500000
34.79,1712019378750000
34.77,1712019379000000
34.77,1712019379250000
34.77,1712019379500000
34.77,1712019379750000
34.77,1712019380000000
34.77,1712019380250000
34.77,1712019380500000
34.77,1712019380750000
34.79,1712019381000000
34.79,1712019381250000
34.79,1712019381500000
34.79,1712019381750000
34.75,1712019382000000
34.75,1712019382250000
34.75,1712019382500000
34.75,1712019382750000
34.77,1712019383000000
34.77,1712019383250000
34.77,1712019383500000
34.77,1712019383750000
34.75,1712019384000000
34.75,1712019384250000
34.75,1712019384500000
34.75,1712019384750000
34.75,1712019385000000
34.75,1712019385250000
34.75,1712019385500000
34.75,1712019385750000
34.75,1712019386000000
34.75,1712019386250000
34.75,1712019386500000
34.75,1712019386750000
34.71,1712019387000000
34.71,1712019387250000
34.71,1712019387500000
34.71,1712019387750000
34.73,1712019388000000
34.73,1712019388250000
34.73,1712019388500000
34.73,1712019388750000
34.71,1712019389000000
34.71,1712019389250000
34.71,1712019389500000
34.71,1712019389750000
34.71,1712019390000000
34.71,1712019390250000
34.71,1712019390500000
34.71,1712019390750000
34.71,1712019391000000
34.71,1712019391250000
34.71,1712019391500000
34.71,1712019391750000
34.68,1712019392000000
34.68,1712019392250000
34.68,1712019392500000
34.68,1712019392750000
34.71,1712019393000000
34.71,1712019393250000
34.71,1712019393500000
34.71,1712019393750000
34.68,1712019394000000
34.68,1712019394250000
34.68,1712019394500000
34.68,1712019394750000
34.71,1712019395000000
34.71,1712019395250000
34.71,1712019395500000
34.71,1712019395750000
34.68,1712019396000000
34.68,1712019396250000
34.68,1712019396500000
34.68,1712019396750000
34.68,1712019397000000
34.68,1712019397250000
34.68,1712019397500000
34.68,1712019397750000
34.68,1712019398000000
34.68,1712019398250000
34.68,1712019398500000
34.68,1712019398750000
34.66,1712019399000000
34.66,1712019399250000
34.66,1712019399500000
34.66,1712019399750000
34.66,1712019400000000
34.66,1712019400250000
34.66,1712019400500000
34.66,1712019400750000
34.65,1712019401000000
34.65,1712019401250000
34.65,1712019401500000
34.65,1712019401750000
34.66,1712019402000000
34.66,1712019402250000
34.66,1712019402500000
34.66,1712019402750000
34.66,1712019403000000
34.66,1712019403250000
34.66,1712019403500000
34.66,1712019403750000
34.65,1712019404000000
34.65,1712019404250000
34.65,1712019404500000
34.65,1712019404750000
34.65,1712019405000000
34.65,1712019405250000
34.65,1712019405500000
34.65,1712019405750000
34.66,1712019406000000
34.66,1712019406250000
34.66,1712019406500000
34.66,1712019406750000
34.66,1712019407000000
34.66,1712019407250000
34.66,1712019407500000
34.66,1712019407750000
34.65,1712019408000000
34.65,1712019408250000
34.65,1712019408500000
34.65,1712019408750000
34.63,1712019409000000
34.63,1712019409250000
34.63,1712019409500000
34.63,1712019409750000
34.65,1712019410000000
34.65,1712019410250000
34.65,1712019410500000
34.65,1712019410750000
34.66,1712019411000000
34.66,1712019411250000
34.66,1712019411500000
34.66,1712019411750000
34.65,1712019412000000
34.65,1712019412250000
34.65,1712019412500000
34.65,1712019412750000
34.65,1712019413000000
34.65,1712019413250000
34.65,1712019413500000
34.65,1712019413750000
34.63,1712019414000000
34.63,1712019414250000
34.63,1712019414500000
34.63,1712019414750000
34.63,1712019415000000
34.63,1712019415250000
34.63,1712019415500000
34.63,1712019415750000
34.63,1712019416000000
34.63,1712019416250000
34.63,1712019416500000
34.63,1712019416750000
34.65,1712019417000000
34.65,1712019417250000
34.65,1712019417500000
34.65,1712019417750000
34.65,1712019418000000
34.65,1712019418250000
34.65,1712019418500000
34.65,1712019418750000
34.61,1712019419000000
34.61,1712019419250000
34.61,1712019419500000
34.61,1712019419750000
34.65,1712019420000000
34.65,1712019420250000
34.65,1712019420500000
34.65,1712019420750000
34.66,1712019421000000
34.66,1712019421250000
34.66,1712019421500000
34.66,1712019421750000
34.65,1712019422000000
34.65,1712019422250000
34.65,1712019422500000
34.65,1712019422750000
34.65,1712019423000000
34.65,1712019423250000
34.65,1712019423500000
34.65,1712019423750000
34.63,1712019424000000
34.63,1712019424250000
34.63,1712019424500000
34.63,1712019424750000
34.65,1712019425000000
34.65,1712019425250000
34.65,1712019425500000
34.65,1712019425750000
34.61,1712019426000000
34.61,1712019426250000
34.61,1712019426500000
34.61,1712019426750000
34.61,1712019427000000
34.61,1712019427250000
34.61,1712019427500000
34.61,1712019427750000
34.63,1712019428000000
34.63,1712019428250000
34.63,1712019428500000
34.63,1712019428750000
34.61,1712019429000000
34.61,1712019429250000
34.61,1712019429500000
34.61,1712019429750000
34.61,1712019430000000
34.61,1712019430250000
34.61,1712019430500000
34.61,1712019430750000
34.59,1712019431000000
34.59,1712019431250000
34.59,1712019431500000
34.59,1712019431750000
34.59,1712019432000000
34.59,1712019432250000
34.59,1712019432500000
34.59,1712019432750000
34.61,1712019433000000
34.61,1712019433250000
34.61,1712019433500000
34.61,1712019433750000
34.57,1712019434000000
34.57,1712019434250000
34.57,1712019434500000
34.57,1712019434750000
34.57,1712019435000000
34.57,1712019435250000
34.57,1712019435500000
34.57,1712019435750000
34.57,1712019436000000
34.57,1712019436250000
34.57,1712019436500000
34.57,1712019436750000
34.57,1712019437000000
34.57,1712019437250000
34.57,1712019437500000
34.57,1712019437750000
34.57,1712019438000000
34.57,1712019438250000
34.57,1712019438500000
34.57,1712019438750000
34.55,1712019439000000
34.55,1712019439250000
34.55,1712019439500000
34.55,1712019439750000
34.57,1712019440000000
34.57,1712019440250000
34.57,1712019440500000
34.57,1712019440750000
34.57,1712019441000000
34.57,1712019441250000
34.57,1712019441500000
34.57,1712019441750000
34.57,1712019442000000
34.57,1712019442250000
34.57,1712019442500000
34.57,1712019442750000
34.55,1712019443000000
34.55,1712019443250000
34.55,1712019443500000
34.55,1712019443750000
34.55,1712019444000000
34.55,1712019444250000
34.55,1712019444500000
34.55,1712019444750000
34.55,1712019445000000
34.55,1712019445250000
34.55,1712019445500000
34.55,1712019445750000
34.53,1712019446000000
34.53,1712019446250000
34.53,1712019446500000
34.53,1712019446750000
34.53,1712019447000000
34.53,1712019447250000
34.53,1712019447500000
34.53,1712019447750000
34.5,1712019448000000
34.5,1712019448250000
34.5,1712019448500000
34.5,1712019448750000
34.55,1712019449000000
34.55,1712019449250000
34.55,1712019449500000
34.55,1712019449750000
34.53,1712019450000000
34.53,1712019450250000
34.53,1712019450500000
34.53,1712019450750000
34.5,1712019451000000
34.5,1712019451250000
34.5,1712019451500000
34.5,1712019451750000
34.5,1712019452000000
34.5,1712019452250000
34.5,1712019452500000
34.5,1712019452750000
34.5,1712019453000000
34.5,1712019453250000
34.5,1712019453500000
34.5,1712019453750000
34.5,1712019454000000
34.5,1712019454250000
34.5,1712019454500000
34.5,1712019454750000
34.5,1712019455000000
34.5,1712019455250000
34.5,1712019455500000
34.5,1712019455750000
34.5,1712019456000000
34.5,1712019456250000
34.5,1712019456500000
34.5,1712019456750000
34.5,1712019457000000
34.5,1712019457250000
34.5,1712019457500000
34.5,1712019457750000
34.49,1712019458000000
34.49,1712019458250000
34.49,1712019458500000
34.49,1712019458750000
34.5,1712019459000000
34.5,1712019459250000
34.5,1712019459500000
34.5,1712019459750000
34.47,1712019460000000
34.47,1712019460250000
34.47,1712019460500000
34.47,1712019460750000
34.47,1712019461000000
34.47,1712019461250000
34.47,1712019461500000
34.47,1712019461750000
34.47,1712019462000000
34.47,1712019462250000
34.47,1712019462500000
34.47,1712019462750000
34.49,1712019463000000
34.49,1712019463250000
34.49,1712019463500000
34.49,1712019463750000
34.45,1712019464000000
34.45,1712019464250000
34.45,1712019464500000
34.45,1712019464750000
34.43,1712019465000000
34.43,1712019465250000
34.43,1712019465500000
34.43,1712019465750000
34.45,1712019466000000
34.45,1712019466250000
34.45,1712019466500000
34.45,1712019466750000
34.43,1712019467000000
34.43,1712019467250000
34.43,1712019467500000
34.43,1712019467750000
34.45,1712019468000000
34.45,1712019468250000
34.45,1712019468500000
34.45,1712019468750000
34.43,1712019469000000
34.43,1712019469250000
34.43,1712019469500000
34.43,1712019469750000
34.43,1712019470000000
34.43,1712019470250000
34.43,1712019470500000
34.43,1712019470750000
34.45,1712019471000000
34.45,1712019471250000
34.45,1712019471500000
34.45,1712019471750000
34.43,1712019472000000
34.43,1712019472250000
34.43,1712019472500000
34.43,1712019472750000
34.41,1712019473000000
34.41,1712019473250000
34.41,1712019473500000
34.41,1712019473750000
34.43,1712019474000000
34.43,1712019474250000
34.43,1712019474500000
34.43,1712019474750000
34.41,1712019475000000
34.41,1712019475250000
34.41,1712019475500000
34.41,1712019475750000
34.41,1712019476000000
34.41,1712019476250000
34.41,1712019476500000
34.41,1712019476750000
34.41,1712019477000000
34.41,1712019477250000
34.41,1712019477500000
34.41,1712019477750000
34.41,1712019478000000
34.41,1712019478250000
34.41,1712019478500000
34.41,1712019478750000
34.41,1712019479000000
34.41,1712019479250000
34.41,1712019479500000
34.41,1712019479750000
34.41,1712019480000000
34.41,1712019480250000
34.41,1712019480500000
34.41,1712019480750000
34.39,1712019481000000
34.39,1712019481250000
34.39,1712019481500000
34.39,1712019481750000
34.39,1712019482000000
34.39,1712019482250000
34.39,1712019482500000
34.39,1712019482750000
34.39,1712019483000000
34.39,1712019483250000
34.39,1712019483500000
34.39,1712019483750000
34.39,1712019484000000
34.39,1712019484250000
34.39,1712019484500000
34.39,1712019484750000
34.37,1712019485000000
34.37,1712019485250000
34.37,1712019485500000
34.37,1712019485750000
34.37,1712019486000000
34.37,1712019486250000
34.37,1712019486500000
34.37,1712019486750000
34.34,1712019487000000
34.34,1712019487250000
34.34,1712019487500000
34.34,1712019487750000
34.39,1712019488000000
34.39,1712019488250000
34.39,1712019488500000
34.39,1712019488750000
34.37,1712019489000000
34.37,1712019489250000
34.37,1712019489500000
34.37,1712019489750000
34.37,1712019490000000
34.37,1712019490250000
34.37,1712019490500000
34.37,1712019490750000
34.39,1712019491000000
34.39,1712019491250000
34.39,1712019491500000
34.39,1712019491750000
34.34,1712019492000000
34.34,1712019492250000
34.34,1712019492500000
34.34,1712019492750000
34.33,1712019493000000
34.33,1712019493250000
34.33,1712019493500000
34.33,1712019493750000
34.31,1712019494000000
34.31,1712019494250000
34.31,1712019494500000
34.31,1712019494750000
34.34,1712019495000000
34.34,1712019495250000
34.34,1712019495500000
34.34,1712019495750000
34.31,1712019496000000
34.31,1712019496250000
34.31,1712019496500000
34.31,1712019496750000
34.33,1712019497000000
34.33,1712019497250000
34.33,1712019497500000
34.33,1712019497750000
34.31,1712019498000000
34.31,1712019498250000
34.31,1712019498500000
34.31,1712019498750000
34.31,1712019499000000
34.31,1712019499250000
34.31,1712019499500000
34.31,1712019499750000
34.29,1712019500000000
34.29,1712019500250000
34.29,1712019500500000
34.29,1712019500750000
34.29,1712019501000000
34.29,1712019501250000
34.29,1712019501500000
34.29,1712019501750000
34.27,1712019502000000
34.27,1712019502250000
34.27,1712019502500000
34.27,1712019502750000
34.27,1712019503000000
34.27,1712019503250000
34.27,1712019503500000
34.27,1712019503750000
34.27,1712019504000000
34.27,1712019504250000
34.27,1712019504500000
34.27,1712019504750000
34.29,1712019505000000
34.29,1712019505250000
34.29,1712019505500000
34.29,1712019505750000
34.29,1712019506000000
34.29,1712019506250000
34.29,1712019506500000
34.29,1712019506750000
34.29,1712019507000000
34.29,1712019507250000
34.29,1712019507500000
34.29,1712019507750000
34.29,1712019508000000
34.29,1712019508250000
34.29,1712019508500000
34.29,1712019508750000
34.25,1712019509000000
34.25,1712019509250000
34.25,1712019509500000
34.25,1712019509750000
34.27,1712019510000000
34.27,1712019510250000
34.27,1712019510500000
34.27,1712019510750000
34.27,1712019511000000
34.27,1712019511250000
34.27,1712019511500000
34.27,1712019511750000
34.27,1712019512000000
34.27,1712019512250000
34.27,1712019512500000
34.27,1712019512750000
34.27,1712019513000000
34.27,1712019513250000
34.27,1712019513500000
34.27,1712019513750000
34.25,1712019514000000
34.25,1712019514250000
34.25,1712019514500000
34.25,1712019514750000
34.25,1712019515000000
34.25,1712019515250000
34.25,1712019515500000
34.25,1712019515750000
34.25,1712019516000000
34.25,1712019516250000
34.25,1712019516500000
34.25,1712019516750000
34.25,1712019517000000
34.25,1712019517250000
34.25,1712019517500000
34.25,1712019517750000
34.23,1712019518000000
34.23,1712019518250000
34.23,1712019518500000
34.23,1712019518750000
34.23,1712019519000000
34.23,1712019519250000
34.23,1712019519500000
34.23,1712019519750000
34.25,1712019520000000
34.25,1712019520250000
34.25,1712019520500000
34.25,1712019520750000
34.23,1712019521000000
34.23,1712019521250000
34.23,1712019521500000
34.23,1712019521750000
34.23,1712019522000000
34.23,1712019522250000
34.23,1712019522500000
34.23,1712019522750000
34.23,1712019523000000
34.23,1712019523250000
34.23,1712019523500000
34.23,1712019523750000
34.23,1712019524000000
34.23,1712019524250000
34.23,1712019524500000
34.23,1712019524750000
34.21,1712019525000000
34.21,1712019525250000
34.21,1712019525500000
34.21,1712019525750000
34.21,1712019526000000
34.21,1712019526250000
34.21,1712019526500000
34.21,1712019526750000
34.21,1712019527000000
34.21,1712019527250000
34.21,1712019527500000
34.21,1712019527750000
34.23,1712019528000000
34.23,1712019528250000
34.23,1712019528500000
34.23,1712019528750000
34.18,1712019529000000
34.18,1712019529250000
34.18,1712019529500000
34.18,1712019529750000
34.21,1712019530000000
34.21,1712019530250000
34.21,1712019530500000
34.21,1712019530750000
34.18,1712019531000000
34.18,1712019531250000
34.18,1712019531500000
34.18,1712019531750000
34.18,1712019532000000
34.18,1712019532250000
34.18,1712019532500000
34.18,1712019532750000
34.18,1712019533000000
34.18,1712019533250000
34.18,1712019533500000
34.18,1712019533750000
34.16,1712019534000000
34.16,1712019534250000
34.16,1712019534500000
34.16,1712019534750000
34.16,1712019535000000
34.16,1712019535250000
34.16,1712019535500000
34.16,1712019535750000
34.15,1712019536000000
34.15,1712019536250000
34.15,1712019536500000
34.15,1712019536750000
34.15,1712019537000000
34.15,1712019537250000
34.15,1712019537500000
34.15,1712019537750000
34.15,1712019538000000
34.15,1712019538250000
34.15,1712019538500000
34.15,1712019538750000
34.13,1712019539000000
34.13,1712019539250000
34.13,1712019539500000
34.13,1712019539750000
34.15,1712019540000000
34.15,1712019540250000
34.15,1712019540500000
34.15,1712019540750000
34.11,1712019541000000
34.11,1712019541250000
34.11,1712019541500000
34.11,1712019541750000
34.11,1712019542000000
34.11,1712019542250000
34.11,1712019542500000
34.11,1712019542750000
34.13,1712019543000000
34.13,1712019543250000
34.13,1712019543500000
34.13,1712019543750000
34.13,1712019544000000
34.13,1712019544250000
34.13,1712019544500000
34.13,1712019544750000
34.13,1712019545000000
34.13,1712019545250000
34.13,1712019545500000
34.13,1712019545750000
34.13,1712019546000000
34.13,1712019546250000
34.13,1712019546500000
34.13,1712019546750000
34.11,1712019547000000
34.11,1712019547250000
34.11,1712019547500000
34.11,1712019547750000
34.11,1712019548000000
34.11,1712019548250000
34.11,1712019548500000
34.11,1712019548750000
34.11,1712019549000000
34.11,1712019549250000
34.11,1712019549500000
34.11,1712019549750000
34.11,1712019550000000
34.11,1712019550250000
34.11,1712019550500000
34.11,1712019550750000
34.09,1712019551000000
34.09,1712019551250000
34.09,1712019551500000
34.09,1712019551750000
34.09,1712019552000000
34.09,1712019552250000
34.09,1712019552500000
34.09,1712019552750000
34.09,1712019553000000
34.09,1712019553250000
34.09,1712019553500000
34.09,1712019553750000
34.09,1712019554000000
34.09,1712019554250000
34.09,1712019554500000
34.09,1712019554750000
34.07,1712019555000000
34.07,1712019555250000
34.07,1712019555500000
34.07,1712019555750000
34.07,1712019556000000
34.07,1712019556250000
34.07,1712019556500000
34.07,1712019556750000
34.07,1712019557000000
34.07,1712019557250000
34.07,1712019557500000
34.07,1712019557750000
34.07,1712019558000000
34.07,1712019558250000
34.07,1712019558500000
34.07,1712019558750000
34.07,1712019559000000
34.07,1712019559250000
34.07,1712019559500000
34.07,1712019559750000
34.07,1712019560000000
34.07,1712019560250000
34.07,1712019560500000
34.07,1712019560750000
34.05,1712019561000000
34.05,1712019561250000
34.05,1712019561500000
34.05,1712019561750000
34.03,1712019562000000
34.03,1712019562250000
34.03,1712019562500000
34.03,1712019562750000
34.03,1712019563000000
34.03,1712019563250000
34.03,1712019563500000
34.03,1712019563750000
34.03,1712019564000000
34.03,1712019564250000
34.03,1712019564500000
34.03,1712019564750000
34.05,1712019565000000
34.05,1712019565250000
34.05,1712019565500000
34.05,1712019565750000
34.03,1712019566000000
34.03,1712019566250000
34.03,1712019566500000
34.03,1712019566750000
34.03,1712019567000000
34.03,1712019567250000
34.03,1712019567500000
34.03,1712019567750000
34.0,1712019568000000
34.0,1712019568250000
34.0,1712019568500000
34.0,1712019568750000
34.0,1712019569000000
34.0,1712019569250000
34.0,1712019569500000
34.0,1712019569750000
34.0,1712019570000000
34.0,1712019570250000
34.0,1712019570500000
34.0,1712019570750000
34.0,1712019571000000
34.0,1712019571250000
34.0,1712019571500000
34.0,1712019571750000
34.0,1712019572000000
34.0,1712019572250000
34.0,1712019572500000
34.0,1712019572750000
34.0,1712019573000000
34.0,1712019573250000
34.0,1712019573500000
34.0,1712019573750000
33.99,1712019574000000
33.99,1712019574250000
33.99,1712019574500000
33.99,1712019574750000
34.0,1712019575000000
34.0,1712019575250000
34.0,1712019575500000
34.0,1712019575750000
33.99,1712019576000000
33.99,1712019576250000
33.99,1712019576500000
33.99,1712019576750000
33.99,1712019577000000
33.99,1712019577250000
33.99,1712019577500000
33.99,1712019577750000
34.0,1712019578000000
34.0,1712019578250000
34.0,1712019578500000
34.0,1712019578750000
33.99,1712019579000000
33.99,1712019579250000
33.99,1712019579500000
33.99,1712019579750000
33.99,1712019580000000
33.99,1712019580250000
33.99,1712019580500000
33.99,1712019580750000
33.99,1712019581000000
33.99,1712019581250000
33.99,1712019581500000
33.99,1712019581750000
33.97,1712019582000000
33.97,1712019582250000
33.97,1712019582500000
33.97,1712019582750000
34.0,1712019583000000
34.0,1712019583250000
34.0,1712019583500000
34.0,1712019583750000
33.99,1712019584000000
33.99,1712019584250000
33.99,1712019584500000
33.99,1712019584750000
33.99,1712019585000000
33.99,1712019585250000
33.99,1712019585500000
33.99,1712019585750000
33.99,1712019586000000
33.99,1712019586250000
33.99,1712019586500000
33.99,1712019586750000
34.0,1712019587000000
34.0,1712019587250000
34.0,1712019587500000
34.0,1712019587750000
34.0,1712019588000000
34.0,1712019588250000
34.0,1712019588500000
34.0,1712019588750000
33.99,1712019589000000
33.99,1712019589250000
33.99,1712019589500000
33.99,1712019589750000
33.99,1712019590000000
33.99,1712019590250000
33.99,1712019590500000
33.99,1712019590750000
33.99,1712019591000000
33.99,1712019591250000
33.99,1712019591500000
33.99,1712019591750000
34.0,1712019592000000
34.0,1712019592250000
34.0,1712019592500000
34.0,1712019592750000
34.0,1712019593000000
34.0,1712019593250000
34.0,1712019593500000
34.0,1712019593750000
34.0,1712019594000000
34.0,1712019594250000
34.0,1712019594500000
34.0,1712019594750000
34.0,1712019595000000
34.0,1712019595250000
34.0,1712019595500000
34.0,1712019595750000
34.03,1712019596000000
34.03,1712019596250000
34.03,1712019596500000
34.03,1712019596750000
33.97,1712019597000000
33.97,1712019597250000
33.97,1712019597500000
33.97,1712019597750000
33.99,1712019598000000
33.99,1712019598250000
33.99,1712019598500000
33.99,1712019598750000
33.99,1712019599000000
33.99,1712019599250000
33.99,1712019599500000
33.99,1712019599750000
33.99,1712019600000000
33.99,1712019600250000
33.99,1712019600500000
33.99,1712019600750000
33.97,1712019601000000
33.97,1712019601250000
33.97,1712019601500000
33.97,1712019601750000
33.97,1712019602000000
33.97,1712019602250000
33.97,1712019602500000
33.97,1712019602750000
33.95,1712019603000000
33.95,1712019603250000
33.95,1712019603500000
33.95,1712019603750000
33.93,1712019604000000
33.93,1712019604250000
33.93,1712019604500000
33.93,1712019604750000
33.95,1712019605000000
33.95,1712019605250000
33.95,1712019605500000
33.95,1712019605750000
33.95,1712019606000000
33.95,1712019606250000
33.95,1712019606500000
33.95,1712019606750000
33.93,1712019607000000
33.93,1712019607250000
33.93,1712019607500000
33.93,1712019607750000
33.91,1712019608000000
33.91,1712019608250000
33.91,1712019608500000
33.91,1712019608750000
33.93,1712019609000000
33.93,1712019609250000
33.93,1712019609500000
33.93,1712019609750000
33.93,1712019610000000
33.93,1712019610250000
33.93,1712019610500000
33.93,1712019610750000
33.95,1712019611000000
33.95,1712019611250000
33.95,1712019611500000
33.95,1712019611750000
33.97,1712019612000000
33.97,1712019612250000
33.97,1712019612500000
33.97,1712019612750000
33.93,1712019613000000
33.93,1712019613250000
33.93,1712019613500000
33.93,1712019613750000
33.97,1712019614000000
33.97,1712019614250000
33.97,1712019614500000
33.97,1712019614750000
33.93,1712019615000000
33.93,1712019615250000
33.93,1712019615500000
33.93,1712019615750000
33.95,1712019616000000
33.95,1712019616250000
33.95,1712019616500000
33.95,1712019616750000
33.95,1712019617000000
33.95,1712019617250000
33.95,1712019617500000
33.95,1712019617750000
33.91,1712019618000000
33.91,1712019618250000
33.91,1712019618500000
33.91,1712019618750000
33.91,1712019619000000
33.91,1712019619250000
33.91,1712019619500000
33.91,1712019619750000
33.91,1712019620000000
33.91,1712019620250000
33.91,1712019620500000
33.91,1712019620750000
33.91,1712019621000000
33.91,1712019621250000
33.91,1712019621500000
33.91,1712019621750000
33.91,1712019622000000
33.91,1712019622250000
33.91,1712019622500000
33.91,1712019622750000
33.91,1712019623000000
33.91,1712019623250000
33.91,1712019623500000
33.91,1712019623750000
33.93,1712019624000000
33.93,1712019624250000
33.93,1712019624500000
33.93,1712019624750000
33.91,1712019625000000
33.91,1712019625250000
33.91,1712019625500000
33.91,1712019625750000
33.89,1712019626000000
33.89,1712019626250000
33.89,1712019626500000
33.89,1712019626750000
33.87,1712019627000000
33.87,1712019627250000
33.87,1712019627500000
33.87,1712019627750000
33.89,1712019628000000
33.89,1712019628250000
33.89,1712019628500000
33.89,1712019628750000
33.89,1712019629000000
33.89,1712019629250000
33.89,1712019629500000
33.89,1712019629750000
33.87,1712019630000000
33.87,1712019630250000
33.87,1712019630500000
33.87,1712019630750000
33.84,1712019631000000
33.84,1712019631250000
33.84,1712019631500000
33.84,1712019631750000
33.84,1712019632000000
33.84,1712019632250000
33.84,1712019632500000
33.84,1712019632750000
33.81,1712019633000000
33.81,1712019633250000
33.81,1712019633500000
33.81,1712019633750000
33.81,1712019634000000
33.81,1712019634250000
33.81,1712019634500000
33.81,1712019634750000
33.77,1712019635000000
33.77,1712019635250000
33.77,1712019635500000
33.77,1712019635750000
33.75,1712019636000000
33.75,1712019636250000
33.75,1712019636500000
33.75,1712019636750000
33.77,1712019637000000
33.77,1712019637250000
33.77,1712019637500000
33.77,1712019637750000
33.77,1712019638000000
33.77,1712019638250000
33.77,1712019638500000
33.77,1712019638750000
33.75,1712019639000000
33.75,1712019639250000
33.75,1712019639500000
33.75,1712019639750000
33.75,1712019640000000
33.75,1712019640250000
33.75,1712019640500000
33.75,1712019640750000
33.75,1712019641000000
33.75,1712019641250000
33.75,1712019641500000
33.75,1712019641750000
33.75,1712019642000000
33.75,1712019642250000
33.75,1712019642500000
33.75,1712019642750000
33.75,1712019643000000
33.75,1712019643250000
33.75,1712019643500000
33.75,1712019643750000
33.73,1712019644000000
33.73,1712019644250000
33.73,1712019644500000
33.73,1712019644750000
33.73,1712019645000000
33.73,1712019645250000
33.73,1712019645500000
33.73,1712019645750000
33.75,1712019646000000
33.75,1712019646250000
33.75,1712019646500000
33.75,1712019646750000
33.71,1712019647000000
33.71,1712019647250000
33.71,1712019647500000
33.71,1712019647750000
33.73,1712019648000000
33.73,1712019648250000
33.73,1712019648500000
33.73,1712019648750000
33.71,1712019649000000
33.71,1712019649250000
33.71,1712019649500000
33.71,1712019649750000
33.73,1712019650000000
33.73,1712019650250000
33.73,1712019650500000
33.73,1712019650750000
33.71,1712019651000000
33.71,1712019651250000
33.71,1712019651500000
33.71,1712019651750000
33.71,1712019652000000
33.71,1712019652250000
33.71,1712019652500000
33.71,1712019652750000
33.71,1712019653000000
33.71,1712019653250000
33.71,1712019653500000
33.71,1712019653750000
33.71,1712019654000000
33.71,1712019654250000
33.71,1712019654500000
33.71,1712019654750000
33.73,1712019655000000
33.73,1712019655250000
33.73,1712019655500000
33.73,1712019655750000
33.73,1712019656000000
33.73,1712019656250000
33.73,1712019656500000
33.73,1712019656750000
33.73,1712019657000000
33.73,1712019657250000
33.73,1712019657500000
33.73,1712019657750000
33.71,1712019658000000
33.71,1712019658250000
33.71,1712019658500000
33.71,1712019658750000
33.68,1712019659000000
33.68,1712019659250000
33.68,1712019659500000
33.68,1712019659750000
33.71,1712019660000000
33.71,1712019660250000
33.71,1712019660500000
33.71,1712019660750000
33.71,1712019661000000
33.71,1712019661250000
33.71,1712019661500000
33.71,1712019661750000
33.66,1712019662000000
33.66,1712019662250000
33.66,1712019662500000
33.66,1712019662750000
33.68,1712019663000000
33.68,1712019663250000
33.68,1712019663500000
33.68,1712019663750000
33.66,1712019664000000
33.66,1712019664250000
33.66,1712019664500000
33.66,1712019664750000
33.66,1712019665000000
33.66,1712019665250000
33.66,1712019665500000
33.66,1712019665750000
33.63,1712019666000000
33.63,1712019666250000
33.63,1712019666500000
33.63,1712019666750000
33.63,1712019667000000
33.63,1712019667250000
33.63,1712019667500000
33.63,1712019667750000
33.61,1712019668000000
33.61,1712019668250000
33.61,1712019668500000
33.61,1712019668750000
33.61,1712019669000000
33.61,1712019669250000
33.61,1712019669500000
33.61,1712019669750000
33.59,1712019670000000
33.59,1712019670250000
33.59,1712019670500000
33.59,1712019670750000
33.59,1712019671000000
33.59,1712019671250000
33.59,1712019671500000
33.59,1712019671750000
33.61,1712019672000000
33.61,1712019672250000
33.61,1712019672500000
33.61,1712019672750000
33.57,1712019673000000
33.57,1712019673250000
33.57,1712019673500000
33.57,1712019673750000
33.61,1712019674000000
33.61,1712019674250000
33.61,1712019674500000
33.61,1712019674750000
33.57,1712019675000000
33.57,1712019675250000
33.57,1712019675500000
33.57,1712019675750000
33.57,1712019676000000
33.57,1712019676250000
33.57,1712019676500000
33.57,1712019676750000
33.57,1712019677000000
33.57,1712019677250000
33.57,1712019677500000
33.57,1712019677750000
33.57,1712019678000000
33.57,1712019678250000
33.57,1712019678500000
33.57,1712019678750000
33.55,1712019679000000
33.55,1712019679250000
33.55,1712019679500000
33.55,1712019679750000
33.55,1712019680000000
33.55,1712019680250000
33.55,1712019680500000
33.55,1712019680750000
33.53,1712019681000000
33.53,1712019681250000
33.53,1712019681500000
33.53,1712019681750000
33.53,1712019682000000
33.53,1712019682250000
33.53,1712019682500000
33.53,1712019682750000
33.49,1712019683000000
33.49,1712019683250000
33.49,1712019683500000
33.49,1712019683750000
33.49,1712019684000000
33.49,1712019684250000
33.49,1712019684500000
33.49,1712019684750000
33.5,1712019685000000
33.5,1712019685250000
33.5,1712019685500000
33.5,1712019685750000
33.49,1712019686000000
33.49,1712019686250000
33.49,1712019686500000
33.49,1712019686750000
33.49,1712019687000000
33.49,1712019687250000
33.49,1712019687500000
33.49,1712019687750000
33.45,1712019688000000
33.45,1712019688250000
33.45,1712019688500000
33.45,1712019688750000
33.45,1712019689000000
33.45,1712019689250000
33.45,1712019689500000
33.45,1712019689750000
33.47,1712019690000000
33.47,1712019690250000
33.47,1712019690500000
33.47,1712019690750000
33.45,1712019691000000
33.45,1712019691250000
33.45,1712019691500000
33.45,1712019691750000
33.45,1712019692000000
33.45,1712019692250000
33.45,1712019692500000
33.45,1712019692750000
33.43,1712019693000000
33.43,1712019693250000
33.43,1712019693500000
33.43,1712019693750000
33.41,1712019694000000
33.41,1712019694250000
33.41,1712019694500000
33.41,1712019694750000
33.41,1712019695000000
33.41,1712019695250000
33.41,1712019695500000
33.41,1712019695750000
33.41,1712019696000000
33.41,1712019696250000
33.41,1712019696500000
33.41,1712019696750000
33.41,1712019697000000
33.41,1712019697250000
33.41,1712019697500000
33.41,1712019697750000
33.39,1712019698000000
33.39,1712019698250000
33.39,1712019698500000
33.39,1712019698750000
33.37,1712019699000000
33.37,1712019699250000
33.37,1712019699500000
33.37,1712019699750000
33.37,1712019700000000
33.37,1712019700250000
33.37,1712019700500000
33.37,1712019700750000
33.34,1712019701000000
33.34,1712019701250000
33.34,1712019701500000
33.34,1712019701750000
33.34,1712019702000000
33.34,1712019702250000
33.34,1712019702500000
33.34,1712019702750000
33.33,1712019703000000
33.33,1712019703250000
33.33,1712019703500000
33.33,1712019703750000
33.33,1712019704000000
33.33,1712019704250000
33.33,1712019704500000
33.33,1712019704750000
33.31,1712019705000000
33.31,1712019705250000
33.31,1712019705500000
33.31,1712019705750000
33.33,1712019706000000
33.33,1712019706250000
33.33,1712019706500000
33.33,1712019706750000
33.31,1712019707000000
33.31,1712019707250000
33.31,1712019707500000
33.31,1712019707750000
33.29,1712019708000000
33.29,1712019708250000
33.29,1712019708500000
33.29,1712019708750000
33.27,1712019709000000
33.27,1712019709250000
33.27,1712019709500000
33.27,1712019709750000
33.27,1712019710000000
33.27,1712019710250000
33.27,1712019710500000
33.27,1712019710750000
33.25,1712019711000000
33.25,1712019711250000
33.25,1712019711500000
33.25,1712019711750000
33.25,1712019712000000
33.25,1712019712250000
33.25,1712019712500000
33.25,1712019712750000
33.27,1712019713000000
33.27,1712019713250000
33.27,1712019713500000
33.27,1712019713750000
33.25,1712019714000000
33.25,1712019714250000
33.25,1712019714500000
33.25,1712019714750000
33.23,1712019715000000
33.23,1712019715250000
33.23,1712019715500000
33.23,1712019715750000
33.27,1712019716000000
33.27,1712019716250000
33.27,1712019716500000
33.27,1712019716750000
33.27,1712019717000000
33.27,1712019717250000
33.27,1712019717500000
33.27,1712019717750000
33.29,1712019718000000
33.29,1712019718250000
33.29,1712019718500000
33.29,1712019718750000
33.27,1712019719000000
33.27,1712019719250000
33.27,1712019719500000
33.27,1712019719750000
33.29,1712019720000000
33.29,1712019720250000
33.29,1712019720500000
33.29,1712019720750000
33.27,1712019721000000
33.27,1712019721250000
33.27,1712019721500000
33.27,1712019721750000
33.27,1712019722000000
33.27,1712019722250000
33.27,1712019722500000
33.27,1712019722750000
33.27,1712019723000000
33.27,1712019723250000
33.27,1712019723500000
33.27,1712019723750000
33.27,1712019724000000
33.27,1712019724250000
33.27,1712019724500000
33.27,1712019724750000
33.27,1712019725000000
33.27,1712019725250000
33.27,1712019725500000
33.27,1712019725750000
33.27,1712019726000000
33.27,1712019726250000
33.27,1712019726500000
33.27,1712019726750000
33.27,1712019727000000
33.27,1712019727250000
33.27,1712019727500000
33.27,1712019727750000
33.27,1712019728000000
33.27,1712019728250000
33.27,1712019728500000
33.27,1712019728750000
33.27,1712019729000000
33.27,1712019729250000
33.27,1712019729500000
33.27,1712019729750000
33.29,1712019730000000
33.29,1712019730250000
33.29,1712019730500000
33.29,1712019730750000
33.27,1712019731000000
33.27,1712019731250000
33.27,1712019731500000
33.27,1712019731750000
33.25,1712019732000000
33.25,1712019732250000
33.25,1712019732500000
33.25,1712019732750000
33.25,1712019733000000
33.25,1712019733250000
33.25,1712019733500000
33.25,1712019733750000
33.25,1712019734000000
33.25,1712019734250000
33.25,1712019734500000
33.25,1712019734750000
33.23,1712019735000000
33.23,1712019735250000
33.23,1712019735500000
33.23,1712019735750000
33.23,1712019736000000
33.23,1712019736250000
33.23,1712019736500000
33.23,1712019736750000
33.21,1712019737000000
33.21,1712019737250000
33.21,1712019737500000
33.21,1712019737750000
33.21,1712019738000000
33.21,1712019738250000
33.21,1712019738500000
33.21,1712019738750000
33.21,1712019739000000
33.21,1712019739250000
33.21,1712019739500000
33.21,1712019739750000
33.23,1712019740000000
33.23,1712019740250000
33.23,1712019740500000
33.23,1712019740750000
33.21,1712019741000000
33.21,1712019741250000
33.21,1712019741500000
33.21,1712019741750000
33.21,1712019742000000
33.21,1712019742250000
33.21,1712019742500000
33.21,1712019742750000
33.21,1712019743000000
33.21,1712019743250000
33.21,1712019743500000
33.21,1712019743750000
33.21,1712019744000000
33.21,1712019744250000
33.21,1712019744500000
33.21,1712019744750000
33.21,1712019745000000
33.21,1712019745250000
33.21,1712019745500000
33.21,1712019745750000
33.21,1712019746000000
33.21,1712019746250000
33.21,1712019746500000
33.21,1712019746750000
33.23,1712019747000000
33.23,1712019747250000
33.23,1712019747500000
33.23,1712019747750000
33.21,1712019748000000
33.21,1712019748250000
33.21,1712019748500000
33.21,1712019748750000
33.21,1712019749000000
33.21,1712019749250000
33.21,1712019749500000
33.21,1712019749750000
33.21,1712019750000000
33.21,1712019750250000
33.21,1712019750500000
33.21,1712019750750000
33.23,1712019751000000
33.23,1712019751250000
33.23,1712019751500000
33.23,1712019751750000
33.23,1712019752000000
33.23,1712019752250000
33.23,1712019752500000
33.23,1712019752750000
33.21,1712019753000000
33.21,1712019753250000
33.21,1712019753500000
33.21,1712019753750000
33.23,1712019754000000
33.23,1712019754250000
33.23,1712019754500000
33.23,1712019754750000
33.21,1712019755000000
33.21,1712019755250000
33.21,1712019755500000
33.21,1712019755750000
33.21,1712019756000000
33.21,1712019756250000
33.21,1712019756500000
33.21,1712019756750000
33.23,1712019757000000
33.23,1712019757250000
33.23,1712019757500000
33.23,1712019757750000
33.23,1712019758000000
33.23,1712019758250000
33.23,1712019758500000
33.23,1712019758750000
33.23,1712019759000000
33.23,1712019759250000
33.23,1712019759500000
33.23,1712019759750000
33.25,1712019760000000
33.25,1712019760250000
33.25,1712019760500000
33.25,1712019760750000
33.23,1712019761000000
33.23,1712019761250000
33.23,1712019761500000
33.23,1712019761750000
33.27,1712019762000000
33.27,1712019762250000
33.27,1712019762500000
33.27,1712019762750000
33.25,1712019763000000
33.25,1712019763250000
33.25,1712019763500000
33.25,1712019763750000
33.27,1712019764000000
33.27,1712019764250000
33.27,1712019764500000
33.27,1712019764750000
33.25,1712019765000000
33.25,1712019765250000
33.25,1712019765500000
33.25,1712019765750000
33.27,1712019766000000
33.27,1712019766250000
33.27,1712019766500000
33.27,1712019766750000
33.25,1712019767000000
33.25,1712019767250000
33.25,1712019767500000
33.25,1712019767750000
33.25,1712019768000000
33.25,1712019768250000
33.25,1712019768500000
33.25,1712019768750000
33.27,1712019769000000
33.27,1712019769250000
33.27,1712019769500000
33.27,1712019769750000
33.29,1712019770000000
33.29,1712019770250000
33.29,1712019770500000
33.29,1712019770750000
33.29,1712019771000000
33.29,1712019771250000
33.29,1712019771500000
33.29,1712019771750000
33.29,1712019772000000
33.29,1712019772250000
33.29,1712019772500000
33.29,1712019772750000
33.29,1712019773000000
33.29,1712019773250000
33.29,1712019773500000
33.29,1712019773750000
33.27,1712019774000000
33.27,1712019774250000
33.27,1712019774500000
33.27,1712019774750000
33.29,1712019775000000
33.29,1712019775250000
33.29,1712019775500000
33.29,1712019775750000
33.31,1712019776000000
33.31,1712019776250000
33.31,1712019776500000
33.31,1712019776750000
33.31,1712019777000000
33.31,1712019777250000
33.31,1712019777500000
33.31,1712019777750000
33.31,1712019778000000
33.31,1712019778250000
33.31,1712019778500000
33.31,1712019778750000
33.31,1712019779000000
33.31,1712019779250000
33.31,1712019779500000
33.31,1712019779750000
33.29,1712019780000000
33.29,1712019780250000
33.29,1712019780500000
33.29,1712019780750000
33.29,1712019781000000
33.29,1712019781250000
33.29,1712019781500000
33.29,1712019781750000
33.31,1712019782000000
33.31,1712019782250000
33.31,1712019782500000
33.31,1712019782750000
33.31,1712019783000000
33.31,1712019783250000
33.31,1712019783500000
33.31,1712019783750000
33.33,1712019784000000
33.33,1712019784250000
33.33,1712019784500000
33.33,1712019784750000
33.31,1712019785000000
33.31,1712019785250000
33.31,1712019785500000
33.31,1712019785750000
33.31,1712019786000000
33.31,1712019786250000
33.31,1712019786500000
33.31,1712019786750000
33.31,1712019787000000
33.31,1712019787250000
33.31,1712019787500000
33.31,1712019787750000
33.33,1712019788000000
33.33,1712019788250000
33.33,1712019788500000
33.33,1712019788750000
33.34,1712019789000000
33.34,1712019789250000
33.34,1712019789500000
33.34,1712019789750000
33.33,1712019790000000
33.33,1712019790250000
33.33,1712019790500000
33.33,1712019790750000
33.34,1712019791000000
33.34,1712019791250000
33.34,1712019791500000
33.34,1712019791750000
33.34,1712019792000000
33.34,1712019792250000
33.34,1712019792500000
33.34,1712019792750000
33.34,1712019793000000
33.34,1712019793250000
33.34,1712019793500000
33.34,1712019793750000
33.33,1712019794000000
33.33,1712019794250000
33.33,1712019794500000
33.33,1712019794750000
33.33,1712019795000000
33.33,1712019795250000
33.33,1712019795500000
33.33,1712019795750000
33.34,1712019796000000
33.34,1712019796250000
33.34,1712019796500000
33.34,1712019796750000
33.34,1712019797000000
33.34,1712019797250000
33.34,1712019797500000
33.34,1712019797750000
33.34,1712019798000000
33.34,1712019798250000
33.34,1712019798500000
33.34,1712019798750000
33.34,1712019799000000
33.34,1712019799250000
33.34,1712019799500000
33.34,1712019799750000
33.34,1712019800000000
33.34,1712019800250000
33.34,1712019800500000
33.34,1712019800750000
33.34,1712019801000000
33.34,1712019801250000
33.34,1712019801500000
33.34,1712019801750000
33.34,1712019802000000
33.34,1712019802250000
33.34,1712019802500000
33.34,1712019802750000
33.34,1712019803000000
33.34,1712019803250000
33.34,1712019803500000
33.34,1712019803750000
33.33,1712019804000000
33.33,1712019804250000
33.33,1712019804500000
33.33,1712019804750000
33.33,1712019805000000
33.33,1712019805250000
33.33,1712019805500000
33.33,1712019805750000
33.33,1712019806000000
33.33,1712019806250000
33.33,1712019806500000
33.33,1712019806750000
33.34,1712019807000000
33.34,1712019807250000
33.34,1712019807500000
33.34,1712019807750000
33.33,1712019808000000
33.33,1712019808250000
33.33,1712019808500000
33.33,1712019808750000
33.33,1712019809000000
33.33,1712019809250000
33.33,1712019809500000
33.33,1712019809750000
33.33,1712019810000000
33.33,1712019810250000
33.33,1712019810500000
33.33,1712019810750000
33.37,1712019811000000
33.37,1712019811250000
33.37,1712019811500000
33.37,1712019811750000
33.33,1712019812000000
33.33,1712019812250000
33.33,1712019812500000
33.33,1712019812750000
33.33,1712019813000000
33.33,1712019813250000
33.33,1712019813500000
33.33,1712019813750000
33.34,1712019814000000
33.34,1712019814250000
33.34,1712019814500000
33.34,1712019814750000
33.33,1712019815000000
33.33,1712019815250000
33.33,1712019815500000
33.33,1712019815750000
33.33,1712019816000000
33.33,1712019816250000
33.33,1712019816500000
33.33,1712019816750000
33.33,1712019817000000
33.33,1712019817250000
33.33,1712019817500000
33.33,1712019817750000
33.33,1712019818000000
33.33,1712019818250000
33.33,1712019818500000
33.33,1712019818750000
33.33,1712019819000000
33.33,1712019819250000
33.33,1712019819500000
33.33,1712019819750000
33.31,1712019820000000
33.31,1712019820250000
33.31,1712019820500000
33.31,1712019820750000
33.33,1712019821000000
33.33,1712019821250000
33.33,1712019821500000
33.33,1712019821750000
33.34,1712019822000000
33.34,1712019822250000
33.34,1712019822500000
33.34,1712019822750000
33.33,1712019823000000
33.33,1712019823250000
33.33,1712019823500000
33.33,1712019823750000
33.31,1712019824000000
33.31,1712019824250000
33.31,1712019824500000
33.31,1712019824750000
33.34,1712019825000000
33.34,1712019825250000
33.34,1712019825500000
33.34,1712019825750000
33.31,1712019826000000
33.31,1712019826250000
33.31,1712019826500000
33.31,1712019826750000
33.31,1712019827000000
33.31,1712019827250000
33.31,1712019827500000
33.31,1712019827750000
33.33,1712019828000000
33.33,1712019828250000
33.33,1712019828500000
33.33,1712019828750000
33.31,1712019829000000
33.31,1712019829250000
33.31,1712019829500000
33.31,1712019829750000
33.31,1712019830000000
33.31,1712019830250000
33.31,1712019830500000
33.31,1712019830750000
33.31,1712019831000000
33.31,1712019831250000
33.31,1712019831500000
33.31,1712019831750000
33.29,1712019832000000
33.29,1712019832250000
33.29,1712019832500000
33.29,1712019832750000
33.33,1712019833000000
33.33,1712019833250000
33.33,1712019833500000
33.33,1712019833750000
33.31,1712019834000000
33.31,1712019834250000
33.31,1712019834500000
33.31,1712019834750000
33.31,1712019835000000
33.31,1712019835250000
33.31,1712019835500000
33.31,1712019835750000
33.33,1712019836000000
33.33,1712019836250000
33.33,1712019836500000
33.33,1712019836750000
33.31,1712019837000000
33.31,1712019837250000
33.31,1712019837500000
33.31,1712019837750000
33.31,1712019838000000
33.31,1712019838250000
33.31,1712019838500000
33.31,1712019838750000
33.33,1712019839000000
33.33,1712019839250000
33.33,1712019839500000
33.33,1712019839750000
33.31,1712019840000000
33.31,1712019840250000
33.31,1712019840500000
33.31,1712019840750000
33.31,1712019841000000
33.31,1712019841250000
33.31,1712019841500000
33.31,1712019841750000
33.33,1712019842000000
33.33,1712019842250000
33.33,1712019842500000
33.33,1712019842750000
33.31,1712019843000000
33.31,1712019843250000
33.31,1712019843500000
33.31,1712019843750000
33.31,1712019844000000
33.31,1712019844250000
33.31,1712019844500000
33.31,1712019844750000
33.31,1712019845000000
33.31,1712019845250000
33.31,1712019845500000
33.31,1712019845750000
33.31,1712019846000000
33.31,1712019846250000
33.31,1712019846500000
33.31,1712019846750000
33.31,1712019847000000
33.31,1712019847250000
33.31,1712019847500000
33.31,1712019847750000
33.31,1712019848000000
33.31,1712019848250000
33.31,1712019848500000
33.31,1712019848750000
33.31,1712019849000000
33.31,1712019849250000
33.31,1712019849500000
33.31,1712019849750000
33.29,1712019850000000
33.29,1712019850250000
33.29,1712019850500000
33.29,1712019850750000
33.27,1712019851000000
33.27,1712019851250000
33.27,1712019851500000
33.27,1712019851750000
33.31,1712019852000000
33.31,1712019852250000
33.31,1712019852500000
33.31,1712019852750000
33.31,1712019853000000
33.31,1712019853250000
33.31,1712019853500000
33.31,1712019853750000
33.31,1712019854000000
33.31,1712019854250000
33.31,1712019854500000
33.31,1712019854750000
33.29,1712019855000000
33.29,1712019855250000
33.29,1712019855500000
33.29,1712019855750000
33.31,1712019856000000
33.31,1712019856250000
33.31,1712019856500000
33.31,1712019856750000
33.31,1712019857000000
33.31,1712019857250000
33.31,1712019857500000
33.31,1712019857750000
33.29,1712019858000000
33.29,1712019858250000
33.29,1712019858500000
33.29,1712019858750000
33.31,1712019859000000
33.31,1712019859250000
33.31,1712019859500000
33.31,1712019859750000
33.31,1712019860000000
33.31,1712019860250000
33.31,1712019860500000
33.31,1712019860750000
33.31,1712019861000000
33.31,1712019861250000
33.31,1712019861500000
33.31,1712019861750000
33.31,1712019862000000
33.31,1712019862250000
33.31,1712019862500000
33.31,1712019862750000
33.31,1712019863000000
33.31,1712019863250000
33.31,1712019863500000
33.31,1712019863750000
33.31,1712019864000000
33.31,1712019864250000
33.31,1712019864500000
33.31,1712019864750000
33.31,1712019865000000
33.31,1712019865250000
33.31,1712019865500000
33.31,1712019865750000
33.31,1712019866000000
33.31,1712019866250000
33.31,1712019866500000
33.31,1712019866750000
33.29,1712019867000000
33.29,1712019867250000
33.29,1712019867500000
33.29,1712019867750000
33.27,1712019868000000
33.27,1712019868250000
33.27,1712019868500000
33.27,1712019868750000
33.29,1712019869000000
33.29,1712019869250000
33.29,1712019869500000
33.29,1712019869750000
33.27,1712019870000000
33.27,1712019870250000
33.27,1712019870500000
33.27,1712019870750000
33.27,1712019871000000
33.27,1712019871250000
33.27,1712019871500000
33.27,1712019871750000
33.27,1712019872000000
33.27,1712019872250000
33.27,1712019872500000
33.27,1712019872750000
33.25,1712019873000000
33.25,1712019873250000
33.25,1712019873500000
33.25,1712019873750000
33.23,1712019874000000
33.23,1712019874250000
33.23,1712019874500000
33.23,1712019874750000
33.23,1712019875000000
33.23,1712019875250000
33.23,1712019875500000
33.23,1712019875750000
33.23,1712019876000000
33.23,1712019876250000
33.23,1712019876500000
33.23,1712019876750000
33.21,1712019877000000
33.21,1712019877250000
33.21,1712019877500000
33.21,1712019877750000
33.21,1712019878000000
33.21,1712019878250000
33.21,1712019878500000
33.21,1712019878750000
33.18,1712019879000000
33.18,1712019879250000
33.18,1712019879500000
33.18,1712019879750000
33.18,1712019880000000
33.18,1712019880250000
33.18,1712019880500000
33.18,1712019880750000
33.21,1712019881000000
33.21,1712019881250000
33.21,1712019881500000
33.21,1712019881750000
33.21,1712019882000000
33.21,1712019882250000
33.21,1712019882500000
33.21,1712019882750000
33.21,1712019883000000
33.21,1712019883250000
33.21,1712019883500000
33.21,1712019883750000
33.21,1712019884000000
33.21,1712019884250000
33.21,1712019884500000
33.21,1712019884750000
33.21,1712019885000000
33.21,1712019885250000
33.21,1712019885500000
33.21,1712019885750000
33.21,1712019886000000
33.21,1712019886250000
33.21,1712019886500000
33.21,1712019886750000
33.18,1712019887000000
33.18,1712019887250000
33.18,1712019887500000
33.18,1712019887750000
33.15,1712019888000000
33.15,1712019888250000
33.15,1712019888500000
33.15,1712019888750000
33.16,1712019889000000
33.16,1712019889250000
33.16,1712019889500000
33.16,1712019889750000
33.13,1712019890000000
33.13,1712019890250000
33.13,1712019890500000
33.13,1712019890750000
33.13,1712019891000000
33.13,1712019891250000
33.13,1712019891500000
33.13,1712019891750000
33.11,1712019892000000
33.11,1712019892250000
33.11,1712019892500000
33.11,1712019892750000
33.15,1712019893000000
33.15,1712019893250000
33.15,1712019893500000
33.15,1712019893750000
33.09,1712019894000000
33.09,1712019894250000
33.09,1712019894500000
33.09,1712019894750000
33.07,1712019895000000
33.07,1712019895250000
33.07,1712019895500000
33.07,1712019895750000
33.07,1712019896000000
33.07,1712019896250000
33.07,1712019896500000
33.07,1712019896750000
33.05,1712019897000000
33.05,1712019897250000
33.05,1712019897500000
33.05,1712019897750000
33.05,1712019898000000
33.05,1712019898250000
33.05,1712019898500000
33.05,1712019898750000
33.05,1712019899000000
33.05,1712019899250000
33.05,1712019899500000
33.05,1712019899750000
33.03,1712019900000000
33.03,1712019900250000
33.03,1712019900500000
33.03,1712019900750000
33.03,1712019901000000
33.03,1712019901250000
33.03,1712019901500000
33.03,1712019901750000
33.05,1712019902000000
33.05,1712019902250000
33.05,1712019902500000
33.05,1712019902750000
33.03,1712019903000000
33.03,1712019903250000
33.03,1712019903500000
33.03,1712019903750000
33.0,1712019904000000
33.0,1712019904250000
33.0,1712019904500000
33.0,1712019904750000
33.0,1712019905000000
33.0,1712019905250000
33.0,1712019905500000
33.0,1712019905750000
33.03,1712019906000000
33.03,1712019906250000
33.03,1712019906500000
33.03,1712019906750000
33.0,1712019907000000
33.0,1712019907250000
33.0,1712019907500000
33.0,1712019907750000
33.0,1712019908000000
33.0,1712019908250000
33.0,1712019908500000
33.0,1712019908750000
33.03,1712019909000000
33.03,1712019909250000
33.03,1712019909500000
33.03,1712019909750000
33.03,1712019910000000
33.03,1712019910250000
33.03,1712019910500000
33.03,1712019910750000
33.03,1712019911000000
33.03,1712019911250000
33.03,1712019911500000
33.03,1712019911750000
33.03,1712019912000000
33.03,1712019912250000
33.03,1712019912500000
33.03,1712019912750000
33.03,1712019913000000
33.03,1712019913250000
33.03,1712019913500000
33.03,1712019913750000
33.03,1712019914000000
33.03,1712019914250000
33.03,1712019914500000
33.03,1712019914750000
33.0,1712019915000000
33.0,1712019915250000
33.0,1712019915500000
33.0,1712019915750000
33.0,1712019916000000
33.0,1712019916250000
33.0,1712019916500000
33.0,1712019916750000
32.99,1712019917000000
32.99,1712019917250000
32.99,1712019917500000
32.99,1712019917750000
33.0,1712019918000000
33.0,1712019918250000
33.0,1712019918500000
33.0,1712019918750000
33.0,1712019919000000
33.0,1712019919250000
33.0,1712019919500000
33.0,1712019919750000
33.0,1712019920000000
33.0,1712019920250000
33.0,1712019920500000
33.0,1712019920750000
33.0,1712019921000000
33.0,1712019921250000
33.0,1712019921500000
33.0,1712019921750000
33.0,1712019922000000
33.0,1712019922250000
33.0,1712019922500000
33.0,1712019922750000
33.0,1712019923000000
33.0,1712019923250000
33.0,1712019923500000
33.0,1712019923750000
33.0,1712019924000000
33.0,1712019924250000
33.0,1712019924500000
33.0,1712019924750000
33.0,1712019925000000
33.0,1712019925250000
33.0,1712019925500000
33.0,1712019925750000
33.0,1712019926000000
33.0,1712019926250000
33.0,1712019926500000
33.0,1712019926750000
32.99,1712019927000000
32.99,1712019927250000
32.99,1712019927500000
32.99,1712019927750000
32.99,1712019928000000
32.99,1712019928250000
32.99,1712019928500000
32.99,1712019928750000
32.99,1712019929000000
32.99,1712019929250000
32.99,1712019929500000
32.99,1712019929750000
32.99,1712019930000000
32.99,1712019930250000
32.99,1712019930500000
32.99,1712019930750000
32.99,1712019931000000
32.99,1712019931250000
32.99,1712019931500000
32.99,1712019931750000
32.99,1712019932000000
32.99,1712019932250000
32.99,1712019932500000
32.99,1712019932750000
32.95,1712019933000000
32.95,1712019933250000
32.95,1712019933500000
32.95,1712019933750000
32.97,1712019934000000
32.97,1712019934250000
32.97,1712019934500000
32.97,1712019934750000
32.97,1712019935000000
32.97,1712019935250000
32.97,1712019935500000
32.97,1712019935750000
32.95,1712019936000000
32.95,1712019936250000
32.95,1712019936500000
32.95,1712019936750000
32.95,1712019937000000
32.95,1712019937250000
32.95,1712019937500000
32.95,1712019937750000
32.95,1712019938000000
32.95,1712019938250000
32.95,1712019938500000
32.95,1712019938750000
32.95,1712019939000000
32.95,1712019939250000
32.95,1712019939500000
32.95,1712019939750000
32.97,1712019940000000
32.97,1712019940250000
32.97,1712019940500000
32.97,1712019940750000
32.95,1712019941000000
32.95,1712019941250000
32.95,1712019941500000
32.95,1712019941750000
32.95,1712019942000000
32.95,1712019942250000
32.95,1712019942500000
32.95,1712019942750000
32.93,1712019943000000
32.93,1712019943250000
32.93,1712019943500000
32.93,1712019943750000
32.95,1712019944000000
32.95,1712019944250000
32.95,1712019944500000
32.95,1712019944750000
32.93,1712019945000000
32.93,1712019945250000
32.93,1712019945500000
32.93,1712019945750000
32.95,1712019946000000
32.95,1712019946250000
32.95,1712019946500000
32.95,1712019946750000
32.95,1712019947000000
32.95,1712019947250000
32.95,1712019947500000
32.95,1712019947750000
32.95,1712019948000000
32.95,1712019948250000
32.95,1712019948500000
32.95,1712019948750000
32.95,1712019949000000
32.95,1712019949250000
32.95,1712019949500000
32.95,1712019949750000
32.93,1712019950000000
32.93,1712019950250000
32.93,1712019950500000
32.93,1712019950750000
32.93,1712019951000000
32.93,1712019951250000
32.93,1712019951500000
32.93,1712019951750000
32.93,1712019952000000
32.93,1712019952250000
32.93,1712019952500000
32.93,1712019952750000
32.93,1712019953000000
32.93,1712019953250000
32.93,1712019953500000
32.93,1712019953750000
32.91,1712019954000000
32.91,1712019954250000
32.91,1712019954500000
32.91,1712019954750000
32.93,1712019955000000
32.93,1712019955250000
32.93,1712019955500000
32.93,1712019955750000
32.91,1712019956000000
32.91,1712019956250000
32.91,1712019956500000
32.91,1712019956750000
32.91,1712019957000000
32.91,1712019957250000
32.91,1712019957500000
32.91,1712019957750000
32.91,1712019958000000
32.91,1712019958250000
32.91,1712019958500000
32.91,1712019958750000
32.91,1712019959000000
32.91,1712019959250000
32.91,1712019959500000
32.91,1712019959750000
32.89,1712019960000000
32.89,1712019960250000
32.89,1712019960500000
32.89,1712019960750000
32.87,1712019961000000
32.87,1712019961250000
32.87,1712019961500000
32.87,1712019961750000
32.89,1712019962000000
32.89,1712019962250000
32.89,1712019962500000
32.89,1712019962750000
32.93,1712019963000000
32.93,1712019963250000
32.93,1712019963500000
32.93,1712019963750000
32.87,1712019964000000
32.87,1712019964250000
32.87,1712019964500000
32.87,1712019964750000
32.87,1712019965000000
32.87,1712019965250000
32.87,1712019965500000
32.87,1712019965750000
32.84,1712019966000000
32.84,1712019966250000
32.84,1712019966500000
32.84,1712019966750000
32.87,1712019967000000
32.87,1712019967250000
32.87,1712019967500000
32.87,1712019967750000
32.83,1712019968000000
32.83,1712019968250000
32.83,1712019968500000
32.83,1712019968750000
32.87,1712019969000000
32.87,1712019969250000
32.87,1712019969500000
32.87,1712019969750000
32.83,1712019970000000
32.83,1712019970250000
32.83,1712019970500000
32.83,1712019970750000
32.84,1712019971000000
32.84,1712019971250000
32.84,1712019971500000
32.84,1712019971750000
32.87,1712019972000000
32.87,1712019972250000
32.87,1712019972500000
32.87,1712019972750000
32.83,1712019973000000
32.83,1712019973250000
32.83,1712019973500000
32.83,1712019973750000
32.83,1712019974000000
32.83,1712019974250000
32.83,1712019974500000
32.83,1712019974750000
32.84,1712019975000000
32.84,1712019975250000
32.84,1712019975500000
32.84,1712019975750000
32.84,1712019976000000
32.84,1712019976250000
32.84,1712019976500000
32.84,1712019976750000
32.84,1712019977000000
32.84,1712019977250000
32.84,1712019977500000
32.84,1712019977750000
32.87,1712019978000000
32.87,1712019978250000
32.87,1712019978500000
32.87,1712019978750000
32.87,1712019979000000
32.87,1712019979250000
32.87,1712019979500000
32.87,1712019979750000
32.84,1712019980000000
32.84,1712019980250000
32.84,1712019980500000
32.84,1712019980750000
32.83,1712019981000000
32.83,1712019981250000
32.83,1712019981500000
32.83,1712019981750000
32.84,1712019982000000
32.84,1712019982250000
32.84,1712019982500000
32.84,1712019982750000
32.84,1712019983000000
32.84,1712019983250000
32.84,1712019983500000
32.84,1712019983750000
32.84,1712019984000000
32.84,1712019984250000
32.84,1712019984500000
32.84,1712019984750000
32.87,1712019985000000
32.87,1712019985250000
32.87,1712019985500000
32.87,1712019985750000
32.87,1712019986000000
32.87,1712019986250000
32.87,1712019986500000
32.87,1712019986750000
32.84,1712019987000000
32.84,1712019987250000
32.84,1712019987500000
32.84,1712019987750000
32.84,1712019988000000
32.84,1712019988250000
32.84,1712019988500000
32.84,1712019988750000
32.84,1712019989000000
32.84,1712019989250000
32.84,1712019989500000
32.84,1712019989750000
32.84,1712019990000000
32.84,1712019990250000
32.84,1712019990500000
32.84,1712019990750000
32.84,1712019991000000
32.84,1712019991250000
32.84,1712019991500000
32.84,1712019991750000
32.87,1712019992000000
32.87,1712019992250000
32.87,1712019992500000
32.87,1712019992750000
32.83,1712019993000000
32.83,1712019993250000
32.83,1712019993500000
32.83,1712019993750000
32.84,1712019994000000
32.84,1712019994250000
32.84,1712019994500000
32.84,1712019994750000
32.84,1712019995000000
32.84,1712019995250000
32.84,1712019995500000
32.84,1712019995750000
32.84,1712019996000000
32.84,1712019996250000
32.84,1712019996500000
32.84,1712019996750000
32.87,1712019997000000
32.87,1712019997250000
32.87,1712019997500000
32.87,1712019997750000
32.84,1712019998000000
32.84,1712019998250000
32.84,1712019998500000
32.84,1712019998750000
32.84,1712019999000000
32.84,1712019999250000
32.84,1712019999500000
32.84,1712019999750000
32.83,1712020000000000
32.83,1712020000250000
32.83,1712020000500000
32.83,1712020000750000
32.83,1712020001000000
32.83,1712020001250000
32.83,1712020001500000
32.83,1712020001750000
32.83,1712020002000000
32.83,1712020002250000
32.83,1712020002500000
32.83,1712020002750000
32.83,1712020003000000
32.83,1712020003250000
32.83,1712020003500000
32.83,1712020003750000
32.84,1712020004000000
32.84,1712020004250000
32.84,1712020004500000
32.84,1712020004750000
32.84,1712020005000000
32.84,1712020005250000
32.84,1712020005500000
32.84,1712020005750000
32.83,1712020006000000
32.83,1712020006250000
32.83,1712020006500000
32.83,1712020006750000
32.81,1712020007000000
32.81,1712020007250000
32.81,1712020007500000
32.81,1712020007750000
32.83,1712020008000000
32.83,1712020008250000
32.83,1712020008500000
32.83,1712020008750000
32.83,1712020009000000
32.83,1712020009250000
32.83,1712020009500000
32.83,1712020009750000
32.84,1712020010000000
32.84,1712020010250000
32.84,1712020010500000
32.84,1712020010750000
32.83,1712020011000000
32.83,1712020011250000
32.83,1712020011500000
32.83,1712020011750000
32.84,1712020012000000
32.84,1712020012250000
32.84,1712020012500000
32.84,1712020012750000
32.84,1712020013000000
32.84,1712020013250000
32.84,1712020013500000
32.84,1712020013750000
32.84,1712020014000000
32.84,1712020014250000
32.84,1712020014500000
32.84,1712020014750000
32.84,1712020015000000
32.84,1712020015250000
32.84,1712020015500000
32.84,1712020015750000
32.84,1712020016000000
32.84,1712020016250000
32.84,1712020016500000
32.84,1712020016750000
32.87,1712020017000000
32.87,1712020017250000
32.87,1712020017500000
32.87,1712020017750000
32.83,1712020018000000
32.83,1712020018250000
32.83,1712020018500000
32.83,1712020018750000
32.83,1712020019000000
32.83,1712020019250000
32.83,1712020019500000
32.83,1712020019750000
32.81,1712020020000000
32.81,1712020020250000
32.81,1712020020500000
32.81,1712020020750000
32.83,1712020021000000
32.83,1712020021250000
32.83,1712020021500000
32.83,1712020021750000
32.84,1712020022000000
32.84,1712020022250000
32.84,1712020022500000
32.84,1712020022750000
32.84,1712020023000000
32.84,1712020023250000
32.84,1712020023500000
32.84,1712020023750000
32.83,1712020024000000
32.83,1712020024250000
32.83,1712020024500000
32.83,1712020024750000
32.84,1712020025000000
32.84,1712020025250000
32.84,1712020025500000
32.84,1712020025750000
32.83,1712020026000000
32.83,1712020026250000
32.83,1712020026500000
32.83,1712020026750000
32.84,1712020027000000
32.84,1712020027250000
32.84,1712020027500000
32.84,1712020027750000
32.84,1712020028000000
32.84,1712020028250000
32.84,1712020028500000
32.84,1712020028750000
32.84,1712020029000000
32.84,1712020029250000
32.84,1712020029500000
32.84,1712020029750000
32.83,1712020030000000
32.83,1712020030250000
32.83,1712020030500000
32.83,1712020030750000
32.84,1712020031000000
32.84,1712020031250000
32.84,1712020031500000
32.84,1712020031750000
32.84,1712020032000000
32.84,1712020032250000
32.84,1712020032500000
32.84,1712020032750000
32.84,1712020033000000
32.84,1712020033250000
32.84,1712020033500000
32.84,1712020033750000
32.87,1712020034000000
32.87,1712020034250000
32.87,1712020034500000
32.87,1712020034750000
32.84,1712020035000000
32.84,1712020035250000
32.84,1712020035500000
32.84,1712020035750000
32.84,1712020036000000
32.84,1712020036250000
32.84,1712020036500000
32.84,1712020036750000
32.87,1712020037000000
32.87,1712020037250000
32.87,1712020037500000
32.87,1712020037750000
32.84,1712020038000000
32.84,1712020038250000
32.84,1712020038500000
32.84,1712020038750000
32.83,1712020039000000
32.83,1712020039250000
32.83,1712020039500000
32.83,1712020039750000
32.87,1712020040000000
32.87,1712020040250000
32.87,1712020040500000
32.87,1712020040750000
32.84,1712020041000000
32.84,1712020041250000
32.84,1712020041500000
32.84,1712020041750000
32.87,1712020042000000
32.87,1712020042250000
32.87,1712020042500000
32.87,1712020042750000
32.84,1712020043000000
32.84,1712020043250000
32.84,1712020043500000
32.84,1712020043750000
32.89,1712020044000000
32.89,1712020044250000
32.89,1712020044500000
32.89,1712020044750000
32.87,1712020045000000
32.87,1712020045250000
32.87,1712020045500000
32.87,1712020045750000
32.84,1712020046000000
32.84,1712020046250000
32.84,1712020046500000
32.84,1712020046750000
32.87,1712020047000000
32.87,1712020047250000
32.87,1712020047500000
32.87,1712020047750000
32.87,1712020048000000
32.87,1712020048250000
32.87,1712020048500000
32.87,1712020048750000
32.87,1712020049000000
32.87,1712020049250000
32.87,1712020049500000
32.87,1712020049750000
32.87,1712020050000000
32.87,1712020050250000
32.87,1712020050500000
32.87,1712020050750000
32.87,1712020051000000
32.87,1712020051250000
32.87,1712020051500000
32.87,1712020051750000
32.89,1712020052000000
32.89,1712020052250000
32.89,1712020052500000
32.89,1712020052750000
32.87,1712020053000000
32.87,1712020053250000
32.87,1712020053500000
32.87,1712020053750000
32.87,1712020054000000
32.87,1712020054250000
32.87,1712020054500000
32.87,1712020054750000
32.87,1712020055000000
32.87,1712020055250000
32.87,1712020055500000
32.87,1712020055750000
32.87,1712020056000000
32.87,1712020056250000
32.87,1712020056500000
32.87,1712020056750000
32.84,1712020057000000
32.84,1712020057250000
32.84,1712020057500000
32.84,1712020057750000
32.91,1712020058000000
32.91,1712020058250000
32.91,1712020058500000
32.91,1712020058750000
32.89,1712020059000000
32.89,1712020059250000
32.89,1712020059500000
32.89,1712020059750000
32.89,1712020060000000
32.89,1712020060250000
32.89,1712020060500000
32.89,1712020060750000
32.89,1712020061000000
32.89,1712020061250000
32.89,1712020061500000
32.89,1712020061750000
32.89,1712020062000000
32.89,1712020062250000
32.89,1712020062500000
32.89,1712020062750000
32.89,1712020063000000
32.89,1712020063250000
32.89,1712020063500000
32.89,1712020063750000
32.87,1712020064000000
32.87,1712020064250000
32.87,1712020064500000
32.87,1712020064750000
32.89,1712020065000000
32.89,1712020065250000
32.89,1712020065500000
32.89,1712020065750000
32.91,1712020066000000
32.91,1712020066250000
32.91,1712020066500000
32.91,1712020066750000
32.89,1712020067000000
32.89,1712020067250000
32.89,1712020067500000
32.89,1712020067750000
32.91,1712020068000000
32.91,1712020068250000
32.91,1712020068500000
32.91,1712020068750000
32.89,1712020069000000
32.89,1712020069250000
32.89,1712020069500000
32.89,1712020069750000
32.89,1712020070000000
32.89,1712020070250000
32.89,1712020070500000
32.89,1712020070750000
32.89,1712020071000000
32.89,1712020071250000
32.89,1712020071500000
32.89,1712020071750000
32.91,1712020072000000
32.91,1712020072250000
32.91,1712020072500000
32.91,1712020072750000
32.91,1712020073000000
32.91,1712020073250000
32.91,1712020073500000
32.91,1712020073750000
32.91,1712020074000000
32.91,1712020074250000
32.91,1712020074500000
32.91,1712020074750000
32.91,1712020075000000
32.91,1712020075250000
32.91,1712020075500000
32.91,1712020075750000
32.93,1712020076000000
32.93,1712020076250000
32.93,1712020076500000
32.93,1712020076750000
32.95,1712020077000000
32.95,1712020077250000
32.95,1712020077500000
32.95,1712020077750000
32.95,1712020078000000
32.95,1712020078250000
32.95,1712020078500000
32.95,1712020078750000
32.99,1712020079000000
32.99,1712020079250000
32.99,1712020079500000
32.99,1712020079750000
32.99,1712020080000000
32.99,1712020080250000
32.99,1712020080500000
32.99,1712020080750000
32.99,1712020081000000
32.99,1712020081250000
32.99,1712020081500000
32.99,1712020081750000
32.99,1712020082000000
32.99,1712020082250000
32.99,1712020082500000
32.99,1712020082750000
33.03,1712020083000000
33.03,1712020083250000
33.03,1712020083500000
33.03,1712020083750000
33.0,1712020084000000
33.0,1712020084250000
33.0,1712020084500000
33.0,1712020084750000
33.0,1712020085000000
33.0,1712020085250000
33.0,1712020085500000
33.0,1712020085750000
33.03,1712020086000000
33.03,1712020086250000
33.03,1712020086500000
33.03,1712020086750000
33.03,1712020087000000
33.03,1712020087250000
33.03,1712020087500000
33.03,1712020087750000
33.05,1712020088000000
33.05,1712020088250000
33.05,1712020088500000
33.05,1712020088750000
33.05,1712020089000000
33.05,1712020089250000
33.05,1712020089500000
33.05,1712020089750000
33.05,1712020090000000
33.05,1712020090250000
33.05,1712020090500000
33.05,1712020090750000
33.07,1712020091000000
33.07,1712020091250000
33.07,1712020091500000
33.07,1712020091750000
33.09,1712020092000000
33.09,1712020092250000
33.09,1712020092500000
33.09,1712020092750000
33.07,1712020093000000
33.07,1712020093250000
33.07,1712020093500000
33.07,1712020093750000
33.11,1712020094000000
33.11,1712020094250000
33.11,1712020094500000
33.11,1712020094750000
33.13,1712020095000000
33.13,1712020095250000
33.13,1712020095500000
33.13,1712020095750000
33.15,1712020096000000
33.15,1712020096250000
33.15,1712020096500000
33.15,1712020096750000
33.13,1712020097000000
33.13,1712020097250000
33.13,1712020097500000
33.13,1712020097750000
33.16,1712020098000000
33.16,1712020098250000
33.16,1712020098500000
33.16,1712020098750000
33.16,1712020099000000
33.16,1712020099250000
33.16,1712020099500000
33.16,1712020099750000
33.15,1712020100000000
33.15,1712020100250000
33.15,1712020100500000
33.15,1712020100750000
33.16,1712020101000000
33.16,1712020101250000
33.16,1712020101500000
33.16,1712020101750000
33.15,1712020102000000
33.15,1712020102250000
33.15,1712020102500000
33.15,1712020102750000
33.18,1712020103000000
33.18,1712020103250000
33.18,1712020103500000
33.18,1712020103750000
33.23,1712020104000000
33.23,1712020104250000
33.23,1712020104500000
33.23,1712020104750000
33.21,1712020105000000
33.21,1712020105250000
33.21,1712020105500000
33.21,1712020105750000
33.23,1712020106000000
33.23,1712020106250000
33.23,1712020106500000
33.23,1712020106750000
33.23,1712020107000000
33.23,1712020107250000
33.23,1712020107500000
33.23,1712020107750000
33.23,1712020108000000
33.23,1712020108250000
33.23,1712020108500000
33.23,1712020108750000
33.25,1712020109000000
33.25,1712020109250000
33.25,1712020109500000
33.25,1712020109750000
33.25,1712020110000000
33.25,1712020110250000
33.25,1712020110500000
33.25,1712020110750000
33.23,1712020111000000
33.23,1712020111250000
33.23,1712020111500000
33.23,1712020111750000
33.25,1712020112000000
33.25,1712020112250000
33.25,1712020112500000
33.25,1712020112750000
33.27,1712020113000000
33.27,1712020113250000
33.27,1712020113500000
33.27,1712020113750000
33.27,1712020114000000
33.27,1712020114250000
33.27,1712020114500000
33.27,1712020114750000
33.29,1712020115000000
33.29,1712020115250000
33.29,1712020115500000
33.29,1712020115750000
33.31,1712020116000000
33.31,1712020116250000
33.31,1712020116500000
33.31,1712020116750000
33.29,1712020117000000
33.29,1712020117250000
33.29,1712020117500000
33.29,1712020117750000
33.31,1712020118000000
33.31,1712020118250000
33.31,1712020118500000
33.31,1712020118750000
33.29,1712020119000000
33.29,1712020119250000
33.29,1712020119500000
33.29,1712020119750000
33.29,1712020120000000
33.29,1712020120250000
33.29,1712020120500000
33.29,1712020120750000
33.29,1712020121000000
33.29,1712020121250000
33.29,1712020121500000
33.29,1712020121750000
33.31,1712020122000000
33.31,1712020122250000
33.31,1712020122500000
33.31,1712020122750000
33.29,1712020123000000
33.29,1712020123250000
33.29,1712020123500000
33.29,1712020123750000
33.29,1712020124000000
33.29,1712020124250000
33.29,1712020124500000
33.29,1712020124750000
33.29,1712020125000000
33.29,1712020125250000
33.29,1712020125500000
33.29,1712020125750000
33.31,1712020126000000
33.31,1712020126250000
33.31,1712020126500000
33.31,1712020126750000
33.31,1712020127000000
33.31,1712020127250000
33.31,1712020127500000
33.31,1712020127750000
33.31,1712020128000000
33.31,1712020128250000
33.31,1712020128500000
33.31,1712020128750000
33.31,1712020129000000
33.31,1712020129250000
33.31,1712020129500000
33.31,1712020129750000
33.29,1712020130000000
33.29,1712020130250000
33.29,1712020130500000
33.29,1712020130750000
33.29,1712020131000000
33.29,1712020131250000
33.29,1712020131500000
33.29,1712020131750000
33.31,1712020132000000
33.31,1712020132250000
33.31,1712020132500000
33.31,1712020132750000
33.29,1712020133000000
33.29,1712020133250000
33.29,1712020133500000
33.29,1712020133750000
33.31,1712020134000000
33.31,1712020134250000
33.31,1712020134500000
33.31,1712020134750000
33.29,1712020135000000
33.29,1712020135250000
33.29,1712020135500000
33.29,1712020135750000
33.27,1712020136000000
33.27,1712020136250000
33.27,1712020136500000
33.27,1712020136750000
33.27,1712020137000000
33.27,1712020137250000
33.27,1712020137500000
33.27,1712020137750000
33.27,1712020138000000
33.27,1712020138250000
33.27,1712020138500000
33.27,1712020138750000
33.31,1712020139000000
33.31,1712020139250000
33.31,1712020139500000
33.31,1712020139750000
33.27,1712020140000000
33.27,1712020140250000
33.27,1712020140500000
33.27,1712020140750000
33.27,1712020141000000
33.27,1712020141250000
33.27,1712020141500000
33.27,1712020141750000
33.29,1712020142000000
33.29,1712020142250000
33.29,1712020142500000
33.29,1712020142750000
33.27,1712020143000000
33.27,1712020143250000
33.27,1712020143500000
33.27,1712020143750000
33.27,1712020144000000
33.27,1712020144250000
33.27,1712020144500000
33.27,1712020144750000
33.27,1712020145000000
33.27,1712020145250000
33.27,1712020145500000
33.27,1712020145750000
33.27,1712020146000000
33.27,1712020146250000
33.27,1712020146500000
33.27,1712020146750000
33.27,1712020147000000
33.27,1712020147250000
33.27,1712020147500000
33.27,1712020147750000
33.25,1712020148000000
33.25,1712020148250000
33.25,1712020148500000
33.25,1712020148750000
33.27,1712020149000000
33.27,1712020149250000
33.27,1712020149500000
33.27,1712020149750000
33.27,1712020150000000
33.27,1712020150250000
33.27,1712020150500000
33.27,1712020150750000
33.27,1712020151000000
33.27,1712020151250000
33.27,1712020151500000
33.27,1712020151750000
33.25,1712020152000000
33.25,1712020152250000
33.25,1712020152500000
33.25,1712020152750000
33.25,1712020153000000
33.25,1712020153250000
33.25,1712020153500000
33.25,1712020153750000
33.25,1712020154000000
33.25,1712020154250000
33.25,1712020154500000
33.25,1712020154750000
33.27,1712020155000000
33.27,1712020155250000
33.27,1712020155500000
33.27,1712020155750000
33.25,1712020156000000
33.25,1712020156250000
33.25,1712020156500000
33.25,1712020156750000
33.27,1712020157000000
33.27,1712020157250000
33.27,1712020157500000
33.27,1712020157750000
33.27,1712020158000000
33.27,1712020158250000
33.27,1712020158500000
33.27,1712020158750000
33.27,1712020159000000
33.27,1712020159250000
33.27,1712020159500000
33.27,1712020159750000
33.25,1712020160000000
33.25,1712020160250000
33.25,1712020160500000
33.25,1712020160750000
33.23,1712020161000000
33.23,1712020161250000
33.23,1712020161500000
33.23,1712020161750000
33.25,1712020162000000
33.25,1712020162250000
33.25,1712020162500000
33.25,1712020162750000
33.23,1712020163000000
33.23,1712020163250000
33.23,1712020163500000
33.23,1712020163750000
33.25,1712020164000000
33.25,1712020164250000
33.25,1712020164500000
33.25,1712020164750000
33.25,1712020165000000
33.25,1712020165250000
33.25,1712020165500000
33.25,1712020165750000
33.25,1712020166000000
33.25,1712020166250000
33.25,1712020166500000
33.25,1712020166750000
33.25,1712020167000000
33.25,1712020167250000
33.25,1712020167500000
33.25,1712020167750000
33.25,1712020168000000
33.25,1712020168250000
33.25,1712020168500000
33.25,1712020168750000
33.25,1712020169000000
33.25,1712020169250000
33.25,1712020169500000
33.25,1712020169750000
33.23,1712020170000000
33.23,1712020170250000
33.23,1712020170500000
33.23,1712020170750000
33.25,1712020171000000
33.25,1712020171250000
33.25,1712020171500000
33.25,1712020171750000
33.23,1712020172000000
33.23,1712020172250000
33.23,1712020172500000
33.23,1712020172750000
33.23,1712020173000000
33.23,1712020173250000
33.23,1712020173500000
33.23,1712020173750000
33.23,1712020174000000
33.23,1712020174250000
33.23,1712020174500000
33.23,1712020174750000
33.23,1712020175000000
33.23,1712020175250000
33.23,1712020175500000
33.23,1712020175750000
33.23,1712020176000000
33.23,1712020176250000
33.23,1712020176500000
33.23,1712020176750000
33.25,1712020177000000
33.25,1712020177250000
33.25,1712020177500000
33.25,1712020177750000
33.23,1712020178000000
33.23,1712020178250000
33.23,1712020178500000
33.23,1712020178750000
33.23,1712020179000000
33.23,1712020179250000
33.23,1712020179500000
33.23,1712020179750000
33.21,1712020180000000
33.21,1712020180250000
33.21,1712020180500000
33.21,1712020180750000
33.21,1712020181000000
33.21,1712020181250000
33.21,1712020181500000
33.21,1712020181750000
33.21,1712020182000000
33.21,1712020182250000
33.21,1712020182500000
33.21,1712020182750000
33.21,1712020183000000
33.21,1712020183250000
33.21,1712020183500000
33.21,1712020183750000
33.23,1712020184000000
33.23,1712020184250000
33.23,1712020184500000
33.23,1712020184750000
33.21,1712020185000000
33.21,1712020185250000
33.21,1712020185500000
33.21,1712020185750000
33.21,1712020186000000
33.21,1712020186250000
33.21,1712020186500000
33.21,1712020186750000
33.18,1712020187000000
33.18,1712020187250000
33.18,1712020187500000
33.18,1712020187750000
33.18,1712020188000000
33.18,1712020188250000
33.18,1712020188500000
33.18,1712020188750000
33.18,1712020189000000
33.18,1712020189250000
33.18,1712020189500000
33.18,1712020189750000
33.18,1712020190000000
33.18,1712020190250000
33.18,1712020190500000
33.18,1712020190750000
33.16,1712020191000000
33.16,1712020191250000
33.16,1712020191500000
33.16,1712020191750000
33.15,1712020192000000
33.15,1712020192250000
33.15,1712020192500000
33.15,1712020192750000
33.16,1712020193000000
33.16,1712020193250000
33.16,1712020193500000
33.16,1712020193750000
33.15,1712020194000000
33.15,1712020194250000
33.15,1712020194500000
33.15,1712020194750000
33.15,1712020195000000
33.15,1712020195250000
33.15,1712020195500000
33.15,1712020195750000
33.13,1712020196000000
33.13,1712020196250000
33.13,1712020196500000
33.13,1712020196750000
33.15,1712020197000000
33.15,1712020197250000
33.15,1712020197500000
33.15,1712020197750000
33.15,1712020198000000
33.15,1712020198250000
33.15,1712020198500000
33.15,1712020198750000
33.13,1712020199000000
33.13,1712020199250000
33.13,1712020199500000
33.13,1712020199750000
33.11,1712020200000000
33.11,1712020200250000
33.11,1712020200500000
33.11,1712020200750000
33.13,1712020201000000
33.13,1712020201250000
33.13,1712020201500000
33.13,1712020201750000
33.11,1712020202000000
33.11,1712020202250000
33.11,1712020202500000
33.11,1712020202750000
33.09,1712020203000000
33.09,1712020203250000
33.09,1712020203500000
33.09,1712020203750000
33.09,1712020204000000
33.09,1712020204250000
33.09,1712020204500000
33.09,1712020204750000
33.13,1712020205000000
33.13,1712020205250000
33.13,1712020205500000
33.13,1712020205750000
33.11,1712020206000000
33.11,1712020206250000
33.11,1712020206500000
33.11,1712020206750000
33.11,1712020207000000
33.11,1712020207250000
33.11,1712020207500000
33.11,1712020207750000
33.09,1712020208000000
33.09,1712020208250000
33.09,1712020208500000
33.09,1712020208750000
33.09,1712020209000000
33.09,1712020209250000
33.09,1712020209500000
33.09,1712020209750000
33.09,1712020210000000
33.09,1712020210250000
33.09,1712020210500000
33.09,1712020210750000
33.09,1712020211000000
33.09,1712020211250000
33.09,1712020211500000
33.09,1712020211750000
33.09,1712020212000000
33.09,1712020212250000
33.09,1712020212500000
33.09,1712020212750000
33.07,1712020213000000
33.07,1712020213250000
33.07,1712020213500000
33.07,1712020213750000
33.09,1712020214000000
33.09,1712020214250000
33.09,1712020214500000
33.09,1712020214750000
33.05,1712020215000000
33.05,1712020215250000
33.05,1712020215500000
33.05,1712020215750000
33.07,1712020216000000
33.07,1712020216250000
33.07,1712020216500000
33.07,1712020216750000
33.07,1712020217000000
33.07,1712020217250000
33.07,1712020217500000
33.07,1712020217750000
33.03,1712020218000000
33.03,1712020218250000
33.03,1712020218500000
33.03,1712020218750000
33.05,1712020219000000
33.05,1712020219250000
33.05,1712020219500000
33.05,1712020219750000
33.03,1712020220000000
33.03,1712020220250000
33.03,1712020220500000
33.03,1712020220750000
33.05,1712020221000000
33.05,1712020221250000
33.05,1712020221500000
33.05,1712020221750000
33.0,1712020222000000
33.0,1712020222250000
33.0,1712020222500000
33.0,1712020222750000
33.03,1712020223000000
33.03,1712020223250000
33.03,1712020223500000
33.03,1712020223750000
33.03,1712020224000000
33.03,1712020224250000
33.03,1712020224500000
33.03,1712020224750000
33.0,1712020225000000
33.0,1712020225250000
33.0,1712020225500000
33.0,1712020225750000
33.03,1712020226000000
33.03,1712020226250000
33.03,1712020226500000
33.03,1712020226750000
33.0,1712020227000000
33.0,1712020227250000
33.0,1712020227500000
33.0,1712020227750000
33.03,1712020228000000
33.03,1712020228250000
33.03,1712020228500000
33.03,1712020228750000
33.0,1712020229000000
33.0,1712020229250000
33.0,1712020229500000
33.0,1712020229750000
33.03,1712020230000000
33.03,1712020230250000
33.03,1712020230500000
33.03,1712020230750000
33.0,1712020231000000
33.0,1712020231250000
33.0,1712020231500000
33.0,1712020231750000
32.99,1712020232000000
32.99,1712020232250000
32.99,1712020232500000
32.99,1712020232750000
32.99,1712020233000000
32.99,1712020233250000
32.99,1712020233500000
32.99,1712020233750000
32.99,1712020234000000
32.99,1712020234250000
32.99,1712020234500000
32.99,1712020234750000
32.97,1712020235000000
32.97,1712020235250000
32.97,1712020235500000
32.97,1712020235750000
32.97,1712020236000000
32.97,1712020236250000
32.97,1712020236500000
32.97,1712020236750000
32.97,1712020237000000
32.97,1712020237250000
32.97,1712020237500000
32.97,1712020237750000
32.97,1712020238000000
32.97,1712020238250000
32.97,1712020238500000
32.97,1712020238750000
32.97,1712020239000000
32.97,1712020239250000
32.97,1712020239500000
32.97,1712020239750000
32.95,1712020240000000
32.95,1712020240250000
32.95,1712020240500000
32.95,1712020240750000
32.93,1712020241000000
32.93,1712020241250000
32.93,1712020241500000
32.93,1712020241750000
32.95,1712020242000000
32.95,1712020242250000
32.95,1712020242500000
32.95,1712020242750000
32.95,1712020243000000
32.95,1712020243250000
32.95,1712020243500000
32.95,1712020243750000
32.95,1712020244000000
32.95,1712020244250000
32.95,1712020244500000
32.95,1712020244750000
32.93,1712020245000000
32.93,1712020245250000
32.93,1712020245500000
32.93,1712020245750000
32.93,1712020246000000
32.93,1712020246250000
32.93,1712020246500000
32.93,1712020246750000
32.93,1712020247000000
32.93,1712020247250000
32.93,1712020247500000
32.93,1712020247750000
32.93,1712020248000000
32.93,1712020248250000
32.93,1712020248500000
32.93,1712020248750000
32.93,1712020249000000
32.93,1712020249250000
32.93,1712020249500000
32.93,1712020249750000
32.93,1712020250000000
32.93,1712020250250000
32.93,1712020250500000
32.93,1712020250750000
32.91,1712020251000000
32.91,1712020251250000
32.91,1712020251500000
32.91,1712020251750000
