phoneTimestamp,duration
1712073625158,603
1712073625761,598
1712073626359,614
1712073626973,614
1712073627587,613
1712073628200,611
1712073628811,628
1712073629439,626
1712073630065,618
1712073630683,634
1712073631317,637
1712073631953,646
1712073632600,637
1712073633237,611
1712073633848,604
1712073634452,615
1712073635067,626
1712073635693,644
1712073636337,637
1712073636974,606
1712073637580,599
1712073638179,594
1712073638773,601
1712073639374,606
1712073639980,601
1712073640581,611
1712073641192,640
1712073641832,654
1712073642486,650
1712073643136,652
1712073643788,678
1712073644465,679
1712073645145,687
1712073645832,673
1712073646505,685
1712073647190,668
1712073647857,646
1712073648504,629
1712073649133,641
1712073649774,650
1712073650424,653
1712073651077,640
1712073651717,628
1712073652345,631
1712073652976,641
1712073653617,646
1712073654263,640
1712073654903,627
1712073655529,622
1712073656152,643
1712073656795,647
1712073657441,648
1712073658089,647
1712073658737,634
1712073659371,622
1712073659993,636
1712073660629,639
1712073661268,643
1712073661911,630
1712073662541,617
1712073663158,609
1712073663767,622
1712073664389,636
1712073665025,655
1712073665680,660
1712073666340,657
1712073666997,641
1712073667638,622
1712073668260,631
1712073668891,642
1712073669533,649
1712073670182,644
1712073670825,636
1712073671462,629
1712073672091,643
1712073672734,646
1712073673380,644
1712073674024,654
1712073674678,638
1712073675316,632
1712073675948,614
1712073676561,617
1712073677179,643
1712073677822,646
1712073678468,655
1712073679123,627
1712073679750,641
1712073680391,636
1712073681027,638
1712073681665,628
1712073682293,624
1712073682917,617
1712073683534,623
1712073684157,642
1712073684799,632
1712073685431,640
1712073686071,632
1712073686703,613
1712073687316,604
1712073687920,598
1712073688518,615
1712073689133,634
1712073689767,650
1712073690417,650
1712073691067,636
1712073691703,649
1712073692352,640
1712073692992,640
1712073693632,650
1712073694281,637
1712073694919,619
1712073695537,621
1712073696159,616
1712073696775,630
1712073697405,606
1712073698011,604
1712073698615,623
1712073699238,617
1712073699855,622
1712073700477,597
1712073701073,602
1712073701676,634
1712073702310,648
1712073702958,653
1712073703611,630
1712073704241,646
1712073704887,648
1712073705535,628
1712073706163,619
1712073706782,607
1712073707389,607
1712073707996,613
1712073708609,621
1712073709230,634
1712073709864,638
1712073710502,622
1712073711124,618
1712073711742,623
1712073712365,642
1712073713007,633
1712073713640,622
1712073714262,639
1712073714901,647
1712073715548,643
1712073716191,660
1712073716851,665
1712073717516,665
1712073718181,658
1712073718839,642
1712073719481,628
1712073720109,630
1712073720739,626
1712073721365,614
1712073721979,624
1712073722603,626
1712073723229,620
1712073723849,610
1712073724459,613
1712073725072,622
1712073725694,623
1712073726317,625
1712073726942,627
1712073727569,611
1712073728180,621
1712073728801,613
1712073729414,609
1712073730023,620
1712073730643,627
1712073731270,621
1712073731891,607
1712073732497,616
1712073733113,627
1712073733741,629
1712073734369,618
1712073734988,617
1712073735605,629
1712073736233,627
1712073736861,623
1712073737484,609
1712073738093,600
1712073738693,604
1712073739297,605
1712073739902,618
1712073740520,635
1712073741155,622
1712073741777,628
1712073742405,641
1712073743046,642
1712073743688,640
1712073744328,622
1712073744950,613
1712073745563,621
1712073746184,610
1712073746793,616
1712073747409,598
1712073748008,598
1712073748606,582
1712073749188,588
1712073749776,597
1712073750373,589
1712073750961,605
1712073751567,612
1712073752179,625
1712073752804,615
1712073753419,597
1712073754016,593
1712073754609,598
1712073755207,610
1712073755817,633
1712073756449,639
1712073757089,624
1712073757713,619
1712073758332,610
1712073758942,635
1712073759577,649
1712073760225,646
1712073760872,662
1712073761534,650
1712073762184,643
1712073762827,613
1712073763440,611
1712073764051,620
1712073764671,627
1712073765297,604
1712073765902,604
1712073766505,607
1712073767113,624
1712073767737,627
1712073768364,618
1712073768982,616
1712073769598,621
1712073770219,633
1712073770852,664
1712073771516,660
1712073772176,671
1712073772847,664
1712073773511,642
1712073774153,638
1712073774791,639
1712073775430,638
1712073776068,641
1712073776709,634
1712073777343,619
1712073777961,624
1712073778585,617
1712073779203,607
1712073779809,600
1712073780409,617
1712073781027,644
1712073781671,665
1712073782336,663
1712073782999,666
1712073783665,649
1712073784313,627
1712073784941,625
1712073785566,624
1712073786190,628
1712073786817,627
1712073787445,618
1712073788063,618
1712073788681,617
1712073789297,626
1712073789924,638
1712073790561,639
1712073791201,635
1712073791836,646
1712073792481,655
1712073793137,646
1712073793783,643
1712073794425,646
1712073795072,632
1712073795704,625
1712073796329,642
1712073796971,642
1712073797613,646
1712073798259,631
1712073798889,637
1712073799527,637
1712073800164,641
1712073800805,630
1712073801435,636
1712073802071,640
1712073802711,640
1712073803351,650
1712073804001,636
1712073804637,644
1712073805281,652
1712073805933,646
1712073806579,634
1712073807213,633
1712073807846,642
1712073808488,639
1712073809127,645
1712073809772,638
1712073810409,660
1712073811070,651
1712073811721,648
1712073812369,652
1712073813021,647
1712073813668,646
1712073814313,633
1712073814947,619
1712073815566,630
1712073816196,634
1712073816830,643
1712073817473,641
1712073818113,636
1712073818750,636
1712073819385,638
1712073820024,648
1712073820672,650
1712073821321,644
1712073821966,652
1712073822617,648
1712073823265,646
1712073823912,640
1712073824552,632
1712073825184,642
1712073825825,635
1712073826461,642
1712073827103,628
1712073827731,630
1712073828361,635
1712073828996,646
1712073829641,639
1712073830281,639
1712073830920,646
1712073831566,640
1712073832206,640
1712073832846,632
1712073833478,637
1712073834115,648
1712073834763,646
1712073835409,636
1712073836045,639
1712073836684,652
1712073837336,653
1712073837989,662
1712073838651,651
1712073839302,635
1712073839937,646
1712073840583,659
1712073841241,651
1712073841893,642
1712073842535,631
1712073843166,631
1712073843797,636
1712073844433,634
1712073845067,631
1712073845697,624
1712073846321,637
1712073846959,652
1712073847611,638
1712073848249,632
1712073848881,645
1712073849526,643
1712073850169,650
1712073850819,642
1712073851461,629
1712073852089,631
1712073852721,632
1712073853353,631
1712073853984,622
1712073854606,620
1712073855225,628
1712073855854,628
1712073856481,615
1712073857097,620
1712073857717,625
1712073858342,622
1712073858964,613
1712073859577,602
1712073860179,610
1712073860789,608
1712073861397,611
1712073862008,603
1712073862611,606
1712073863217,614
1712073863831,626
1712073864457,625
1712073865081,623
1712073865705,634
1712073866339,638
1712073866977,631
1712073867608,616
1712073868224,615
1712073868839,621
1712073869460,617
1712073870077,615
1712073870692,609
1712073871301,619
1712073871920,619
1712073872539,614
1712073873153,609
1712073873761,613
1712073874375,624
1712073874999,622
1712073875621,617
1712073876238,613
1712073876851,616
1712073877467,616
1712073878083,630
1712073878713,634
1712073879347,626
1712073879973,632
1712073880605,626
1712073881231,623
1712073881854,618
1712073882472,609
1712073883081,610
1712073883691,616
1712073884307,619
1712073884926,609
1712073885535,611
1712073886145,620
1712073886766,616
1712073887382,601
1712073887983,594
1712073888577,584
1712073889161,584
1712073889745,605
1712073890350,597
1712073890947,596
1712073891543,608
1712073892151,615
1712073892766,612
1712073893377,604
1712073893982,603
1712073894585,622
1712073895207,608
1712073895815,604
1712073896419,597
1712073897016,600
1712073897616,604
1712073898220,607
1712073898827,604
1712073899431,613
1712073900044,626
1712073900670,627
1712073901297,610
1712073901907,616
1712073902523,617
1712073903140,620
1712073903760,602
1712073904361,601
1712073904963,615
1712073905577,623
1712073906201,619
1712073906820,614
1712073907433,630
1712073908064,633
1712073908697,618
1712073909315,610
1712073909925,609
1712073910534,617
1712073911151,609
1712073911760,602
1712073912361,605
1712073912967,607
1712073913574,610
1712073914184,604
1712073914788,608
1712073915396,612
1712073916008,624
1712073916632,607
1712073917239,604
1712073917843,610
1712073918453,612
1712073919065,606
1712073919671,599
1712073920270,600
1712073920870,610
1712073921480,621
1712073922101,613
1712073922713,613
1712073923327,624
1712073923951,625
1712073924576,615
1712073925191,623
1712073925814,622
1712073926436,617
1712073927053,603
1712073927656,596
1712073928252,603
1712073928855,603
1712073929457,602
1712073930060,595
1712073930655,601
1712073931256,611
1712073931867,622
1712073932489,615
1712073933104,611
1712073933715,621
1712073934336,624
1712073934960,617
1712073935577,613
1712073936190,621
1712073936811,617
1712073937428,607
1712073938035,606
1712073938641,630
1712073939271,638
1712073939909,636
1712073940545,629
1712073941174,616
1712073941790,632
1712073942422,645
1712073943067,641
1712073943708,626
1712073944334,634
1712073944968,626
1712073945593,618
1712073946212,610
1712073946822,624
1712073947446,625
1712073948071,629
1712073948700,625
1712073949325,631
1712073949956,646
1712073950601,648
1712073951249,635
1712073951885,642
1712073952527,646
1712073953173,643
1712073953816,634
1712073954449,623
1712073955073,624
1712073955697,621
1712073956318,626
1712073956944,613
1712073957557,618
1712073958175,633
1712073958808,639
1712073959447,627
1712073960073,630
1712073960704,638
1712073961342,637
1712073961979,613
1712073962592,609
1712073963201,611
1712073963812,612
1712073964424,612
1712073965036,606
1712073965641,614
1712073966256,620
1712073966876,633
1712073967509,624
1712073968133,614
1712073968747,619
1712073969366,624
1712073969990,634
1712073970624,618
1712073971241,615
1712073971857,632
1712073972489,630
1712073973119,610
1712073973729,604
1712073974333,609
1712073974942,609
1712073975551,619
1712073976169,619
1712073976789,607
1712073977396,608
1712073978004,616
1712073978620,619
1712073979239,606
1712073979845,599
1712073980444,610
1712073981054,610
1712073981664,620
1712073982284,619
1712073982903,610
1712073983513,618
1712073984131,615
1712073984745,612
1712073985358,599
1712073985957,596
1712073986553,599
1712073987152,604
1712073987756,629
1712073988385,612
1712073988997,614
1712073989611,624
1712073990235,619
1712073990854,618
1712073991472,608
1712073992080,619
1712073992699,634
1712073993333,633
1712073993966,620
1712073994585,609
1712073995195,616
1712073995811,618
1712073996429,606
1712073997035,597
1712073997632,605
1712073998237,622
1712073998859,631
1712073999489,624
1712074000113,614
1712074000728,615
1712074001343,605
1712074001948,600
1712074002548,598
1712074003145,607
1712074003753,611
1712074004364,616
1712074004980,625
1712074005605,625
1712074006230,623
1712074006853,612
1712074007465,604
1712074008069,608
1712074008677,617
1712074009294,609
1712074009903,602
1712074010505,605
1712074011110,617
1712074011727,628
1712074012355,617
1712074012972,623
1712074013595,632
1712074014227,650
1712074014877,633
1712074015510,628
1712074016137,638
1712074016776,638
1712074017414,623
1712074018037,624
1712074018661,630
1712074019291,617
1712074019908,614
1712074020521,627
1712074021149,645
1712074021793,647
1712074022441,651
1712074023092,631
1712074023723,645
1712074024368,643
1712074025011,623
1712074025633,612
1712074026246,619
1712074026865,629
1712074027494,633
1712074028127,619
1712074028745,619
1712074029365,632
1712074029997,641
1712074030638,631
1712074031269,617
1712074031886,624
1712074032510,622
1712074033132,621
1712074033753,615
1712074034368,627
1712074034995,638
1712074035633,647
1712074036280,625
1712074036905,628
1712074037533,638
1712074038171,645
1712074038816,627
1712074039443,624
1712074040067,636
1712074040703,641
1712074041344,642
1712074041985,627
1712074042613,640
1712074043253,650
1712074043903,638
1712074044541,631
1712074045172,653
1712074045825,636
1712074046461,635
1712074047096,630
1712074047726,639
1712074048365,636
1712074049001,634
1712074049635,619
1712074050254,616
1712074050870,619
1712074051489,625
1712074052113,622
1712074052736,617
1712074053353,610
1712074053963,622
1712074054585,634
1712074055219,629
1712074055848,610
1712074056457,621
1712074057079,628
1712074057707,622
1712074058329,619
1712074058948,616
1712074059564,623
1712074060187,625
1712074060812,619
1712074061431,608
1712074062039,610
1712074062649,614
1712074063263,623
1712074063886,623
1712074064509,619
1712074065128,629
1712074065757,642
1712074066399,635
1712074067033,627
1712074067661,619
1712074068280,635
1712074068915,635
1712074069550,626
1712074070176,625
1712074070801,625
1712074071425,628
1712074072054,633
1712074072687,618
1712074073305,608
1712074073913,616
1712074074529,615
1712074075144,610
1712074075753,609
1712074076363,614
1712074076977,619
1712074077596,625
1712074078221,637
1712074078857,621
1712074079479,623
1712074080102,633
1712074080735,633
1712074081368,620
1712074081988,613
1712074082601,625
1712074083225,631
1712074083857,616
1712074084473,611
1712074085084,617
1712074085701,632
1712074086333,631
1712074086964,618
1712074087582,639
1712074088221,630
1712074088851,624
1712074089475,614
1712074090089,631
1712074090720,629
1712074091349,630
1712074091979,617
1712074092596,628
1712074093224,625
1712074093849,620
1712074094469,611
1712074095080,624
1712074095704,631
1712074096335,637
1712074096972,619
1712074097591,629
1712074098220,627
1712074098847,627
1712074099473,611
1712074100085,612
1712074100697,625
1712074101321,620
1712074101942,616
1712074102558,610
1712074103168,619
1712074103787,627
1712074104414,634
1712074105048,635
1712074105683,665
1712074106348,657
1712074107005,653
1712074107657,643
1712074108301,625
1712074108926,619
1712074109545,607
1712074110152,594
1712074110745,590
1712074111336,601
1712074111937,614
1712074112551,626
1712074113177,617
1712074113793,638
1712074114432,656
1712074115088,684
1712074115772,664
1712074116436,655
1712074117091,669
1712074117760,658
1712074118417,641
1712074119059,638
1712074119697,632
1712074120329,628
1712074120957,612
1712074121569,608
1712074122177,614
1712074122791,619
1712074123409,613
1712074124023,611
1712074124633,624
1712074125257,625
1712074125883,628
1712074126511,616
1712074127127,617
1712074127744,629
1712074128373,629
1712074129001,619
1712074129621,612
1712074130233,626
1712074130859,629
1712074131488,614
1712074132102,619
1712074132721,629
1712074133350,627
1712074133977,619
1712074134596,617
1712074135213,617
1712074135830,620
1712074136449,621
1712074137071,617
1712074137688,615
1712074138303,620
1712074138923,634
1712074139557,624
1712074140181,629
1712074140809,641
1712074141451,646
1712074142097,624
1712074142721,619
1712074143340,624
1712074143964,631
1712074144595,622
1712074145217,620
1712074145837,623
1712074146460,644
1712074147104,646
1712074147750,635
1712074148385,628
1712074149013,629
1712074149641,641
1712074150283,638
1712074150921,622
1712074151543,617
1712074152160,632
1712074152792,660
1712074153452,646
1712074154097,627
1712074154725,632
1712074155357,641
1712074155998,637
1712074156635,624
1712074157259,616
1712074157875,614
1712074158489,618
1712074159107,618
1712074159725,605
1712074160329,606
1712074160936,590
1712074161526,597
1712074162123,599
1712074162721,598
1712074163320,604
1712074163924,619
1712074164543,633
1712074165176,647
1712074165823,630
1712074166453,636
1712074167089,640
1712074167729,642
1712074168371,627
1712074168998,628
1712074169625,642
1712074170268,646
1712074170913,646
1712074171560,640
1712074172200,615
1712074172815,604
1712074173419,618
1712074174037,628
1712074174665,641
1712074175305,641
1712074175947,646
1712074176593,654
1712074177247,647
1712074177894,654
1712074178548,657
1712074179205,657
1712074179862,655
1712074180517,642
1712074181159,629
1712074181788,637
1712074182425,636
1712074183061,650
1712074183711,646
1712074184357,638
1712074184995,653
1712074185648,664
1712074186312,678
1712074186990,676
1712074187665,666
1712074188332,665
1712074188997,672
1712074189669,657
1712074190326,652
1712074190977,660
1712074191638,668
1712074192305,656
1712074192961,661
1712074193623,671
1712074194294,663
1712074194957,655
1712074195612,661
1712074196273,672
1712074196945,677
1712074197622,655
1712074198277,651
1712074198928,648
1712074199576,650
1712074200225,641
1712074200867,620
1712074201487,624
1712074202111,632
1712074202743,631
1712074203374,625
1712074203999,617
1712074204616,620
1712074205236,620
1712074205856,630
1712074206486,632
1712074207118,622
1712074207740,617
1712074208357,628
1712074208985,634
1712074209619,633
1712074210252,623
1712074210875,629
1712074211504,637
1712074212141,646
1712074212787,634
1712074213421,634
1712074214055,633
1712074214688,625
1712074215313,611
1712074215924,601
1712074216525,596
1712074217121,610
1712074217731,624
1712074218355,625
1712074218980,626
1712074219606,640
1712074220246,640
1712074220886,633
1712074221519,622
1712074222141,614
1712074222755,609
1712074223364,602
1712074223966,592
1712074224558,577
1712074225135,571
1712074225705,576
1712074226281,589
1712074226871,593
1712074227464,598
1712074228062,592
1712074228654,592
1712074229246,590
1712074229836,598
1712074230433,590
1712074231024,582
1712074231606,589
1712074232195,593
1712074232788,592
1712074233380,592
1712074233972,589
1712074234561,600
1712074235161,611
1712074235772,635
1712074236407,622
1712074237029,633
1712074237662,632
1712074238294,656
1712074238950,623
1712074239573,618
1712074240191,635
1712074240825,645
1712074241471,643
1712074242113,620
1712074242734,622
1712074243356,628
1712074243984,629
1712074244613,611
1712074245224,615
1712074245839,627
1712074246465,636
1712074247102,624
1712074247726,619
1712074248345,626
1712074248971,635
1712074249606,633
1712074250239,621
1712074250860,628
1712074251488,631
1712074252119,624
1712074252743,613
1712074253356,610
1712074253966,620
1712074254585,622
1712074255208,633
1712074255841,622
1712074256463,623
1712074257086,642
1712074257728,647
1712074258375,637
1712074259012,646
1712074259657,657
1712074260315,639
1712074260953,622
1712074261576,622
1712074262198,616
1712074262814,614
1712074263428,603
1712074264031,601
1712074264632,612
1712074265244,610
1712074265854,606
1712074266460,590
1712074267049,581
1712074267631,579
1712074268209,582
1712074268792,597
1712074269389,600
1712074269989,608
1712074270597,626
1712074271223,637
1712074271860,622
1712074272481,618
1712074273100,630
1712074273729,630
1712074274360,618
1712074274977,605
1712074275583,604
1712074276187,603
1712074276790,603
1712074277393,594
1712074277987,590
1712074278577,586
1712074279163,583
1712074279745,574
1712074280320,572
1712074280892,585
1712074281477,594
1712074282071,594
1712074282665,624
1712074283289,618
1712074283907,614
1712074284521,617
1712074285137,625
1712074285763,629
1712074286392,621
1712074287013,610
1712074287623,606
1712074288229,619
1712074288848,622
1712074289470,625
1712074290095,626
1712074290721,646
1712074291367,642
1712074292009,632
1712074292641,623
1712074293264,640
1712074293904,630
1712074294534,624
1712074295158,613
1712074295771,628
1712074296399,641
1712074297040,659
1712074297699,633
1712074298332,626
1712074298958,639
1712074299597,641
1712074300238,639
1712074300877,609
1712074301486,602
1712074302088,602
1712074302689,591
1712074303281,590
1712074303871,586
1712074304457,604
1712074305061,610
1712074305671,610
1712074306281,601
1712074306881,612
1712074307494,615
1712074308109,621
1712074308729,608
1712074309337,604
1712074309942,608
1712074310550,612
1712074311161,613
1712074311775,601
1712074312376,603
1712074312979,610
1712074313589,613
1712074314201,602
1712074314804,608
1712074315412,620
1712074316032,627
1712074316659,620
1712074317279,624
1712074317903,635
1712074318537,635
1712074319173,628
1712074319801,638
1712074320439,650
1712074321089,644
1712074321733,621
1712074322353,614
1712074322968,615
1712074323583,609
1712074324192,599
1712074324791,603
1712074325393,610
1712074326004,610
1712074326614,606
1712074327220,618
1712074327838,623
1712074328461,629
1712074329089,617
1712074329707,627
1712074330334,640
1712074330974,629
1712074331603,623
1712074332225,630
1712074332856,633
1712074333489,618
1712074334107,615
1712074334721,613
1712074335335,625
1712074335960,634
1712074336593,618
1712074337212,623
1712074337835,626
1712074338461,626
1712074339087,621
1712074339708,618
1712074340326,593
1712074340919,587
1712074341505,587
1712074342093,574
1712074342667,573
1712074343240,579
1712074343819,588
1712074344407,592
1712074344999,597
1712074345596,586
1712074346182,595
1712074346777,602
1712074347379,598
1712074347977,592
1712074348569,591
1712074349160,595
1712074349755,604
1712074350359,596
1712074350955,603
1712074351558,598
1712074352156,611
1712074352767,616
1712074353383,620
1712074354003,626
1712074354629,629
1712074355257,627
1712074355885,616
1712074356501,619
1712074357120,616
1712074357736,617
1712074358353,607
1712074358960,604
1712074359564,611
1712074360175,630
1712074360805,633
1712074361438,632
1712074362070,638
1712074362708,654
1712074363361,639
1712074364001,628
1712074364629,627
1712074365256,648
1712074365904,648
1712074366552,634
1712074367185,627
1712074367813,634
1712074368447,631
1712074369078,638
1712074369716,620
1712074370336,636
1712074370972,638
1712074371609,641
1712074372251,635
1712074372886,649
1712074373535,655
1712074374190,649
1712074374839,630
1712074375469,632
1712074376101,626
1712074376727,637
1712074377364,631
1712074377995,612
1712074378607,626
1712074379233,637
1712074379870,630
1712074380500,630
1712074381129,637
1712074381767,640
1712074382407,634
1712074383041,621
1712074383662,617
1712074384279,626
1712074384905,627
1712074385532,613
1712074386145,591
1712074386736,574
1712074387310,573
1712074387883,587
1712074388470,604
1712074389073,619
1712074389693,640
1712074390333,625
1712074390958,619
1712074391577,638
1712074392215,642
1712074392857,629
1712074393486,615
1712074394101,613
1712074394713,612
1712074395326,608
1712074395934,598
1712074396532,602
1712074397134,604
1712074397737,608
1712074398345,609
1712074398955,599
1712074399553,598
1712074400152,601
1712074400753,609
1712074401361,604
1712074401966,608
1712074402574,620
1712074403193,620
1712074403814,619
1712074404433,610
1712074405043,613
1712074405656,620
1712074406276,613
1712074406889,605
1712074407494,598
1712074408092,603
1712074408695,609
1712074409304,613
1712074409917,605
1712074410521,606
1712074411128,611
1712074411739,615
1712074412353,612
1712074412966,605
1712074413571,604
1712074414175,610
1712074414785,609
1712074415393,611
1712074416005,612
1712074416617,615
1712074417232,632
1712074417864,634
1712074418497,622
1712074419120,619
1712074419739,623
1712074420361,623
1712074420985,617
1712074421601,612
1712074422214,603
1712074422817,611
1712074423428,623
1712074424051,634
1712074424685,648
1712074425333,634
1712074425967,640
1712074426607,651
1712074427257,646
1712074427904,636
1712074428540,639
1712074429179,647
1712074429825,629
1712074430455,620
1712074431075,627
1712074431702,626
1712074432328,619
1712074432947,610
1712074433557,614
1712074434171,626
1712074434797,630
1712074435427,623
1712074436049,613
1712074436663,620
1712074437283,617
1712074437900,610
1712074438510,612
1712074439121,615
1712074439737,607
1712074440344,594
1712074440937,590
1712074441528,600
1712074442128,604
1712074442732,599
1712074443331,597
1712074443928,615
1712074444543,616
1712074445159,613
1712074445772,607
1712074446379,614
1712074446993,611
1712074447604,601
1712074448205,597
1712074448801,594
1712074449396,599
1712074449995,601
1712074450596,594
1712074451190,591
1712074451781,603
1712074452384,603
1712074452987,603
1712074453590,604
1712074454193,601
1712074454795,613
1712074455408,613
1712074456021,604
1712074456625,605
1712074457230,613
1712074457843,616
1712074458459,605
1712074459064,603
1712074459667,604
1712074460271,599
1712074460870,586
1712074461456,576
1712074462032,588
1712074462620,595
1712074463215,605
1712074463820,604
1712074464424,613
1712074465037,606
1712074465643,622
1712074466265,611
1712074466876,627
1712074467503,619
1712074468121,600
1712074468721,592
1712074469313,585
1712074469899,573
1712074470472,570
1712074471041,573
1712074471615,571
1712074472185,572
1712074472758,584
1712074473342,584
1712074473926,575
1712074474501,577
1712074475078,586
1712074475664,604
1712074476268,617
1712074476885,609
1712074477494,605
1712074478099,624
1712074478723,630
1712074479353,623
1712074479976,613
1712074480589,618
1712074481207,622
1712074481829,614
1712074482443,611
1712074483054,626
1712074483680,634
1712074484313,619
1712074484933,623
1712074485556,631
1712074486187,634
1712074486821,633
1712074487454,622
1712074488076,616
1712074488692,621
1712074489313,621
1712074489934,608
1712074490542,608
1712074491150,613
1712074491763,625
1712074492388,616
1712074493004,610
1712074493614,622
1712074494236,636
1712074494872,643
1712074495515,628
1712074496143,639
1712074496782,639
1712074497421,634
1712074498055,623
1712074498678,627
1712074499305,623
1712074499928,630
1712074500558,615
1712074501173,608
1712074501781,615
1712074502396,619
1712074503015,613
1712074503628,606
1712074504233,604
1712074504838,616
1712074505454,627
1712074506081,624
1712074506705,610
1712074507315,616
1712074507931,614
1712074508545,616
1712074509161,603
1712074509764,589
1712074510353,589
1712074510942,584
1712074511526,596
1712074512121,590
1712074512712,583
1712074513295,600
1712074513895,614
1712074514509,611
1712074515120,609
1712074515729,605
1712074516334,603
1712074516937,611
1712074517548,608
1712074518156,614
1712074518769,610
1712074519380,599
1712074519979,598
1712074520577,606
1712074521183,602
1712074521785,605
1712074522390,599
1712074522989,594
1712074523583,605
1712074524188,615
1712074524803,615
1712074525417,606
1712074526024,612
1712074526636,615
1712074527251,615
1712074527865,609
1712074528475,618
1712074529093,624
1712074529717,615
1712074530332,601
1712074530933,590
1712074531523,591
1712074532113,601
1712074532715,603
1712074533318,603
1712074533921,615
1712074534536,623
1712074535159,625
1712074535784,620
1712074536404,619
1712074537023,604
1712074537627,610
1712074538237,612
1712074538849,610
1712074539459,608
1712074540067,613
1712074540680,600
1712074541280,593
1712074541873,577
1712074542449,576
1712074543025,570
1712074543596,563
1712074544159,558
1712074544717,557
1712074545273,561
1712074545835,559
1712074546393,571
1712074546965,569
1712074547534,552
1712074548086,559
1712074548645,566
1712074549211,582
1712074549793,607
1712074550400,628
1712074551028,618
1712074551646,623
1712074552269,613
1712074552881,602
1712074553484,589
1712074554073,571
1712074554644,574
1712074555217,589
1712074555807,596
1712074556403,616
1712074557019,622
1712074557641,628
1712074558269,604
1712074558873,604
1712074559477,618
1712074560095,618
1712074560713,624
1712074561337,623
1712074561960,603
1712074562563,592
1712074563155,591
1712074563745,604
1712074564350,609
1712074564959,597
1712074565556,608
1712074566164,631
1712074566795,648
1712074567443,657
1712074568100,658
1712074568758,653
1712074569411,630
1712074570041,609
1712074570649,601
1712074571251,590
1712074571841,597
1712074572438,619
1712074573057,647
1712074573704,674
1712074574377,676
1712074575054,670
1712074575724,661
1712074576385,643
1712074577028,663
1712074577691,652
1712074578343,643
1712074578985,648
1712074579633,643
1712074580277,638
1712074580915,610
1712074581525,619
1712074582144,607
1712074582751,622
1712074583373,655
1712074584028,689
1712074584717,688
1712074585405,714
1712074586119,696
1712074586815,684
1712074587499,659
1712074588158,639
1712074588797,639
1712074589436,650
1712074590086,648
1712074590734,632
1712074591366,660
1712074592025,675
1712074592701,687
1712074593388,680
1712074594068,674
1712074594742,640
1712074595382,650
1712074596032,665
1712074596697,669
1712074597366,639
1712074598005,632
1712074598637,617
1712074599254,616
1712074599870,664
1712074600534,657
1712074601191,659
1712074601849,661
1712074602511,662
1712074603173,654
1712074603827,624
1712074604451,628
1712074605079,608
1712074605687,625
1712074606312,646
1712074606958,664
1712074607622,686
1712074608308,691
1712074608999,698
1712074609697,692
1712074610389,681
1712074611070,678
1712074611748,650
1712074612398,661
1712074613059,644
1712074613703,647
1712074614350,667
1712074615017,668
1712074615685,670
1712074616355,638
1712074616993,636
1712074617629,642
1712074618271,662
1712074618933,652
1712074619585,681
1712074620265,677
1712074620943,677
1712074621620,653
1712074622273,663
1712074622936,629
1712074623565,632
1712074624197,640
1712074624837,651
1712074625488,662
1712074626150,654
1712074626804,652
1712074627456,642
1712074628097,630
1712074628728,630
1712074629358,646
1712074630004,668
1712074630672,665
1712074631337,657
1712074631993,657
1712074632651,651
1712074633302,654
1712074633956,654
1712074634609,635
1712074635245,648
1712074635893,667
1712074636560,651
1712074637211,646
1712074637857,652
1712074638509,669
1712074639177,679
1712074639857,688
1712074640545,693
1712074641238,694
1712074641932,672
1712074642604,646
1712074643249,642
1712074643892,654
1712074644545,656
1712074645201,655
1712074645857,658
1712074646515,650
1712074647165,653
1712074647817,671
1712074648489,653
1712074649142,664
1712074649806,670
1712074650476,644
1712074651120,645
1712074651765,639
1712074652404,668
1712074653072,673
1712074653745,702
1712074654447,686
1712074655133,690
1712074655823,695
1712074656518,694
1712074657212,684
1712074657896,680
1712074658576,672
1712074659248,652
1712074659900,653
1712074660553,665
1712074661217,659
1712074661877,654
1712074662531,682
1712074663213,696
1712074663909,674
1712074664583,677
1712074665260,646
1712074665905,660
1712074666566,654
1712074667220,674
1712074667894,663
1712074668557,677
1712074669233,700
1712074669934,710
1712074670644,708
1712074671352,705
1712074672057,691
1712074672748,676
1712074673424,683
1712074674107,685
1712074674792,675
1712074675467,677
1712074676144,678
1712074676822,672
1712074677494,630
1712074678124,628
1712074678752,622
1712074679374,650
1712074680024,661
1712074680685,674
1712074681359,689
1712074682048,678
1712074682726,688
1712074683414,682
1712074684096,686
1712074684782,671
1712074685453,673
1712074686126,671
1712074686797,665
1712074687462,657
1712074688119,682
1712074688801,712
1712074689513,715
1712074690228,695
1712074690923,689
1712074691612,637
1712074692249,649
1712074692897,675
1712074693573,688
1712074694261,689
1712074694950,665
1712074695615,643
1712074696257,640
1712074696897,646
1712074697544,665
1712074698209,706
1712074698915,697
1712074699612,688
1712074700300,690
1712074700990,692
1712074701681,694
1712074702376,707
1712074703083,706
1712074703789,693
1712074704481,728
1712074705209,727
1712074705937,727
1712074706664,738
1712074707401,734
1712074708136,709
1712074708845,689
1712074709534,662
1712074710196,636
1712074710832,632
1712074711464,642
1712074712105,670
1712074712776,712
1712074713488,743
1712074714231,746
1712074714977,749
1712074715726,735
1712074716461,738
1712074717199,741
1712074717940,724
1712074718664,667
1712074719331,671
1712074720001,637
1712074720639,656
1712074721295,667
1712074721961,676
1712074722638,647
1712074723285,646
1712074723931,664
1712074724595,632
1712074725227,652
1712074725879,667
1712074726545,675
1712074727221,676
1712074727897,669
1712074728566,693
1712074729259,676
1712074729935,636
1712074730571,628
1712074731199,619
1712074731817,606
1712074732424,627
1712074733051,672
1712074733723,696
1712074734419,715
1712074735134,719
1712074735853,715
1712074736568,704
1712074737272,699
1712074737971,678
1712074738649,648
1712074739297,651
1712074739948,655
1712074740603,655
1712074741257,650
1712074741908,653
1712074742561,670
1712074743231,658
1712074743889,646
1712074744535,649
1712074745184,634
1712074745817,612
1712074746430,623
1712074747053,644
1712074747697,635
1712074748332,628
1712074748960,643
1712074749603,636
1712074750239,659
1712074750897,665
1712074751563,648
1712074752211,667
1712074752878,681
1712074753559,677
1712074754236,673
1712074754909,655
1712074755564,639
1712074756203,620
1712074756823,621
1712074757444,634
1712074758078,644
1712074758721,655
1712074759377,672
1712074760049,676
1712074760725,689
1712074761414,712
1712074762126,720
1712074762846,708
1712074763553,692
1712074764246,676
1712074764921,660
1712074765582,655
1712074766237,645
1712074766881,625
1712074767507,637
1712074768144,643
1712074768787,666
1712074769453,723
1712074770176,756
1712074770932,767
1712074771699,770
1712074772469,733
1712074773201,752
1712074773953,746
1712074774700,741
1712074775441,742
1712074776183,730
1712074776913,722
1712074777635,699
1712074778334,709
1712074779043,694
1712074779737,690
1712074780427,679
1712074781105,661
1712074781767,669
1712074782436,699
1712074783135,715
1712074783849,735
1712074784585,717
1712074785302,690
1712074785992,683
1712074786675,659
1712074787334,642
1712074787976,636
1712074788612,644
1712074789256,648
1712074789904,660
1712074790564,674
1712074791238,668
1712074791905,682
1712074792588,673
1712074793261,671
1712074793932,676
1712074794608,685
1712074795293,681
1712074795974,677
1712074796651,685
1712074797336,667
1712074798003,670
1712074798673,652
1712074799325,635
1712074799960,639
1712074800599,648
1712074801247,677
1712074801924,658
1712074802582,676
1712074803257,679
1712074803937,672
1712074804609,667
1712074805276,682
1712074805958,663
1712074806621,657
1712074807278,647
1712074807925,639
1712074808564,635
1712074809199,645
1712074809844,649
1712074810493,661
1712074811153,677
1712074811831,701
1712074812532,696
1712074813228,694
1712074813921,681
1712074814603,662
1712074815265,667
1712074815932,667
1712074816599,659
1712074817257,654
1712074817912,666
1712074818577,667
1712074819245,684
1712074819929,700
1712074820629,709
1712074821337,693
1712074822031,690
1712074822721,696
1712074823417,686
1712074824103,681
1712074824784,684
1712074825468,676
1712074826144,656
1712074826800,647
1712074827447,663
1712074828110,703
1712074828813,731
1712074829544,704
1712074830248,706
1712074830953,709
1712074831663,673
1712074832336,663
1712074832999,677
1712074833676,664
1712074834340,664
1712074835004,654
1712074835657,662
1712074836320,660
1712074836980,653
1712074837633,651
1712074838284,646
1712074838929,648
1712074839577,658
1712074840236,668
1712074840904,679
1712074841583,679
1712074842262,696
1712074842958,692
1712074843649,690
1712074844340,667
1712074845007,654
1712074845661,639
1712074846300,637
1712074846937,656
1712074847593,699
1712074848292,742
1712074849033,755
1712074849789,751
1712074850540,718
1712074851257,722
1712074851980,704
1712074852684,680
1712074853364,673
1712074854037,659
1712074854696,656
1712074855352,694
1712074856046,708
1712074856753,734
1712074857488,753
1712074858241,736
1712074858977,797
1712074859774,763
1712074860537,769
1712074861305,741
1712074862047,728
1712074862775,729
1712074863504,700
1712074864204,694
1712074864897,684
1712074865582,674
1712074866256,682
1712074866937,676
1712074867614,670
1712074868284,660
1712074868944,663
1712074869607,664
1712074870271,660
1712074870931,660
1712074871591,660
1712074872251,656
1712074872907,653
1712074873560,664
1712074874224,658
1712074874881,667
1712074875549,690
1712074876239,694
1712074876933,682
1712074877615,680
1712074878295,681
1712074878976,678
1712074879654,679
1712074880333,679
1712074881012,659
1712074881671,662
1712074882333,650
1712074882983,644
1712074883627,622
1712074884249,612
1712074884861,609
1712074885470,599
1712074886069,620
1712074886689,637
1712074887326,637
1712074887963,645
1712074888608,670
1712074889278,667
1712074889945,671
1712074890616,668
1712074891284,688
1712074891972,668
1712074892640,666
1712074893305,659
1712074893965,671
1712074894636,676
1712074895312,663
1712074895975,676
1712074896651,680
1712074897331,667
1712074897998,670
1712074898668,675
1712074899343,665
1712074900008,654
1712074900662,656
1712074901318,675
1712074901993,660
1712074902653,662
1712074903315,687
1712074904001,674
1712074904676,659
1712074905335,667
1712074906001,652
1712074906654,653
1712074907307,646
1712074907953,669
1712074908622,665
1712074909287,669
1712074909956,671
1712074910627,685
1712074911312,676
1712074911988,661
1712074912649,655
1712074913304,682
1712074913985,662
1712074914648,664
1712074915312,667
1712074915979,658
1712074916637,649
1712074917286,655
1712074917941,652
1712074918593,644
1712074919237,664
1712074919901,653
1712074920553,654
1712074921208,680
1712074921888,672
1712074922560,664
1712074923224,650
1712074923873,656
1712074924529,650
1712074925180,665
1712074925845,668
1712074926513,654
1712074927167,653
1712074927820,666
1712074928486,657
1712074929143,676
1712074929819,653
1712074930472,651
1712074931123,658
1712074931781,646
1712074932427,662
1712074933089,673
1712074933761,699
1712074934461,712
1712074935173,716
1712074935889,689
1712074936577,683
1712074937261,690
1712074937951,690
1712074938641,681
1712074939321,671
1712074939993,657
1712074940649,671
1712074941321,676
1712074941997,673
1712074942670,690
1712074943360,674
1712074944033,657
1712074944691,660
1712074945351,661
1712074946012,662
1712074946673,662
1712074947336,672
1712074948008,653
1712074948661,670
1712074949331,683
1712074950014,690
1712074950704,683
1712074951387,670
1712074952057,672
1712074952729,654
1712074953383,649
1712074954032,657
1712074954689,641
1712074955329,622
1712074955952,624
1712074956576,629
1712074957205,625
1712074957830,646
1712074958476,655
1712074959131,627
1712074959758,632
1712074960390,635
1712074961025,636
1712074961661,636
1712074962297,631
1712074962928,626
1712074963553,640
1712074964193,640
1712074964833,625
1712074965459,621
1712074966080,630
1712074966710,620
1712074967329,625
1712074967955,615
1712074968569,616
1712074969185,616
1712074969801,624
1712074970425,640
1712074971065,633
1712074971699,624
1712074972323,641
1712074972964,652
1712074973616,681
1712074974297,666
1712074974963,682
1712074975645,678
1712074976323,676
1712074976999,658
1712074977657,646
1712074978303,663
1712074978966,644
1712074979609,631
1712074980241,627
1712074980868,642
1712074981510,640
1712074982150,631
1712074982781,630
1712074983411,638
1712074984049,639
1712074984688,637
1712074985325,630
1712074985955,645
1712074986600,646
1712074987246,629
1712074987875,627
1712074988502,642
1712074989144,646
1712074989790,648
1712074990438,642
1712074991080,660
1712074991740,656
1712074992396,646
1712074993041,635
1712074993677,632
1712074994309,624
1712074994933,627
1712074995560,619
1712074996179,624
1712074996803,632
1712074997435,641
1712074998076,638
1712074998713,633
1712074999347,647
1712074999993,648
1712075000641,657
1712075001299,647
1712075001945,660
1712075002606,669
1712075003275,682
1712075003957,664
1712075004621,674
1712075005295,676
1712075005971,654
1712075006625,646
1712075007271,659
1712075007929,652
1712075008582,641
1712075009223,635
1712075009857,637
1712075010495,641
1712075011136,623
1712075011759,620
1712075012379,616
1712075012995,595
1712075013590,598
1712075014188,603
1712075014791,602
1712075015393,609
1712075016001,623
1712075016625,616
1712075017241,618
1712075017859,638
1712075018497,638
1712075019135,637
1712075019772,630
1712075020401,643
1712075021045,641
1712075021686,639
1712075022325,621
1712075022945,618
1712075023564,616
1712075024180,609
1712075024789,594
1712075025383,591
1712075025974,600
1712075026574,607
1712075027181,611
1712075027792,618
1712075028409,646
1712075029056,687
1712075029743,686
1712075030429,684
1712075031113,700
1712075031813,707
1712075032520,680
1712075033200,697
1712075033897,676
1712075034573,667
1712075035240,660
1712075035900,667
1712075036567,661
1712075037228,649
1712075037877,660
1712075038537,668
1712075039205,669
1712075039873,670
1712075040544,677
1712075041221,681
1712075041902,685
1712075042587,675
1712075043262,687
1712075043949,679
1712075044628,672
1712075045300,683
1712075045983,696
1712075046679,666
1712075047345,682
1712075048027,676
1712075048703,654
1712075049357,646
1712075050003,661
1712075050664,651
1712075051315,632
1712075051947,641
1712075052588,640
1712075053228,640
1712075053868,644
1712075054512,669
1712075055181,670
1712075055851,655
1712075056505,659
1712075057165,661
1712075057825,656
1712075058481,639
1712075059121,636
1712075059757,624
1712075060381,606
1712075060987,600
1712075061587,591
1712075062177,586
1712075062764,573
1712075063337,567
1712075063904,565
1712075064469,569
1712075065038,562
1712075065600,556
1712075066156,555
1712075066711,551
1712075067262,546
1712075067808,546
1712075068353,549
1712075068903,547
1712075069449,555
1712075070005,564
1712075070569,599
1712075071168,636
1712075071804,633
1712075072437,620
1712075073057,606
1712075073663,596
1712075074259,591
1712075074849,580
1712075075430,588
1712075076017,614
1712075076632,632
1712075077264,643
1712075077907,640
1712075078547,672
1712075079219,692
1712075079911,714
1712075080625,709
1712075081334,689
1712075082023,662
1712075082685,655
1712075083340,661
1712075084001,668
1712075084669,659
1712075085328,649
1712075085977,667
1712075086644,671
1712075087315,678
1712075087993,672
1712075088665,663
1712075089328,664
1712075089992,663
1712075090655,658
1712075091313,655
1712075091968,659
1712075092627,669
1712075093296,667
1712075093963,662
1712075094625,656
1712075095281,665
1712075095945,667
1712075096613,653
1712075097265,656
1712075097921,651
1712075098573,636
1712075099209,627
1712075099836,613
1712075100449,611
1712075101060,618
1712075101678,625
1712075102303,627
1712075102929,646
1712075103576,647
1712075104223,653
1712075104876,666
1712075105542,661
1712075106203,647
1712075106849,642
1712075107492,650
1712075108142,658
1712075108800,653
1712075109453,652
1712075110105,659
1712075110764,663
1712075111427,679
1712075112105,671
1712075112777,687
1712075113464,682
1712075114145,675
1712075114821,659
1712075115480,661
1712075116141,666
1712075116807,656
1712075117463,650
1712075118113,666
1712075118779,680
1712075119459,688
1712075120147,679
1712075120825,691
1712075121517,687
1712075122204,669
1712075122873,648
1712075123521,657
1712075124177,660
1712075124838,652
1712075125489,655
1712075126145,670
1712075126815,671
1712075127486,649
1712075128135,652
1712075128787,658
1712075129445,653
1712075130097,646
1712075130744,654
1712075131398,658
1712075132056,664
1712075132720,656
1712075133376,663
1712075134039,652
1712075134691,646
1712075135337,646
1712075135983,660
1712075136643,649
1712075137292,646
1712075137937,647
1712075138585,655
1712075139240,660
1712075139900,651
1712075140551,665
1712075141216,684
1712075141900,668
1712075142568,650
1712075143217,643
1712075143861,623
1712075144484,618
1712075145102,604
1712075145705,614
1712075146320,622
1712075146942,615
1712075147557,614
1712075148171,626
1712075148797,625
1712075149422,624
1712075150046,619
1712075150665,621
1712075151286,625
1712075151911,624
1712075152535,610
1712075153145,611
1712075153756,616
1712075154372,621
1712075154993,620
1712075155613,629
1712075156241,652
1712075156894,658
1712075157552,646
1712075158198,669
1712075158867,665
1712075159532,663
1712075160195,657
1712075160852,679
1712075161531,683
1712075162214,680
1712075162894,647
1712075163541,651
1712075164192,656
1712075164848,651
1712075165499,641
1712075166140,642
1712075166782,631
1712075167413,646
1712075168059,620
1712075168679,642
1712075169321,635
1712075169956,625
1712075170581,628
1712075171209,627
1712075171836,615
1712075172451,604
1712075173055,604
1712075173659,612
1712075174271,593
1712075174864,610
1712075175473,631
1712075176105,625
1712075176729,636
1712075177366,641
1712075178007,649
1712075178656,644
1712075179300,658
1712075179958,658
1712075180616,661
1712075181277,641
1712075181918,651
1712075182569,657
1712075183225,657
1712075183883,645
1712075184528,646
1712075185174,661
1712075185835,650
1712075186485,650
1712075187135,659
1712075187793,655
1712075188449,643
1712075189092,642
1712075189734,652
1712075190385,653
1712075191039,652
1712075191691,653
1712075192344,670
1712075193014,671
1712075193685,649
1712075194334,638
1712075194972,641
1712075195613,637
1712075196249,631
1712075196881,628
1712075197509,635
1712075198144,642
1712075198785,649
1712075199435,646
1712075200081,666
1712075200747,665
1712075201412,654
1712075202065,652
1712075202718,657
1712075203375,653
1712075204028,645
1712075204673,637
1712075205310,645
1712075205955,653
1712075206608,643
1712075207251,634
1712075207885,645
1712075208529,664
1712075209193,648
1712075209841,644
1712075210486,652
1712075211137,646
1712075211784,645
1712075212429,637
1712075213065,643
1712075213709,633
1712075214342,627
1712075214969,630
1712075215599,629
1712075216228,632
1712075216860,629
1712075217489,629
1712075218118,636
1712075218753,631
1712075219385,631
1712075220016,637
1712075220653,628
1712075221281,608
1712075221889,604
1712075222493,612
1712075223105,615
1712075223720,609
1712075224329,614
1712075224943,631
1712075225574,646
1712075226220,636
1712075226856,625
1712075227481,644
1712075228125,639
1712075228764,631
1712075229395,622
1712075230017,625
1712075230641,622
1712075231264,608
1712075231872,598
1712075232470,599
1712075233069,595
1712075233664,592
1712075234256,587
1712075234843,585
1712075235428,594
1712075236022,607
1712075236629,614
1712075237243,613
1712075237856,646
1712075238502,659
1712075239161,654
1712075239815,652
1712075240467,681
1712075241148,683
1712075241831,657
1712075242488,666
1712075243153,666
1712075243820,649
1712075244469,636
1712075245105,643
1712075245748,639
1712075246387,636
1712075247023,629
1712075247652,643
1712075248295,647
1712075248942,655
1712075249597,637
1712075250233,638
1712075250872,644
1712075251516,640
1712075252156,627
1712075252783,629
1712075253412,632
1712075254044,626
1712075254670,624
1712075255294,633
1712075255927,638
1712075256565,649
1712075257214,647
1712075257861,649
1712075258510,652
1712075259161,658
1712075259820,643
1712075260463,653
1712075261116,647
1712075261763,649
1712075262412,644
1712075263056,638
1712075263694,651
1712075264345,647
1712075264992,636
1712075265628,642
1712075266270,656
1712075266926,663
1712075267589,648
1712075268237,666
1712075268903,652
1712075269555,643
1712075270198,641
1712075270839,662
1712075271501,650
1712075272151,634
1712075272785,620
1712075273405,618
1712075274023,618
1712075274641,625
1712075275265,628
1712075275894,627
1712075276521,644
1712075277165,652
1712075277817,647
1712075278464,643
1712075279107,648
1712075279755,646
1712075280401,635
1712075281036,626
1712075281662,624
1712075282286,628
1712075282913,636
1712075283550,632
1712075284182,646
1712075284828,653
1712075285481,656
1712075286137,639
1712075286776,649
1712075287425,654
1712075288079,654
1712075288733,621
1712075289353,607
1712075289961,605
1712075290566,601
1712075291167,609
1712075291776,623
1712075292399,628
1712075293027,632
1712075293659,623
1712075294281,612
1712075294894,594
1712075295488,591
1712075296079,597
1712075296676,591
1712075297267,592
1712075297859,612
1712075298471,624
1712075299095,627
1712075299721,628
1712075300350,646
1712075300996,625
1712075301621,602
1712075302223,596
1712075302819,603
1712075303422,611
1712075304033,616
1712075304649,617
1712075305265,637
1712075305903,646
1712075306549,642
1712075307191,619
1712075307809,627
1712075308437,611
1712075309048,601
1712075309649,596
1712075310245,597
1712075310841,600
1712075311441,596
1712075312038,614
1712075312652,626
1712075313278,651
1712075313929,638
1712075314567,673
1712075315240,676
1712075315916,690
1712075316606,707
1712075317313,662
1712075317975,642
1712075318617,618
1712075319235,624
1712075319859,620
1712075320479,638
1712075321117,634
1712075321751,633
1712075322384,630
1712075323014,623
1712075323637,602
1712075324239,590
1712075324829,589
1712075325417,604
1712075326022,607
1712075326629,600
1712075327229,593
1712075327822,583
1712075328405,595
1712075329000,615
1712075329615,640
1712075330255,636
1712075330891,629
1712075331520,620
1712075332140,604
1712075332744,613
1712075333357,621
1712075333977,624
1712075334601,618
1712075335220,636
1712075335856,628
1712075336484,613
1712075337097,642
1712075337739,643
1712075338382,650
1712075339032,631
1712075339663,643
1712075340305,643
1712075340949,629
1712075341577,621
1712075342199,638
1712075342837,636
1712075343473,637
1712075344110,628
1712075344737,643
1712075345381,644
1712075346025,642
1712075346667,627
1712075347294,626
1712075347920,634
1712075348553,643
1712075349197,630
1712075349827,657
1712075350484,658
1712075351142,655
1712075351797,641
1712075352438,656
1712075353094,642
1712075353736,622
1712075354358,593
1712075354951,582
1712075355533,582
1712075356115,572
1712075356687,592
1712075357279,618
1712075357897,605
1712075358502,615
1712075359117,631
1712075359748,627
1712075360375,615
1712075360990,612
1712075361601,622
1712075362224,615
1712075362839,600
1712075363439,592
1712075364031,599
1712075364630,593
1712075365223,598
1712075365821,596
1712075366417,614
1712075367031,635
1712075367665,640
1712075368305,638
1712075368944,632
1712075369576,622
1712075370198,617
1712075370815,601
1712075371416,618
1712075372033,622
1712075372656,638
1712075373294,644
1712075373937,620
1712075374558,616
1712075375174,617
1712075375791,645
1712075376436,657
1712075377093,673
1712075377766,689
1712075378455,680
1712075379135,668
1712075379803,654
1712075380457,660
1712075381117,663
1712075381780,691
1712075382471,675
1712075383145,638
1712075383784,633
1712075384417,648
1712075385065,681
1712075385745,731
1712075386477,727
1712075387204,727
1712075387931,720
1712075388651,702
1712075389353,690
1712075390043,683
1712075390726,672
1712075391398,647
1712075392045,621
1712075392665,614
1712075393280,647
1712075393927,681
1712075394608,705
1712075395313,722
1712075396035,715
1712075396750,712
1712075397462,704
1712075398166,655
1712075398821,662
1712075399483,652
1712075400135,624
1712075400759,622
1712075401381,634
1712075402015,668
1712075402683,681
1712075403364,675
1712075404039,659
1712075404697,660
1712075405358,631
1712075405989,623
1712075406612,606
1712075407217,616
1712075407833,635
1712075408469,648
1712075409117,648
1712075409765,656
1712075410421,662
1712075411083,659
1712075411742,647
1712075412389,644
1712075413033,668
1712075413701,663
1712075414364,700
1712075415064,682
1712075415745,645
1712075416391,651
1712075417041,678
1712075417720,702
1712075418422,700
1712075419121,726
1712075419848,716
1712075420564,706
1712075421270,707
1712075421977,701
1712075422678,703
1712075423381,664
1712075424045,663
1712075424708,667
1712075425375,669
1712075426044,670
1712075426713,699
1712075427413,700
1712075428113,704
1712075428817,691
1712075429508,695
1712075430203,673
1712075430876,646
1712075431521,622
1712075432144,611
1712075432755,615
1712075433369,626
1712075433996,657
1712075434653,691
1712075435344,695
1712075436039,690
1712075436729,674
1712075437403,661
1712075438064,650
1712075438713,649
1712075439363,644
1712075440007,624
1712075440631,609
1712075441240,597
1712075441837,586
1712075442423,572
1712075442995,568
1712075443563,575
1712075444137,591
1712075444729,586
1712075445315,587
1712075445902,587
1712075446489,588
1712075447077,594
1712075447671,617
1712075448288,616
1712075448904,646
1712075449550,660
1712075450209,671
1712075450881,669
1712075451550,668
1712075452217,668
1712075452886,663
1712075453549,680
1712075454229,687
1712075454916,727
1712075455643,741
1712075456384,748
1712075457132,754
1712075457886,741
1712075458627,721
1712075459348,684
1712075460032,681
1712075460713,674
1712075461387,677
1712075462064,684
1712075462748,688
1712075463436,694
1712075464129,684
1712075464814,679
1712075465493,699
1712075466192,683
1712075466875,678
1712075467553,696
1712075468249,696
1712075468945,681
1712075469625,682
1712075470308,670
1712075470977,669
1712075471647,683
1712075472329,679
1712075473009,666
1712075473675,660
1712075474335,664
1712075474999,664
1712075475663,664
1712075476327,654
1712075476981,656
1712075477637,650
1712075478287,641
1712075478928,628
1712075479556,625
1712075480181,630
1712075480811,642
1712075481453,668
1712075482121,671
1712075482792,672
1712075483464,678
1712075484142,690
1712075484832,676
1712075485508,672
1712075486180,660
1712075486840,649
1712075487489,664
1712075488153,663
1712075488816,685
1712075489501,670
1712075490171,669
1712075490840,666
1712075491505,683
1712075492189,672
1712075492861,678
1712075493539,696
1712075494235,682
1712075494917,679
1712075495596,675
1712075496271,691
1712075496961,718
1712075497680,703
1712075498383,692
1712075499075,688
1712075499763,697
1712075500460,694
1712075501153,677
1712075501831,683
1712075502513,686
1712075503200,685
1712075503885,678
1712075504563,673
1712075505236,685
1712075505921,694
1712075506615,697
1712075507312,701
1712075508013,703
1712075508716,687
1712075509403,676
1712075510079,663
1712075510742,661
1712075511403,660
1712075512063,657
1712075512720,662
1712075513382,667
1712075514049,675
1712075514724,677
1712075515401,663
1712075516064,657
1712075516721,656
1712075517377,656
1712075518033,663
1712075518696,647
1712075519343,644
1712075519987,650
1712075520637,642
1712075521279,627
1712075521905,630
1712075522536,620
1712075523156,615
1712075523771,615
1712075524385,612
1712075524998,618
1712075525616,633
1712075526249,645
1712075526894,655
1712075527549,665
1712075528214,659
1712075528873,646
1712075529519,651
1712075530169,649
1712075530819,646
1712075531465,642
1712075532107,629
1712075532736,617
1712075533353,628
1712075533981,634
1712075534615,671
1712075535286,673
1712075535959,658
1712075536617,646
1712075537263,661
1712075537924,667
1712075538591,664
1712075539255,676
1712075539931,666
1712075540597,658
1712075541255,645
1712075541900,643
1712075542543,674
1712075543217,671
1712075543888,673
1712075544561,650
1712075545211,651
1712075545862,655
1712075546517,665
1712075547182,643
1712075547825,645
1712075548470,653
1712075549123,691
1712075549814,669
1712075550483,653
1712075551136,641
1712075551777,630
1712075552407,651
1712075553057,659
1712075553717,649
1712075554366,637
1712075555003,623
1712075555625,620
1712075556246,620
1712075556865,632
1712075557497,635
1712075558133,631
1712075558764,622
1712075559385,629
1712075560015,644
1712075560659,663
1712075561321,687
1712075562009,692
1712075562701,699
1712075563400,693
1712075564093,697
1712075564790,692
1712075565481,678
1712075566160,668
1712075566828,678
1712075567505,676
1712075568182,669
1712075568851,668
1712075569519,670
1712075570189,672
1712075570861,661
1712075571521,660
1712075572182,653
1712075572835,642
1712075573477,647
1712075574124,655
1712075574779,661
1712075575440,633
1712075576073,619
1712075576692,616
1712075577308,621
1712075577929,631
1712075578560,637
1712075579197,643
1712075579840,629
1712075580469,624
1712075581093,622
1712075581715,624
1712075582339,616
1712075582955,622
1712075583577,617
1712075584193,621
1712075584815,630
1712075585445,611
1712075586056,604
1712075586660,601
1712075587261,600
1712075587861,609
1712075588470,616
1712075589086,620
1712075589705,630
1712075590336,627
1712075590963,633
1712075591596,639
1712075592235,655
1712075592889,671
1712075593561,664
1712075594225,654
1712075594879,659
1712075595537,656
1712075596193,657
1712075596851,670
1712075597521,674
1712075598195,666
1712075598861,668
1712075599529,652
1712075600181,649
1712075600830,641
1712075601471,646
1712075602117,642
1712075602759,649
1712075603408,652
1712075604060,674
1712075604734,672
1712075605406,670
1712075606076,689
1712075606765,699
1712075607464,699
1712075608163,683
1712075608846,688
1712075609534,678
1712075610212,667
1712075610879,663
1712075611542,659
1712075612201,655
1712075612856,645
1712075613501,665
1712075614166,659
1712075614825,642
1712075615467,618
1712075616085,609
1712075616694,605
1712075617299,596
1712075617895,587
1712075618481,579
1712075619061,578
1712075619639,569
1712075620208,565
1712075620773,565
1712075621337,588
1712075621926,599
1712075622525,620
1712075623145,615
1712075623760,624
1712075624384,617
1712075625001,627
1712075625628,645
1712075626273,656
1712075626929,680
1712075627609,707
1712075628316,707
1712075629023,699
1712075629721,691
1712075630413,666
1712075631079,670
1712075631749,686
1712075632435,692
1712075633127,717
1712075633844,727
1712075634571,745
1712075635316,722
1712075636038,717
1712075636755,699
1712075637454,683
1712075638137,689
1712075638825,704
1712075639529,718
1712075640248,729
1712075640977,724
1712075641701,713
1712075642414,723
1712075643137,724
1712075643861,738
1712075644599,726
1712075645325,688
1712075646013,666
1712075646679,649
1712075647328,646
1712075647974,644
1712075648617,656
1712075649273,665
1712075649939,679
1712075650617,675
1712075651293,676
1712075651969,686
1712075652655,678
1712075653333,678
1712075654011,666
1712075654677,674
1712075655351,676
1712075656027,655
1712075656681,639
1712075657321,637
1712075657958,643
1712075658601,644
1712075659245,639
1712075659884,650
1712075660534,656
1712075661190,664
1712075661854,693
1712075662547,711
1712075663257,686
1712075663944,678
1712075664622,675
1712075665297,681
1712075665977,670
1712075666648,655
1712075667303,646
1712075667949,648
1712075668597,640
1712075669237,633
1712075669870,619
1712075670489,605
1712075671094,593
1712075671687,588
1712075672275,578
1712075672853,579
1712075673432,605
1712075674037,624
1712075674661,646
1712075675307,660
1712075675967,667
1712075676633,675
1712075677309,669
1712075677977,678
1712075678656,693
1712075679349,668
1712075680017,657
1712075680673,662
1712075681336,652
1712075681988,638
1712075682625,632
1712075683257,634
1712075683892,650
1712075684542,668
1712075685209,674
1712075685884,671
1712075686555,694
1712075687249,707
1712075687956,694
1712075688649,676
1712075689326,690
1712075690016,687
1712075690703,700
1712075691403,680
1712075692083,687
1712075692769,672
1712075693441,653
1712075694095,645
1712075694740,646
1712075695385,646
1712075696032,655
1712075696687,641
1712075697328,643
1712075697971,660
1712075698631,676
1712075699307,661
1712075699968,666
1712075700633,659
1712075701293,648
1712075701941,632
1712075702573,634
1712075703207,646
1712075703853,652
1712075704505,654
1712075705159,661
1712075705820,688
1712075706508,721
1712075707229,710
1712075707939,707
1712075708646,715
1712075709361,707
1712075710068,681
1712075710749,694
1712075711443,665
1712075712108,643
1712075712751,637
1712075713388,649
1712075714037,661
1712075714697,656
1712075715353,672
1712075716025,688
1712075716713,676
1712075717390,673
1712075718063,690
1712075718753,678
1712075719431,686
1712075720117,705
1712075720822,683
1712075721505,683
1712075722188,668
1712075722856,659
1712075723515,658
1712075724173,655
1712075724828,656
1712075725484,648
1712075726132,640
1712075726772,652
1712075727424,673
1712075728097,677
1712075728774,679
1712075729453,665
1712075730118,659
1712075730777,669
1712075731446,658
1712075732104,666
1712075732769,661
1712075733431,659
1712075734089,659
1712075734749,655
1712075735404,657
1712075736061,666
1712075736727,684
1712075737411,680
1712075738091,685
1712075738776,694
1712075739470,679
1712075740149,662
1712075740811,656
1712075741467,638
1712075742105,625
1712075742729,614
1712075743344,607
1712075743951,600
1712075744551,588
1712075745139,585
1712075745724,581
1712075746305,572
1712075746877,575
1712075747452,572
1712075748024,580
1712075748604,581
1712075749185,578
1712075749763,582
1712075750345,592
1712075750937,599
1712075751536,608
1712075752144,608
1712075752752,604
1712075753356,601
1712075753957,602
1712075754559,600
1712075755159,595
1712075755753,604
1712075756358,629
1712075756987,667
1712075757654,666
1712075758320,728
1712075759048,729
1712075759777,726
1712075760503,737
1712075761240,747
1712075761987,728
1712075762715,698
1712075763413,699
1712075764112,691
1712075764803,671
1712075765473,674
1712075766148,683
1712075766831,667
1712075767497,677
1712075768175,689
1712075768864,685
1712075769549,682
1712075770231,677
1712075770908,672
1712075771580,674
1712075772254,690
1712075772944,691
1712075773635,678
1712075774313,669
1712075774982,680
1712075775662,684
1712075776345,673
1712075777019,675
1712075777694,670
1712075778364,662
1712075779025,659
1712075779685,672
1712075780357,677
1712075781033,672
1712075781705,684
1712075782390,674
1712075783064,667
1712075783731,674
1712075784405,681
1712075785086,690
1712075785776,679
1712075786455,677
1712075787132,656
1712075787788,660
1712075788448,663
1712075789111,662
1712075789773,662
1712075790435,674
1712075791109,673
1712075791782,660
1712075792441,667
1712075793109,672
1712075793781,666
1712075794447,661
1712075795108,675
1712075795783,674
1712075796457,667
1712075797124,681
1712075797805,674
1712075798479,651
1712075799129,660
1712075799790,653
1712075800443,649
1712075801092,649
1712075801741,664
1712075802405,660
1712075803065,659
1712075803724,669
1712075804393,673
1712075805065,658
1712075805724,668
1712075806392,669
1712075807061,668
1712075807729,671
1712075808400,685
1712075809085,691
1712075809776,683
1712075810459,692
1712075811151,700
1712075811851,682
1712075812533,677
1712075813209,664
1712075813873,661
1712075814535,650
1712075815185,660
1712075815845,653
1712075816497,649
1712075817147,661
1712075817808,673
1712075818481,661
1712075819142,676
1712075819817,673
1712075820491,656
1712075821147,653
1712075821800,646
1712075822446,633
1712075823079,642
1712075823721,646
1712075824367,662
1712075825029,669
1712075825697,678
1712075826376,676
1712075827052,658
1712075827710,674
1712075828384,666
1712075829049,656
1712075829705,662
1712075830368,660
1712075831028,646
1712075831673,663
1712075832337,647
1712075832984,641
1712075833625,647
1712075834272,650
1712075834921,639
1712075835561,649
1712075836209,656
1712075836865,672
1712075837537,670
1712075838208,685
1712075838893,671
1712075839564,666
1712075840230,671
1712075840901,658
1712075841559,670
1712075842229,671
1712075842900,647
1712075843547,660
1712075844207,670
1712075844877,667
1712075845544,661
1712075846205,675
1712075846880,676
1712075847556,665
1712075848221,676
1712075848897,664
1712075849561,657
1712075850217,660
1712075850878,663
1712075851541,648
1712075852189,661
1712075852849,662
1712075853512,648
1712075854160,651
1712075854811,669
1712075855480,658
1712075856137,656
1712075856793,659
1712075857453,667
1712075858120,651
1712075858771,671
1712075859441,661
1712075860103,655
1712075860758,658
1712075861416,661
1712075862077,655
1712075862732,659
1712075863391,662
1712075864053,663
1712075864716,660
1712075865376,654
1712075866030,657
1712075866687,658
1712075867345,647
1712075867992,642
1712075868633,646
1712075869280,641
1712075869921,645
1712075870566,654
1712075871220,653
1712075871873,646
1712075872519,660
1712075873179,657
1712075873836,649
1712075874485,647
1712075875132,647
1712075875779,639
1712075876417,642
1712075877060,651
1712075877711,649
1712075878360,644
1712075879004,654
1712075879657,664
1712075880321,657
1712075880979,654
1712075881633,653
1712075882286,641
1712075882927,649
1712075883576,650
1712075884225,640
1712075884865,653
1712075885519,651
1712075886169,640
1712075886809,657
1712075887467,653
1712075888120,646
1712075888766,648
1712075889414,640
1712075890054,634
1712075890688,653
1712075891341,662
1712075892003,654
1712075892657,669
1712075893326,682
1712075894008,677
1712075894685,679
1712075895364,686
1712075896049,660
1712075896710,664
1712075897374,655
1712075898029,646
1712075898675,657
1712075899332,653
1712075899985,642
1712075900627,643
1712075901270,652
1712075901921,657
1712075902579,646
1712075903225,655
1712075903880,644
1712075904524,646
1712075905169,659
1712075905829,651
1712075906480,646
1712075907126,652
1712075907777,642
1712075908420,638
1712075909057,645
1712075909703,655
1712075910358,645
1712075911003,661
1712075911664,659
1712075912323,648
1712075912971,655
1712075913625,654
1712075914280,658
1712075914937,660
1712075915598,665
1712075916263,649
1712075916912,653
1712075917565,657
1712075918222,649
1712075918871,640
1712075919511,655
1712075920166,644
1712075920809,644
1712075921454,654
1712075922108,652
1712075922760,640
1712075923400,648
1712075924048,649
1712075924697,641
1712075925337,655
1712075925993,650
1712075926643,648
1712075927291,656
1712075927947,648
1712075928595,642
1712075929237,648
1712075929885,633
1712075930518,618
1712075931136,629
1712075931765,646
1712075932411,635
1712075933046,652
1712075933697,657
1712075934355,655
1712075935009,664
1712075935673,665
1712075936339,653
1712075936992,649
1712075937641,654
1712075938295,647
1712075938942,641
1712075939583,644
1712075940227,651
1712075940878,638
1712075941516,649
1712075942165,660
1712075942825,673
1712075943497,653
1712075944151,653
1712075944804,643
1712075945447,626
1712075946073,638
1712075946711,627
1712075947337,620
1712075947958,630
1712075948588,632
1712075949220,626
1712075949846,626
1712075950472,626
1712075951097,618
1712075951716,602
1712075952318,601
1712075952919,599
1712075953518,595
1712075954113,595
1712075954708,600
1712075955308,604
1712075955912,609
1712075956521,611
1712075957132,623
1712075957755,643
1712075958398,655
1712075959053,659
1712075959712,663
1712075960375,681
1712075961056,665
1712075961721,667
1712075962388,699
1712075963087,704
1712075963791,691
1712075964481,682
1712075965164,697
1712075965861,716
1712075966577,688
1712075967265,682
1712075967947,692
1712075968639,686
1712075969325,669
1712075969993,681
1712075970675,695
1712075971369,688
1712075972057,682
1712075972740,683
1712075973423,680
1712075974103,658
1712075974761,660
1712075975421,670
1712075976091,681
1712075976772,695
1712075977467,675
1712075978142,688
1712075978830,686
1712075979516,665
1712075980181,643
1712075980824,631
1712075981455,621
1712075982076,606
1712075982681,602
1712075983284,600
1712075983884,619
1712075984503,643
1712075985145,655
1712075985801,653
1712075986454,667
1712075987121,675
1712075987796,670
1712075988465,655
1712075989121,652
1712075989773,645
1712075990417,638
1712075991056,630
1712075991686,638
1712075992324,643
1712075992967,658
1712075993625,654
1712075994279,651
1712075994929,667
1712075995597,660
1712075996257,656
1712075996913,650
1712075997563,653
1712075998216,665
1712075998881,684
1712075999565,665
1712076000230,680
1712076000910,687
1712076001597,687
1712076002284,667
1712076002951,668
1712076003619,659
1712076004278,651
1712076004929,645
1712076005574,643
1712076006217,661
1712076006878,673
1712076007551,695
1712076008246,674
1712076008920,694
1712076009614,685
1712076010299,670
1712076010969,650
1712076011619,637
1712076012256,634
1712076012889,637
1712076013527,627
1712076014153,629
1712076014783,620
1712076015403,631
1712076016033,641
1712076016675,638
1712076017313,630
1712076017943,643
1712076018585,654
1712076019240,668
1712076019908,653
1712076020561,647
1712076021208,655
1712076021863,655
1712076022518,650
1712076023168,648
1712076023816,651
1712076024467,644
1712076025111,639
1712076025750,642
1712076026392,654
1712076027046,662
1712076027708,667
1712076028375,654
1712076029029,666
1712076029695,674
1712076030369,669
1712076031038,672
1712076031710,709
1712076032419,707
1712076033126,683
1712076033809,683
1712076034492,688
1712076035180,661
1712076035841,643
1712076036484,654
1712076037137,643
1712076037781,630
1712076038411,620
1712076039031,626
1712076039657,632
1712076040289,652
1712076040941,644
1712076041585,656
1712076042241,677
1712076042918,690
1712076043608,701
1712076044309,682
1712076044991,658
1712076045649,661
1712076046310,657
1712076046967,645
1712076047612,639
1712076048251,642
1712076048893,643
1712076049536,634
1712076050169,625
1712076050795,634
1712076051429,651
1712076052080,669
1712076052749,672
1712076053421,673
1712076054094,700
1712076054793,705
1712076055499,695
1712076056193,685
1712076056879,695
1712076057574,682
1712076058256,663
1712076058919,629
1712076059548,619
1712076060167,611
1712076060777,614
1712076061392,609
1712076062001,629
1712076062630,661
1712076063291,669
1712076063960,680
1712076064640,696
1712076065336,697
1712076066033,672
1712076066705,664
1712076067369,675
1712076068044,698
1712076068742,686
1712076069428,672
1712076070100,694
1712076070793,711
1712076071505,699
1712076072204,693
1712076072897,693
1712076073590,688
1712076074278,685
1712076074963,696
1712076075659,702
1712076076361,703
1712076077064,681
1712076077745,690
1712076078435,686
1712076079121,660
1712076079781,646
1712076080427,623
1712076081049,610
1712076081660,617
1712076082277,613
1712076082889,608
1712076083497,637
1712076084135,638
1712076084773,666
1712076085439,718
1712076086157,707
1712076086864,685
1712076087549,716
1712076088265,711
1712076088976,684
1712076089660,685
1712076090345,666
1712076091011,659
1712076091670,636
1712076092305,642
1712076092948,625
1712076093573,611
1712076094184,614
1712076094798,615
1712076095413,610
1712076096023,618
1712076096641,632
1712076097273,641
1712076097913,640
1712076098553,655
1712076099209,665
1712076099873,661
1712076100535,660
1712076101195,666
1712076101861,661
1712076102521,658
1712076103180,673
1712076103853,666
1712076104519,672
1712076105191,679
1712076105870,664
1712076106534,682
1712076107216,691
1712076107907,673
1712076108580,666
1712076109246,671
1712076109917,668
1712076110585,661
1712076111246,660
1712076111905,677
1712076112583,653
1712076113236,664
1712076113900,673
1712076114573,669
1712076115241,665
1712076115907,686
1712076116593,684
1712076117277,696
1712076117973,680
1712076118653,678
1712076119331,688
1712076120019,670
1712076120689,651
1712076121340,641
1712076121981,653
1712076122633,667
1712076123301,657
1712076123958,662
1712076124620,675
1712076125295,665
1712076125960,669
1712076126629,682
1712076127311,688
1712076127999,671
1712076128670,688
1712076129358,684
1712076130041,667
1712076130709,666
1712076131375,661
1712076132036,654
1712076132689,647
1712076133337,657
1712076133993,658
1712076134652,657
1712076135309,679
1712076135988,689
1712076136677,679
1712076137356,691
1712076138047,705
1712076138752,691
1712076139443,684
1712076140127,684
1712076140811,680
1712076141491,665
1712076142156,681
1712076142837,684
1712076143521,657
1712076144177,663
1712076144841,672
1712076145513,695
1712076146208,672
1712076146880,695
1712076147575,684
1712076148259,692
1712076148951,707
1712076149657,708
1712076150366,695
1712076151061,699
1712076151760,691
1712076152451,670
1712076153121,665
1712076153785,674
1712076154460,665
1712076155125,664
1712076155789,671
1712076156460,694
1712076157153,686
1712076157840,698
1712076158537,701
1712076159239,700
1712076159939,688
1712076160627,690
1712076161317,689
1712076162006,661
1712076162667,668
1712076163335,663
1712076163998,643
1712076164641,646
1712076165287,650
1712076165937,651
1712076166588,659
1712076167247,668
1712076167915,673
1712076168588,658
1712076169246,661
1712076169907,682
1712076170589,683
1712076171272,675
1712076171947,675
1712076172622,685
1712076173307,673
1712076173980,666
1712076174646,670
1712076175316,666
1712076175982,658
1712076176640,659
1712076177299,652
1712076177951,638
1712076178589,653
1712076179241,667
1712076179909,668
1712076180577,686
1712076181263,688
1712076181951,674
1712076182625,684
1712076183309,660
1712076183969,649
1712076184617,651
1712076185269,652
1712076185921,649
1712076186569,656
1712076187225,662
1712076187888,659
1712076188547,659
1712076189206,662
1712076189868,660
1712076190528,646
1712076191174,639
1712076191813,646
1712076192459,645
1712076193104,633
1712076193737,644
1712076194381,657
1712076195038,668
1712076195705,659
1712076196365,664
1712076197029,668
1712076197697,671
1712076198368,663
1712076199031,674
1712076199705,672
1712076200377,665
1712076201041,672
1712076201713,667
1712076202381,652
1712076203033,655
1712076203688,660
1712076204348,657
1712076205005,646
1712076205651,658
1712076206309,659
1712076206968,651
1712076207619,657
1712076208276,661
1712076208937,650
1712076209587,651
1712076210238,655
1712076210893,647
1712076211540,651
1712076212191,658
1712076212849,650
1712076213499,638
1712076214137,652
1712076214789,654
1712076215443,640
1712076216083,642
1712076216725,656
1712076217381,650
1712076218031,649
1712076218680,659
1712076219339,652
1712076219991,650
1712076220641,660
1712076221301,651
1712076221952,641
1712076222593,656
1712076223249,683
1712076223932,673
1712076224605,675
1712076225280,677
1712076225957,673
1712076226630,662
1712076227292,660
1712076227952,649
1712076228601,638
1712076229239,651
1712076229889,659
1712076230549,647
1712076231196,645
1712076231841,647
1712076232488,640
1712076233128,636
1712076233764,638
1712076234401,649
1712076235051,648
1712076235699,652
1712076236351,661
1712076237012,652
1712076237664,658
1712076238321,663
1712076238985,653
1712076239638,653
1712076240291,659
1712076240950,639
1712076241589,628
1712076242217,636
1712076242853,646
1712076243499,635
1712076244134,644
1712076244777,662
1712076245440,646
1712076246086,651
1712076246737,665
1712076247401,663
1712076248065,651
1712076248716,679
1712076249395,664
1712076250059,650
1712076250709,657
1712076251366,661
1712076252027,640
1712076252667,640
1712076253307,634
1712076253941,627
1712076254568,639
1712076255207,636
1712076255843,637
1712076256480,648
1712076257128,650
1712076257777,640
1712076258417,641
1712076259059,651
1712076259710,646
1712076260356,653
1712076261009,654
1712076261663,649
1712076262312,647
1712076262959,650
1712076263609,636
1712076264245,635
1712076264880,627
1712076265507,624
1712076266131,633
1712076266764,645
1712076267409,631
1712076268040,641
1712076268681,651
1712076269332,641
1712076269973,655
1712076270628,665
1712076271293,656
1712076271949,659
1712076272608,663
1712076273271,657
1712076273928,651
1712076274579,649
1712076275228,646
1712076275873,637
1712076276511,649
1712076277160,643
1712076277803,636
1712076278439,646
1712076279085,645
1712076279729,639
1712076280369,662
1712076281031,643
1712076281673,616
1712076282289,607
1712076282897,601
1712076283497,611
1712076284109,607
1712076284716,599
1712076285315,605
1712076285920,600
1712076286520,591
1712076287111,583
1712076287694,581
1712076288275,575
1712076288849,569
1712076289419,576
1712076289995,575
1712076290569,573
1712076291143,579
1712076291721,571
1712076292293,569
1712076292862,564
1712076293425,564
1712076293990,565
1712076294555,585
1712076295140,597
1712076295737,616
1712076296353,635
1712076296988,654
1712076297641,646
1712076298288,668
1712076298956,683
1712076299639,675
1712076300313,662
1712076300976,642
1712076301617,649
1712076302267,660
1712076302927,675
1712076303601,658
1712076304260,646
1712076304905,654
1712076305560,654
1712076306214,654
1712076306868,650
1712076307518,649
1712076308167,643
1712076308809,635
1712076309445,629
1712076310073,632
1712076310705,633
1712076311339,631
1712076311969,641
1712076312611,629
1712076313240,624
1712076313864,610
1712076314473,612
1712076315086,617
1712076315703,622
1712076316325,636
1712076316961,629
1712076317590,620
1712076318209,613
1712076318823,610
1712076319433,621
1712076320054,624
1712076320678,617
1712076321295,611
1712076321905,613
1712076322519,611
1712076323129,622
1712076323752,614
1712076324366,613
1712076324979,628
1712076325607,654
1712076326261,659
1712076326920,658
1712076327577,667
1712076328245,674
1712076328919,672
1712076329591,667
1712076330257,655
1712076330913,659
1712076331572,654
1712076332225,637
1712076332863,631
1712076333494,642
1712076334136,651
1712076334787,650
1712076335437,646
1712076336083,648
1712076336731,662
1712076337393,664
1712076338057,652
1712076338709,656
1712076339365,663
1712076340028,650
1712076340678,653
1712076341331,646
1712076341977,652
1712076342629,653
1712076343281,648
1712076343929,658
1712076344588,666
1712076345254,664
1712076345918,648
1712076346566,646
1712076347212,655
1712076347867,654
1712076348521,644
1712076349165,627
1712076349792,619
1712076350411,625
1712076351036,633
1712076351669,626
1712076352295,628
1712076352923,637
1712076353560,642
1712076354201,628
1712076354830,638
1712076355468,620
1712076356088,650
1712076356737,650
1712076357388,639
1712076358027,657
1712076358684,657
1712076359341,644
1712076359985,625
1712076360609,623
1712076361233,627
1712076361860,623
1712076362483,612
1712076363095,615
1712076363710,625
1712076364335,626
1712076364961,629
1712076365590,637
1712076366227,648
1712076366875,651
1712076367526,642
1712076368168,636
1712076368804,623
1712076369427,614
1712076370041,627
1712076370668,665
1712076371333,669
1712076372001,651
1712076372653,674
1712076373327,682
1712076374009,675
1712076374684,661
1712076375345,651
1712076375996,642
1712076376638,636
1712076377273,638
1712076377912,635
1712076378547,621
1712076379168,623
1712076379791,628
1712076380419,640
1712076381059,647
1712076381705,661
1712076382367,673
1712076383040,691
1712076383731,688
1712076384419,680
1712076385099,689
1712076385788,702
1712076386489,686
1712076387176,679
1712076387855,677
1712076388532,676
1712076389208,670
1712076389878,657
1712076390535,647
1712076391182,656
1712076391838,670
1712076392508,673
1712076393181,671
1712076393852,676
1712076394528,681
1712076395209,680
1712076395889,674
1712076396563,659
1712076397222,663
1712076397885,672
1712076398557,665
1712076399222,665
1712076399887,688
1712076400575,678
1712076401253,665
1712076401918,694
1712076402612,691
1712076403303,682
1712076403985,675
1712076404660,683
1712076405343,672
1712076406015,666
1712076406681,664
1712076407345,658
1712076408003,647
1712076408649,646
1712076409296,657
1712076409953,652
1712076410605,645
1712076411249,640
1712076411889,657
1712076412547,646
1712076413193,634
1712076413827,624
1712076414451,630
1712076415081,644
1712076415725,642
1712076416367,643
1712076417009,634
1712076417644,624
1712076418268,617
1712076418885,604
1712076419489,616
1712076420105,597
1712076420702,589
1712076421291,582
1712076421873,571
1712076422444,561
1712076423005,555
1712076423560,549
1712076424109,545
1712076424654,540
1712076425193,532
1712076425726,532
1712076426257,527
1712076426785,524
1712076427309,521
1712076427830,518
1712076428348,514
1712076428862,509
1712076429371,505
1712076429876,505
1712076430381,506
1712076430887,526
1712076431413,546
1712076431959,578
1712076432537,630
1712076433167,659
1712076433825,656
1712076434481,650
1712076435132,703
1712076435835,772
1712076436607,860
1712076437467,819
1712076438286,827
1712076439113,805
1712076439918,792
1712076440710,750
1712076441460,725
1712076442185,701
1712076442886,700
1712076443585,670
1712076444256,657
1712076444913,637
1712076445550,645
1712076446195,649
1712076446844,671
1712076447515,657
1712076448172,665
1712076448837,658
1712076449495,641
1712076450136,632
1712076450768,614
1712076451382,608
1712076451990,598
1712076452588,595
1712076453183,597
1712076453780,634
1712076454414,644
1712076455057,676
1712076455734,687
1712076456421,696
1712076457117,704
1712076457821,675
1712076458496,667
1712076459163,658
1712076459821,647
1712076460468,632
1712076461100,625
1712076461725,623
1712076462348,619
1712076462967,611
1712076463577,599
1712076464177,592
1712076464769,594
1712076465363,595
1712076465958,604
1712076466561,623
1712076467185,622
1712076467807,615
1712076468422,617
1712076469039,624
1712076469663,622
1712076470285,624
1712076470909,635
1712076471544,627
1712076472171,627
1712076472798,636
1712076473433,635
1712076474069,634
1712076474703,627
1712076475329,613
1712076475943,607
1712076476550,605
1712076477155,607
1712076477761,615
1712076478377,620
1712076478997,623
1712076479620,625
1712076480245,610
1712076480855,604
1712076481459,613
1712076482072,621
1712076482693,623
1712076483316,615
1712076483931,607
1712076484537,618
1712076485156,627
1712076485783,635
1712076486417,636
1712076487054,627
1712076487681,628
1712076488309,629
1712076488937,616
1712076489553,608
1712076490161,599
1712076490761,611
1712076491372,601
1712076491973,602
1712076492575,597
1712076493172,614
1712076493785,618
1712076494404,615
1712076495019,620
1712076495639,623
1712076496262,636
1712076496897,637
1712076497535,627
1712076498161,618
1712076498780,620
1712076499400,623
1712076500023,635
1712076500657,634
1712076501292,630
1712076501921,623
1712076502545,608
1712076503153,611
1712076503764,601
1712076504365,588
1712076504953,582
1712076505535,577
1712076506112,570
1712076506681,567
1712076507249,564
1712076507813,561
1712076508374,564
1712076508937,563
1712076509501,572
1712076510073,572
1712076510645,574
1712076511219,575
1712076511793,576
1712076512369,589
1712076512959,613
1712076513572,623
1712076514195,608
1712076514803,608
1712076515411,616
1712076516027,614
1712076516641,621
1712076517262,618
1712076517880,615
1712076518495,601
1712076519096,599
1712076519695,598
1712076520293,597
1712076520889,595
1712076521485,595
1712076522080,604
1712076522684,605
1712076523289,609
1712076523897,609
1712076524507,603
1712076525110,603
1712076525713,600
1712076526313,595
1712076526908,585
1712076527493,576
1712076528069,575
1712076528644,575
1712076529219,580
1712076529799,577
1712076530376,580
1712076530956,590
1712076531545,602
1712076532148,595
1712076532743,589
1712076533332,590
1712076533921,593
1712076534515,590
1712076535105,581
1712076535686,574
1712076536260,568
1712076536828,570
1712076537398,561
1712076537959,548
1712076538507,543
1712076539049,541
1712076539591,550
1712076540141,584
1712076540725,619
1712076541344,627
1712076541971,644
1712076542615,641
1712076543256,633
1712076543889,617
1712076544505,611
1712076545117,616
1712076545733,604
1712076546337,587
1712076546924,584
1712076547508,584
1712076548092,580
1712076548672,572
1712076549244,564
1712076549808,560
1712076550368,557
1712076550925,556
1712076551481,559
1712076552040,563
1712076552603,561
1712076553164,564
1712076553728,571
1712076554299,589
1712076554888,600
1712076555488,583
1712076556071,584
1712076556655,592
1712076557247,590
1712076557837,591
1712076558428,588
1712076559016,575
1712076559591,566
1712076560157,563
1712076560720,551
1712076561271,549
1712076561820,554
1712076562374,560
1712076562934,573
1712076563507,613
1712076564120,626
1712076564745,632
1712076565377,655
1712076566033,633
1712076566665,616
1712076567281,616
1712076567897,613
1712076568511,608
1712076569119,603
1712076569721,590
1712076570312,585
1712076570897,577
1712076571473,575
1712076572049,576
1712076572625,571
1712076573196,566
1712076573761,564
1712076574326,571
1712076574897,578
1712076575475,583
1712076576057,591
1712076576649,587
1712076577236,589
1712076577825,594
1712076578419,603
1712076579022,603
1712076579625,604
1712076580229,592
1712076580821,580
1712076581401,569
1712076581969,566
1712076582536,557
1712076583093,554
1712076583647,554
1712076584201,559
1712076584760,551
1712076585311,557
1712076585868,568
1712076586436,565
1712076587001,566
1712076587567,587
1712076588153,604
1712076588758,638
1712076589396,648
1712076590044,641
1712076590685,640
1712076591325,637
1712076591961,640
1712076592601,635
1712076593237,617
1712076593854,614
1712076594468,617
1712076595085,612
1712076595697,604
1712076596301,588
1712076596889,589
1712076597478,596
1712076598073,609
1712076598683,609
1712076599292,603
1712076599895,610
1712076600505,618
1712076601123,617
1712076601740,610
1712076602350,635
1712076602985,644
1712076603629,631
1712076604260,634
1712076604894,645
1712076605539,647
1712076606185,632
1712076606817,610
1712076607428,614
1712076608041,630
1712076608672,627
1712076609299,623
1712076609921,621
1712076610543,625
1712076611168,615
1712076611783,607
1712076612390,598
1712076612988,596
1712076613584,584
1712076614168,575
1712076614743,594
1712076615337,591
1712076615928,579
1712076616507,584
1712076617091,580
1712076617671,602
1712076618273,615
1712076618888,604
1712076619492,587
1712076620079,579
1712076620657,577
1712076621235,571
1712076621806,571
1712076622377,567
1712076622944,585
1712076623529,593
1712076624121,596
1712076624718,598
1712076625316,587
1712076625903,590
1712076626493,599
1712076627092,600
1712076627692,596
1712076628288,601
1712076628889,610
1712076629499,609
1712076630108,604
1712076630712,604
1712076631316,623
1712076631939,623
1712076632561,628
1712076633190,629
1712076633819,653
1712076634472,641
1712076635113,634
1712076635747,646
1712076636393,674
1712076637067,673
1712076637740,675
1712076638415,660
1712076639075,643
1712076639718,631
1712076640349,622
1712076640971,634
1712076641605,649
1712076642254,670
1712076642924,653
1712076643577,661
1712076644238,699
1712076644937,688
1712076645625,700
1712076646325,725
1712076647049,707
1712076647757,694
1712076648451,713
1712076649164,718
1712076649881,703
1712076650585,727
1712076651312,738
1712076652049,729
1712076652779,725
1712076653504,720
1712076654224,675
1712076654899,682
1712076655581,682
1712076656263,670
1712076656933,667
1712076657600,693
1712076658293,714
1712076659007,710
1712076659717,684
1712076660401,713
1712076661113,694
1712076661808,687
1712076662495,689
1712076663184,692
1712076663876,676
1712076664552,686
1712076665238,723
1712076665961,719
1712076666680,704
1712076667384,692
1712076668076,703
1712076668779,703
1712076669481,699
1712076670181,686
1712076670867,697
1712076671564,691
1712076672255,673
1712076672928,669
1712076673597,672
1712076674269,687
1712076674956,692
1712076675648,679
1712076676327,690
1712076677017,676
1712076677693,672
1712076678365,663
1712076679028,676
1712076679704,682
1712076680385,665
1712076681051,675
1712076681726,692
1712076682417,672
1712076683089,663
1712076683753,673
1712076684425,667
1712076685093,669
1712076685761,681
1712076686443,697
1712076687140,706
1712076687846,700
1712076688545,702
1712076689248,695
1712076689943,681
1712076690624,668
1712076691292,667
1712076691959,670
1712076692629,648
1712076693277,660
1712076693937,676
1712076694613,682
1712076695295,670
1712076695965,690
1712076696655,701
1712076697356,681
1712076698037,664
1712076698701,654
1712076699355,641
1712076699996,628
1712076700624,617
1712076701241,633
1712076701873,637
1712076702511,643
1712076703153,655
1712076703809,665
1712076704473,652
1712076705126,650
1712076705776,661
1712076706437,650
1712076707087,648
1712076707735,657
1712076708392,653
1712076709045,646
1712076709691,640
1712076710331,647
1712076710977,649
1712076711627,629
1712076712256,636
1712076712892,655
1712076713547,677
1712076714224,658
1712076714881,691
1712076715573,702
1712076716275,708
1712076716983,692
1712076717675,698
1712076718373,697
1712076719070,689
1712076719759,683
1712076720441,698
1712076721140,687
1712076721827,678
1712076722505,692
1712076723197,702
1712076723899,697
1712076724596,685
1712076725281,702
1712076725983,703
1712076726686,689
1712076727375,710
1712076728085,701
1712076728785,681
1712076729467,676
1712076730143,697
1712076730840,700
1712076731540,691
1712076732231,706
1712076732937,717
1712076733654,689
1712076734343,667
1712076735009,665
1712076735675,663
1712076736337,668
1712076737006,686
1712076737692,728
1712076738420,716
1712076739136,691
1712076739827,738
1712076740565,715
1712076741280,668
1712076741948,659
1712076742607,656
1712076743263,673
1712076743936,667
1712076744603,645
1712076745248,646
1712076745894,643
1712076746537,649
1712076747185,623
1712076747809,617
1712076748425,604
1712076749030,599
1712076749629,590
1712076750219,572
1712076750791,570
1712076751361,562
1712076751923,554
1712076752477,549
1712076753025,545
1712076753571,541
1712076754112,535
1712076754647,529
1712076755176,524
1712076755700,521
1712076756221,520
1712076756741,515
1712076757256,512
1712076757768,514
1712076758281,540
1712076758822,586
1712076759408,608
1712076760016,595
1712076760611,658
1712076761269,715
1712076761984,709
1712076762693,714
1712076763407,774
1712076764181,813
1712076764993,735
1712076765729,742
1712076766471,725
1712076767196,698
1712076767894,646
1712076768540,659
1712076769199,654
1712076769853,622
1712076770475,623
1712076771097,640
1712076771737,657
1712076772395,645
1712076773040,664
1712076773704,666
1712076774369,675
1712076775045,663
1712076775708,675
1712076776383,680
1712076777063,649
1712076777712,631
1712076778343,637
1712076778980,639
1712076779619,633
1712076780252,642
1712076780894,650
1712076781544,637
1712076782181,637
1712076782817,647
1712076783465,639
1712076784104,631
1712076784735,630
1712076785365,628
1712076785993,615
1712076786608,625
1712076787233,628
1712076787861,632
1712076788493,611
1712076789104,603
1712076789707,613
1712076790320,609
1712076790929,597
1712076791526,600
1712076792126,608
1712076792734,604
1712076793337,596
1712076793934,601
1712076794535,618
1712076795153,610
1712076795763,625
1712076796388,639
1712076797027,614
1712076797641,624
1712076798265,618
1712076798883,607
1712076799489,596
1712076800086,599
1712076800685,600
1712076801285,595
1712076801880,581
1712076802461,587
1712076803048,588
1712076803636,576
1712076804212,574
1712076804785,582
1712076805368,590
1712076805958,607
1712076806565,610
1712076807175,604
1712076807779,600
1712076808379,599
1712076808977,594
1712076809572,579
1712076810151,575
1712076810726,570
1712076811296,560
1712076811856,559
1712076812415,561
1712076812976,556
1712076813532,564
1712076814096,579
1712076814675,582
1712076815257,589
1712076815846,588
1712076816433,599
1712076817033,604
1712076817637,597
1712076818233,593
1712076818827,593
1712076819420,591
1712076820011,587
1712076820598,571
1712076821169,564
1712076821733,569
1712076822302,566
1712076822868,563
1712076823431,553
1712076823984,550
1712076824534,547
1712076825081,559
1712076825640,568
1712076826208,574
1712076826782,579
1712076827361,562
1712076827923,559
1712076828481,563
1712076829045,553
1712076829598,559
1712076830157,570
1712076830727,575
1712076831302,574
1712076831876,568
1712076832444,576
1712076833020,579
1712076833599,573
1712076834172,564
1712076834736,552
1712076835288,541
1712076835829,543
1712076836372,550
1712076836921,562
1712076837484,565
1712076838049,576
1712076838625,570
1712076839195,564
1712076839759,573
1712076840332,574
1712076840905,574
1712076841480,575
1712076842055,571
1712076842625,568
1712076843193,572
1712076843766,567
1712076844333,566
1712076844899,560
1712076845459,558
1712076846017,571
1712076846588,570
1712076847158,569
1712076847727,567
1712076848294,574
1712076848868,591
1712076849459,585
1712076850044,578
1712076850622,589
1712076851211,586
1712076851797,581
1712076852377,572
1712076852950,576
1712076853526,571
1712076854097,567
1712076854664,573
1712076855237,584
1712076855821,586
1712076856407,578
1712076856985,590
1712076857575,592
1712076858167,594
1712076858761,587
1712076859348,596
1712076859944,598
1712076860542,599
1712076861141,585
1712076861726,582
1712076862308,578
1712076862886,567
1712076863453,560
1712076864013,564
1712076864577,569
1712076865145,573
1712076865719,567
1712076866286,566
1712076866852,572
1712076867424,579
1712076868003,595
1712076868598,586
1712076869184,579
1712076869763,576
1712076870339,569
1712076870908,568
1712076871476,574
1712076872049,574
1712076872624,584
1712076873208,581
1712076873789,579
1712076874368,575
1712076874943,566
1712076875509,567
1712076876076,564
1712076876640,567
1712076877207,559
1712076877766,558
1712076878324,561
1712076878885,567
1712076879452,555
1712076880007,562
1712076880569,574
1712076881143,589
1712076881732,580
1712076882312,584
1712076882896,598
1712076883494,606
1712076884100,596
1712076884696,604
1712076885300,616
1712076885916,608
1712076886524,602
1712076887126,617
1712076887743,614
1712076888357,593
1712076888950,586
1712076889536,588
1712076890124,586
1712076890710,578
1712076891288,572
1712076891860,578
1712076892438,586
1712076893024,586
1712076893609,574
1712076894184,580
1712076894764,581
1712076895345,582
1712076895927,572
1712076896499,575
1712076897073,579
1712076897653,568
1712076898221,566
1712076898787,572
1712076899359,571
1712076899929,564
1712076900494,570
1712076901064,587
1712076901651,584
1712076902235,579
1712076902814,591
1712076903405,603
1712076904008,593
1712076904601,586
1712076905187,603
1712076905790,604
1712076906393,595
1712076906989,596
1712076907585,594
1712076908179,584
1712076908763,581
1712076909344,582
1712076909926,584
1712076910510,580
1712076911089,585
1712076911675,593
1712076912268,595
1712076912863,589
1712076913452,609
1712076914061,607
1712076914668,600
1712076915268,605
1712076915873,611
1712076916484,598
1712076917081,608
1712076917689,611
1712076918301,601
1712076918902,598
1712076919500,602
1712076920102,601
1712076920703,604
1712076921307,594
1712076921901,593
1712076922494,578
1712076923072,581
1712076923653,571
1712076924224,560
1712076924784,559
1712076925343,585
1712076925928,573
1712076926501,566
1712076927067,565
1712076927632,581
1712076928213,595
1712076928808,605
1712076929413,599
1712076930012,601
1712076930613,604
1712076931217,605
1712076931822,585
1712076932407,585
1712076932992,590
1712076933582,591
1712076934173,582
1712076934755,570
1712076935325,567
1712076935892,568
1712076936460,572
1712076937032,568
1712076937600,570
1712076938169,572
1712076938742,571
1712076939313,583
1712076939896,610
1712076940505,665
1712076941171,710
1712076941881,669
1712076942550,656
1712076943206,646
1712076943852,645
1712076944497,663
1712076945160,656
1712076945816,652
1712076946468,632
1712076947100,617
1712076947717,613
1712076948329,611
1712076948941,627
1712076949568,631
1712076950199,612
1712076950811,620
1712076951431,628
1712076952059,665
1712076952724,700
1712076953424,715
1712076954139,698
1712076954837,689
1712076955526,658
1712076956184,638
1712076956822,642
1712076957464,630
1712076958094,616
1712076958710,604
1712076959313,616
1712076959929,628
1712076960558,622
1712076961180,640
1712076961820,642
1712076962462,624
1712076963086,620
1712076963705,621
1712076964327,616
1712076964943,604
1712076965547,606
1712076966153,607
1712076966760,612
1712076967372,607
1712076967979,604
1712076968583,603
1712076969185,612
1712076969798,619
1712076970417,615
1712076971032,610
1712076971641,612
1712076972254,645
1712076972899,654
1712076973553,651
1712076974204,640
1712076974844,657
1712076975501,655
1712076976156,650
1712076976806,632
1712076977438,641
1712076978079,642
1712076978721,638
1712076979359,637
1712076979996,630
1712076980625,640
1712076981265,649
1712076981915,644
1712076982559,641
1712076983200,656
1712076983856,652
1712076984508,643
1712076985151,633
1712076985784,643
1712076986427,647
1712076987073,646
1712076987720,627
1712076988347,634
1712076988981,639
1712076989620,649
1712076990269,649
1712076990918,659
1712076991577,665
1712076992241,666
1712076992908,647
1712076993555,655
1712076994209,651
1712076994861,652
1712076995513,633
1712076996145,626
1712076996772,632
1712076997404,639
1712076998043,637
1712076998680,635
1712076999315,653
1712076999968,661
1712077000629,655
1712077001284,649
1712077001933,653
1712077002585,652
1712077003238,635
1712077003873,622
1712077004495,630
1712077005125,629
1712077005753,629
1712077006383,619
1712077007001,621
1712077007623,631
1712077008254,630
1712077008884,630
1712077009513,620
1712077010134,624
1712077010758,614
1712077011372,596
1712077011968,594
1712077012561,591
1712077013153,580
1712077013733,603
1712077014336,610
1712077014945,605
1712077015551,620
1712077016171,633
1712077016804,623
1712077017427,617
1712077018044,626
1712077018670,642
1712077019312,644
1712077019956,627
1712077020583,637
1712077021220,635
1712077021855,628
1712077022483,611
1712077023094,620
1712077023713,618
1712077024332,618
1712077024950,613
1712077025563,629
1712077026192,645
1712077026837,647
1712077027484,648
1712077028132,662
1712077028793,654
1712077029448,631
1712077030079,630
1712077030709,630
1712077031339,629
1712077031968,604
1712077032572,604
1712077033176,604
1712077033780,610
1712077034390,604
1712077034993,614
1712077035608,620
1712077036228,626
1712077036854,620
1712077037473,621
1712077038095,635
1712077038729,631
1712077039361,624
1712077039985,626
1712077040611,632
1712077041243,633
1712077041876,627
1712077042503,611
1712077043113,609
1712077043723,618
1712077044341,619
1712077044960,607
1712077045567,617
1712077046184,637
1712077046821,634
1712077047455,604
1712077048059,587
1712077048646,601
1712077049247,588
1712077049835,576
1712077050411,573
1712077050984,577
1712077051561,573
1712077052134,573
1712077052707,568
1712077053275,569
1712077053844,566
1712077054409,557
1712077054967,558
1712077055525,554
1712077056079,546
1712077056625,549
1712077057174,546
1712077057720,541
1712077058261,538
1712077058799,534
1712077059333,526
1712077059859,519
1712077060377,519
1712077060897,529
1712077061425,558
1712077061984,570
1712077062553,574
1712077063128,577
1712077063705,598
1712077064303,613
1712077064916,645
1712077065561,652
1712077066213,653
1712077066865,676
1712077067542,662
1712077068204,630
1712077068833,661
1712077069495,641
1712077070136,620
1712077070756,610
1712077071366,613
1712077071979,607
1712077072585,594
1712077073180,597
1712077073777,598
1712077074375,587
1712077074961,581
1712077075543,581
1712077076124,570
1712077076694,566
1712077077260,563
1712077077823,564
1712077078387,562
1712077078949,555
1712077079504,546
1712077080049,542
1712077080592,537
1712077081129,535
1712077081664,529
1712077082193,526
1712077082719,522
1712077083241,522
1712077083763,519
1712077084281,514
1712077084796,512
1712077085308,513
1712077085821,517
1712077086337,512
1712077086849,506
1712077087356,510
1712077087865,509
1712077088375,505
1712077088880,502
1712077089382,502
1712077089884,500
1712077090384,501
1712077090885,499
1712077091384,499
1712077091883,499
1712077092382,498
1712077092880,497
1712077093377,494
1712077093871,490
1712077094361,492
1712077094853,495
1712077095348,489
1712077095837,487
1712077096324,488
1712077096812,489
1712077097301,487
1712077097788,485
1712077098273,489
1712077098761,490
1712077099252,492
1712077099744,490
1712077100233,491
1712077100725,491
1712077101216,490
1712077101705,489
1712077102195,493
1712077102688,491
1712077103179,490
1712077103669,490
1712077104159,492
1712077104651,492
1712077105143,491
1712077105633,488
1712077106121,485
1712077106607,482
1712077107089,479
1712077107568,478
1712077108046,477
1712077108523,478
1712077109001,470
1712077109471,472
1712077109943,472
1712077110415,468
1712077110883,472
1712077111355,468
1712077111823,466
1712077112289,471
1712077112760,470
1712077113230,469
1712077113699,472
1712077114171,467
1712077114638,472
1712077115110,471
1712077115581,469
1712077116049,473
1712077116523,473
1712077116996,471
1712077117467,470
1712077117937,474
1712077118411,473
1712077118884,470
1712077119353,469
1712077119823,470
1712077120293,471
1712077120764,463
1712077121227,467
1712077121694,465
1712077122159,467
1712077122625,469
1712077123095,473
1712077123568,470
1712077124038,469
1712077124507,467
1712077124974,468
1712077125441,473
1712077125915,468
1712077126383,473
1712077126856,469
1712077127325,466
1712077127791,466
1712077128257,467
1712077128724,470
1712077129193,465
1712077129659,466
1712077130125,466
1712077130591,468
1712077131059,462
1712077131521,461
1712077131982,466
1712077132448,459
1712077132907,463
1712077133369,463
1712077133833,458
1712077134291,459
1712077134750,458
1712077135208,459
1712077135667,458
1712077136125,455
1712077136580,456
1712077137036,455
1712077137491,453
1712077137944,461
1712077138405,456
1712077138861,456
1712077139317,456
1712077139773,455
1712077140228,456
1712077140684,457
1712077141141,454
1712077141595,459
1712077142054,457
1712077142511,455
1712077142966,455
1712077143421,457
1712077143878,454
1712077144332,458
1712077144790,453
1712077145243,457
1712077145700,454
1712077146153,455
1712077146609,452
1712077147061,454
1712077147515,451
1712077147966,454
1712077148420,447
1712077148867,448
1712077149315,447
1712077149761,448
1712077150209,448
1712077150657,450
1712077151108,447
1712077151555,449
1712077152004,447
1712077152451,449
1712077152900,445
1712077153345,449
1712077153793,449
1712077154243,449
1712077154692,447
1712077155139,454
1712077155593,449
1712077156041,453
1712077156495,447
1712077156942,456
1712077157398,454
1712077157852,454
1712077158305,455
1712077158761,460
1712077159221,456
1712077159677,455
1712077160132,455
1712077160587,457
1712077161044,458
1712077161502,455
1712077161957,454
1712077162411,460
1712077162871,457
1712077163328,456
1712077163784,455
1712077164239,456
1712077164695,458
1712077165153,454
1712077165607,458
1712077166065,458
1712077166523,456
1712077166979,455
1712077167433,460
1712077167894,459
1712077168353,457
1712077168809,456
1712077169265,457
1712077169723,455
1712077170177,451
1712077170629,450
1712077171079,452
1712077171531,453
1712077171984,451
1712077172435,451
1712077172886,454
1712077173340,451
1712077173791,451
1712077174241,449
1712077174691,448
1712077175139,455
1712077175593,450
1712077176044,456
1712077176500,454
1712077176953,456
1712077177409,456
1712077177865,454
1712077178320,459
1712077178779,457
1712077179236,466
1712077179702,462
1712077180164,458
1712077180622,462
1712077181084,459
1712077181543,459
1712077182001,455
1712077182457,455
1712077182912,460
1712077183372,458
1712077183830,456
1712077184286,455
1712077184741,454
1712077185195,460
1712077185655,454
1712077186109,458
1712077186567,460
1712077187027,458
1712077187485,457
1712077187942,458
1712077188400,454
1712077188854,456
1712077189310,452
1712077189761,453
1712077190215,453
1712077190668,454
1712077191121,454
1712077191576,458
1712077192033,459
1712077192493,462
1712077192955,459
1712077193414,460
1712077193873,460
1712077194334,461
1712077194795,461
1712077195256,465
1712077195721,463
1712077196184,466
1712077196649,462
1712077197112,464
1712077197576,466
1712077198041,467
1712077198509,463
1712077198972,462
1712077199433,466
1712077199900,469
1712077200369,470
1712077200839,470
1712077201309,469
1712077201777,470
1712077202248,466
1712077202713,469
1712077203183,467
1712077203649,465
1712077204115,468
1712077204583,476
1712077205059,471
1712077205529,470
1712077206000,470
1712077206470,468
1712077206937,469
1712077207407,472
1712077207879,472
1712077208351,472
1712077208823,474
1712077209297,475
1712077209772,479
1712077210251,480
1712077210731,481
1712077211212,480
1712077211692,491
1712077212183,498
1712077212681,511
1712077213192,504
1712077213696,495
1712077214191,488
1712077214679,484
1712077215163,484
1712077215647,490
1712077216137,505
1712077216641,512
1712077217153,515
1712077217669,505
1712077218174,502
1712077218676,505
1712077219181,520
1712077219701,538
1712077220239,545
1712077220784,537
1712077221321,533
1712077221854,550
1712077222404,576
1712077222980,586
1712077223566,559
1712077224125,546
1712077224671,550
1712077225221,563
1712077225784,582
1712077226366,588
1712077226953,563
1712077227517,559
1712077228076,570
1712077228646,605
1712077229251,647
1712077229897,629
1712077230527,608
1712077231135,601
1712077231736,604
1712077232340,597
1712077232937,584
1712077233521,569
1712077234089,595
1712077234685,585
1712077235270,562
1712077235832,551
1712077236383,556
1712077236939,565
1712077237504,568
1712077238072,557
1712077238629,558
1712077239187,549
1712077239736,535
1712077240271,537
1712077240808,575
1712077241383,592
1712077241975,563
1712077242537,560
1712077243097,586
1712077243684,596
1712077244280,644
1712077244924,618
1712077245542,596
1712077246137,598
1712077246736,609
1712077247345,622
1712077247967,592
1712077248559,602
1712077249161,616
1712077249777,640
1712077250417,601
1712077251017,602
1712077251620,640
1712077252260,653
1712077252913,617
1712077253529,608
1712077254137,624
1712077254761,660
1712077255422,646
1712077256068,627
1712077256695,652
1712077257347,665
1712077258012,646
1712077258657,620
1712077259278,641
1712077259919,649
1712077260568,635
1712077261203,623
1712077261825,642
1712077262468,666
1712077263134,706
1712077263840,667
1712077264507,636
1712077265143,649
1712077265792,647
1712077266439,676
1712077267115,637
1712077267752,637
1712077268389,631
1712077269020,659
1712077269679,653
1712077270332,656
1712077270988,645
1712077271633,650
1712077272283,676
1712077272959,703
1712077273662,729
1712077274391,668
1712077275059,658
1712077275717,657
1712077276374,651
1712077277025,630
1712077277655,647
1712077278302,676
1712077278977,718
1712077279696,716
1712077280412,696
1712077281108,699
1712077281807,689
1712077282496,662
1712077283158,686
1712077283844,693
1712077284537,702
1712077285239,670
1712077285909,685
1712077286593,681
1712077287275,681
1712077287956,661
1712077288617,656
1712077289273,651
1712077289924,656
1712077290580,634
1712077291214,636
1712077291849,654
1712077292504,664
1712077293168,669
1712077293837,651
1712077294488,660
1712077295148,651
1712077295799,681
1712077296480,643
1712077297123,634
1712077297757,655
1712077298412,665
1712077299077,669
1712077299745,638
1712077300384,656
1712077301040,649
1712077301689,668
1712077302357,652
1712077303009,693
1712077303702,684
1712077304385,670
1712077305056,641
1712077305697,664
1712077306361,668
1712077307029,647
1712077307676,637
1712077308313,667
1712077308980,674
1712077309654,649
1712077310303,641
1712077310944,675
1712077311619,674
1712077312293,663
1712077312956,643
1712077313599,649
1712077314248,673
1712077314921,654
1712077315575,644
1712077316219,660
1712077316879,670
1712077317549,670
1712077318219,656
1712077318875,693
1712077319568,685
1712077320253,661
1712077320913,639
1712077321553,667
1712077322220,669
1712077322889,667
1712077323556,640
1712077324196,663
1712077324859,668
1712077325527,660
1712077326187,640
1712077326827,648
1712077327475,613
1712077328088,587
1712077328675,581
1712077329256,583
1712077329839,565
1712077330404,557
1712077330961,555
1712077331516,554
1712077332070,546
1712077332616,537
1712077333153,533
1712077333686,539
1712077334225,528
1712077334753,523
1712077335276,518
1712077335793,511
1712077336305,507
1712077336812,504
1712077337316,500
1712077337816,495
1712077338311,492
1712077338803,490
1712077339293,489
1712077339782,489
1712077340271,501
1712077340772,513
1712077341285,523
1712077341808,517
1712077342325,522
1712077342847,553
1712077343400,610
1712077344009,595
1712077344605,614
1712077345219,623
1712077345841,609
1712077346451,594
1712077347045,607
1712077347652,588
1712077348240,583
1712077348823,581
1712077349404,561
1712077349965,563
1712077350528,556
1712077351084,546
1712077351630,552
1712077352182,560
1712077352742,545
1712077353287,540
1712077353827,530
1712077354357,526
1712077354883,523
1712077355406,521
1712077355927,515
1712077356441,515
1712077356957,514
1712077357471,504
1712077357975,504
1712077358479,495
1712077358974,499
1712077359473,491
1712077359964,489
1712077360453,486
1712077360939,481
1712077361420,481
1712077361901,475
1712077362376,476
1712077362852,470
1712077363321,465
1712077363787,467
1712077364254,465
1712077364719,458
1712077365177,466
1712077365643,457
1712077366100,456
1712077366556,458
1712077367014,454
1712077367468,452
1712077367920,450
1712077368369,448
1712077368817,448
1712077369265,446
1712077369712,443
1712077370155,442
1712077370597,443
1712077371040,438
1712077371478,440
1712077371918,438
1712077372356,434
1712077372790,435
1712077373225,433
1712077373657,433
1712077374091,432
1712077374523,427
1712077374950,426
1712077375376,430
1712077375806,432
1712077376238,431
1712077376669,431
1712077377100,427
1712077377527,429
1712077377956,427
1712077378383,427
1712077378809,426
1712077379236,423
1712077379659,426
1712077380085,422
1712077380507,428
1712077380935,424
1712077381359,422
1712077381781,425
1712077382206,422
1712077382628,422
1712077383049,425
1712077383475,421
1712077383896,420
1712077384316,418
1712077384734,418
1712077385152,423
1712077385575,417
1712077385992,418
1712077386409,416
1712077386825,414
1712077387240,418
1712077387657,411
1712077388069,411
1712077388480,416
1712077388896,408
1712077389304,409
1712077389713,409
1712077390121,407
1712077390529,407
1712077390936,401
1712077391337,406
1712077391743,404
1712077392147,402
1712077392549,401
1712077392950,403
1712077393353,397
1712077393750,401
1712077394151,402
1712077394553,398
1712077394951,397
1712077395348,397
1712077395745,396
1712077396141,396
1712077396537,396
1712077396933,397
1712077397329,391
1712077397721,396
1712077398117,393
1712077398510,392
1712077398902,396
1712077399297,395
1712077399693,393
1712077400086,390
1712077400476,395
1712077400871,392
1712077401263,391
1712077401654,393
1712077402047,393
1712077402440,394
1712077402833,389
1712077403223,393
1712077403616,394
1712077404009,389
1712077404399,393
1712077404792,391
1712077405183,395
1712077405577,391
1712077405969,391
1712077406360,390
1712077406750,391
1712077407141,386
1712077407527,389
1712077407916,391
1712077408307,391
1712077408697,386
1712077409084,385
1712077409469,387
1712077409856,387
1712077410243,383
1712077410625,387
1712077411013,387
1712077411400,384
1712077411784,383
1712077412167,383
1712077412550,383
1712077412933,384
1712077413317,380
1712077413697,383
1712077414080,383
1712077414463,380
1712077414843,384
1712077415227,385
1712077415612,379
1712077415991,379
1712077416369,382
1712077416752,383
1712077417135,376
1712077417511,381
1712077417892,383
1712077418275,293
1712077418568,436
1712077419004,392
1712077419396,382
1712077419777,382
1712077420160,380
1712077420540,380
1712077420920,380
1712077421300,377
1712077421677,381
1712077422057,383
1712077422441,381
1712077422822,380
1712077423201,382
1712077423584,377
1712077423961,380
1712077424341,380
1712077424721,377
1712077425097,378
1712077425476,377
1712077425853,384
1712077426237,381
1712077426617,380
1712077426998,380
1712077427377,379
1712077427757,378
1712077428135,378
1712077428513,381
1712077428894,377
1712077429271,376
1712077429647,377
1712077430024,385
1712077430409,379
1712077430788,378
1712077431166,380
1712077431545,379
1712077431925,378
1712077432303,378
1712077432681,379
1712077433060,375
1712077433435,375
1712077433809,377
1712077434187,379
1712077434566,378
1712077434944,375
1712077435319,374
1712077435693,376
1712077436069,372
1712077436441,373
1712077436814,375
1712077437189,373
1712077437561,370
1712077437932,370
1712077438302,373
1712077438675,372
1712077439047,373
1712077439420,371
1712077439791,372
1712077440163,367
1712077440529,369
1712077440899,369
1712077441268,369
1712077441637,370
1712077442007,367
1712077442374,367
1712077442741,368
1712077443109,367
1712077443476,368
1712077443844,369
1712077444213,370
1712077444583,368
1712077444951,369
1712077445320,367
1712077445687,366
1712077446053,369
1712077446422,369
1712077446791,367
1712077447158,367
1712077447525,364
1712077447889,368
1712077448257,368
1712077448625,368
1712077448993,369
1712077449361,368
1712077449729,367
1712077450097,367
1712077450464,364
1712077450828,366
1712077451193,367
1712077451561,364
1712077451925,368
1712077452293,359
1712077452652,364
1712077453016,368
1712077453384,363
1712077453747,368
1712077454115,368
1712077454483,365
1712077454848,365
1712077455213,360
1712077455573,364
1712077455937,362
1712077456299,363
1712077456662,361
1712077457023,361
1712077457384,361
1712077457745,362
1712077458107,362
1712077458469,360
1712077458829,361
1712077459190,358
1712077459548,359
1712077459907,359
1712077460265,362
1712077460628,363
1712077460991,363
1712077461353,362
1712077461716,364
1712077462080,362
1712077462441,364
1712077462806,363
1712077463169,366
1712077463535,362
1712077463897,364
1712077464261,364
1712077464625,363
1712077464988,360
1712077465348,363
1712077465711,363
1712077466073,359
1712077466433,360
1712077466793,362
1712077467155,361
1712077467516,363
1712077467879,360
1712077468239,364
1712077468603,359
1712077468961,364
1712077469326,362
1712077469688,363
1712077470051,362
1712077470413,363
1712077470776,365
1712077471141,363
1712077471504,366
1712077471870,364
1712077472233,368
1712077472601,364
1712077472966,367
1712077473333,366
1712077473699,370
1712077474069,367
1712077474436,367
1712077474803,369
1712077475172,368
1712077475540,367
1712077475907,370
1712077476277,369
1712077476646,367
1712077477013,367
1712077477380,367
1712077477747,367
1712077478113,366
1712077478480,366
1712077478846,367
1712077479213,367
1712077479580,366
1712077479945,366
1712077480312,367
1712077480679,366
1712077481045,366
1712077481411,365
1712077481776,367
1712077482143,365
1712077482508,366
1712077482873,366
1712077483240,367
1712077483607,365
1712077483972,369
1712077484341,368
1712077484709,368
1712077485077,372
1712077485449,370
1712077485819,371
1712077486190,371
1712077486561,373
1712077486934,373
1712077487307,374
1712077487681,374
1712077488055,376
1712077488431,376
1712077488807,378
1712077489185,377
1712077489561,379
1712077489941,378
1712077490319,378
1712077490697,381
1712077491078,381
1712077491459,379
1712077491838,380
1712077492217,379
1712077492597,381
1712077492977,381
1712077493359,383
1712077493742,383
1712077494125,380
1712077494505,380
1712077494885,380
1712077495265,379
1712077495644,380
1712077496024,381
1712077496405,380
1712077496785,384
1712077497169,384
1712077497553,384
1712077497937,387
1712077498324,389
1712077498713,390
1712077499103,388
