dataReceived,timestamp,hr,hrStatus,ibi,ibiStatus
1712226188937,1712226188943,0,0,[],[]
1712226189907,1712226189945,0,-3,[],[]
1712226190876,1712226190962,0,-3,[],[]
1712226210971,1712226192038,0,0,"[745,1377,1928,272,651]","[-1,-1,-1,-1,-1]"
1712226210971,1712226193038,0,0,[],[]
1712226210971,1712226194038,0,0,[],[]
1712226210971,1712226195038,0,0,[],[]
1712226210971,1712226196038,0,0,[],[]
1712226210971,1712226197038,0,0,[],[]
1712226210971,1712226198038,0,0,[],[]
1712226210971,1712226199038,0,0,[],[]
1712226210971,1712226200038,0,0,[],[]
1712226210971,1712226201038,0,0,[],[]
1712226210971,1712226202038,0,0,[],[]
1712226210971,1712226203038,0,0,[],[]
1712226210971,1712226204038,0,0,[],[]
1712226210971,1712226205038,0,0,[],[]
1712226210971,1712226206038,0,0,[],[]
1712226210971,1712226207038,0,0,[],[]
1712226210971,1712226208038,0,0,[],[]
1712226210971,1712226209038,0,0,[],[]
1712226210971,1712226210038,0,0,[],[]
1712226210971,1712226211038,0,0,[],[]
1712226211979,1712226212040,0,0,[],[]
1712226212966,1712226213042,0,0,[1278],[-1]
1712226213971,1712226214045,0,0,"[900,685]","[-1,-1]"
1712226214998,1712226215047,0,0,"[357,427,369]","[-1,-1,-1]"
1712226216003,1712226216059,0,0,[481],[-1]
1712226218982,1712226217059,0,0,"[695,310,260,305,314,373,260,260,260,557]","[-1,-1,-1,-1,-1,-1,-1,-1,-1,-1]"
1712226218982,1712226218059,0,0,[],[]
1712226218982,1712226219059,0,0,[],[]
1712226220006,1712226220061,0,0,[666],[-1]
1712226221014,1712226221064,0,0,"[870,405]","[-1,-1]"
1712226221990,1712226222066,0,0,"[421,315,380]","[-1,-1,-1]"
1712226242047,1712226223113,0,0,"[562,569,260,541,329,664,523,374,488,260,789,488,260,789,1357,554,1130,260,441,2300,260,518,590,387,291,260,2300,620,283,459,588]","[-1,-1,-1,-1,-1,-1,-1,-1,-1,-1,-1,-1,-1,-1,-1,-1,-1,-1,-1,-1,-1,-1,-1,-1,-1,-1,-1,-1,-1,-1,-1]"
1712226242047,1712226224113,0,0,[],[]
1712226242047,1712226225113,0,0,[],[]
1712226242047,1712226226113,0,0,[],[]
1712226242047,1712226227113,0,0,[],[]
1712226242047,1712226228113,0,0,[],[]
1712226242047,1712226229113,0,0,[],[]
1712226242047,1712226230113,0,0,[],[]
1712226242047,1712226231113,0,0,[],[]
1712226242047,1712226232113,0,0,[],[]
1712226242047,1712226233113,0,0,[],[]
1712226242047,1712226234113,0,0,[],[]
1712226242047,1712226235113,0,0,[],[]
1712226242047,1712226236113,0,0,[],[]
1712226242047,1712226237113,0,0,[],[]
1712226242047,1712226238113,0,0,[],[]
1712226242047,1712226239113,0,0,[],[]
1712226242047,1712226240113,0,0,[],[]
1712226242047,1712226241113,0,0,[],[]
1712226242047,1712226242113,0,0,[],[]
1712226243030,1712226243115,0,0,[528],[-1]
1712226244110,1712226244118,0,0,[927],[-1]
1712226245031,1712226245121,0,0,[804],[-1]
1712226246055,1712226246117,0,0,[],[]
1712226247040,1712226247119,0,0,"[2142,260,349]","[-1,-1,-1]"
1712226248044,1712226248121,0,0,[260],[-1]
1712226249040,1712226249124,0,0,"[1292,372]","[-1,-1]"
1712226250067,1712226250126,0,0,[707],[-1]
1712226251116,1712226251129,0,0,[1206],[-1]
1712226270117,1712226252206,0,0,"[480,440,410,710,1656,423,1351,529,2300,770,260,260,341,311,312,680,304,532,908,460,1395,687,308,467,689,474]","[-1,-1,-1,-1,-1,-1,-1,-1,-1,-1,-1,-1,-1,-1,-1,-1,-1,-1,-1,-1,-1,-1,-1,-1,-1,-1]"
1712226270117,1712226253206,0,0,[],[]
1712226270117,1712226254206,0,0,[],[]
1712226270117,1712226255206,0,0,[],[]
1712226270117,1712226256206,0,0,[],[]
1712226270117,1712226257206,0,0,[],[]
1712226270117,1712226258206,0,0,[],[]
1712226270117,1712226259206,0,0,[],[]
1712226270117,1712226260206,0,0,[],[]
1712226270117,1712226261206,0,-10,[],[]
1712226270117,1712226262206,0,-10,[],[]
1712226270117,1712226263206,45,1,[],[]
1712226270117,1712226264206,58,1,[],[]
1712226270117,1712226265206,0,-1,[],[]
1712226270117,1712226266206,0,-10,[],[]
1712226270117,1712226267206,0,-10,[],[]
1712226270117,1712226268206,0,-10,[],[]
1712226270117,1712226269206,0,-10,[],[]
1712226270117,1712226270206,0,-10,[],[]
1712226271158,1712226271208,60,1,"[442,520]","[-1,-1]"
1712226272160,1712226272211,63,1,"[311,498]","[-1,-1]"
1712226273161,1712226273212,64,1,[],[]
1712226874872,1712226275786,64,1,"[1351,754,924,381,1706,373,703,785,1130,540,260,760,419,707,696,767,798,793,862,805,1153,720,1396,838,851,910,926,883,1022,984,1006,981,950,1072,1015,1035,2119,660,457,666,1054,1665,663,463,977,942,967,978,943,925,928,903,832,953,881,943,982,902,968,983,995,932,943,919,946,935,963,290,637,857,930,648,824,437,978,383,1216,877,441,1277,816,260,843,942,768,881,931,899,906,965,897,879,892,861,894,953,897,946,998,924,915,933,888,888,858,877,823,805,799,811,820,854,772,865,838,828,921,825,853,878,826,838,860,874,884,930,949,900,887,970,945,941,975,956,985,983,939,967,941,963,954,896,912,934,900,926,940,925,940,948,920,950,903,888,900,887,867,914,925,919,895,910,959,677,931,1258,904,630,315,850,715,891,873,876,838,1057,606,1542,580,474,850,901,439,469,275,918,592,293,603,634,741,608,738,756,911,796,470,396,604,260,583,260,638,678,527,802,929,260,819,953,647,855,868,973,1505,1186,876,884,894,889,905,901,807,790,795,856,856,864,939,940,922,957,982,1011,1006,994,1006,1010,904,934,948,925,959,886,944,1006,1011,973,969,1043,927,1031,996,915,912,968,935,982,1004,1002,967,969,929,895,925,901,890,922,948,907,889,902,915,843,880,874,870,886,902,912,887,892,941,877,889,896,845,878,892,830,866,892,875,901,905,845,873,876,873,886,828,853,843,839,848,855,843,803,839,840,823,856,872,836,855,882,837,873,882,903,908,919,874,876,883,836,860,862,825,857,918,870,916,868,858,906,858,897,855,863,862,876,913,860,879,894,845,889,867,868,874,907,894,918,861,833,846,879,923,980,974,916,934,916,915,899,892,941,917,910,940,936,888,895,916,868,898,928,908,919,898,837,811,864,879,556,551,660,1163,671,905,891,882,888,871,1814,895,839,830,884,889,858,882,892,873,859,862,870,838,840,837,808,787,844,810,827,833,807,801,834,802,818,862,840,840,868,843,827,862,834,788,802,833,856,869,851,848,875,817,816,798,750,761,792,809,807,831,816,834,836,836,838,838,807,806,768,741,688,720,732,716,730,718,738,782,822,824,822,851,879,883,850,863,865,903,891,917,915,876,843,851,908,918,913,933,942,901,898,796,842,903,952,968,1029,1039,1042,1053,987,926,914,917,835,893,882,932,960,922,906,922,938,955,930,891,911,860,875,870,878,871,875,904,899,887,899,901,898,855,802,851,792,809,819,808,837,863,855,879,906,901,947,928,924,834,842,853,815,809,831,813,797,810,831,901,315,801,1569,725,701,766,756,788,857,875,849,844,877,871,815,808,814,776,783,811,855,825,867,860,883,915,931,896,854,833,795,787,861,916,945,900,957,950,904,864,834,795,826,939,558,764,791,786,813,783,823,812,815,872,626,802,787,818,819,852,912,755,527,958,744,720,802,279,1040,777,1318,1114,766,614,801,670,292,726,260,666,565,619,640,692,695,703,717,724,732,799,408,580,1008,689,718,759,784,768,799,817,813,806,807,793,740,721,717,729,754,743,758,802,769,787,816,853,858,827,815,811,785,782,808,782,802,776,807,785,783,786,757,785,796,799,819,831,808,800,791,764,727,799,841,850,899,951,888,877,852,813,788,818,818]","[-1,-1,-1,-1,-1,-1,-1,-1,-1,-1,-1,-1,-1,-1,-1,0,0,0,-1,-1,-1,-1,0,0,0,0,0,0,0,0,0,0,0,0,0,0,0,0,0,0,-1,-1,-1,-1,-1,-1,0,0,0,0,0,0,0,0,0,0,0,0,0,0,0,0,0,0,0,-1,-1,-1,-1,-1,-1,-1,-1,-1,-1,-1,-1,-1,-1,-1,-1,-1,0,0,0,0,0,0,0,0,0,0,0,0,0,0,0,0,0,0,0,0,0,0,0,0,0,0,0,0,0,0,0,0,0,0,0,0,0,0,0,0,0,0,0,0,0,0,0,0,0,0,0,0,0,0,0,0,0,0,0,0,0,0,0,0,0,0,0,0,0,0,0,0,0,0,0,0,0,0,0,0,-1,-1,-1,-1,-1,-1,-1,0,0,0,0,0,0,0,-1,-1,-1,-1,-1,-1,-1,-1,-1,-1,-1,-1,-1,-1,-1,-1,-1,-1,-1,-1,-1,-1,-1,-1,-1,-1,-1,-1,-1,-1,-1,-1,-1,-1,-1,-1,-1,-1,-1,0,0,0,0,0,0,0,0,0,0,0,0,0,0,0,0,0,0,0,0,0,0,0,0,0,0,0,0,0,0,0,0,0,0,0,0,0,0,0,0,0,0,0,0,0,0,0,0,0,0,0,0,0,0,0,0,0,0,0,0,0,0,0,0,0,0,0,0,0,0,0,0,0,0,0,0,0,0,0,0,0,0,0,0,0,0,0,0,0,0,0,0,0,0,0,0,0,0,0,0,0,0,0,0,0,0,0,0,0,0,0,0,0,0,0,0,0,0,0,0,0,0,0,0,0,0,0,0,0,0,0,0,0,0,0,0,0,0,0,0,0,0,0,0,0,0,0,0,0,0,0,0,0,0,0,0,0,0,0,0,0,0,0,0,0,0,0,0,0,0,0,-1,-1,-1,0,0,0,0,-1,-1,-1,-1,-1,-1,0,0,0,0,0,0,0,0,0,0,0,0,0,0,0,0,0,0,0,0,0,0,0,0,0,0,0,0,0,0,0,0,0,0,0,0,0,0,0,0,0,0,0,0,0,0,0,0,0,0,0,0,0,0,0,0,0,0,0,0,0,0,0,0,0,0,0,0,0,0,0,0,0,0,0,0,0,0,0,0,0,0,0,0,0,0,0,0,0,0,0,0,0,0,0,0,0,0,0,0,0,0,0,0,0,0,0,0,0,0,0,0,0,0,0,0,0,0,0,0,0,0,0,0,0,0,0,0,0,0,0,0,0,0,0,0,0,0,0,0,0,0,0,0,0,0,0,0,0,0,0,0,0,0,-1,-1,-1,0,0,0,0,0,0,0,0,0,0,0,0,0,0,0,0,0,0,0,0,0,0,0,0,0,0,0,0,0,0,0,0,0,0,0,-1,-1,-1,-1,-1,-1,-1,-1,0,0,0,0,0,0,0,0,0,0,0,-1,-1,-1,-1,-1,-1,-1,-1,-1,-1,-1,-1,-1,-1,-1,0,0,0,0,0,-1,-1,-1,-1,-1,0,0,0,0,-1,-1,-1,-1,-1,-1,-1,-1,-1,0,0,0,0,0,0,0,0,0,0,0,0,0,0,0,0,0,0,0,0,0,0,0,0,0,0,0,0,0,0,0,0,0,0,0,0,0,0,0,0,0,0,0,0,0,0,0,0,0,0,0,0,0,0,0,0,0,0]"
1712226874872,1712226276786,61,1,[],[]
1712226874872,1712226277786,63,1,[],[]
1712226874872,1712226278786,62,1,[],[]
1712226874872,1712226279786,65,1,[],[]
1712226874872,1712226280786,66,1,[],[]
1712226874872,1712226281786,68,1,[],[]
1712226874872,1712226282786,69,1,[],[]
1712226874872,1712226283786,70,1,[],[]
1712226874872,1712226284786,69,1,[],[]
1712226874872,1712226285786,68,1,[],[]
1712226874872,1712226286786,69,1,[],[]
1712226874872,1712226287786,70,1,[],[]
1712226874872,1712226288786,71,1,[],[]
1712226874872,1712226289786,70,1,[],[]
1712226874872,1712226290786,69,1,[],[]
1712226874872,1712226291786,69,1,[],[]
1712226874872,1712226292786,69,1,[],[]
1712226874872,1712226293786,69,1,[],[]
1712226874872,1712226294786,69,1,[],[]
1712226874872,1712226295786,69,1,[],[]
1712226874872,1712226296786,69,1,[],[]
1712226874872,1712226297786,69,1,[],[]
1712226874872,1712226298786,68,1,[],[]
1712226874872,1712226299786,67,1,[],[]
1712226874872,1712226300786,65,1,[],[]
1712226874872,1712226301786,67,1,[],[]
1712226874872,1712226302786,65,1,[],[]
1712226874872,1712226303786,66,1,[],[]
1712226874872,1712226304786,65,1,[],[]
1712226874872,1712226305786,65,1,[],[]
1712226874872,1712226306786,66,1,[],[]
1712226874872,1712226307786,65,1,[],[]
1712226874872,1712226308786,64,1,[],[]
1712226874872,1712226309786,63,1,[],[]
1712226874872,1712226310786,63,1,[],[]
1712226874872,1712226311786,63,1,[],[]
1712226874872,1712226312786,63,1,[],[]
1712226874872,1712226313786,64,1,[],[]
1712226874872,1712226314786,64,1,[],[]
1712226874872,1712226315786,64,1,[],[]
1712226874872,1712226316786,65,1,[],[]
1712226874872,1712226317786,65,1,[],[]
1712226874872,1712226318786,65,1,[],[]
1712226874872,1712226319786,65,1,[],[]
1712226874872,1712226320786,65,1,[],[]
1712226874872,1712226321786,64,1,[],[]
1712226874872,1712226322786,64,1,[],[]
1712226874872,1712226323786,64,1,[],[]
1712226874872,1712226324786,63,1,[],[]
1712226874872,1712226325786,63,1,[],[]
1712226874872,1712226326786,63,1,[],[]
1712226874872,1712226327786,64,1,[],[]
1712226874872,1712226328786,63,1,[],[]
1712226874872,1712226329786,62,1,[],[]
1712226874872,1712226330786,63,1,[],[]
1712226874872,1712226331786,64,1,[],[]
1712226874872,1712226332786,64,1,[],[]
1712226874872,1712226333786,65,1,[],[]
1712226874872,1712226334786,66,1,[],[]
1712226874872,1712226335786,65,1,[],[]
1712226874872,1712226336786,66,1,[],[]
1712226874872,1712226337786,67,1,[],[]
1712226874872,1712226338786,67,1,[],[]
1712226874872,1712226339786,65,1,[],[]
1712226874872,1712226340786,64,1,[],[]
1712226874872,1712226341786,66,1,[],[]
1712226874872,1712226342786,67,1,[],[]
1712226874872,1712226343786,67,1,[],[]
1712226874872,1712226344786,67,1,[],[]
1712226874872,1712226345786,67,1,[],[]
1712226874872,1712226346786,67,1,[],[]
1712226874872,1712226347786,67,1,[],[]
1712226874872,1712226348786,67,1,[],[]
1712226874872,1712226349786,67,1,[],[]
1712226874872,1712226350786,67,1,[],[]
1712226874872,1712226351786,67,1,[],[]
1712226874872,1712226352786,67,1,[],[]
1712226874872,1712226353786,66,1,[],[]
1712226874872,1712226354786,66,1,[],[]
1712226874872,1712226355786,66,1,[],[]
1712226874872,1712226356786,65,1,[],[]
1712226874872,1712226357786,65,1,[],[]
1712226874872,1712226358786,65,1,[],[]
1712226874872,1712226359786,65,1,[],[]
1712226874872,1712226360786,66,1,[],[]
1712226874872,1712226361786,67,1,[],[]
1712226874872,1712226362786,68,1,[],[]
1712226874872,1712226363786,69,1,[],[]
1712226874872,1712226364786,69,1,[],[]
1712226874872,1712226365786,70,1,[],[]
1712226874872,1712226366786,71,1,[],[]
1712226874872,1712226367786,71,1,[],[]
1712226874872,1712226368786,71,1,[],[]
1712226874872,1712226369786,72,1,[],[]
1712226874872,1712226370786,71,1,[],[]
1712226874872,1712226371786,71,1,[],[]
1712226874872,1712226372786,71,1,[],[]
1712226874872,1712226373786,71,1,[],[]
1712226874872,1712226374786,71,1,[],[]
1712226874872,1712226375786,71,1,[],[]
1712226874872,1712226376786,70,1,[],[]
1712226874872,1712226377786,70,1,[],[]
1712226874872,1712226378786,69,1,[],[]
1712226874872,1712226379786,69,1,[],[]
1712226874872,1712226380786,68,1,[],[]
1712226874872,1712226381786,68,1,[],[]
1712226874872,1712226382786,67,1,[],[]
1712226874872,1712226383786,66,1,[],[]
1712226874872,1712226384786,66,1,[],[]
1712226874872,1712226385786,65,1,[],[]
1712226874872,1712226386786,65,1,[],[]
1712226874872,1712226387786,64,1,[],[]
1712226874872,1712226388786,64,1,[],[]
1712226874872,1712226389786,63,1,[],[]
1712226874872,1712226390786,63,1,[],[]
1712226874872,1712226391786,63,1,[],[]
1712226874872,1712226392786,63,1,[],[]
1712226874872,1712226393786,63,1,[],[]
1712226874872,1712226394786,64,1,[],[]
1712226874872,1712226395786,64,1,[],[]
1712226874872,1712226396786,64,1,[],[]
1712226874872,1712226397786,64,1,[],[]
1712226874872,1712226398786,65,1,[],[]
1712226874872,1712226399786,65,1,[],[]
1712226874872,1712226400786,65,1,[],[]
1712226874872,1712226401786,64,1,[],[]
1712226874872,1712226402786,64,1,[],[]
1712226874872,1712226403786,64,1,[],[]
1712226874872,1712226404786,65,1,[],[]
1712226874872,1712226405786,65,1,[],[]
1712226874872,1712226406786,66,1,[],[]
1712226874872,1712226407786,66,1,[],[]
1712226874872,1712226408786,66,1,[],[]
1712226874872,1712226409786,66,1,[],[]
1712226874872,1712226410786,66,1,[],[]
1712226874872,1712226411786,66,1,[],[]
1712226874872,1712226412786,66,1,[],[]
1712226874872,1712226413786,66,1,[],[]
1712226874872,1712226414786,66,1,[],[]
1712226874872,1712226415786,66,1,[],[]
1712226874872,1712226416786,66,1,[],[]
1712226874872,1712226417786,65,1,[],[]
1712226874872,1712226418786,66,1,[],[]
1712226874872,1712226419786,67,1,[],[]
1712226874872,1712226420786,67,1,[],[]
1712226874872,1712226421786,68,1,[],[]
1712226874872,1712226422786,67,1,[],[]
1712226874872,1712226423786,67,1,[],[]
1712226874872,1712226424786,66,1,[],[]
1712226874872,1712226425786,66,1,[],[]
1712226874872,1712226426786,65,1,[],[]
1712226874872,1712226427786,65,1,[],[]
1712226874872,1712226428786,65,1,[],[]
1712226874872,1712226429786,65,1,[],[]
1712226874872,1712226430786,65,1,[],[]
1712226874872,1712226431786,65,1,[],[]
1712226874872,1712226432786,66,1,[],[]
1712226874872,1712226433786,67,1,[],[]
1712226874872,1712226434786,68,1,[],[]
1712226874872,1712226435786,69,1,[],[]
1712226874872,1712226436786,69,1,[],[]
1712226874872,1712226437786,70,1,[],[]
1712226874872,1712226438786,71,1,[],[]
1712226874872,1712226439786,71,1,[],[]
1712226874872,1712226440786,72,1,[],[]
1712226874872,1712226441786,72,1,[],[]
1712226874872,1712226442786,72,1,[],[]
1712226874872,1712226443786,71,1,[],[]
1712226874872,1712226444786,70,1,[],[]
1712226874872,1712226445786,69,1,[],[]
1712226874872,1712226446786,69,1,[],[]
1712226874872,1712226447786,71,1,[],[]
1712226874872,1712226448786,72,1,[],[]
1712226874872,1712226449786,72,1,[],[]
1712226874872,1712226450786,72,1,[],[]
1712226874872,1712226451786,71,1,[],[]
1712226874872,1712226452786,69,1,[],[]
1712226874872,1712226453786,69,1,[],[]
1712226874872,1712226454786,68,1,[],[]
1712226874872,1712226455786,68,1,[],[]
1712226874872,1712226456786,67,1,[],[]
1712226874872,1712226457786,68,1,[],[]
1712226874872,1712226458786,69,1,[],[]
1712226874872,1712226459786,70,1,[],[]
1712226874872,1712226460786,70,1,[],[]
1712226874872,1712226461786,70,1,[],[]
1712226874872,1712226462786,69,1,[],[]
1712226874872,1712226463786,69,1,[],[]
1712226874872,1712226464786,68,1,[],[]
1712226874872,1712226465786,68,1,[],[]
1712226874872,1712226466786,67,1,[],[]
1712226874872,1712226467786,66,1,[],[]
1712226874872,1712226468786,66,1,[],[]
1712226874872,1712226469786,65,1,[],[]
1712226874872,1712226470786,64,1,[],[]
1712226874872,1712226471786,63,1,[],[]
1712226874872,1712226472786,63,1,[],[]
1712226874872,1712226473786,63,1,[],[]
1712226874872,1712226474786,63,1,[],[]
1712226874872,1712226475786,63,1,[],[]
1712226874872,1712226476786,64,1,[],[]
1712226874872,1712226477786,64,1,[],[]
1712226874872,1712226478786,64,1,[],[]
1712226874872,1712226479786,63,1,[],[]
1712226874872,1712226480786,63,1,[],[]
1712226874872,1712226481786,63,1,[],[]
1712226874872,1712226482786,62,1,[],[]
1712226874872,1712226483786,62,1,[],[]
1712226874872,1712226484786,62,1,[],[]
1712226874872,1712226485786,62,1,[],[]
1712226874872,1712226486786,62,1,[],[]
1712226874872,1712226487786,62,1,[],[]
1712226874872,1712226488786,62,1,[],[]
1712226874872,1712226489786,62,1,[],[]
1712226874872,1712226490786,63,1,[],[]
1712226874872,1712226491786,62,1,[],[]
1712226874872,1712226492786,62,1,[],[]
1712226874872,1712226493786,62,1,[],[]
1712226874872,1712226494786,62,1,[],[]
1712226874872,1712226495786,62,1,[],[]
1712226874872,1712226496786,62,1,[],[]
1712226874872,1712226497786,63,1,[],[]
1712226874872,1712226498786,63,1,[],[]
1712226874872,1712226499786,64,1,[],[]
1712226874872,1712226500786,64,1,[],[]
1712226874872,1712226501786,64,1,[],[]
1712226874872,1712226502786,65,1,[],[]
1712226874872,1712226503786,65,1,[],[]
1712226874872,1712226504786,65,1,[],[]
1712226874872,1712226505786,66,1,[],[]
1712226874872,1712226506786,66,1,[],[]
1712226874872,1712226507786,66,1,[],[]
1712226874872,1712226508786,67,1,[],[]
1712226874872,1712226509786,67,1,[],[]
1712226874872,1712226510786,67,1,[],[]
1712226874872,1712226511786,67,1,[],[]
1712226874872,1712226512786,67,1,[],[]
1712226874872,1712226513786,67,1,[],[]
1712226874872,1712226514786,67,1,[],[]
1712226874872,1712226515786,67,1,[],[]
1712226874872,1712226516786,67,1,[],[]
1712226874872,1712226517786,67,1,[],[]
1712226874872,1712226518786,67,1,[],[]
1712226874872,1712226519786,68,1,[],[]
1712226874872,1712226520786,68,1,[],[]
1712226874872,1712226521786,68,1,[],[]
1712226874872,1712226522786,68,1,[],[]
1712226874872,1712226523786,68,1,[],[]
1712226874872,1712226524786,68,1,[],[]
1712226874872,1712226525786,68,1,[],[]
1712226874872,1712226526786,68,1,[],[]
1712226874872,1712226527786,69,1,[],[]
1712226874872,1712226528786,68,1,[],[]
1712226874872,1712226529786,69,1,[],[]
1712226874872,1712226530786,69,1,[],[]
1712226874872,1712226531786,69,1,[],[]
1712226874872,1712226532786,69,1,[],[]
1712226874872,1712226533786,70,1,[],[]
1712226874872,1712226534786,70,1,[],[]
1712226874872,1712226535786,70,1,[],[]
1712226874872,1712226536786,71,1,[],[]
1712226874872,1712226537786,71,1,[],[]
1712226874872,1712226538786,71,1,[],[]
1712226874872,1712226539786,71,1,[],[]
1712226874872,1712226540786,71,1,[],[]
1712226874872,1712226541786,71,1,[],[]
1712226874872,1712226542786,71,1,[],[]
1712226874872,1712226543786,70,1,[],[]
1712226874872,1712226544786,70,1,[],[]
1712226874872,1712226545786,70,1,[],[]
1712226874872,1712226546786,69,1,[],[]
1712226874872,1712226547786,69,1,[],[]
1712226874872,1712226548786,69,1,[],[]
1712226874872,1712226549786,69,1,[],[]
1712226874872,1712226550786,69,1,[],[]
1712226874872,1712226551786,69,1,[],[]
1712226874872,1712226552786,69,1,[],[]
1712226874872,1712226553786,69,1,[],[]
1712226874872,1712226554786,69,1,[],[]
1712226874872,1712226555786,69,1,[],[]
1712226874872,1712226556786,69,1,[],[]
1712226874872,1712226557786,69,1,[],[]
1712226874872,1712226558786,69,1,[],[]
1712226874872,1712226559786,69,1,[],[]
1712226874872,1712226560786,69,1,[],[]
1712226874872,1712226561786,68,1,[],[]
1712226874872,1712226562786,69,1,[],[]
1712226874872,1712226563786,69,1,[],[]
1712226874872,1712226564786,69,1,[],[]
1712226874872,1712226565786,69,1,[],[]
1712226874872,1712226566786,69,1,[],[]
1712226874872,1712226567786,68,1,[],[]
1712226874872,1712226568786,68,1,[],[]
1712226874872,1712226569786,69,1,[],[]
1712226874872,1712226570786,69,1,[],[]
1712226874872,1712226571786,69,1,[],[]
1712226874872,1712226572786,69,1,[],[]
1712226874872,1712226573786,69,1,[],[]
1712226874872,1712226574786,68,1,[],[]
1712226874872,1712226575786,68,1,[],[]
1712226874872,1712226576786,68,1,[],[]
1712226874872,1712226577786,68,1,[],[]
1712226874872,1712226578786,69,1,[],[]
1712226874872,1712226579786,68,1,[],[]
1712226874872,1712226580786,68,1,[],[]
1712226874872,1712226581786,67,1,[],[]
1712226874872,1712226582786,67,1,[],[]
1712226874872,1712226583786,67,1,[],[]
1712226874872,1712226584786,66,1,[],[]
1712226874872,1712226585786,66,1,[],[]
1712226874872,1712226586786,66,1,[],[]
1712226874872,1712226587786,66,1,[],[]
1712226874872,1712226588786,66,1,[],[]
1712226874872,1712226589786,66,1,[],[]
1712226874872,1712226590786,66,1,[],[]
1712226874872,1712226591786,65,1,[],[]
1712226874872,1712226592786,65,1,[],[]
1712226874872,1712226593786,66,1,[],[]
1712226874872,1712226594786,66,1,[],[]
1712226874872,1712226595786,66,1,[],[]
1712226874872,1712226596786,66,1,[],[]
1712226874872,1712226597786,66,1,[],[]
1712226874872,1712226598786,66,1,[],[]
1712226874872,1712226599786,66,1,[],[]
1712226874872,1712226600786,66,1,[],[]
1712226874872,1712226601786,67,1,[],[]
1712226874872,1712226602786,67,1,[],[]
1712226874872,1712226603786,68,1,[],[]
1712226874872,1712226604786,68,1,[],[]
1712226874872,1712226605786,67,1,[],[]
1712226874872,1712226606786,67,1,[],[]
1712226874872,1712226607786,67,1,[],[]
1712226874872,1712226608786,67,1,[],[]
1712226874872,1712226609786,68,1,[],[]
1712226874872,1712226610786,67,1,[],[]
1712226874872,1712226611786,68,1,[],[]
1712226874872,1712226612786,68,1,[],[]
1712226874872,1712226613786,68,1,[],[]
1712226874872,1712226614786,68,1,[],[]
1712226874872,1712226615786,68,1,[],[]
1712226874872,1712226616786,68,1,[],[]
1712226874872,1712226617786,68,1,[],[]
1712226874872,1712226618786,68,1,[],[]
1712226874872,1712226619786,68,1,[],[]
1712226874872,1712226620786,68,1,[],[]
1712226874872,1712226621786,68,1,[],[]
1712226874872,1712226622786,68,1,[],[]
1712226874872,1712226623786,69,1,[],[]
1712226874872,1712226624786,69,1,[],[]
1712226874872,1712226625786,69,1,[],[]
1712226874872,1712226626786,70,1,[],[]
1712226874872,1712226627786,70,1,[],[]
1712226874872,1712226628786,71,1,[],[]
1712226874872,1712226629786,71,1,[],[]
1712226874872,1712226630786,71,1,[],[]
1712226874872,1712226631786,72,1,[],[]
1712226874872,1712226632786,72,1,[],[]
1712226874872,1712226633786,72,1,[],[]
1712226874872,1712226634786,72,1,[],[]
1712226874872,1712226635786,72,1,[],[]
1712226874872,1712226636786,72,1,[],[]
1712226874872,1712226637786,72,1,[],[]
1712226874872,1712226638786,72,1,[],[]
1712226874872,1712226639786,72,1,[],[]
1712226874872,1712226640786,72,1,[],[]
1712226874872,1712226641786,72,1,[],[]
1712226874872,1712226642786,72,1,[],[]
1712226874872,1712226643786,72,1,[],[]
1712226874872,1712226644786,72,1,[],[]
1712226874872,1712226645786,72,1,[],[]
1712226874872,1712226646786,72,1,[],[]
1712226874872,1712226647786,71,1,[],[]
1712226874872,1712226648786,71,1,[],[]
1712226874872,1712226649786,71,1,[],[]
1712226874872,1712226650786,72,1,[],[]
1712226874872,1712226651786,72,1,[],[]
1712226874872,1712226652786,73,1,[],[]
1712226874872,1712226653786,73,1,[],[]
1712226874872,1712226654786,73,1,[],[]
1712226874872,1712226655786,73,1,[],[]
1712226874872,1712226656786,74,1,[],[]
1712226874872,1712226657786,73,1,[],[]
1712226874872,1712226658786,73,1,[],[]
1712226874872,1712226659786,73,1,[],[]
1712226874872,1712226660786,73,1,[],[]
1712226874872,1712226661786,73,1,[],[]
1712226874872,1712226662786,73,1,[],[]
1712226874872,1712226663786,74,1,[],[]
1712226874872,1712226664786,74,1,[],[]
1712226874872,1712226665786,75,1,[],[]
1712226874872,1712226666786,75,1,[],[]
1712226874872,1712226667786,76,1,[],[]
1712226874872,1712226668786,77,1,[],[]
1712226874872,1712226669786,77,1,[],[]
1712226874872,1712226670786,77,1,[],[]
1712226874872,1712226671786,77,1,[],[]
1712226874872,1712226672786,76,1,[],[]
1712226874872,1712226673786,75,1,[],[]
1712226874872,1712226674786,75,1,[],[]
1712226874872,1712226675786,74,1,[],[]
1712226874872,1712226676786,73,1,[],[]
1712226874872,1712226677786,73,1,[],[]
1712226874872,1712226678786,72,1,[],[]
1712226874872,1712226679786,71,1,[],[]
1712226874872,1712226680786,71,1,[],[]
1712226874872,1712226681786,70,1,[],[]
1712226874872,1712226682786,70,1,[],[]
1712226874872,1712226683786,70,1,[],[]
1712226874872,1712226684786,69,1,[],[]
1712226874872,1712226685786,69,1,[],[]
1712226874872,1712226686786,69,1,[],[]
1712226874872,1712226687786,68,1,[],[]
1712226874872,1712226688786,67,1,[],[]
1712226874872,1712226689786,67,1,[],[]
1712226874872,1712226690786,67,1,[],[]
1712226874872,1712226691786,68,1,[],[]
1712226874872,1712226692786,68,1,[],[]
1712226874872,1712226693786,68,1,[],[]
1712226874872,1712226694786,67,1,[],[]
1712226874872,1712226695786,67,1,[],[]
1712226874872,1712226696786,66,1,[],[]
1712226874872,1712226697786,65,1,[],[]
1712226874872,1712226698786,64,1,[],[]
1712226874872,1712226699786,64,1,[],[]
1712226874872,1712226700786,64,1,[],[]
1712226874872,1712226701786,64,1,[],[]
1712226874872,1712226702786,64,1,[],[]
1712226874872,1712226703786,65,1,[],[]
1712226874872,1712226704786,65,1,[],[]
1712226874872,1712226705786,65,1,[],[]
1712226874872,1712226706786,65,1,[],[]
1712226874872,1712226707786,65,1,[],[]
1712226874872,1712226708786,65,1,[],[]
1712226874872,1712226709786,65,1,[],[]
1712226874872,1712226710786,65,1,[],[]
1712226874872,1712226711786,65,1,[],[]
1712226874872,1712226712786,65,1,[],[]
1712226874872,1712226713786,65,1,[],[]
1712226874872,1712226714786,65,1,[],[]
1712226874872,1712226715786,66,1,[],[]
1712226874872,1712226716786,66,1,[],[]
1712226874872,1712226717786,66,1,[],[]
1712226874872,1712226718786,67,1,[],[]
1712226874872,1712226719786,67,1,[],[]
1712226874872,1712226720786,67,1,[],[]
1712226874872,1712226721786,67,1,[],[]
1712226874872,1712226722786,67,1,[],[]
1712226874872,1712226723786,67,1,[],[]
1712226874872,1712226724786,67,1,[],[]
1712226874872,1712226725786,67,1,[],[]
1712226874872,1712226726786,68,1,[],[]
1712226874872,1712226727786,68,1,[],[]
1712226874872,1712226728786,69,1,[],[]
1712226874872,1712226729786,69,1,[],[]
1712226874872,1712226730786,70,1,[],[]
1712226874872,1712226731786,70,1,[],[]
1712226874872,1712226732786,70,1,[],[]
1712226874872,1712226733786,71,1,[],[]
1712226874872,1712226734786,70,1,[],[]
1712226874872,1712226735786,70,1,[],[]
1712226874872,1712226736786,69,1,[],[]
1712226874872,1712226737786,69,1,[],[]
1712226874872,1712226738786,68,1,[],[]
1712226874872,1712226739786,68,1,[],[]
1712226874872,1712226740786,68,1,[],[]
1712226874872,1712226741786,69,1,[],[]
1712226874872,1712226742786,69,1,[],[]
1712226874872,1712226743786,70,1,[],[]
1712226874872,1712226744786,70,1,[],[]
1712226874872,1712226745786,71,1,[],[]
1712226874872,1712226746786,71,1,[],[]
1712226874872,1712226747786,70,1,[],[]
1712226874872,1712226748786,70,1,[],[]
1712226874872,1712226749786,69,1,[],[]
1712226874872,1712226750786,71,1,[],[]
1712226874872,1712226751786,71,1,[],[]
1712226874872,1712226752786,73,1,[],[]
1712226874872,1712226753786,73,1,[],[]
1712226874872,1712226754786,73,1,[],[]
1712226874872,1712226755786,73,1,[],[]
1712226874872,1712226756786,73,1,[],[]
1712226874872,1712226757786,72,1,[],[]
1712226874872,1712226758786,72,1,[],[]
1712226874872,1712226759786,72,1,[],[]
1712226874872,1712226760786,72,1,[],[]
1712226874872,1712226761786,72,1,[],[]
1712226874872,1712226762786,72,1,[],[]
1712226874872,1712226763786,72,1,[],[]
1712226874872,1712226764786,73,1,[],[]
1712226874872,1712226765786,73,1,[],[]
1712226874872,1712226766786,72,1,[],[]
1712226874872,1712226767786,72,1,[],[]
1712226874872,1712226768786,72,1,[],[]
1712226874872,1712226769786,71,1,[],[]
1712226874872,1712226770786,71,1,[],[]
1712226874872,1712226771786,70,1,[],[]
1712226874872,1712226772786,70,1,[],[]
1712226874872,1712226773786,70,1,[],[]
1712226874872,1712226774786,71,1,[],[]
1712226874872,1712226775786,71,1,[],[]
1712226874872,1712226776786,70,1,[],[]
1712226874872,1712226777786,70,1,[],[]
1712226874872,1712226778786,69,1,[],[]
1712226874872,1712226779786,69,1,[],[]
1712226874872,1712226780786,68,1,[],[]
1712226874872,1712226781786,68,1,[],[]
1712226874872,1712226782786,68,1,[],[]
1712226874872,1712226783786,68,1,[],[]
1712226874872,1712226784786,69,1,[],[]
1712226874872,1712226785786,69,1,[],[]
1712226874872,1712226786786,70,1,[],[]
1712226874872,1712226787786,70,1,[],[]
1712226874872,1712226788786,71,1,[],[]
1712226874872,1712226789786,72,1,[],[]
1712226874872,1712226790786,72,1,[],[]
1712226874872,1712226791786,72,1,[],[]
1712226874872,1712226792786,72,1,[],[]
1712226874872,1712226793786,72,1,[],[]
1712226874872,1712226794786,73,1,[],[]
1712226874872,1712226795786,73,1,[],[]
1712226874872,1712226796786,74,1,[],[]
1712226874872,1712226797786,73,1,[],[]
1712226874872,1712226798786,73,1,[],[]
1712226874872,1712226799786,74,1,[],[]
1712226874872,1712226800786,74,1,[],[]
1712226874872,1712226801786,75,1,[],[]
1712226874872,1712226802786,74,1,[],[]
1712226874872,1712226803786,74,1,[],[]
1712226874872,1712226804786,73,1,[],[]
1712226874872,1712226805786,73,1,[],[]
1712226874872,1712226806786,73,1,[],[]
1712226874872,1712226807786,70,1,[],[]
1712226874872,1712226808786,72,1,[],[]
1712226874872,1712226809786,72,1,[],[]
1712226874872,1712226810786,74,1,[],[]
1712226874872,1712226811786,73,1,[],[]
1712226874872,1712226812786,75,1,[],[]
1712226874872,1712226813786,76,1,[],[]
1712226874872,1712226814786,77,1,[],[]
1712226874872,1712226815786,78,1,[],[]
1712226874872,1712226816786,80,1,[],[]
1712226874872,1712226817786,80,1,[],[]
1712226874872,1712226818786,80,1,[],[]
1712226874872,1712226819786,80,1,[],[]
1712226874872,1712226820786,81,1,[],[]
1712226874872,1712226821786,81,1,[],[]
1712226874872,1712226822786,81,1,[],[]
1712226874872,1712226823786,81,1,[],[]
1712226874872,1712226824786,81,1,[],[]
1712226874872,1712226825786,80,1,[],[]
1712226874872,1712226826786,79,1,[],[]
1712226874872,1712226827786,78,1,[],[]
1712226874872,1712226828786,78,1,[],[]
1712226874872,1712226829786,77,1,[],[]
1712226874872,1712226830786,77,1,[],[]
1712226874872,1712226831786,78,1,[],[]
1712226874872,1712226832786,78,1,[],[]
1712226874872,1712226833786,79,1,[],[]
1712226874872,1712226834786,79,1,[],[]
1712226874872,1712226835786,79,1,[],[]
1712226874872,1712226836786,79,1,[],[]
1712226874872,1712226837786,78,1,[],[]
1712226874872,1712226838786,78,1,[],[]
1712226874872,1712226839786,77,1,[],[]
1712226874872,1712226840786,76,1,[],[]
1712226874872,1712226841786,76,1,[],[]
1712226874872,1712226842786,75,1,[],[]
1712226874872,1712226843786,75,1,[],[]
1712226874872,1712226844786,75,1,[],[]
1712226874872,1712226845786,75,1,[],[]
1712226874872,1712226846786,75,1,[],[]
1712226874872,1712226847786,75,1,[],[]
1712226874872,1712226848786,75,1,[],[]
1712226874872,1712226849786,75,1,[],[]
1712226874872,1712226850786,76,1,[],[]
1712226874872,1712226851786,76,1,[],[]
1712226874872,1712226852786,76,1,[],[]
1712226874872,1712226853786,76,1,[],[]
1712226874872,1712226854786,76,1,[],[]
1712226874872,1712226855786,75,1,[],[]
1712226874872,1712226856786,75,1,[],[]
1712226874872,1712226857786,75,1,[],[]
1712226874872,1712226858786,75,1,[],[]
1712226874872,1712226859786,75,1,[],[]
1712226874872,1712226860786,75,1,[],[]
1712226874872,1712226861786,75,1,[],[]
1712226874872,1712226862786,74,1,[],[]
1712226874872,1712226863786,74,1,[],[]
1712226874872,1712226864786,73,1,[],[]
1712226874872,1712226865786,72,1,[],[]
1712226874872,1712226866786,72,1,[],[]
1712226874872,1712226867786,72,1,[],[]
1712226874872,1712226868786,72,1,[],[]
1712226874872,1712226869786,73,1,[],[]
1712226874872,1712226870786,73,1,[],[]
1712226874872,1712226871786,72,1,[],[]
1712226874872,1712226872786,72,1,[],[]
1712226874872,1712226873786,72,1,[],[]
1712226874872,1712226874786,72,1,[],[]
1712227476901,1712226877798,72,1,"[827,822,861,839,831,875,761,827,825,1159,677,702,531,837,877,821,873,852,813,830,859,827,873,917,869,833,828,816,765,792,844,854,855,851,794,798,828,853,866,892,922,882,862,903,844,884,897,865,867,863,847,821,797,760,777,825,767,826,888,856,862,818,787,749,718,685,730,760,774,739,764,722,799,725,722,762,750,761,792,770,778,808,780,832,800,759,857,785,837,831,797,730,720,732,748,766,791,751,780,819,842,1409,751,801,832,851,853,853,885,915,893,872,861,847,841,795,808,762,829,840,899,777,876,914,950,911,917,939,929,929,881,898,867,863,865,884,890,837,825,1281,1076,759,799,718,753,766,773,739,781,773,607,837,699,636,649,624,660,737,738,726,749,738,707,739,887,773,839,868,625,729,632,613,685,659,635,598,612,582,566,543,582,553,572,589,604,603,542,575,612,624,1073,576,790,643,730,1303,655,623,637,616,600,606,583,611,463,672,549,639,1161,627,644,604,659,651,628,1238,1018,849,597,705,1136,1168,934,679,677,729,763,763,758,752,719,737,743,736,720,713,649,625,582,598,642,611,635,722,719,740,712,699,727,715,730,699,705,720,723,758,682,674,729,755,763,790,705,721,726,679,680,714,672,699,690,702,641,613,652,684,677,683,695,656,699,567,633,629,635,629,678,707,699,742,755,718,700,771,735,768,751,723,714,751,794,800,758,728,706,701,719,749,744,786,788,766,773,725,682,652,913,1097,672,697,626,673,626,724,671,661,580,649,650,682,638,684,700,657,674,699,684,619,645,565,679,698,675,439,873,658,641,660,693,725,742,757,818,820,726,792,1052,451,699,383,1483,650,544,1066,784,763,764,774,803,845,775,704,754,787,854,893,927,943,950,945,904,869,932,950,959,1003,947,959,1004,988,973,1018,912,877,1123,990,1011,989,1007,988,961,1099,987,964,1019,1007,1010,1027,986,830,927,872,871,945,964,977,1031,1031,968,928,1002,928,881,892,925,939,866,938,988,920,934,923,929,866,895,956,975,978,952,982,872,852,875,919,961,956,915,917,890,879,877,840,864,866,874,818,817,847,874,862,842,775,816,860,906,896,878,833,779,830,871,920,924,896,804,796,719,743,799,756,733,703,705,773,864,915,935,911,937,920,832,813,817,813,800,828,824,845,786,822,814,796,743,702,706,781,812,925,911,902,920,851,1013,852,841,920,947,933,914,914,895,866,846,839,792,761,782,826,878,862,902,853,792,749,783,786,836,857,864,860,850,802,798,811,828,771,821,767,789,801,806,817,794,790,791,804,820,826,827,814,847,833,825,783,772,778,794,806,822,790,787,836,874,858,862,842,832,899,935,899,939,931,909,868,807,771,751,839,905,935,970,947,919,863,785,790,774,759,761,766,757,773,788,800,801,774,827,861,850,858,858,873,849,865,837,782,787,773,842,895,895,915,889,875,830,812,810,791,787,759,751,750,705,757,756,757,733,720,696,740,774,820,819,820,814,788,784,764,737,732,719,711,714,734,744,763,791,799,766,738,782,817,837,831,835,834,807,844,831,820,814,805,809,735,701,744,744,753,789,799,792,775,755,795,804,787,773,777,738,753,775,789,775,754,766,735,777,789,788,783,793,782,787,788,788,771,797,780,750,797,813,818,824,820,829,770,711,702,727,771,828,858,872,837,935,890,915,886,837,888,822,757,714,716,764,792,818,835,917,930,905,893,891,861,830,859,841,806]","[0,0,0,0,0,-1,-1,-1,-1,-1,-1,-1,-1,0,0,0,0,0,0,0,0,0,0,0,0,0,0,0,0,0,0,0,0,0,0,0,0,0,0,0,0,0,0,0,0,0,0,0,0,0,0,0,0,0,0,0,0,0,0,0,0,0,0,0,0,0,0,0,0,0,0,0,0,0,0,0,0,0,0,0,0,0,0,0,0,0,0,0,0,0,0,0,0,0,0,0,0,0,0,0,0,0,0,0,0,0,0,0,0,0,0,0,0,0,0,0,0,0,0,0,0,0,0,0,0,0,0,0,0,0,0,0,0,0,0,0,0,0,0,-1,-1,-1,0,0,0,0,0,0,0,0,-1,-1,-1,-1,0,0,0,0,0,0,0,0,-1,-1,-1,-1,-1,-1,-1,-1,0,0,0,0,0,0,0,0,0,0,0,0,0,0,0,0,0,0,0,0,-1,-1,-1,-1,-1,-1,-1,-1,0,0,0,0,0,-1,-1,-1,-1,-1,0,0,0,0,0,0,0,-1,-1,-1,-1,-1,-1,-1,0,0,0,0,0,0,0,0,0,0,0,0,0,0,0,0,0,0,0,0,0,0,0,0,0,0,0,0,0,0,0,0,0,0,0,0,0,0,0,0,0,0,0,0,0,0,0,0,0,0,0,0,0,0,0,-1,-1,-1,-1,-1,0,0,0,0,0,0,0,0,0,0,0,0,0,0,0,0,0,0,0,0,0,0,0,0,0,0,0,0,0,-1,-1,-1,-1,-1,-1,-1,-1,0,0,0,0,0,0,0,0,0,0,0,0,0,0,0,0,0,0,0,0,0,0,0,0,0,0,0,0,0,0,0,0,0,0,0,-1,-1,-1,-1,-1,-1,-1,-1,0,0,0,0,0,0,0,0,0,0,0,0,0,0,0,0,0,0,0,0,0,0,0,0,0,0,0,0,0,0,0,0,0,0,0,0,0,0,0,0,0,0,0,0,0,0,0,0,0,0,0,0,0,0,0,0,0,0,0,0,0,0,0,0,0,0,0,0,0,0,0,0,0,0,0,0,0,0,0,0,0,0,0,0,0,0,0,0,0,0,0,0,0,0,0,0,0,0,0,0,0,0,0,0,0,0,0,0,0,0,0,0,0,0,0,0,0,0,0,0,0,0,0,0,0,0,0,0,0,0,0,0,0,0,0,0,0,0,0,0,0,0,0,0,0,0,0,0,0,0,0,0,0,0,0,0,0,0,0,0,0,0,0,0,0,0,0,0,0,0,0,0,0,0,0,0,0,0,0,0,0,0,0,0,0,0,0,0,0,0,0,0,0,0,0,0,0,0,0,0,0,0,0,0,0,0,0,0,0,0,0,0,0,0,0,0,0,0,0,0,0,0,0,0,0,0,0,0,0,0,0,0,0,0,0,0,0,0,0,0,0,0,0,0,0,0,0,0,0,0,0,0,0,0,0,0,0,0,0,0,0,0,0,0,0,0,0,0,0,0,0,0,0,0,0,0,0,0,0,0,0,0,0,0,0,0,0,0,0,0,0,0,0,0,0,0,0,0,0,0,0,0,0,0,0,0,0,0,0,0,0,0,0,0,0,0,0,0,0,0,0,0,0,0,0,0,0,0,0,0,0,0,0,0,0,0,0,0,0,0,0,0,0,0,0,0,0,0,0,0,0,0,0,0,0,0,0,0,0,-1,-1,-1,-1,0,0,0,0,0,0,0,0,0,0,0,0,0,0,0,0,0,0,0,0,0,0,0]"
1712227476901,1712226878798,72,1,[],[]
1712227476901,1712226879798,71,1,[],[]
1712227476901,1712226880798,72,1,[],[]
1712227476901,1712226881798,72,1,[],[]
1712227476901,1712226882798,72,1,[],[]
1712227476901,1712226883798,72,1,[],[]
1712227476901,1712226884798,72,1,[],[]
1712227476901,1712226885798,72,1,[],[]
1712227476901,1712226886798,72,1,[],[]
1712227476901,1712226887798,72,1,[],[]
1712227476901,1712226888798,72,1,[],[]
1712227476901,1712226889798,72,1,[],[]
1712227476901,1712226890798,71,1,[],[]
1712227476901,1712226891798,73,1,[],[]
1712227476901,1712226892798,71,1,[],[]
1712227476901,1712226893798,70,1,[],[]
1712227476901,1712226894798,71,1,[],[]
1712227476901,1712226895798,71,1,[],[]
1712227476901,1712226896798,72,1,[],[]
1712227476901,1712226897798,72,1,[],[]
1712227476901,1712226898798,72,1,[],[]
1712227476901,1712226899798,72,1,[],[]
1712227476901,1712226900798,72,1,[],[]
1712227476901,1712226901798,72,1,[],[]
1712227476901,1712226902798,72,1,[],[]
1712227476901,1712226903798,72,1,[],[]
1712227476901,1712226904798,72,1,[],[]
1712227476901,1712226905798,71,1,[],[]
1712227476901,1712226906798,70,1,[],[]
1712227476901,1712226907798,70,1,[],[]
1712227476901,1712226908798,70,1,[],[]
1712227476901,1712226909798,70,1,[],[]
1712227476901,1712226910798,69,1,[],[]
1712227476901,1712226911798,69,1,[],[]
1712227476901,1712226912798,69,1,[],[]
1712227476901,1712226913798,69,1,[],[]
1712227476901,1712226914798,69,1,[],[]
1712227476901,1712226915798,70,1,[],[]
1712227476901,1712226916798,70,1,[],[]
1712227476901,1712226917798,71,1,[],[]
1712227476901,1712226918798,71,1,[],[]
1712227476901,1712226919798,72,1,[],[]
1712227476901,1712226920798,72,1,[],[]
1712227476901,1712226921798,72,1,[],[]
1712227476901,1712226922798,71,1,[],[]
1712227476901,1712226923798,72,1,[],[]
1712227476901,1712226924798,72,1,[],[]
1712227476901,1712226925798,73,1,[],[]
1712227476901,1712226926798,74,1,[],[]
1712227476901,1712226927798,74,1,[],[]
1712227476901,1712226928798,75,1,[],[]
1712227476901,1712226929798,76,1,[],[]
1712227476901,1712226930798,76,1,[],[]
1712227476901,1712226931798,77,1,[],[]
1712227476901,1712226932798,78,1,[],[]
1712227476901,1712226933798,78,1,[],[]
1712227476901,1712226934798,78,1,[],[]
1712227476901,1712226935798,78,1,[],[]
1712227476901,1712226936798,78,1,[],[]
1712227476901,1712226937798,78,1,[],[]
1712227476901,1712226938798,78,1,[],[]
1712227476901,1712226939798,78,1,[],[]
1712227476901,1712226940798,78,1,[],[]
1712227476901,1712226941798,77,1,[],[]
1712227476901,1712226942798,77,1,[],[]
1712227476901,1712226943798,77,1,[],[]
1712227476901,1712226944798,76,1,[],[]
1712227476901,1712226945798,76,1,[],[]
1712227476901,1712226946798,76,1,[],[]
1712227476901,1712226947798,77,1,[],[]
1712227476901,1712226948798,77,1,[],[]
1712227476901,1712226949798,77,1,[],[]
1712227476901,1712226950798,77,1,[],[]
1712227476901,1712226951798,77,1,[],[]
1712227476901,1712226952798,77,1,[],[]
1712227476901,1712226953798,78,1,[],[]
1712227476901,1712226954798,78,1,[],[]
1712227476901,1712226955798,78,1,[],[]
1712227476901,1712226956798,77,1,[],[]
1712227476901,1712226957798,77,1,[],[]
1712227476901,1712226958798,76,1,[],[]
1712227476901,1712226959798,75,1,[],[]
1712227476901,1712226960798,75,1,[],[]
1712227476901,1712226961798,74,1,[],[]
1712227476901,1712226962798,73,1,[],[]
1712227476901,1712226963798,72,1,[],[]
1712227476901,1712226964798,72,1,[],[]
1712227476901,1712226965798,72,1,[],[]
1712227476901,1712226966798,72,1,[],[]
1712227476901,1712226967798,73,1,[],[]
1712227476901,1712226968798,73,1,[],[]
1712227476901,1712226969798,73,1,[],[]
1712227476901,1712226970798,73,1,[],[]
1712227476901,1712226971798,73,1,[],[]
1712227476901,1712226972798,72,1,[],[]
1712227476901,1712226973798,71,1,[],[]
1712227476901,1712226974798,71,1,[],[]
1712227476901,1712226975798,70,1,[],[]
1712227476901,1712226976798,70,1,[],[]
1712227476901,1712226977798,69,1,[],[]
1712227476901,1712226978798,68,1,[],[]
1712227476901,1712226979798,68,1,[],[]
1712227476901,1712226980798,68,1,[],[]
1712227476901,1712226981798,68,1,[],[]
1712227476901,1712226982798,68,1,[],[]
1712227476901,1712226983798,68,1,[],[]
1712227476901,1712226984798,68,1,[],[]
1712227476901,1712226985798,68,1,[],[]
1712227476901,1712226986798,68,1,[],[]
1712227476901,1712226987798,68,1,[],[]
1712227476901,1712226988798,67,1,[],[]
1712227476901,1712226989798,67,1,[],[]
1712227476901,1712226990798,67,1,[],[]
1712227476901,1712226991798,68,1,[],[]
1712227476901,1712226992798,69,1,[],[]
1712227476901,1712226993798,70,1,[],[]
1712227476901,1712226994798,71,1,[],[]
1712227476901,1712226995798,72,1,[],[]
1712227476901,1712226996798,72,1,[],[]
1712227476901,1712226997798,73,1,[],[]
1712227476901,1712226998798,75,1,[],[]
1712227476901,1712226999798,75,1,[],[]
1712227476901,1712227000798,77,1,[],[]
1712227476901,1712227001798,78,1,[],[]
1712227476901,1712227002798,80,1,[],[]
1712227476901,1712227003798,80,1,[],[]
1712227476901,1712227004798,80,1,[],[]
1712227476901,1712227005798,80,1,[],[]
1712227476901,1712227006798,80,1,[],[]
1712227476901,1712227007798,79,1,[],[]
1712227476901,1712227008798,78,1,[],[]
1712227476901,1712227009798,79,1,[],[]
1712227476901,1712227010798,80,1,[],[]
1712227476901,1712227011798,81,1,[],[]
1712227476901,1712227012798,82,1,[],[]
1712227476901,1712227013798,83,1,[],[]
1712227476901,1712227014798,85,1,[],[]
1712227476901,1712227015798,86,1,[],[]
1712227476901,1712227016798,0,-10,[],[]
1712227476901,1712227017798,0,-10,[],[]
1712227476901,1712227018798,0,-10,[],[]
1712227476901,1712227019798,0,-10,[],[]
1712227476901,1712227020798,0,-10,[],[]
1712227476901,1712227021798,0,-10,[],[]
1712227476901,1712227022798,0,-10,[],[]
1712227476901,1712227023798,0,-10,[],[]
1712227476901,1712227024798,0,-10,[],[]
1712227476901,1712227025798,0,-10,[],[]
1712227476901,1712227026798,0,-10,[],[]
1712227476901,1712227027798,95,1,[],[]
1712227476901,1712227028798,95,1,[],[]
1712227476901,1712227029798,94,1,[],[]
1712227476901,1712227030798,95,1,[],[]
1712227476901,1712227031798,96,1,[],[]
1712227476901,1712227032798,97,1,[],[]
1712227476901,1712227033798,97,1,[],[]
1712227476901,1712227034798,98,1,[],[]
1712227476901,1712227035798,98,1,[],[]
1712227476901,1712227036798,98,1,[],[]
1712227476901,1712227037798,98,1,[],[]
1712227476901,1712227038798,97,1,[],[]
1712227476901,1712227039798,97,1,[],[]
1712227476901,1712227040798,96,1,[],[]
1712227476901,1712227041798,97,1,[],[]
1712227476901,1712227042798,96,1,[],[]
1712227476901,1712227043798,96,1,[],[]
1712227476901,1712227044798,97,1,[],[]
1712227476901,1712227045798,0,-10,[],[]
1712227476901,1712227046798,96,1,[],[]
1712227476901,1712227047798,96,1,[],[]
1712227476901,1712227048798,95,1,[],[]
1712227476901,1712227049798,94,1,[],[]
1712227476901,1712227050798,0,-10,[],[]
1712227476901,1712227051798,0,-10,[],[]
1712227476901,1712227052798,91,1,[],[]
1712227476901,1712227053798,89,1,[],[]
1712227476901,1712227054798,88,1,[],[]
1712227476901,1712227055798,86,1,[],[]
1712227476901,1712227056798,86,1,[],[]
1712227476901,1712227057798,86,1,[],[]
1712227476901,1712227058798,88,1,[],[]
1712227476901,1712227059798,90,1,[],[]
1712227476901,1712227060798,92,1,[],[]
1712227476901,1712227061798,92,1,[],[]
1712227476901,1712227062798,90,1,[],[]
1712227476901,1712227063798,90,1,[],[]
1712227476901,1712227064798,89,1,[],[]
1712227476901,1712227065798,88,1,[],[]
1712227476901,1712227066798,88,1,[],[]
1712227476901,1712227067798,87,1,[],[]
1712227476901,1712227068798,87,1,[],[]
1712227476901,1712227069798,86,1,[],[]
1712227476901,1712227070798,85,1,[],[]
1712227476901,1712227071798,85,1,[],[]
1712227476901,1712227072798,85,1,[],[]
1712227476901,1712227073798,84,1,[],[]
1712227476901,1712227074798,84,1,[],[]
1712227476901,1712227075798,83,1,[],[]
1712227476901,1712227076798,83,1,[],[]
1712227476901,1712227077798,83,1,[],[]
1712227476901,1712227078798,83,1,[],[]
1712227476901,1712227079798,84,1,[],[]
1712227476901,1712227080798,84,1,[],[]
1712227476901,1712227081798,85,1,[],[]
1712227476901,1712227082798,86,1,[],[]
1712227476901,1712227083798,86,1,[],[]
1712227476901,1712227084798,86,1,[],[]
1712227476901,1712227085798,87,1,[],[]
1712227476901,1712227086798,87,1,[],[]
1712227476901,1712227087798,87,1,[],[]
1712227476901,1712227088798,88,1,[],[]
1712227476901,1712227089798,89,1,[],[]
1712227476901,1712227090798,90,1,[],[]
1712227476901,1712227091798,90,1,[],[]
1712227476901,1712227092798,90,1,[],[]
1712227476901,1712227093798,89,1,[],[]
1712227476901,1712227094798,88,1,[],[]
1712227476901,1712227095798,88,1,[],[]
1712227476901,1712227096798,87,1,[],[]
1712227476901,1712227097798,86,1,[],[]
1712227476901,1712227098798,85,1,[],[]
1712227476901,1712227099798,84,1,[],[]
1712227476901,1712227100798,84,1,[],[]
1712227476901,1712227101798,83,1,[],[]
1712227476901,1712227102798,82,1,[],[]
1712227476901,1712227103798,82,1,[],[]
1712227476901,1712227104798,82,1,[],[]
1712227476901,1712227105798,82,1,[],[]
1712227476901,1712227106798,82,1,[],[]
1712227476901,1712227107798,82,1,[],[]
1712227476901,1712227108798,81,1,[],[]
1712227476901,1712227109798,81,1,[],[]
1712227476901,1712227110798,80,1,[],[]
1712227476901,1712227111798,80,1,[],[]
1712227476901,1712227112798,81,1,[],[]
1712227476901,1712227113798,81,1,[],[]
1712227476901,1712227114798,81,1,[],[]
1712227476901,1712227115798,81,1,[],[]
1712227476901,1712227116798,82,1,[],[]
1712227476901,1712227117798,83,1,[],[]
1712227476901,1712227118798,84,1,[],[]
1712227476901,1712227119798,85,1,[],[]
1712227476901,1712227120798,86,1,[],[]
1712227476901,1712227121798,87,1,[],[]
1712227476901,1712227122798,88,1,[],[]
1712227476901,1712227123798,89,1,[],[]
1712227476901,1712227124798,89,1,[],[]
1712227476901,1712227125798,89,1,[],[]
1712227476901,1712227126798,89,1,[],[]
1712227476901,1712227127798,89,1,[],[]
1712227476901,1712227128798,89,1,[],[]
1712227476901,1712227129798,90,1,[],[]
1712227476901,1712227130798,90,1,[],[]
1712227476901,1712227131798,91,1,[],[]
1712227476901,1712227132798,91,1,[],[]
1712227476901,1712227133798,90,1,[],[]
1712227476901,1712227134798,90,1,[],[]
1712227476901,1712227135798,90,1,[],[]
1712227476901,1712227136798,90,1,[],[]
1712227476901,1712227137798,89,1,[],[]
1712227476901,1712227138798,88,1,[],[]
1712227476901,1712227139798,88,1,[],[]
1712227476901,1712227140798,87,1,[],[]
1712227476901,1712227141798,87,1,[],[]
1712227476901,1712227142798,89,1,[],[]
1712227476901,1712227143798,89,1,[],[]
1712227476901,1712227144798,90,1,[],[]
1712227476901,1712227145798,89,1,[],[]
1712227476901,1712227146798,88,1,[],[]
1712227476901,1712227147798,85,1,[],[]
1712227476901,1712227148798,83,1,[],[]
1712227476901,1712227149798,82,1,[],[]
1712227476901,1712227150798,81,1,[],[]
1712227476901,1712227151798,80,1,[],[]
1712227476901,1712227152798,79,1,[],[]
1712227476901,1712227153798,80,1,[],[]
1712227476901,1712227154798,79,1,[],[]
1712227476901,1712227155798,79,1,[],[]
1712227476901,1712227156798,78,1,[],[]
1712227476901,1712227157798,78,1,[],[]
1712227476901,1712227158798,77,1,[],[]
1712227476901,1712227159798,76,1,[],[]
1712227476901,1712227160798,72,1,[],[]
1712227476901,1712227161798,71,1,[],[]
1712227476901,1712227162798,70,1,[],[]
1712227476901,1712227163798,69,1,[],[]
1712227476901,1712227164798,68,1,[],[]
1712227476901,1712227165798,67,1,[],[]
1712227476901,1712227166798,67,1,[],[]
1712227476901,1712227167798,66,1,[],[]
1712227476901,1712227168798,65,1,[],[]
1712227476901,1712227169798,64,1,[],[]
1712227476901,1712227170798,64,1,[],[]
1712227476901,1712227171798,63,1,[],[]
1712227476901,1712227172798,63,1,[],[]
1712227476901,1712227173798,63,1,[],[]
1712227476901,1712227174798,63,1,[],[]
1712227476901,1712227175798,62,1,[],[]
1712227476901,1712227176798,62,1,[],[]
1712227476901,1712227177798,61,1,[],[]
1712227476901,1712227178798,61,1,[],[]
1712227476901,1712227179798,61,1,[],[]
1712227476901,1712227180798,61,1,[],[]
1712227476901,1712227181798,60,1,[],[]
1712227476901,1712227182798,60,1,[],[]
1712227476901,1712227183798,60,1,[],[]
1712227476901,1712227184798,60,1,[],[]
1712227476901,1712227185798,60,1,[],[]
1712227476901,1712227186798,60,1,[],[]
1712227476901,1712227187798,60,1,[],[]
1712227476901,1712227188798,60,1,[],[]
1712227476901,1712227189798,60,1,[],[]
1712227476901,1712227190798,61,1,[],[]
1712227476901,1712227191798,61,1,[],[]
1712227476901,1712227192798,62,1,[],[]
1712227476901,1712227193798,62,1,[],[]
1712227476901,1712227194798,63,1,[],[]
1712227476901,1712227195798,62,1,[],[]
1712227476901,1712227196798,62,1,[],[]
1712227476901,1712227197798,62,1,[],[]
1712227476901,1712227198798,62,1,[],[]
1712227476901,1712227199798,62,1,[],[]
1712227476901,1712227200798,62,1,[],[]
1712227476901,1712227201798,62,1,[],[]
1712227476901,1712227202798,62,1,[],[]
1712227476901,1712227203798,63,1,[],[]
1712227476901,1712227204798,63,1,[],[]
1712227476901,1712227205798,64,1,[],[]
1712227476901,1712227206798,64,1,[],[]
1712227476901,1712227207798,64,1,[],[]
1712227476901,1712227208798,64,1,[],[]
1712227476901,1712227209798,64,1,[],[]
1712227476901,1712227210798,64,1,[],[]
1712227476901,1712227211798,64,1,[],[]
1712227476901,1712227212798,64,1,[],[]
1712227476901,1712227213798,65,1,[],[]
1712227476901,1712227214798,65,1,[],[]
1712227476901,1712227215798,64,1,[],[]
1712227476901,1712227216798,64,1,[],[]
1712227476901,1712227217798,64,1,[],[]
1712227476901,1712227218798,64,1,[],[]
1712227476901,1712227219798,64,1,[],[]
1712227476901,1712227220798,64,1,[],[]
1712227476901,1712227221798,65,1,[],[]
1712227476901,1712227222798,65,1,[],[]
1712227476901,1712227223798,65,1,[],[]
1712227476901,1712227224798,65,1,[],[]
1712227476901,1712227225798,65,1,[],[]
1712227476901,1712227226798,65,1,[],[]
1712227476901,1712227227798,65,1,[],[]
1712227476901,1712227228798,66,1,[],[]
1712227476901,1712227229798,66,1,[],[]
1712227476901,1712227230798,66,1,[],[]
1712227476901,1712227231798,67,1,[],[]
1712227476901,1712227232798,68,1,[],[]
1712227476901,1712227233798,68,1,[],[]
1712227476901,1712227234798,69,1,[],[]
1712227476901,1712227235798,69,1,[],[]
1712227476901,1712227236798,69,1,[],[]
1712227476901,1712227237798,70,1,[],[]
1712227476901,1712227238798,71,1,[],[]
1712227476901,1712227239798,70,1,[],[]
1712227476901,1712227240798,70,1,[],[]
1712227476901,1712227241798,70,1,[],[]
1712227476901,1712227242798,70,1,[],[]
1712227476901,1712227243798,70,1,[],[]
1712227476901,1712227244798,60,1,[],[]
1712227476901,1712227245798,61,1,[],[]
1712227476901,1712227246798,61,1,[],[]
1712227476901,1712227247798,62,1,[],[]
1712227476901,1712227248798,63,1,[],[]
1712227476901,1712227249798,64,1,[],[]
1712227476901,1712227250798,64,1,[],[]
1712227476901,1712227251798,65,1,[],[]
1712227476901,1712227252798,67,1,[],[]
1712227476901,1712227253798,68,1,[],[]
1712227476901,1712227254798,69,1,[],[]
1712227476901,1712227255798,70,1,[],[]
1712227476901,1712227256798,70,1,[],[]
1712227476901,1712227257798,69,1,[],[]
1712227476901,1712227258798,69,1,[],[]
1712227476901,1712227259798,68,1,[],[]
1712227476901,1712227260798,68,1,[],[]
1712227476901,1712227261798,68,1,[],[]
1712227476901,1712227262798,68,1,[],[]
1712227476901,1712227263798,69,1,[],[]
1712227476901,1712227264798,70,1,[],[]
1712227476901,1712227265798,70,1,[],[]
1712227476901,1712227266798,71,1,[],[]
1712227476901,1712227267798,71,1,[],[]
1712227476901,1712227268798,72,1,[],[]
1712227476901,1712227269798,72,1,[],[]
1712227476901,1712227270798,72,1,[],[]
1712227476901,1712227271798,73,1,[],[]
1712227476901,1712227272798,74,1,[],[]
1712227476901,1712227273798,74,1,[],[]
1712227476901,1712227274798,74,1,[],[]
1712227476901,1712227275798,73,1,[],[]
1712227476901,1712227276798,72,1,[],[]
1712227476901,1712227277798,72,1,[],[]
1712227476901,1712227278798,71,1,[],[]
1712227476901,1712227279798,70,1,[],[]
1712227476901,1712227280798,70,1,[],[]
1712227476901,1712227281798,69,1,[],[]
1712227476901,1712227282798,69,1,[],[]
1712227476901,1712227283798,68,1,[],[]
1712227476901,1712227284798,68,1,[],[]
1712227476901,1712227285798,68,1,[],[]
1712227476901,1712227286798,67,1,[],[]
1712227476901,1712227287798,67,1,[],[]
1712227476901,1712227288798,67,1,[],[]
1712227476901,1712227289798,68,1,[],[]
1712227476901,1712227290798,69,1,[],[]
1712227476901,1712227291798,69,1,[],[]
1712227476901,1712227292798,70,1,[],[]
1712227476901,1712227293798,70,1,[],[]
1712227476901,1712227294798,70,1,[],[]
1712227476901,1712227295798,70,1,[],[]
1712227476901,1712227296798,70,1,[],[]
1712227476901,1712227297798,71,1,[],[]
1712227476901,1712227298798,72,1,[],[]
1712227476901,1712227299798,72,1,[],[]
1712227476901,1712227300798,72,1,[],[]
1712227476901,1712227301798,72,1,[],[]
1712227476901,1712227302798,72,1,[],[]
1712227476901,1712227303798,72,1,[],[]
1712227476901,1712227304798,72,1,[],[]
1712227476901,1712227305798,72,1,[],[]
1712227476901,1712227306798,72,1,[],[]
1712227476901,1712227307798,73,1,[],[]
1712227476901,1712227308798,73,1,[],[]
1712227476901,1712227309798,74,1,[],[]
1712227476901,1712227310798,74,1,[],[]
1712227476901,1712227311798,74,1,[],[]
1712227476901,1712227312798,74,1,[],[]
1712227476901,1712227313798,74,1,[],[]
1712227476901,1712227314798,74,1,[],[]
1712227476901,1712227315798,74,1,[],[]
1712227476901,1712227316798,75,1,[],[]
1712227476901,1712227317798,74,1,[],[]
1712227476901,1712227318798,74,1,[],[]
1712227476901,1712227319798,74,1,[],[]
1712227476901,1712227320798,74,1,[],[]
1712227476901,1712227321798,74,1,[],[]
1712227476901,1712227322798,74,1,[],[]
1712227476901,1712227323798,74,1,[],[]
1712227476901,1712227324798,75,1,[],[]
1712227476901,1712227325798,74,1,[],[]
1712227476901,1712227326798,75,1,[],[]
1712227476901,1712227327798,75,1,[],[]
1712227476901,1712227328798,75,1,[],[]
1712227476901,1712227329798,74,1,[],[]
1712227476901,1712227330798,74,1,[],[]
1712227476901,1712227331798,73,1,[],[]
1712227476901,1712227332798,73,1,[],[]
1712227476901,1712227333798,73,1,[],[]
1712227476901,1712227334798,72,1,[],[]
1712227476901,1712227335798,71,1,[],[]
1712227476901,1712227336798,71,1,[],[]
1712227476901,1712227337798,70,1,[],[]
1712227476901,1712227338798,70,1,[],[]
1712227476901,1712227339798,69,1,[],[]
1712227476901,1712227340798,70,1,[],[]
1712227476901,1712227341798,71,1,[],[]
1712227476901,1712227342798,71,1,[],[]
1712227476901,1712227343798,71,1,[],[]
1712227476901,1712227344798,71,1,[],[]
1712227476901,1712227345798,70,1,[],[]
1712227476901,1712227346798,69,1,[],[]
1712227476901,1712227347798,69,1,[],[]
1712227476901,1712227348798,69,1,[],[]
1712227476901,1712227349798,70,1,[],[]
1712227476901,1712227350798,71,1,[],[]
1712227476901,1712227351798,72,1,[],[]
1712227476901,1712227352798,74,1,[],[]
1712227476901,1712227353798,75,1,[],[]
1712227476901,1712227354798,76,1,[],[]
1712227476901,1712227355798,76,1,[],[]
1712227476901,1712227356798,76,1,[],[]
1712227476901,1712227357798,76,1,[],[]
1712227476901,1712227358798,75,1,[],[]
1712227476901,1712227359798,75,1,[],[]
1712227476901,1712227360798,74,1,[],[]
1712227476901,1712227361798,74,1,[],[]
1712227476901,1712227362798,73,1,[],[]
1712227476901,1712227363798,73,1,[],[]
1712227476901,1712227364798,73,1,[],[]
1712227476901,1712227365798,73,1,[],[]
1712227476901,1712227366798,73,1,[],[]
1712227476901,1712227367798,73,1,[],[]
1712227476901,1712227368798,73,1,[],[]
1712227476901,1712227369798,73,1,[],[]
1712227476901,1712227370798,72,1,[],[]
1712227476901,1712227371798,72,1,[],[]
1712227476901,1712227372798,71,1,[],[]
1712227476901,1712227373798,71,1,[],[]
1712227476901,1712227374798,71,1,[],[]
1712227476901,1712227375798,72,1,[],[]
1712227476901,1712227376798,72,1,[],[]
1712227476901,1712227377798,73,1,[],[]
1712227476901,1712227378798,73,1,[],[]
1712227476901,1712227379798,74,1,[],[]
1712227476901,1712227380798,75,1,[],[]
1712227476901,1712227381798,76,1,[],[]
1712227476901,1712227382798,76,1,[],[]
1712227476901,1712227383798,77,1,[],[]
1712227476901,1712227384798,78,1,[],[]
1712227476901,1712227385798,78,1,[],[]
1712227476901,1712227386798,78,1,[],[]
1712227476901,1712227387798,77,1,[],[]
1712227476901,1712227388798,77,1,[],[]
1712227476901,1712227389798,76,1,[],[]
1712227476901,1712227390798,76,1,[],[]
1712227476901,1712227391798,77,1,[],[]
1712227476901,1712227392798,77,1,[],[]
1712227476901,1712227393798,78,1,[],[]
1712227476901,1712227394798,79,1,[],[]
1712227476901,1712227395798,79,1,[],[]
1712227476901,1712227396798,79,1,[],[]
1712227476901,1712227397798,79,1,[],[]
1712227476901,1712227398798,79,1,[],[]
1712227476901,1712227399798,79,1,[],[]
1712227476901,1712227400798,79,1,[],[]
1712227476901,1712227401798,78,1,[],[]
1712227476901,1712227402798,78,1,[],[]
1712227476901,1712227403798,77,1,[],[]
1712227476901,1712227404798,77,1,[],[]
1712227476901,1712227405798,76,1,[],[]
1712227476901,1712227406798,76,1,[],[]
1712227476901,1712227407798,75,1,[],[]
1712227476901,1712227408798,75,1,[],[]
1712227476901,1712227409798,75,1,[],[]
1712227476901,1712227410798,74,1,[],[]
1712227476901,1712227411798,75,1,[],[]
1712227476901,1712227412798,76,1,[],[]
1712227476901,1712227413798,76,1,[],[]
1712227476901,1712227414798,77,1,[],[]
1712227476901,1712227415798,77,1,[],[]
1712227476901,1712227416798,77,1,[],[]
1712227476901,1712227417798,77,1,[],[]
1712227476901,1712227418798,77,1,[],[]
1712227476901,1712227419798,77,1,[],[]
1712227476901,1712227420798,77,1,[],[]
1712227476901,1712227421798,77,1,[],[]
1712227476901,1712227422798,77,1,[],[]
1712227476901,1712227423798,77,1,[],[]
1712227476901,1712227424798,77,1,[],[]
1712227476901,1712227425798,77,1,[],[]
1712227476901,1712227426798,78,1,[],[]
1712227476901,1712227427798,78,1,[],[]
1712227476901,1712227428798,78,1,[],[]
1712227476901,1712227429798,78,1,[],[]
1712227476901,1712227430798,78,1,[],[]
1712227476901,1712227431798,78,1,[],[]
1712227476901,1712227432798,78,1,[],[]
1712227476901,1712227433798,77,1,[],[]
1712227476901,1712227434798,77,1,[],[]
1712227476901,1712227435798,77,1,[],[]
1712227476901,1712227436798,77,1,[],[]
1712227476901,1712227437798,77,1,[],[]
1712227476901,1712227438798,77,1,[],[]
1712227476901,1712227439798,77,1,[],[]
1712227476901,1712227440798,77,1,[],[]
1712227476901,1712227441798,76,1,[],[]
1712227476901,1712227442798,76,1,[],[]
1712227476901,1712227443798,76,1,[],[]
1712227476901,1712227444798,65,1,[],[]
1712227476901,1712227445798,66,1,[],[]
1712227476901,1712227446798,66,1,[],[]
1712227476901,1712227447798,67,1,[],[]
1712227476901,1712227448798,67,1,[],[]
1712227476901,1712227449798,67,1,[],[]
1712227476901,1712227450798,68,1,[],[]
1712227476901,1712227451798,68,1,[],[]
1712227476901,1712227452798,68,1,[],[]
1712227476901,1712227453798,68,1,[],[]
1712227476901,1712227454798,68,1,[],[]
1712227476901,1712227455798,68,1,[],[]
1712227476901,1712227456798,69,1,[],[]
1712227476901,1712227457798,69,1,[],[]
1712227476901,1712227458798,70,1,[],[]
1712227476901,1712227459798,70,1,[],[]
1712227476901,1712227460798,71,1,[],[]
1712227476901,1712227461798,72,1,[],[]
1712227476901,1712227462798,71,1,[],[]
1712227476901,1712227463798,71,1,[],[]
1712227476901,1712227464798,70,1,[],[]
1712227476901,1712227465798,70,1,[],[]
1712227476901,1712227466798,69,1,[],[]
1712227476901,1712227467798,69,1,[],[]
1712227476901,1712227468798,69,1,[],[]
1712227476901,1712227469798,69,1,[],[]
1712227476901,1712227470798,70,1,[],[]
1712227476901,1712227471798,70,1,[],[]
1712227476901,1712227472798,71,1,[],[]
1712227476901,1712227473798,72,1,[],[]
1712227476901,1712227474798,72,1,[],[]
1712227476901,1712227475798,73,1,[],[]
1712227476901,1712227476798,74,1,[],[]
1712228079430,1712227480308,75,1,"[791,782,718,703,640,650,646,661,686,694,718,731,746,762,767,766,775,760,754,755,733,767,794,780,762,844,805,757,770,790,794,795,808,812,795,762,766,780,783,782,796,787,785,785,785,776,787,788,805,829,782,776,755,761,762,803,814,827,857,841,853,869,773,801,807,800,752,761,754,723,742,778,805,796,799,804,810,744,806,844,821,813,812,892,855,854,853,799,795,806,802,763,801,796,783,769,769,760,754,765,776,772,790,818,798,804,813,747,784,801,810,792,818,845,835,824,828,844,824,842,855,840,807,847,842,838,825,808,815,810,769,718,762,783,783,865,855,850,865,807,777,709,726,768,790,826,820,858,850,915,916,925,846,816,756,804,785,791,803,793,807,827,802,884,910,900,889,885,860,816,807,800,740,727,743,779,827,853,870,847,866,841,836,819,801,834,829,815,827,795,797,807,811,800,767,823,801,819,843,831,829,812,810,757,810,811,826,757,722,729,725,779,782,829,838,832,873,778,813,814,790,791,807,801,796,803,806,817,770,792,801,787,763,768,758,772,787,820,820,811,821,788,772,758,823,1240,995,785,730,786,789,839,770,788,772,803,760,775,783,784,765,775,789,763,807,811,799,758,797,771,783,792,791,770,780,746,787,779,783,798,782,798,784,788,781,615,726,718,1345,864,529,832,723,766,564,260,754,758,725,627,620,636,606,620,612,590,582,572,529,545,542,546,570,563,587,601,611,619,645,693,655,703,733,720,749,753,719,795,787,804,789,748,704,644,649,751,773,753,757,720,711,687,652,671,708,338,570,424,639,843,746,990,518,627,738,687,704,673,661,643,642,1085,812,619,913,347,960,260,814,691,633,712,739,743,760,782,743,749,803,819,826,864,818,782,643,986,306,513,740,797,777,762,785,811,814,817,780,895,766,737,797,798,746,809,692,740,808,873,960,981,990,975,969,899,779,955,876,885,892,871,769,838,769,260,652,814,878,501,549,725,993,1154,1108,870,741,767,842,1914,660,396,667,1067,366,871,857,823,882,812,809,1222,883,345,718,866,712,827,740,757,881,591,260,814,829,857,873,599,680,474,638,1022,513,1116,346,464,797,861,938,996,989,961,946,962,933,1157,947,821,745,795,827,886,953,1016,1049,999,1115,1065,1025,988,922,928,913,938,900,840,920,924,943,948,941,939,908,921,899,890,847,891,817,764,797,843,867,885,931,943,936,931,856,817,825,815,838,858,870,868,883,897,897,906,850,883,880,908,919,913,899,904,859,854,848,791,839,823,838,837,851,832,851,855,821,844,841,772,841,843,877,839,850,873,880,847,861,872,832,792,835,862,847,841,868,899,913,845,848,869,890,850,879,869,862,837,810,805,811,826,813,829,840,760,758,801,819,861,864,880,848,865,859,859,797,767,825,820,803,807,841,831,846,842,843,837,792,742,719,784,837,882,837,790,900,909,921,915,900,830,788,848,839,872,828,803,811,837,855,866,875,870,858,851,851,830,842,838,848,860,809,829,831,815,801,728,774,764,784,739,715,758,788,843,883,887,882,879,916,785,808,787,776,765,754,763,767,767,764,763,774,783,794,768,812,831,807,779,791,799,801,784,759,732,721,675,654,673,741,742,716,731,740,734,754,733,729,740,755,776,747,724,790,799,800,793,807,800,779,771,806,777,781,818,776,702,708,717,745,775,818,831,829,827,814,787,771,784,777,759,816,818,813,820,803,807,796,792,796]","[0,0,0,0,0,0,0,0,0,0,0,0,0,0,0,0,0,0,0,0,0,0,0,0,0,0,0,0,0,0,0,0,0,0,0,0,0,0,0,0,0,0,0,0,0,0,0,0,0,0,0,0,0,0,0,0,0,0,0,0,0,0,0,0,0,0,0,0,0,0,0,0,0,0,0,0,0,0,0,0,0,0,0,0,0,0,0,0,0,0,0,0,0,0,0,0,0,0,0,0,0,0,0,0,0,0,0,0,0,0,0,0,0,0,0,0,0,0,0,0,0,0,0,0,0,0,0,0,0,0,0,0,0,0,0,0,0,0,0,0,0,0,0,0,0,0,0,0,0,0,0,0,0,0,0,0,0,0,0,0,0,0,0,0,0,0,0,0,0,0,0,0,0,0,0,0,0,0,0,0,0,0,0,0,0,0,0,0,0,0,0,0,0,0,0,0,0,0,0,0,0,0,0,0,0,0,0,0,0,0,0,0,0,0,0,0,0,0,0,0,0,0,0,0,0,0,0,0,0,0,0,0,0,0,0,0,0,0,0,0,0,0,-1,-1,-1,-1,-1,-1,-1,0,0,0,0,0,0,0,0,0,0,0,0,0,0,0,0,0,0,0,0,0,0,0,0,0,0,0,0,0,0,0,0,0,0,0,-1,-1,-1,-1,0,0,0,0,0,0,0,0,0,0,0,0,0,0,0,0,0,-1,-1,-1,-1,-1,-1,0,0,0,0,0,0,0,0,0,0,0,0,0,0,0,0,0,0,0,0,0,0,0,0,0,0,0,0,0,0,0,0,0,0,0,-1,-1,-1,-1,-1,-1,-1,-1,-1,0,0,0,0,-1,-1,-1,-1,-1,-1,-1,-1,-1,0,0,0,0,0,0,0,0,0,0,0,0,0,0,0,-1,-1,-1,-1,-1,0,0,0,0,0,0,0,0,-1,-1,-1,-1,-1,-1,-1,0,0,0,0,0,0,0,0,0,0,0,0,0,0,0,0,0,-1,-1,-1,-1,-1,-1,-1,-1,-1,-1,-1,-1,0,0,0,0,-1,-1,-1,-1,-1,-1,-1,-1,-1,-1,-1,-1,-1,-1,-1,-1,-1,-1,-1,-1,-1,-1,-1,-1,-1,-1,0,0,0,0,-1,-1,-1,-1,-1,0,0,0,0,0,0,0,0,0,0,0,0,0,0,0,0,0,0,0,0,0,0,0,0,0,0,0,0,0,0,0,0,0,0,0,0,0,0,0,0,0,0,0,0,0,0,0,0,0,0,0,0,0,0,0,0,0,0,0,0,0,0,0,0,0,0,0,0,0,0,0,0,0,0,0,0,0,0,0,0,0,0,0,0,0,0,0,0,0,0,0,0,0,0,0,0,0,0,0,0,0,0,0,0,0,0,0,0,0,0,0,0,0,0,0,0,0,0,0,0,0,0,0,0,0,0,0,0,0,0,0,0,0,0,0,0,0,0,0,0,0,0,0,0,0,0,0,0,0,0,0,0,0,0,0,0,0,0,0,0,0,0,0,0,0,0,0,0,0,0,0,0,0,0,0,0,0,0,0,0,0,0,0,0,0,0,0,0,0,0,0,0,0,0,0,0,0,0,0,0,0,0,0,0,0,0,0,0,0,0,0,0,0,0,0,0,0,0,0,0,0,0,0,0,0,0,0,0,0,0,0,0,0,0,0,0,0,0,0,0,0,0,0,0,0,0,0,0,0,0,0,0,0,0,0,0,0,0,0,0,0,0,0,0,0,0,0,0,0,0,0,0,0,0,0,0,0,0,0,0,0,0]"
1712228079430,1712227481308,77,1,[],[]
1712228079430,1712227482308,78,1,[],[]
1712228079430,1712227483308,78,1,[],[]
1712228079430,1712227484308,79,1,[],[]
1712228079430,1712227485308,78,1,[],[]
1712228079430,1712227486308,78,1,[],[]
1712228079430,1712227487308,78,1,[],[]
1712228079430,1712227488308,79,1,[],[]
1712228079430,1712227489308,79,1,[],[]
1712228079430,1712227490308,79,1,[],[]
1712228079430,1712227491308,79,1,[],[]
1712228079430,1712227492308,78,1,[],[]
1712228079430,1712227493308,78,1,[],[]
1712228079430,1712227494308,71,1,[],[]
1712228079430,1712227495308,78,1,[],[]
1712228079430,1712227496308,77,1,[],[]
1712228079430,1712227497308,77,1,[],[]
1712228079430,1712227498308,77,1,[],[]
1712228079430,1712227499308,77,1,[],[]
1712228079430,1712227500308,77,1,[],[]
1712228079430,1712227501308,77,1,[],[]
1712228079430,1712227502308,77,1,[],[]
1712228079430,1712227503308,77,1,[],[]
1712228079430,1712227504308,77,1,[],[]
1712228079430,1712227505308,77,1,[],[]
1712228079430,1712227506308,77,1,[],[]
1712228079430,1712227507308,77,1,[],[]
1712228079430,1712227508308,77,1,[],[]
1712228079430,1712227509308,77,1,[],[]
1712228079430,1712227510308,77,1,[],[]
1712228079430,1712227511308,76,1,[],[]
1712228079430,1712227512308,76,1,[],[]
1712228079430,1712227513308,76,1,[],[]
1712228079430,1712227514308,76,1,[],[]
1712228079430,1712227515308,77,1,[],[]
1712228079430,1712227516308,77,1,[],[]
1712228079430,1712227517308,76,1,[],[]
1712228079430,1712227518308,76,1,[],[]
1712228079430,1712227519308,76,1,[],[]
1712228079430,1712227520308,75,1,[],[]
1712228079430,1712227521308,75,1,[],[]
1712228079430,1712227522308,74,1,[],[]
1712228079430,1712227523308,74,1,[],[]
1712228079430,1712227524308,74,1,[],[]
1712228079430,1712227525308,75,1,[],[]
1712228079430,1712227526308,75,1,[],[]
1712228079430,1712227527308,76,1,[],[]
1712228079430,1712227528308,76,1,[],[]
1712228079430,1712227529308,77,1,[],[]
1712228079430,1712227530308,77,1,[],[]
1712228079430,1712227531308,77,1,[],[]
1712228079430,1712227532308,76,1,[],[]
1712228079430,1712227533308,76,1,[],[]
1712228079430,1712227534308,76,1,[],[]
1712228079430,1712227535308,76,1,[],[]
1712228079430,1712227536308,76,1,[],[]
1712228079430,1712227537308,75,1,[],[]
1712228079430,1712227538308,75,1,[],[]
1712228079430,1712227539308,75,1,[],[]
1712228079430,1712227540308,74,1,[],[]
1712228079430,1712227541308,74,1,[],[]
1712228079430,1712227542308,74,1,[],[]
1712228079430,1712227543308,74,1,[],[]
1712228079430,1712227544308,74,1,[],[]
1712228079430,1712227545308,74,1,[],[]
1712228079430,1712227546308,74,1,[],[]
1712228079430,1712227547308,74,1,[],[]
1712228079430,1712227548308,75,1,[],[]
1712228079430,1712227549308,75,1,[],[]
1712228079430,1712227550308,76,1,[],[]
1712228079430,1712227551308,76,1,[],[]
1712228079430,1712227552308,76,1,[],[]
1712228079430,1712227553308,77,1,[],[]
1712228079430,1712227554308,77,1,[],[]
1712228079430,1712227555308,77,1,[],[]
1712228079430,1712227556308,76,1,[],[]
1712228079430,1712227557308,76,1,[],[]
1712228079430,1712227558308,76,1,[],[]
1712228079430,1712227559308,76,1,[],[]
1712228079430,1712227560308,76,1,[],[]
1712228079430,1712227561308,76,1,[],[]
1712228079430,1712227562308,76,1,[],[]
1712228079430,1712227563308,75,1,[],[]
1712228079430,1712227564308,75,1,[],[]
1712228079430,1712227565308,75,1,[],[]
1712228079430,1712227566308,74,1,[],[]
1712228079430,1712227567308,74,1,[],[]
1712228079430,1712227568308,74,1,[],[]
1712228079430,1712227569308,73,1,[],[]
1712228079430,1712227570308,73,1,[],[]
1712228079430,1712227571308,73,1,[],[]
1712228079430,1712227572308,73,1,[],[]
1712228079430,1712227573308,73,1,[],[]
1712228079430,1712227574308,73,1,[],[]
1712228079430,1712227575308,73,1,[],[]
1712228079430,1712227576308,73,1,[],[]
1712228079430,1712227577308,73,1,[],[]
1712228079430,1712227578308,74,1,[],[]
1712228079430,1712227579308,74,1,[],[]
1712228079430,1712227580308,75,1,[],[]
1712228079430,1712227581308,74,1,[],[]
1712228079430,1712227582308,74,1,[],[]
1712228079430,1712227583308,74,1,[],[]
1712228079430,1712227584308,74,1,[],[]
1712228079430,1712227585308,74,1,[],[]
1712228079430,1712227586308,75,1,[],[]
1712228079430,1712227587308,75,1,[],[]
1712228079430,1712227588308,76,1,[],[]
1712228079430,1712227589308,75,1,[],[]
1712228079430,1712227590308,75,1,[],[]
1712228079430,1712227591308,75,1,[],[]
1712228079430,1712227592308,74,1,[],[]
1712228079430,1712227593308,74,1,[],[]
1712228079430,1712227594308,73,1,[],[]
1712228079430,1712227595308,72,1,[],[]
1712228079430,1712227596308,72,1,[],[]
1712228079430,1712227597308,73,1,[],[]
1712228079430,1712227598308,73,1,[],[]
1712228079430,1712227599308,74,1,[],[]
1712228079430,1712227600308,74,1,[],[]
1712228079430,1712227601308,74,1,[],[]
1712228079430,1712227602308,74,1,[],[]
1712228079430,1712227603308,74,1,[],[]
1712228079430,1712227604308,74,1,[],[]
1712228079430,1712227605308,73,1,[],[]
1712228079430,1712227606308,73,1,[],[]
1712228079430,1712227607308,72,1,[],[]
1712228079430,1712227608308,72,1,[],[]
1712228079430,1712227609308,71,1,[],[]
1712228079430,1712227610308,72,1,[],[]
1712228079430,1712227611308,72,1,[],[]
1712228079430,1712227612308,73,1,[],[]
1712228079430,1712227613308,74,1,[],[]
1712228079430,1712227614308,74,1,[],[]
1712228079430,1712227615308,74,1,[],[]
1712228079430,1712227616308,74,1,[],[]
1712228079430,1712227617308,73,1,[],[]
1712228079430,1712227618308,73,1,[],[]
1712228079430,1712227619308,73,1,[],[]
1712228079430,1712227620308,73,1,[],[]
1712228079430,1712227621308,73,1,[],[]
1712228079430,1712227622308,73,1,[],[]
1712228079430,1712227623308,73,1,[],[]
1712228079430,1712227624308,73,1,[],[]
1712228079430,1712227625308,73,1,[],[]
1712228079430,1712227626308,73,1,[],[]
1712228079430,1712227627308,73,1,[],[]
1712228079430,1712227628308,74,1,[],[]
1712228079430,1712227629308,74,1,[],[]
1712228079430,1712227630308,74,1,[],[]
1712228079430,1712227631308,74,1,[],[]
1712228079430,1712227632308,74,1,[],[]
1712228079430,1712227633308,74,1,[],[]
1712228079430,1712227634308,74,1,[],[]
1712228079430,1712227635308,74,1,[],[]
1712228079430,1712227636308,74,1,[],[]
1712228079430,1712227637308,74,1,[],[]
1712228079430,1712227638308,74,1,[],[]
1712228079430,1712227639308,74,1,[],[]
1712228079430,1712227640308,75,1,[],[]
1712228079430,1712227641308,75,1,[],[]
1712228079430,1712227642308,76,1,[],[]
1712228079430,1712227643308,76,1,[],[]
1712228079430,1712227644308,76,1,[],[]
1712228079430,1712227645308,76,1,[],[]
1712228079430,1712227646308,76,1,[],[]
1712228079430,1712227647308,75,1,[],[]
1712228079430,1712227648308,75,1,[],[]
1712228079430,1712227649308,75,1,[],[]
1712228079430,1712227650308,75,1,[],[]
1712228079430,1712227651308,75,1,[],[]
1712228079430,1712227652308,75,1,[],[]
1712228079430,1712227653308,75,1,[],[]
1712228079430,1712227654308,75,1,[],[]
1712228079430,1712227655308,75,1,[],[]
1712228079430,1712227656308,75,1,[],[]
1712228079430,1712227657308,75,1,[],[]
1712228079430,1712227658308,75,1,[],[]
1712228079430,1712227659308,75,1,[],[]
1712228079430,1712227660308,76,1,[],[]
1712228079430,1712227661308,76,1,[],[]
1712228079430,1712227662308,76,1,[],[]
1712228079430,1712227663308,76,1,[],[]
1712228079430,1712227664308,76,1,[],[]
1712228079430,1712227665308,76,1,[],[]
1712228079430,1712227666308,75,1,[],[]
1712228079430,1712227667308,76,1,[],[]
1712228079430,1712227668308,76,1,[],[]
1712228079430,1712227669308,76,1,[],[]
1712228079430,1712227670308,75,1,[],[]
1712228079430,1712227671308,75,1,[],[]
1712228079430,1712227672308,75,1,[],[]
1712228079430,1712227673308,75,1,[],[]
1712228079430,1712227674308,75,1,[],[]
1712228079430,1712227675308,75,1,[],[]
1712228079430,1712227676308,75,1,[],[]
1712228079430,1712227677308,75,1,[],[]
1712228079430,1712227678308,75,1,[],[]
1712228079430,1712227679308,76,1,[],[]
1712228079430,1712227680308,76,1,[],[]
1712228079430,1712227681308,76,1,[],[]
1712228079430,1712227682308,76,1,[],[]
1712228079430,1712227683308,77,1,[],[]
1712228079430,1712227684308,77,1,[],[]
1712228079430,1712227685308,77,1,[],[]
1712228079430,1712227686308,77,1,[],[]
1712228079430,1712227687308,76,1,[],[]
1712228079430,1712227688308,76,1,[],[]
1712228079430,1712227689308,76,1,[],[]
1712228079430,1712227690308,77,1,[],[]
1712228079430,1712227691308,77,1,[],[]
1712228079430,1712227692308,77,1,[],[]
1712228079430,1712227693308,77,1,[],[]
1712228079430,1712227694308,77,1,[],[]
1712228079430,1712227695308,77,1,[],[]
1712228079430,1712227696308,77,1,[],[]
1712228079430,1712227697308,77,1,[],[]
1712228079430,1712227698308,77,1,[],[]
1712228079430,1712227699308,77,1,[],[]
1712228079430,1712227700308,77,1,[],[]
1712228079430,1712227701308,77,1,[],[]
1712228079430,1712227702308,77,1,[],[]
1712228079430,1712227703308,77,1,[],[]
1712228079430,1712227704308,77,1,[],[]
1712228079430,1712227705308,77,1,[],[]
1712228079430,1712227706308,76,1,[],[]
1712228079430,1712227707308,77,1,[],[]
1712228079430,1712227708308,78,1,[],[]
1712228079430,1712227709308,78,1,[],[]
1712228079430,1712227710308,78,1,[],[]
1712228079430,1712227711308,79,1,[],[]
1712228079430,1712227712308,80,1,[],[]
1712228079430,1712227713308,80,1,[],[]
1712228079430,1712227714308,81,1,[],[]
1712228079430,1712227715308,82,1,[],[]
1712228079430,1712227716308,82,1,[],[]
1712228079430,1712227717308,83,1,[],[]
1712228079430,1712227718308,83,1,[],[]
1712228079430,1712227719308,0,-10,[],[]
1712228079430,1712227720308,0,-10,[],[]
1712228079430,1712227721308,0,-10,[],[]
1712228079430,1712227722308,0,-10,[],[]
1712228079430,1712227723308,0,-10,[],[]
1712228079430,1712227724308,91,1,[],[]
1712228079430,1712227725308,90,1,[],[]
1712228079430,1712227726308,89,1,[],[]
1712228079430,1712227727308,89,1,[],[]
1712228079430,1712227728308,88,1,[],[]
1712228079430,1712227729308,87,1,[],[]
1712228079430,1712227730308,85,1,[],[]
1712228079430,1712227731308,85,1,[],[]
1712228079430,1712227732308,84,1,[],[]
1712228079430,1712227733308,83,1,[],[]
1712228079430,1712227734308,84,1,[],[]
1712228079430,1712227735308,85,1,[],[]
1712228079430,1712227736308,84,1,[],[]
1712228079430,1712227737308,84,1,[],[]
1712228079430,1712227738308,83,1,[],[]
1712228079430,1712227739308,83,1,[],[]
1712228079430,1712227740308,84,1,[],[]
1712228079430,1712227741308,84,1,[],[]
1712228079430,1712227742308,84,1,[],[]
1712228079430,1712227743308,84,1,[],[]
1712228079430,1712227744308,83,1,[],[]
1712228079430,1712227745308,83,1,[],[]
1712228079430,1712227746308,81,1,[],[]
1712228079430,1712227747308,83,1,[],[]
1712228079430,1712227748308,84,1,[],[]
1712228079430,1712227749308,85,1,[],[]
1712228079430,1712227750308,86,1,[],[]
1712228079430,1712227751308,87,1,[],[]
1712228079430,1712227752308,87,1,[],[]
1712228079430,1712227753308,87,1,[],[]
1712228079430,1712227754308,88,1,[],[]
1712228079430,1712227755308,87,1,[],[]
1712228079430,1712227756308,88,1,[],[]
1712228079430,1712227757308,87,1,[],[]
1712228079430,1712227758308,86,1,[],[]
1712228079430,1712227759308,86,1,[],[]
1712228079430,1712227760308,86,1,[],[]
1712228079430,1712227761308,86,1,[],[]
1712228079430,1712227762308,85,1,[],[]
1712228079430,1712227763308,84,1,[],[]
1712228079430,1712227764308,84,1,[],[]
1712228079430,1712227765308,83,1,[],[]
1712228079430,1712227766308,82,1,[],[]
1712228079430,1712227767308,82,1,[],[]
1712228079430,1712227768308,81,1,[],[]
1712228079430,1712227769308,81,1,[],[]
1712228079430,1712227770308,81,1,[],[]
1712228079430,1712227771308,82,1,[],[]
1712228079430,1712227772308,82,1,[],[]
1712228079430,1712227773308,82,1,[],[]
1712228079430,1712227774308,81,1,[],[]
1712228079430,1712227775308,80,1,[],[]
1712228079430,1712227776308,79,1,[],[]
1712228079430,1712227777308,79,1,[],[]
1712228079430,1712227778308,78,1,[],[]
1712228079430,1712227779308,78,1,[],[]
1712228079430,1712227780308,77,1,[],[]
1712228079430,1712227781308,77,1,[],[]
1712228079430,1712227782308,77,1,[],[]
1712228079430,1712227783308,76,1,[],[]
1712228079430,1712227784308,76,1,[],[]
1712228079430,1712227785308,77,1,[],[]
1712228079430,1712227786308,77,1,[],[]
1712228079430,1712227787308,77,1,[],[]
1712228079430,1712227788308,76,1,[],[]
1712228079430,1712227789308,76,1,[],[]
1712228079430,1712227790308,75,1,[],[]
1712228079430,1712227791308,74,1,[],[]
1712228079430,1712227792308,72,1,[],[]
1712228079430,1712227793308,70,1,[],[]
1712228079430,1712227794308,71,1,[],[]
1712228079430,1712227795308,70,1,[],[]
1712228079430,1712227796308,69,1,[],[]
1712228079430,1712227797308,69,1,[],[]
1712228079430,1712227798308,69,1,[],[]
1712228079430,1712227799308,69,1,[],[]
1712228079430,1712227800308,70,1,[],[]
1712228079430,1712227801308,70,1,[],[]
1712228079430,1712227802308,70,1,[],[]
1712228079430,1712227803308,71,1,[],[]
1712228079430,1712227804308,71,1,[],[]
1712228079430,1712227805308,72,1,[],[]
1712228079430,1712227806308,71,1,[],[]
1712228079430,1712227807308,70,1,[],[]
1712228079430,1712227808308,70,1,[],[]
1712228079430,1712227809308,70,1,[],[]
1712228079430,1712227810308,72,1,[],[]
1712228079430,1712227811308,73,1,[],[]
1712228079430,1712227812308,74,1,[],[]
1712228079430,1712227813308,73,1,[],[]
1712228079430,1712227814308,72,1,[],[]
1712228079430,1712227815308,71,1,[],[]
1712228079430,1712227816308,71,1,[],[]
1712228079430,1712227817308,72,1,[],[]
1712228079430,1712227818308,72,1,[],[]
1712228079430,1712227819308,71,1,[],[]
1712228079430,1712227820308,72,1,[],[]
1712228079430,1712227821308,73,1,[],[]
1712228079430,1712227822308,74,1,[],[]
1712228079430,1712227823308,73,1,[],[]
1712228079430,1712227824308,72,1,[],[]
1712228079430,1712227825308,73,1,[],[]
1712228079430,1712227826308,73,1,[],[]
1712228079430,1712227827308,74,1,[],[]
1712228079430,1712227828308,74,1,[],[]
1712228079430,1712227829308,75,1,[],[]
1712228079430,1712227830308,76,1,[],[]
1712228079430,1712227831308,75,1,[],[]
1712228079430,1712227832308,75,1,[],[]
1712228079430,1712227833308,74,1,[],[]
1712228079430,1712227834308,74,1,[],[]
1712228079430,1712227835308,73,1,[],[]
1712228079430,1712227836308,73,1,[],[]
1712228079430,1712227837308,73,1,[],[]
1712228079430,1712227838308,73,1,[],[]
1712228079430,1712227839308,73,1,[],[]
1712228079430,1712227840308,72,1,[],[]
1712228079430,1712227841308,73,1,[],[]
1712228079430,1712227842308,73,1,[],[]
1712228079430,1712227843308,72,1,[],[]
1712228079430,1712227844308,71,1,[],[]
1712228079430,1712227845308,70,1,[],[]
1712228079430,1712227846308,68,1,[],[]
1712228079430,1712227847308,67,1,[],[]
1712228079430,1712227848308,66,1,[],[]
1712228079430,1712227849308,65,1,[],[]
1712228079430,1712227850308,64,1,[],[]
1712228079430,1712227851308,65,1,[],[]
1712228079430,1712227852308,66,1,[],[]
1712228079430,1712227853308,67,1,[],[]
1712228079430,1712227854308,68,1,[],[]
1712228079430,1712227855308,67,1,[],[]
1712228079430,1712227856308,67,1,[],[]
1712228079430,1712227857308,66,1,[],[]
1712228079430,1712227858308,65,1,[],[]
1712228079430,1712227859308,64,1,[],[]
1712228079430,1712227860308,64,1,[],[]
1712228079430,1712227861308,63,1,[],[]
1712228079430,1712227862308,62,1,[],[]
1712228079430,1712227863308,61,1,[],[]
1712228079430,1712227864308,62,1,[],[]
1712228079430,1712227865308,61,1,[],[]
1712228079430,1712227866308,63,1,[],[]
1712228079430,1712227867308,63,1,[],[]
1712228079430,1712227868308,64,1,[],[]
1712228079430,1712227869308,65,1,[],[]
1712228079430,1712227870308,65,1,[],[]
1712228079430,1712227871308,65,1,[],[]
1712228079430,1712227872308,65,1,[],[]
1712228079430,1712227873308,65,1,[],[]
1712228079430,1712227874308,65,1,[],[]
1712228079430,1712227875308,65,1,[],[]
1712228079430,1712227876308,65,1,[],[]
1712228079430,1712227877308,66,1,[],[]
1712228079430,1712227878308,66,1,[],[]
1712228079430,1712227879308,66,1,[],[]
1712228079430,1712227880308,67,1,[],[]
1712228079430,1712227881308,68,1,[],[]
1712228079430,1712227882308,69,1,[],[]
1712228079430,1712227883308,69,1,[],[]
1712228079430,1712227884308,69,1,[],[]
1712228079430,1712227885308,69,1,[],[]
1712228079430,1712227886308,69,1,[],[]
1712228079430,1712227887308,68,1,[],[]
1712228079430,1712227888308,67,1,[],[]
1712228079430,1712227889308,67,1,[],[]
1712228079430,1712227890308,68,1,[],[]
1712228079430,1712227891308,69,1,[],[]
1712228079430,1712227892308,69,1,[],[]
1712228079430,1712227893308,70,1,[],[]
1712228079430,1712227894308,70,1,[],[]
1712228079430,1712227895308,70,1,[],[]
1712228079430,1712227896308,70,1,[],[]
1712228079430,1712227897308,70,1,[],[]
1712228079430,1712227898308,69,1,[],[]
1712228079430,1712227899308,69,1,[],[]
1712228079430,1712227900308,69,1,[],[]
1712228079430,1712227901308,69,1,[],[]
1712228079430,1712227902308,68,1,[],[]
1712228079430,1712227903308,68,1,[],[]
1712228079430,1712227904308,68,1,[],[]
1712228079430,1712227905308,67,1,[],[]
1712228079430,1712227906308,68,1,[],[]
1712228079430,1712227907308,68,1,[],[]
1712228079430,1712227908308,68,1,[],[]
1712228079430,1712227909308,69,1,[],[]
1712228079430,1712227910308,69,1,[],[]
1712228079430,1712227911308,70,1,[],[]
1712228079430,1712227912308,70,1,[],[]
1712228079430,1712227913308,71,1,[],[]
1712228079430,1712227914308,71,1,[],[]
1712228079430,1712227915308,71,1,[],[]
1712228079430,1712227916308,71,1,[],[]
1712228079430,1712227917308,71,1,[],[]
1712228079430,1712227918308,72,1,[],[]
1712228079430,1712227919308,72,1,[],[]
1712228079430,1712227920308,72,1,[],[]
1712228079430,1712227921308,72,1,[],[]
1712228079430,1712227922308,72,1,[],[]
1712228079430,1712227923308,72,1,[],[]
1712228079430,1712227924308,71,1,[],[]
1712228079430,1712227925308,71,1,[],[]
1712228079430,1712227926308,71,1,[],[]
1712228079430,1712227927308,71,1,[],[]
1712228079430,1712227928308,71,1,[],[]
1712228079430,1712227929308,71,1,[],[]
1712228079430,1712227930308,71,1,[],[]
1712228079430,1712227931308,71,1,[],[]
1712228079430,1712227932308,71,1,[],[]
1712228079430,1712227933308,71,1,[],[]
1712228079430,1712227934308,71,1,[],[]
1712228079430,1712227935308,70,1,[],[]
1712228079430,1712227936308,70,1,[],[]
1712228079430,1712227937308,70,1,[],[]
1712228079430,1712227938308,70,1,[],[]
1712228079430,1712227939308,70,1,[],[]
1712228079430,1712227940308,70,1,[],[]
1712228079430,1712227941308,69,1,[],[]
1712228079430,1712227942308,69,1,[],[]
1712228079430,1712227943308,70,1,[],[]
1712228079430,1712227944308,70,1,[],[]
1712228079430,1712227945308,71,1,[],[]
1712228079430,1712227946308,71,1,[],[]
1712228079430,1712227947308,72,1,[],[]
1712228079430,1712227948308,72,1,[],[]
1712228079430,1712227949308,72,1,[],[]
1712228079430,1712227950308,73,1,[],[]
1712228079430,1712227951308,73,1,[],[]
1712228079430,1712227952308,74,1,[],[]
1712228079430,1712227953308,73,1,[],[]
1712228079430,1712227954308,73,1,[],[]
1712228079430,1712227955308,73,1,[],[]
1712228079430,1712227956308,72,1,[],[]
1712228079430,1712227957308,72,1,[],[]
1712228079430,1712227958308,72,1,[],[]
1712228079430,1712227959308,72,1,[],[]
1712228079430,1712227960308,72,1,[],[]
1712228079430,1712227961308,72,1,[],[]
1712228079430,1712227962308,73,1,[],[]
1712228079430,1712227963308,73,1,[],[]
1712228079430,1712227964308,73,1,[],[]
1712228079430,1712227965308,73,1,[],[]
1712228079430,1712227966308,73,1,[],[]
1712228079430,1712227967308,72,1,[],[]
1712228079430,1712227968308,73,1,[],[]
1712228079430,1712227969308,73,1,[],[]
1712228079430,1712227970308,74,1,[],[]
1712228079430,1712227971308,74,1,[],[]
1712228079430,1712227972308,74,1,[],[]
1712228079430,1712227973308,74,1,[],[]
1712228079430,1712227974308,74,1,[],[]
1712228079430,1712227975308,73,1,[],[]
1712228079430,1712227976308,72,1,[],[]
1712228079430,1712227977308,72,1,[],[]
1712228079430,1712227978308,71,1,[],[]
1712228079430,1712227979308,71,1,[],[]
1712228079430,1712227980308,71,1,[],[]
1712228079430,1712227981308,71,1,[],[]
1712228079430,1712227982308,71,1,[],[]
1712228079430,1712227983308,71,1,[],[]
1712228079430,1712227984308,71,1,[],[]
1712228079430,1712227985308,72,1,[],[]
1712228079430,1712227986308,72,1,[],[]
1712228079430,1712227987308,72,1,[],[]
1712228079430,1712227988308,72,1,[],[]
1712228079430,1712227989308,71,1,[],[]
1712228079430,1712227990308,71,1,[],[]
1712228079430,1712227991308,71,1,[],[]
1712228079430,1712227992308,71,1,[],[]
1712228079430,1712227993308,71,1,[],[]
1712228079430,1712227994308,71,1,[],[]
1712228079430,1712227995308,71,1,[],[]
1712228079430,1712227996308,71,1,[],[]
1712228079430,1712227997308,71,1,[],[]
1712228079430,1712227998308,71,1,[],[]
1712228079430,1712227999308,72,1,[],[]
1712228079430,1712228000308,72,1,[],[]
1712228079430,1712228001308,73,1,[],[]
1712228079430,1712228002308,73,1,[],[]
1712228079430,1712228003308,74,1,[],[]
1712228079430,1712228004308,75,1,[],[]
1712228079430,1712228005308,75,1,[],[]
1712228079430,1712228006308,76,1,[],[]
1712228079430,1712228007308,76,1,[],[]
1712228079430,1712228008308,75,1,[],[]
1712228079430,1712228009308,75,1,[],[]
1712228079430,1712228010308,74,1,[],[]
1712228079430,1712228011308,73,1,[],[]
1712228079430,1712228012308,73,1,[],[]
1712228079430,1712228013308,73,1,[],[]
1712228079430,1712228014308,73,1,[],[]
1712228079430,1712228015308,73,1,[],[]
1712228079430,1712228016308,74,1,[],[]
1712228079430,1712228017308,75,1,[],[]
1712228079430,1712228018308,75,1,[],[]
1712228079430,1712228019308,76,1,[],[]
1712228079430,1712228020308,77,1,[],[]
1712228079430,1712228021308,77,1,[],[]
1712228079430,1712228022308,77,1,[],[]
1712228079430,1712228023308,77,1,[],[]
1712228079430,1712228024308,77,1,[],[]
1712228079430,1712228025308,77,1,[],[]
1712228079430,1712228026308,76,1,[],[]
1712228079430,1712228027308,76,1,[],[]
1712228079430,1712228028308,76,1,[],[]
1712228079430,1712228029308,76,1,[],[]
1712228079430,1712228030308,76,1,[],[]
1712228079430,1712228031308,77,1,[],[]
1712228079430,1712228032308,77,1,[],[]
1712228079430,1712228033308,78,1,[],[]
1712228079430,1712228034308,78,1,[],[]
1712228079430,1712228035308,79,1,[],[]
1712228079430,1712228036308,80,1,[],[]
1712228079430,1712228037308,80,1,[],[]
1712228079430,1712228038308,80,1,[],[]
1712228079430,1712228039308,81,1,[],[]
1712228079430,1712228040308,81,1,[],[]
1712228079430,1712228041308,81,1,[],[]
1712228079430,1712228042308,81,1,[],[]
1712228079430,1712228043308,81,1,[],[]
1712228079430,1712228044308,81,1,[],[]
1712228079430,1712228045308,80,1,[],[]
1712228079430,1712228046308,80,1,[],[]
1712228079430,1712228047308,80,1,[],[]
1712228079430,1712228048308,79,1,[],[]
1712228079430,1712228049308,79,1,[],[]
1712228079430,1712228050308,78,1,[],[]
1712228079430,1712228051308,78,1,[],[]
1712228079430,1712228052308,78,1,[],[]
1712228079430,1712228053308,77,1,[],[]
1712228079430,1712228054308,77,1,[],[]
1712228079430,1712228055308,77,1,[],[]
1712228079430,1712228056308,78,1,[],[]
1712228079430,1712228057308,79,1,[],[]
1712228079430,1712228058308,79,1,[],[]
1712228079430,1712228059308,79,1,[],[]
1712228079430,1712228060308,78,1,[],[]
1712228079430,1712228061308,78,1,[],[]
1712228079430,1712228062308,77,1,[],[]
1712228079430,1712228063308,77,1,[],[]
1712228079430,1712228064308,76,1,[],[]
1712228079430,1712228065308,76,1,[],[]
1712228079430,1712228066308,76,1,[],[]
1712228079430,1712228067308,76,1,[],[]
1712228079430,1712228068308,76,1,[],[]
1712228079430,1712228069308,76,1,[],[]
1712228079430,1712228070308,76,1,[],[]
1712228079430,1712228071308,76,1,[],[]
1712228079430,1712228072308,75,1,[],[]
1712228079430,1712228073308,75,1,[],[]
1712228079430,1712228074308,75,1,[],[]
1712228079430,1712228075308,75,1,[],[]
1712228079430,1712228076308,75,1,[],[]
1712228079430,1712228077308,76,1,[],[]
1712228079430,1712228078308,76,1,[],[]
1712228079430,1712228079308,76,1,[],[]
1712228100319,1712228080367,75,1,"[801,805,792,749,806,811,810,804,791,790,781,788,747,739,754,753,750,712,770,779,753,782,792,770,762,769,763]","[0,0,0,0,0,0,0,0,0,0,0,0,0,0,0,0,0,0,0,0,0,0,0,0,0,0,0]"
1712228100319,1712228081367,75,1,[],[]
1712228100319,1712228082367,75,1,[],[]
1712228100319,1712228083367,76,1,[],[]
1712228100319,1712228084367,76,1,[],[]
1712228100319,1712228085367,76,1,[],[]
1712228100319,1712228086367,77,1,[],[]
1712228100319,1712228087367,78,1,[],[]
1712228100319,1712228088367,78,1,[],[]
1712228100319,1712228089367,78,1,[],[]
1712228100319,1712228090367,78,1,[],[]
1712228100319,1712228091367,78,1,[],[]
1712228100319,1712228092367,78,1,[],[]
1712228100319,1712228093367,78,1,[],[]
1712228100319,1712228094367,78,1,[],[]
1712228100319,1712228095367,78,1,[],[]
1712228100319,1712228096367,78,1,[],[]
1712228100319,1712228097367,78,1,[],[]
1712228100319,1712228098367,78,1,[],[]
1712228100319,1712228099367,78,1,[],[]
1712228100319,1712228100367,78,1,[],[]
1712228703447,1712228104218,78,1,"[760,795,794,758,751,790,797,796,761,765,770,747,745,766,761,766,790,797,717,738,733,733,770,797,789,802,833,840,837,841,845,820,773,818,831,838,834,832,835,846,843,798,807,813,758,814,820,833,785,805,819,812,810,822,823,810,802,814,812,794,738,730,732,779,798,840,862,871,900,977,402,331,796,788,783,802,809,815,781,822,796,784,798,797,765,742,320,1073,1320,792,647,501,798,636,440,784,877,260,555,319,264,659,869,752,469,479,647,379,741,491,895,635,260,728,639,481,442,641,836,318,612,869,786,886,1405,840,1062,681,1058,494,587,537,350,573,276,493,416,881,337,880,806,779,693,685,867,781,752,724,720,396,606,761,941,1354,651,976,901,528,319,586,763,904,743,260,777,498,971,1249,671,387,727,812,632,314,765,1192,740,465,970,595,363,418,271,917,654,397,495,708,798,260,725,274,903,866,759,1023,703,784,848,794,553,385,1042,800,484,1143,1014,390,908,326,827,1029,260,741,260,477,788,269,760,748,725,260,890,885,765,313,645,615,543,921,693,849,272,851,413,909,298,822,404,428,845,401,684,260,593,656,955,753,267,720,663,951,801,911,518,859,404,666,932,868,616,381,879,811,387,390,1070,671,329,462,1080,503,329,903,691,650,394,392,1287,496,813,370,567,605,997,746,846,608,1133,987,536,1325,481,490,615,668,260,525,838,828,802,1188,476,412,821,443,806,836,673,1024,623,260,848,848,807,783,931,832,888,1010,653,844,473,373,1026,260,846,1204,260,749,893,705,329,733,556,826,797,782,862,863,488,913,834,586,1041,725,466,479,718,719,1203,701,570,1033,922,526,947,733,282,1074,847,767,831,751,825,617,555,397,616,684,726,708,702,712,693,701,762,697,736,788,826,312,783,438,315,513,755,743,810,798,918,807,834,807,812,820,868,810,939,821,844,838,860,870,778,779,820,803,766,782,822,808,845,848,857,819,859,844,867,872,850,883,1678,858,861,859,848,820,719,789,688,641,1274,719,1107,889,872,853,661,443,622,762,838,854,802,863,825,843,839,846,843,861,837,836,888,794,917,858,839,842,854,602,260,860,853,787,813,796,734,796,761,854,784,813,839,774,975,759,848,735,783,755,769,828,317,498,694,736,790,703,798,395,872,907,746,668,751,777,737,668,620,664,1089,791,757,1266,871,755,471,915,699,667,605,712,648,648,686,690,651,681,1538,714,811,820,768,861,831,845,786,828,788,714,833,738,767,794,803,833,814,865,838,864,866,795,943,790,728,985,882,864,871,817,864,856,795,901,861,806,870,838,870,884,810,839,821,854,882,899,882,858,827,636,281,863,779,944,843,884,849,852,882,835,929,885,852,828,978,959,871,863,900,866,867,882,858,842,848,847,854,826,870,843,806,852,845,792,789,802,803,863,860,327,506,845,823,774,856,818,840,790,881,891,733,814,771,776,810,819,798,782,790,740,806,799,783,830,793,810,848,850,819,800,802,812,817,784,827,848,836,844,285,514,830,817,766,828,811,804,793,821,820,844,839,863,796,807,813,811,775,797,817,820,801,804,807,744,804,753,742,856,791,842,759,802,793,816,790,811,737,754,830,662,767,797,334,494,574,260,830,754,845,774,823,818,849,827,803,867,823,803,872,814,764,843,782,836,689,477,383,772,692,836,449,399,769,782,519,912,946,768,748,721,800,850,826,634,678,1020,734,727,728,773,741,692,885,689,444,396,330,659,567,755,607,656,1053,1066,861,834,762,737,869,775,827,795,794,811,867,846,816,843,854,872,425,1123,878,637,964,778,741,808,891,781,839,1381,1124,893,782,806,937,834,946,817,812,878,806,652,976]","[0,0,0,0,0,0,0,0,0,0,0,0,0,0,0,0,0,0,0,0,0,0,0,0,0,0,0,0,0,0,0,0,0,0,0,0,0,0,0,0,0,0,0,0,0,0,0,0,0,0,0,0,0,0,0,0,0,0,0,0,0,0,0,0,0,0,0,0,0,0,0,0,0,0,0,0,0,0,0,0,0,0,-1,-1,-1,-1,-1,-1,-1,-1,-1,-1,-1,-1,-1,-1,-1,-1,-1,-1,-1,-1,-1,-1,-1,-1,-1,-1,-1,-1,-1,-1,-1,-1,-1,-1,-1,-1,-1,-1,-1,-1,-1,-1,-1,-1,-1,-1,-1,-1,-1,-1,-1,-1,-1,-1,-1,-1,-1,-1,-1,-1,-1,-1,-1,-1,-1,-1,-1,-1,-1,-1,-1,-1,-1,-1,-1,-1,-1,-1,-1,-1,-1,-1,-1,-1,-1,-1,-1,-1,-1,-1,-1,-1,-1,-1,-1,-1,-1,-1,-1,-1,-1,-1,-1,-1,-1,-1,-1,-1,-1,-1,-1,-1,-1,-1,-1,-1,-1,-1,-1,-1,-1,-1,-1,-1,-1,-1,-1,-1,-1,-1,-1,-1,-1,-1,-1,-1,-1,-1,-1,-1,-1,-1,-1,-1,-1,-1,-1,-1,-1,-1,-1,-1,-1,-1,-1,-1,-1,-1,-1,-1,-1,-1,-1,-1,-1,-1,-1,-1,-1,-1,-1,-1,-1,-1,-1,-1,-1,-1,-1,-1,-1,-1,-1,-1,-1,-1,-1,-1,-1,-1,-1,-1,-1,-1,-1,-1,-1,-1,-1,-1,-1,-1,-1,-1,-1,-1,-1,-1,-1,-1,-1,-1,-1,-1,-1,-1,-1,-1,-1,-1,-1,-1,-1,-1,-1,-1,-1,-1,-1,-1,-1,-1,-1,-1,-1,-1,-1,-1,-1,-1,-1,-1,-1,-1,-1,-1,-1,-1,-1,-1,-1,-1,-1,-1,-1,-1,-1,-1,-1,-1,-1,-1,-1,-1,-1,-1,-1,-1,-1,-1,-1,-1,-1,-1,-1,-1,-1,-1,-1,-1,-1,-1,-1,-1,-1,-1,-1,-1,-1,0,0,0,0,0,-1,-1,-1,-1,-1,-1,-1,-1,-1,0,0,0,0,0,0,0,0,-1,-1,-1,-1,-1,-1,-1,0,0,0,0,0,0,0,0,0,0,0,0,0,0,-1,-1,-1,-1,0,0,0,-1,-1,-1,0,0,0,0,-1,-1,-1,-1,0,0,0,0,0,0,-1,-1,-1,-1,-1,0,0,0,0,0,0,0,0,0,0,0,0,0,0,0,0,0,0,0,0,0,0,0,0,0,0,-1,-1,-1,-1,0,0,0,-1,-1,-1,-1,-1,-1,-1,-1,-1,-1,-1,-1,-1,-1,-1,-1,-1,0,0,0,0,-1,-1,-1,-1,-1,-1,-1,-1,-1,-1,-1,-1,-1,-1,-1,0,0,0,0,0,-1,-1,-1,0,0,0,0,-1,-1,-1,-1,-1,-1,-1,0,0,0,0,0,0,0,0,0,0,0,-1,-1,-1,-1,-1,-1,-1,0,0,0,0,0,0,0,-1,-1,-1,-1,-1,-1,-1,0,0,0,0,0,0,0,0,0,0,0,0,0,0,0,0,0,0,0,0,0,0,0,0,0,0,0,0,0,-1,-1,-1,0,0,0,0,0,0,0,0,0,0,0,0,0,0,0,0,0,0,0,0,0,0,0,0,0,0,0,0,0,0,0,0,0,0,0,0,0,0,0,0,0,0,0,0,0,0,0,0,0,0,0,0,0,0,0,0,0,-1,-1,-1,-1,0,0,0,0,-1,-1,-1,0,0,0,0,0,0,0,0,0,0,0,0,0,0,0,0,0,0,0,0,0,0,0,0,0,0,0,0,0,0,0,-1,-1,-1,-1,-1,-1,0,0,0,0,0,0,0,0,0,0,0,0,0,0,-1,-1,-1,-1,-1,-1,-1,-1,-1,-1,-1,-1,-1,-1,0,0,0,0,-1,-1,-1,0,0,0,0,0,0,0,0,-1,-1,-1,-1,-1,-1,0,0,0,0,-1,-1,-1,-1,-1,-1,-1,-1,-1,-1,-1,-1,-1,-1,0,0,0,0,-1,-1,-1,-1,-1,-1,-1,0,0,0,0,-1,-1,-1,-1,-1,-1,-1,-1,-1,-1,0,0,0,-1,-1]"
1712228703447,1712228105218,78,1,[],[]
1712228703447,1712228106218,78,1,[],[]
1712228703447,1712228107218,78,1,[],[]
1712228703447,1712228108218,78,1,[],[]
1712228703447,1712228109218,78,1,[],[]
1712228703447,1712228110218,78,1,[],[]
1712228703447,1712228111218,78,1,[],[]
1712228703447,1712228112218,78,1,[],[]
1712228703447,1712228113218,79,1,[],[]
1712228703447,1712228114218,79,1,[],[]
1712228703447,1712228115218,79,1,[],[]
1712228703447,1712228116218,79,1,[],[]
1712228703447,1712228117218,79,1,[],[]
1712228703447,1712228118218,78,1,[],[]
1712228703447,1712228119218,78,1,[],[]
1712228703447,1712228120218,77,1,[],[]
1712228703447,1712228121218,77,1,[],[]
1712228703447,1712228122218,76,1,[],[]
1712228703447,1712228123218,76,1,[],[]
1712228703447,1712228124218,76,1,[],[]
1712228703447,1712228125218,75,1,[],[]
1712228703447,1712228126218,75,1,[],[]
1712228703447,1712228127218,74,1,[],[]
1712228703447,1712228128218,74,1,[],[]
1712228703447,1712228129218,74,1,[],[]
1712228703447,1712228130218,73,1,[],[]
1712228703447,1712228131218,73,1,[],[]
1712228703447,1712228132218,73,1,[],[]
1712228703447,1712228133218,74,1,[],[]
1712228703447,1712228134218,74,1,[],[]
1712228703447,1712228135218,74,1,[],[]
1712228703447,1712228136218,74,1,[],[]
1712228703447,1712228137218,74,1,[],[]
1712228703447,1712228138218,74,1,[],[]
1712228703447,1712228139218,74,1,[],[]
1712228703447,1712228140218,74,1,[],[]
1712228703447,1712228141218,74,1,[],[]
1712228703447,1712228142218,74,1,[],[]
1712228703447,1712228143218,74,1,[],[]
1712228703447,1712228144218,74,1,[],[]
1712228703447,1712228145218,74,1,[],[]
1712228703447,1712228146218,75,1,[],[]
1712228703447,1712228147218,75,1,[],[]
1712228703447,1712228148218,76,1,[],[]
1712228703447,1712228149218,76,1,[],[]
1712228703447,1712228150218,76,1,[],[]
1712228703447,1712228151218,75,1,[],[]
1712228703447,1712228152218,75,1,[],[]
1712228703447,1712228153218,74,1,[],[]
1712228703447,1712228154218,74,1,[],[]
1712228703447,1712228155218,74,1,[],[]
1712228703447,1712228156218,74,1,[],[]
1712228703447,1712228157218,74,1,[],[]
1712228703447,1712228158218,74,1,[],[]
1712228703447,1712228159218,74,1,[],[]
1712228703447,1712228160218,74,1,[],[]
1712228703447,1712228161218,74,1,[],[]
1712228703447,1712228162218,75,1,[],[]
1712228703447,1712228163218,75,1,[],[]
1712228703447,1712228164218,75,1,[],[]
1712228703447,1712228165218,76,1,[],[]
1712228703447,1712228166218,76,1,[],[]
1712228703447,1712228167218,77,1,[],[]
1712228703447,1712228168218,78,1,[],[]
1712228703447,1712228169218,79,1,[],[]
1712228703447,1712228170218,80,1,[],[]
1712228703447,1712228171218,80,1,[],[]
1712228703447,1712228172218,79,1,[],[]
1712228703447,1712228173218,79,1,[],[]
1712228703447,1712228174218,78,1,[],[]
1712228703447,1712228175218,78,1,[],[]
1712228703447,1712228176218,77,1,[],[]
1712228703447,1712228177218,76,1,[],[]
1712228703447,1712228178218,76,1,[],[]
1712228703447,1712228179218,75,1,[],[]
1712228703447,1712228180218,75,1,[],[]
1712228703447,1712228181218,76,1,[],[]
1712228703447,1712228182218,75,1,[],[]
1712228703447,1712228183218,74,1,[],[]
1712228703447,1712228184218,74,1,[],[]
1712228703447,1712228185218,74,1,[],[]
1712228703447,1712228186218,73,1,[],[]
1712228703447,1712228187218,72,1,[],[]
1712228703447,1712228188218,72,1,[],[]
1712228703447,1712228189218,72,1,[],[]
1712228703447,1712228190218,71,1,[],[]
1712228703447,1712228191218,71,1,[],[]
1712228703447,1712228192218,72,1,[],[]
1712228703447,1712228193218,72,1,[],[]
1712228703447,1712228194218,73,1,[],[]
1712228703447,1712228195218,73,1,[],[]
1712228703447,1712228196218,72,1,[],[]
1712228703447,1712228197218,72,1,[],[]
1712228703447,1712228198218,71,1,[],[]
1712228703447,1712228199218,71,1,[],[]
1712228703447,1712228200218,72,1,[],[]
1712228703447,1712228201218,74,1,[],[]
1712228703447,1712228202218,74,1,[],[]
1712228703447,1712228203218,76,1,[],[]
1712228703447,1712228204218,77,1,[],[]
1712228703447,1712228205218,77,1,[],[]
1712228703447,1712228206218,77,1,[],[]
1712228703447,1712228207218,77,1,[],[]
1712228703447,1712228208218,77,1,[],[]
1712228703447,1712228209218,77,1,[],[]
1712228703447,1712228210218,77,1,[],[]
1712228703447,1712228211218,77,1,[],[]
1712228703447,1712228212218,77,1,[],[]
1712228703447,1712228213218,77,1,[],[]
1712228703447,1712228214218,77,1,[],[]
1712228703447,1712228215218,76,1,[],[]
1712228703447,1712228216218,75,1,[],[]
1712228703447,1712228217218,75,1,[],[]
1712228703447,1712228218218,75,1,[],[]
1712228703447,1712228219218,75,1,[],[]
1712228703447,1712228220218,76,1,[],[]
1712228703447,1712228221218,76,1,[],[]
1712228703447,1712228222218,77,1,[],[]
1712228703447,1712228223218,77,1,[],[]
1712228703447,1712228224218,77,1,[],[]
1712228703447,1712228225218,77,1,[],[]
1712228703447,1712228226218,76,1,[],[]
1712228703447,1712228227218,77,1,[],[]
1712228703447,1712228228218,77,1,[],[]
1712228703447,1712228229218,77,1,[],[]
1712228703447,1712228230218,77,1,[],[]
1712228703447,1712228231218,75,1,[],[]
1712228703447,1712228232218,75,1,[],[]
1712228703447,1712228233218,75,1,[],[]
1712228703447,1712228234218,74,1,[],[]
1712228703447,1712228235218,74,1,[],[]
1712228703447,1712228236218,74,1,[],[]
1712228703447,1712228237218,73,1,[],[]
1712228703447,1712228238218,73,1,[],[]
1712228703447,1712228239218,73,1,[],[]
1712228703447,1712228240218,73,1,[],[]
1712228703447,1712228241218,72,1,[],[]
1712228703447,1712228242218,73,1,[],[]
1712228703447,1712228243218,73,1,[],[]
1712228703447,1712228244218,72,1,[],[]
1712228703447,1712228245218,73,1,[],[]
1712228703447,1712228246218,72,1,[],[]
1712228703447,1712228247218,71,1,[],[]
1712228703447,1712228248218,71,1,[],[]
1712228703447,1712228249218,70,1,[],[]
1712228703447,1712228250218,70,1,[],[]
1712228703447,1712228251218,70,1,[],[]
1712228703447,1712228252218,70,1,[],[]
1712228703447,1712228253218,70,1,[],[]
1712228703447,1712228254218,71,1,[],[]
1712228703447,1712228255218,72,1,[],[]
1712228703447,1712228256218,73,1,[],[]
1712228703447,1712228257218,72,1,[],[]
1712228703447,1712228258218,71,1,[],[]
1712228703447,1712228259218,72,1,[],[]
1712228703447,1712228260218,72,1,[],[]
1712228703447,1712228261218,74,1,[],[]
1712228703447,1712228262218,73,1,[],[]
1712228703447,1712228263218,72,1,[],[]
1712228703447,1712228264218,72,1,[],[]
1712228703447,1712228265218,72,1,[],[]
1712228703447,1712228266218,73,1,[],[]
1712228703447,1712228267218,73,1,[],[]
1712228703447,1712228268218,73,1,[],[]
1712228703447,1712228269218,72,1,[],[]
1712228703447,1712228270218,72,1,[],[]
1712228703447,1712228271218,73,1,[],[]
1712228703447,1712228272218,72,1,[],[]
1712228703447,1712228273218,72,1,[],[]
1712228703447,1712228274218,73,1,[],[]
1712228703447,1712228275218,73,1,[],[]
1712228703447,1712228276218,72,1,[],[]
1712228703447,1712228277218,72,1,[],[]
1712228703447,1712228278218,72,1,[],[]
1712228703447,1712228279218,72,1,[],[]
1712228703447,1712228280218,73,1,[],[]
1712228703447,1712228281218,72,1,[],[]
1712228703447,1712228282218,71,1,[],[]
1712228703447,1712228283218,71,1,[],[]
1712228703447,1712228284218,71,1,[],[]
1712228703447,1712228285218,70,1,[],[]
1712228703447,1712228286218,70,1,[],[]
1712228703447,1712228287218,71,1,[],[]
1712228703447,1712228288218,71,1,[],[]
1712228703447,1712228289218,71,1,[],[]
1712228703447,1712228290218,71,1,[],[]
1712228703447,1712228291218,72,1,[],[]
1712228703447,1712228292218,73,1,[],[]
1712228703447,1712228293218,74,1,[],[]
1712228703447,1712228294218,74,1,[],[]
1712228703447,1712228295218,73,1,[],[]
1712228703447,1712228296218,73,1,[],[]
1712228703447,1712228297218,73,1,[],[]
1712228703447,1712228298218,72,1,[],[]
1712228703447,1712228299218,74,1,[],[]
1712228703447,1712228300218,73,1,[],[]
1712228703447,1712228301218,73,1,[],[]
1712228703447,1712228302218,73,1,[],[]
1712228703447,1712228303218,73,1,[],[]
1712228703447,1712228304218,72,1,[],[]
1712228703447,1712228305218,74,1,[],[]
1712228703447,1712228306218,74,1,[],[]
1712228703447,1712228307218,73,1,[],[]
1712228703447,1712228308218,74,1,[],[]
1712228703447,1712228309218,74,1,[],[]
1712228703447,1712228310218,74,1,[],[]
1712228703447,1712228311218,74,1,[],[]
1712228703447,1712228312218,75,1,[],[]
1712228703447,1712228313218,75,1,[],[]
1712228703447,1712228314218,74,1,[],[]
1712228703447,1712228315218,74,1,[],[]
1712228703447,1712228316218,75,1,[],[]
1712228703447,1712228317218,74,1,[],[]
1712228703447,1712228318218,74,1,[],[]
1712228703447,1712228319218,74,1,[],[]
1712228703447,1712228320218,74,1,[],[]
1712228703447,1712228321218,74,1,[],[]
1712228703447,1712228322218,74,1,[],[]
1712228703447,1712228323218,73,1,[],[]
1712228703447,1712228324218,73,1,[],[]
1712228703447,1712228325218,74,1,[],[]
1712228703447,1712228326218,74,1,[],[]
1712228703447,1712228327218,74,1,[],[]
1712228703447,1712228328218,72,1,[],[]
1712228703447,1712228329218,70,1,[],[]
1712228703447,1712228330218,67,1,[],[]
1712228703447,1712228331218,64,1,[],[]
1712228703447,1712228332218,68,1,[],[]
1712228703447,1712228333218,67,1,[],[]
1712228703447,1712228334218,68,1,[],[]
1712228703447,1712228335218,71,1,[],[]
1712228703447,1712228336218,73,1,[],[]
1712228703447,1712228337218,75,1,[],[]
1712228703447,1712228338218,75,1,[],[]
1712228703447,1712228339218,75,1,[],[]
1712228703447,1712228340218,76,1,[],[]
1712228703447,1712228341218,76,1,[],[]
1712228703447,1712228342218,76,1,[],[]
1712228703447,1712228343218,75,1,[],[]
1712228703447,1712228344218,76,1,[],[]
1712228703447,1712228345218,75,1,[],[]
1712228703447,1712228346218,77,1,[],[]
1712228703447,1712228347218,77,1,[],[]
1712228703447,1712228348218,77,1,[],[]
1712228703447,1712228349218,76,1,[],[]
1712228703447,1712228350218,76,1,[],[]
1712228703447,1712228351218,75,1,[],[]
1712228703447,1712228352218,75,1,[],[]
1712228703447,1712228353218,75,1,[],[]
1712228703447,1712228354218,75,1,[],[]
1712228703447,1712228355218,75,1,[],[]
1712228703447,1712228356218,74,1,[],[]
1712228703447,1712228357218,75,1,[],[]
1712228703447,1712228358218,75,1,[],[]
1712228703447,1712228359218,74,1,[],[]
1712228703447,1712228360218,74,1,[],[]
1712228703447,1712228361218,74,1,[],[]
1712228703447,1712228362218,76,1,[],[]
1712228703447,1712228363218,77,1,[],[]
1712228703447,1712228364218,78,1,[],[]
1712228703447,1712228365218,79,1,[],[]
1712228703447,1712228366218,79,1,[],[]
1712228703447,1712228367218,78,1,[],[]
1712228703447,1712228368218,77,1,[],[]
1712228703447,1712228369218,78,1,[],[]
1712228703447,1712228370218,78,1,[],[]
1712228703447,1712228371218,79,1,[],[]
1712228703447,1712228372218,79,1,[],[]
1712228703447,1712228373218,78,1,[],[]
1712228703447,1712228374218,77,1,[],[]
1712228703447,1712228375218,77,1,[],[]
1712228703447,1712228376218,76,1,[],[]
1712228703447,1712228377218,75,1,[],[]
1712228703447,1712228378218,75,1,[],[]
1712228703447,1712228379218,75,1,[],[]
1712228703447,1712228380218,74,1,[],[]
1712228703447,1712228381218,74,1,[],[]
1712228703447,1712228382218,74,1,[],[]
1712228703447,1712228383218,74,1,[],[]
1712228703447,1712228384218,73,1,[],[]
1712228703447,1712228385218,73,1,[],[]
1712228703447,1712228386218,74,1,[],[]
1712228703447,1712228387218,75,1,[],[]
1712228703447,1712228388218,75,1,[],[]
1712228703447,1712228389218,76,1,[],[]
1712228703447,1712228390218,76,1,[],[]
1712228703447,1712228391218,76,1,[],[]
1712228703447,1712228392218,75,1,[],[]
1712228703447,1712228393218,75,1,[],[]
1712228703447,1712228394218,75,1,[],[]
1712228703447,1712228395218,74,1,[],[]
1712228703447,1712228396218,73,1,[],[]
1712228703447,1712228397218,72,1,[],[]
1712228703447,1712228398218,72,1,[],[]
1712228703447,1712228399218,72,1,[],[]
1712228703447,1712228400218,71,1,[],[]
1712228703447,1712228401218,71,1,[],[]
1712228703447,1712228402218,71,1,[],[]
1712228703447,1712228403218,71,1,[],[]
1712228703447,1712228404218,71,1,[],[]
1712228703447,1712228405218,71,1,[],[]
1712228703447,1712228406218,72,1,[],[]
1712228703447,1712228407218,72,1,[],[]
1712228703447,1712228408218,73,1,[],[]
1712228703447,1712228409218,73,1,[],[]
1712228703447,1712228410218,72,1,[],[]
1712228703447,1712228411218,71,1,[],[]
1712228703447,1712228412218,71,1,[],[]
1712228703447,1712228413218,70,1,[],[]
1712228703447,1712228414218,70,1,[],[]
1712228703447,1712228415218,70,1,[],[]
1712228703447,1712228416218,70,1,[],[]
1712228703447,1712228417218,71,1,[],[]
1712228703447,1712228418218,71,1,[],[]
1712228703447,1712228419218,71,1,[],[]
1712228703447,1712228420218,71,1,[],[]
1712228703447,1712228421218,72,1,[],[]
1712228703447,1712228422218,72,1,[],[]
1712228703447,1712228423218,72,1,[],[]
1712228703447,1712228424218,72,1,[],[]
1712228703447,1712228425218,72,1,[],[]
1712228703447,1712228426218,72,1,[],[]
1712228703447,1712228427218,72,1,[],[]
1712228703447,1712228428218,71,1,[],[]
1712228703447,1712228429218,71,1,[],[]
1712228703447,1712228430218,71,1,[],[]
1712228703447,1712228431218,71,1,[],[]
1712228703447,1712228432218,71,1,[],[]
1712228703447,1712228433218,71,1,[],[]
1712228703447,1712228434218,71,1,[],[]
1712228703447,1712228435218,71,1,[],[]
1712228703447,1712228436218,72,1,[],[]
1712228703447,1712228437218,72,1,[],[]
1712228703447,1712228438218,73,1,[],[]
1712228703447,1712228439218,73,1,[],[]
1712228703447,1712228440218,73,1,[],[]
1712228703447,1712228441218,73,1,[],[]
1712228703447,1712228442218,74,1,[],[]
1712228703447,1712228443218,74,1,[],[]
1712228703447,1712228444218,74,1,[],[]
1712228703447,1712228445218,74,1,[],[]
1712228703447,1712228446218,73,1,[],[]
1712228703447,1712228447218,74,1,[],[]
1712228703447,1712228448218,74,1,[],[]
1712228703447,1712228449218,75,1,[],[]
1712228703447,1712228450218,74,1,[],[]
1712228703447,1712228451218,75,1,[],[]
1712228703447,1712228452218,76,1,[],[]
1712228703447,1712228453218,76,1,[],[]
1712228703447,1712228454218,76,1,[],[]
1712228703447,1712228455218,77,1,[],[]
1712228703447,1712228456218,77,1,[],[]
1712228703447,1712228457218,77,1,[],[]
1712228703447,1712228458218,79,1,[],[]
1712228703447,1712228459218,78,1,[],[]
1712228703447,1712228460218,77,1,[],[]
1712228703447,1712228461218,79,1,[],[]
1712228703447,1712228462218,79,1,[],[]
1712228703447,1712228463218,79,1,[],[]
1712228703447,1712228464218,78,1,[],[]
1712228703447,1712228465218,79,1,[],[]
1712228703447,1712228466218,80,1,[],[]
1712228703447,1712228467218,80,1,[],[]
1712228703447,1712228468218,81,1,[],[]
1712228703447,1712228469218,81,1,[],[]
1712228703447,1712228470218,82,1,[],[]
1712228703447,1712228471218,83,1,[],[]
1712228703447,1712228472218,84,1,[],[]
1712228703447,1712228473218,85,1,[],[]
1712228703447,1712228474218,85,1,[],[]
1712228703447,1712228475218,86,1,[],[]
1712228703447,1712228476218,87,1,[],[]
1712228703447,1712228477218,86,1,[],[]
1712228703447,1712228478218,86,1,[],[]
1712228703447,1712228479218,85,1,[],[]
1712228703447,1712228480218,84,1,[],[]
1712228703447,1712228481218,84,1,[],[]
1712228703447,1712228482218,82,1,[],[]
1712228703447,1712228483218,81,1,[],[]
1712228703447,1712228484218,79,1,[],[]
1712228703447,1712228485218,79,1,[],[]
1712228703447,1712228486218,79,1,[],[]
1712228703447,1712228487218,78,1,[],[]
1712228703447,1712228488218,78,1,[],[]
1712228703447,1712228489218,79,1,[],[]
1712228703447,1712228490218,79,1,[],[]
1712228703447,1712228491218,79,1,[],[]
1712228703447,1712228492218,78,1,[],[]
1712228703447,1712228493218,77,1,[],[]
1712228703447,1712228494218,77,1,[],[]
1712228703447,1712228495218,76,1,[],[]
1712228703447,1712228496218,75,1,[],[]
1712228703447,1712228497218,74,1,[],[]
1712228703447,1712228498218,74,1,[],[]
1712228703447,1712228499218,74,1,[],[]
1712228703447,1712228500218,73,1,[],[]
1712228703447,1712228501218,72,1,[],[]
1712228703447,1712228502218,72,1,[],[]
1712228703447,1712228503218,72,1,[],[]
1712228703447,1712228504218,71,1,[],[]
1712228703447,1712228505218,71,1,[],[]
1712228703447,1712228506218,71,1,[],[]
1712228703447,1712228507218,71,1,[],[]
1712228703447,1712228508218,71,1,[],[]
1712228703447,1712228509218,71,1,[],[]
1712228703447,1712228510218,71,1,[],[]
1712228703447,1712228511218,71,1,[],[]
1712228703447,1712228512218,71,1,[],[]
1712228703447,1712228513218,71,1,[],[]
1712228703447,1712228514218,71,1,[],[]
1712228703447,1712228515218,72,1,[],[]
1712228703447,1712228516218,71,1,[],[]
1712228703447,1712228517218,71,1,[],[]
1712228703447,1712228518218,71,1,[],[]
1712228703447,1712228519218,70,1,[],[]
1712228703447,1712228520218,70,1,[],[]
1712228703447,1712228521218,70,1,[],[]
1712228703447,1712228522218,70,1,[],[]
1712228703447,1712228523218,70,1,[],[]
1712228703447,1712228524218,70,1,[],[]
1712228703447,1712228525218,70,1,[],[]
1712228703447,1712228526218,70,1,[],[]
1712228703447,1712228527218,70,1,[],[]
1712228703447,1712228528218,70,1,[],[]
1712228703447,1712228529218,70,1,[],[]
1712228703447,1712228530218,69,1,[],[]
1712228703447,1712228531218,70,1,[],[]
1712228703447,1712228532218,69,1,[],[]
1712228703447,1712228533218,69,1,[],[]
1712228703447,1712228534218,68,1,[],[]
1712228703447,1712228535218,68,1,[],[]
1712228703447,1712228536218,68,1,[],[]
1712228703447,1712228537218,68,1,[],[]
1712228703447,1712228538218,68,1,[],[]
1712228703447,1712228539218,68,1,[],[]
1712228703447,1712228540218,69,1,[],[]
1712228703447,1712228541218,69,1,[],[]
1712228703447,1712228542218,69,1,[],[]
1712228703447,1712228543218,69,1,[],[]
1712228703447,1712228544218,70,1,[],[]
1712228703447,1712228545218,70,1,[],[]
1712228703447,1712228546218,70,1,[],[]
1712228703447,1712228547218,71,1,[],[]
1712228703447,1712228548218,71,1,[],[]
1712228703447,1712228549218,71,1,[],[]
1712228703447,1712228550218,72,1,[],[]
1712228703447,1712228551218,72,1,[],[]
1712228703447,1712228552218,73,1,[],[]
1712228703447,1712228553218,72,1,[],[]
1712228703447,1712228554218,72,1,[],[]
1712228703447,1712228555218,72,1,[],[]
1712228703447,1712228556218,73,1,[],[]
1712228703447,1712228557218,73,1,[],[]
1712228703447,1712228558218,73,1,[],[]
1712228703447,1712228559218,73,1,[],[]
1712228703447,1712228560218,73,1,[],[]
1712228703447,1712228561218,72,1,[],[]
1712228703447,1712228562218,73,1,[],[]
1712228703447,1712228563218,73,1,[],[]
1712228703447,1712228564218,74,1,[],[]
1712228703447,1712228565218,74,1,[],[]
1712228703447,1712228566218,74,1,[],[]
1712228703447,1712228567218,74,1,[],[]
1712228703447,1712228568218,75,1,[],[]
1712228703447,1712228569218,75,1,[],[]
1712228703447,1712228570218,75,1,[],[]
1712228703447,1712228571218,76,1,[],[]
1712228703447,1712228572218,76,1,[],[]
1712228703447,1712228573218,76,1,[],[]
1712228703447,1712228574218,76,1,[],[]
1712228703447,1712228575218,76,1,[],[]
1712228703447,1712228576218,75,1,[],[]
1712228703447,1712228577218,75,1,[],[]
1712228703447,1712228578218,75,1,[],[]
1712228703447,1712228579218,74,1,[],[]
1712228703447,1712228580218,74,1,[],[]
1712228703447,1712228581218,74,1,[],[]
1712228703447,1712228582218,74,1,[],[]
1712228703447,1712228583218,74,1,[],[]
1712228703447,1712228584218,74,1,[],[]
1712228703447,1712228585218,74,1,[],[]
1712228703447,1712228586218,74,1,[],[]
1712228703447,1712228587218,74,1,[],[]
1712228703447,1712228588218,74,1,[],[]
1712228703447,1712228589218,74,1,[],[]
1712228703447,1712228590218,74,1,[],[]
1712228703447,1712228591218,74,1,[],[]
1712228703447,1712228592218,74,1,[],[]
1712228703447,1712228593218,74,1,[],[]
1712228703447,1712228594218,73,1,[],[]
1712228703447,1712228595218,73,1,[],[]
1712228703447,1712228596218,73,1,[],[]
1712228703447,1712228597218,73,1,[],[]
1712228703447,1712228598218,74,1,[],[]
1712228703447,1712228599218,74,1,[],[]
1712228703447,1712228600218,74,1,[],[]
1712228703447,1712228601218,74,1,[],[]
1712228703447,1712228602218,74,1,[],[]
1712228703447,1712228603218,74,1,[],[]
1712228703447,1712228604218,75,1,[],[]
1712228703447,1712228605218,75,1,[],[]
1712228703447,1712228606218,75,1,[],[]
1712228703447,1712228607218,76,1,[],[]
1712228703447,1712228608218,76,1,[],[]
1712228703447,1712228609218,75,1,[],[]
1712228703447,1712228610218,76,1,[],[]
1712228703447,1712228611218,76,1,[],[]
1712228703447,1712228612218,76,1,[],[]
1712228703447,1712228613218,75,1,[],[]
1712228703447,1712228614218,76,1,[],[]
1712228703447,1712228615218,76,1,[],[]
1712228703447,1712228616218,76,1,[],[]
1712228703447,1712228617218,77,1,[],[]
1712228703447,1712228618218,77,1,[],[]
1712228703447,1712228619218,77,1,[],[]
1712228703447,1712228620218,78,1,[],[]
1712228703447,1712228621218,78,1,[],[]
1712228703447,1712228622218,77,1,[],[]
1712228703447,1712228623218,77,1,[],[]
1712228703447,1712228624218,77,1,[],[]
1712228703447,1712228625218,76,1,[],[]
1712228703447,1712228626218,76,1,[],[]
1712228703447,1712228627218,75,1,[],[]
1712228703447,1712228628218,75,1,[],[]
1712228703447,1712228629218,75,1,[],[]
1712228703447,1712228630218,74,1,[],[]
1712228703447,1712228631218,74,1,[],[]
1712228703447,1712228632218,74,1,[],[]
1712228703447,1712228633218,74,1,[],[]
1712228703447,1712228634218,74,1,[],[]
1712228703447,1712228635218,75,1,[],[]
1712228703447,1712228636218,75,1,[],[]
1712228703447,1712228637218,75,1,[],[]
1712228703447,1712228638218,75,1,[],[]
1712228703447,1712228639218,75,1,[],[]
1712228703447,1712228640218,75,1,[],[]
1712228703447,1712228641218,76,1,[],[]
1712228703447,1712228642218,76,1,[],[]
1712228703447,1712228643218,76,1,[],[]
1712228703447,1712228644218,77,1,[],[]
1712228703447,1712228645218,77,1,[],[]
1712228703447,1712228646218,78,1,[],[]
1712228703447,1712228647218,77,1,[],[]
1712228703447,1712228648218,77,1,[],[]
1712228703447,1712228649218,77,1,[],[]
1712228703447,1712228650218,77,1,[],[]
1712228703447,1712228651218,78,1,[],[]
1712228703447,1712228652218,79,1,[],[]
1712228703447,1712228653218,79,1,[],[]
1712228703447,1712228654218,80,1,[],[]
1712228703447,1712228655218,80,1,[],[]
1712228703447,1712228656218,80,1,[],[]
1712228703447,1712228657218,81,1,[],[]
1712228703447,1712228658218,81,1,[],[]
1712228703447,1712228659218,81,1,[],[]
1712228703447,1712228660218,81,1,[],[]
1712228703447,1712228661218,81,1,[],[]
1712228703447,1712228662218,81,1,[],[]
1712228703447,1712228663218,81,1,[],[]
1712228703447,1712228664218,80,1,[],[]
1712228703447,1712228665218,79,1,[],[]
1712228703447,1712228666218,79,1,[],[]
1712228703447,1712228667218,78,1,[],[]
1712228703447,1712228668218,77,1,[],[]
1712228703447,1712228669218,78,1,[],[]
1712228703447,1712228670218,77,1,[],[]
1712228703447,1712228671218,77,1,[],[]
1712228703447,1712228672218,76,1,[],[]
1712228703447,1712228673218,75,1,[],[]
1712228703447,1712228674218,75,1,[],[]
1712228703447,1712228675218,74,1,[],[]
1712228703447,1712228676218,75,1,[],[]
1712228703447,1712228677218,74,1,[],[]
1712228703447,1712228678218,74,1,[],[]
1712228703447,1712228679218,75,1,[],[]
1712228703447,1712228680218,74,1,[],[]
1712228703447,1712228681218,74,1,[],[]
1712228703447,1712228682218,74,1,[],[]
1712228703447,1712228683218,74,1,[],[]
1712228703447,1712228684218,74,1,[],[]
1712228703447,1712228685218,74,1,[],[]
1712228703447,1712228686218,75,1,[],[]
1712228703447,1712228687218,74,1,[],[]
1712228703447,1712228688218,74,1,[],[]
1712228703447,1712228689218,74,1,[],[]
1712228703447,1712228690218,74,1,[],[]
1712228703447,1712228691218,74,1,[],[]
1712228703447,1712228692218,73,1,[],[]
1712228703447,1712228693218,72,1,[],[]
1712228703447,1712228694218,72,1,[],[]
1712228703447,1712228695218,71,1,[],[]
1712228703447,1712228696218,71,1,[],[]
1712228703447,1712228697218,72,1,[],[]
1712228703447,1712228698218,73,1,[],[]
1712228703447,1712228699218,73,1,[],[]
1712228703447,1712228700218,74,1,[],[]
1712228703447,1712228701218,74,1,[],[]
1712228703447,1712228702218,74,1,[],[]
1712228703447,1712228703218,74,1,[],[]
1712229300538,1712228707400,74,1,"[794,761,764,813,844,849,813,1065,434,548,1186,1020,619,834,830,767,490,1136,814,721,607,1201,827,1098,895,1216,627,931,951,812,798,754,810,819,815,833,470,740,1392,755,814,813,783,590,260,758,773,803,543,271,503,357,863,839,856,922,888,908,912,709,1027,787,708,1045,787,843,827,789,794,714,490,456,811,577,365,685,392,549,683,768,1000,516,833,865,799,777,821,1575,853,793,854,434,677,894,260,1125,407,784,890,750,685,1240,497,777,1084,260,613,724,644,514,587,484,693,815,1027,542,409,560,521,378,388,679,472,471,478,526,397,997,497,510,465,584,617,656,636,644,659,662,637,634,631,583,609,658,618,656,674,684,663,665,660,597,620,630,581,598,601,579,588,590,581,568,612,594,591,599,601,585,602,581,628,629,603,566,647,656,637,655,625,630,584,602,1172,1099,1192,589,606,604,904,868,1203,321,873,662,636,645,635,687,1994,731,631,623,758,612,646,618,661,602,632,683,677,1042,260,799,762,620,681,1092,843,1162,651,677,642,1296,698,678,651,669,621,1197,587,637,661,660,659,682,694,604,762,719,682,714,540,958,748,739,757,763,2058,706,709,660,664,655,615,681,652,657,672,633,633,640,672,676,712,689,730,740,747,697,684,705,646,665,650,650,678,676,690,704,691,691,661,679,671,631,657,595,630,604,936,961,648,650,638,660,637,629,630,600,448,840,632,594,622,615,606,610,1171,615,635,662,260,905,763,579,664,639,612,630,636,658,671,1262,645,631,631,589,1239,652,573,623,823,357,613,1445,982,1285,586,849,1163,630,596,645,697,625,638,653,587,718,668,653,647,655,596,665,657,548,645,634,1204,616,615,657,600,1304,650,634,628,689,644,688,469,1232,812,805,642,579,730,507,605,1015,260,1068,1052,317,721,841,416,538,650,545,818,863,467,1629,666,441,816,835,864,570,636,633,613,595,619,619,606,609,606,641,682,753,1228,921,805,625,787,922,612,539,984,741,774,519,724,650,587,629,656,641,716,628,1251,574,497,1414,591,441,517,556,918,809,1160,624,765,968,348,636,736,379,892,836,456,506,970,729,827,820,814,809,796,806,794,622,262,1561,897,1280,533,852,894,788,868,806,848,782,795,782,902,797,844,799,713,547,426,813,707,837,543,572,499,897,940,644,916,793,831,882,840,1053,615,434,876,1151,853,763,794,901,811,816,770,795,837,787,808,745,417,520,766,845,817,620,870,643,941,400,507,1168,825,677,685,622,649,588,656,601,575,458,763,542,1056,900,721,1017,997,514,564,502,1103,679,804,758,311,761,617,487,358,782,588,490,550,552,597,460,367,260,525,291,753,585,515,329,772,567,534,1132,470,652,260,1393,850,577,1213,557,535,558,597,516,590,544,577,546,547,583,570,1042,511,595,531,557,323,771,578,566,328,784,361,716,380,715,361,714,365,1070,759,384,768,688,750,735,309,808,323,762,326,754,704,445,327,684,690,497,343,260,553,552,515,379,731,403,696,352,354,782,260,879,879,469,557,1148,562,530,330,779,313,731,525,2211,905,308,808,798,571,859,329,760,280,818,800,321,802,357,260,1965,323,763,371,1545,304,802,318,828,325,771,279,824,617,483,338,260,528,275,813,302,340,515,303,326,433,332,801,306,344,440,1058,332,346,494,307,274,507,627,479,363,283,525,566,501,327,749,329,817,301,334,506,311,1043,814,366,767,350,727,329,260,627,486,631,481,601,525,622,344,775,344,260,538,367,759,324,1133,1066,695,475,687,586,575,630,464,319,324,435,693,485,329,712,786,825,664,401,364,878,1046,626,637,523,681,486,631,1225,993,497,399,462,847,577,546,577,763,393,644,378,518,344,677,738,445,358,811,287,398,287,398,687,1323,673,681,694,1198,655,277,719,1186,953,761,811,1564,948,736,765,863,813,839,842,779,748,796,796,825,829,871,800,810,804,816,796,855,871,881,809,937,923,742,829,796,780,622,1087,850,942,793,1719,867,803,864,764,790,1667,871]","[-1,-1,-1,-1,-1,-1,-1,-1,-1,-1,-1,-1,-1,-1,-1,-1,-1,-1,-1,-1,-1,-1,-1,-1,-1,-1,-1,-1,-1,-1,0,0,0,0,-1,-1,-1,-1,0,0,0,-1,-1,-1,-1,-1,-1,-1,-1,-1,-1,-1,0,0,0,0,0,0,0,-1,-1,-1,-1,-1,-1,-1,0,0,0,0,-1,-1,-1,-1,-1,-1,-1,-1,-1,-1,-1,-1,-1,-1,0,0,0,0,0,0,-1,-1,-1,-1,-1,-1,-1,-1,-1,-1,-1,-1,-1,-1,-1,-1,-1,-1,-1,-1,-1,-1,-1,-1,-1,-1,-1,-1,-1,-1,-1,-1,-1,-1,-1,-1,-1,-1,-1,-1,-1,-1,-1,0,0,0,0,0,0,0,0,0,0,0,0,0,0,-1,-1,-1,-1,-1,-1,-1,-1,-1,-1,-1,-1,-1,-1,-1,-1,-1,-1,-1,-1,-1,-1,-1,-1,-1,0,0,0,0,0,0,0,0,0,-1,-1,-1,-1,-1,-1,-1,-1,-1,-1,-1,-1,-1,-1,-1,-1,-1,-1,-1,-1,-1,-1,0,0,0,0,0,-1,-1,-1,-1,-1,-1,-1,-1,-1,-1,-1,-1,-1,-1,-1,0,0,0,0,0,-1,-1,-1,-1,0,0,0,0,0,0,0,0,0,0,0,0,0,0,0,0,0,0,0,0,0,0,0,0,-1,-1,-1,-1,0,0,0,0,0,0,0,0,0,0,0,0,0,0,0,0,0,0,-1,-1,-1,-1,-1,-1,-1,-1,-1,-1,-1,-1,-1,0,0,0,0,-1,-1,-1,-1,-1,-1,-1,-1,-1,-1,-1,-1,-1,-1,-1,-1,-1,-1,-1,-1,-1,-1,-1,0,0,0,0,0,0,0,0,-1,-1,-1,-1,-1,-1,-1,-1,-1,-1,-1,-1,-1,-1,-1,-1,-1,-1,-1,-1,-1,-1,-1,-1,-1,-1,-1,-1,-1,-1,-1,-1,-1,-1,-1,-1,-1,-1,-1,-1,-1,0,0,0,0,0,-1,-1,-1,-1,-1,-1,-1,-1,-1,-1,-1,-1,-1,-1,-1,-1,-1,-1,-1,-1,-1,-1,-1,-1,-1,-1,-1,-1,0,0,0,0,0,0,0,0,0,0,-1,-1,-1,-1,-1,-1,-1,-1,-1,-1,-1,-1,-1,-1,-1,-1,0,0,0,0,0,-1,-1,-1,-1,-1,-1,-1,-1,-1,-1,-1,-1,-1,-1,-1,-1,-1,-1,-1,-1,-1,-1,-1,-1,-1,-1,-1,-1,0,0,0,0,-1,-1,-1,-1,-1,-1,-1,0,0,0,0,-1,-1,-1,0,0,0,0,-1,-1,-1,-1,-1,-1,-1,-1,-1,-1,-1,-1,-1,0,0,0,0,-1,-1,-1,-1,-1,-1,-1,-1,-1,-1,0,0,0,0,0,0,0,0,-1,-1,-1,-1,-1,0,0,0,-1,-1,-1,-1,-1,-1,-1,-1,-1,-1,-1,-1,-1,-1,-1,-1,-1,-1,-1,-1,-1,-1,-1,-1,-1,-1,-1,-1,-1,-1,-1,-1,-1,-1,-1,-1,-1,-1,-1,-1,-1,-1,-1,-1,-1,-1,-1,-1,-1,-1,-1,-1,-1,-1,-1,-1,-1,-1,-1,-1,-1,-1,-1,-1,-1,-1,-1,-1,-1,-1,-1,-1,-1,-1,-1,-1,-1,-1,-1,-1,-1,-1,-1,-1,-1,-1,-1,-1,-1,-1,-1,-1,-1,-1,-1,-1,-1,-1,-1,-1,-1,-1,-1,-1,-1,-1,-1,-1,-1,-1,-1,-1,-1,-1,-1,-1,-1,-1,-1,-1,-1,-1,-1,-1,-1,-1,-1,-1,-1,-1,-1,-1,-1,-1,-1,-1,-1,-1,-1,-1,-1,-1,-1,-1,-1,-1,-1,-1,-1,-1,-1,-1,-1,-1,-1,-1,-1,-1,-1,-1,-1,-1,-1,-1,-1,-1,-1,-1,-1,-1,-1,-1,-1,-1,-1,-1,-1,-1,-1,-1,-1,-1,-1,-1,-1,-1,-1,-1,-1,-1,-1,-1,-1,-1,-1,-1,-1,-1,-1,-1,-1,-1,-1,-1,-1,-1,-1,-1,-1,-1,-1,-1,-1,-1,-1,-1,-1,-1,-1,-1,-1,-1,-1,-1,-1,-1,-1,-1,-1,-1,-1,-1,-1,-1,-1,-1,-1,-1,-1,-1,-1,-1,-1,-1,-1,-1,-1,-1,-1,-1,-1,-1,-1,-1,-1,-1,-1,-1,-1,-1,-1,-1,0,0,0,0,0,-1,-1,-1,-1,-1,-1,-1,-1,-1,-1,-1,-1,-1,-1,-1,-1,-1,-1,-1,-1,-1,-1,-1,-1,-1,-1,-1,-1,-1,-1,-1,0,0,0,0,0,0,0,-1,-1,-1,-1,0,0,0,0,-1,-1,-1,-1,-1,-1,-1,-1,-1,-1,-1,0,0,0,-1,-1,-1,-1,-1,-1,-1,-1,-1]"
1712229300538,1712228708400,73,1,[],[]
1712229300538,1712228709400,74,1,[],[]
1712229300538,1712228710400,73,1,[],[]
1712229300538,1712228711400,74,1,[],[]
1712229300538,1712228712400,74,1,[],[]
1712229300538,1712228713400,75,1,[],[]
1712229300538,1712228714400,75,1,[],[]
1712229300538,1712228715400,75,1,[],[]
1712229300538,1712228716400,76,1,[],[]
1712229300538,1712228717400,76,1,[],[]
1712229300538,1712228718400,75,1,[],[]
1712229300538,1712228719400,75,1,[],[]
1712229300538,1712228720400,75,1,[],[]
1712229300538,1712228721400,76,1,[],[]
1712229300538,1712228722400,75,1,[],[]
1712229300538,1712228723400,76,1,[],[]
1712229300538,1712228724400,76,1,[],[]
1712229300538,1712228725400,76,1,[],[]
1712229300538,1712228726400,75,1,[],[]
1712229300538,1712228727400,75,1,[],[]
1712229300538,1712228728400,74,1,[],[]
1712229300538,1712228729400,73,1,[],[]
1712229300538,1712228730400,74,1,[],[]
1712229300538,1712228731400,74,1,[],[]
1712229300538,1712228732400,75,1,[],[]
1712229300538,1712228733400,75,1,[],[]
1712229300538,1712228734400,76,1,[],[]
1712229300538,1712228735400,76,1,[],[]
1712229300538,1712228736400,77,1,[],[]
1712229300538,1712228737400,77,1,[],[]
1712229300538,1712228738400,77,1,[],[]
1712229300538,1712228739400,77,1,[],[]
1712229300538,1712228740400,77,1,[],[]
1712229300538,1712228741400,77,1,[],[]
1712229300538,1712228742400,76,1,[],[]
1712229300538,1712228743400,76,1,[],[]
1712229300538,1712228744400,75,1,[],[]
1712229300538,1712228745400,74,1,[],[]
1712229300538,1712228746400,73,1,[],[]
1712229300538,1712228747400,73,1,[],[]
1712229300538,1712228748400,72,1,[],[]
1712229300538,1712228749400,72,1,[],[]
1712229300538,1712228750400,73,1,[],[]
1712229300538,1712228751400,72,1,[],[]
1712229300538,1712228752400,73,1,[],[]
1712229300538,1712228753400,72,1,[],[]
1712229300538,1712228754400,73,1,[],[]
1712229300538,1712228755400,74,1,[],[]
1712229300538,1712228756400,74,1,[],[]
1712229300538,1712228757400,74,1,[],[]
1712229300538,1712228758400,75,1,[],[]
1712229300538,1712228759400,74,1,[],[]
1712229300538,1712228760400,74,1,[],[]
1712229300538,1712228761400,74,1,[],[]
1712229300538,1712228762400,74,1,[],[]
1712229300538,1712228763400,75,1,[],[]
1712229300538,1712228764400,75,1,[],[]
1712229300538,1712228765400,75,1,[],[]
1712229300538,1712228766400,75,1,[],[]
1712229300538,1712228767400,75,1,[],[]
1712229300538,1712228768400,75,1,[],[]
1712229300538,1712228769400,76,1,[],[]
1712229300538,1712228770400,75,1,[],[]
1712229300538,1712228771400,75,1,[],[]
1712229300538,1712228772400,75,1,[],[]
1712229300538,1712228773400,75,1,[],[]
1712229300538,1712228774400,74,1,[],[]
1712229300538,1712228775400,74,1,[],[]
1712229300538,1712228776400,74,1,[],[]
1712229300538,1712228777400,75,1,[],[]
1712229300538,1712228778400,74,1,[],[]
1712229300538,1712228779400,75,1,[],[]
1712229300538,1712228780400,76,1,[],[]
1712229300538,1712228781400,75,1,[],[]
1712229300538,1712228782400,74,1,[],[]
1712229300538,1712228783400,74,1,[],[]
1712229300538,1712228784400,76,1,[],[]
1712229300538,1712228785400,77,1,[],[]
1712229300538,1712228786400,79,1,[],[]
1712229300538,1712228787400,0,-10,[],[]
1712229300538,1712228788400,78,1,[],[]
1712229300538,1712228789400,78,1,[],[]
1712229300538,1712228790400,79,1,[],[]
1712229300538,1712228791400,80,1,[],[]
1712229300538,1712228792400,80,1,[],[]
1712229300538,1712228793400,81,1,[],[]
1712229300538,1712228794400,80,1,[],[]
1712229300538,1712228795400,79,1,[],[]
1712229300538,1712228796400,79,1,[],[]
1712229300538,1712228797400,0,-10,[],[]
1712229300538,1712228798400,0,-10,[],[]
1712229300538,1712228799400,0,-10,[],[]
1712229300538,1712228800400,0,-10,[],[]
1712229300538,1712228801400,0,-10,[],[]
1712229300538,1712228802400,0,-10,[],[]
1712229300538,1712228803400,0,-10,[],[]
1712229300538,1712228804400,89,1,[],[]
1712229300538,1712228805400,89,1,[],[]
1712229300538,1712228806400,89,1,[],[]
1712229300538,1712228807400,89,1,[],[]
1712229300538,1712228808400,89,1,[],[]
1712229300538,1712228809400,90,1,[],[]
1712229300538,1712228810400,90,1,[],[]
1712229300538,1712228811400,91,1,[],[]
1712229300538,1712228812400,93,1,[],[]
1712229300538,1712228813400,94,1,[],[]
1712229300538,1712228814400,0,-10,[],[]
1712229300538,1712228815400,0,-10,[],[]
1712229300538,1712228816400,0,-10,[],[]
1712229300538,1712228817400,0,-10,[],[]
1712229300538,1712228818400,100,1,[],[]
1712229300538,1712228819400,101,1,[],[]
1712229300538,1712228820400,101,1,[],[]
1712229300538,1712228821400,101,1,[],[]
1712229300538,1712228822400,100,1,[],[]
1712229300538,1712228823400,100,1,[],[]
1712229300538,1712228824400,100,1,[],[]
1712229300538,1712228825400,99,1,[],[]
1712229300538,1712228826400,98,1,[],[]
1712229300538,1712228827400,98,1,[],[]
1712229300538,1712228828400,99,1,[],[]
1712229300538,1712228829400,100,1,[],[]
1712229300538,1712228830400,101,1,[],[]
1712229300538,1712228831400,102,1,[],[]
1712229300538,1712228832400,101,1,[],[]
1712229300538,1712228833400,90,1,[],[]
1712229300538,1712228834400,89,1,[],[]
1712229300538,1712228835400,88,1,[],[]
1712229300538,1712228836400,88,1,[],[]
1712229300538,1712228837400,89,1,[],[]
1712229300538,1712228838400,90,1,[],[]
1712229300538,1712228839400,91,1,[],[]
1712229300538,1712228840400,91,1,[],[]
1712229300538,1712228841400,91,1,[],[]
1712229300538,1712228842400,91,1,[],[]
1712229300538,1712228843400,91,1,[],[]
1712229300538,1712228844400,91,1,[],[]
1712229300538,1712228845400,91,1,[],[]
1712229300538,1712228846400,90,1,[],[]
1712229300538,1712228847400,90,1,[],[]
1712229300538,1712228848400,90,1,[],[]
1712229300538,1712228849400,91,1,[],[]
1712229300538,1712228850400,92,1,[],[]
1712229300538,1712228851400,92,1,[],[]
1712229300538,1712228852400,92,1,[],[]
1712229300538,1712228853400,92,1,[],[]
1712229300538,1712228854400,91,1,[],[]
1712229300538,1712228855400,91,1,[],[]
1712229300538,1712228856400,91,1,[],[]
1712229300538,1712228857400,91,1,[],[]
1712229300538,1712228858400,91,1,[],[]
1712229300538,1712228859400,92,1,[],[]
1712229300538,1712228860400,56,1,[],[]
1712229300538,1712228861400,56,1,[],[]
1712229300538,1712228862400,56,1,[],[]
1712229300538,1712228863400,56,1,[],[]
1712229300538,1712228864400,57,1,[],[]
1712229300538,1712228865400,58,1,[],[]
1712229300538,1712228866400,58,1,[],[]
1712229300538,1712228867400,60,1,[],[]
1712229300538,1712228868400,60,1,[],[]
1712229300538,1712228869400,61,1,[],[]
1712229300538,1712228870400,63,1,[],[]
1712229300538,1712228871400,64,1,[],[]
1712229300538,1712228872400,68,1,[],[]
1712229300538,1712228873400,69,1,[],[]
1712229300538,1712228874400,70,1,[],[]
1712229300538,1712228875400,70,1,[],[]
1712229300538,1712228876400,70,1,[],[]
1712229300538,1712228877400,70,1,[],[]
1712229300538,1712228878400,71,1,[],[]
1712229300538,1712228879400,71,1,[],[]
1712229300538,1712228880400,69,1,[],[]
1712229300538,1712228881400,70,1,[],[]
1712229300538,1712228882400,72,1,[],[]
1712229300538,1712228883400,72,1,[],[]
1712229300538,1712228884400,74,1,[],[]
1712229300538,1712228885400,76,1,[],[]
1712229300538,1712228886400,77,1,[],[]
1712229300538,1712228887400,0,-10,[],[]
1712229300538,1712228888400,0,-10,[],[]
1712229300538,1712228889400,0,-10,[],[]
1712229300538,1712228890400,0,-10,[],[]
1712229300538,1712228891400,0,-10,[],[]
1712229300538,1712228892400,0,-10,[],[]
1712229300538,1712228893400,83,1,[],[]
1712229300538,1712228894400,84,1,[],[]
1712229300538,1712228895400,84,1,[],[]
1712229300538,1712228896400,84,1,[],[]
1712229300538,1712228897400,85,1,[],[]
1712229300538,1712228898400,86,1,[],[]
1712229300538,1712228899400,86,1,[],[]
1712229300538,1712228900400,86,1,[],[]
1712229300538,1712228901400,87,1,[],[]
1712229300538,1712228902400,87,1,[],[]
1712229300538,1712228903400,87,1,[],[]
1712229300538,1712228904400,88,1,[],[]
1712229300538,1712228905400,88,1,[],[]
1712229300538,1712228906400,89,1,[],[]
1712229300538,1712228907400,89,1,[],[]
1712229300538,1712228908400,90,1,[],[]
1712229300538,1712228909400,90,1,[],[]
1712229300538,1712228910400,0,-10,[],[]
1712229300538,1712228911400,0,-10,[],[]
1712229300538,1712228912400,91,1,[],[]
1712229300538,1712228913400,91,1,[],[]
1712229300538,1712228914400,92,1,[],[]
1712229300538,1712228915400,0,-10,[],[]
1712229300538,1712228916400,0,-10,[],[]
1712229300538,1712228917400,0,-10,[],[]
1712229300538,1712228918400,0,-10,[],[]
1712229300538,1712228919400,0,-10,[],[]
1712229300538,1712228920400,0,-10,[],[]
1712229300538,1712228921400,0,-10,[],[]
1712229300538,1712228922400,0,-10,[],[]
1712229300538,1712228923400,0,-10,[],[]
1712229300538,1712228924400,0,-10,[],[]
1712229300538,1712228925400,0,-10,[],[]
1712229300538,1712228926400,0,-10,[],[]
1712229300538,1712228927400,0,-10,[],[]
1712229300538,1712228928400,0,-10,[],[]
1712229300538,1712228929400,0,-10,[],[]
1712229300538,1712228930400,0,-10,[],[]
1712229300538,1712228931400,0,-10,[],[]
1712229300538,1712228932400,95,1,[],[]
1712229300538,1712228933400,95,1,[],[]
1712229300538,1712228934400,95,1,[],[]
1712229300538,1712228935400,95,1,[],[]
1712229300538,1712228936400,0,-10,[],[]
1712229300538,1712228937400,0,-10,[],[]
1712229300538,1712228938400,0,-10,[],[]
1712229300538,1712228939400,0,-10,[],[]
1712229300538,1712228940400,0,-10,[],[]
1712229300538,1712228941400,0,-10,[],[]
1712229300538,1712228942400,0,-10,[],[]
1712229300538,1712228943400,0,-10,[],[]
1712229300538,1712228944400,0,-10,[],[]
1712229300538,1712228945400,0,-10,[],[]
1712229300538,1712228946400,0,-10,[],[]
1712229300538,1712228947400,0,-10,[],[]
1712229300538,1712228948400,0,-10,[],[]
1712229300538,1712228949400,0,-10,[],[]
1712229300538,1712228950400,0,-10,[],[]
1712229300538,1712228951400,0,-10,[],[]
1712229300538,1712228952400,0,-10,[],[]
1712229300538,1712228953400,0,-10,[],[]
1712229300538,1712228954400,0,-10,[],[]
1712229300538,1712228955400,0,-10,[],[]
1712229300538,1712228956400,0,-10,[],[]
1712229300538,1712228957400,0,-10,[],[]
1712229300538,1712228958400,0,-10,[],[]
1712229300538,1712228959400,0,-10,[],[]
1712229300538,1712228960400,0,-10,[],[]
1712229300538,1712228961400,0,-10,[],[]
1712229300538,1712228962400,0,-10,[],[]
1712229300538,1712228963400,95,1,[],[]
1712229300538,1712228964400,95,1,[],[]
1712229300538,1712228965400,94,1,[],[]
1712229300538,1712228966400,94,1,[],[]
1712229300538,1712228967400,94,1,[],[]
1712229300538,1712228968400,94,1,[],[]
1712229300538,1712228969400,0,-10,[],[]
1712229300538,1712228970400,0,-10,[],[]
1712229300538,1712228971400,0,-10,[],[]
1712229300538,1712228972400,0,-10,[],[]
1712229300538,1712228973400,0,-10,[],[]
1712229300538,1712228974400,0,-10,[],[]
1712229300538,1712228975400,0,-10,[],[]
1712229300538,1712228976400,0,-10,[],[]
1712229300538,1712228977400,0,-10,[],[]
1712229300538,1712228978400,0,-10,[],[]
1712229300538,1712228979400,0,-10,[],[]
1712229300538,1712228980400,0,-10,[],[]
1712229300538,1712228981400,0,-10,[],[]
1712229300538,1712228982400,0,-10,[],[]
1712229300538,1712228983400,0,-10,[],[]
1712229300538,1712228984400,0,-10,[],[]
1712229300538,1712228985400,0,-10,[],[]
1712229300538,1712228986400,82,1,[],[]
1712229300538,1712228987400,81,1,[],[]
1712229300538,1712228988400,0,-10,[],[]
1712229300538,1712228989400,82,1,[],[]
1712229300538,1712228990400,84,1,[],[]
1712229300538,1712228991400,84,1,[],[]
1712229300538,1712228992400,83,1,[],[]
1712229300538,1712228993400,84,1,[],[]
1712229300538,1712228994400,83,1,[],[]
1712229300538,1712228995400,84,1,[],[]
1712229300538,1712228996400,84,1,[],[]
1712229300538,1712228997400,0,-10,[],[]
1712229300538,1712228998400,0,-10,[],[]
1712229300538,1712228999400,0,-10,[],[]
1712229300538,1712229000400,0,-10,[],[]
1712229300538,1712229001400,0,-10,[],[]
1712229300538,1712229002400,81,1,[],[]
1712229300538,1712229003400,79,1,[],[]
1712229300538,1712229004400,78,1,[],[]
1712229300538,1712229005400,76,1,[],[]
1712229300538,1712229006400,76,1,[],[]
1712229300538,1712229007400,73,1,[],[]
1712229300538,1712229008400,74,1,[],[]
1712229300538,1712229009400,75,1,[],[]
1712229300538,1712229010400,77,1,[],[]
1712229300538,1712229011400,76,1,[],[]
1712229300538,1712229012400,79,1,[],[]
1712229300538,1712229013400,78,1,[],[]
1712229300538,1712229014400,78,1,[],[]
1712229300538,1712229015400,76,1,[],[]
1712229300538,1712229016400,76,1,[],[]
1712229300538,1712229017400,77,1,[],[]
1712229300538,1712229018400,77,1,[],[]
1712229300538,1712229019400,76,1,[],[]
1712229300538,1712229020400,76,1,[],[]
1712229300538,1712229021400,76,1,[],[]
1712229300538,1712229022400,75,1,[],[]
1712229300538,1712229023400,75,1,[],[]
1712229300538,1712229024400,75,1,[],[]
1712229300538,1712229025400,76,1,[],[]
1712229300538,1712229026400,75,1,[],[]
1712229300538,1712229027400,73,1,[],[]
1712229300538,1712229028400,75,1,[],[]
1712229300538,1712229029400,76,1,[],[]
1712229300538,1712229030400,75,1,[],[]
1712229300538,1712229031400,75,1,[],[]
1712229300538,1712229032400,75,1,[],[]
1712229300538,1712229033400,75,1,[],[]
1712229300538,1712229034400,75,1,[],[]
1712229300538,1712229035400,74,1,[],[]
1712229300538,1712229036400,74,1,[],[]
1712229300538,1712229037400,74,1,[],[]
1712229300538,1712229038400,74,1,[],[]
1712229300538,1712229039400,74,1,[],[]
1712229300538,1712229040400,73,1,[],[]
1712229300538,1712229041400,73,1,[],[]
1712229300538,1712229042400,73,1,[],[]
1712229300538,1712229043400,73,1,[],[]
1712229300538,1712229044400,73,1,[],[]
1712229300538,1712229045400,74,1,[],[]
1712229300538,1712229046400,74,1,[],[]
1712229300538,1712229047400,73,1,[],[]
1712229300538,1712229048400,73,1,[],[]
1712229300538,1712229049400,73,1,[],[]
1712229300538,1712229050400,73,1,[],[]
1712229300538,1712229051400,73,1,[],[]
1712229300538,1712229052400,74,1,[],[]
1712229300538,1712229053400,75,1,[],[]
1712229300538,1712229054400,74,1,[],[]
1712229300538,1712229055400,74,1,[],[]
1712229300538,1712229056400,73,1,[],[]
1712229300538,1712229057400,74,1,[],[]
1712229300538,1712229058400,73,1,[],[]
1712229300538,1712229059400,73,1,[],[]
1712229300538,1712229060400,73,1,[],[]
1712229300538,1712229061400,73,1,[],[]
1712229300538,1712229062400,72,1,[],[]
1712229300538,1712229063400,72,1,[],[]
1712229300538,1712229064400,72,1,[],[]
1712229300538,1712229065400,72,1,[],[]
1712229300538,1712229066400,71,1,[],[]
1712229300538,1712229067400,71,1,[],[]
1712229300538,1712229068400,71,1,[],[]
1712229300538,1712229069400,72,1,[],[]
1712229300538,1712229070400,72,1,[],[]
1712229300538,1712229071400,73,1,[],[]
1712229300538,1712229072400,73,1,[],[]
1712229300538,1712229073400,73,1,[],[]
1712229300538,1712229074400,74,1,[],[]
1712229300538,1712229075400,74,1,[],[]
1712229300538,1712229076400,74,1,[],[]
1712229300538,1712229077400,74,1,[],[]
1712229300538,1712229078400,74,1,[],[]
1712229300538,1712229079400,74,1,[],[]
1712229300538,1712229080400,75,1,[],[]
1712229300538,1712229081400,75,1,[],[]
1712229300538,1712229082400,74,1,[],[]
1712229300538,1712229083400,73,1,[],[]
1712229300538,1712229084400,72,1,[],[]
1712229300538,1712229085400,71,1,[],[]
1712229300538,1712229086400,73,1,[],[]
1712229300538,1712229087400,73,1,[],[]
1712229300538,1712229088400,74,1,[],[]
1712229300538,1712229089400,75,1,[],[]
1712229300538,1712229090400,74,1,[],[]
1712229300538,1712229091400,76,1,[],[]
1712229300538,1712229092400,76,1,[],[]
1712229300538,1712229093400,76,1,[],[]
1712229300538,1712229094400,76,1,[],[]
1712229300538,1712229095400,79,1,[],[]
1712229300538,1712229096400,79,1,[],[]
1712229300538,1712229097400,80,1,[],[]
1712229300538,1712229098400,80,1,[],[]
1712229300538,1712229099400,82,1,[],[]
1712229300538,1712229100400,82,1,[],[]
1712229300538,1712229101400,80,1,[],[]
1712229300538,1712229102400,80,1,[],[]
1712229300538,1712229103400,80,1,[],[]
1712229300538,1712229104400,80,1,[],[]
1712229300538,1712229105400,79,1,[],[]
1712229300538,1712229106400,80,1,[],[]
1712229300538,1712229107400,80,1,[],[]
1712229300538,1712229108400,80,1,[],[]
1712229300538,1712229109400,80,1,[],[]
1712229300538,1712229110400,80,1,[],[]
1712229300538,1712229111400,80,1,[],[]
1712229300538,1712229112400,81,1,[],[]
1712229300538,1712229113400,81,1,[],[]
1712229300538,1712229114400,81,1,[],[]
1712229300538,1712229115400,81,1,[],[]
1712229300538,1712229116400,82,1,[],[]
1712229300538,1712229117400,81,1,[],[]
1712229300538,1712229118400,81,1,[],[]
1712229300538,1712229119400,81,1,[],[]
1712229300538,1712229120400,81,1,[],[]
1712229300538,1712229121400,80,1,[],[]
1712229300538,1712229122400,79,1,[],[]
1712229300538,1712229123400,81,1,[],[]
1712229300538,1712229124400,81,1,[],[]
1712229300538,1712229125400,82,1,[],[]
1712229300538,1712229126400,82,1,[],[]
1712229300538,1712229127400,81,1,[],[]
1712229300538,1712229128400,82,1,[],[]
1712229300538,1712229129400,81,1,[],[]
1712229300538,1712229130400,83,1,[],[]
1712229300538,1712229131400,82,1,[],[]
1712229300538,1712229132400,81,1,[],[]
1712229300538,1712229133400,81,1,[],[]
1712229300538,1712229134400,81,1,[],[]
1712229300538,1712229135400,82,1,[],[]
1712229300538,1712229136400,83,1,[],[]
1712229300538,1712229137400,84,1,[],[]
1712229300538,1712229138400,85,1,[],[]
1712229300538,1712229139400,86,1,[],[]
1712229300538,1712229140400,86,1,[],[]
1712229300538,1712229141400,86,1,[],[]
1712229300538,1712229142400,85,1,[],[]
1712229300538,1712229143400,85,1,[],[]
1712229300538,1712229144400,84,1,[],[]
1712229300538,1712229145400,84,1,[],[]
1712229300538,1712229146400,84,1,[],[]
1712229300538,1712229147400,84,1,[],[]
1712229300538,1712229148400,84,1,[],[]
1712229300538,1712229149400,83,1,[],[]
1712229300538,1712229150400,84,1,[],[]
1712229300538,1712229151400,84,1,[],[]
1712229300538,1712229152400,84,1,[],[]
1712229300538,1712229153400,85,1,[],[]
1712229300538,1712229154400,85,1,[],[]
1712229300538,1712229155400,85,1,[],[]
1712229300538,1712229156400,0,-10,[],[]
1712229300538,1712229157400,0,-10,[],[]
1712229300538,1712229158400,0,-10,[],[]
1712229300538,1712229159400,0,-10,[],[]
1712229300538,1712229160400,85,1,[],[]
1712229300538,1712229161400,85,1,[],[]
1712229300538,1712229162400,86,1,[],[]
1712229300538,1712229163400,86,1,[],[]
1712229300538,1712229164400,85,1,[],[]
1712229300538,1712229165400,85,1,[],[]
1712229300538,1712229166400,85,1,[],[]
1712229300538,1712229167400,0,-10,[],[]
1712229300538,1712229168400,84,1,[],[]
1712229300538,1712229169400,85,1,[],[]
1712229300538,1712229170400,84,1,[],[]
1712229300538,1712229171400,83,1,[],[]
1712229300538,1712229172400,83,1,[],[]
1712229300538,1712229173400,82,1,[],[]
1712229300538,1712229174400,80,1,[],[]
1712229300538,1712229175400,80,1,[],[]
1712229300538,1712229176400,81,1,[],[]
1712229300538,1712229177400,81,1,[],[]
1712229300538,1712229178400,81,1,[],[]
1712229300538,1712229179400,79,1,[],[]
1712229300538,1712229180400,77,1,[],[]
1712229300538,1712229181400,76,1,[],[]
1712229300538,1712229182400,78,1,[],[]
1712229300538,1712229183400,79,1,[],[]
1712229300538,1712229184400,78,1,[],[]
1712229300538,1712229185400,77,1,[],[]
1712229300538,1712229186400,78,1,[],[]
1712229300538,1712229187400,77,1,[],[]
1712229300538,1712229188400,79,1,[],[]
1712229300538,1712229189400,80,1,[],[]
1712229300538,1712229190400,78,1,[],[]
1712229300538,1712229191400,81,1,[],[]
1712229300538,1712229192400,83,1,[],[]
1712229300538,1712229193400,83,1,[],[]
1712229300538,1712229194400,83,1,[],[]
1712229300538,1712229195400,82,1,[],[]
1712229300538,1712229196400,82,1,[],[]
1712229300538,1712229197400,82,1,[],[]
1712229300538,1712229198400,83,1,[],[]
1712229300538,1712229199400,83,1,[],[]
1712229300538,1712229200400,83,1,[],[]
1712229300538,1712229201400,82,1,[],[]
1712229300538,1712229202400,81,1,[],[]
1712229300538,1712229203400,81,1,[],[]
1712229300538,1712229204400,81,1,[],[]
1712229300538,1712229205400,82,1,[],[]
1712229300538,1712229206400,83,1,[],[]
1712229300538,1712229207400,83,1,[],[]
1712229300538,1712229208400,85,1,[],[]
1712229300538,1712229209400,85,1,[],[]
1712229300538,1712229210400,85,1,[],[]
1712229300538,1712229211400,84,1,[],[]
1712229300538,1712229212400,84,1,[],[]
1712229300538,1712229213400,84,1,[],[]
1712229300538,1712229214400,84,1,[],[]
1712229300538,1712229215400,85,1,[],[]
1712229300538,1712229216400,84,1,[],[]
1712229300538,1712229217400,85,1,[],[]
1712229300538,1712229218400,86,1,[],[]
1712229300538,1712229219400,85,1,[],[]
1712229300538,1712229220400,85,1,[],[]
1712229300538,1712229221400,85,1,[],[]
1712229300538,1712229222400,0,-10,[],[]
1712229300538,1712229223400,0,-10,[],[]
1712229300538,1712229224400,0,-10,[],[]
1712229300538,1712229225400,0,-10,[],[]
1712229300538,1712229226400,0,-10,[],[]
1712229300538,1712229227400,0,-10,[],[]
1712229300538,1712229228400,0,-10,[],[]
1712229300538,1712229229400,0,-10,[],[]
1712229300538,1712229230400,0,-10,[],[]
1712229300538,1712229231400,0,-10,[],[]
1712229300538,1712229232400,0,-10,[],[]
1712229300538,1712229233400,0,-10,[],[]
1712229300538,1712229234400,0,-10,[],[]
1712229300538,1712229235400,0,-10,[],[]
1712229300538,1712229236400,0,-10,[],[]
1712229300538,1712229237400,0,-10,[],[]
1712229300538,1712229238400,0,-10,[],[]
1712229300538,1712229239400,0,-10,[],[]
1712229300538,1712229240400,0,-10,[],[]
1712229300538,1712229241400,0,-10,[],[]
1712229300538,1712229242400,0,-10,[],[]
1712229300538,1712229243400,0,-10,[],[]
1712229300538,1712229244400,0,-10,[],[]
1712229300538,1712229245400,0,-10,[],[]
1712229300538,1712229246400,0,-10,[],[]
1712229300538,1712229247400,0,-10,[],[]
1712229300538,1712229248400,0,-10,[],[]
1712229300538,1712229249400,0,-10,[],[]
1712229300538,1712229250400,0,0,[],[]
1712229300538,1712229251400,86,1,[],[]
1712229300538,1712229252400,85,1,[],[]
1712229300538,1712229253400,85,1,[],[]
1712229300538,1712229254400,85,1,[],[]
1712229300538,1712229255400,85,1,[],[]
1712229300538,1712229256400,85,1,[],[]
1712229300538,1712229257400,84,1,[],[]
1712229300538,1712229258400,84,1,[],[]
1712229300538,1712229259400,83,1,[],[]
1712229300538,1712229260400,82,1,[],[]
1712229300538,1712229261400,82,1,[],[]
1712229300538,1712229262400,81,1,[],[]
1712229300538,1712229263400,80,1,[],[]
1712229300538,1712229264400,79,1,[],[]
1712229300538,1712229265400,77,1,[],[]
1712229300538,1712229266400,77,1,[],[]
1712229300538,1712229267400,76,1,[],[]
1712229300538,1712229268400,76,1,[],[]
1712229300538,1712229269400,75,1,[],[]
1712229300538,1712229270400,75,1,[],[]
1712229300538,1712229271400,74,1,[],[]
1712229300538,1712229272400,74,1,[],[]
1712229300538,1712229273400,74,1,[],[]
1712229300538,1712229274400,74,1,[],[]
1712229300538,1712229275400,74,1,[],[]
1712229300538,1712229276400,73,1,[],[]
1712229300538,1712229277400,72,1,[],[]
1712229300538,1712229278400,72,1,[],[]
1712229300538,1712229279400,72,1,[],[]
1712229300538,1712229280400,72,1,[],[]
1712229300538,1712229281400,71,1,[],[]
1712229300538,1712229282400,72,1,[],[]
1712229300538,1712229283400,72,1,[],[]
1712229300538,1712229284400,71,1,[],[]
1712229300538,1712229285400,71,1,[],[]
1712229300538,1712229286400,70,1,[],[]
1712229300538,1712229287400,70,1,[],[]
1712229300538,1712229288400,70,1,[],[]
1712229300538,1712229289400,70,1,[],[]
1712229300538,1712229290400,69,1,[],[]
1712229300538,1712229291400,69,1,[],[]
1712229300538,1712229292400,70,1,[],[]
1712229300538,1712229293400,69,1,[],[]
1712229300538,1712229294400,69,1,[],[]
1712229300538,1712229295400,68,1,[],[]
1712229300538,1712229296400,67,1,[],[]
1712229300538,1712229297400,67,1,[],[]
1712229300538,1712229298400,68,1,[],[]
1712229300538,1712229299400,68,1,[],[]
1712229300538,1712229300400,69,1,[],[]
1712229404018,1712229301970,69,1,"[882,923,794,845,820,852,863,846,780,752,1027,859,762,886,874,869,819,900,830,873,865,823,835,929,626,390,989,731,988,494,857,857,372,837,598,606,616,1909,768,1304,1004,597,424,1144,378,624,791,326,462,796,802,799,807,807,781,814,803,1039,638,959,766,678,793,321,625,761,654,282,799,519,260,610,260,607,314,513,381,385,533,1192,392,447,821,823,278,606,702,260,573,863,368,514,926,952,502,814,833,860,805,453,404,829,840,836,773,841,776,837,766,414,397,396,400,391,428,260,599,326,501,366,467,433,396,421,412,785,420,415,807,825,415,419,522,685,429,417,387,419,433,816,423,371,397,402,404,384,334,507,365,480,260,580,382,624,637,416,395,419,415,381,404,381]","[-1,-1,-1,0,0,0,0,-1,-1,-1,0,0,0,0,-1,-1,-1,0,0,0,0,0,0,0,-1,-1,-1,-1,-1,-1,-1,-1,-1,-1,-1,-1,-1,-1,-1,-1,-1,-1,-1,-1,-1,-1,-1,-1,-1,-1,-1,-1,-1,-1,-1,-1,-1,-1,-1,-1,-1,-1,-1,-1,-1,-1,-1,-1,-1,-1,-1,-1,-1,-1,-1,-1,-1,-1,-1,-1,-1,-1,-1,-1,-1,-1,-1,-1,-1,-1,-1,-1,-1,-1,-1,-1,-1,-1,-1,-1,-1,-1,-1,-1,-1,-1,-1,-1,-1,-1,-1,-1,-1,-1,-1,-1,-1,-1,-1,-1,-1,-1,-1,-1,-1,-1,-1,-1,-1,-1,-1,-1,-1,-1,-1,-1,-1,-1,-1,-1,-1,-1,-1,-1,-1,-1,-1,-1,-1,-1,-1,-1,-1,-1,-1,-1,-1,-1,-1,-1,-1,-1]"
1712229404018,1712229302970,70,1,[],[]
1712229404018,1712229303970,71,1,[],[]
1712229404018,1712229304970,71,1,[],[]
1712229404018,1712229305970,70,1,[],[]
1712229404018,1712229306970,70,1,[],[]
1712229404018,1712229307970,70,1,[],[]
1712229404018,1712229308970,70,1,[],[]
1712229404018,1712229309970,70,1,[],[]
1712229404018,1712229310970,71,1,[],[]
1712229404018,1712229311970,71,1,[],[]
1712229404018,1712229312970,71,1,[],[]
1712229404018,1712229313970,70,1,[],[]
1712229404018,1712229314970,70,1,[],[]
1712229404018,1712229315970,69,1,[],[]
1712229404018,1712229316970,69,1,[],[]
1712229404018,1712229317970,69,1,[],[]
1712229404018,1712229318970,69,1,[],[]
1712229404018,1712229319970,69,1,[],[]
1712229404018,1712229320970,70,1,[],[]
1712229404018,1712229321970,71,1,[],[]
1712229404018,1712229322970,72,1,[],[]
1712229404018,1712229323970,72,1,[],[]
1712229404018,1712229324970,72,1,[],[]
1712229404018,1712229325970,0,0,[],[]
1712229404018,1712229326970,74,1,[],[]
1712229404018,1712229327970,74,1,[],[]
1712229404018,1712229328970,74,1,[],[]
1712229404018,1712229329970,73,1,[],[]
1712229404018,1712229330970,72,1,[],[]
1712229404018,1712229331970,72,1,[],[]
1712229404018,1712229332970,73,1,[],[]
1712229404018,1712229333970,74,1,[],[]
1712229404018,1712229334970,76,1,[],[]
1712229404018,1712229335970,77,1,[],[]
1712229404018,1712229336970,77,1,[],[]
1712229404018,1712229337970,78,1,[],[]
1712229404018,1712229338970,79,1,[],[]
1712229404018,1712229339970,80,1,[],[]
1712229404018,1712229340970,81,1,[],[]
1712229404018,1712229341970,82,1,[],[]
1712229404018,1712229342970,82,1,[],[]
1712229404018,1712229343970,82,1,[],[]
1712229404018,1712229344970,84,1,[],[]
1712229404018,1712229345970,85,1,[],[]
1712229404018,1712229346970,84,1,[],[]
1712229404018,1712229347970,84,1,[],[]
1712229404018,1712229348970,85,1,[],[]
1712229404018,1712229349970,86,1,[],[]
1712229404018,1712229350970,87,1,[],[]
1712229404018,1712229351970,87,1,[],[]
1712229404018,1712229352970,85,1,[],[]
1712229404018,1712229353970,86,1,[],[]
1712229404018,1712229354970,86,1,[],[]
1712229404018,1712229355970,86,1,[],[]
1712229404018,1712229356970,85,1,[],[]
1712229404018,1712229357970,85,1,[],[]
1712229404018,1712229358970,85,1,[],[]
1712229404018,1712229359970,86,1,[],[]
1712229404018,1712229360970,87,1,[],[]
1712229404018,1712229361970,88,1,[],[]
1712229404018,1712229362970,88,1,[],[]
1712229404018,1712229363970,89,1,[],[]
1712229404018,1712229364970,90,1,[],[]
1712229404018,1712229365970,90,1,[],[]
1712229404018,1712229366970,89,1,[],[]
1712229404018,1712229367970,90,1,[],[]
1712229404018,1712229368970,90,1,[],[]
1712229404018,1712229369970,90,1,[],[]
1712229404018,1712229370970,91,1,[],[]
1712229404018,1712229371970,91,1,[],[]
1712229404018,1712229372970,89,1,[],[]
1712229404018,1712229373970,89,1,[],[]
1712229404018,1712229374970,88,1,[],[]
1712229404018,1712229375970,86,1,[],[]
1712229404018,1712229376970,87,1,[],[]
1712229404018,1712229377970,89,1,[],[]
1712229404018,1712229378970,89,1,[],[]
1712229404018,1712229379970,89,1,[],[]
1712229404018,1712229380970,90,1,[],[]
1712229404018,1712229381970,89,1,[],[]
1712229404018,1712229382970,88,1,[],[]
1712229404018,1712229383970,88,1,[],[]
1712229404018,1712229384970,87,1,[],[]
1712229404018,1712229385970,87,1,[],[]
1712229404018,1712229386970,87,1,[],[]
1712229404018,1712229387970,86,1,[],[]
1712229404018,1712229388970,85,1,[],[]
1712229404018,1712229389970,85,1,[],[]
1712229404018,1712229390970,86,1,[],[]
1712229404018,1712229391970,86,1,[],[]
1712229404018,1712229392970,86,1,[],[]
1712229404018,1712229393970,87,1,[],[]
1712229404018,1712229394970,89,1,[],[]
1712229404018,1712229395970,89,1,[],[]
1712229404018,1712229396970,89,1,[],[]
1712229404018,1712229397970,90,1,[],[]
1712229404018,1712229398970,92,1,[],[]
1712229404018,1712229399970,91,1,[],[]
1712229404018,1712229400970,91,1,[],[]
1712229404018,1712229401970,92,1,[],[]
1712229404018,1712229402970,92,1,[],[]
1712229404018,1712229403970,93,1,[],[]
1712229497519,1712229405472,93,1,"[454,423,386,448,375,431,388,459,427,421,390,836,437,491,266,719,819,1025,381,369,370,333,560,418,430,376,412,411,428,400,425,420,412,392,410,455,419,397,451,350,412,398,399,428,406,434,453,386,395,352,420,473,419,817,424,392,407,410,349,466,404,710,927,373,457,413,418,397,399,378,438,417,414,389,419,396,428,398,428,399,446,386,398,406,421,434,430,391,397,399,415,419,426,390,424,398,398,441,412,408,426,360,390,380,450,494,367,403,436,416,423,435,416,417,387,415,344,534,399,411,429,437,394,421,405,381,440,409,403,392,420,431,822,887,782,555,366,844,625,337,364,912,1066,831,260,940,968,510,623,1464,872,260,804,401,640,675,1509,858,1068,365,388,335,363,388,335,363,393,391,370,377,380,388,358,471,758,386,398,403,402,419,1210,692,889,463,469,898,1425,428,509]","[-1,-1,-1,-1,-1,-1,-1,-1,-1,-1,-1,-1,-1,-1,-1,-1,-1,-1,-1,-1,-1,-1,-1,-1,-1,-1,-1,-1,-1,-1,-1,-1,-1,-1,-1,-1,-1,-1,-1,-1,-1,-1,-1,-1,-1,-1,-1,-1,-1,-1,-1,-1,-1,-1,-1,-1,-1,-1,-1,-1,-1,-1,-1,-1,-1,-1,-1,-1,-1,-1,-1,-1,-1,-1,-1,-1,-1,-1,-1,-1,-1,-1,-1,-1,-1,-1,0,0,0,0,0,0,0,0,-1,-1,-1,-1,-1,-1,-1,-1,-1,-1,-1,-1,-1,-1,-1,-1,-1,-1,-1,-1,-1,-1,-1,-1,-1,-1,-1,-1,-1,-1,-1,-1,-1,-1,-1,-1,-1,-1,-1,-1,-1,-1,-1,-1,-1,-1,-1,-1,-1,-1,-1,-1,-1,-1,-1,-1,-1,-1,-1,-1,-1,-1,-1,-1,-1,-1,-1,-1,-1,-1,-1,-1,-1,-1,-1,-1,-1,-1,-1,-1,-1,-1,-1,-1,-1,-1,-1,-1,-1,-1,-1,-1,-1,-1,-1]"
1712229497519,1712229406472,0,-10,[],[]
1712229497519,1712229407472,0,-10,[],[]
1712229497519,1712229408472,91,1,[],[]
1712229497519,1712229409472,90,1,[],[]
1712229497519,1712229410472,90,1,[],[]
1712229497519,1712229411472,88,1,[],[]
1712229497519,1712229412472,88,1,[],[]
1712229497519,1712229413472,87,1,[],[]
1712229497519,1712229414472,86,1,[],[]
1712229497519,1712229415472,86,1,[],[]
1712229497519,1712229416472,85,1,[],[]
1712229497519,1712229417472,87,1,[],[]
1712229497519,1712229418472,87,1,[],[]
1712229497519,1712229419472,88,1,[],[]
1712229497519,1712229420472,89,1,[],[]
1712229497519,1712229421472,89,1,[],[]
1712229497519,1712229422472,90,1,[],[]
1712229497519,1712229423472,91,1,[],[]
1712229497519,1712229424472,92,1,[],[]
1712229497519,1712229425472,93,1,[],[]
1712229497519,1712229426472,94,1,[],[]
1712229497519,1712229427472,95,1,[],[]
1712229497519,1712229428472,94,1,[],[]
1712229497519,1712229429472,94,1,[],[]
1712229497519,1712229430472,94,1,[],[]
1712229497519,1712229431472,93,1,[],[]
1712229497519,1712229432472,95,1,[],[]
1712229497519,1712229433472,93,1,[],[]
1712229497519,1712229434472,94,1,[],[]
1712229497519,1712229435472,95,1,[],[]
1712229497519,1712229436472,96,1,[],[]
1712229497519,1712229437472,96,1,[],[]
1712229497519,1712229438472,0,-10,[],[]
1712229497519,1712229439472,0,-10,[],[]
1712229497519,1712229440472,0,-10,[],[]
1712229497519,1712229441472,0,-10,[],[]
1712229497519,1712229442472,0,-10,[],[]
1712229497519,1712229443472,0,-10,[],[]
1712229497519,1712229444472,97,1,[],[]
1712229497519,1712229445472,97,1,[],[]
1712229497519,1712229446472,98,1,[],[]
1712229497519,1712229447472,97,1,[],[]
1712229497519,1712229448472,100,1,[],[]
1712229497519,1712229449472,0,-10,[],[]
1712229497519,1712229450472,0,-10,[],[]
1712229497519,1712229451472,0,-10,[],[]
1712229497519,1712229452472,0,-10,[],[]
1712229497519,1712229453472,0,-10,[],[]
1712229497519,1712229454472,0,-10,[],[]
1712229497519,1712229455472,101,1,[],[]
1712229497519,1712229456472,0,-10,[],[]
1712229497519,1712229457472,0,-10,[],[]
1712229497519,1712229458472,0,-10,[],[]
1712229497519,1712229459472,0,-10,[],[]
1712229497519,1712229460472,0,-10,[],[]
1712229497519,1712229461472,0,-10,[],[]
1712229497519,1712229462472,0,-10,[],[]
1712229497519,1712229463472,0,-10,[],[]
1712229497519,1712229464472,0,-10,[],[]
1712229497519,1712229465472,0,-10,[],[]
1712229497519,1712229466472,0,-10,[],[]
1712229497519,1712229467472,0,-10,[],[]
1712229497519,1712229468472,0,-10,[],[]
1712229497519,1712229469472,0,-10,[],[]
1712229497519,1712229470472,0,-10,[],[]
1712229497519,1712229471472,0,-10,[],[]
1712229497519,1712229472472,0,-10,[],[]
1712229497519,1712229473472,0,-10,[],[]
1712229497519,1712229474472,0,-10,[],[]
1712229497519,1712229475472,0,-10,[],[]
1712229497519,1712229476472,0,-10,[],[]
1712229497519,1712229477472,0,-10,[],[]
1712229497519,1712229478472,0,-10,[],[]
1712229497519,1712229479472,0,-10,[],[]
1712229497519,1712229480472,0,-10,[],[]
1712229497519,1712229481472,0,-10,[],[]
1712229497519,1712229482472,0,-10,[],[]
1712229497519,1712229483472,0,0,[],[]
1712229497519,1712229484472,0,0,[],[]
1712229497519,1712229485472,130,1,[],[]
1712229497519,1712229486472,132,1,[],[]
1712229497519,1712229487472,132,1,[],[]
1712229497519,1712229488472,132,1,[],[]
1712229497519,1712229489472,132,1,[],[]
1712229497519,1712229490472,132,1,[],[]
1712229497519,1712229491472,131,1,[],[]
1712229497519,1712229492472,130,1,[],[]
1712229497519,1712229493472,130,1,[],[]
1712229497519,1712229494472,129,1,[],[]
1712229497519,1712229495472,129,1,[],[]
1712229497519,1712229496472,128,1,[],[]
1712229497519,1712229497472,128,1,[],[]
1712229498421,1712229498490,128,1,"[406,537]","[-1,-1]"
1712229499398,1712229499494,127,1,[445],[-1]
1712229500446,1712229500497,127,1,[1893],[-1]
1712229501412,1712229501501,127,1,"[489,457]","[-1,-1]"
1712229502538,1712229502504,127,1,"[472,472]","[-1,-1]"
1712229653454,1712229504398,127,1,"[433,324,657,785,664,302,900,682,1093,806,428,832,464,433,440,436,444,447,455,442,464,458,456,427,497,489,1319,872,940,260,568,308,768,1072,410,682,738,660,703,499,514,527,920,466,644,1096,500,515,533,516,528,794,870,540,608,1067,591,601,586,604,588,613,558,610,562,580,1212,608,641,1303,586,655,578,658,658,629,619,631,670,591,643,1253,631,1501,593,609,614,622,632,635,630,628,632,652,595,638,667,645,614,635,642,594,634,629,610,607,648,625,643,659,619,669,657,625,639,659,641,728,588,669,682,521,441,260,797,674,642,669,686,627,635,702,684,622,707,617,713,659,613,690,678,635,675,650,672,697,680,711,664,710,772,602,671,633,655,680,701,689,710,747,1375,707,668,693,681,677,639,665,654,692,709,728,991,1094,700,710,1223,663,677,678,729,654,767,696,649,636,634,693,692,693,678,754,701,654,703,772,682,744,767,756,720,710,726,741,769,736,751,504,618,535,530,690,647,706,689,743,847,546,577,270,703,1145,811,607]","[-1,-1,-1,-1,-1,-1,-1,-1,-1,-1,-1,-1,-1,-1,-1,-1,-1,-1,-1,-1,-1,-1,-1,-1,-1,-1,-1,-1,-1,-1,-1,-1,-1,-1,-1,-1,-1,-1,-1,-1,-1,-1,-1,-1,-1,-1,0,0,0,0,0,-1,-1,-1,-1,0,0,0,0,0,0,0,0,0,0,0,0,0,0,0,0,0,0,-1,-1,-1,-1,-1,-1,0,0,0,0,-1,-1,-1,0,0,0,0,0,0,0,0,0,0,0,0,0,0,0,0,0,0,0,0,0,0,0,0,0,0,0,0,0,0,0,0,0,-1,-1,-1,-1,-1,0,0,0,0,0,0,0,0,0,0,0,0,0,0,-1,-1,-1,-1,-1,0,0,0,0,0,0,0,0,0,0,0,0,0,0,0,0,0,0,0,0,0,0,0,0,0,0,0,0,0,-1,-1,-1,-1,-1,-1,-1,0,0,0,0,0,0,0,0,0,0,0,0,0,-1,-1,-1,-1,0,0,0,0,0,0,0,0,0,-1,-1,-1,-1,0,0,0,0,0,-1,-1,-1,-1,-1,-1,-1,-1,-1,-1]"
1712229653454,1712229505398,127,1,[],[]
1712229653454,1712229506398,127,1,[],[]
1712229653454,1712229507398,128,1,[],[]
1712229653454,1712229508398,129,1,[],[]
1712229653454,1712229509398,130,1,[],[]
1712229653454,1712229510398,131,1,[],[]
1712229653454,1712229511398,132,1,[],[]
1712229653454,1712229512398,132,1,[],[]
1712229653454,1712229513398,132,1,[],[]
1712229653454,1712229514398,132,1,[],[]
1712229653454,1712229515398,132,1,[],[]
1712229653454,1712229516398,132,1,[],[]
1712229653454,1712229517398,131,1,[],[]
1712229653454,1712229518398,131,1,[],[]
1712229653454,1712229519398,129,1,[],[]
1712229653454,1712229520398,128,1,[],[]
1712229653454,1712229521398,128,1,[],[]
1712229653454,1712229522398,128,1,[],[]
1712229653454,1712229523398,127,1,[],[]
1712229653454,1712229524398,126,1,[],[]
1712229653454,1712229525398,125,1,[],[]
1712229653454,1712229526398,125,1,[],[]
1712229653454,1712229527398,124,1,[],[]
1712229653454,1712229528398,123,1,[],[]
1712229653454,1712229529398,122,1,[],[]
1712229653454,1712229530398,122,1,[],[]
1712229653454,1712229531398,120,1,[],[]
1712229653454,1712229532398,118,1,[],[]
1712229653454,1712229533398,116,1,[],[]
1712229653454,1712229534398,115,1,[],[]
1712229653454,1712229535398,112,1,[],[]
1712229653454,1712229536398,111,1,[],[]
1712229653454,1712229537398,108,1,[],[]
1712229653454,1712229538398,106,1,[],[]
1712229653454,1712229539398,105,1,[],[]
1712229653454,1712229540398,104,1,[],[]
1712229653454,1712229541398,103,1,[],[]
1712229653454,1712229542398,102,1,[],[]
1712229653454,1712229543398,101,1,[],[]
1712229653454,1712229544398,100,1,[],[]
1712229653454,1712229545398,98,1,[],[]
1712229653454,1712229546398,98,1,[],[]
1712229653454,1712229547398,97,1,[],[]
1712229653454,1712229548398,96,1,[],[]
1712229653454,1712229549398,96,1,[],[]
1712229653454,1712229550398,0,0,[],[]
1712229653454,1712229551398,0,0,[],[]
1712229653454,1712229552398,96,1,[],[]
1712229653454,1712229553398,95,1,[],[]
1712229653454,1712229554398,95,1,[],[]
1712229653454,1712229555398,95,1,[],[]
1712229653454,1712229556398,95,1,[],[]
1712229653454,1712229557398,95,1,[],[]
1712229653454,1712229558398,95,1,[],[]
1712229653454,1712229559398,95,1,[],[]
1712229653454,1712229560398,96,1,[],[]
1712229653454,1712229561398,95,1,[],[]
1712229653454,1712229562398,95,1,[],[]
1712229653454,1712229563398,94,1,[],[]
1712229653454,1712229564398,95,1,[],[]
1712229653454,1712229565398,95,1,[],[]
1712229653454,1712229566398,95,1,[],[]
1712229653454,1712229567398,96,1,[],[]
1712229653454,1712229568398,95,1,[],[]
1712229653454,1712229569398,95,1,[],[]
1712229653454,1712229570398,95,1,[],[]
1712229653454,1712229571398,94,1,[],[]
1712229653454,1712229572398,96,1,[],[]
1712229653454,1712229573398,95,1,[],[]
1712229653454,1712229574398,95,1,[],[]
1712229653454,1712229575398,94,1,[],[]
1712229653454,1712229576398,93,1,[],[]
1712229653454,1712229577398,94,1,[],[]
1712229653454,1712229578398,94,1,[],[]
1712229653454,1712229579398,92,1,[],[]
1712229653454,1712229580398,91,1,[],[]
1712229653454,1712229581398,91,1,[],[]
1712229653454,1712229582398,91,1,[],[]
1712229653454,1712229583398,90,1,[],[]
1712229653454,1712229584398,90,1,[],[]
1712229653454,1712229585398,90,1,[],[]
1712229653454,1712229586398,89,1,[],[]
1712229653454,1712229587398,90,1,[],[]
1712229653454,1712229588398,90,1,[],[]
1712229653454,1712229589398,90,1,[],[]
1712229653454,1712229590398,90,1,[],[]
1712229653454,1712229591398,91,1,[],[]
1712229653454,1712229592398,90,1,[],[]
1712229653454,1712229593398,90,1,[],[]
1712229653454,1712229594398,90,1,[],[]
1712229653454,1712229595398,89,1,[],[]
1712229653454,1712229596398,89,1,[],[]
1712229653454,1712229597398,89,1,[],[]
1712229653454,1712229598398,89,1,[],[]
1712229653454,1712229599398,89,1,[],[]
1712229653454,1712229600398,89,1,[],[]
1712229653454,1712229601398,88,1,[],[]
1712229653454,1712229602398,88,1,[],[]
1712229653454,1712229603398,88,1,[],[]
1712229653454,1712229604398,88,1,[],[]
1712229653454,1712229605398,87,1,[],[]
1712229653454,1712229606398,87,1,[],[]
1712229653454,1712229607398,88,1,[],[]
1712229653454,1712229608398,88,1,[],[]
1712229653454,1712229609398,89,1,[],[]
1712229653454,1712229610398,89,1,[],[]
1712229653454,1712229611398,88,1,[],[]
1712229653454,1712229612398,87,1,[],[]
1712229653454,1712229613398,89,1,[],[]
1712229653454,1712229614398,90,1,[],[]
1712229653454,1712229615398,90,1,[],[]
1712229653454,1712229616398,89,1,[],[]
1712229653454,1712229617398,89,1,[],[]
1712229653454,1712229618398,88,1,[],[]
1712229653454,1712229619398,87,1,[],[]
1712229653454,1712229620398,86,1,[],[]
1712229653454,1712229621398,86,1,[],[]
1712229653454,1712229622398,87,1,[],[]
1712229653454,1712229623398,88,1,[],[]
1712229653454,1712229624398,88,1,[],[]
1712229653454,1712229625398,88,1,[],[]
1712229653454,1712229626398,87,1,[],[]
1712229653454,1712229627398,87,1,[],[]
1712229653454,1712229628398,87,1,[],[]
1712229653454,1712229629398,86,1,[],[]
1712229653454,1712229630398,86,1,[],[]
1712229653454,1712229631398,85,1,[],[]
1712229653454,1712229632398,84,1,[],[]
1712229653454,1712229633398,84,1,[],[]
1712229653454,1712229634398,84,1,[],[]
1712229653454,1712229635398,83,1,[],[]
1712229653454,1712229636398,82,1,[],[]
1712229653454,1712229637398,83,1,[],[]
1712229653454,1712229638398,83,1,[],[]
1712229653454,1712229639398,83,1,[],[]
1712229653454,1712229640398,84,1,[],[]
1712229653454,1712229641398,84,1,[],[]
1712229653454,1712229642398,85,1,[],[]
1712229653454,1712229643398,85,1,[],[]
1712229653454,1712229644398,86,1,[],[]
1712229653454,1712229645398,85,1,[],[]
1712229653454,1712229646398,85,1,[],[]
1712229653454,1712229647398,86,1,[],[]
1712229653454,1712229648398,85,1,[],[]
1712229653454,1712229649398,84,1,[],[]
1712229653454,1712229650398,83,1,[],[]
1712229653454,1712229651398,83,1,[],[]
1712229653454,1712229652398,83,1,[],[]
1712229653454,1712229653398,84,1,[],[]
1712229654314,1712229654401,84,1,[592],[-1]
1712229655329,1712229655405,83,1,"[714,502]","[-1,-1]"
1712229656366,1712229656409,83,1,[528],[-1]
1712229657333,1712229657411,84,1,[1257],[-1]
1712229727740,1712229658754,84,1,"[743,551,837,840,874,1200,926,640,585,500,470,525,784,405,698,728,592,361,474,311,464,304,482,345,434,308,469,287,401,396,796,514,262,782,474,353,437,262,565,280,435,323,421,381,430,339,463,800,796,285,485,320,446,374,450,368,432,359,450,371,423,384,492,310,493,315,726,479,813,294,449,320,793,796,783,494,269,522,384,446,357,433,354,385,419,459,330,477,348,435,364,405,371,439,343,498,348,479,328,391,390,412,337,450,338,458,390,430,372,428,354,409,362,416,373,456,344,412,358,426,367,423,400,454,351,394,348,772,829,467,345,423,352,405,419,408,414,394,368,373,426,433,392,421,372,798,448,382,414,352,436,405]","[-1,-1,-1,-1,-1,-1,-1,-1,-1,-1,-1,-1,-1,-1,-1,-1,-1,-1,-1,-1,-1,-1,-1,-1,-1,-1,-1,-1,-1,-1,-1,-1,-1,-1,-1,-1,-1,-1,-1,-1,-1,-1,-1,-1,-1,-1,-1,-1,-1,-1,-1,-1,-1,-1,-1,-1,-1,-1,-1,-1,-1,-1,-1,-1,-1,-1,-1,-1,-1,-1,-1,-1,-1,-1,-1,-1,-1,-1,-1,-1,-1,-1,-1,-1,-1,-1,-1,-1,-1,-1,-1,-1,-1,-1,-1,-1,-1,-1,-1,-1,-1,-1,-1,-1,-1,-1,-1,-1,-1,-1,-1,-1,-1,-1,-1,-1,-1,-1,-1,-1,-1,-1,-1,-1,-1,-1,-1,-1,-1,-1,-1,-1,-1,-1,-1,-1,-1,-1,-1,-1,-1,-1,-1,-1,-1,-1,-1,-1,-1,-1,-1,-1]"
1712229727740,1712229659754,84,1,[],[]
1712229727740,1712229660754,83,1,[],[]
1712229727740,1712229661754,84,1,[],[]
1712229727740,1712229662754,86,1,[],[]
1712229727740,1712229663754,88,1,[],[]
1712229727740,1712229664754,90,1,[],[]
1712229727740,1712229665754,92,1,[],[]
1712229727740,1712229666754,0,-10,[],[]
1712229727740,1712229667754,0,-10,[],[]
1712229727740,1712229668754,0,-10,[],[]
1712229727740,1712229669754,0,-10,[],[]
1712229727740,1712229670754,0,-10,[],[]
1712229727740,1712229671754,0,-10,[],[]
1712229727740,1712229672754,0,-10,[],[]
1712229727740,1712229673754,0,-10,[],[]
1712229727740,1712229674754,0,-10,[],[]
1712229727740,1712229675754,0,-10,[],[]
1712229727740,1712229676754,0,-10,[],[]
1712229727740,1712229677754,0,-10,[],[]
1712229727740,1712229678754,0,-10,[],[]
1712229727740,1712229679754,0,-10,[],[]
1712229727740,1712229680754,0,-10,[],[]
1712229727740,1712229681754,0,-10,[],[]
1712229727740,1712229682754,0,-10,[],[]
1712229727740,1712229683754,0,-10,[],[]
1712229727740,1712229684754,0,-10,[],[]
1712229727740,1712229685754,0,-10,[],[]
1712229727740,1712229686754,0,-10,[],[]
1712229727740,1712229687754,0,-10,[],[]
1712229727740,1712229688754,0,-10,[],[]
1712229727740,1712229689754,0,-10,[],[]
1712229727740,1712229690754,0,-10,[],[]
1712229727740,1712229691754,0,-10,[],[]
1712229727740,1712229692754,0,-10,[],[]
1712229727740,1712229693754,0,-10,[],[]
1712229727740,1712229694754,0,-10,[],[]
1712229727740,1712229695754,0,-10,[],[]
1712229727740,1712229696754,0,-10,[],[]
1712229727740,1712229697754,0,-10,[],[]
1712229727740,1712229698754,0,-10,[],[]
1712229727740,1712229699754,0,-10,[],[]
1712229727740,1712229700754,0,-10,[],[]
1712229727740,1712229701754,0,-10,[],[]
1712229727740,1712229702754,0,-10,[],[]
1712229727740,1712229703754,0,-10,[],[]
1712229727740,1712229704754,0,-10,[],[]
1712229727740,1712229705754,0,-10,[],[]
1712229727740,1712229706754,0,-10,[],[]
1712229727740,1712229707754,0,-10,[],[]
1712229727740,1712229708754,0,-10,[],[]
1712229727740,1712229709754,0,-10,[],[]
1712229727740,1712229710754,0,-10,[],[]
1712229727740,1712229711754,0,-10,[],[]
1712229727740,1712229712754,0,-10,[],[]
1712229727740,1712229713754,0,-10,[],[]
1712229727740,1712229714754,0,-10,[],[]
1712229727740,1712229715754,0,-10,[],[]
1712229727740,1712229716754,0,-10,[],[]
1712229727740,1712229717754,0,-10,[],[]
1712229727740,1712229718754,0,-10,[],[]
1712229727740,1712229719754,0,-10,[],[]
1712229727740,1712229720754,0,-10,[],[]
1712229727740,1712229721754,0,-10,[],[]
1712229727740,1712229722754,0,-10,[],[]
1712229727740,1712229723754,0,-10,[],[]
1712229727740,1712229724754,0,-10,[],[]
1712229727740,1712229725754,0,-10,[],[]
1712229727740,1712229726754,0,-10,[],[]
1712229727740,1712229727754,0,-10,[],[]
1712229792089,1712229729147,0,-10,"[811,420,314,832,423,391,415,388,424,401,404,738,395,456,423,381,415,821,465,302,792,840,417,367,415,385,430,391,388,397,445,393,403,392,400,373,399,402,433,387,400,421,422,387,442,372,426,389,384,398,412,398,381,434,427,377,416,385,408,445,770,372,446,395,358,399,394,403,414,391,376,424,403,399,414,392,392,783,380,408,392,408,398,409,421,391,393,382,379,433,407,424,373,423,376,413,401,398,810,402,391,413,408,382,412,422,393,425,359,424,395,424,402,359,409,441,383,405,375,424,396,411,409,393,357,400,399,404,418,370,423,397,394,411,360,459,286,452,368,422,391,406,366,403,386,416,378,408,377,395]","[-1,-1,-1,-1,-1,-1,-1,-1,-1,-1,-1,-1,-1,-1,-1,-1,-1,-1,-1,-1,-1,-1,-1,-1,-1,-1,-1,-1,-1,-1,-1,-1,-1,-1,-1,-1,-1,-1,-1,-1,-1,-1,-1,-1,-1,-1,-1,-1,-1,-1,-1,-1,-1,-1,-1,-1,-1,-1,-1,-1,-1,-1,-1,-1,-1,-1,-1,-1,-1,-1,-1,-1,-1,-1,-1,-1,-1,-1,-1,-1,-1,-1,-1,-1,-1,-1,-1,-1,-1,-1,-1,-1,-1,-1,-1,-1,-1,-1,-1,-1,-1,-1,-1,-1,-1,-1,-1,-1,-1,-1,-1,-1,-1,-1,-1,-1,-1,-1,-1,-1,-1,-1,-1,-1,-1,-1,-1,-1,-1,-1,-1,-1,-1,-1,-1,-1,-1,-1,-1,-1,-1,-1,-1,-1,-1,-1,-1,-1,-1,-1]"
1712229792089,1712229730147,0,-10,[],[]
1712229792089,1712229731147,0,-10,[],[]
1712229792089,1712229732147,0,-10,[],[]
1712229792089,1712229733147,0,-10,[],[]
1712229792089,1712229734147,0,-10,[],[]
1712229792089,1712229735147,0,-10,[],[]
1712229792089,1712229736147,0,-10,[],[]
1712229792089,1712229737147,0,-10,[],[]
1712229792089,1712229738147,0,-10,[],[]
1712229792089,1712229739147,0,-10,[],[]
1712229792089,1712229740147,0,-10,[],[]
1712229792089,1712229741147,0,-10,[],[]
1712229792089,1712229742147,0,-10,[],[]
1712229792089,1712229743147,0,-10,[],[]
1712229792089,1712229744147,0,-10,[],[]
1712229792089,1712229745147,0,-10,[],[]
1712229792089,1712229746147,0,-10,[],[]
1712229792089,1712229747147,0,-10,[],[]
1712229792089,1712229748147,0,-10,[],[]
1712229792089,1712229749147,0,-10,[],[]
1712229792089,1712229750147,0,-10,[],[]
1712229792089,1712229751147,0,-10,[],[]
1712229792089,1712229752147,0,-10,[],[]
1712229792089,1712229753147,0,-10,[],[]
1712229792089,1712229754147,0,-10,[],[]
1712229792089,1712229755147,0,-10,[],[]
1712229792089,1712229756147,0,-10,[],[]
1712229792089,1712229757147,0,-10,[],[]
1712229792089,1712229758147,0,-10,[],[]
1712229792089,1712229759147,0,-10,[],[]
1712229792089,1712229760147,0,-10,[],[]
1712229792089,1712229761147,0,-10,[],[]
1712229792089,1712229762147,0,-10,[],[]
1712229792089,1712229763147,0,-10,[],[]
1712229792089,1712229764147,0,-10,[],[]
1712229792089,1712229765147,0,-10,[],[]
1712229792089,1712229766147,0,-10,[],[]
1712229792089,1712229767147,0,-10,[],[]
1712229792089,1712229768147,0,-10,[],[]
1712229792089,1712229769147,0,-10,[],[]
1712229792089,1712229770147,0,-10,[],[]
1712229792089,1712229771147,0,-10,[],[]
1712229792089,1712229772147,0,-10,[],[]
1712229792089,1712229773147,0,-10,[],[]
1712229792089,1712229774147,0,-10,[],[]
1712229792089,1712229775147,0,-10,[],[]
1712229792089,1712229776147,0,-10,[],[]
1712229792089,1712229777147,0,-10,[],[]
1712229792089,1712229778147,0,-10,[],[]
1712229792089,1712229779147,0,-10,[],[]
1712229792089,1712229780147,0,-10,[],[]
1712229792089,1712229781147,0,-10,[],[]
1712229792089,1712229782147,0,-10,[],[]
1712229792089,1712229783147,0,-10,[],[]
1712229792089,1712229784147,0,-10,[],[]
1712229792089,1712229785147,0,-10,[],[]
1712229792089,1712229786147,0,-10,[],[]
1712229792089,1712229787147,0,-10,[],[]
1712229792089,1712229788147,0,-10,[],[]
1712229792089,1712229789147,0,-10,[],[]
1712229792089,1712229790147,0,-10,[],[]
1712229792089,1712229791147,0,-10,[],[]
1712229792089,1712229792147,0,-10,[],[]
1712229793107,1712229793150,0,-10,"[415,384]","[-1,-1]"
1712229814218,1712229794256,0,-10,"[785,1072,490,440,365,385,711,695,890,895,560,857,848,635,694,674,574,386,295,622,343,977,595,1276,1023,790,559,626,901,348,326,667]","[-1,-1,-1,-1,-1,-1,-1,-1,-1,-1,-1,-1,-1,-1,-1,-1,-1,-1,-1,-1,-1,-1,-1,-1,-1,-1,-1,-1,-1,-1,-1,-1]"
1712229814218,1712229795256,0,-10,[],[]
1712229814218,1712229796256,0,-10,[],[]
1712229814218,1712229797256,0,-10,[],[]
1712229814218,1712229798256,0,-10,[],[]
1712229814218,1712229799256,0,-10,[],[]
1712229814218,1712229800256,0,-10,[],[]
1712229814218,1712229801256,0,-10,[],[]
1712229814218,1712229802256,0,-10,[],[]
1712229814218,1712229803256,0,-10,[],[]
1712229814218,1712229804256,0,-10,[],[]
1712229814218,1712229805256,0,-10,[],[]
1712229814218,1712229806256,0,-10,[],[]
1712229814218,1712229807256,0,-10,[],[]
1712229814218,1712229808256,0,-10,[],[]
1712229814218,1712229809256,0,-10,[],[]
1712229814218,1712229810256,0,-10,[],[]
1712229814218,1712229811256,0,-10,[],[]
1712229814218,1712229812256,0,-10,[],[]
1712229814218,1712229813256,0,-10,[],[]
1712229814218,1712229814256,0,-10,[],[]
1712229815185,1712229815259,0,-10,[743],[-1]
1712229869582,1712229816550,0,-10,"[861,935,1060,340,330,1060,340,330,326,989,1045,734,260,776,1182,770,310,1072,712,343,707,331,352,717,331,366,341,372,350,731,319,811,565,517,606,1101,835,354,440,581,513,629,724,297,800,861,699,709,342,1113,811,410,391,780,779,358,395,424,380,415,414,827,727,872,455,327,1054,567,390,443,425,415,421,427,381,432,436,441,446,437,754,1205,747,402,471,436,475,424,458,465,467,412,456,457,480,452]","[-1,-1,-1,-1,-1,-1,-1,-1,-1,-1,-1,-1,-1,-1,-1,-1,-1,-1,-1,-1,-1,-1,-1,-1,-1,-1,-1,-1,-1,-1,-1,-1,-1,-1,-1,-1,-1,-1,-1,-1,-1,-1,-1,-1,-1,-1,-1,-1,-1,-1,-1,-1,-1,-1,-1,-1,-1,-1,-1,-1,-1,-1,-1,-1,-1,-1,-1,-1,0,0,0,0,0,0,0,-1,-1,-1,-1,-1,-1,-1,-1,-1,-1,0,0,0,0,0,0,0,0,0,0,0]"
1712229869582,1712229817550,0,-10,[],[]
1712229869582,1712229818550,0,0,[],[]
1712229869582,1712229819550,175,1,[],[]
1712229869582,1712229820550,175,1,[],[]
1712229869582,1712229821550,175,1,[],[]
1712229869582,1712229822550,174,1,[],[]
1712229869582,1712229823550,173,1,[],[]
1712229869582,1712229824550,173,1,[],[]
1712229869582,1712229825550,172,1,[],[]
1712229869582,1712229826550,171,1,[],[]
1712229869582,1712229827550,170,1,[],[]
1712229869582,1712229828550,169,1,[],[]
1712229869582,1712229829550,169,1,[],[]
1712229869582,1712229830550,168,1,[],[]
1712229869582,1712229831550,168,1,[],[]
1712229869582,1712229832550,167,1,[],[]
1712229869582,1712229833550,166,1,[],[]
1712229869582,1712229834550,166,1,[],[]
1712229869582,1712229835550,166,1,[],[]
1712229869582,1712229836550,165,1,[],[]
1712229869582,1712229837550,165,1,[],[]
1712229869582,1712229838550,164,1,[],[]
1712229869582,1712229839550,164,1,[],[]
1712229869582,1712229840550,163,1,[],[]
1712229869582,1712229841550,162,1,[],[]
1712229869582,1712229842550,161,1,[],[]
1712229869582,1712229843550,160,1,[],[]
1712229869582,1712229844550,159,1,[],[]
1712229869582,1712229845550,158,1,[],[]
1712229869582,1712229846550,155,1,[],[]
1712229869582,1712229847550,154,1,[],[]
1712229869582,1712229848550,153,1,[],[]
1712229869582,1712229849550,152,1,[],[]
1712229869582,1712229850550,151,1,[],[]
1712229869582,1712229851550,150,1,[],[]
1712229869582,1712229852550,149,1,[],[]
1712229869582,1712229853550,148,1,[],[]
1712229869582,1712229854550,146,1,[],[]
1712229869582,1712229855550,145,1,[],[]
1712229869582,1712229856550,144,1,[],[]
1712229869582,1712229857550,144,1,[],[]
1712229869582,1712229858550,144,1,[],[]
1712229869582,1712229859550,144,1,[],[]
1712229869582,1712229860550,143,1,[],[]
1712229869582,1712229861550,142,1,[],[]
1712229869582,1712229862550,140,1,[],[]
1712229869582,1712229863550,138,1,[],[]
1712229869582,1712229864550,137,1,[],[]
1712229869582,1712229865550,135,1,[],[]
1712229869582,1712229866550,133,1,[],[]
1712229869582,1712229867550,132,1,[],[]
1712229869582,1712229868550,131,1,[],[]
1712229869582,1712229869550,130,1,[],[]
1712229870493,1712229870553,130,1,"[473,459]","[0,0]"
1712229945892,1712229871939,130,1,"[460,469,460,469,485,475,485,475,422]","[0,0,0,0,0,0,0,0,0]"
1712229945892,1712229872939,0,-10,[],[]
1712229945892,1712229873939,0,0,[],[]
1712229945892,1712229874939,0,-3,[],[]
1712229945892,1712229875939,0,-3,[],[]
1712229945892,1712229876939,0,-3,[],[]
1712229945892,1712229877939,0,-3,[],[]
1712229945892,1712229878939,0,-3,[],[]
1712229945892,1712229879939,0,-3,[],[]
1712229945892,1712229880939,0,-3,[],[]
1712229945892,1712229881939,0,-3,[],[]
1712229945892,1712229882939,0,-3,[],[]
1712229945892,1712229883939,0,-3,[],[]
1712229945892,1712229884939,0,-3,[],[]
1712229945892,1712229885939,0,-3,[],[]
1712229945892,1712229886939,0,-3,[],[]
1712229945892,1712229887939,0,-3,[],[]
1712229945892,1712229888939,0,-3,[],[]
1712229945892,1712229889939,0,-3,[],[]
1712229945892,1712229890939,0,-3,[],[]
1712229945892,1712229891939,0,-3,[],[]
1712229945892,1712229892939,0,-3,[],[]
1712229945892,1712229893939,0,-3,[],[]
1712229945892,1712229894939,0,-3,[],[]
1712229945892,1712229895939,0,-3,[],[]
1712229945892,1712229896939,0,-3,[],[]
1712229945892,1712229897939,0,-3,[],[]
1712229945892,1712229898939,0,-3,[],[]
1712229945892,1712229899939,0,-3,[],[]
1712229945892,1712229900939,0,-3,[],[]
1712229945892,1712229901939,0,-3,[],[]
1712229945892,1712229902939,0,-3,[],[]
1712229945892,1712229903939,0,-3,[],[]
1712229945892,1712229904939,0,-3,[],[]
1712229945892,1712229905939,0,-3,[],[]
1712229945892,1712229906939,0,-3,[],[]
1712229945892,1712229907939,0,-3,[],[]
1712229945892,1712229908939,0,-3,[],[]
1712229945892,1712229909939,0,-3,[],[]
1712229945892,1712229910939,0,-3,[],[]
1712229945892,1712229911939,0,-3,[],[]
1712229945892,1712229912939,0,-3,[],[]
1712229945892,1712229913939,0,-3,[],[]
1712229945892,1712229914939,0,-3,[],[]
1712229945892,1712229915939,0,-3,[],[]
1712229945892,1712229916939,0,-3,[],[]
1712229945892,1712229917939,0,-3,[],[]
1712229945892,1712229918939,0,-3,[],[]
1712229945892,1712229919939,0,-3,[],[]
1712229945892,1712229920939,0,-3,[],[]
1712229945892,1712229921939,0,-3,[],[]
1712229945892,1712229922939,0,-3,[],[]
1712229945892,1712229923939,0,-3,[],[]
1712229945892,1712229924939,0,-3,[],[]
1712229945892,1712229925939,0,-3,[],[]
1712229945892,1712229926939,0,-3,[],[]
1712229945892,1712229927939,0,-3,[],[]
1712229945892,1712229928939,0,-3,[],[]
1712229945892,1712229929939,0,-3,[],[]
1712229945892,1712229930939,0,-3,[],[]
1712229945892,1712229931939,0,-3,[],[]
1712229945892,1712229932939,0,-3,[],[]
1712229945892,1712229933939,0,-3,[],[]
1712229945892,1712229934939,0,-3,[],[]
1712229945892,1712229935939,0,-3,[],[]
1712229945892,1712229936939,0,-3,[],[]
1712229945892,1712229937939,0,-3,[],[]
1712229945892,1712229938939,0,-3,[],[]
1712229945892,1712229939939,0,-3,[],[]
1712229945892,1712229940939,0,-3,[],[]
1712229945892,1712229941939,0,-3,[],[]
1712229945892,1712229942939,0,-3,[],[]
1712229945892,1712229943939,0,-3,[],[]
1712229945892,1712229944939,0,-3,[],[]
1712229945892,1712229945939,0,-3,[],[]
1712229946889,1712229946942,0,-3,[],[]
1712229947858,1712229947946,0,-3,[],[]
1712229948882,1712229948948,0,-3,[],[]
1712229949865,1712229949951,0,-3,[],[]
1712229989995,1712229951094,0,-3,"[492,480,474,635,802,635,802,268,811,951,596,264,314,260]","[-1,-1,-1,-1,-1,-1,-1,-1,-1,-1,-1,-1,-1,-1]"
1712229989995,1712229952094,0,-3,[],[]
1712229989995,1712229953094,0,-3,[],[]
1712229989995,1712229954094,0,-3,[],[]
1712229989995,1712229955094,0,-3,[],[]
1712229989995,1712229956094,0,-3,[],[]
1712229989995,1712229957094,0,-3,[],[]
1712229989995,1712229958094,0,-3,[],[]
1712229989995,1712229959094,0,-3,[],[]
1712229989995,1712229960094,0,-3,[],[]
1712229989995,1712229961094,0,-3,[],[]
1712229989995,1712229962094,0,-3,[],[]
1712229989995,1712229963094,0,-3,[],[]
1712229989995,1712229964094,0,-3,[],[]
1712229989995,1712229965094,0,-3,[],[]
1712229989995,1712229966094,0,-3,[],[]
1712229989995,1712229967094,0,-3,[],[]
1712229989995,1712229968094,0,-3,[],[]
1712229989995,1712229969094,0,-3,[],[]
1712229989995,1712229970094,0,-3,[],[]
1712229989995,1712229971094,0,-3,[],[]
1712229989995,1712229972094,0,-3,[],[]
1712229989995,1712229973094,0,-3,[],[]
1712229989995,1712229974094,0,-3,[],[]
1712229989995,1712229975094,0,-3,[],[]
1712229989995,1712229976094,0,-3,[],[]
1712229989995,1712229977094,0,-3,[],[]
1712229989995,1712229978094,0,-3,[],[]
1712229989995,1712229979094,0,-3,[],[]
1712229989995,1712229980094,0,-3,[],[]
1712229989995,1712229981094,0,-3,[],[]
1712229989995,1712229982094,0,-10,[],[]
1712229989995,1712229983094,0,-10,[],[]
1712229989995,1712229984094,0,-10,[],[]
1712229989995,1712229985094,0,0,[],[]
1712229989995,1712229986094,0,-10,[],[]
1712229989995,1712229987094,0,-10,[],[]
1712229989995,1712229988094,0,-10,[],[]
1712229989995,1712229989094,0,-10,[],[]
1712229989995,1712229990094,0,-10,[],[]
1712229991003,1712229991095,0,-10,[],[]
1712229991995,1712229992087,0,-10,[],[]
1712229993032,1712229993090,0,-10,"[2300,638]","[-1,-1]"
1712229994020,1712229994092,0,-10,[260],[-1]
1712230142905,1712229995793,0,-10,"[2193,870,731,352,301,295,307,360,406,391,260,680,366,806,522,442,1357,519,260,464,306,356,562,656,260,314,552,306,260,517,658,615,260,291,1088,848,265,516,329,292,552,580,625,491,511,337,280,489,363,756,447,260,260,1121,580,366,359,917,314,382,260,490,260,757,260,597,364,336,877,613,498,598,260,522,260,260,326,260,260,330,376,260,476,551,269,397,260,450,556,568,297,336,1058,620,260,277,471,574,505,980,370,765,334,293,416,460,601,2195,706,459,444,699,457,588,510,461,475,1197]","[-1,-1,-1,-1,-1,-1,-1,-1,-1,-1,-1,-1,-1,-1,-1,-1,-1,-1,-1,-1,-1,-1,-1,-1,-1,-1,-1,-1,-1,-1,-1,-1,-1,-1,-1,-1,-1,-1,-1,-1,-1,-1,-1,-1,-1,-1,-1,-1,-1,-1,-1,-1,-1,-1,-1,-1,-1,-1,-1,-1,-1,-1,-1,-1,-1,-1,-1,-1,-1,-1,-1,-1,-1,-1,-1,-1,-1,-1,-1,-1,-1,-1,-1,-1,-1,-1,-1,-1,-1,-1,-1,-1,-1,-1,-1,-1,-1,-1,-1,-1,-1,-1,-1,-1,-1,-1,-1,-1,-1,-1,-1,-1,-1,-1,-1,-1,-1,-1]"
1712230142905,1712229996793,0,-10,[],[]
1712230142905,1712229997793,0,-10,[],[]
1712230142905,1712229998793,0,-10,[],[]
1712230142905,1712229999793,0,-10,[],[]
1712230142905,1712230000793,0,-10,[],[]
1712230142905,1712230001793,0,-10,[],[]
1712230142905,1712230002793,0,-10,[],[]
1712230142905,1712230003793,0,-10,[],[]
1712230142905,1712230004793,0,-10,[],[]
1712230142905,1712230005793,0,-10,[],[]
1712230142905,1712230006793,0,-10,[],[]
1712230142905,1712230007793,0,-10,[],[]
1712230142905,1712230008793,0,-10,[],[]
1712230142905,1712230009793,0,-10,[],[]
1712230142905,1712230010793,0,-10,[],[]
1712230142905,1712230011793,0,-10,[],[]
1712230142905,1712230012793,0,-10,[],[]
1712230142905,1712230013793,0,-10,[],[]
1712230142905,1712230014793,0,-10,[],[]
1712230142905,1712230015793,0,-10,[],[]
1712230142905,1712230016793,0,-10,[],[]
1712230142905,1712230017793,0,-10,[],[]
1712230142905,1712230018793,0,-10,[],[]
1712230142905,1712230019793,0,-10,[],[]
1712230142905,1712230020793,0,-10,[],[]
1712230142905,1712230021793,0,-10,[],[]
1712230142905,1712230022793,0,-10,[],[]
1712230142905,1712230023793,0,-10,[],[]
1712230142905,1712230024793,0,-10,[],[]
1712230142905,1712230025793,0,-10,[],[]
1712230142905,1712230026793,0,-10,[],[]
1712230142905,1712230027793,0,-10,[],[]
1712230142905,1712230028793,0,-10,[],[]
1712230142905,1712230029793,0,-10,[],[]
1712230142905,1712230030793,0,-10,[],[]
1712230142905,1712230031793,0,-10,[],[]
1712230142905,1712230032793,0,-10,[],[]
1712230142905,1712230033793,0,-10,[],[]
1712230142905,1712230034793,0,-10,[],[]
1712230142905,1712230035793,0,-10,[],[]
1712230142905,1712230036793,0,-10,[],[]
1712230142905,1712230037793,0,-10,[],[]
1712230142905,1712230038793,0,-10,[],[]
1712230142905,1712230039793,0,-10,[],[]
1712230142905,1712230040793,0,-10,[],[]
1712230142905,1712230041793,0,-10,[],[]
1712230142905,1712230042793,0,-10,[],[]
1712230142905,1712230043793,0,-10,[],[]
1712230142905,1712230044793,0,-10,[],[]
1712230142905,1712230045793,0,-10,[],[]
1712230142905,1712230046793,0,0,[],[]
1712230142905,1712230047793,0,-10,[],[]
1712230142905,1712230048793,0,-10,[],[]
1712230142905,1712230049793,0,-10,[],[]
1712230142905,1712230050793,0,-10,[],[]
1712230142905,1712230051793,0,-10,[],[]
1712230142905,1712230052793,0,-10,[],[]
1712230142905,1712230053793,0,-3,[],[]
1712230142905,1712230054793,0,-3,[],[]
1712230142905,1712230055793,0,-3,[],[]
1712230142905,1712230056793,0,-3,[],[]
1712230142905,1712230057793,0,-3,[],[]
1712230142905,1712230058793,0,-3,[],[]
1712230142905,1712230059793,0,-3,[],[]
1712230142905,1712230060793,0,-3,[],[]
1712230142905,1712230061793,0,-3,[],[]
1712230142905,1712230062793,0,-3,[],[]
1712230142905,1712230063793,0,-3,[],[]
1712230142905,1712230064793,0,-3,[],[]
1712230142905,1712230065793,0,-3,[],[]
1712230142905,1712230066793,0,-3,[],[]
1712230142905,1712230067793,0,-3,[],[]
1712230142905,1712230068793,0,-3,[],[]
1712230142905,1712230069793,0,-3,[],[]
1712230142905,1712230070793,0,-3,[],[]
1712230142905,1712230071793,0,-3,[],[]
1712230142905,1712230072793,0,-3,[],[]
1712230142905,1712230073793,0,-3,[],[]
1712230142905,1712230074793,0,-3,[],[]
1712230142905,1712230075793,0,-3,[],[]
1712230142905,1712230076793,0,-3,[],[]
1712230142905,1712230077793,0,-3,[],[]
1712230142905,1712230078793,0,-3,[],[]
1712230142905,1712230079793,0,-3,[],[]
1712230142905,1712230080793,0,-3,[],[]
1712230142905,1712230081793,0,-3,[],[]
1712230142905,1712230082793,0,-3,[],[]
1712230142905,1712230083793,0,-3,[],[]
1712230142905,1712230084793,0,-3,[],[]
1712230142905,1712230085793,0,-3,[],[]
1712230142905,1712230086793,0,-3,[],[]
1712230142905,1712230087793,0,-3,[],[]
1712230142905,1712230088793,0,-3,[],[]
1712230142905,1712230089793,0,-3,[],[]
1712230142905,1712230090793,0,-3,[],[]
1712230142905,1712230091793,0,-3,[],[]
1712230142905,1712230092793,0,-3,[],[]
1712230142905,1712230093793,0,-3,[],[]
1712230142905,1712230094793,0,-3,[],[]
1712230142905,1712230095793,0,-3,[],[]
1712230142905,1712230096793,0,-3,[],[]
1712230142905,1712230097793,0,-3,[],[]
1712230142905,1712230098793,0,-3,[],[]
1712230142905,1712230099793,0,-3,[],[]
1712230142905,1712230100793,0,-3,[],[]
1712230142905,1712230101793,0,-3,[],[]
1712230142905,1712230102793,0,-3,[],[]
1712230142905,1712230103793,0,-3,[],[]
1712230142905,1712230104793,0,-3,[],[]
1712230142905,1712230105793,0,-3,[],[]
1712230142905,1712230106793,0,-3,[],[]
1712230142905,1712230107793,0,-3,[],[]
1712230142905,1712230108793,0,-3,[],[]
1712230142905,1712230109793,0,-3,[],[]
1712230142905,1712230110793,0,-3,[],[]
1712230142905,1712230111793,0,-3,[],[]
1712230142905,1712230112793,0,-3,[],[]
1712230142905,1712230113793,0,-3,[],[]
1712230142905,1712230114793,0,-3,[],[]
1712230142905,1712230115793,0,-3,[],[]
1712230142905,1712230116793,0,-3,[],[]
1712230142905,1712230117793,0,-3,[],[]
1712230142905,1712230118793,0,-3,[],[]
1712230142905,1712230119793,0,-3,[],[]
1712230142905,1712230120793,0,-3,[],[]
1712230142905,1712230121793,0,-3,[],[]
1712230142905,1712230122793,0,-3,[],[]
1712230142905,1712230123793,0,-3,[],[]
1712230142905,1712230124793,0,-3,[],[]
1712230142905,1712230125793,0,-3,[],[]
1712230142905,1712230126793,0,-3,[],[]
1712230142905,1712230127793,0,-3,[],[]
1712230142905,1712230128793,0,-3,[],[]
1712230142905,1712230129793,0,-3,[],[]
1712230142905,1712230130793,0,-3,[],[]
1712230142905,1712230131793,0,-3,[],[]
1712230142905,1712230132793,0,-3,[],[]
1712230142905,1712230133793,0,-3,[],[]
1712230142905,1712230134793,0,-3,[],[]
1712230142905,1712230135793,0,-3,[],[]
1712230142905,1712230136793,0,-3,[],[]
1712230142905,1712230137793,0,-3,[],[]
1712230142905,1712230138793,0,-3,[],[]
1712230142905,1712230139793,0,-3,[],[]
1712230142905,1712230140793,0,-3,[],[]
1712230142905,1712230141793,0,-3,[],[]
1712230142905,1712230142793,0,-3,[],[]
1712230143731,1712230143797,0,-3,[],[]
1712230144723,1712230144799,0,-3,[],[]
1712230145726,1712230145802,0,-3,[],[]
1712230146728,1712230146805,0,-3,[],[]
1712230147751,1712230147809,0,-3,[],[]
1712230148740,1712230148819,0,-3,[],[]
1712230149737,1712230149823,0,-3,[],[]
1712230150747,1712230150826,0,-3,[],[]
1712230151742,1712230151829,0,-3,[],[]
1712230152744,1712230152832,0,-3,[],[]
1712230153747,1712230153832,0,-3,[],[]
1712230154768,1712230154831,0,-3,[],[]
1712230155749,1712230155835,0,-3,[],[]
1712230156786,1712230156838,0,-3,[],[]
1712230173871,1712230157915,0,-3,[],[]
1712230173871,1712230158915,0,-3,[],[]
1712230173871,1712230159915,0,-3,[],[]
1712230173871,1712230160915,0,-3,[],[]
1712230173871,1712230161915,0,-3,[],[]
1712230173871,1712230162915,0,-3,[],[]
1712230173871,1712230163915,0,-3,[],[]
1712230173871,1712230164915,0,-3,[],[]
1712230173871,1712230165915,0,-3,[],[]
1712230173871,1712230166915,0,-3,[],[]
1712230173871,1712230167915,0,-3,[],[]
1712230173871,1712230168915,0,-3,[],[]
1712230173871,1712230169915,0,-3,[],[]
1712230173871,1712230170915,0,-3,[],[]
1712230173871,1712230171915,0,-3,[],[]
1712230173871,1712230172915,0,-3,[],[]
1712230173871,1712230173915,0,-3,[],[]
1712230174845,1712230174918,0,-3,"[629,384]","[-1,-1]"
1712230175850,1712230175921,0,-3,[],[]
1712230176852,1712230176924,0,-3,[],[]
1712230177866,1712230177927,0,-3,[],[]
1712230178864,1712230178930,0,-3,[],[]
1712230179863,1712230179953,0,-3,[],[]
1712230180867,1712230180957,0,-3,[],[]
1712230181885,1712230181960,0,-3,[],[]
1712230183085,1712230182962,0,-3,[],[]
1712230183882,1712230183965,0,-3,[],[]
1712230184888,1712230184968,0,-3,[],[]
1712230185885,1712230185977,0,-3,[],[]
1712230186887,1712230186981,0,-3,[],[]
1712230187908,1712230187984,0,-3,[],[]
1712230188897,1712230188987,0,-3,[],[]
1712230189905,1712230189990,0,-3,[],[]
1712230190904,1712230190994,0,-3,[],[]
1712230191909,1712230191992,0,-3,[],[]
1712230192934,1712230192996,0,-3,[],[]
1712230193908,1712230193999,0,-3,[],[]
1712230194948,1712230195002,0,-10,[],[]
1712230195940,1712230196005,0,-3,[],[]
1712230196928,1712230197009,0,-3,[588],[-1]
1712230197919,1712230198013,0,-3,[],[]
1712230198922,1712230199015,0,-3,[],[]
1712230199967,1712230200018,0,-3,[],[]
1712230200927,1712230201022,0,-3,[],[]
1712230201937,1712230202025,0,-3,[],[]
1712230202935,1712230203029,0,-3,[],[]
1712230203938,1712230204030,0,-3,[],[]
1712230204982,1712230205033,0,-3,[],[]
1712230205944,1712230206036,0,-3,[],[]
1712230206947,1712230207039,0,-3,[],[]
1712230207957,1712230208043,0,-3,[],[]
1712230212972,1712230209057,0,-3,[],[]
1712230212972,1712230210057,0,-3,[],[]
1712230212972,1712230211057,0,-3,[],[]
1712230212972,1712230212057,0,-3,[],[]
1712230212972,1712230213057,0,-10,[],[]
1712230213972,1712230214061,0,-3,"[580,580,580,580]","[-1,-1,-1,-1]"
1712230215251,1712230215064,0,-3,[],[]
1712230215993,1712230216069,0,-10,[],[]
1712230216997,1712230217072,0,-3,"[1017,260,416]","[-1,-1,-1]"
1712230217984,1712230218075,0,-3,[],[]
