dataReceived,timestamp,hr,hrStatus,ibi,ibiStatus
1711590065742,1711590065833,0,0,[],[]
1711590066712,1711590066835,0,0,[],[]
1711590067727,1711590067837,0,0,[],[]
1711590068729,1711590068840,0,0,[],[]
1711590069744,1711590069843,0,0,[],[]
1711590070751,1711590070845,0,0,[],[]
1711590071753,1711590071848,0,0,[],[]
1711590072756,1711590072850,0,0,[],[]
1711590073757,1711590073852,0,0,[],[]
1711590074771,1711590074855,0,0,[],[]
1711590075771,1711590075860,89,1,[],[]
1711590076771,1711590076863,88,1,[],[]
1711590077740,1711590077866,88,1,"[746,714]","[0,0]"
1711590078787,1711590078868,88,1,[673],[0]
1711590079763,1711590079870,87,1,"[617,621]","[0,0]"
1711590681556,1711590082493,86,1,"[661,699,727,754,714,697,726,677,675,682,701,737,754,753,774,880,958,639,666,958,749,1496,483,648,616,643,693,761,854,861,808,768,711,681,709,699,706,717,662,741,816,808,778,745,759,717,722,731,745,721,695,701,754,825,765,794,769,749,729,700,702,682,750,737,720,716,729,725,694,728,749,745,722,680,652,642,671,666,647,675,649,657,656,643,665,642,671,662,674,645,667,671,665,629,642,671,676,731,776,777,761,763,725,707,683,679,695,669,701,689,690,675,702,709,729,713,735,737,754,718,710,701,713,703,660,636,643,672,761,784,686,701,696,684,681,691,708,731,740,753,743,723,711,713,692,697,693,677,680,680,720,729,756,713,726,719,715,708,691,668,661,668,656,666,668,644,679,682,686,682,668,670,676,695,650,633,654,662,640,665,665,651,624,628,602,620,628,640,634,650,673,680,664,667,304,889,719,622,618,588,624,611,619,608,611,620,651,671,656,673,655,677,674,685,687,690,675,661,667,638,615,624,593,643,649,648,724,790,789,762,761,767,766,787,721,692,678,685,704,708,720,674,720,740,762,735,714,719,739,760,757,742,712,727,727,729,717,694,653,631,668,663,681,700,736,743,698,690,683,690,681,691,662,679,695,708,759,727,700,730,745,708,704,707,690,687,676,657,667,675,713,705,695,691,713,685,638,671,684,667,657,667,674,660,665,671,698,714,721,703,687,689,688,659,688,688,722,717,741,718,715,736,761,742,723,730,713,691,685,684,678,662,685,686,690,706,705,708,696,699,706,690,675,675,677,685,682,671,662,681,704,678,703,692,686,694,687,663,657,662,680,718,729,734,706,697,687,709,697,678,709,696,676,680,709,714,727,742,704,698,693,704,726,748,737,728,739,764,723,719,706,707,719,724,708,699,751,813,801,745,744,729,742,734,701,685,639,690,718,727,735,709,692,687,683,689,683,673,682,679,710,706,687,676,651,699,712,676,681,699,701,686,676,683,705,703,709,705,685,717,724,714,689,653,669,704,715,698,686,693,691,731,719,703,699,711,717,694,686,685,696,694,677,621,673,661,671,647,670,694,747,773,746,712,746,740,715,683,686,690,671,658,618,660,679,698,710,679,686,686,712,716,693,695,702,716,703,689,664,651,648,668,642,690,685,671,676,677,683,714,699,677,670,656,661,684,685,704,699,699,686,697,700,702,713,701,649,705,719,713,696,678,679,679,703,724,701,678,680,687,701,705,682,673,669,679,664,684,676,671,695,712,732,740,717,696,721,729,764,783,762,722,723,713,724,683,714,725,715,698,716,732,750,736,700,696,667,654,688,703,727,721,707,694,647,713,722,740,728,700,688,670,672,704,705,732,723,696,708,711,733,731,735,677,711,688,671,652,630,649,672,721,738,725,739,749,750,758,760,765,783,766,780,736,728,745,784,807,834,830,831,779,767,747,734,719,711,725,737,721,786,767,806,783,755,768,770,748,758,737,736,713,710,714,712,750,726,659,703,723,719,709,683,682,692,709,715,698,688,697,710,734,687,678,670,638,667,659,662,634,620,630,609,625,617,626,652,684,737,734,737,785,818,826,746,750,768,769,762,727,758,784,807,765,753,759,756,743,706,697,714,746,713,722,720,723,737,697,709,711,734,711,692,687,699,727,739,710,703,718,740,717,762,740,761,794,793,763,703,716,714,713,714,700,713,730,750,723,752,769,733,733,736,733,724,703,696,694,729,718,719,731,741,757,706,707,726,709,691,680,663,680,649,655,655,659,642,621,638,671,710,782,775,767,795,823,852,834,788,718,761,738,709,704,698,732,749,758,757,729,739,751,763,725,723,726,697,916,1100,584,536,579,573,578,610,588,564,582,559,588,590,587,583,595,572,670,935,578,1032,604,523,533,544,539,577,590,628,579,623,1149,575,1170,616,618,577,598,612,631,628,623,640,639]","[0,0,0,0,0,0,0,0,0,0,0,0,0,0,0,0,0,0,0,-1,-1,0,0,0,0,0,0,0,0,0,0,0,0,0,0,0,0,0,0,0,0,0,0,0,0,0,0,0,0,0,0,0,0,0,0,0,0,0,0,0,0,0,0,0,0,0,0,0,0,0,0,0,0,0,0,0,0,0,0,0,0,0,0,0,0,0,0,0,0,0,0,0,0,0,0,0,0,0,0,0,0,0,0,0,0,0,0,0,0,0,0,0,0,0,0,0,0,0,0,0,0,0,0,0,0,0,0,0,0,0,0,0,0,0,0,0,0,0,0,0,0,0,0,0,0,0,0,0,0,0,0,0,0,0,0,0,0,0,0,0,0,0,0,0,0,0,0,0,0,0,0,0,0,0,0,0,0,0,0,0,0,0,0,0,0,0,0,0,0,0,0,0,0,-1,-1,-1,-1,-1,0,0,0,0,0,0,0,0,0,0,0,0,0,0,0,0,0,0,0,0,0,0,0,0,0,0,0,0,0,0,0,0,0,0,0,0,0,0,0,0,0,0,0,0,0,0,0,0,0,0,0,0,0,0,0,0,0,0,0,0,0,0,0,0,0,0,0,0,0,0,0,0,0,0,0,0,0,0,0,0,0,0,0,0,0,0,0,0,0,0,0,0,0,0,0,0,0,0,0,0,0,0,0,0,0,0,0,0,0,0,0,0,0,0,0,0,0,0,0,0,0,0,0,0,0,0,0,0,0,0,0,0,0,0,0,0,0,0,0,0,0,0,0,0,0,0,0,0,0,0,0,0,0,0,0,0,0,0,0,0,0,0,0,0,0,0,0,0,0,0,0,0,0,0,0,0,0,0,0,0,0,0,0,0,0,0,0,0,0,0,0,0,0,0,0,0,0,0,0,0,0,0,0,0,0,0,0,0,0,0,0,0,0,0,0,0,0,0,0,0,0,0,0,0,0,0,0,0,0,0,0,0,0,0,0,0,0,0,0,0,0,0,0,0,0,0,0,0,0,0,0,0,0,0,0,0,0,0,0,0,0,0,0,0,0,0,0,0,0,0,0,0,0,0,0,0,0,0,0,0,0,0,0,0,0,0,0,0,0,0,0,0,0,0,0,0,0,0,0,0,0,0,0,0,0,0,0,0,0,0,0,0,0,0,0,0,0,0,0,0,0,0,0,0,0,0,0,0,0,0,0,0,0,0,0,0,0,0,0,0,0,0,0,0,0,0,0,0,0,0,0,0,0,0,0,0,0,0,0,0,0,0,0,0,0,0,0,0,0,0,0,0,0,0,0,0,0,0,0,0,0,0,0,0,0,0,0,0,0,0,0,0,0,0,0,0,0,0,0,0,0,0,0,0,0,0,0,0,0,0,0,0,0,0,0,0,0,0,0,0,0,0,0,0,0,0,0,0,0,0,0,0,0,0,0,0,0,0,0,0,0,0,0,0,0,0,0,0,0,0,0,0,0,0,0,0,0,0,0,0,0,0,0,0,0,0,0,0,0,0,0,0,0,0,0,0,0,0,0,0,0,0,0,0,0,0,0,0,0,0,0,0,0,0,0,0,0,0,0,0,0,0,0,0,0,0,0,0,0,0,0,0,0,0,0,0,0,0,0,0,0,0,0,0,0,0,0,0,0,0,0,0,0,0,0,0,0,0,0,0,0,0,0,0,0,0,0,0,0,0,0,0,0,0,0,0,0,0,0,0,0,0,0,0,0,0,0,0,0,0,0,0,0,0,0,0,0,0,0,0,0,0,0,0,0,0,0,0,0,0,0,0,0,0,0,0,0,0,0,0,0,0,0,0,0,0,0,-1,-1,-1,-1,-1,-1,-1,-1,0,0,0,0,0,0,0,0,0,0,0,0,0,0,0,0,0,0,0,0,0,0,0,0,-1,-1,-1,-1,0,0,0,0,0,0,0,0,0,0,0]"
1711590681556,1711590083493,86,1,[],[]
1711590681556,1711590084493,86,1,[],[]
1711590681556,1711590085493,86,1,[],[]
1711590681556,1711590086493,85,1,[],[]
1711590681556,1711590087493,84,1,[],[]
1711590681556,1711590088493,84,1,[],[]
1711590681556,1711590089493,83,1,[],[]
1711590681556,1711590090493,83,1,[],[]
1711590681556,1711590091493,83,1,[],[]
1711590681556,1711590092493,84,1,[],[]
1711590681556,1711590093493,85,1,[],[]
1711590681556,1711590094493,87,1,[],[]
1711590681556,1711590095493,89,1,[],[]
1711590681556,1711590096493,90,1,[],[]
1711590681556,1711590097493,90,1,[],[]
1711590681556,1711590098493,88,1,[],[]
1711590681556,1711590099493,88,1,[],[]
1711590681556,1711590100493,87,1,[],[]
1711590681556,1711590101493,87,1,[],[]
1711590681556,1711590102493,86,1,[],[]
1711590681556,1711590103493,86,1,[],[]
1711590681556,1711590104493,86,1,[],[]
1711590681556,1711590105493,85,1,[],[]
1711590681556,1711590106493,85,1,[],[]
1711590681556,1711590107493,85,1,[],[]
1711590681556,1711590108493,84,1,[],[]
1711590681556,1711590109493,84,1,[],[]
1711590681556,1711590110493,83,1,[],[]
1711590681556,1711590111493,82,1,[],[]
1711590681556,1711590112493,82,1,[],[]
1711590681556,1711590113493,82,1,[],[]
1711590681556,1711590114493,82,1,[],[]
1711590681556,1711590115493,83,1,[],[]
1711590681556,1711590116493,82,1,[],[]
1711590681556,1711590117493,82,1,[],[]
1711590681556,1711590118493,81,1,[],[]
1711590681556,1711590119493,81,1,[],[]
1711590681556,1711590120493,80,1,[],[]
1711590681556,1711590121493,81,1,[],[]
1711590681556,1711590122493,81,1,[],[]
1711590681556,1711590123493,82,1,[],[]
1711590681556,1711590124493,82,1,[],[]
1711590681556,1711590125493,82,1,[],[]
1711590681556,1711590126493,82,1,[],[]
1711590681556,1711590127493,82,1,[],[]
1711590681556,1711590128493,83,1,[],[]
1711590681556,1711590129493,83,1,[],[]
1711590681556,1711590130493,83,1,[],[]
1711590681556,1711590131493,83,1,[],[]
1711590681556,1711590132493,83,1,[],[]
1711590681556,1711590133493,84,1,[],[]
1711590681556,1711590134493,85,1,[],[]
1711590681556,1711590135493,86,1,[],[]
1711590681556,1711590136493,86,1,[],[]
1711590681556,1711590137493,87,1,[],[]
1711590681556,1711590138493,88,1,[],[]
1711590681556,1711590139493,88,1,[],[]
1711590681556,1711590140493,89,1,[],[]
1711590681556,1711590141493,89,1,[],[]
1711590681556,1711590142493,90,1,[],[]
1711590681556,1711590143493,90,1,[],[]
1711590681556,1711590144493,90,1,[],[]
1711590681556,1711590145493,90,1,[],[]
1711590681556,1711590146493,90,1,[],[]
1711590681556,1711590147493,90,1,[],[]
1711590681556,1711590148493,89,1,[],[]
1711590681556,1711590149493,89,1,[],[]
1711590681556,1711590150493,88,1,[],[]
1711590681556,1711590151493,88,1,[],[]
1711590681556,1711590152493,87,1,[],[]
1711590681556,1711590153493,87,1,[],[]
1711590681556,1711590154493,87,1,[],[]
1711590681556,1711590155493,87,1,[],[]
1711590681556,1711590156493,87,1,[],[]
1711590681556,1711590157493,87,1,[],[]
1711590681556,1711590158493,87,1,[],[]
1711590681556,1711590159493,87,1,[],[]
1711590681556,1711590160493,86,1,[],[]
1711590681556,1711590161493,86,1,[],[]
1711590681556,1711590162493,86,1,[],[]
1711590681556,1711590163493,85,1,[],[]
1711590681556,1711590164493,85,1,[],[]
1711590681556,1711590165493,85,1,[],[]
1711590681556,1711590166493,85,1,[],[]
1711590681556,1711590167493,85,1,[],[]
1711590681556,1711590168493,86,1,[],[]
1711590681556,1711590169493,86,1,[],[]
1711590681556,1711590170493,86,1,[],[]
1711590681556,1711590171493,85,1,[],[]
1711590681556,1711590172493,86,1,[],[]
1711590681556,1711590173493,86,1,[],[]
1711590681556,1711590174493,86,1,[],[]
1711590681556,1711590175493,86,1,[],[]
1711590681556,1711590176493,85,1,[],[]
1711590681556,1711590177493,85,1,[],[]
1711590681556,1711590178493,84,1,[],[]
1711590681556,1711590179493,84,1,[],[]
1711590681556,1711590180493,84,1,[],[]
1711590681556,1711590181493,84,1,[],[]
1711590681556,1711590182493,84,1,[],[]
1711590681556,1711590183493,85,1,[],[]
1711590681556,1711590184493,85,1,[],[]
1711590681556,1711590185493,85,1,[],[]
1711590681556,1711590186493,85,1,[],[]
1711590681556,1711590187493,85,1,[],[]
1711590681556,1711590188493,84,1,[],[]
1711590681556,1711590189493,84,1,[],[]
1711590681556,1711590190493,84,1,[],[]
1711590681556,1711590191493,85,1,[],[]
1711590681556,1711590192493,85,1,[],[]
1711590681556,1711590193493,86,1,[],[]
1711590681556,1711590194493,86,1,[],[]
1711590681556,1711590195493,87,1,[],[]
1711590681556,1711590196493,87,1,[],[]
1711590681556,1711590197493,88,1,[],[]
1711590681556,1711590198493,88,1,[],[]
1711590681556,1711590199493,88,1,[],[]
1711590681556,1711590200493,88,1,[],[]
1711590681556,1711590201493,88,1,[],[]
1711590681556,1711590202493,89,1,[],[]
1711590681556,1711590203493,89,1,[],[]
1711590681556,1711590204493,90,1,[],[]
1711590681556,1711590205493,90,1,[],[]
1711590681556,1711590206493,91,1,[],[]
1711590681556,1711590207493,91,1,[],[]
1711590681556,1711590208493,92,1,[],[]
1711590681556,1711590209493,92,1,[],[]
1711590681556,1711590210493,92,1,[],[]
1711590681556,1711590211493,92,1,[],[]
1711590681556,1711590212493,93,1,[],[]
1711590681556,1711590213493,93,1,[],[]
1711590681556,1711590214493,94,1,[],[]
1711590681556,1711590215493,93,1,[],[]
1711590681556,1711590216493,93,1,[],[]
1711590681556,1711590217493,93,1,[],[]
1711590681556,1711590218493,94,1,[],[]
1711590681556,1711590219493,94,1,[],[]
1711590681556,1711590220493,95,1,[],[]
1711590681556,1711590221493,95,1,[],[]
1711590681556,1711590222493,95,1,[],[]
1711590681556,1711590223493,95,1,[],[]
1711590681556,1711590224493,94,1,[],[]
1711590681556,1711590225493,94,1,[],[]
1711590681556,1711590226493,93,1,[],[]
1711590681556,1711590227493,92,1,[],[]
1711590681556,1711590228493,92,1,[],[]
1711590681556,1711590229493,91,1,[],[]
1711590681556,1711590230493,91,1,[],[]
1711590681556,1711590231493,92,1,[],[]
1711590681556,1711590232493,92,1,[],[]
1711590681556,1711590233493,93,1,[],[]
1711590681556,1711590234493,93,1,[],[]
1711590681556,1711590235493,92,1,[],[]
1711590681556,1711590236493,92,1,[],[]
1711590681556,1711590237493,91,1,[],[]
1711590681556,1711590238493,91,1,[],[]
1711590681556,1711590239493,89,1,[],[]
1711590681556,1711590240493,87,1,[],[]
1711590681556,1711590241493,85,1,[],[]
1711590681556,1711590242493,85,1,[],[]
1711590681556,1711590243493,85,1,[],[]
1711590681556,1711590244493,85,1,[],[]
1711590681556,1711590245493,85,1,[],[]
1711590681556,1711590246493,85,1,[],[]
1711590681556,1711590247493,85,1,[],[]
1711590681556,1711590248493,85,1,[],[]
1711590681556,1711590249493,84,1,[],[]
1711590681556,1711590250493,84,1,[],[]
1711590681556,1711590251493,84,1,[],[]
1711590681556,1711590252493,83,1,[],[]
1711590681556,1711590253493,83,1,[],[]
1711590681556,1711590254493,83,1,[],[]
1711590681556,1711590255493,83,1,[],[]
1711590681556,1711590256493,82,1,[],[]
1711590681556,1711590257493,82,1,[],[]
1711590681556,1711590258493,83,1,[],[]
1711590681556,1711590259493,84,1,[],[]
1711590681556,1711590260493,84,1,[],[]
1711590681556,1711590261493,85,1,[],[]
1711590681556,1711590262493,85,1,[],[]
1711590681556,1711590263493,85,1,[],[]
1711590681556,1711590264493,85,1,[],[]
1711590681556,1711590265493,85,1,[],[]
1711590681556,1711590266493,85,1,[],[]
1711590681556,1711590267493,86,1,[],[]
1711590681556,1711590268493,86,1,[],[]
1711590681556,1711590269493,86,1,[],[]
1711590681556,1711590270493,86,1,[],[]
1711590681556,1711590271493,86,1,[],[]
1711590681556,1711590272493,86,1,[],[]
1711590681556,1711590273493,86,1,[],[]
1711590681556,1711590274493,85,1,[],[]
1711590681556,1711590275493,85,1,[],[]
1711590681556,1711590276493,85,1,[],[]
1711590681556,1711590277493,85,1,[],[]
1711590681556,1711590278493,85,1,[],[]
1711590681556,1711590279493,86,1,[],[]
1711590681556,1711590280493,86,1,[],[]
1711590681556,1711590281493,86,1,[],[]
1711590681556,1711590282493,87,1,[],[]
1711590681556,1711590283493,86,1,[],[]
1711590681556,1711590284493,87,1,[],[]
1711590681556,1711590285493,87,1,[],[]
1711590681556,1711590286493,87,1,[],[]
1711590681556,1711590287493,88,1,[],[]
1711590681556,1711590288493,88,1,[],[]
1711590681556,1711590289493,88,1,[],[]
1711590681556,1711590290493,89,1,[],[]
1711590681556,1711590291493,89,1,[],[]
1711590681556,1711590292493,89,1,[],[]
1711590681556,1711590293493,88,1,[],[]
1711590681556,1711590294493,88,1,[],[]
1711590681556,1711590295493,88,1,[],[]
1711590681556,1711590296493,88,1,[],[]
1711590681556,1711590297493,88,1,[],[]
1711590681556,1711590298493,87,1,[],[]
1711590681556,1711590299493,87,1,[],[]
1711590681556,1711590300493,87,1,[],[]
1711590681556,1711590301493,86,1,[],[]
1711590681556,1711590302493,86,1,[],[]
1711590681556,1711590303493,85,1,[],[]
1711590681556,1711590304493,84,1,[],[]
1711590681556,1711590305493,84,1,[],[]
1711590681556,1711590306493,84,1,[],[]
1711590681556,1711590307493,84,1,[],[]
1711590681556,1711590308493,84,1,[],[]
1711590681556,1711590309493,85,1,[],[]
1711590681556,1711590310493,86,1,[],[]
1711590681556,1711590311493,86,1,[],[]
1711590681556,1711590312493,86,1,[],[]
1711590681556,1711590313493,86,1,[],[]
1711590681556,1711590314493,86,1,[],[]
1711590681556,1711590315493,86,1,[],[]
1711590681556,1711590316493,86,1,[],[]
1711590681556,1711590317493,86,1,[],[]
1711590681556,1711590318493,86,1,[],[]
1711590681556,1711590319493,87,1,[],[]
1711590681556,1711590320493,87,1,[],[]
1711590681556,1711590321493,87,1,[],[]
1711590681556,1711590322493,88,1,[],[]
1711590681556,1711590323493,88,1,[],[]
1711590681556,1711590324493,87,1,[],[]
1711590681556,1711590325493,87,1,[],[]
1711590681556,1711590326493,88,1,[],[]
1711590681556,1711590327493,88,1,[],[]
1711590681556,1711590328493,88,1,[],[]
1711590681556,1711590329493,88,1,[],[]
1711590681556,1711590330493,88,1,[],[]
1711590681556,1711590331493,87,1,[],[]
1711590681556,1711590332493,87,1,[],[]
1711590681556,1711590333493,87,1,[],[]
1711590681556,1711590334493,87,1,[],[]
1711590681556,1711590335493,86,1,[],[]
1711590681556,1711590336493,86,1,[],[]
1711590681556,1711590337493,86,1,[],[]
1711590681556,1711590338493,86,1,[],[]
1711590681556,1711590339493,86,1,[],[]
1711590681556,1711590340493,86,1,[],[]
1711590681556,1711590341493,86,1,[],[]
1711590681556,1711590342493,86,1,[],[]
1711590681556,1711590343493,86,1,[],[]
1711590681556,1711590344493,85,1,[],[]
1711590681556,1711590345493,85,1,[],[]
1711590681556,1711590346493,85,1,[],[]
1711590681556,1711590347493,84,1,[],[]
1711590681556,1711590348493,84,1,[],[]
1711590681556,1711590349493,83,1,[],[]
1711590681556,1711590350493,83,1,[],[]
1711590681556,1711590351493,83,1,[],[]
1711590681556,1711590352493,83,1,[],[]
1711590681556,1711590353493,83,1,[],[]
1711590681556,1711590354493,83,1,[],[]
1711590681556,1711590355493,83,1,[],[]
1711590681556,1711590356493,83,1,[],[]
1711590681556,1711590357493,82,1,[],[]
1711590681556,1711590358493,82,1,[],[]
1711590681556,1711590359493,82,1,[],[]
1711590681556,1711590360493,81,1,[],[]
1711590681556,1711590361493,82,1,[],[]
1711590681556,1711590362493,82,1,[],[]
1711590681556,1711590363493,83,1,[],[]
1711590681556,1711590364493,83,1,[],[]
1711590681556,1711590365493,83,1,[],[]
1711590681556,1711590366493,84,1,[],[]
1711590681556,1711590367493,84,1,[],[]
1711590681556,1711590368493,84,1,[],[]
1711590681556,1711590369493,85,1,[],[]
1711590681556,1711590370493,85,1,[],[]
1711590681556,1711590371493,86,1,[],[]
1711590681556,1711590372493,86,1,[],[]
1711590681556,1711590373493,86,1,[],[]
1711590681556,1711590374493,87,1,[],[]
1711590681556,1711590375493,87,1,[],[]
1711590681556,1711590376493,87,1,[],[]
1711590681556,1711590377493,87,1,[],[]
1711590681556,1711590378493,87,1,[],[]
1711590681556,1711590379493,87,1,[],[]
1711590681556,1711590380493,87,1,[],[]
1711590681556,1711590381493,87,1,[],[]
1711590681556,1711590382493,87,1,[],[]
1711590681556,1711590383493,87,1,[],[]
1711590681556,1711590384493,87,1,[],[]
1711590681556,1711590385493,87,1,[],[]
1711590681556,1711590386493,86,1,[],[]
1711590681556,1711590387493,86,1,[],[]
1711590681556,1711590388493,86,1,[],[]
1711590681556,1711590389493,86,1,[],[]
1711590681556,1711590390493,86,1,[],[]
1711590681556,1711590391493,86,1,[],[]
1711590681556,1711590392493,86,1,[],[]
1711590681556,1711590393493,86,1,[],[]
1711590681556,1711590394493,86,1,[],[]
1711590681556,1711590395493,86,1,[],[]
1711590681556,1711590396493,86,1,[],[]
1711590681556,1711590397493,86,1,[],[]
1711590681556,1711590398493,86,1,[],[]
1711590681556,1711590399493,86,1,[],[]
1711590681556,1711590400493,86,1,[],[]
1711590681556,1711590401493,86,1,[],[]
1711590681556,1711590402493,86,1,[],[]
1711590681556,1711590403493,87,1,[],[]
1711590681556,1711590404493,87,1,[],[]
1711590681556,1711590405493,88,1,[],[]
1711590681556,1711590406493,88,1,[],[]
1711590681556,1711590407493,87,1,[],[]
1711590681556,1711590408493,87,1,[],[]
1711590681556,1711590409493,86,1,[],[]
1711590681556,1711590410493,86,1,[],[]
1711590681556,1711590411493,85,1,[],[]
1711590681556,1711590412493,85,1,[],[]
1711590681556,1711590413493,85,1,[],[]
1711590681556,1711590414493,86,1,[],[]
1711590681556,1711590415493,86,1,[],[]
1711590681556,1711590416493,87,1,[],[]
1711590681556,1711590417493,87,1,[],[]
1711590681556,1711590418493,87,1,[],[]
1711590681556,1711590419493,88,1,[],[]
1711590681556,1711590420493,87,1,[],[]
1711590681556,1711590421493,87,1,[],[]
1711590681556,1711590422493,87,1,[],[]
1711590681556,1711590423493,87,1,[],[]
1711590681556,1711590424493,87,1,[],[]
1711590681556,1711590425493,86,1,[],[]
1711590681556,1711590426493,87,1,[],[]
1711590681556,1711590427493,87,1,[],[]
1711590681556,1711590428493,87,1,[],[]
1711590681556,1711590429493,88,1,[],[]
1711590681556,1711590430493,88,1,[],[]
1711590681556,1711590431493,88,1,[],[]
1711590681556,1711590432493,88,1,[],[]
1711590681556,1711590433493,88,1,[],[]
1711590681556,1711590434493,88,1,[],[]
1711590681556,1711590435493,88,1,[],[]
1711590681556,1711590436493,88,1,[],[]
1711590681556,1711590437493,88,1,[],[]
1711590681556,1711590438493,88,1,[],[]
1711590681556,1711590439493,88,1,[],[]
1711590681556,1711590440493,88,1,[],[]
1711590681556,1711590441493,88,1,[],[]
1711590681556,1711590442493,88,1,[],[]
1711590681556,1711590443493,87,1,[],[]
1711590681556,1711590444493,87,1,[],[]
1711590681556,1711590445493,87,1,[],[]
1711590681556,1711590446493,87,1,[],[]
1711590681556,1711590447493,87,1,[],[]
1711590681556,1711590448493,87,1,[],[]
1711590681556,1711590449493,87,1,[],[]
1711590681556,1711590450493,87,1,[],[]
1711590681556,1711590451493,87,1,[],[]
1711590681556,1711590452493,86,1,[],[]
1711590681556,1711590453493,86,1,[],[]
1711590681556,1711590454493,87,1,[],[]
1711590681556,1711590455493,87,1,[],[]
1711590681556,1711590456493,86,1,[],[]
1711590681556,1711590457493,87,1,[],[]
1711590681556,1711590458493,87,1,[],[]
1711590681556,1711590459493,87,1,[],[]
1711590681556,1711590460493,87,1,[],[]
1711590681556,1711590461493,88,1,[],[]
1711590681556,1711590462493,88,1,[],[]
1711590681556,1711590463493,87,1,[],[]
1711590681556,1711590464493,87,1,[],[]
1711590681556,1711590465493,86,1,[],[]
1711590681556,1711590466493,86,1,[],[]
1711590681556,1711590467493,86,1,[],[]
1711590681556,1711590468493,85,1,[],[]
1711590681556,1711590469493,85,1,[],[]
1711590681556,1711590470493,84,1,[],[]
1711590681556,1711590471493,84,1,[],[]
1711590681556,1711590472493,83,1,[],[]
1711590681556,1711590473493,83,1,[],[]
1711590681556,1711590474493,84,1,[],[]
1711590681556,1711590475493,84,1,[],[]
1711590681556,1711590476493,84,1,[],[]
1711590681556,1711590477493,84,1,[],[]
1711590681556,1711590478493,84,1,[],[]
1711590681556,1711590479493,83,1,[],[]
1711590681556,1711590480493,84,1,[],[]
1711590681556,1711590481493,84,1,[],[]
1711590681556,1711590482493,85,1,[],[]
1711590681556,1711590483493,85,1,[],[]
1711590681556,1711590484493,85,1,[],[]
1711590681556,1711590485493,85,1,[],[]
1711590681556,1711590486493,85,1,[],[]
1711590681556,1711590487493,85,1,[],[]
1711590681556,1711590488493,85,1,[],[]
1711590681556,1711590489493,85,1,[],[]
1711590681556,1711590490493,85,1,[],[]
1711590681556,1711590491493,85,1,[],[]
1711590681556,1711590492493,85,1,[],[]
1711590681556,1711590493493,85,1,[],[]
1711590681556,1711590494493,85,1,[],[]
1711590681556,1711590495493,85,1,[],[]
1711590681556,1711590496493,85,1,[],[]
1711590681556,1711590497493,85,1,[],[]
1711590681556,1711590498493,85,1,[],[]
1711590681556,1711590499493,85,1,[],[]
1711590681556,1711590500493,85,1,[],[]
1711590681556,1711590501493,85,1,[],[]
1711590681556,1711590502493,85,1,[],[]
1711590681556,1711590503493,86,1,[],[]
1711590681556,1711590504493,86,1,[],[]
1711590681556,1711590505493,86,1,[],[]
1711590681556,1711590506493,86,1,[],[]
1711590681556,1711590507493,86,1,[],[]
1711590681556,1711590508493,86,1,[],[]
1711590681556,1711590509493,85,1,[],[]
1711590681556,1711590510493,84,1,[],[]
1711590681556,1711590511493,84,1,[],[]
1711590681556,1711590512493,83,1,[],[]
1711590681556,1711590513493,82,1,[],[]
1711590681556,1711590514493,82,1,[],[]
1711590681556,1711590515493,81,1,[],[]
1711590681556,1711590516493,81,1,[],[]
1711590681556,1711590517493,80,1,[],[]
1711590681556,1711590518493,80,1,[],[]
1711590681556,1711590519493,79,1,[],[]
1711590681556,1711590520493,78,1,[],[]
1711590681556,1711590521493,78,1,[],[]
1711590681556,1711590522493,78,1,[],[]
1711590681556,1711590523493,78,1,[],[]
1711590681556,1711590524493,79,1,[],[]
1711590681556,1711590525493,80,1,[],[]
1711590681556,1711590526493,80,1,[],[]
1711590681556,1711590527493,80,1,[],[]
1711590681556,1711590528493,80,1,[],[]
1711590681556,1711590529493,80,1,[],[]
1711590681556,1711590530493,79,1,[],[]
1711590681556,1711590531493,79,1,[],[]
1711590681556,1711590532493,79,1,[],[]
1711590681556,1711590533493,79,1,[],[]
1711590681556,1711590534493,79,1,[],[]
1711590681556,1711590535493,79,1,[],[]
1711590681556,1711590536493,80,1,[],[]
1711590681556,1711590537493,80,1,[],[]
1711590681556,1711590538493,81,1,[],[]
1711590681556,1711590539493,81,1,[],[]
1711590681556,1711590540493,82,1,[],[]
1711590681556,1711590541493,82,1,[],[]
1711590681556,1711590542493,83,1,[],[]
1711590681556,1711590543493,83,1,[],[]
1711590681556,1711590544493,84,1,[],[]
1711590681556,1711590545493,84,1,[],[]
1711590681556,1711590546493,84,1,[],[]
1711590681556,1711590547493,85,1,[],[]
1711590681556,1711590548493,85,1,[],[]
1711590681556,1711590549493,85,1,[],[]
1711590681556,1711590550493,85,1,[],[]
1711590681556,1711590551493,85,1,[],[]
1711590681556,1711590552493,86,1,[],[]
1711590681556,1711590553493,86,1,[],[]
1711590681556,1711590554493,87,1,[],[]
1711590681556,1711590555493,88,1,[],[]
1711590681556,1711590556493,89,1,[],[]
1711590681556,1711590557493,89,1,[],[]
1711590681556,1711590558493,90,1,[],[]
1711590681556,1711590559493,91,1,[],[]
1711590681556,1711590560493,91,1,[],[]
1711590681556,1711590561493,90,1,[],[]
1711590681556,1711590562493,89,1,[],[]
1711590681556,1711590563493,89,1,[],[]
1711590681556,1711590564493,88,1,[],[]
1711590681556,1711590565493,88,1,[],[]
1711590681556,1711590566493,86,1,[],[]
1711590681556,1711590567493,86,1,[],[]
1711590681556,1711590568493,84,1,[],[]
1711590681556,1711590569493,84,1,[],[]
1711590681556,1711590570493,83,1,[],[]
1711590681556,1711590571493,82,1,[],[]
1711590681556,1711590572493,81,1,[],[]
1711590681556,1711590573493,80,1,[],[]
1711590681556,1711590574493,80,1,[],[]
1711590681556,1711590575493,80,1,[],[]
1711590681556,1711590576493,80,1,[],[]
1711590681556,1711590577493,81,1,[],[]
1711590681556,1711590578493,81,1,[],[]
1711590681556,1711590579493,81,1,[],[]
1711590681556,1711590580493,82,1,[],[]
1711590681556,1711590581493,82,1,[],[]
1711590681556,1711590582493,82,1,[],[]
1711590681556,1711590583493,83,1,[],[]
1711590681556,1711590584493,83,1,[],[]
1711590681556,1711590585493,83,1,[],[]
1711590681556,1711590586493,84,1,[],[]
1711590681556,1711590587493,84,1,[],[]
1711590681556,1711590588493,84,1,[],[]
1711590681556,1711590589493,84,1,[],[]
1711590681556,1711590590493,84,1,[],[]
1711590681556,1711590591493,84,1,[],[]
1711590681556,1711590592493,84,1,[],[]
1711590681556,1711590593493,84,1,[],[]
1711590681556,1711590594493,83,1,[],[]
1711590681556,1711590595493,83,1,[],[]
1711590681556,1711590596493,82,1,[],[]
1711590681556,1711590597493,82,1,[],[]
1711590681556,1711590598493,82,1,[],[]
1711590681556,1711590599493,82,1,[],[]
1711590681556,1711590600493,82,1,[],[]
1711590681556,1711590601493,82,1,[],[]
1711590681556,1711590602493,82,1,[],[]
1711590681556,1711590603493,83,1,[],[]
1711590681556,1711590604493,83,1,[],[]
1711590681556,1711590605493,83,1,[],[]
1711590681556,1711590606493,82,1,[],[]
1711590681556,1711590607493,82,1,[],[]
1711590681556,1711590608493,82,1,[],[]
1711590681556,1711590609493,82,1,[],[]
1711590681556,1711590610493,82,1,[],[]
1711590681556,1711590611493,82,1,[],[]
1711590681556,1711590612493,83,1,[],[]
1711590681556,1711590613493,83,1,[],[]
1711590681556,1711590614493,83,1,[],[]
1711590681556,1711590615493,83,1,[],[]
1711590681556,1711590616493,83,1,[],[]
1711590681556,1711590617493,83,1,[],[]
1711590681556,1711590618493,83,1,[],[]
1711590681556,1711590619493,83,1,[],[]
1711590681556,1711590620493,84,1,[],[]
1711590681556,1711590621493,84,1,[],[]
1711590681556,1711590622493,85,1,[],[]
1711590681556,1711590623493,85,1,[],[]
1711590681556,1711590624493,86,1,[],[]
1711590681556,1711590625493,87,1,[],[]
1711590681556,1711590626493,88,1,[],[]
1711590681556,1711590627493,88,1,[],[]
1711590681556,1711590628493,87,1,[],[]
1711590681556,1711590629493,87,1,[],[]
1711590681556,1711590630493,86,1,[],[]
1711590681556,1711590631493,85,1,[],[]
1711590681556,1711590632493,85,1,[],[]
1711590681556,1711590633493,84,1,[],[]
1711590681556,1711590634493,83,1,[],[]
1711590681556,1711590635493,82,1,[],[]
1711590681556,1711590636493,81,1,[],[]
1711590681556,1711590637493,81,1,[],[]
1711590681556,1711590638493,81,1,[],[]
1711590681556,1711590639493,82,1,[],[]
1711590681556,1711590640493,82,1,[],[]
1711590681556,1711590641493,82,1,[],[]
1711590681556,1711590642493,82,1,[],[]
1711590681556,1711590643493,82,1,[],[]
1711590681556,1711590644493,81,1,[],[]
1711590681556,1711590645493,81,1,[],[]
1711590681556,1711590646493,81,1,[],[]
1711590681556,1711590647493,81,1,[],[]
1711590681556,1711590648493,81,1,[],[]
1711590681556,1711590649493,82,1,[],[]
1711590681556,1711590650493,83,1,[],[]
1711590681556,1711590651493,86,1,[],[]
1711590681556,1711590652493,88,1,[],[]
1711590681556,1711590653493,91,1,[],[]
1711590681556,1711590654493,92,1,[],[]
1711590681556,1711590655493,0,-10,[],[]
1711590681556,1711590656493,0,-10,[],[]
1711590681556,1711590657493,0,-10,[],[]
1711590681556,1711590658493,0,-10,[],[]
1711590681556,1711590659493,100,1,[],[]
1711590681556,1711590660493,100,1,[],[]
1711590681556,1711590661493,99,1,[],[]
1711590681556,1711590662493,0,-10,[],[]
1711590681556,1711590663493,0,-10,[],[]
1711590681556,1711590664493,0,-10,[],[]
1711590681556,1711590665493,0,-10,[],[]
1711590681556,1711590666493,0,-10,[],[]
1711590681556,1711590667493,0,-10,[],[]
1711590681556,1711590668493,81,-10,[],[]
1711590681556,1711590669493,0,-10,[],[]
1711590681556,1711590670493,0,-10,[],[]
1711590681556,1711590671493,0,-10,[],[]
1711590681556,1711590672493,0,-10,[],[]
1711590681556,1711590673493,101,1,[],[]
1711590681556,1711590674493,100,1,[],[]
1711590681556,1711590675493,99,1,[],[]
1711590681556,1711590676493,98,1,[],[]
1711590681556,1711590677493,98,1,[],[]
1711590681556,1711590678493,97,1,[],[]
1711590681556,1711590679493,96,1,[],[]
1711590681556,1711590680493,96,1,[],[]
1711590681556,1711590681493,95,1,[],[]
1711590900104,1711590683141,94,1,"[637,656,630,632,620,637,657,678,692,676,699,652,675,654,650,610,671,660,640,644,622,619,655,659,633,660,667,679,721,691,646,654,689,669,618,625,638,659,726,739,711,704,629,786,663,631,672,640,647,639,642,623,640,661,1322,697,674,692,685,683,690,700,658,651,644,662,621,666,680,679,683,729,661,653,673,683,648,642,651,645,639,622,637,636,634,614,633,640,675,687,640,634,639,660,659,633,624,636,648,626,633,633,637,653,635,693,736,734,681,663,646,677,651,629,1157,648,596,625,655,629,628,661,580,625,617,616,600,637,601,618,646,673,708,722,702,672,703,719,718,641,652,614,618,572,588,587,592,669,976,765,612,630,675,702,740,763,751,650,684,669,678,657,655,670,657,674,750,768,772,711,723,699,689,655,634,663,687,684,662,659,688,677,675,658,640,627,645,674,654,663,669,672,671,697,660,664,646,652,625,636,643,673,681,686,660,669,671,680,645,645,653,614,645,638,624,650,642,676,662,648,639,663,649,621,633,616,629,593,630,1609,730,662,670,619,642,649,656,651,637,631,645,643,623,673,1093,568,535,528,575,1127,598,546,523,535,547,534,550,549,559,559,555,558,561,533,565,515,535,553,519,1093,557,1117,616,522,547,529,547,521,533,563,551,584,573,550,574,551,576,545,535,539,548,554,545,533,516,533,550,531,570,535,618,540,578,540,573,555,567,587,576,602,575,558,559,606,563,546,572,539,578,606,628,1087,617,572,582,614,625,599,587,597,626,584,590,617,613,601]","[0,0,0,0,0,0,0,0,0,0,0,0,0,0,0,0,0,0,0,0,0,0,0,0,0,0,0,0,0,0,0,0,0,0,0,0,0,0,0,0,0,0,0,0,0,0,0,0,0,0,0,0,0,-1,-1,-1,0,0,0,0,0,0,0,0,0,0,0,0,0,0,0,0,0,0,0,0,0,0,0,0,0,0,0,0,0,0,0,0,0,0,0,0,0,0,0,0,0,0,0,0,0,0,0,0,0,0,0,0,0,0,0,0,0,0,0,0,0,0,0,0,0,0,0,0,0,0,0,0,0,0,0,0,0,0,0,0,0,0,0,0,0,0,0,0,0,0,0,0,-1,-1,-1,-1,0,0,0,0,0,0,0,0,0,0,0,0,0,0,0,0,0,0,0,0,0,0,0,0,0,0,0,0,0,0,0,0,0,0,0,0,0,0,0,0,0,0,0,0,0,0,0,0,0,0,0,0,0,0,0,0,0,0,0,0,0,0,0,0,0,0,0,0,0,0,0,0,0,0,0,0,-1,-1,-1,0,0,0,0,0,0,0,0,0,0,0,0,0,-1,-1,-1,-1,-1,0,0,0,0,0,0,0,0,0,0,0,0,0,0,0,0,-1,-1,-1,-1,-1,-1,-1,-1,-1,0,0,0,0,0,0,0,0,0,0,0,0,0,0,0,0,0,0,0,0,0,0,0,0,0,0,0,-1,-1,-1,-1,-1,-1,0,0,0,0,0,0,0,0,0,0,-1,-1,-1,-1,0,0,0,0,0,0,0,0,0,0,0,0,0,0,0]"
1711590900104,1711590684141,94,1,[],[]
1711590900104,1711590685141,93,1,[],[]
1711590900104,1711590686141,93,1,[],[]
1711590900104,1711590687141,93,1,[],[]
1711590900104,1711590688141,93,1,[],[]
1711590900104,1711590689141,93,1,[],[]
1711590900104,1711590690141,93,1,[],[]
1711590900104,1711590691141,93,1,[],[]
1711590900104,1711590692141,93,1,[],[]
1711590900104,1711590693141,93,1,[],[]
1711590900104,1711590694141,93,1,[],[]
1711590900104,1711590695141,93,1,[],[]
1711590900104,1711590696141,92,1,[],[]
1711590900104,1711590697141,91,1,[],[]
1711590900104,1711590698141,91,1,[],[]
1711590900104,1711590699141,91,1,[],[]
1711590900104,1711590700141,91,1,[],[]
1711590900104,1711590701141,91,1,[],[]
1711590900104,1711590702141,91,1,[],[]
1711590900104,1711590703141,91,1,[],[]
1711590900104,1711590704141,90,1,[],[]
1711590900104,1711590705141,90,1,[],[]
1711590900104,1711590706141,89,1,[],[]
1711590900104,1711590707141,89,1,[],[]
1711590900104,1711590708141,89,1,[],[]
1711590900104,1711590709141,89,1,[],[]
1711590900104,1711590710141,90,1,[],[]
1711590900104,1711590711141,90,1,[],[]
1711590900104,1711590712141,91,1,[],[]
1711590900104,1711590713141,91,1,[],[]
1711590900104,1711590714141,91,1,[],[]
1711590900104,1711590715141,91,1,[],[]
1711590900104,1711590716141,91,1,[],[]
1711590900104,1711590717141,90,1,[],[]
1711590900104,1711590718141,90,1,[],[]
1711590900104,1711590719141,89,1,[],[]
1711590900104,1711590720141,89,1,[],[]
1711590900104,1711590721141,90,1,[],[]
1711590900104,1711590722141,90,1,[],[]
1711590900104,1711590723141,90,1,[],[]
1711590900104,1711590724141,90,1,[],[]
1711590900104,1711590725141,90,1,[],[]
1711590900104,1711590726141,90,1,[],[]
1711590900104,1711590727141,89,1,[],[]
1711590900104,1711590728141,89,1,[],[]
1711590900104,1711590729141,90,1,[],[]
1711590900104,1711590730141,90,1,[],[]
1711590900104,1711590731141,91,1,[],[]
1711590900104,1711590732141,91,1,[],[]
1711590900104,1711590733141,92,1,[],[]
1711590900104,1711590734141,92,1,[],[]
1711590900104,1711590735141,93,1,[],[]
1711590900104,1711590736141,93,1,[],[]
1711590900104,1711590737141,93,1,[],[]
1711590900104,1711590738141,93,1,[],[]
1711590900104,1711590739141,93,1,[],[]
1711590900104,1711590740141,93,1,[],[]
1711590900104,1711590741141,93,1,[],[]
1711590900104,1711590742141,93,1,[],[]
1711590900104,1711590743141,93,1,[],[]
1711590900104,1711590744141,93,1,[],[]
1711590900104,1711590745141,94,1,[],[]
1711590900104,1711590746141,94,1,[],[]
1711590900104,1711590747141,94,1,[],[]
1711590900104,1711590748141,93,1,[],[]
1711590900104,1711590749141,92,1,[],[]
1711590900104,1711590750141,92,1,[],[]
1711590900104,1711590751141,92,1,[],[]
1711590900104,1711590752141,91,1,[],[]
1711590900104,1711590753141,92,1,[],[]
1711590900104,1711590754141,93,1,[],[]
1711590900104,1711590755141,94,1,[],[]
1711590900104,1711590756141,94,1,[],[]
1711590900104,1711590757141,95,1,[],[]
1711590900104,1711590758141,95,1,[],[]
1711590900104,1711590759141,95,1,[],[]
1711590900104,1711590760141,95,1,[],[]
1711590900104,1711590761141,96,1,[],[]
1711590900104,1711590762141,96,1,[],[]
1711590900104,1711590763141,96,1,[],[]
1711590900104,1711590764141,96,1,[],[]
1711590900104,1711590765141,96,1,[],[]
1711590900104,1711590766141,95,1,[],[]
1711590900104,1711590767141,94,1,[],[]
1711590900104,1711590768141,94,1,[],[]
1711590900104,1711590769141,93,1,[],[]
1711590900104,1711590770141,92,1,[],[]
1711590900104,1711590771141,92,1,[],[]
1711590900104,1711590772141,93,1,[],[]
1711590900104,1711590773141,94,1,[],[]
1711590900104,1711590774141,94,1,[],[]
1711590900104,1711590775141,96,1,[],[]
1711590900104,1711590776141,97,1,[],[]
1711590900104,1711590777141,96,1,[],[]
1711590900104,1711590778141,96,1,[],[]
1711590900104,1711590779141,95,1,[],[]
1711590900104,1711590780141,94,1,[],[]
1711590900104,1711590781141,94,1,[],[]
1711590900104,1711590782141,93,1,[],[]
1711590900104,1711590783141,92,1,[],[]
1711590900104,1711590784141,91,1,[],[]
1711590900104,1711590785141,91,1,[],[]
1711590900104,1711590786141,90,1,[],[]
1711590900104,1711590787141,90,1,[],[]
1711590900104,1711590788141,90,1,[],[]
1711590900104,1711590789141,89,1,[],[]
1711590900104,1711590790141,89,1,[],[]
1711590900104,1711590791141,88,1,[],[]
1711590900104,1711590792141,88,1,[],[]
1711590900104,1711590793141,87,1,[],[]
1711590900104,1711590794141,88,1,[],[]
1711590900104,1711590795141,88,1,[],[]
1711590900104,1711590796141,89,1,[],[]
1711590900104,1711590797141,89,1,[],[]
1711590900104,1711590798141,89,1,[],[]
1711590900104,1711590799141,89,1,[],[]
1711590900104,1711590800141,89,1,[],[]
1711590900104,1711590801141,89,1,[],[]
1711590900104,1711590802141,90,1,[],[]
1711590900104,1711590803141,90,1,[],[]
1711590900104,1711590804141,91,1,[],[]
1711590900104,1711590805141,91,1,[],[]
1711590900104,1711590806141,90,1,[],[]
1711590900104,1711590807141,90,1,[],[]
1711590900104,1711590808141,90,1,[],[]
1711590900104,1711590809141,90,1,[],[]
1711590900104,1711590810141,91,1,[],[]
1711590900104,1711590811141,91,1,[],[]
1711590900104,1711590812141,91,1,[],[]
1711590900104,1711590813141,91,1,[],[]
1711590900104,1711590814141,91,1,[],[]
1711590900104,1711590815141,91,1,[],[]
1711590900104,1711590816141,90,1,[],[]
1711590900104,1711590817141,91,1,[],[]
1711590900104,1711590818141,91,1,[],[]
1711590900104,1711590819141,91,1,[],[]
1711590900104,1711590820141,91,1,[],[]
1711590900104,1711590821141,92,1,[],[]
1711590900104,1711590822141,92,1,[],[]
1711590900104,1711590823141,92,1,[],[]
1711590900104,1711590824141,92,1,[],[]
1711590900104,1711590825141,92,1,[],[]
1711590900104,1711590826141,92,1,[],[]
1711590900104,1711590827141,93,1,[],[]
1711590900104,1711590828141,93,1,[],[]
1711590900104,1711590829141,93,1,[],[]
1711590900104,1711590830141,94,1,[],[]
1711590900104,1711590831141,94,1,[],[]
1711590900104,1711590832141,93,1,[],[]
1711590900104,1711590833141,93,1,[],[]
1711590900104,1711590834141,93,1,[],[]
1711590900104,1711590835141,93,1,[],[]
1711590900104,1711590836141,93,1,[],[]
1711590900104,1711590837141,93,1,[],[]
1711590900104,1711590838141,93,1,[],[]
1711590900104,1711590839141,93,1,[],[]
1711590900104,1711590840141,93,1,[],[]
1711590900104,1711590841141,93,1,[],[]
1711590900104,1711590842141,93,1,[],[]
1711590900104,1711590843141,93,1,[],[]
1711590900104,1711590844141,94,1,[],[]
1711590900104,1711590845141,95,1,[],[]
1711590900104,1711590846141,96,1,[],[]
1711590900104,1711590847141,97,1,[],[]
1711590900104,1711590848141,0,-10,[],[]
1711590900104,1711590849141,0,-10,[],[]
1711590900104,1711590850141,0,-10,[],[]
1711590900104,1711590851141,102,1,[],[]
1711590900104,1711590852141,0,-10,[],[]
1711590900104,1711590853141,0,-10,[],[]
1711590900104,1711590854141,0,-10,[],[]
1711590900104,1711590855141,0,-10,[],[]
1711590900104,1711590856141,0,-10,[],[]
1711590900104,1711590857141,0,-10,[],[]
1711590900104,1711590858141,0,-10,[],[]
1711590900104,1711590859141,0,-10,[],[]
1711590900104,1711590860141,0,-10,[],[]
1711590900104,1711590861141,0,-10,[],[]
1711590900104,1711590862141,0,-10,[],[]
1711590900104,1711590863141,0,-10,[],[]
1711590900104,1711590864141,0,-10,[],[]
1711590900104,1711590865141,109,1,[],[]
1711590900104,1711590866141,109,1,[],[]
1711590900104,1711590867141,108,1,[],[]
1711590900104,1711590868141,108,1,[],[]
1711590900104,1711590869141,109,1,[],[]
1711590900104,1711590870141,109,1,[],[]
1711590900104,1711590871141,109,1,[],[]
1711590900104,1711590872141,110,1,[],[]
1711590900104,1711590873141,110,1,[],[]
1711590900104,1711590874141,110,1,[],[]
1711590900104,1711590875141,109,1,[],[]
1711590900104,1711590876141,109,1,[],[]
1711590900104,1711590877141,108,1,[],[]
1711590900104,1711590878141,108,1,[],[]
1711590900104,1711590879141,107,1,[],[]
1711590900104,1711590880141,107,1,[],[]
1711590900104,1711590881141,106,1,[],[]
1711590900104,1711590882141,106,1,[],[]
1711590900104,1711590883141,106,1,[],[]
1711590900104,1711590884141,106,1,[],[]
1711590900104,1711590885141,106,1,[],[]
1711590900104,1711590886141,106,1,[],[]
1711590900104,1711590887141,105,1,[],[]
1711590900104,1711590888141,104,1,[],[]
1711590900104,1711590889141,103,1,[],[]
1711590900104,1711590890141,102,1,[],[]
1711590900104,1711590891141,101,1,[],[]
1711590900104,1711590892141,101,1,[],[]
1711590900104,1711590893141,101,1,[],[]
1711590900104,1711590894141,100,1,[],[]
1711590900104,1711590895141,100,1,[],[]
1711590900104,1711590896141,100,1,[],[]
1711590900104,1711590897141,99,1,[],[]
1711590900104,1711590898141,99,1,[],[]
1711590900104,1711590899141,98,1,[],[]
1711590900104,1711590900141,98,1,[],[]
1711591501866,1711590902876,98,1,"[621,633,307,952,614,596,667,549,598,599,618,640,672,691,685,620,623,632,638,632,640,609,598,645,634,554,573,1177,599,698,702,1352,1265,576,1989,2300,649,666,675,640,612,1239,620,609,643,609,575,625,660,665,640,655,630,1267,628,671,725,743,734,674,649,640,637,623,655,642,724,692,642,656,627,607,607,623,618,667,608,632,684,685,714,775,906,966,1481,848,827,827,494,967,430,601,837,679,1147,496,669,1480,716,596,743,747,888,636,1355,662,707,677,696,1319,643,649,590,595,606,560,620,604,630,671,722,748,712,682,714,658,650,611,637,557,721,616,1136,642,596,638,603,590,642,1203,1586,817,639,623,649,924,748,720,581,634,619,647,667,650,652,667,644,651,604,1767,593,614,642,656,652,623,609,590,629,652,677,738,727,736,702,654,635,619,628,628,658,652,636,692,698,720,553,791,1220,816,559,612,679,929,1761,625,678,845,1659,860,652,744,723,641,645,655,655,669,676,681,689,651,713,709,733,767,711,648,646,672,791,882,906,294,612,683,1130,675,1002,677,685,703,713,723,723,736,751,734,714,724,792,858,931,914,856,845,781,743,756,756,759,816,852,789,723,743,777,786,768,760,707,730,753,759,789,799,764,705,670,668,671,689,703,728,723,775,738,648,692,662,680,699,740,758,744,749,767,797,710,675,669,687,666,657,647,632,659,659,704,710,781,842,841,798,798,782,770,745,738,770,797,708,730,752,866,1008,891,855,822,795,736,738,729,756,775,729,656,708,889,1055,997,920,892,860,827,807,804,803,815,779,718,668,739,808,1105,1148,1016,931,855,798,788,735,689,674,639,769,1132,1091,1048,835,751,736,751,691,674,688,680,719,791,788,898,913,876,815,790,767,751,704,704,668,682,672,700,770,856,930,865,807,774,770,801,756,810,810,788,740,716,708,691,679,709,768,1164,1127,1049,901,825,774,753,740,732,734,753,738,711,709,676,730,798,835,807,780,736,724,717,719,707,667,679,724,810,910,915,888,872,862,832,821,764,783,810,872,1001,938,904,843,820,793,784,792,803,836,847,834,815,780,749,727,717,709,690,760,772,788,748,727,732,749,767,736,707,678,676,675,690,649,666,651,623,706,716,744,733,713,710,736,749,751,758,733,750,743,751,742,722,820,842,813,779,739,731,721,710,675,686,682,650,657,675,710,737,806,787,806,833,811,804,799,782,728,725,721,783,823,867,826,834,827,812,780,773,741,698,711,737,788,839,833,836,816,809,747,712,709,692,708,691,717,710,699,709,757,752,768,810,784,773,770,750,743,746,746,737,739,755,763,741,775,763,719,684,672,678,698,756,750,725,705,727,752,762,731,678,746,729,755,727,712,768,760,766,758,751,720,679,655,662,636,671,725,762,761,754,767,769,783,741,746,752,731,735,724,731,709,721,722,734,747,751,756,785,795,806,807,769,738,723,717,661,718,762,735,714,727,715,710,691,686,715,703,712,745,775,769,737,763,797,757,741,726,772,761,530,610,434,807,630,647,668,682,644,654,652,671,659,640,630,628,645,631,603,611,618,611,648,634,640,656,667,671,656,641,650,651,636,612,590,625,628,632,628,613,608,619,606,597,566,584,588,589,586,566,584,575,592,571,555,593,583,588,590,571,559,577,583,555,567,532,579,580,581,559,583,586,581,570,583,576,577,593,593,593,574,592,595,603,598,599,596,567,609,615,604,594,598,609,593,586,587,600,612,608,588,607,619,595,604,586,592,593,601,552,557,568,565,576,572,591,626,593,584,596,585,603,616,608,630,707,748,714,668,640,701,689,656,667,657,664,664,632,630,635,664,635,628,631,657,656,616,638,637,644,659,653,638,633,669,656,671,644,636,631,616,635,610,605,655,702,698,680,671,666,678,638,642,626,661,642]","[-1,-1,-1,-1,-1,0,0,0,0,0,0,0,0,0,0,0,0,0,0,-1,-1,-1,-1,-1,-1,-1,-1,-1,-1,-1,-1,-1,-1,-1,-1,0,0,0,0,0,0,0,0,0,0,0,0,0,0,0,0,0,0,0,0,0,0,0,0,0,0,0,0,0,0,0,0,0,0,0,0,0,0,0,0,0,0,0,0,-1,-1,-1,-1,-1,-1,-1,-1,-1,-1,-1,-1,-1,-1,-1,-1,-1,-1,-1,-1,-1,-1,0,0,0,0,0,0,0,0,-1,-1,-1,0,0,0,0,0,0,0,0,0,0,0,0,0,0,-1,-1,-1,-1,-1,-1,-1,-1,-1,-1,-1,-1,-1,-1,-1,-1,-1,-1,-1,-1,0,0,0,0,0,0,0,0,0,-1,-1,-1,-1,0,0,0,0,0,0,0,0,0,0,0,0,0,0,0,0,0,0,0,0,0,0,0,0,0,0,0,-1,-1,-1,-1,-1,-1,-1,-1,-1,-1,-1,-1,-1,0,0,0,0,0,0,0,0,0,0,0,0,0,0,0,0,0,0,0,0,0,-1,-1,-1,-1,-1,0,0,0,0,0,0,0,0,0,0,0,0,0,0,0,0,0,0,0,0,0,0,0,0,0,0,0,0,0,0,0,0,0,0,0,0,0,0,0,0,0,0,0,0,0,0,0,0,0,0,0,0,0,0,0,0,0,0,0,0,0,0,0,0,0,0,0,0,0,0,0,0,0,0,0,0,0,0,0,0,0,0,0,0,0,0,0,0,0,0,0,0,0,0,0,0,0,0,0,0,0,0,0,0,0,0,0,0,0,0,0,0,0,0,0,0,0,0,0,0,0,0,0,0,0,0,0,0,0,0,0,0,0,0,0,0,0,0,0,0,0,0,0,0,0,0,0,0,0,0,0,0,0,0,0,0,0,0,0,0,0,0,0,0,0,0,0,0,0,-1,-1,-1,-1,-1,-1,-1,-1,0,0,0,0,0,0,0,0,0,0,0,0,0,0,0,0,0,0,0,0,0,0,0,0,0,0,0,0,0,0,0,0,0,0,0,0,0,0,0,0,0,0,0,0,0,0,0,0,0,0,0,0,0,0,0,0,0,0,0,0,0,0,0,0,0,0,0,0,0,0,0,0,0,0,0,0,0,0,0,0,0,0,0,0,0,0,0,0,0,0,0,0,0,0,0,0,0,0,0,0,0,0,0,0,0,0,0,0,0,0,0,0,0,0,0,0,0,0,0,0,0,0,0,0,0,0,0,0,0,0,0,0,0,0,0,0,0,0,0,0,0,0,0,0,0,0,0,0,0,0,0,0,0,0,0,0,0,0,0,0,0,0,0,0,0,0,0,0,0,0,0,0,0,0,0,0,0,0,0,0,0,0,0,0,0,0,0,0,0,0,0,0,0,0,0,0,0,0,0,0,0,0,0,0,0,0,0,0,0,0,0,0,0,0,0,0,0,0,0,0,0,0,0,0,0,0,0,0,0,0,0,0,0,0,0,0,0,0,0,0,0,0,0,0,0,0,-1,-1,-1,-1,-1,-1,-1,-1,-1,-1,0,0,0,0,0,0,0,0,0,0,0,0,0,0,0,0,0,0,0,0,0,0,0,0,0,0,0,0,0,0,0,0,0,0,0,0,0,0,0,0,0,0,0,0,0,0,0,0,0,0,0,0,0,0,0,0,0,0,0,0,0,0,0,0,0,0,0,0,0,0,0,0,0,0,0,0,0,0,0,0,0,0,0,0,0,0,0,0,0,0,0,0,0,0,0,0,0,0,0,0,0,0,0,0,0,0,0,0,0,0,0,0,0,0,0,0,0,0,0,0,0,0,0,0,0,0,0,0,0,0,0,0,0,0,0,0,0,0,0,0,0,0,0,0,0,0,0,0,0,0,0,0,0,0,0,0,0,0,0,0,0,0,0,0,0,0,0,0,0,0]"
1711591501866,1711590903876,98,1,[],[]
1711591501866,1711590904876,98,1,[],[]
1711591501866,1711590905876,97,1,[],[]
1711591501866,1711590906876,96,1,[],[]
1711591501866,1711590907876,96,1,[],[]
1711591501866,1711590908876,96,1,[],[]
1711591501866,1711590909876,95,1,[],[]
1711591501866,1711590910876,96,1,[],[]
1711591501866,1711590911876,95,1,[],[]
1711591501866,1711590912876,96,1,[],[]
1711591501866,1711590913876,97,1,[],[]
1711591501866,1711590914876,97,1,[],[]
1711591501866,1711590915876,97,1,[],[]
1711591501866,1711590916876,96,1,[],[]
1711591501866,1711590917876,96,1,[],[]
1711591501866,1711590918876,95,1,[],[]
1711591501866,1711590919876,96,1,[],[]
1711591501866,1711590920876,95,1,[],[]
1711591501866,1711590921876,95,1,[],[]
1711591501866,1711590922876,95,1,[],[]
1711591501866,1711590923876,95,1,[],[]
1711591501866,1711590924876,95,1,[],[]
1711591501866,1711590925876,94,1,[],[]
1711591501866,1711590926876,94,1,[],[]
1711591501866,1711590927876,94,1,[],[]
1711591501866,1711590928876,94,1,[],[]
1711591501866,1711590929876,94,1,[],[]
1711591501866,1711590930876,95,1,[],[]
1711591501866,1711590931876,95,1,[],[]
1711591501866,1711590932876,96,1,[],[]
1711591501866,1711590933876,96,1,[],[]
1711591501866,1711590934876,95,1,[],[]
1711591501866,1711590935876,95,1,[],[]
1711591501866,1711590936876,95,1,[],[]
1711591501866,1711590937876,95,1,[],[]
1711591501866,1711590938876,95,1,[],[]
1711591501866,1711590939876,94,1,[],[]
1711591501866,1711590940876,94,1,[],[]
1711591501866,1711590941876,93,1,[],[]
1711591501866,1711590942876,93,1,[],[]
1711591501866,1711590943876,93,1,[],[]
1711591501866,1711590944876,93,1,[],[]
1711591501866,1711590945876,93,1,[],[]
1711591501866,1711590946876,93,1,[],[]
1711591501866,1711590947876,92,1,[],[]
1711591501866,1711590948876,92,1,[],[]
1711591501866,1711590949876,93,1,[],[]
1711591501866,1711590950876,93,1,[],[]
1711591501866,1711590951876,93,1,[],[]
1711591501866,1711590952876,94,1,[],[]
1711591501866,1711590953876,94,1,[],[]
1711591501866,1711590954876,93,1,[],[]
1711591501866,1711590955876,93,1,[],[]
1711591501866,1711590956876,94,1,[],[]
1711591501866,1711590957876,94,1,[],[]
1711591501866,1711590958876,94,1,[],[]
1711591501866,1711590959876,93,1,[],[]
1711591501866,1711590960876,0,-10,[],[]
1711591501866,1711590961876,92,1,[],[]
1711591501866,1711590962876,92,1,[],[]
1711591501866,1711590963876,92,1,[],[]
1711591501866,1711590964876,91,1,[],[]
1711591501866,1711590965876,90,1,[],[]
1711591501866,1711590966876,89,1,[],[]
1711591501866,1711590967876,88,1,[],[]
1711591501866,1711590968876,88,1,[],[]
1711591501866,1711590969876,87,1,[],[]
1711591501866,1711590970876,87,1,[],[]
1711591501866,1711590971876,86,1,[],[]
1711591501866,1711590972876,85,1,[],[]
1711591501866,1711590973876,85,1,[],[]
1711591501866,1711590974876,85,1,[],[]
1711591501866,1711590975876,85,1,[],[]
1711591501866,1711590976876,86,1,[],[]
1711591501866,1711590977876,86,1,[],[]
1711591501866,1711590978876,86,1,[],[]
1711591501866,1711590979876,86,1,[],[]
1711591501866,1711590980876,87,1,[],[]
1711591501866,1711590981876,88,1,[],[]
1711591501866,1711590982876,0,-10,[],[]
1711591501866,1711590983876,0,-10,[],[]
1711591501866,1711590984876,0,-10,[],[]
1711591501866,1711590985876,91,1,[],[]
1711591501866,1711590986876,90,1,[],[]
1711591501866,1711590987876,90,1,[],[]
1711591501866,1711590988876,89,1,[],[]
1711591501866,1711590989876,89,1,[],[]
1711591501866,1711590990876,89,1,[],[]
1711591501866,1711590991876,90,1,[],[]
1711591501866,1711590992876,91,1,[],[]
1711591501866,1711590993876,93,1,[],[]
1711591501866,1711590994876,94,1,[],[]
1711591501866,1711590995876,94,1,[],[]
1711591501866,1711590996876,95,1,[],[]
1711591501866,1711590997876,96,1,[],[]
1711591501866,1711590998876,97,1,[],[]
1711591501866,1711590999876,97,1,[],[]
1711591501866,1711591000876,97,1,[],[]
1711591501866,1711591001876,98,1,[],[]
1711591501866,1711591002876,98,1,[],[]
1711591501866,1711591003876,98,1,[],[]
1711591501866,1711591004876,0,-10,[],[]
1711591501866,1711591005876,0,-10,[],[]
1711591501866,1711591006876,0,-10,[],[]
1711591501866,1711591007876,97,1,[],[]
1711591501866,1711591008876,96,1,[],[]
1711591501866,1711591009876,95,1,[],[]
1711591501866,1711591010876,95,1,[],[]
1711591501866,1711591011876,94,1,[],[]
1711591501866,1711591012876,94,1,[],[]
1711591501866,1711591013876,95,1,[],[]
1711591501866,1711591014876,95,1,[],[]
1711591501866,1711591015876,96,1,[],[]
1711591501866,1711591016876,96,1,[],[]
1711591501866,1711591017876,96,1,[],[]
1711591501866,1711591018876,96,1,[],[]
1711591501866,1711591019876,96,1,[],[]
1711591501866,1711591020876,96,1,[],[]
1711591501866,1711591021876,96,1,[],[]
1711591501866,1711591022876,95,1,[],[]
1711591501866,1711591023876,95,1,[],[]
1711591501866,1711591024876,95,1,[],[]
1711591501866,1711591025876,95,1,[],[]
1711591501866,1711591026876,95,1,[],[]
1711591501866,1711591027876,95,1,[],[]
1711591501866,1711591028876,94,1,[],[]
1711591501866,1711591029876,94,1,[],[]
1711591501866,1711591030876,94,1,[],[]
1711591501866,1711591031876,93,1,[],[]
1711591501866,1711591032876,93,1,[],[]
1711591501866,1711591033876,92,1,[],[]
1711591501866,1711591034876,92,1,[],[]
1711591501866,1711591035876,92,1,[],[]
1711591501866,1711591036876,92,1,[],[]
1711591501866,1711591037876,92,1,[],[]
1711591501866,1711591038876,92,1,[],[]
1711591501866,1711591039876,91,1,[],[]
1711591501866,1711591040876,91,1,[],[]
1711591501866,1711591041876,0,-10,[],[]
1711591501866,1711591042876,92,1,[],[]
1711591501866,1711591043876,91,1,[],[]
1711591501866,1711591044876,90,1,[],[]
1711591501866,1711591045876,0,-10,[],[]
1711591501866,1711591046876,88,1,[],[]
1711591501866,1711591047876,88,1,[],[]
1711591501866,1711591048876,89,1,[],[]
1711591501866,1711591049876,89,1,[],[]
1711591501866,1711591050876,89,1,[],[]
1711591501866,1711591051876,89,1,[],[]
1711591501866,1711591052876,89,1,[],[]
1711591501866,1711591053876,89,1,[],[]
1711591501866,1711591054876,88,1,[],[]
1711591501866,1711591055876,88,1,[],[]
1711591501866,1711591056876,88,1,[],[]
1711591501866,1711591057876,88,1,[],[]
1711591501866,1711591058876,87,1,[],[]
1711591501866,1711591059876,87,1,[],[]
1711591501866,1711591060876,87,1,[],[]
1711591501866,1711591061876,87,1,[],[]
1711591501866,1711591062876,88,1,[],[]
1711591501866,1711591063876,88,1,[],[]
1711591501866,1711591064876,87,1,[],[]
1711591501866,1711591065876,86,1,[],[]
1711591501866,1711591066876,86,1,[],[]
1711591501866,1711591067876,86,1,[],[]
1711591501866,1711591068876,86,1,[],[]
1711591501866,1711591069876,85,1,[],[]
1711591501866,1711591070876,84,1,[],[]
1711591501866,1711591071876,84,1,[],[]
1711591501866,1711591072876,84,1,[],[]
1711591501866,1711591073876,83,1,[],[]
1711591501866,1711591074876,83,1,[],[]
1711591501866,1711591075876,82,1,[],[]
1711591501866,1711591076876,82,1,[],[]
1711591501866,1711591077876,80,1,[],[]
1711591501866,1711591078876,77,1,[],[]
1711591501866,1711591079876,77,1,[],[]
1711591501866,1711591080876,78,1,[],[]
1711591501866,1711591081876,78,1,[],[]
1711591501866,1711591082876,78,1,[],[]
1711591501866,1711591083876,78,1,[],[]
1711591501866,1711591084876,77,1,[],[]
1711591501866,1711591085876,78,1,[],[]
1711591501866,1711591086876,78,1,[],[]
1711591501866,1711591087876,78,1,[],[]
1711591501866,1711591088876,78,1,[],[]
1711591501866,1711591089876,78,1,[],[]
1711591501866,1711591090876,79,1,[],[]
1711591501866,1711591091876,79,1,[],[]
1711591501866,1711591092876,79,1,[],[]
1711591501866,1711591093876,79,1,[],[]
1711591501866,1711591094876,79,1,[],[]
1711591501866,1711591095876,80,1,[],[]
1711591501866,1711591096876,81,1,[],[]
1711591501866,1711591097876,81,1,[],[]
1711591501866,1711591098876,82,1,[],[]
1711591501866,1711591099876,83,1,[],[]
1711591501866,1711591100876,82,1,[],[]
1711591501866,1711591101876,82,1,[],[]
1711591501866,1711591102876,83,1,[],[]
1711591501866,1711591103876,84,1,[],[]
1711591501866,1711591104876,84,1,[],[]
1711591501866,1711591105876,85,1,[],[]
1711591501866,1711591106876,84,1,[],[]
1711591501866,1711591107876,84,1,[],[]
1711591501866,1711591108876,83,1,[],[]
1711591501866,1711591109876,82,1,[],[]
1711591501866,1711591110876,82,1,[],[]
1711591501866,1711591111876,83,1,[],[]
1711591501866,1711591112876,84,1,[],[]
1711591501866,1711591113876,85,1,[],[]
1711591501866,1711591114876,85,1,[],[]
1711591501866,1711591115876,86,1,[],[]
1711591501866,1711591116876,87,1,[],[]
1711591501866,1711591117876,87,1,[],[]
1711591501866,1711591118876,85,1,[],[]
1711591501866,1711591119876,85,1,[],[]
1711591501866,1711591120876,84,1,[],[]
1711591501866,1711591121876,84,1,[],[]
1711591501866,1711591122876,82,1,[],[]
1711591501866,1711591123876,82,1,[],[]
1711591501866,1711591124876,81,1,[],[]
1711591501866,1711591125876,80,1,[],[]
1711591501866,1711591126876,80,1,[],[]
1711591501866,1711591127876,80,1,[],[]
1711591501866,1711591128876,80,1,[],[]
1711591501866,1711591129876,79,1,[],[]
1711591501866,1711591130876,79,1,[],[]
1711591501866,1711591131876,79,1,[],[]
1711591501866,1711591132876,78,1,[],[]
1711591501866,1711591133876,78,1,[],[]
1711591501866,1711591134876,78,1,[],[]
1711591501866,1711591135876,78,1,[],[]
1711591501866,1711591136876,79,1,[],[]
1711591501866,1711591137876,79,1,[],[]
1711591501866,1711591138876,80,1,[],[]
1711591501866,1711591139876,80,1,[],[]
1711591501866,1711591140876,80,1,[],[]
1711591501866,1711591141876,80,1,[],[]
1711591501866,1711591142876,79,1,[],[]
1711591501866,1711591143876,79,1,[],[]
1711591501866,1711591144876,78,1,[],[]
1711591501866,1711591145876,76,1,[],[]
1711591501866,1711591146876,75,1,[],[]
1711591501866,1711591147876,75,1,[],[]
1711591501866,1711591148876,74,1,[],[]
1711591501866,1711591149876,74,1,[],[]
1711591501866,1711591150876,75,1,[],[]
1711591501866,1711591151876,76,1,[],[]
1711591501866,1711591152876,77,1,[],[]
1711591501866,1711591153876,77,1,[],[]
1711591501866,1711591154876,77,1,[],[]
1711591501866,1711591155876,77,1,[],[]
1711591501866,1711591156876,76,1,[],[]
1711591501866,1711591157876,75,1,[],[]
1711591501866,1711591158876,74,1,[],[]
1711591501866,1711591159876,74,1,[],[]
1711591501866,1711591160876,75,1,[],[]
1711591501866,1711591161876,76,1,[],[]
1711591501866,1711591162876,77,1,[],[]
1711591501866,1711591163876,77,1,[],[]
1711591501866,1711591164876,77,1,[],[]
1711591501866,1711591165876,77,1,[],[]
1711591501866,1711591166876,75,1,[],[]
1711591501866,1711591167876,75,1,[],[]
1711591501866,1711591168876,76,1,[],[]
1711591501866,1711591169876,76,1,[],[]
1711591501866,1711591170876,78,1,[],[]
1711591501866,1711591171876,79,1,[],[]
1711591501866,1711591172876,79,1,[],[]
1711591501866,1711591173876,80,1,[],[]
1711591501866,1711591174876,80,1,[],[]
1711591501866,1711591175876,79,1,[],[]
1711591501866,1711591176876,78,1,[],[]
1711591501866,1711591177876,78,1,[],[]
1711591501866,1711591178876,77,1,[],[]
1711591501866,1711591179876,77,1,[],[]
1711591501866,1711591180876,77,1,[],[]
1711591501866,1711591181876,78,1,[],[]
1711591501866,1711591182876,79,1,[],[]
1711591501866,1711591183876,80,1,[],[]
1711591501866,1711591184876,80,1,[],[]
1711591501866,1711591185876,80,1,[],[]
1711591501866,1711591186876,80,1,[],[]
1711591501866,1711591187876,78,1,[],[]
1711591501866,1711591188876,78,1,[],[]
1711591501866,1711591189876,77,1,[],[]
1711591501866,1711591190876,77,1,[],[]
1711591501866,1711591191876,77,1,[],[]
1711591501866,1711591192876,77,1,[],[]
1711591501866,1711591193876,76,1,[],[]
1711591501866,1711591194876,76,1,[],[]
1711591501866,1711591195876,77,1,[],[]
1711591501866,1711591196876,78,1,[],[]
1711591501866,1711591197876,78,1,[],[]
1711591501866,1711591198876,79,1,[],[]
1711591501866,1711591199876,79,1,[],[]
1711591501866,1711591200876,79,1,[],[]
1711591501866,1711591201876,78,1,[],[]
1711591501866,1711591202876,78,1,[],[]
1711591501866,1711591203876,76,1,[],[]
1711591501866,1711591204876,76,1,[],[]
1711591501866,1711591205876,75,1,[],[]
1711591501866,1711591206876,75,1,[],[]
1711591501866,1711591207876,76,1,[],[]
1711591501866,1711591208876,77,1,[],[]
1711591501866,1711591209876,77,1,[],[]
1711591501866,1711591210876,79,1,[],[]
1711591501866,1711591211876,79,1,[],[]
1711591501866,1711591212876,80,1,[],[]
1711591501866,1711591213876,80,1,[],[]
1711591501866,1711591214876,79,1,[],[]
1711591501866,1711591215876,79,1,[],[]
1711591501866,1711591216876,79,1,[],[]
1711591501866,1711591217876,79,1,[],[]
1711591501866,1711591218876,80,1,[],[]
1711591501866,1711591219876,80,1,[],[]
1711591501866,1711591220876,81,1,[],[]
1711591501866,1711591221876,81,1,[],[]
1711591501866,1711591222876,81,1,[],[]
1711591501866,1711591223876,80,1,[],[]
1711591501866,1711591224876,80,1,[],[]
1711591501866,1711591225876,79,1,[],[]
1711591501866,1711591226876,78,1,[],[]
1711591501866,1711591227876,75,1,[],[]
1711591501866,1711591228876,75,1,[],[]
1711591501866,1711591229876,76,1,[],[]
1711591501866,1711591230876,76,1,[],[]
1711591501866,1711591231876,75,1,[],[]
1711591501866,1711591232876,74,1,[],[]
1711591501866,1711591233876,73,1,[],[]
1711591501866,1711591234876,73,1,[],[]
1711591501866,1711591235876,73,1,[],[]
1711591501866,1711591236876,73,1,[],[]
1711591501866,1711591237876,73,1,[],[]
1711591501866,1711591238876,73,1,[],[]
1711591501866,1711591239876,73,1,[],[]
1711591501866,1711591240876,74,1,[],[]
1711591501866,1711591241876,73,1,[],[]
1711591501866,1711591242876,73,1,[],[]
1711591501866,1711591243876,74,1,[],[]
1711591501866,1711591244876,74,1,[],[]
1711591501866,1711591245876,75,1,[],[]
1711591501866,1711591246876,76,1,[],[]
1711591501866,1711591247876,76,1,[],[]
1711591501866,1711591248876,77,1,[],[]
1711591501866,1711591249876,77,1,[],[]
1711591501866,1711591250876,78,1,[],[]
1711591501866,1711591251876,79,1,[],[]
1711591501866,1711591252876,79,1,[],[]
1711591501866,1711591253876,79,1,[],[]
1711591501866,1711591254876,80,1,[],[]
1711591501866,1711591255876,81,1,[],[]
1711591501866,1711591256876,82,1,[],[]
1711591501866,1711591257876,83,1,[],[]
1711591501866,1711591258876,83,1,[],[]
1711591501866,1711591259876,84,1,[],[]
1711591501866,1711591260876,85,1,[],[]
1711591501866,1711591261876,85,1,[],[]
1711591501866,1711591262876,85,1,[],[]
1711591501866,1711591263876,85,1,[],[]
1711591501866,1711591264876,84,1,[],[]
1711591501866,1711591265876,84,1,[],[]
1711591501866,1711591266876,83,1,[],[]
1711591501866,1711591267876,83,1,[],[]
1711591501866,1711591268876,82,1,[],[]
1711591501866,1711591269876,82,1,[],[]
1711591501866,1711591270876,77,1,[],[]
1711591501866,1711591271876,82,1,[],[]
1711591501866,1711591272876,81,1,[],[]
1711591501866,1711591273876,80,1,[],[]
1711591501866,1711591274876,80,1,[],[]
1711591501866,1711591275876,79,1,[],[]
1711591501866,1711591276876,80,1,[],[]
1711591501866,1711591277876,80,1,[],[]
1711591501866,1711591278876,81,1,[],[]
1711591501866,1711591279876,82,1,[],[]
1711591501866,1711591280876,83,1,[],[]
1711591501866,1711591281876,84,1,[],[]
1711591501866,1711591282876,84,1,[],[]
1711591501866,1711591283876,84,1,[],[]
1711591501866,1711591284876,83,1,[],[]
1711591501866,1711591285876,82,1,[],[]
1711591501866,1711591286876,81,1,[],[]
1711591501866,1711591287876,80,1,[],[]
1711591501866,1711591288876,79,1,[],[]
1711591501866,1711591289876,79,1,[],[]
1711591501866,1711591290876,79,1,[],[]
1711591501866,1711591291876,79,1,[],[]
1711591501866,1711591292876,79,1,[],[]
1711591501866,1711591293876,78,1,[],[]
1711591501866,1711591294876,78,1,[],[]
1711591501866,1711591295876,77,1,[],[]
1711591501866,1711591296876,77,1,[],[]
1711591501866,1711591297876,76,1,[],[]
1711591501866,1711591298876,76,1,[],[]
1711591501866,1711591299876,76,1,[],[]
1711591501866,1711591300876,77,1,[],[]
1711591501866,1711591301876,78,1,[],[]
1711591501866,1711591302876,78,1,[],[]
1711591501866,1711591303876,77,1,[],[]
1711591501866,1711591304876,76,1,[],[]
1711591501866,1711591305876,75,1,[],[]
1711591501866,1711591306876,75,1,[],[]
1711591501866,1711591307876,75,1,[],[]
1711591501866,1711591308876,76,1,[],[]
1711591501866,1711591309876,77,1,[],[]
1711591501866,1711591310876,78,1,[],[]
1711591501866,1711591311876,79,1,[],[]
1711591501866,1711591312876,80,1,[],[]
1711591501866,1711591313876,80,1,[],[]
1711591501866,1711591314876,81,1,[],[]
1711591501866,1711591315876,81,1,[],[]
1711591501866,1711591316876,80,1,[],[]
1711591501866,1711591317876,80,1,[],[]
1711591501866,1711591318876,79,1,[],[]
1711591501866,1711591319876,79,1,[],[]
1711591501866,1711591320876,79,1,[],[]
1711591501866,1711591321876,79,1,[],[]
1711591501866,1711591322876,79,1,[],[]
1711591501866,1711591323876,80,1,[],[]
1711591501866,1711591324876,80,1,[],[]
1711591501866,1711591325876,80,1,[],[]
1711591501866,1711591326876,80,1,[],[]
1711591501866,1711591327876,80,1,[],[]
1711591501866,1711591328876,80,1,[],[]
1711591501866,1711591329876,81,1,[],[]
1711591501866,1711591330876,81,1,[],[]
1711591501866,1711591331876,82,1,[],[]
1711591501866,1711591332876,82,1,[],[]
1711591501866,1711591333876,82,1,[],[]
1711591501866,1711591334876,82,1,[],[]
1711591501866,1711591335876,82,1,[],[]
1711591501866,1711591336876,82,1,[],[]
1711591501866,1711591337876,82,1,[],[]
1711591501866,1711591338876,82,1,[],[]
1711591501866,1711591339876,82,1,[],[]
1711591501866,1711591340876,82,1,[],[]
1711591501866,1711591341876,82,1,[],[]
1711591501866,1711591342876,82,1,[],[]
1711591501866,1711591343876,82,1,[],[]
1711591501866,1711591344876,81,1,[],[]
1711591501866,1711591345876,81,1,[],[]
1711591501866,1711591346876,82,1,[],[]
1711591501866,1711591347876,82,1,[],[]
1711591501866,1711591348876,83,1,[],[]
1711591501866,1711591349876,83,1,[],[]
1711591501866,1711591350876,83,1,[],[]
1711591501866,1711591351876,83,1,[],[]
1711591501866,1711591352876,83,1,[],[]
1711591501866,1711591353876,82,1,[],[]
1711591501866,1711591354876,82,1,[],[]
1711591501866,1711591355876,81,1,[],[]
1711591501866,1711591356876,81,1,[],[]
1711591501866,1711591357876,81,1,[],[]
1711591501866,1711591358876,81,1,[],[]
1711591501866,1711591359876,81,1,[],[]
1711591501866,1711591360876,81,1,[],[]
1711591501866,1711591361876,81,1,[],[]
1711591501866,1711591362876,82,1,[],[]
1711591501866,1711591363876,81,1,[],[]
1711591501866,1711591364876,81,1,[],[]
1711591501866,1711591365876,81,1,[],[]
1711591501866,1711591366876,81,1,[],[]
1711591501866,1711591367876,80,1,[],[]
1711591501866,1711591368876,80,1,[],[]
1711591501866,1711591369876,79,1,[],[]
1711591501866,1711591370876,80,1,[],[]
1711591501866,1711591371876,80,1,[],[]
1711591501866,1711591372876,81,1,[],[]
1711591501866,1711591373876,81,1,[],[]
1711591501866,1711591374876,81,1,[],[]
1711591501866,1711591375876,82,1,[],[]
1711591501866,1711591376876,82,1,[],[]
1711591501866,1711591377876,83,1,[],[]
1711591501866,1711591378876,83,1,[],[]
1711591501866,1711591379876,83,1,[],[]
1711591501866,1711591380876,84,1,[],[]
1711591501866,1711591381876,83,1,[],[]
1711591501866,1711591382876,83,1,[],[]
1711591501866,1711591383876,82,1,[],[]
1711591501866,1711591384876,82,1,[],[]
1711591501866,1711591385876,81,1,[],[]
1711591501866,1711591386876,81,1,[],[]
1711591501866,1711591387876,81,1,[],[]
1711591501866,1711591388876,82,1,[],[]
1711591501866,1711591389876,82,1,[],[]
1711591501866,1711591390876,83,1,[],[]
1711591501866,1711591391876,84,1,[],[]
1711591501866,1711591392876,85,1,[],[]
1711591501866,1711591393876,86,1,[],[]
1711591501866,1711591394876,87,1,[],[]
1711591501866,1711591395876,88,1,[],[]
1711591501866,1711591396876,88,1,[],[]
1711591501866,1711591397876,89,1,[],[]
1711591501866,1711591398876,90,1,[],[]
1711591501866,1711591399876,91,1,[],[]
1711591501866,1711591400876,91,1,[],[]
1711591501866,1711591401876,92,1,[],[]
1711591501866,1711591402876,93,1,[],[]
1711591501866,1711591403876,93,1,[],[]
1711591501866,1711591404876,93,1,[],[]
1711591501866,1711591405876,93,1,[],[]
1711591501866,1711591406876,93,1,[],[]
1711591501866,1711591407876,93,1,[],[]
1711591501866,1711591408876,93,1,[],[]
1711591501866,1711591409876,93,1,[],[]
1711591501866,1711591410876,93,1,[],[]
1711591501866,1711591411876,94,1,[],[]
1711591501866,1711591412876,94,1,[],[]
1711591501866,1711591413876,95,1,[],[]
1711591501866,1711591414876,95,1,[],[]
1711591501866,1711591415876,96,1,[],[]
1711591501866,1711591416876,96,1,[],[]
1711591501866,1711591417876,97,1,[],[]
1711591501866,1711591418876,98,1,[],[]
1711591501866,1711591419876,99,1,[],[]
1711591501866,1711591420876,100,1,[],[]
1711591501866,1711591421876,100,1,[],[]
1711591501866,1711591422876,101,1,[],[]
1711591501866,1711591423876,101,1,[],[]
1711591501866,1711591424876,102,1,[],[]
1711591501866,1711591425876,102,1,[],[]
1711591501866,1711591426876,103,1,[],[]
1711591501866,1711591427876,103,1,[],[]
1711591501866,1711591428876,104,1,[],[]
1711591501866,1711591429876,104,1,[],[]
1711591501866,1711591430876,104,1,[],[]
1711591501866,1711591431876,104,1,[],[]
1711591501866,1711591432876,104,1,[],[]
1711591501866,1711591433876,104,1,[],[]
1711591501866,1711591434876,104,1,[],[]
1711591501866,1711591435876,104,1,[],[]
1711591501866,1711591436876,104,1,[],[]
1711591501866,1711591437876,104,1,[],[]
1711591501866,1711591438876,103,1,[],[]
1711591501866,1711591439876,103,1,[],[]
1711591501866,1711591440876,103,1,[],[]
1711591501866,1711591441876,102,1,[],[]
1711591501866,1711591442876,102,1,[],[]
1711591501866,1711591443876,102,1,[],[]
1711591501866,1711591444876,101,1,[],[]
1711591501866,1711591445876,101,1,[],[]
1711591501866,1711591446876,101,1,[],[]
1711591501866,1711591447876,101,1,[],[]
1711591501866,1711591448876,101,1,[],[]
1711591501866,1711591449876,101,1,[],[]
1711591501866,1711591450876,100,1,[],[]
1711591501866,1711591451876,100,1,[],[]
1711591501866,1711591452876,100,1,[],[]
1711591501866,1711591453876,100,1,[],[]
1711591501866,1711591454876,101,1,[],[]
1711591501866,1711591455876,101,1,[],[]
1711591501866,1711591456876,102,1,[],[]
1711591501866,1711591457876,102,1,[],[]
1711591501866,1711591458876,102,1,[],[]
1711591501866,1711591459876,102,1,[],[]
1711591501866,1711591460876,102,1,[],[]
1711591501866,1711591461876,102,1,[],[]
1711591501866,1711591462876,101,1,[],[]
1711591501866,1711591463876,101,1,[],[]
1711591501866,1711591464876,100,1,[],[]
1711591501866,1711591465876,100,1,[],[]
1711591501866,1711591466876,100,1,[],[]
1711591501866,1711591467876,99,1,[],[]
1711591501866,1711591468876,97,1,[],[]
1711591501866,1711591469876,95,1,[],[]
1711591501866,1711591470876,94,1,[],[]
1711591501866,1711591471876,94,1,[],[]
1711591501866,1711591472876,93,1,[],[]
1711591501866,1711591473876,93,1,[],[]
1711591501866,1711591474876,93,1,[],[]
1711591501866,1711591475876,93,1,[],[]
1711591501866,1711591476876,93,1,[],[]
1711591501866,1711591477876,93,1,[],[]
1711591501866,1711591478876,93,1,[],[]
1711591501866,1711591479876,93,1,[],[]
1711591501866,1711591480876,93,1,[],[]
1711591501866,1711591481876,93,1,[],[]
1711591501866,1711591482876,94,1,[],[]
1711591501866,1711591483876,93,1,[],[]
1711591501866,1711591484876,93,1,[],[]
1711591501866,1711591485876,93,1,[],[]
1711591501866,1711591486876,93,1,[],[]
1711591501866,1711591487876,93,1,[],[]
1711591501866,1711591488876,93,1,[],[]
1711591501866,1711591489876,94,1,[],[]
1711591501866,1711591490876,93,1,[],[]
1711591501866,1711591491876,93,1,[],[]
1711591501866,1711591492876,93,1,[],[]
1711591501866,1711591493876,92,1,[],[]
1711591501866,1711591494876,92,1,[],[]
1711591501866,1711591495876,92,1,[],[]
1711591501866,1711591496876,92,1,[],[]
1711591501866,1711591497876,92,1,[],[]
1711591501866,1711591498876,92,1,[],[]
1711591501866,1711591499876,92,1,[],[]
1711591501866,1711591500876,92,1,[],[]
1711591501866,1711591501876,92,1,[],[]
1711592100605,1711591504600,91,1,"[636,651,672,666,650,699,693,673,639,643,623,640,631,626,628,654,650,656,639,653,657,641,614,635,616,624,645,641,633,641,661,663,645,655,662,675,651,630,631,608,665,656,651,666,670,717,674,679,707,708,673,639,752,506,578,611,583,577,554,633,1395,666,647,645,656,640,639,629,632,652,665,661,647,632,636,607,662,642,639,678,673,665,646,645,653,654,690,693,681,695,691,691,610,645,659,665,690,662,664,658,678,678,700,682,689,685,719,695,682,642,636,631,618,640,641,739,821,829,778,726,716,719,678,671,682,684,708,693,681,672,661,638,621,610,623,602,618,645,664,702,650,628,635,639,626,634,609,688,641,617,589,604,623,625,587,855,352,591,560,554,543,559,552,540,547,526,554,553,580,590,606,601,612,607,639,611,624,616,618,586,557,536,538,540,548,555,553,2125,549,553,542,539,528,534,522,497,556,292,753,522,533,501,535,546,548,541,552,535,494,519,535,529,536,495,505,472,535,481,516,528,490,509,595,559,534,588,538,552,542,512,496,485,470,510,487,514,505,515,531,508,511,507,513,490,499,484,475,481,459,1013,560,636,600,625,614,587,642,650,594,549,512,528,509,506,521,503,515,514,545,573,596,911,949,667,912,382,664,1223,637,597,599,724,882,798,557,565,639,618,752,1831,778,818,558,700,715,706,704,656,648,688,697,629,602,2300,468,1926,810,1409,633,645,608,645,624,629,660,712,717,718,695,690,706,757,764,689,727,666,668,670,695,752,787,739,745,764,803,773,774,763,740,738,753,755,878,758,821,819,785,714,659,637,639,673,682,742,679,716,595,614,619,635,680,735,774,797,817,760,712,705,674,690,620,660,775,1192,1132,911,803,729,673,644,624,617,607,590,590,573,470,714,683,647,704,695,730,684,683,707,720,748,762,742,733,775,794,791,819,763,788,743,757,713,687,710,749,1211,1149,929,835,789,778,765,762,765,756,797,786,778,784,757,740,743,742,756,741,744,763,706,680,638,640,637,636,635,636,646,684,727,767,780,718,721,716,733,722,717,723,732,708,725,735,703,719,762,753,700,666,653,632,623,592,604,539,582,587,657,677,657,663,672,642,623,626,696,779,1030,1055,996,845,783,726,698,706,699,745,821,842,847,880,842,802,768,710,737,702,685,685,696,677,645,685,723,789,724,691,690,699,723,671,681,689,671,672,693,727,744,775,778,762,734,714,741,731,729,720,751,737,752,749,734,718,706,685,685,692,708,736,760,747,716,715,710,694,695,683,663,669,639,663,662,704,730,767,773,749,755,765,750,758,740,703,676,667,660,678,722,795,825,755,817,796,795,755,723,714,731,729,739,732,729,711,686,682,661,712,743,703,703,716,745,727,689,692,695,692,701,694,681,660,619,658,684,690,658,667,657,678,706,717,686,677,665,645,621,620,599,607,603,690,701,697,769,852,917,841,818,810,794,764,713,699,705,708,705,728,750,808,861,843,773,785,776,779,777,756,715,744,755,768,776,811,820,815,767,744,732,744,755,741,769,795,842,744,791,772,781,727,725,722,738,736,724,740,768,792,755,766,738,761,729,714,736,745,775,755,761,773,804,794,801,756,722,747,756,741,744,769,797,818,773,759,754,744,720,694,690,646,718,707,709,742,769,727,716,715,722,711,691,679,689,696,684,631,685,690,686,674,696,696,735,715,701,711,731,730,702,708,712,699,667,688,698,708,687,679,697,729,731,717,715,713,737,694,690,695,674,703,690,693,694,706,752,718,728,721,729,730,696,703,720,732,671,691,718,718,716,686,692,707,728,719,709,704,740,760,743,699,721,714,696,706,488,741,1209,908,1008,1280,631,1047,1046,1076,1162,1561,847,734,548,618,680,694,587,871,1012,735,753,819,778,1069,718,645,799,489,1098,1003,1291,1244,1866,715,1450,1279,930,852,2061,720,778,692]","[0,0,0,0,0,0,0,0,0,0,0,0,0,0,0,0,0,0,0,0,0,0,0,0,0,0,0,0,0,0,0,0,0,0,0,0,0,0,0,0,0,0,0,0,0,0,0,0,0,0,-1,-1,-1,-1,-1,-1,-1,-1,-1,-1,-1,-1,-1,0,0,0,0,0,0,0,0,0,0,0,0,0,0,0,0,0,0,0,0,0,0,0,0,0,0,0,0,0,0,0,0,0,0,0,0,0,0,0,0,0,0,0,0,0,0,0,0,0,0,0,0,0,0,0,0,0,0,0,0,0,0,0,0,0,0,0,0,0,0,0,0,0,0,0,0,0,0,0,0,0,0,0,0,0,0,0,0,0,0,0,-1,-1,-1,-1,-1,0,0,0,0,0,0,0,0,0,0,0,0,0,0,0,0,0,0,0,0,0,0,0,0,0,0,-1,-1,-1,-1,-1,-1,-1,-1,-1,-1,-1,-1,-1,-1,0,0,0,0,0,0,0,0,0,0,0,-1,-1,-1,-1,-1,-1,-1,-1,-1,-1,-1,-1,0,0,0,0,0,0,0,0,0,0,0,0,0,0,0,0,0,0,0,0,0,0,0,-1,-1,-1,-1,-1,0,0,0,0,0,0,0,0,0,0,0,0,0,0,0,0,-1,-1,-1,-1,-1,-1,-1,-1,-1,-1,-1,-1,-1,-1,-1,-1,-1,0,0,0,0,-1,-1,-1,-1,-1,-1,-1,0,0,0,0,0,-1,-1,-1,-1,-1,-1,-1,-1,0,0,0,0,0,0,0,0,0,0,0,0,0,0,0,0,0,0,0,0,0,0,0,0,0,0,0,0,0,0,0,0,0,0,0,0,0,0,0,0,0,0,0,0,0,-1,-1,-1,-1,-1,0,0,0,0,0,0,0,0,0,0,0,0,0,0,0,0,0,0,0,0,0,0,0,0,0,0,0,0,0,-1,-1,-1,-1,0,0,0,0,0,0,0,0,0,0,0,0,0,0,0,0,0,0,0,0,0,0,0,0,0,0,0,0,0,0,0,0,0,0,0,0,0,0,0,0,0,0,0,0,0,0,0,0,0,0,0,0,0,0,0,0,0,0,0,0,0,0,0,0,0,0,0,0,0,0,0,0,0,0,0,0,0,0,0,0,0,0,0,0,0,0,0,0,0,0,0,0,0,0,0,0,0,0,0,0,0,0,0,0,0,0,0,0,0,0,0,0,0,0,0,0,0,0,0,0,0,0,0,0,0,0,0,0,0,0,0,0,0,0,0,0,0,0,0,0,0,0,0,0,0,0,0,0,0,0,0,0,0,0,0,0,0,0,0,0,0,0,0,0,0,0,0,0,0,0,0,0,0,0,0,0,0,0,0,0,0,0,0,0,0,0,0,0,0,0,0,0,0,0,0,0,0,0,0,0,0,0,0,0,0,0,0,0,0,0,0,0,0,0,0,0,0,0,0,0,0,0,0,0,0,0,0,0,0,0,0,0,0,0,0,0,0,0,0,0,0,0,0,0,0,0,0,0,0,0,0,0,0,0,0,0,0,0,0,0,0,0,0,0,0,0,0,0,0,0,0,0,0,0,0,0,0,0,0,0,0,0,0,0,0,0,0,0,0,0,0,0,0,0,0,0,0,0,0,0,0,0,0,0,0,0,0,0,0,0,0,0,0,0,0,0,0,0,0,0,0,0,0,0,0,0,0,0,0,0,0,0,0,0,0,0,0,0,0,0,0,0,0,0,0,0,0,0,0,0,0,0,0,0,0,0,0,0,0,0,0,0,0,0,0,0,0,0,0,0,0,0,0,0,0,0,0,0,0,0,0,0,0,0,0,0,0,0,0,0,0,0,0,0,0,0,0,0,0,0,0,0,0,0,0,0,0,0,-1,-1,-1,-1,-1,-1,-1,-1,-1,-1,-1,-1,-1,-1,-1,-1,0,0,0,0,-1,-1,-1,-1,-1,-1,-1,-1,-1,-1,-1,-1,-1,-1,-1,-1,-1,-1,-1,-1,-1,0,0,0,0]"
1711592100605,1711591505600,91,1,[],[]
1711592100605,1711591506600,91,1,[],[]
1711592100605,1711591507600,92,1,[],[]
1711592100605,1711591508600,92,1,[],[]
1711592100605,1711591509600,92,1,[],[]
1711592100605,1711591510600,92,1,[],[]
1711592100605,1711591511600,93,1,[],[]
1711592100605,1711591512600,93,1,[],[]
1711592100605,1711591513600,93,1,[],[]
1711592100605,1711591514600,93,1,[],[]
1711592100605,1711591515600,93,1,[],[]
1711592100605,1711591516600,94,1,[],[]
1711592100605,1711591517600,94,1,[],[]
1711592100605,1711591518600,94,1,[],[]
1711592100605,1711591519600,94,1,[],[]
1711592100605,1711591520600,94,1,[],[]
1711592100605,1711591521600,93,1,[],[]
1711592100605,1711591522600,93,1,[],[]
1711592100605,1711591523600,93,1,[],[]
1711592100605,1711591524600,93,1,[],[]
1711592100605,1711591525600,93,1,[],[]
1711592100605,1711591526600,93,1,[],[]
1711592100605,1711591527600,93,1,[],[]
1711592100605,1711591528600,92,1,[],[]
1711592100605,1711591529600,92,1,[],[]
1711592100605,1711591530600,91,1,[],[]
1711592100605,1711591531600,91,1,[],[]
1711592100605,1711591532600,91,1,[],[]
1711592100605,1711591533600,90,1,[],[]
1711592100605,1711591534600,91,1,[],[]
1711592100605,1711591535600,91,1,[],[]
1711592100605,1711591536600,92,1,[],[]
1711592100605,1711591537600,93,1,[],[]
1711592100605,1711591538600,93,1,[],[]
1711592100605,1711591539600,93,1,[],[]
1711592100605,1711591540600,92,1,[],[]
1711592100605,1711591541600,92,1,[],[]
1711592100605,1711591542600,92,1,[],[]
1711592100605,1711591543600,92,1,[],[]
1711592100605,1711591544600,92,1,[],[]
1711592100605,1711591545600,92,1,[],[]
1711592100605,1711591546600,92,1,[],[]
1711592100605,1711591547600,92,1,[],[]
1711592100605,1711591548600,93,1,[],[]
1711592100605,1711591549600,93,1,[],[]
1711592100605,1711591550600,93,1,[],[]
1711592100605,1711591551600,93,1,[],[]
1711592100605,1711591552600,93,1,[],[]
1711592100605,1711591553600,92,1,[],[]
1711592100605,1711591554600,92,1,[],[]
1711592100605,1711591555600,92,1,[],[]
1711592100605,1711591556600,92,1,[],[]
1711592100605,1711591557600,91,1,[],[]
1711592100605,1711591558600,91,1,[],[]
1711592100605,1711591559600,90,1,[],[]
1711592100605,1711591560600,90,1,[],[]
1711592100605,1711591561600,91,1,[],[]
1711592100605,1711591562600,90,1,[],[]
1711592100605,1711591563600,90,1,[],[]
1711592100605,1711591564600,90,1,[],[]
1711592100605,1711591565600,90,1,[],[]
1711592100605,1711591566600,90,1,[],[]
1711592100605,1711591567600,90,1,[],[]
1711592100605,1711591568600,89,1,[],[]
1711592100605,1711591569600,89,1,[],[]
1711592100605,1711591570600,89,1,[],[]
1711592100605,1711591571600,89,1,[],[]
1711592100605,1711591572600,89,1,[],[]
1711592100605,1711591573600,89,1,[],[]
1711592100605,1711591574600,90,1,[],[]
1711592100605,1711591575600,90,1,[],[]
1711592100605,1711591576600,89,1,[],[]
1711592100605,1711591577600,89,1,[],[]
1711592100605,1711591578600,88,1,[],[]
1711592100605,1711591579600,87,1,[],[]
1711592100605,1711591580600,86,1,[],[]
1711592100605,1711591581600,86,1,[],[]
1711592100605,1711591582600,86,1,[],[]
1711592100605,1711591583600,87,1,[],[]
1711592100605,1711591584600,87,1,[],[]
1711592100605,1711591585600,87,1,[],[]
1711592100605,1711591586600,88,1,[],[]
1711592100605,1711591587600,88,1,[],[]
1711592100605,1711591588600,89,1,[],[]
1711592100605,1711591589600,90,1,[],[]
1711592100605,1711591590600,90,1,[],[]
1711592100605,1711591591600,91,1,[],[]
1711592100605,1711591592600,91,1,[],[]
1711592100605,1711591593600,91,1,[],[]
1711592100605,1711591594600,92,1,[],[]
1711592100605,1711591595600,92,1,[],[]
1711592100605,1711591596600,93,1,[],[]
1711592100605,1711591597600,93,1,[],[]
1711592100605,1711591598600,93,1,[],[]
1711592100605,1711591599600,94,1,[],[]
1711592100605,1711591600600,94,1,[],[]
1711592100605,1711591601600,94,1,[],[]
1711592100605,1711591602600,95,1,[],[]
1711592100605,1711591603600,96,1,[],[]
1711592100605,1711591604600,96,1,[],[]
1711592100605,1711591605600,97,1,[],[]
1711592100605,1711591606600,98,1,[],[]
1711592100605,1711591607600,100,1,[],[]
1711592100605,1711591608600,0,-10,[],[]
1711592100605,1711591609600,0,-10,[],[]
1711592100605,1711591610600,0,-10,[],[]
1711592100605,1711591611600,101,1,[],[]
1711592100605,1711591612600,101,1,[],[]
1711592100605,1711591613600,100,1,[],[]
1711592100605,1711591614600,100,1,[],[]
1711592100605,1711591615600,99,1,[],[]
1711592100605,1711591616600,100,1,[],[]
1711592100605,1711591617600,101,1,[],[]
1711592100605,1711591618600,101,1,[],[]
1711592100605,1711591619600,102,1,[],[]
1711592100605,1711591620600,0,-10,[],[]
1711592100605,1711591621600,0,-10,[],[]
1711592100605,1711591622600,0,-10,[],[]
1711592100605,1711591623600,0,-10,[],[]
1711592100605,1711591624600,0,-10,[],[]
1711592100605,1711591625600,0,-10,[],[]
1711592100605,1711591626600,0,-10,[],[]
1711592100605,1711591627600,0,-10,[],[]
1711592100605,1711591628600,0,-10,[],[]
1711592100605,1711591629600,0,-10,[],[]
1711592100605,1711591630600,0,-10,[],[]
1711592100605,1711591631600,0,-10,[],[]
1711592100605,1711591632600,109,1,[],[]
1711592100605,1711591633600,0,-10,[],[]
1711592100605,1711591634600,0,-10,[],[]
1711592100605,1711591635600,0,-10,[],[]
1711592100605,1711591636600,0,-10,[],[]
1711592100605,1711591637600,0,-10,[],[]
1711592100605,1711591638600,0,-10,[],[]
1711592100605,1711591639600,0,-10,[],[]
1711592100605,1711591640600,0,-10,[],[]
1711592100605,1711591641600,0,-10,[],[]
1711592100605,1711591642600,0,-10,[],[]
1711592100605,1711591643600,0,-10,[],[]
1711592100605,1711591644600,0,-10,[],[]
1711592100605,1711591645600,0,-10,[],[]
1711592100605,1711591646600,0,-10,[],[]
1711592100605,1711591647600,0,-10,[],[]
1711592100605,1711591648600,0,-10,[],[]
1711592100605,1711591649600,0,-10,[],[]
1711592100605,1711591650600,0,-10,[],[]
1711592100605,1711591651600,0,-10,[],[]
1711592100605,1711591652600,0,-10,[],[]
1711592100605,1711591653600,0,-10,[],[]
1711592100605,1711591654600,0,-10,[],[]
1711592100605,1711591655600,0,-10,[],[]
1711592100605,1711591656600,0,-10,[],[]
1711592100605,1711591657600,0,-10,[],[]
1711592100605,1711591658600,0,-10,[],[]
1711592100605,1711591659600,0,-10,[],[]
1711592100605,1711591660600,0,-10,[],[]
1711592100605,1711591661600,0,-10,[],[]
1711592100605,1711591662600,0,-10,[],[]
1711592100605,1711591663600,0,-10,[],[]
1711592100605,1711591664600,0,-10,[],[]
1711592100605,1711591665600,0,-10,[],[]
1711592100605,1711591666600,0,-10,[],[]
1711592100605,1711591667600,0,-10,[],[]
1711592100605,1711591668600,0,-10,[],[]
1711592100605,1711591669600,0,-10,[],[]
1711592100605,1711591670600,0,-10,[],[]
1711592100605,1711591671600,0,-10,[],[]
1711592100605,1711591672600,0,-10,[],[]
1711592100605,1711591673600,0,-10,[],[]
1711592100605,1711591674600,0,-10,[],[]
1711592100605,1711591675600,0,-10,[],[]
1711592100605,1711591676600,0,-10,[],[]
1711592100605,1711591677600,0,-10,[],[]
1711592100605,1711591678600,0,-10,[],[]
1711592100605,1711591679600,0,-10,[],[]
1711592100605,1711591680600,0,-10,[],[]
1711592100605,1711591681600,0,-10,[],[]
1711592100605,1711591682600,0,-10,[],[]
1711592100605,1711591683600,0,-10,[],[]
1711592100605,1711591684600,0,-10,[],[]
1711592100605,1711591685600,0,-10,[],[]
1711592100605,1711591686600,0,-10,[],[]
1711592100605,1711591687600,94,1,[],[]
1711592100605,1711591688600,94,1,[],[]
1711592100605,1711591689600,0,-10,[],[]
1711592100605,1711591690600,92,1,[],[]
1711592100605,1711591691600,91,1,[],[]
1711592100605,1711591692600,91,1,[],[]
1711592100605,1711591693600,93,1,[],[]
1711592100605,1711591694600,93,1,[],[]
1711592100605,1711591695600,92,1,[],[]
1711592100605,1711591696600,91,1,[],[]
1711592100605,1711591697600,91,1,[],[]
1711592100605,1711591698600,91,1,[],[]
1711592100605,1711591699600,92,1,[],[]
1711592100605,1711591700600,93,1,[],[]
1711592100605,1711591701600,93,1,[],[]
1711592100605,1711591702600,93,1,[],[]
1711592100605,1711591703600,92,1,[],[]
1711592100605,1711591704600,91,1,[],[]
1711592100605,1711591705600,90,1,[],[]
1711592100605,1711591706600,90,1,[],[]
1711592100605,1711591707600,89,1,[],[]
1711592100605,1711591708600,88,1,[],[]
1711592100605,1711591709600,88,1,[],[]
1711592100605,1711591710600,88,1,[],[]
1711592100605,1711591711600,87,1,[],[]
1711592100605,1711591712600,87,1,[],[]
1711592100605,1711591713600,86,1,[],[]
1711592100605,1711591714600,85,1,[],[]
1711592100605,1711591715600,85,1,[],[]
1711592100605,1711591716600,84,1,[],[]
1711592100605,1711591717600,83,1,[],[]
1711592100605,1711591718600,82,1,[],[]
1711592100605,1711591719600,81,1,[],[]
1711592100605,1711591720600,81,1,[],[]
1711592100605,1711591721600,81,1,[],[]
1711592100605,1711591722600,80,1,[],[]
1711592100605,1711591723600,79,1,[],[]
1711592100605,1711591724600,79,1,[],[]
1711592100605,1711591725600,78,1,[],[]
1711592100605,1711591726600,78,1,[],[]
1711592100605,1711591727600,79,1,[],[]
1711592100605,1711591728600,79,1,[],[]
1711592100605,1711591729600,80,1,[],[]
1711592100605,1711591730600,81,1,[],[]
1711592100605,1711591731600,81,1,[],[]
1711592100605,1711591732600,81,1,[],[]
1711592100605,1711591733600,81,1,[],[]
1711592100605,1711591734600,83,1,[],[]
1711592100605,1711591735600,83,1,[],[]
1711592100605,1711591736600,83,1,[],[]
1711592100605,1711591737600,82,1,[],[]
1711592100605,1711591738600,81,1,[],[]
1711592100605,1711591739600,81,1,[],[]
1711592100605,1711591740600,81,1,[],[]
1711592100605,1711591741600,82,1,[],[]
1711592100605,1711591742600,83,1,[],[]
1711592100605,1711591743600,83,1,[],[]
1711592100605,1711591744600,84,1,[],[]
1711592100605,1711591745600,84,1,[],[]
1711592100605,1711591746600,83,1,[],[]
1711592100605,1711591747600,82,1,[],[]
1711592100605,1711591748600,82,1,[],[]
1711592100605,1711591749600,83,1,[],[]
1711592100605,1711591750600,85,1,[],[]
1711592100605,1711591751600,86,1,[],[]
1711592100605,1711591752600,88,1,[],[]
1711592100605,1711591753600,0,-10,[],[]
1711592100605,1711591754600,0,-10,[],[]
1711592100605,1711591755600,87,1,[],[]
1711592100605,1711591756600,87,1,[],[]
1711592100605,1711591757600,87,1,[],[]
1711592100605,1711591758600,87,1,[],[]
1711592100605,1711591759600,86,1,[],[]
1711592100605,1711591760600,86,1,[],[]
1711592100605,1711591761600,86,1,[],[]
1711592100605,1711591762600,85,1,[],[]
1711592100605,1711591763600,85,1,[],[]
1711592100605,1711591764600,84,1,[],[]
1711592100605,1711591765600,83,1,[],[]
1711592100605,1711591766600,82,1,[],[]
1711592100605,1711591767600,81,1,[],[]
1711592100605,1711591768600,81,1,[],[]
1711592100605,1711591769600,81,1,[],[]
1711592100605,1711591770600,80,1,[],[]
1711592100605,1711591771600,81,1,[],[]
1711592100605,1711591772600,81,1,[],[]
1711592100605,1711591773600,81,1,[],[]
1711592100605,1711591774600,81,1,[],[]
1711592100605,1711591775600,81,1,[],[]
1711592100605,1711591776600,80,1,[],[]
1711592100605,1711591777600,79,1,[],[]
1711592100605,1711591778600,78,1,[],[]
1711592100605,1711591779600,78,1,[],[]
1711592100605,1711591780600,78,1,[],[]
1711592100605,1711591781600,78,1,[],[]
1711592100605,1711591782600,78,1,[],[]
1711592100605,1711591783600,78,1,[],[]
1711592100605,1711591784600,77,1,[],[]
1711592100605,1711591785600,77,1,[],[]
1711592100605,1711591786600,78,1,[],[]
1711592100605,1711591787600,78,1,[],[]
1711592100605,1711591788600,78,1,[],[]
1711592100605,1711591789600,79,1,[],[]
1711592100605,1711591790600,79,1,[],[]
1711592100605,1711591791600,79,1,[],[]
1711592100605,1711591792600,80,1,[],[]
1711592100605,1711591793600,81,1,[],[]
1711592100605,1711591794600,82,1,[],[]
1711592100605,1711591795600,82,1,[],[]
1711592100605,1711591796600,83,1,[],[]
1711592100605,1711591797600,84,1,[],[]
1711592100605,1711591798600,85,1,[],[]
1711592100605,1711591799600,84,1,[],[]
1711592100605,1711591800600,84,1,[],[]
1711592100605,1711591801600,83,1,[],[]
1711592100605,1711591802600,83,1,[],[]
1711592100605,1711591803600,83,1,[],[]
1711592100605,1711591804600,83,1,[],[]
1711592100605,1711591805600,83,1,[],[]
1711592100605,1711591806600,83,1,[],[]
1711592100605,1711591807600,83,1,[],[]
1711592100605,1711591808600,83,1,[],[]
1711592100605,1711591809600,83,1,[],[]
1711592100605,1711591810600,83,1,[],[]
1711592100605,1711591811600,83,1,[],[]
1711592100605,1711591812600,83,1,[],[]
1711592100605,1711591813600,84,1,[],[]
1711592100605,1711591814600,85,1,[],[]
1711592100605,1711591815600,85,1,[],[]
1711592100605,1711591816600,86,1,[],[]
1711592100605,1711591817600,87,1,[],[]
1711592100605,1711591818600,88,1,[],[]
1711592100605,1711591819600,89,1,[],[]
1711592100605,1711591820600,89,1,[],[]
1711592100605,1711591821600,90,1,[],[]
1711592100605,1711591822600,90,1,[],[]
1711592100605,1711591823600,90,1,[],[]
1711592100605,1711591824600,91,1,[],[]
1711592100605,1711591825600,90,1,[],[]
1711592100605,1711591826600,90,1,[],[]
1711592100605,1711591827600,89,1,[],[]
1711592100605,1711591828600,88,1,[],[]
1711592100605,1711591829600,87,1,[],[]
1711592100605,1711591830600,86,1,[],[]
1711592100605,1711591831600,86,1,[],[]
1711592100605,1711591832600,85,1,[],[]
1711592100605,1711591833600,84,1,[],[]
1711592100605,1711591834600,83,1,[],[]
1711592100605,1711591835600,83,1,[],[]
1711592100605,1711591836600,82,1,[],[]
1711592100605,1711591837600,80,1,[],[]
1711592100605,1711591838600,80,1,[],[]
1711592100605,1711591839600,80,1,[],[]
1711592100605,1711591840600,81,1,[],[]
1711592100605,1711591841600,82,1,[],[]
1711592100605,1711591842600,83,1,[],[]
1711592100605,1711591843600,84,1,[],[]
1711592100605,1711591844600,84,1,[],[]
1711592100605,1711591845600,84,1,[],[]
1711592100605,1711591846600,84,1,[],[]
1711592100605,1711591847600,84,1,[],[]
1711592100605,1711591848600,84,1,[],[]
1711592100605,1711591849600,84,1,[],[]
1711592100605,1711591850600,85,1,[],[]
1711592100605,1711591851600,85,1,[],[]
1711592100605,1711591852600,86,1,[],[]
1711592100605,1711591853600,86,1,[],[]
1711592100605,1711591854600,86,1,[],[]
1711592100605,1711591855600,85,1,[],[]
1711592100605,1711591856600,85,1,[],[]
1711592100605,1711591857600,84,1,[],[]
1711592100605,1711591858600,83,1,[],[]
1711592100605,1711591859600,83,1,[],[]
1711592100605,1711591860600,83,1,[],[]
1711592100605,1711591861600,83,1,[],[]
1711592100605,1711591862600,82,1,[],[]
1711592100605,1711591863600,82,1,[],[]
1711592100605,1711591864600,82,1,[],[]
1711592100605,1711591865600,82,1,[],[]
1711592100605,1711591866600,82,1,[],[]
1711592100605,1711591867600,82,1,[],[]
1711592100605,1711591868600,83,1,[],[]
1711592100605,1711591869600,83,1,[],[]
1711592100605,1711591870600,83,1,[],[]
1711592100605,1711591871600,83,1,[],[]
1711592100605,1711591872600,85,1,[],[]
1711592100605,1711591873600,83,1,[],[]
1711592100605,1711591874600,83,1,[],[]
1711592100605,1711591875600,83,1,[],[]
1711592100605,1711591876600,84,1,[],[]
1711592100605,1711591877600,85,1,[],[]
1711592100605,1711591878600,85,1,[],[]
1711592100605,1711591879600,86,1,[],[]
1711592100605,1711591880600,86,1,[],[]
1711592100605,1711591881600,85,1,[],[]
1711592100605,1711591882600,85,1,[],[]
1711592100605,1711591883600,84,1,[],[]
1711592100605,1711591884600,83,1,[],[]
1711592100605,1711591885600,83,1,[],[]
1711592100605,1711591886600,82,1,[],[]
1711592100605,1711591887600,82,1,[],[]
1711592100605,1711591888600,83,1,[],[]
1711592100605,1711591889600,84,1,[],[]
1711592100605,1711591890600,84,1,[],[]
1711592100605,1711591891600,84,1,[],[]
1711592100605,1711591892600,82,1,[],[]
1711592100605,1711591893600,81,1,[],[]
1711592100605,1711591894600,80,1,[],[]
1711592100605,1711591895600,79,1,[],[]
1711592100605,1711591896600,79,1,[],[]
1711592100605,1711591897600,79,1,[],[]
1711592100605,1711591898600,80,1,[],[]
1711592100605,1711591899600,80,1,[],[]
1711592100605,1711591900600,80,1,[],[]
1711592100605,1711591901600,81,1,[],[]
1711592100605,1711591902600,81,1,[],[]
1711592100605,1711591903600,82,1,[],[]
1711592100605,1711591904600,82,1,[],[]
1711592100605,1711591905600,83,1,[],[]
1711592100605,1711591906600,83,1,[],[]
1711592100605,1711591907600,83,1,[],[]
1711592100605,1711591908600,84,1,[],[]
1711592100605,1711591909600,84,1,[],[]
1711592100605,1711591910600,84,1,[],[]
1711592100605,1711591911600,84,1,[],[]
1711592100605,1711591912600,84,1,[],[]
1711592100605,1711591913600,85,1,[],[]
1711592100605,1711591914600,85,1,[],[]
1711592100605,1711591915600,86,1,[],[]
1711592100605,1711591916600,86,1,[],[]
1711592100605,1711591917600,87,1,[],[]
1711592100605,1711591918600,88,1,[],[]
1711592100605,1711591919600,88,1,[],[]
1711592100605,1711591920600,88,1,[],[]
1711592100605,1711591921600,88,1,[],[]
1711592100605,1711591922600,88,1,[],[]
1711592100605,1711591923600,88,1,[],[]
1711592100605,1711591924600,89,1,[],[]
1711592100605,1711591925600,89,1,[],[]
1711592100605,1711591926600,90,1,[],[]
1711592100605,1711591927600,91,1,[],[]
1711592100605,1711591928600,91,1,[],[]
1711592100605,1711591929600,90,1,[],[]
1711592100605,1711591930600,90,1,[],[]
1711592100605,1711591931600,90,1,[],[]
1711592100605,1711591932600,89,1,[],[]
1711592100605,1711591933600,88,1,[],[]
1711592100605,1711591934600,87,1,[],[]
1711592100605,1711591935600,86,1,[],[]
1711592100605,1711591936600,85,1,[],[]
1711592100605,1711591937600,84,1,[],[]
1711592100605,1711591938600,70,1,[],[]
1711592100605,1711591939600,71,1,[],[]
1711592100605,1711591940600,71,1,[],[]
1711592100605,1711591941600,72,1,[],[]
1711592100605,1711591942600,72,1,[],[]
1711592100605,1711591943600,73,1,[],[]
1711592100605,1711591944600,73,1,[],[]
1711592100605,1711591945600,74,1,[],[]
1711592100605,1711591946600,74,1,[],[]
1711592100605,1711591947600,75,1,[],[]
1711592100605,1711591948600,75,1,[],[]
1711592100605,1711591949600,76,1,[],[]
1711592100605,1711591950600,77,1,[],[]
1711592100605,1711591951600,77,1,[],[]
1711592100605,1711591952600,77,1,[],[]
1711592100605,1711591953600,76,1,[],[]
1711592100605,1711591954600,76,1,[],[]
1711592100605,1711591955600,77,1,[],[]
1711592100605,1711591956600,77,1,[],[]
1711592100605,1711591957600,77,1,[],[]
1711592100605,1711591958600,78,1,[],[]
1711592100605,1711591959600,78,1,[],[]
1711592100605,1711591960600,78,1,[],[]
1711592100605,1711591961600,78,1,[],[]
1711592100605,1711591962600,78,1,[],[]
1711592100605,1711591963600,77,1,[],[]
1711592100605,1711591964600,78,1,[],[]
1711592100605,1711591965600,78,1,[],[]
1711592100605,1711591966600,79,1,[],[]
1711592100605,1711591967600,79,1,[],[]
1711592100605,1711591968600,79,1,[],[]
1711592100605,1711591969600,80,1,[],[]
1711592100605,1711591970600,80,1,[],[]
1711592100605,1711591971600,80,1,[],[]
1711592100605,1711591972600,80,1,[],[]
1711592100605,1711591973600,80,1,[],[]
1711592100605,1711591974600,80,1,[],[]
1711592100605,1711591975600,80,1,[],[]
1711592100605,1711591976600,80,1,[],[]
1711592100605,1711591977600,80,1,[],[]
1711592100605,1711591978600,80,1,[],[]
1711592100605,1711591979600,80,1,[],[]
1711592100605,1711591980600,80,1,[],[]
1711592100605,1711591981600,79,1,[],[]
1711592100605,1711591982600,79,1,[],[]
1711592100605,1711591983600,79,1,[],[]
1711592100605,1711591984600,79,1,[],[]
1711592100605,1711591985600,79,1,[],[]
1711592100605,1711591986600,79,1,[],[]
1711592100605,1711591987600,79,1,[],[]
1711592100605,1711591988600,79,1,[],[]
1711592100605,1711591989600,79,1,[],[]
1711592100605,1711591990600,79,1,[],[]
1711592100605,1711591991600,78,1,[],[]
1711592100605,1711591992600,79,1,[],[]
1711592100605,1711591993600,79,1,[],[]
1711592100605,1711591994600,80,1,[],[]
1711592100605,1711591995600,81,1,[],[]
1711592100605,1711591996600,82,1,[],[]
1711592100605,1711591997600,82,1,[],[]
1711592100605,1711591998600,82,1,[],[]
1711592100605,1711591999600,82,1,[],[]
1711592100605,1711592000600,82,1,[],[]
1711592100605,1711592001600,82,1,[],[]
1711592100605,1711592002600,83,1,[],[]
1711592100605,1711592003600,83,1,[],[]
1711592100605,1711592004600,84,1,[],[]
1711592100605,1711592005600,84,1,[],[]
1711592100605,1711592006600,85,1,[],[]
1711592100605,1711592007600,85,1,[],[]
1711592100605,1711592008600,86,1,[],[]
1711592100605,1711592009600,86,1,[],[]
1711592100605,1711592010600,86,1,[],[]
1711592100605,1711592011600,86,1,[],[]
1711592100605,1711592012600,86,1,[],[]
1711592100605,1711592013600,86,1,[],[]
1711592100605,1711592014600,85,1,[],[]
1711592100605,1711592015600,85,1,[],[]
1711592100605,1711592016600,85,1,[],[]
1711592100605,1711592017600,85,1,[],[]
1711592100605,1711592018600,85,1,[],[]
1711592100605,1711592019600,85,1,[],[]
1711592100605,1711592020600,86,1,[],[]
1711592100605,1711592021600,86,1,[],[]
1711592100605,1711592022600,86,1,[],[]
1711592100605,1711592023600,86,1,[],[]
1711592100605,1711592024600,85,1,[],[]
1711592100605,1711592025600,85,1,[],[]
1711592100605,1711592026600,85,1,[],[]
1711592100605,1711592027600,85,1,[],[]
1711592100605,1711592028600,85,1,[],[]
1711592100605,1711592029600,85,1,[],[]
1711592100605,1711592030600,85,1,[],[]
1711592100605,1711592031600,86,1,[],[]
1711592100605,1711592032600,86,1,[],[]
1711592100605,1711592033600,85,1,[],[]
1711592100605,1711592034600,85,1,[],[]
1711592100605,1711592035600,85,1,[],[]
1711592100605,1711592036600,85,1,[],[]
1711592100605,1711592037600,84,1,[],[]
1711592100605,1711592038600,84,1,[],[]
1711592100605,1711592039600,84,1,[],[]
1711592100605,1711592040600,84,1,[],[]
1711592100605,1711592041600,85,1,[],[]
1711592100605,1711592042600,85,1,[],[]
1711592100605,1711592043600,85,1,[],[]
1711592100605,1711592044600,85,1,[],[]
1711592100605,1711592045600,85,1,[],[]
1711592100605,1711592046600,85,1,[],[]
1711592100605,1711592047600,85,1,[],[]
1711592100605,1711592048600,85,1,[],[]
1711592100605,1711592049600,84,1,[],[]
1711592100605,1711592050600,84,1,[],[]
1711592100605,1711592051600,84,1,[],[]
1711592100605,1711592052600,84,1,[],[]
1711592100605,1711592053600,84,1,[],[]
1711592100605,1711592054600,84,1,[],[]
1711592100605,1711592055600,85,1,[],[]
1711592100605,1711592056600,85,1,[],[]
1711592100605,1711592057600,85,1,[],[]
1711592100605,1711592058600,87,1,[],[]
1711592100605,1711592059600,89,1,[],[]
1711592100605,1711592060600,90,1,[],[]
1711592100605,1711592061600,91,1,[],[]
1711592100605,1711592062600,90,1,[],[]
1711592100605,1711592063600,0,-10,[],[]
1711592100605,1711592064600,0,-10,[],[]
1711592100605,1711592065600,0,-10,[],[]
1711592100605,1711592066600,0,-10,[],[]
1711592100605,1711592067600,88,1,[],[]
1711592100605,1711592068600,0,-10,[],[]
1711592100605,1711592069600,0,-10,[],[]
1711592100605,1711592070600,91,1,[],[]
1711592100605,1711592071600,91,1,[],[]
1711592100605,1711592072600,91,1,[],[]
1711592100605,1711592073600,91,1,[],[]
1711592100605,1711592074600,90,1,[],[]
1711592100605,1711592075600,89,1,[],[]
1711592100605,1711592076600,89,1,[],[]
1711592100605,1711592077600,89,1,[],[]
1711592100605,1711592078600,91,1,[],[]
1711592100605,1711592079600,91,1,[],[]
1711592100605,1711592080600,90,1,[],[]
1711592100605,1711592081600,90,1,[],[]
1711592100605,1711592082600,0,-10,[],[]
1711592100605,1711592083600,0,-10,[],[]
1711592100605,1711592084600,0,-10,[],[]
1711592100605,1711592085600,91,1,[],[]
1711592100605,1711592086600,0,-10,[],[]
1711592100605,1711592087600,90,1,[],[]
1711592100605,1711592088600,0,-10,[],[]
1711592100605,1711592089600,0,-10,[],[]
1711592100605,1711592090600,0,-10,[],[]
1711592100605,1711592091600,0,-10,[],[]
1711592100605,1711592092600,0,-10,[],[]
1711592100605,1711592093600,0,-10,[],[]
1711592100605,1711592094600,0,-10,[],[]
1711592100605,1711592095600,0,-10,[],[]
1711592100605,1711592096600,0,-10,[],[]
1711592100605,1711592097600,0,-10,[],[]
1711592100605,1711592098600,0,-10,[],[]
1711592100605,1711592099600,0,-10,[],[]
1711592100605,1711592100600,0,-10,[],[]
1711592297100,1711592102201,0,-10,"[664,475,1106,632,811,784,734,981,1145,766,1220,848,260,698,827,1376,786,2261,527,901,1104,1333,838,804,773,734,1466,797,1190,532,260,658,617,852,763,558,1151,725,716,806,576,741,646,660,755,760,703,902,618,1086,1581,1695,743,1052,822,1000,709,1792,435,513,865,913,825,376,642,1316,1388,635,737,2002,732,1186,772,1031,304,784,957,1453,353,1518,714,1093,1137,1104,643,287,801,431,734,454,883,829,483,778,591,598,1606,737,969,1332,753,907,665,368,497,1255,299,680,651,653,697,536,1020,748,779,746,847,716,885,817,551,671,660,1010,529,707,1288,263,1158,931,2054,599,792,657,819,804,817,845,626,501,609,260,568,579,758,645,1009,657,475,325,663,747,704,703,752,740,715,889,565,1024,1063,1346,569,946,737,567,867,731,911,2143,585,1038,674,800,379,1380,794,260,546,740,1096,1098,718,656,624,746,721,624,549,407,698,522,1007,666,765,705,820,684,1400,731,755,674,667,669,653,652,655,675,694,702,717,787,767,755,711,691,662,737,811,752,796,725,586,260,1261,872,643,653,658,696,699,672,712,706,865,552,688,722,712,861,715,986,1008,954]","[-1,-1,-1,-1,-1,-1,-1,-1,-1,-1,-1,-1,-1,-1,-1,-1,-1,-1,-1,-1,-1,-1,-1,-1,-1,-1,-1,-1,-1,-1,-1,-1,-1,-1,-1,-1,-1,-1,0,0,0,0,-1,-1,-1,-1,-1,-1,-1,-1,-1,-1,-1,-1,-1,-1,-1,-1,-1,-1,-1,-1,-1,-1,-1,-1,-1,-1,-1,-1,-1,-1,-1,-1,-1,-1,-1,-1,-1,-1,-1,-1,-1,-1,-1,-1,-1,-1,-1,-1,-1,-1,-1,-1,-1,-1,-1,-1,-1,0,0,0,0,0,-1,-1,-1,-1,0,0,0,0,0,0,0,0,0,0,0,0,-1,-1,-1,-1,-1,-1,-1,-1,-1,-1,-1,-1,-1,-1,-1,-1,-1,-1,-1,-1,-1,-1,-1,-1,-1,-1,-1,-1,-1,-1,-1,-1,-1,0,0,0,0,-1,-1,-1,-1,-1,-1,-1,-1,-1,-1,-1,-1,-1,-1,-1,-1,-1,-1,-1,-1,-1,-1,-1,-1,0,0,0,0,0,0,0,0,0,-1,-1,-1,-1,-1,-1,-1,-1,-1,-1,-1,-1,0,0,0,0,0,0,0,0,0,0,0,0,0,0,0,0,0,0,0,0,0,0,-1,-1,-1,0,0,0,0,0,0,0,0,0,0,0,0,0,0,0,0,0]"
1711592297100,1711592103201,0,-10,[],[]
1711592297100,1711592104201,0,-10,[],[]
1711592297100,1711592105201,0,-10,[],[]
1711592297100,1711592106201,82,1,[],[]
1711592297100,1711592107201,80,1,[],[]
1711592297100,1711592108201,78,1,[],[]
1711592297100,1711592109201,79,1,[],[]
1711592297100,1711592110201,79,1,[],[]
1711592297100,1711592111201,78,1,[],[]
1711592297100,1711592112201,78,1,[],[]
1711592297100,1711592113201,78,1,[],[]
1711592297100,1711592114201,77,1,[],[]
1711592297100,1711592115201,77,1,[],[]
1711592297100,1711592116201,77,1,[],[]
1711592297100,1711592117201,76,1,[],[]
1711592297100,1711592118201,77,1,[],[]
1711592297100,1711592119201,79,1,[],[]
1711592297100,1711592120201,79,1,[],[]
1711592297100,1711592121201,79,1,[],[]
1711592297100,1711592122201,80,1,[],[]
1711592297100,1711592123201,81,1,[],[]
1711592297100,1711592124201,81,1,[],[]
1711592297100,1711592125201,81,1,[],[]
1711592297100,1711592126201,80,1,[],[]
1711592297100,1711592127201,81,1,[],[]
1711592297100,1711592128201,81,1,[],[]
1711592297100,1711592129201,80,1,[],[]
1711592297100,1711592130201,80,1,[],[]
1711592297100,1711592131201,83,1,[],[]
1711592297100,1711592132201,86,1,[],[]
1711592297100,1711592133201,86,1,[],[]
1711592297100,1711592134201,86,1,[],[]
1711592297100,1711592135201,85,1,[],[]
1711592297100,1711592136201,85,1,[],[]
1711592297100,1711592137201,84,1,[],[]
1711592297100,1711592138201,84,1,[],[]
1711592297100,1711592139201,84,1,[],[]
1711592297100,1711592140201,84,1,[],[]
1711592297100,1711592141201,85,1,[],[]
1711592297100,1711592142201,85,1,[],[]
1711592297100,1711592143201,0,-10,[],[]
1711592297100,1711592144201,84,1,[],[]
1711592297100,1711592145201,0,-10,[],[]
1711592297100,1711592146201,0,-10,[],[]
1711592297100,1711592147201,0,-10,[],[]
1711592297100,1711592148201,0,-10,[],[]
1711592297100,1711592149201,0,-10,[],[]
1711592297100,1711592150201,0,-10,[],[]
1711592297100,1711592151201,0,-10,[],[]
1711592297100,1711592152201,0,-10,[],[]
1711592297100,1711592153201,0,-10,[],[]
1711592297100,1711592154201,0,-10,[],[]
1711592297100,1711592155201,0,-10,[],[]
1711592297100,1711592156201,0,-10,[],[]
1711592297100,1711592157201,86,1,[],[]
1711592297100,1711592158201,86,1,[],[]
1711592297100,1711592159201,87,1,[],[]
1711592297100,1711592160201,88,1,[],[]
1711592297100,1711592161201,88,1,[],[]
1711592297100,1711592162201,0,-10,[],[]
1711592297100,1711592163201,0,-10,[],[]
1711592297100,1711592164201,0,-10,[],[]
1711592297100,1711592165201,0,-10,[],[]
1711592297100,1711592166201,0,-10,[],[]
1711592297100,1711592167201,0,-10,[],[]
1711592297100,1711592168201,0,-10,[],[]
1711592297100,1711592169201,0,-10,[],[]
1711592297100,1711592170201,0,-10,[],[]
1711592297100,1711592171201,0,-10,[],[]
1711592297100,1711592172201,0,-10,[],[]
1711592297100,1711592173201,0,-10,[],[]
1711592297100,1711592174201,0,-10,[],[]
1711592297100,1711592175201,0,-10,[],[]
1711592297100,1711592176201,74,1,[],[]
1711592297100,1711592177201,76,1,[],[]
1711592297100,1711592178201,77,1,[],[]
1711592297100,1711592179201,76,1,[],[]
1711592297100,1711592180201,76,1,[],[]
1711592297100,1711592181201,74,1,[],[]
1711592297100,1711592182201,75,1,[],[]
1711592297100,1711592183201,77,1,[],[]
1711592297100,1711592184201,79,1,[],[]
1711592297100,1711592185201,78,1,[],[]
1711592297100,1711592186201,77,1,[],[]
1711592297100,1711592187201,76,1,[],[]
1711592297100,1711592188201,77,1,[],[]
1711592297100,1711592189201,77,1,[],[]
1711592297100,1711592190201,78,1,[],[]
1711592297100,1711592191201,80,1,[],[]
1711592297100,1711592192201,79,1,[],[]
1711592297100,1711592193201,78,1,[],[]
1711592297100,1711592194201,80,1,[],[]
1711592297100,1711592195201,79,1,[],[]
1711592297100,1711592196201,78,1,[],[]
1711592297100,1711592197201,77,1,[],[]
1711592297100,1711592198201,77,1,[],[]
1711592297100,1711592199201,78,1,[],[]
1711592297100,1711592200201,78,1,[],[]
1711592297100,1711592201201,79,1,[],[]
1711592297100,1711592202201,81,1,[],[]
1711592297100,1711592203201,82,1,[],[]
1711592297100,1711592204201,82,1,[],[]
1711592297100,1711592205201,82,1,[],[]
1711592297100,1711592206201,81,1,[],[]
1711592297100,1711592207201,83,1,[],[]
1711592297100,1711592208201,82,1,[],[]
1711592297100,1711592209201,83,1,[],[]
1711592297100,1711592210201,83,1,[],[]
1711592297100,1711592211201,83,1,[],[]
1711592297100,1711592212201,82,1,[],[]
1711592297100,1711592213201,82,1,[],[]
1711592297100,1711592214201,82,1,[],[]
1711592297100,1711592215201,82,1,[],[]
1711592297100,1711592216201,84,1,[],[]
1711592297100,1711592217201,83,1,[],[]
1711592297100,1711592218201,83,1,[],[]
1711592297100,1711592219201,82,1,[],[]
1711592297100,1711592220201,82,1,[],[]
1711592297100,1711592221201,82,1,[],[]
1711592297100,1711592222201,82,1,[],[]
1711592297100,1711592223201,83,1,[],[]
1711592297100,1711592224201,82,1,[],[]
1711592297100,1711592225201,83,1,[],[]
1711592297100,1711592226201,84,1,[],[]
1711592297100,1711592227201,84,1,[],[]
1711592297100,1711592228201,85,1,[],[]
1711592297100,1711592229201,85,1,[],[]
1711592297100,1711592230201,86,1,[],[]
1711592297100,1711592231201,86,1,[],[]
1711592297100,1711592232201,85,1,[],[]
1711592297100,1711592233201,84,1,[],[]
1711592297100,1711592234201,85,1,[],[]
1711592297100,1711592235201,84,1,[],[]
1711592297100,1711592236201,84,1,[],[]
1711592297100,1711592237201,83,1,[],[]
1711592297100,1711592238201,83,1,[],[]
1711592297100,1711592239201,82,1,[],[]
1711592297100,1711592240201,81,1,[],[]
1711592297100,1711592241201,83,1,[],[]
1711592297100,1711592242201,84,1,[],[]
1711592297100,1711592243201,84,1,[],[]
1711592297100,1711592244201,84,1,[],[]
1711592297100,1711592245201,84,1,[],[]
1711592297100,1711592246201,85,1,[],[]
1711592297100,1711592247201,84,1,[],[]
1711592297100,1711592248201,84,1,[],[]
1711592297100,1711592249201,85,1,[],[]
1711592297100,1711592250201,85,1,[],[]
1711592297100,1711592251201,85,1,[],[]
1711592297100,1711592252201,85,1,[],[]
1711592297100,1711592253201,85,1,[],[]
1711592297100,1711592254201,84,1,[],[]
1711592297100,1711592255201,84,1,[],[]
1711592297100,1711592256201,85,1,[],[]
1711592297100,1711592257201,85,1,[],[]
1711592297100,1711592258201,0,-10,[],[]
1711592297100,1711592259201,85,1,[],[]
1711592297100,1711592260201,84,1,[],[]
1711592297100,1711592261201,84,1,[],[]
1711592297100,1711592262201,85,1,[],[]
1711592297100,1711592263201,86,1,[],[]
1711592297100,1711592264201,87,1,[],[]
1711592297100,1711592265201,87,1,[],[]
1711592297100,1711592266201,88,1,[],[]
1711592297100,1711592267201,88,1,[],[]
1711592297100,1711592268201,87,1,[],[]
1711592297100,1711592269201,87,1,[],[]
1711592297100,1711592270201,86,1,[],[]
1711592297100,1711592271201,86,1,[],[]
1711592297100,1711592272201,86,1,[],[]
1711592297100,1711592273201,85,1,[],[]
1711592297100,1711592274201,85,1,[],[]
1711592297100,1711592275201,85,1,[],[]
1711592297100,1711592276201,85,1,[],[]
1711592297100,1711592277201,85,1,[],[]
1711592297100,1711592278201,86,1,[],[]
1711592297100,1711592279201,87,1,[],[]
1711592297100,1711592280201,88,1,[],[]
1711592297100,1711592281201,88,1,[],[]
1711592297100,1711592282201,89,1,[],[]
1711592297100,1711592283201,88,1,[],[]
1711592297100,1711592284201,88,1,[],[]
1711592297100,1711592285201,87,1,[],[]
1711592297100,1711592286201,87,1,[],[]
1711592297100,1711592287201,87,1,[],[]
1711592297100,1711592288201,87,1,[],[]
1711592297100,1711592289201,86,1,[],[]
1711592297100,1711592290201,86,1,[],[]
1711592297100,1711592291201,86,1,[],[]
1711592297100,1711592292201,85,1,[],[]
1711592297100,1711592293201,84,1,[],[]
1711592297100,1711592294201,85,1,[],[]
1711592297100,1711592295201,86,1,[],[]
1711592297100,1711592296201,86,1,[],[]
1711592297100,1711592297201,87,1,[],[]
1711592298098,1711592298204,88,1,[779],[0]
1711592299066,1711592299207,87,1,"[781,807]","[0,0]"
1711592300108,1711592300211,87,1,"[684,346]","[-1,-1]"
1711592301108,1711592301205,86,1,[510],[-1]
1711592438576,1711592302655,85,1,"[643,770,636,728,1036,766,1520,828,585,716,687,544,1222,1096,678,758,1471,465,1990,1380,755,427,1114,777,814,829,762,804,803,764,754,743,809,285,864,747,340,735,755,760,753,762,715,704,713,751,712,724,803,808,880,824,887,918,857,786,780,756,751,710,726,756,804,795,826,909,879,810,816,824,709,753,760,703,755,795,833,826,795,819,835,786,788,773,760,728,719,703,680,673,659,672,694,716,727,769,785,784,790,737,742,757,746,855,899,855,849,854,802,787,794,806,811,782,818,777,820,783,808,834,831,783,797,840,881,796,757,792,790,752,772,783,827,876,813,820,807,813,789,759,758,765,707,726,745,807,852,845,811,835,833,807,748,795,778,790,790,812,833,854,793,801,812,844,816,806,812,838,747,725,775,804]","[-1,-1,-1,-1,-1,-1,-1,-1,-1,-1,-1,-1,0,0,0,0,0,0,-1,-1,-1,0,0,0,0,-1,-1,-1,0,0,0,0,-1,-1,-1,-1,-1,0,0,0,0,0,0,0,0,0,0,0,0,0,0,0,0,0,0,0,0,0,0,0,0,0,0,0,0,0,0,0,-1,-1,-1,-1,0,0,0,0,0,0,0,0,0,0,0,0,0,0,0,0,0,0,0,0,0,0,0,0,0,0,0,0,0,0,0,0,0,0,0,0,0,0,0,0,0,0,0,0,0,0,0,0,0,0,0,0,0,0,0,0,0,0,0,0,0,0,0,0,0,0,0,0,0,0,0,0,0,0,0,0,0,0,0,0,0,0,0,0,0,0,0,0,0,0,0,0,0,0,0,0,0,0,0,0]"
1711592438576,1711592303655,84,1,[],[]
1711592438576,1711592304655,84,1,[],[]
1711592438576,1711592305655,85,1,[],[]
1711592438576,1711592306655,85,1,[],[]
1711592438576,1711592307655,85,1,[],[]
1711592438576,1711592308655,85,1,[],[]
1711592438576,1711592309655,84,1,[],[]
1711592438576,1711592310655,84,1,[],[]
1711592438576,1711592311655,85,1,[],[]
1711592438576,1711592312655,84,1,[],[]
1711592438576,1711592313655,83,1,[],[]
1711592438576,1711592314655,85,1,[],[]
1711592438576,1711592315655,86,1,[],[]
1711592438576,1711592316655,86,1,[],[]
1711592438576,1711592317655,85,1,[],[]
1711592438576,1711592318655,84,1,[],[]
1711592438576,1711592319655,84,1,[],[]
1711592438576,1711592320655,84,1,[],[]
1711592438576,1711592321655,83,1,[],[]
1711592438576,1711592322655,82,1,[],[]
1711592438576,1711592323655,81,1,[],[]
1711592438576,1711592324655,80,1,[],[]
1711592438576,1711592325655,79,1,[],[]
1711592438576,1711592326655,80,1,[],[]
1711592438576,1711592327655,81,1,[],[]
1711592438576,1711592328655,80,1,[],[]
1711592438576,1711592329655,81,1,[],[]
1711592438576,1711592330655,81,1,[],[]
1711592438576,1711592331655,80,1,[],[]
1711592438576,1711592332655,81,1,[],[]
1711592438576,1711592333655,82,1,[],[]
1711592438576,1711592334655,82,1,[],[]
1711592438576,1711592335655,82,1,[],[]
1711592438576,1711592336655,82,1,[],[]
1711592438576,1711592337655,81,1,[],[]
1711592438576,1711592338655,81,1,[],[]
1711592438576,1711592339655,80,1,[],[]
1711592438576,1711592340655,78,1,[],[]
1711592438576,1711592341655,77,1,[],[]
1711592438576,1711592342655,76,1,[],[]
1711592438576,1711592343655,77,1,[],[]
1711592438576,1711592344655,78,1,[],[]
1711592438576,1711592345655,79,1,[],[]
1711592438576,1711592346655,79,1,[],[]
1711592438576,1711592347655,79,1,[],[]
1711592438576,1711592348655,78,1,[],[]
1711592438576,1711592349655,77,1,[],[]
1711592438576,1711592350655,77,1,[],[]
1711592438576,1711592351655,76,1,[],[]
1711592438576,1711592352655,75,1,[],[]
1711592438576,1711592353655,76,1,[],[]
1711592438576,1711592354655,76,1,[],[]
1711592438576,1711592355655,77,1,[],[]
1711592438576,1711592356655,78,1,[],[]
1711592438576,1711592357655,78,1,[],[]
1711592438576,1711592358655,78,1,[],[]
1711592438576,1711592359655,78,1,[],[]
1711592438576,1711592360655,77,1,[],[]
1711592438576,1711592361655,77,1,[],[]
1711592438576,1711592362655,76,1,[],[]
1711592438576,1711592363655,76,1,[],[]
1711592438576,1711592364655,76,1,[],[]
1711592438576,1711592365655,77,1,[],[]
1711592438576,1711592366655,78,1,[],[]
1711592438576,1711592367655,78,1,[],[]
1711592438576,1711592368655,79,1,[],[]
1711592438576,1711592369655,80,1,[],[]
1711592438576,1711592370655,82,1,[],[]
1711592438576,1711592371655,82,1,[],[]
1711592438576,1711592372655,82,1,[],[]
1711592438576,1711592373655,82,1,[],[]
1711592438576,1711592374655,81,1,[],[]
1711592438576,1711592375655,81,1,[],[]
1711592438576,1711592376655,80,1,[],[]
1711592438576,1711592377655,80,1,[],[]
1711592438576,1711592378655,80,1,[],[]
1711592438576,1711592379655,79,1,[],[]
1711592438576,1711592380655,79,1,[],[]
1711592438576,1711592381655,78,1,[],[]
1711592438576,1711592382655,77,1,[],[]
1711592438576,1711592383655,76,1,[],[]
1711592438576,1711592384655,76,1,[],[]
1711592438576,1711592385655,76,1,[],[]
1711592438576,1711592386655,76,1,[],[]
1711592438576,1711592387655,75,1,[],[]
1711592438576,1711592388655,75,1,[],[]
1711592438576,1711592389655,75,1,[],[]
1711592438576,1711592390655,75,1,[],[]
1711592438576,1711592391655,75,1,[],[]
1711592438576,1711592392655,75,1,[],[]
1711592438576,1711592393655,75,1,[],[]
1711592438576,1711592394655,75,1,[],[]
1711592438576,1711592395655,74,1,[],[]
1711592438576,1711592396655,74,1,[],[]
1711592438576,1711592397655,74,1,[],[]
1711592438576,1711592398655,75,1,[],[]
1711592438576,1711592399655,75,1,[],[]
1711592438576,1711592400655,75,1,[],[]
1711592438576,1711592401655,76,1,[],[]
1711592438576,1711592402655,76,1,[],[]
1711592438576,1711592403655,75,1,[],[]
1711592438576,1711592404655,75,1,[],[]
1711592438576,1711592405655,75,1,[],[]
1711592438576,1711592406655,75,1,[],[]
1711592438576,1711592407655,75,1,[],[]
1711592438576,1711592408655,75,1,[],[]
1711592438576,1711592409655,75,1,[],[]
1711592438576,1711592410655,76,1,[],[]
1711592438576,1711592411655,77,1,[],[]
1711592438576,1711592412655,77,1,[],[]
1711592438576,1711592413655,77,1,[],[]
1711592438576,1711592414655,77,1,[],[]
1711592438576,1711592415655,76,1,[],[]
1711592438576,1711592416655,76,1,[],[]
1711592438576,1711592417655,75,1,[],[]
1711592438576,1711592418655,75,1,[],[]
1711592438576,1711592419655,75,1,[],[]
1711592438576,1711592420655,75,1,[],[]
1711592438576,1711592421655,75,1,[],[]
1711592438576,1711592422655,75,1,[],[]
1711592438576,1711592423655,75,1,[],[]
1711592438576,1711592424655,75,1,[],[]
1711592438576,1711592425655,75,1,[],[]
1711592438576,1711592426655,75,1,[],[]
1711592438576,1711592427655,75,1,[],[]
1711592438576,1711592428655,74,1,[],[]
1711592438576,1711592429655,74,1,[],[]
1711592438576,1711592430655,74,1,[],[]
1711592438576,1711592431655,74,1,[],[]
1711592438576,1711592432655,75,1,[],[]
1711592438576,1711592433655,75,1,[],[]
1711592438576,1711592434655,75,1,[],[]
1711592438576,1711592435655,75,1,[],[]
1711592438576,1711592436655,75,1,[],[]
1711592438576,1711592437655,75,1,[],[]
1711592438576,1711592438655,76,1,[],[]
1711592439564,1711592439651,75,1,"[852,364]","[0,0]"
1711592440534,1711592440654,74,1,[544],[0]
1711592441531,1711592441657,74,1,"[726,823]","[-1,-1]"
1711592442556,1711592442660,72,1,[842],[-1]
1711592455573,1711592443709,72,1,"[683,1014,1116,730,1059,925,1055,1258,1624,858,354,582,1077,557]","[-1,-1,-1,-1,-1,-1,-1,-1,-1,-1,-1,-1,-1,-1]"
1711592455573,1711592444709,72,1,[],[]
1711592455573,1711592445709,71,1,[],[]
1711592455573,1711592446709,70,1,[],[]
1711592455573,1711592447709,68,1,[],[]
1711592455573,1711592448709,67,1,[],[]
1711592455573,1711592449709,66,1,[],[]
1711592455573,1711592450709,65,1,[],[]
1711592455573,1711592451709,67,1,[],[]
1711592455573,1711592452709,67,1,[],[]
1711592455573,1711592453709,68,1,[],[]
1711592455573,1711592454709,68,1,[],[]
1711592455573,1711592455709,68,1,[],[]
1711592456611,1711592456713,68,1,"[513,658]","[0,0]"
1711592457601,1711592457711,67,1,[652],[0]
1711592458583,1711592458714,68,1,[928],[0]
1711592459614,1711592459717,66,1,[930],[-1]
1711592460603,1711592460720,68,1,[933],[-1]
1711592461624,1711592461724,69,1,"[843,581]","[-1,-1]"
1711592462601,1711592462727,69,1,[],[]
1711592463600,1711592463730,69,1,[1365],[0]
1711592464641,1711592464733,70,1,[1047],[0]
1711592496702,1711592465831,69,1,"[964,1204,983,839,1001,711,561,769,401,591,677,799,1218,1354,502,1154,697,784,874,586,747,839,812,789,658,1174,874,848,2300,1943,920,1186,728,973,960]","[0,0,0,-1,-1,-1,-1,-1,-1,-1,-1,-1,-1,-1,-1,-1,-1,-1,0,0,0,0,-1,-1,-1,-1,0,0,-1,-1,-1,-1,-1,0,0]"
1711592496702,1711592466831,69,1,[],[]
1711592496702,1711592467831,69,1,[],[]
1711592496702,1711592468831,70,1,[],[]
1711592496702,1711592469831,69,1,[],[]
1711592496702,1711592470831,71,1,[],[]
1711592496702,1711592471831,73,1,[],[]
1711592496702,1711592472831,72,1,[],[]
1711592496702,1711592473831,75,1,[],[]
1711592496702,1711592474831,76,1,[],[]
1711592496702,1711592475831,77,1,[],[]
1711592496702,1711592476831,79,1,[],[]
1711592496702,1711592477831,79,1,[],[]
1711592496702,1711592478831,77,1,[],[]
1711592496702,1711592479831,77,1,[],[]
1711592496702,1711592480831,76,1,[],[]
1711592496702,1711592481831,76,1,[],[]
1711592496702,1711592482831,76,1,[],[]
1711592496702,1711592483831,76,1,[],[]
1711592496702,1711592484831,75,1,[],[]
1711592496702,1711592485831,76,1,[],[]
1711592496702,1711592486831,76,1,[],[]
1711592496702,1711592487831,75,1,[],[]
1711592496702,1711592488831,74,1,[],[]
1711592496702,1711592489831,73,1,[],[]
1711592496702,1711592490831,72,1,[],[]
1711592496702,1711592491831,71,1,[],[]
1711592496702,1711592492831,73,1,[],[]
1711592496702,1711592493831,73,1,[],[]
1711592496702,1711592494831,74,1,[],[]
1711592496702,1711592495831,74,1,[],[]
1711592496702,1711592496831,73,1,[],[]
1711593021070,1711592499564,73,1,"[688,709,1482,756,569,706,333,638,369,731,856,832,863,865,876,881,879,725,882,789,909,790,828,841,872,798,804,819,866,818,819,765,751,731,754,831,752,790,1650,707,735,804,768,705,730,777,825,753,766,775,782,750,769,1558,732,430,1089,818,769,768,759,789,734,820,795,847,774,805,829,783,749,749,725,784,717,744,807,836,837,760,836,741,795,758,742,813,730,794,847,1583,871,758,737,751,803,701,699,737,757,707,813,672,683,764,705,716,684,668,664,671,673,698,713,762,791,813,799,911,857,816,812,852,823,757,723,765,822,761,775,818,1015,1028,809,791,822,794,718,730,706,757,718,745,740,861,801,840,860,1605,802,753,743,758,817,862,825,827,872,773,838,783,775,818,809,814,796,760,785,809,726,764,794,800,760,794,791,741,758,777,781,805,808,736,737,769,760,759,733,746,783,789,802,874,767,821,838,761,747,1500,759,754,813,845,816,816,808,764,781,762,780,749,800,802,779,767,829,811,775,713,773,712,723,710,702,771,766,761,789,771,739,785,778,762,724,732,799,685,770,817,766,759,771,765,789,754,768,770,322,715,463,820,422,760,764,795,2063,547,603,901,542,776,626,619,613,646,582,613,608,609,625,607,663,625,763,821,820,789,765,757,724,712,748,748,556,860,629,762,655,615,670,721,601,721,741,678,651,752,717,712,728,756,514,996,769,785,711,670,718,736,687,812,780,828,715,697,719,702,685,709,547,874,629,688,694,629,675,717,773,785,770,732,815,772,762,798,796,763,786,749,761,726,700,757,868,712,814,1102,1221,1190,900,659,1038,956,713,715,769,817,845,872,840,832,780,829,791,787,881,857,866,848,864,800,764,780,783,776,723,727,692,755,749,762,781,836,853,855,823,832,771,541,1009,1392,564,692,725,655,809,847,809,764,801,373,392,526,808,598,623,613,565,600,597,595,586,768,858,908,922,889,789,802,834,871,841,834,818,714,704,676,669,717,754,759,900,774,845,852,905,759,318,1005,846,657,535,1104,964,579,622,602,601,606,608,600,580,618,607,651,612,666,703,767,949,1010,994,900,793,796,756,775,741,741,739,750,752,721,684,714,732,715,719,715,716,684,622,654,641,639,676,686,682,682,661,659,623,633,616,610,627,624,621,634,641,647,673,653,672,646,652,671,748,840,873,848,852,860,806,746,721,711,684,672,660,680,683,718,740,780,800,836,755,749,677,691,686,722,707,697,689,669,655,651,651,651,654,666,701,684,733,708,736,737,720,719,678,693,684,691,657,686,680,684,625,681,699,710,709,693,701,684,689,673,672,676,694,685,689,675,690,654,691,668,669,670,663,657,642,640,640,653,650,655,645,650,656,635,663,659,672,666,678,691,687,680,678,689,711,701,685,683,649,682,677,669,661,664,687,675,668,653,638,642,635,629,614,612,581,646,642,621,605,555,497,700,573,560,552,538,548,549,528,525,520,517,475,511,514,531,549,584,591,624,617,647,667,686,718,722,679,727,702,772,800,840,839,800,812,779,766,751,721,761,739,714,688,675,724,608,646,604,341,805,453,564,434,634,638,628,624,631,572,594,603,582,609,1244,693,692,733,735,774,781,789,765,723,706,696,699,636]","[0,-1,-1,-1,-1,-1,-1,-1,-1,-1,0,0,0,0,0,0,0,-1,-1,-1,0,0,0,0,0,0,0,0,0,0,0,0,0,0,0,0,0,0,0,0,0,0,0,0,0,0,0,0,0,0,0,0,0,-1,-1,-1,-1,0,0,0,0,0,0,0,0,0,0,0,0,0,0,0,0,0,0,0,0,0,0,0,0,0,0,-1,-1,-1,-1,0,0,0,0,0,0,0,0,0,0,0,0,0,0,0,0,0,0,0,0,0,0,0,0,0,0,0,0,0,0,0,0,0,0,0,0,0,0,0,0,0,0,0,0,0,0,0,0,0,0,0,0,0,0,0,0,0,0,0,0,0,0,0,0,0,0,0,0,0,0,0,0,0,0,0,0,0,0,0,0,0,0,0,0,0,0,0,0,0,0,0,0,0,0,0,0,0,0,0,0,0,0,0,0,0,0,0,0,0,0,0,0,0,0,0,0,-1,-1,-1,-1,0,0,0,0,-1,-1,-1,-1,0,0,0,0,0,0,0,0,-1,-1,-1,-1,0,0,0,0,0,0,0,0,0,0,0,0,0,0,0,0,-1,-1,-1,-1,-1,-1,-1,-1,-1,-1,-1,-1,-1,-1,-1,-1,0,0,0,0,0,0,0,0,0,0,0,0,0,0,0,0,0,0,0,0,0,0,0,0,0,0,0,0,0,0,-1,-1,-1,-1,0,0,0,0,0,0,0,0,0,-1,-1,-1,-1,0,0,0,0,0,0,0,0,0,0,0,0,-1,-1,-1,-1,-1,-1,-1,-1,-1,0,0,0,0,0,0,0,0,0,0,0,0,0,0,0,-1,-1,-1,-1,-1,-1,-1,-1,-1,-1,-1,-1,-1,-1,0,0,0,0,0,0,0,0,0,0,0,0,0,0,0,0,0,0,0,0,0,0,0,0,0,0,0,0,0,0,-1,-1,-1,-1,-1,-1,-1,-1,-1,-1,-1,-1,-1,-1,-1,-1,0,0,0,0,0,0,0,0,0,0,0,0,0,0,0,0,0,0,0,0,0,0,0,0,0,0,0,0,0,0,0,0,-1,-1,-1,-1,-1,-1,-1,-1,-1,-1,-1,-1,0,0,0,0,0,0,0,0,0,0,0,0,0,0,0,0,0,0,0,0,0,0,0,0,0,0,0,0,0,0,0,0,0,0,0,0,0,0,0,0,0,0,0,0,0,0,0,-1,-1,-1,-1,-1,-1,-1,-1,-1,0,0,0,0,0,0,0,0,0,0,0,0,0,0,0,0,0,0,0,0,0,0,0,0,0,0,0,0,0,0,0,0,0,0,0,0,0,0,0,0,0,0,0,0,0,0,0,0,0,0,0,0,0,0,0,0,0,0,0,0,0,0,0,0,0,0,0,0,0,0,0,0,0,0,0,0,0,0,0,0,0,0,0,0,0,0,0,0,0,0,0,0,0,0,0,0,0,0,0,0,0,0,0,0,0,0,0,0,0,0,0,0,0,0,0,0,0,0,0,0,0,0,-1,-1,-1,-1,-1,0,0,0,0,0,0,0,0,0,0,0,-1,-1,-1,-1,-1,-1,0,0,0,0,0,0,0,0,0,0,0,0,0,0,0,0,0,0,0,0,0,0,0,0,0,0,0,0,0,-1,-1,-1,-1,-1,-1,0,0,0,0,0,0,0,0,0,-1,-1,-1,-1,0,0,0,0,0,0,0,0,0,0,0]"
1711593021070,1711592500564,72,1,[],[]
1711593021070,1711592501564,71,1,[],[]
1711593021070,1711592502564,71,1,[],[]
1711593021070,1711592503564,70,1,[],[]
1711593021070,1711592504564,70,1,[],[]
1711593021070,1711592505564,70,1,[],[]
1711593021070,1711592506564,70,1,[],[]
1711593021070,1711592507564,70,1,[],[]
1711593021070,1711592508564,70,1,[],[]
1711593021070,1711592509564,71,1,[],[]
1711593021070,1711592510564,71,1,[],[]
1711593021070,1711592511564,71,1,[],[]
1711593021070,1711592512564,70,1,[],[]
1711593021070,1711592513564,71,1,[],[]
1711593021070,1711592514564,71,1,[],[]
1711593021070,1711592515564,72,1,[],[]
1711593021070,1711592516564,72,1,[],[]
1711593021070,1711592517564,72,1,[],[]
1711593021070,1711592518564,73,1,[],[]
1711593021070,1711592519564,74,1,[],[]
1711593021070,1711592520564,75,1,[],[]
1711593021070,1711592521564,75,1,[],[]
1711593021070,1711592522564,76,1,[],[]
1711593021070,1711592523564,76,1,[],[]
1711593021070,1711592524564,77,1,[],[]
1711593021070,1711592525564,76,1,[],[]
1711593021070,1711592526564,77,1,[],[]
1711593021070,1711592527564,77,1,[],[]
1711593021070,1711592528564,77,1,[],[]
1711593021070,1711592529564,78,1,[],[]
1711593021070,1711592530564,78,1,[],[]
1711593021070,1711592531564,78,1,[],[]
1711593021070,1711592532564,78,1,[],[]
1711593021070,1711592533564,78,1,[],[]
1711593021070,1711592534564,78,1,[],[]
1711593021070,1711592535564,78,1,[],[]
1711593021070,1711592536564,78,1,[],[]
1711593021070,1711592537564,78,1,[],[]
1711593021070,1711592538564,79,1,[],[]
1711593021070,1711592539564,78,1,[],[]
1711593021070,1711592540564,78,1,[],[]
1711593021070,1711592541564,78,1,[],[]
1711593021070,1711592542564,78,1,[],[]
1711593021070,1711592543564,78,1,[],[]
1711593021070,1711592544564,78,1,[],[]
1711593021070,1711592545564,78,1,[],[]
1711593021070,1711592546564,78,1,[],[]
1711593021070,1711592547564,77,1,[],[]
1711593021070,1711592548564,77,1,[],[]
1711593021070,1711592549564,76,1,[],[]
1711593021070,1711592550564,77,1,[],[]
1711593021070,1711592551564,77,1,[],[]
1711593021070,1711592552564,78,1,[],[]
1711593021070,1711592553564,79,1,[],[]
1711593021070,1711592554564,79,1,[],[]
1711593021070,1711592555564,78,1,[],[]
1711593021070,1711592556564,78,1,[],[]
1711593021070,1711592557564,78,1,[],[]
1711593021070,1711592558564,77,1,[],[]
1711593021070,1711592559564,77,1,[],[]
1711593021070,1711592560564,77,1,[],[]
1711593021070,1711592561564,76,1,[],[]
1711593021070,1711592562564,77,1,[],[]
1711593021070,1711592563564,77,1,[],[]
1711593021070,1711592564564,77,1,[],[]
1711593021070,1711592565564,77,1,[],[]
1711593021070,1711592566564,77,1,[],[]
1711593021070,1711592567564,76,1,[],[]
1711593021070,1711592568564,76,1,[],[]
1711593021070,1711592569564,77,1,[],[]
1711593021070,1711592570564,77,1,[],[]
1711593021070,1711592571564,78,1,[],[]
1711593021070,1711592572564,79,1,[],[]
1711593021070,1711592573564,79,1,[],[]
1711593021070,1711592574564,80,1,[],[]
1711593021070,1711592575564,80,1,[],[]
1711593021070,1711592576564,81,1,[],[]
1711593021070,1711592577564,82,1,[],[]
1711593021070,1711592578564,82,1,[],[]
1711593021070,1711592579564,83,1,[],[]
1711593021070,1711592580564,84,1,[],[]
1711593021070,1711592581564,85,1,[],[]
1711593021070,1711592582564,85,1,[],[]
1711593021070,1711592583564,85,1,[],[]
1711593021070,1711592584564,84,1,[],[]
1711593021070,1711592585564,84,1,[],[]
1711593021070,1711592586564,83,1,[],[]
1711593021070,1711592587564,83,1,[],[]
1711593021070,1711592588564,82,1,[],[]
1711593021070,1711592589564,80,1,[],[]
1711593021070,1711592590564,79,1,[],[]
1711593021070,1711592591564,78,1,[],[]
1711593021070,1711592592564,78,1,[],[]
1711593021070,1711592593564,78,1,[],[]
1711593021070,1711592594564,78,1,[],[]
1711593021070,1711592595564,78,1,[],[]
1711593021070,1711592596564,77,1,[],[]
1711593021070,1711592597564,77,1,[],[]
1711593021070,1711592598564,77,1,[],[]
1711593021070,1711592599564,77,1,[],[]
1711593021070,1711592600564,77,1,[],[]
1711593021070,1711592601564,76,1,[],[]
1711593021070,1711592602564,76,1,[],[]
1711593021070,1711592603564,77,1,[],[]
1711593021070,1711592604564,79,1,[],[]
1711593021070,1711592605564,79,1,[],[]
1711593021070,1711592606564,80,1,[],[]
1711593021070,1711592607564,80,1,[],[]
1711593021070,1711592608564,80,1,[],[]
1711593021070,1711592609564,77,1,[],[]
1711593021070,1711592610564,77,1,[],[]
1711593021070,1711592611564,77,1,[],[]
1711593021070,1711592612564,76,1,[],[]
1711593021070,1711592613564,76,1,[],[]
1711593021070,1711592614564,76,1,[],[]
1711593021070,1711592615564,77,1,[],[]
1711593021070,1711592616564,76,1,[],[]
1711593021070,1711592617564,76,1,[],[]
1711593021070,1711592618564,75,1,[],[]
1711593021070,1711592619564,75,1,[],[]
1711593021070,1711592620564,75,1,[],[]
1711593021070,1711592621564,75,1,[],[]
1711593021070,1711592622564,75,1,[],[]
1711593021070,1711592623564,75,1,[],[]
1711593021070,1711592624564,75,1,[],[]
1711593021070,1711592625564,74,1,[],[]
1711593021070,1711592626564,74,1,[],[]
1711593021070,1711592627564,75,1,[],[]
1711593021070,1711592628564,75,1,[],[]
1711593021070,1711592629564,75,1,[],[]
1711593021070,1711592630564,76,1,[],[]
1711593021070,1711592631564,76,1,[],[]
1711593021070,1711592632564,76,1,[],[]
1711593021070,1711592633564,77,1,[],[]
1711593021070,1711592634564,77,1,[],[]
1711593021070,1711592635564,77,1,[],[]
1711593021070,1711592636564,77,1,[],[]
1711593021070,1711592637564,77,1,[],[]
1711593021070,1711592638564,77,1,[],[]
1711593021070,1711592639564,77,1,[],[]
1711593021070,1711592640564,78,1,[],[]
1711593021070,1711592641564,78,1,[],[]
1711593021070,1711592642564,79,1,[],[]
1711593021070,1711592643564,79,1,[],[]
1711593021070,1711592644564,79,1,[],[]
1711593021070,1711592645564,78,1,[],[]
1711593021070,1711592646564,78,1,[],[]
1711593021070,1711592647564,78,1,[],[]
1711593021070,1711592648564,77,1,[],[]
1711593021070,1711592649564,77,1,[],[]
1711593021070,1711592650564,77,1,[],[]
1711593021070,1711592651564,77,1,[],[]
1711593021070,1711592652564,78,1,[],[]
1711593021070,1711592653564,78,1,[],[]
1711593021070,1711592654564,78,1,[],[]
1711593021070,1711592655564,78,1,[],[]
1711593021070,1711592656564,77,1,[],[]
1711593021070,1711592657564,76,1,[],[]
1711593021070,1711592658564,77,1,[],[]
1711593021070,1711592659564,76,1,[],[]
1711593021070,1711592660564,77,1,[],[]
1711593021070,1711592661564,77,1,[],[]
1711593021070,1711592662564,77,1,[],[]
1711593021070,1711592663564,77,1,[],[]
1711593021070,1711592664564,77,1,[],[]
1711593021070,1711592665564,77,1,[],[]
1711593021070,1711592666564,77,1,[],[]
1711593021070,1711592667564,77,1,[],[]
1711593021070,1711592668564,77,1,[],[]
1711593021070,1711592669564,78,1,[],[]
1711593021070,1711592670564,78,1,[],[]
1711593021070,1711592671564,79,1,[],[]
1711593021070,1711592672564,79,1,[],[]
1711593021070,1711592673564,80,1,[],[]
1711593021070,1711592674564,79,1,[],[]
1711593021070,1711592675564,80,1,[],[]
1711593021070,1711592676564,80,1,[],[]
1711593021070,1711592677564,79,1,[],[]
1711593021070,1711592678564,79,1,[],[]
1711593021070,1711592679564,79,1,[],[]
1711593021070,1711592680564,79,1,[],[]
1711593021070,1711592681564,80,1,[],[]
1711593021070,1711592682564,80,1,[],[]
1711593021070,1711592683564,79,1,[],[]
1711593021070,1711592684564,79,1,[],[]
1711593021070,1711592685564,79,1,[],[]
1711593021070,1711592686564,79,1,[],[]
1711593021070,1711592687564,79,1,[],[]
1711593021070,1711592688564,79,1,[],[]
1711593021070,1711592689564,79,1,[],[]
1711593021070,1711592690564,79,1,[],[]
1711593021070,1711592691564,79,1,[],[]
1711593021070,1711592692564,80,1,[],[]
1711593021070,1711592693564,80,1,[],[]
1711593021070,1711592694564,81,1,[],[]
1711593021070,1711592695564,81,1,[],[]
1711593021070,1711592696564,82,1,[],[]
1711593021070,1711592697564,82,1,[],[]
1711593021070,1711592698564,83,1,[],[]
1711593021070,1711592699564,84,1,[],[]
1711593021070,1711592700564,87,1,[],[]
1711593021070,1711592701564,89,1,[],[]
1711593021070,1711592702564,91,1,[],[]
1711593021070,1711592703564,0,-10,[],[]
1711593021070,1711592704564,0,-10,[],[]
1711593021070,1711592705564,0,-10,[],[]
1711593021070,1711592706564,94,1,[],[]
1711593021070,1711592707564,94,1,[],[]
1711593021070,1711592708564,93,1,[],[]
1711593021070,1711592709564,93,1,[],[]
1711593021070,1711592710564,93,1,[],[]
1711593021070,1711592711564,91,1,[],[]
1711593021070,1711592712564,90,1,[],[]
1711593021070,1711592713564,89,1,[],[]
1711593021070,1711592714564,88,1,[],[]
1711593021070,1711592715564,87,1,[],[]
1711593021070,1711592716564,87,1,[],[]
1711593021070,1711592717564,86,1,[],[]
1711593021070,1711592718564,87,1,[],[]
1711593021070,1711592719564,88,1,[],[]
1711593021070,1711592720564,88,1,[],[]
1711593021070,1711592721564,88,1,[],[]
1711593021070,1711592722564,88,1,[],[]
1711593021070,1711592723564,88,1,[],[]
1711593021070,1711592724564,88,1,[],[]
1711593021070,1711592725564,87,1,[],[]
1711593021070,1711592726564,87,1,[],[]
1711593021070,1711592727564,87,1,[],[]
1711593021070,1711592728564,86,1,[],[]
1711593021070,1711592729564,86,1,[],[]
1711593021070,1711592730564,85,1,[],[]
1711593021070,1711592731564,85,1,[],[]
1711593021070,1711592732564,85,1,[],[]
1711593021070,1711592733564,85,1,[],[]
1711593021070,1711592734564,84,1,[],[]
1711593021070,1711592735564,83,1,[],[]
1711593021070,1711592736564,83,1,[],[]
1711593021070,1711592737564,83,1,[],[]
1711593021070,1711592738564,83,1,[],[]
1711593021070,1711592739564,84,1,[],[]
1711593021070,1711592740564,84,1,[],[]
1711593021070,1711592741564,85,1,[],[]
1711593021070,1711592742564,86,1,[],[]
1711593021070,1711592743564,87,1,[],[]
1711593021070,1711592744564,87,1,[],[]
1711593021070,1711592745564,88,1,[],[]
1711593021070,1711592746564,87,1,[],[]
1711593021070,1711592747564,86,1,[],[]
1711593021070,1711592748564,85,1,[],[]
1711593021070,1711592749564,84,1,[],[]
1711593021070,1711592750564,83,1,[],[]
1711593021070,1711592751564,81,1,[],[]
1711593021070,1711592752564,80,1,[],[]
1711593021070,1711592753564,80,1,[],[]
1711593021070,1711592754564,79,1,[],[]
1711593021070,1711592755564,79,1,[],[]
1711593021070,1711592756564,79,1,[],[]
1711593021070,1711592757564,80,1,[],[]
1711593021070,1711592758564,80,1,[],[]
1711593021070,1711592759564,79,1,[],[]
1711593021070,1711592760564,79,1,[],[]
1711593021070,1711592761564,79,1,[],[]
1711593021070,1711592762564,79,1,[],[]
1711593021070,1711592763564,79,1,[],[]
1711593021070,1711592764564,79,1,[],[]
1711593021070,1711592765564,80,1,[],[]
1711593021070,1711592766564,80,1,[],[]
1711593021070,1711592767564,79,1,[],[]
1711593021070,1711592768564,79,1,[],[]
1711593021070,1711592769564,79,1,[],[]
1711593021070,1711592770564,77,1,[],[]
1711593021070,1711592771564,77,1,[],[]
1711593021070,1711592772564,76,1,[],[]
1711593021070,1711592773564,75,1,[],[]
1711593021070,1711592774564,75,1,[],[]
1711593021070,1711592775564,74,1,[],[]
1711593021070,1711592776564,75,1,[],[]
1711593021070,1711592777564,74,1,[],[]
1711593021070,1711592778564,74,1,[],[]
1711593021070,1711592779564,73,1,[],[]
1711593021070,1711592780564,73,1,[],[]
1711593021070,1711592781564,73,1,[],[]
1711593021070,1711592782564,73,1,[],[]
1711593021070,1711592783564,74,1,[],[]
1711593021070,1711592784564,74,1,[],[]
1711593021070,1711592785564,75,1,[],[]
1711593021070,1711592786564,76,1,[],[]
1711593021070,1711592787564,76,1,[],[]
1711593021070,1711592788564,77,1,[],[]
1711593021070,1711592789564,78,1,[],[]
1711593021070,1711592790564,78,1,[],[]
1711593021070,1711592791564,78,1,[],[]
1711593021070,1711592792564,77,1,[],[]
1711593021070,1711592793564,75,1,[],[]
1711593021070,1711592794564,75,1,[],[]
1711593021070,1711592795564,75,1,[],[]
1711593021070,1711592796564,75,1,[],[]
1711593021070,1711592797564,75,1,[],[]
1711593021070,1711592798564,76,1,[],[]
1711593021070,1711592799564,75,1,[],[]
1711593021070,1711592800564,77,1,[],[]
1711593021070,1711592801564,77,1,[],[]
1711593021070,1711592802564,78,1,[],[]
1711593021070,1711592803564,78,1,[],[]
1711593021070,1711592804564,78,1,[],[]
1711593021070,1711592805564,77,1,[],[]
1711593021070,1711592806564,78,1,[],[]
1711593021070,1711592807564,80,1,[],[]
1711593021070,1711592808564,81,1,[],[]
1711593021070,1711592809564,82,1,[],[]
1711593021070,1711592810564,84,1,[],[]
1711593021070,1711592811564,86,1,[],[]
1711593021070,1711592812564,86,1,[],[]
1711593021070,1711592813564,85,1,[],[]
1711593021070,1711592814564,85,1,[],[]
1711593021070,1711592815564,84,1,[],[]
1711593021070,1711592816564,83,1,[],[]
1711593021070,1711592817564,80,1,[],[]
1711593021070,1711592818564,79,1,[],[]
1711593021070,1711592819564,79,1,[],[]
1711593021070,1711592820564,78,1,[],[]
1711593021070,1711592821564,77,1,[],[]
1711593021070,1711592822564,76,1,[],[]
1711593021070,1711592823564,77,1,[],[]
1711593021070,1711592824564,79,1,[],[]
1711593021070,1711592825564,81,1,[],[]
1711593021070,1711592826564,81,1,[],[]
1711593021070,1711592827564,81,1,[],[]
1711593021070,1711592828564,80,1,[],[]
1711593021070,1711592829564,79,1,[],[]
1711593021070,1711592830564,79,1,[],[]
1711593021070,1711592831564,79,1,[],[]
1711593021070,1711592832564,79,1,[],[]
1711593021070,1711592833564,80,1,[],[]
1711593021070,1711592834564,81,1,[],[]
1711593021070,1711592835564,82,1,[],[]
1711593021070,1711592836564,81,1,[],[]
1711593021070,1711592837564,80,1,[],[]
1711593021070,1711592838564,82,1,[],[]
1711593021070,1711592839564,83,1,[],[]
1711593021070,1711592840564,84,1,[],[]
1711593021070,1711592841564,85,1,[],[]
1711593021070,1711592842564,86,1,[],[]
1711593021070,1711592843564,87,1,[],[]
1711593021070,1711592844564,88,1,[],[]
1711593021070,1711592845564,89,1,[],[]
1711593021070,1711592846564,88,1,[],[]
1711593021070,1711592847564,88,1,[],[]
1711593021070,1711592848564,88,1,[],[]
1711593021070,1711592849564,87,1,[],[]
1711593021070,1711592850564,0,-10,[],[]
1711593021070,1711592851564,0,-10,[],[]
1711593021070,1711592852564,84,1,[],[]
1711593021070,1711592853564,82,1,[],[]
1711593021070,1711592854564,81,1,[],[]
1711593021070,1711592855564,81,1,[],[]
1711593021070,1711592856564,81,1,[],[]
1711593021070,1711592857564,81,1,[],[]
1711593021070,1711592858564,81,1,[],[]
1711593021070,1711592859564,82,1,[],[]
1711593021070,1711592860564,82,1,[],[]
1711593021070,1711592861564,82,1,[],[]
1711593021070,1711592862564,83,1,[],[]
1711593021070,1711592863564,83,1,[],[]
1711593021070,1711592864564,84,1,[],[]
1711593021070,1711592865564,85,1,[],[]
1711593021070,1711592866564,86,1,[],[]
1711593021070,1711592867564,87,1,[],[]
1711593021070,1711592868564,87,1,[],[]
1711593021070,1711592869564,88,1,[],[]
1711593021070,1711592870564,88,1,[],[]
1711593021070,1711592871564,88,1,[],[]
1711593021070,1711592872564,89,1,[],[]
1711593021070,1711592873564,90,1,[],[]
1711593021070,1711592874564,91,1,[],[]
1711593021070,1711592875564,92,1,[],[]
1711593021070,1711592876564,92,1,[],[]
1711593021070,1711592877564,92,1,[],[]
1711593021070,1711592878564,92,1,[],[]
1711593021070,1711592879564,92,1,[],[]
1711593021070,1711592880564,92,1,[],[]
1711593021070,1711592881564,91,1,[],[]
1711593021070,1711592882564,91,1,[],[]
1711593021070,1711592883564,91,1,[],[]
1711593021070,1711592884564,90,1,[],[]
1711593021070,1711592885564,89,1,[],[]
1711593021070,1711592886564,88,1,[],[]
1711593021070,1711592887564,87,1,[],[]
1711593021070,1711592888564,85,1,[],[]
1711593021070,1711592889564,84,1,[],[]
1711593021070,1711592890564,83,1,[],[]
1711593021070,1711592891564,84,1,[],[]
1711593021070,1711592892564,85,1,[],[]
1711593021070,1711592893564,86,1,[],[]
1711593021070,1711592894564,85,1,[],[]
1711593021070,1711592895564,83,1,[],[]
1711593021070,1711592896564,83,1,[],[]
1711593021070,1711592897564,82,1,[],[]
1711593021070,1711592898564,82,1,[],[]
1711593021070,1711592899564,83,1,[],[]
1711593021070,1711592900564,84,1,[],[]
1711593021070,1711592901564,84,1,[],[]
1711593021070,1711592902564,84,1,[],[]
1711593021070,1711592903564,85,1,[],[]
1711593021070,1711592904564,86,1,[],[]
1711593021070,1711592905564,87,1,[],[]
1711593021070,1711592906564,88,1,[],[]
1711593021070,1711592907564,88,1,[],[]
1711593021070,1711592908564,88,1,[],[]
1711593021070,1711592909564,88,1,[],[]
1711593021070,1711592910564,87,1,[],[]
1711593021070,1711592911564,87,1,[],[]
1711593021070,1711592912564,86,1,[],[]
1711593021070,1711592913564,86,1,[],[]
1711593021070,1711592914564,86,1,[],[]
1711593021070,1711592915564,86,1,[],[]
1711593021070,1711592916564,86,1,[],[]
1711593021070,1711592917564,87,1,[],[]
1711593021070,1711592918564,87,1,[],[]
1711593021070,1711592919564,88,1,[],[]
1711593021070,1711592920564,88,1,[],[]
1711593021070,1711592921564,88,1,[],[]
1711593021070,1711592922564,88,1,[],[]
1711593021070,1711592923564,87,1,[],[]
1711593021070,1711592924564,87,1,[],[]
1711593021070,1711592925564,87,1,[],[]
1711593021070,1711592926564,88,1,[],[]
1711593021070,1711592927564,88,1,[],[]
1711593021070,1711592928564,88,1,[],[]
1711593021070,1711592929564,88,1,[],[]
1711593021070,1711592930564,88,1,[],[]
1711593021070,1711592931564,88,1,[],[]
1711593021070,1711592932564,88,1,[],[]
1711593021070,1711592933564,88,1,[],[]
1711593021070,1711592934564,89,1,[],[]
1711593021070,1711592935564,89,1,[],[]
1711593021070,1711592936564,90,1,[],[]
1711593021070,1711592937564,90,1,[],[]
1711593021070,1711592938564,91,1,[],[]
1711593021070,1711592939564,91,1,[],[]
1711593021070,1711592940564,92,1,[],[]
1711593021070,1711592941564,92,1,[],[]
1711593021070,1711592942564,92,1,[],[]
1711593021070,1711592943564,92,1,[],[]
1711593021070,1711592944564,91,1,[],[]
1711593021070,1711592945564,91,1,[],[]
1711593021070,1711592946564,90,1,[],[]
1711593021070,1711592947564,90,1,[],[]
1711593021070,1711592948564,90,1,[],[]
1711593021070,1711592949564,89,1,[],[]
1711593021070,1711592950564,89,1,[],[]
1711593021070,1711592951564,89,1,[],[]
1711593021070,1711592952564,88,1,[],[]
1711593021070,1711592953564,89,1,[],[]
1711593021070,1711592954564,89,1,[],[]
1711593021070,1711592955564,89,1,[],[]
1711593021070,1711592956564,89,1,[],[]
1711593021070,1711592957564,89,1,[],[]
1711593021070,1711592958564,90,1,[],[]
1711593021070,1711592959564,90,1,[],[]
1711593021070,1711592960564,91,1,[],[]
1711593021070,1711592961564,92,1,[],[]
1711593021070,1711592962564,92,1,[],[]
1711593021070,1711592963564,93,1,[],[]
1711593021070,1711592964564,94,1,[],[]
1711593021070,1711592965564,94,1,[],[]
1711593021070,1711592966564,95,1,[],[]
1711593021070,1711592967564,96,1,[],[]
1711593021070,1711592968564,0,-10,[],[]
1711593021070,1711592969564,0,-10,[],[]
1711593021070,1711592970564,0,-10,[],[]
1711593021070,1711592971564,0,-10,[],[]
1711593021070,1711592972564,0,-10,[],[]
1711593021070,1711592973564,0,-10,[],[]
1711593021070,1711592974564,0,-10,[],[]
1711593021070,1711592975564,0,-10,[],[]
1711593021070,1711592976564,0,-10,[],[]
1711593021070,1711592977564,101,1,[],[]
1711593021070,1711592978564,100,1,[],[]
1711593021070,1711592979564,0,-10,[],[]
1711593021070,1711592980564,97,1,[],[]
1711593021070,1711592981564,0,-10,[],[]
1711593021070,1711592982564,92,1,[],[]
1711593021070,1711592983564,90,1,[],[]
1711593021070,1711592984564,0,-10,[],[]
1711593021070,1711592985564,87,1,[],[]
1711593021070,1711592986564,84,1,[],[]
1711593021070,1711592987564,82,1,[],[]
1711593021070,1711592988564,81,1,[],[]
1711593021070,1711592989564,80,1,[],[]
1711593021070,1711592990564,80,1,[],[]
1711593021070,1711592991564,80,1,[],[]
1711593021070,1711592992564,81,1,[],[]
1711593021070,1711592993564,81,1,[],[]
1711593021070,1711592994564,81,1,[],[]
1711593021070,1711592995564,81,1,[],[]
1711593021070,1711592996564,82,1,[],[]
1711593021070,1711592997564,82,1,[],[]
1711593021070,1711592998564,81,1,[],[]
1711593021070,1711592999564,82,1,[],[]
1711593021070,1711593000564,83,1,[],[]
1711593021070,1711593001564,85,1,[],[]
1711593021070,1711593002564,86,1,[],[]
1711593021070,1711593003564,87,1,[],[]
1711593021070,1711593004564,88,1,[],[]
1711593021070,1711593005564,0,-10,[],[]
1711593021070,1711593006564,0,-10,[],[]
1711593021070,1711593007564,89,1,[],[]
1711593021070,1711593008564,88,1,[],[]
1711593021070,1711593009564,87,1,[],[]
1711593021070,1711593010564,86,1,[],[]
1711593021070,1711593011564,85,1,[],[]
1711593021070,1711593012564,85,1,[],[]
1711593021070,1711593013564,84,1,[],[]
1711593021070,1711593014564,84,1,[],[]
1711593021070,1711593015564,85,1,[],[]
1711593021070,1711593016564,87,1,[],[]
1711593021070,1711593017564,87,1,[],[]
1711593021070,1711593018564,88,1,[],[]
1711593021070,1711593019564,88,1,[],[]
1711593021070,1711593020564,88,1,[],[]
1711593021444,1711593021568,88,1,"[665,657]","[0,0]"
1711593022445,1711593022572,88,1,[642],[0]
1711593023458,1711593023575,88,1,"[645,679]","[0,0]"
1711593024469,1711593024582,89,1,[703],[0]
1711593025457,1711593025585,90,1,"[693,693]","[0,0]"
1711593026481,1711593026589,91,1,[705],[0]
1711593027463,1711593027593,92,1,"[670,697]","[0,-1]"
1711593028500,1711593028596,91,1,[631],[-1]
1711593029489,1711593029599,90,1,"[627,640]","[-1,-1]"
1711593030526,1711593030611,90,1,[611],[-1]
1711593031484,1711593031615,91,1,"[606,589]","[-1,-1]"
1711593032525,1711593032618,0,-10,[934],[-1]
1711593033508,1711593033621,0,-10,[1069],[-1]
1711593034496,1711593034624,92,1,[],[]
1711593035534,1711593035628,0,-10,[],[]
1711593036494,1711593036633,0,-10,[],[]
1711593037553,1711593037637,0,-10,[2300],[-1]
1711593165943,1711593039054,0,-10,"[1355,1592,1055,999,913,615,706,354,926,388,1079,440,678,767,702,1053,593,711,810,1910,719,669,729,707,843,944,814,805,746,663,700,665,692,794,1685,785,771,801,806,844,871,780,706,753,760,846,805,754,829,852,874,807,827,797,739,737,722,738,788,819,801,783,789,794,807,750,771,726,701,701,693,776,892,1426,749,757,753,743,724,713,716,697,716,725,752,766,780,736,735,748,755,755,684,750,734,720,878,1134,955,696,769,364,730,850,613,1169,505,510,561,618,658,667,706,712,750,760,827,778,661,689,664,697,684,631,697,701,691,693,672,655,643,662,684,712,739,714,722,763,718,787,736,821,783,713,781,1332,1223,646,652,673,631,629,637,578,639,625,606,599,575,567,529,558,555,548,534,551,521,652,711]","[-1,-1,-1,-1,-1,-1,-1,-1,-1,-1,-1,-1,-1,-1,-1,-1,-1,-1,-1,0,0,0,0,0,0,0,0,-1,-1,-1,-1,-1,-1,-1,0,0,0,0,0,0,0,0,0,0,0,0,0,0,0,0,0,0,0,0,0,0,0,0,0,0,0,0,0,0,0,0,0,0,0,0,0,0,-1,-1,-1,0,0,0,0,0,0,0,0,0,0,0,0,0,0,0,0,0,0,0,0,0,-1,-1,-1,-1,-1,-1,-1,-1,-1,-1,-1,-1,0,0,0,0,0,0,0,0,0,0,0,0,0,0,0,0,0,0,0,0,0,0,0,0,0,0,0,0,0,0,0,0,0,0,-1,-1,-1,-1,-1,-1,-1,0,0,0,0,0,0,0,0,0,0,0,0,0,0,0,0,0,0,0,0]"
1711593165943,1711593040054,90,1,[],[]
1711593165943,1711593041054,0,-10,[],[]
1711593165943,1711593042054,0,-10,[],[]
1711593165943,1711593043054,0,-10,[],[]
1711593165943,1711593044054,0,-10,[],[]
1711593165943,1711593045054,0,-10,[],[]
1711593165943,1711593046054,0,-10,[],[]
1711593165943,1711593047054,0,-10,[],[]
1711593165943,1711593048054,0,-10,[],[]
1711593165943,1711593049054,89,1,[],[]
1711593165943,1711593050054,90,1,[],[]
1711593165943,1711593051054,90,1,[],[]
1711593165943,1711593052054,89,1,[],[]
1711593165943,1711593053054,89,1,[],[]
1711593165943,1711593054054,88,1,[],[]
1711593165943,1711593055054,88,1,[],[]
1711593165943,1711593056054,88,1,[],[]
1711593165943,1711593057054,87,1,[],[]
1711593165943,1711593058054,86,1,[],[]
1711593165943,1711593059054,86,1,[],[]
1711593165943,1711593060054,86,1,[],[]
1711593165943,1711593061054,85,1,[],[]
1711593165943,1711593062054,84,1,[],[]
1711593165943,1711593063054,83,1,[],[]
1711593165943,1711593064054,82,1,[],[]
1711593165943,1711593065054,81,1,[],[]
1711593165943,1711593066054,80,1,[],[]
1711593165943,1711593067054,78,1,[],[]
1711593165943,1711593068054,78,1,[],[]
1711593165943,1711593069054,78,1,[],[]
1711593165943,1711593070054,78,1,[],[]
1711593165943,1711593071054,78,1,[],[]
1711593165943,1711593072054,77,1,[],[]
1711593165943,1711593073054,78,1,[],[]
1711593165943,1711593074054,77,1,[],[]
1711593165943,1711593075054,77,1,[],[]
1711593165943,1711593076054,76,1,[],[]
1711593165943,1711593077054,75,1,[],[]
1711593165943,1711593078054,75,1,[],[]
1711593165943,1711593079054,76,1,[],[]
1711593165943,1711593080054,76,1,[],[]
1711593165943,1711593081054,77,1,[],[]
1711593165943,1711593082054,77,1,[],[]
1711593165943,1711593083054,77,1,[],[]
1711593165943,1711593084054,77,1,[],[]
1711593165943,1711593085054,77,1,[],[]
1711593165943,1711593086054,77,1,[],[]
1711593165943,1711593087054,77,1,[],[]
1711593165943,1711593088054,77,1,[],[]
1711593165943,1711593089054,78,1,[],[]
1711593165943,1711593090054,79,1,[],[]
1711593165943,1711593091054,79,1,[],[]
1711593165943,1711593092054,79,1,[],[]
1711593165943,1711593093054,80,1,[],[]
1711593165943,1711593094054,80,1,[],[]
1711593165943,1711593095054,79,1,[],[]
1711593165943,1711593096054,79,1,[],[]
1711593165943,1711593097054,80,1,[],[]
1711593165943,1711593098054,80,1,[],[]
1711593165943,1711593099054,81,1,[],[]
1711593165943,1711593100054,81,1,[],[]
1711593165943,1711593101054,81,1,[],[]
1711593165943,1711593102054,82,1,[],[]
1711593165943,1711593103054,82,1,[],[]
1711593165943,1711593104054,81,1,[],[]
1711593165943,1711593105054,81,1,[],[]
1711593165943,1711593106054,81,1,[],[]
1711593165943,1711593107054,81,1,[],[]
1711593165943,1711593108054,81,1,[],[]
1711593165943,1711593109054,81,1,[],[]
1711593165943,1711593110054,81,1,[],[]
1711593165943,1711593111054,81,1,[],[]
1711593165943,1711593112054,81,1,[],[]
1711593165943,1711593113054,81,1,[],[]
1711593165943,1711593114054,81,1,[],[]
1711593165943,1711593115054,80,1,[],[]
1711593165943,1711593116054,80,1,[],[]
1711593165943,1711593117054,81,1,[],[]
1711593165943,1711593118054,81,1,[],[]
1711593165943,1711593119054,83,1,[],[]
1711593165943,1711593120054,85,1,[],[]
1711593165943,1711593121054,86,1,[],[]
1711593165943,1711593122054,87,1,[],[]
1711593165943,1711593123054,86,1,[],[]
1711593165943,1711593124054,86,1,[],[]
1711593165943,1711593125054,85,1,[],[]
1711593165943,1711593126054,84,1,[],[]
1711593165943,1711593127054,84,1,[],[]
1711593165943,1711593128054,84,1,[],[]
1711593165943,1711593129054,84,1,[],[]
1711593165943,1711593130054,85,1,[],[]
1711593165943,1711593131054,85,1,[],[]
1711593165943,1711593132054,86,1,[],[]
1711593165943,1711593133054,86,1,[],[]
1711593165943,1711593134054,87,1,[],[]
1711593165943,1711593135054,88,1,[],[]
1711593165943,1711593136054,88,1,[],[]
1711593165943,1711593137054,88,1,[],[]
1711593165943,1711593138054,87,1,[],[]
1711593165943,1711593139054,87,1,[],[]
1711593165943,1711593140054,86,1,[],[]
1711593165943,1711593141054,85,1,[],[]
1711593165943,1711593142054,85,1,[],[]
1711593165943,1711593143054,85,1,[],[]
1711593165943,1711593144054,84,1,[],[]
1711593165943,1711593145054,84,1,[],[]
1711593165943,1711593146054,84,1,[],[]
1711593165943,1711593147054,85,1,[],[]
1711593165943,1711593148054,86,1,[],[]
1711593165943,1711593149054,87,1,[],[]
1711593165943,1711593150054,87,1,[],[]
1711593165943,1711593151054,88,1,[],[]
1711593165943,1711593152054,89,1,[],[]
1711593165943,1711593153054,90,1,[],[]
1711593165943,1711593154054,91,1,[],[]
1711593165943,1711593155054,91,1,[],[]
1711593165943,1711593156054,92,1,[],[]
1711593165943,1711593157054,93,1,[],[]
1711593165943,1711593158054,92,1,[],[]
1711593165943,1711593159054,92,1,[],[]
1711593165943,1711593160054,93,1,[],[]
1711593165943,1711593161054,92,1,[],[]
1711593165943,1711593162054,91,1,[],[]
1711593165943,1711593163054,91,1,[],[]
1711593165943,1711593164054,90,1,[],[]
1711593165943,1711593165054,90,1,[],[]
1711593165943,1711593166054,89,1,[],[]
1711593166924,1711593167057,89,1,[850],[0]
1711593171024,1711593167071,89,1,"[742,744,745,679,482,265,719]","[0,0,0,0,0,0,0]"
1711593171024,1711593168071,88,1,[],[]
1711593171024,1711593169071,87,1,[],[]
1711593171024,1711593170071,87,1,[],[]
1711593171941,1711593171074,86,1,[],[]
1711593172948,1711593172077,85,1,"[1323,728]","[-1,-1]"
1711593173957,1711593173081,84,1,[817],[-1]
1711593174950,1711593174085,84,1,[771],[-1]
1711593175960,1711593175088,84,1,[753],[0]
1711593300449,1711593177507,84,1,"[775,723,740,749,697,681,723,682,650,731,701,641,692,692,601,688,600,646,602,635,624,588,595,584,552,580,555,596,575,646,625,658,527,643,598,590,650,618,655,1210,683,636,660,1198,677,622,608,595,633,619,1218,604,625,636,623,664,566,671,378,825,648,582,635,521,644,954,836,580,596,573,615,1177,615,530,610,320,788,553,577,518,585,527,579,538,630,566,524,418,260,567,584,611,596,559,615,625,573,627,587,617,537,651,1205,607,579,615,538,632,569,618,626,357,267,591,526,676,1039,837,615,636,540,624,643,612,621,605,702,664,662,675,584,620,671,577,610,587,638,575,549,656,619,635,584,651,1150,651,325,266,605,560,618,535,623,652,488,651,559,631,576,629,642,549,648,605,625,573,623,602,581,668,599,569,1211,664,348,287,601,592,637,1175,623,608,601,569,608,573,613,1199,671,611,719,701,673,643,686]","[0,0,0,-1,-1,-1,-1,0,0,0,0,0,0,0,0,0,0,0,0,0,0,0,0,0,0,0,-1,-1,-1,-1,-1,0,0,0,0,0,-1,-1,-1,-1,0,0,0,0,-1,-1,-1,-1,-1,-1,-1,-1,-1,-1,-1,-1,-1,-1,-1,-1,-1,-1,-1,-1,-1,-1,-1,-1,-1,-1,-1,-1,-1,-1,-1,-1,-1,-1,-1,-1,-1,0,0,0,0,0,-1,-1,-1,-1,-1,-1,0,0,0,0,0,0,0,0,0,0,-1,-1,-1,-1,0,0,0,0,0,-1,-1,-1,-1,-1,-1,-1,-1,-1,-1,-1,-1,-1,-1,-1,0,0,0,0,-1,-1,-1,-1,-1,-1,-1,-1,-1,-1,0,0,0,0,-1,-1,-1,-1,-1,-1,0,0,0,0,0,-1,-1,-1,-1,-1,-1,-1,-1,-1,-1,-1,-1,-1,-1,-1,-1,-1,-1,-1,0,0,0,0,0,-1,-1,-1,-1,-1,0,0,0,0,0,0,0,0,0,0,0]"
1711593300449,1711593178507,85,1,[],[]
1711593300449,1711593179507,86,1,[],[]
1711593300449,1711593180507,86,1,[],[]
1711593300449,1711593181507,87,1,[],[]
1711593300449,1711593182507,87,1,[],[]
1711593300449,1711593183507,88,1,[],[]
1711593300449,1711593184507,88,1,[],[]
1711593300449,1711593185507,88,1,[],[]
1711593300449,1711593186507,89,1,[],[]
1711593300449,1711593187507,89,1,[],[]
1711593300449,1711593188507,90,1,[],[]
1711593300449,1711593189507,90,1,[],[]
1711593300449,1711593190507,91,1,[],[]
1711593300449,1711593191507,91,1,[],[]
1711593300449,1711593192507,92,1,[],[]
1711593300449,1711593193507,93,1,[],[]
1711593300449,1711593194507,94,1,[],[]
1711593300449,1711593195507,94,1,[],[]
1711593300449,1711593196507,94,1,[],[]
1711593300449,1711593197507,95,1,[],[]
1711593300449,1711593198507,95,1,[],[]
1711593300449,1711593199507,95,1,[],[]
1711593300449,1711593200507,94,1,[],[]
1711593300449,1711593201507,95,1,[],[]
1711593300449,1711593202507,95,1,[],[]
1711593300449,1711593203507,95,1,[],[]
1711593300449,1711593204507,95,1,[],[]
1711593300449,1711593205507,96,1,[],[]
1711593300449,1711593206507,95,1,[],[]
1711593300449,1711593207507,96,1,[],[]
1711593300449,1711593208507,96,1,[],[]
1711593300449,1711593209507,96,1,[],[]
1711593300449,1711593210507,96,1,[],[]
1711593300449,1711593211507,96,1,[],[]
1711593300449,1711593212507,96,1,[],[]
1711593300449,1711593213507,96,1,[],[]
1711593300449,1711593214507,97,1,[],[]
1711593300449,1711593215507,97,1,[],[]
1711593300449,1711593216507,97,1,[],[]
1711593300449,1711593217507,97,1,[],[]
1711593300449,1711593218507,98,1,[],[]
1711593300449,1711593219507,98,1,[],[]
1711593300449,1711593220507,99,1,[],[]
1711593300449,1711593221507,99,1,[],[]
1711593300449,1711593222507,99,1,[],[]
1711593300449,1711593223507,100,1,[],[]
1711593300449,1711593224507,100,1,[],[]
1711593300449,1711593225507,101,1,[],[]
1711593300449,1711593226507,101,1,[],[]
1711593300449,1711593227507,102,1,[],[]
1711593300449,1711593228507,102,1,[],[]
1711593300449,1711593229507,102,1,[],[]
1711593300449,1711593230507,102,1,[],[]
1711593300449,1711593231507,102,1,[],[]
1711593300449,1711593232507,102,1,[],[]
1711593300449,1711593233507,102,1,[],[]
1711593300449,1711593234507,102,1,[],[]
1711593300449,1711593235507,102,1,[],[]
1711593300449,1711593236507,102,1,[],[]
1711593300449,1711593237507,101,1,[],[]
1711593300449,1711593238507,101,1,[],[]
1711593300449,1711593239507,101,1,[],[]
1711593300449,1711593240507,101,1,[],[]
1711593300449,1711593241507,101,1,[],[]
1711593300449,1711593242507,101,1,[],[]
1711593300449,1711593243507,101,1,[],[]
1711593300449,1711593244507,101,1,[],[]
1711593300449,1711593245507,101,1,[],[]
1711593300449,1711593246507,100,1,[],[]
1711593300449,1711593247507,100,1,[],[]
1711593300449,1711593248507,100,1,[],[]
1711593300449,1711593249507,100,1,[],[]
1711593300449,1711593250507,100,1,[],[]
1711593300449,1711593251507,100,1,[],[]
1711593300449,1711593252507,99,1,[],[]
1711593300449,1711593253507,99,1,[],[]
1711593300449,1711593254507,99,1,[],[]
1711593300449,1711593255507,98,1,[],[]
1711593300449,1711593256507,98,1,[],[]
1711593300449,1711593257507,98,1,[],[]
1711593300449,1711593258507,98,1,[],[]
1711593300449,1711593259507,98,1,[],[]
1711593300449,1711593260507,99,1,[],[]
1711593300449,1711593261507,99,1,[],[]
1711593300449,1711593262507,99,1,[],[]
1711593300449,1711593263507,98,1,[],[]
1711593300449,1711593264507,99,1,[],[]
1711593300449,1711593265507,99,1,[],[]
1711593300449,1711593266507,99,1,[],[]
1711593300449,1711593267507,99,1,[],[]
1711593300449,1711593268507,99,1,[],[]
1711593300449,1711593269507,100,1,[],[]
1711593300449,1711593270507,100,1,[],[]
1711593300449,1711593271507,100,1,[],[]
1711593300449,1711593272507,100,1,[],[]
1711593300449,1711593273507,100,1,[],[]
1711593300449,1711593274507,100,1,[],[]
1711593300449,1711593275507,100,1,[],[]
1711593300449,1711593276507,99,1,[],[]
1711593300449,1711593277507,99,1,[],[]
1711593300449,1711593278507,99,1,[],[]
1711593300449,1711593279507,99,1,[],[]
1711593300449,1711593280507,99,1,[],[]
1711593300449,1711593281507,99,1,[],[]
1711593300449,1711593282507,99,1,[],[]
1711593300449,1711593283507,99,1,[],[]
1711593300449,1711593284507,99,1,[],[]
1711593300449,1711593285507,99,1,[],[]
1711593300449,1711593286507,99,1,[],[]
1711593300449,1711593287507,99,1,[],[]
1711593300449,1711593288507,99,1,[],[]
1711593300449,1711593289507,99,1,[],[]
1711593300449,1711593290507,99,1,[],[]
1711593300449,1711593291507,99,1,[],[]
1711593300449,1711593292507,99,1,[],[]
1711593300449,1711593293507,99,1,[],[]
1711593300449,1711593294507,99,1,[],[]
1711593300449,1711593295507,99,1,[],[]
1711593300449,1711593296507,98,1,[],[]
1711593300449,1711593297507,98,1,[],[]
1711593300449,1711593298507,98,1,[],[]
1711593300449,1711593299507,97,1,[],[]
1711593300449,1711593300507,97,1,[],[]
1711593302381,1711593301504,97,1,"[635,657,633]","[0,0,-1]"
1711593302381,1711593302504,98,1,[],[]
1711593303411,1711593303508,98,1,"[631,607]","[-1,-1]"
1711593304403,1711593304512,98,1,"[595,715]","[-1,-1]"
1711593585561,1711593306437,99,1,"[1109,583,946,898,1109,1130,763,609,617,646,605,593,623,623,1228,542,587,580,607,592,593,573,592,600,325,660,1218,1074,632,1295,685,838,895,782,737,735,732,764,920,836,730,680,658,670,649,727,690,683,687,731,715,781,741,699,737,836,822,778,746,760,737,799,733,706,709,712,685,669,684,835,810,788,703,813,752,712,725,662,568,260,713,728,718,768,754,740,732,1485,832,1574,803,799,718,778,719,803,1428,834,702,691,702,705,745,805,873,822,797,795,765,736,1369,692,692,721,740,786,706,765,756,810,686,648,473,718,791,688,706,998,763,858,777,758,753,775,766,710,713,743,780,732,728,782,805,786,741,729,740,728,699,699,705,717,778,803,825,878,767,769,791,768,736,709,730,748,800,754,798,803,843,759,278,793,1287,758,743,748,745,690,671,575,442,1147,638,441,805,666,601,846,635,907,565,592,525,526,543,499,529,589,490,523,1096,1539,690,808,700,685,672,647,758,671,1112,726,676,528,559,652,605,556,551,685,540,317,805,601,1091,621,535,499,597,509,499,569,456,519,460,518,593,480,480,486,330,743,930,593,969,454,451,821,708,879,831,532,951,438,457,430,434,484,387,574,401,493,419,461,431,454,484,406,525,438,503,424,464,410,431,520,306,619,476,446,441,438,431,373,667,889,877,474,458,518,869,437,445,494,362,532,424,485,454,446,508,397,529,926,431,434,785,860,618,429,473,417,459,413,433,400,403,515,344,524,405,521,842,854,423,428,435,395,490,373,515,353,496,260,642,771,437,447,413,420,886,891,812,465,392,484,391,444,359,493,260,600,805,339,468,379,448,333,445,386,458,787,410,442,386,466,818,825,406,442,816,441,422,406,446,814,470,326,855,734,806,809,810,796,797,782,816,831,427,396,814,425,340,824,802,396,387,434,412,810,794,408,400,812,397,410,413,395,391,408,798,799,359,432,326,488,383,455,808,420,412,820,421,394,805,407,409,793,832,389,383]","[-1,-1,-1,-1,-1,-1,-1,-1,-1,-1,0,0,0,0,0,0,0,0,0,0,-1,-1,-1,-1,-1,-1,-1,-1,-1,0,0,0,0,0,0,0,0,0,0,0,0,0,0,0,0,0,0,0,-1,-1,-1,-1,-1,-1,-1,-1,0,0,0,0,-1,-1,-1,-1,0,0,0,0,0,-1,-1,-1,0,0,0,0,-1,-1,-1,-1,-1,0,0,0,0,-1,-1,-1,-1,-1,-1,-1,-1,-1,-1,-1,-1,-1,0,0,0,0,-1,-1,-1,-1,0,0,0,0,0,0,0,0,0,0,0,0,-1,-1,-1,-1,-1,0,0,0,0,-1,-1,-1,0,0,0,0,0,0,0,0,0,0,0,0,0,0,0,0,0,0,0,0,0,0,0,0,0,0,0,0,0,0,0,0,0,0,0,0,0,0,0,0,-1,-1,-1,-1,0,0,0,0,-1,-1,-1,-1,-1,-1,-1,-1,-1,-1,-1,-1,-1,-1,-1,-1,-1,-1,-1,-1,-1,-1,-1,-1,-1,-1,0,0,0,0,0,0,0,0,-1,-1,-1,-1,-1,-1,-1,-1,-1,-1,-1,-1,-1,-1,0,0,0,0,0,0,0,0,0,0,0,0,-1,-1,-1,-1,-1,-1,-1,-1,-1,-1,-1,-1,-1,-1,-1,-1,-1,-1,-1,-1,-1,-1,-1,-1,-1,-1,-1,-1,-1,-1,-1,-1,-1,-1,-1,-1,-1,-1,-1,-1,-1,-1,-1,-1,-1,-1,-1,-1,-1,-1,-1,-1,-1,-1,-1,-1,-1,-1,-1,-1,-1,-1,-1,-1,-1,-1,-1,-1,-1,-1,-1,-1,-1,-1,-1,-1,-1,-1,-1,-1,-1,-1,-1,-1,-1,-1,-1,-1,-1,-1,-1,-1,-1,-1,-1,-1,-1,-1,-1,-1,-1,-1,-1,0,0,0,0,0,-1,-1,-1,-1,-1,-1,-1,-1,-1,-1,-1,-1,-1,-1,-1,-1,-1,-1,-1,-1,-1,-1,-1,-1,-1,-1,-1,-1,-1,-1,-1,-1,-1,-1,0,0,0,0,-1,-1,-1,-1,0,0,0,0,0,0,-1,-1,-1,-1,-1,-1,-1,-1,-1,-1,-1,-1,-1,-1,-1,-1,-1,-1,-1,-1,-1,-1,-1,-1,-1,-1,-1,-1,-1,-1,-1,-1,-1,-1,-1,-1,-1]"
1711593585561,1711593307437,99,1,[],[]
1711593585561,1711593308437,98,1,[],[]
1711593585561,1711593309437,98,1,[],[]
1711593585561,1711593310437,97,1,[],[]
1711593585561,1711593311437,97,1,[],[]
1711593585561,1711593312437,98,1,[],[]
1711593585561,1711593313437,99,1,[],[]
1711593585561,1711593314437,100,1,[],[]
1711593585561,1711593315437,100,1,[],[]
1711593585561,1711593316437,101,1,[],[]
1711593585561,1711593317437,0,0,[],[]
1711593585561,1711593318437,99,1,[],[]
1711593585561,1711593319437,100,1,[],[]
1711593585561,1711593320437,100,1,[],[]
1711593585561,1711593321437,99,1,[],[]
1711593585561,1711593322437,99,1,[],[]
1711593585561,1711593323437,98,1,[],[]
1711593585561,1711593324437,97,1,[],[]
1711593585561,1711593325437,96,1,[],[]
1711593585561,1711593326437,95,1,[],[]
1711593585561,1711593327437,94,1,[],[]
1711593585561,1711593328437,93,1,[],[]
1711593585561,1711593329437,93,1,[],[]
1711593585561,1711593330437,92,1,[],[]
1711593585561,1711593331437,91,1,[],[]
1711593585561,1711593332437,90,1,[],[]
1711593585561,1711593333437,89,1,[],[]
1711593585561,1711593334437,88,1,[],[]
1711593585561,1711593335437,88,1,[],[]
1711593585561,1711593336437,88,1,[],[]
1711593585561,1711593337437,88,1,[],[]
1711593585561,1711593338437,87,1,[],[]
1711593585561,1711593339437,87,1,[],[]
1711593585561,1711593340437,86,1,[],[]
1711593585561,1711593341437,86,1,[],[]
1711593585561,1711593342437,85,1,[],[]
1711593585561,1711593343437,84,1,[],[]
1711593585561,1711593344437,83,1,[],[]
1711593585561,1711593345437,82,1,[],[]
1711593585561,1711593346437,81,1,[],[]
1711593585561,1711593347437,80,1,[],[]
1711593585561,1711593348437,80,1,[],[]
1711593585561,1711593349437,80,1,[],[]
1711593585561,1711593350437,80,1,[],[]
1711593585561,1711593351437,81,1,[],[]
1711593585561,1711593352437,81,1,[],[]
1711593585561,1711593353437,82,1,[],[]
1711593585561,1711593354437,82,1,[],[]
1711593585561,1711593355437,82,1,[],[]
1711593585561,1711593356437,81,1,[],[]
1711593585561,1711593357437,80,1,[],[]
1711593585561,1711593358437,80,1,[],[]
1711593585561,1711593359437,80,1,[],[]
1711593585561,1711593360437,81,1,[],[]
1711593585561,1711593361437,81,1,[],[]
1711593585561,1711593362437,81,1,[],[]
1711593585561,1711593363437,81,1,[],[]
1711593585561,1711593364437,81,1,[],[]
1711593585561,1711593365437,81,1,[],[]
1711593585561,1711593366437,81,1,[],[]
1711593585561,1711593367437,81,1,[],[]
1711593585561,1711593368437,81,1,[],[]
1711593585561,1711593369437,80,1,[],[]
1711593585561,1711593370437,79,1,[],[]
1711593585561,1711593371437,79,1,[],[]
1711593585561,1711593372437,78,1,[],[]
1711593585561,1711593373437,78,1,[],[]
1711593585561,1711593374437,78,1,[],[]
1711593585561,1711593375437,78,1,[],[]
1711593585561,1711593376437,79,1,[],[]
1711593585561,1711593377437,79,1,[],[]
1711593585561,1711593378437,80,1,[],[]
1711593585561,1711593379437,80,1,[],[]
1711593585561,1711593380437,81,1,[],[]
1711593585561,1711593381437,81,1,[],[]
1711593585561,1711593382437,81,1,[],[]
1711593585561,1711593383437,80,1,[],[]
1711593585561,1711593384437,79,1,[],[]
1711593585561,1711593385437,79,1,[],[]
1711593585561,1711593386437,79,1,[],[]
1711593585561,1711593387437,79,1,[],[]
1711593585561,1711593388437,80,1,[],[]
1711593585561,1711593389437,81,1,[],[]
1711593585561,1711593390437,81,1,[],[]
1711593585561,1711593391437,81,1,[],[]
1711593585561,1711593392437,0,0,[],[]
1711593585561,1711593393437,81,1,[],[]
1711593585561,1711593394437,82,1,[],[]
1711593585561,1711593395437,82,1,[],[]
1711593585561,1711593396437,82,1,[],[]
1711593585561,1711593397437,83,1,[],[]
1711593585561,1711593398437,83,1,[],[]
1711593585561,1711593399437,81,1,[],[]
1711593585561,1711593400437,81,1,[],[]
1711593585561,1711593401437,80,1,[],[]
1711593585561,1711593402437,80,1,[],[]
1711593585561,1711593403437,80,1,[],[]
1711593585561,1711593404437,79,1,[],[]
1711593585561,1711593405437,79,1,[],[]
1711593585561,1711593406437,80,1,[],[]
1711593585561,1711593407437,80,1,[],[]
1711593585561,1711593408437,80,1,[],[]
1711593585561,1711593409437,80,1,[],[]
1711593585561,1711593410437,80,1,[],[]
1711593585561,1711593411437,80,1,[],[]
1711593585561,1711593412437,79,1,[],[]
1711593585561,1711593413437,80,1,[],[]
1711593585561,1711593414437,80,1,[],[]
1711593585561,1711593415437,81,1,[],[]
1711593585561,1711593416437,81,1,[],[]
1711593585561,1711593417437,82,1,[],[]
1711593585561,1711593418437,82,1,[],[]
1711593585561,1711593419437,81,1,[],[]
1711593585561,1711593420437,80,1,[],[]
1711593585561,1711593421437,80,1,[],[]
1711593585561,1711593422437,79,1,[],[]
1711593585561,1711593423437,78,1,[],[]
1711593585561,1711593424437,79,1,[],[]
1711593585561,1711593425437,79,1,[],[]
1711593585561,1711593426437,80,1,[],[]
1711593585561,1711593427437,80,1,[],[]
1711593585561,1711593428437,79,1,[],[]
1711593585561,1711593429437,79,1,[],[]
1711593585561,1711593430437,79,1,[],[]
1711593585561,1711593431437,78,1,[],[]
1711593585561,1711593432437,78,1,[],[]
1711593585561,1711593433437,78,1,[],[]
1711593585561,1711593434437,78,1,[],[]
1711593585561,1711593435437,79,1,[],[]
1711593585561,1711593436437,79,1,[],[]
1711593585561,1711593437437,80,1,[],[]
1711593585561,1711593438437,81,1,[],[]
1711593585561,1711593439437,81,1,[],[]
1711593585561,1711593440437,81,1,[],[]
1711593585561,1711593441437,83,1,[],[]
1711593585561,1711593442437,84,1,[],[]
1711593585561,1711593443437,85,1,[],[]
1711593585561,1711593444437,85,1,[],[]
1711593585561,1711593445437,84,1,[],[]
1711593585561,1711593446437,85,1,[],[]
1711593585561,1711593447437,86,1,[],[]
1711593585561,1711593448437,85,1,[],[]
1711593585561,1711593449437,84,1,[],[]
1711593585561,1711593450437,84,1,[],[]
1711593585561,1711593451437,85,1,[],[]
1711593585561,1711593452437,84,1,[],[]
1711593585561,1711593453437,84,1,[],[]
1711593585561,1711593454437,84,1,[],[]
1711593585561,1711593455437,84,1,[],[]
1711593585561,1711593456437,85,1,[],[]
1711593585561,1711593457437,85,1,[],[]
1711593585561,1711593458437,86,1,[],[]
1711593585561,1711593459437,87,1,[],[]
1711593585561,1711593460437,88,1,[],[]
1711593585561,1711593461437,90,1,[],[]
1711593585561,1711593462437,91,1,[],[]
1711593585561,1711593463437,94,1,[],[]
1711593585561,1711593464437,95,1,[],[]
1711593585561,1711593465437,98,1,[],[]
1711593585561,1711593466437,99,1,[],[]
1711593585561,1711593467437,101,1,[],[]
1711593585561,1711593468437,102,1,[],[]
1711593585561,1711593469437,104,1,[],[]
1711593585561,1711593470437,104,1,[],[]
1711593585561,1711593471437,106,1,[],[]
1711593585561,1711593472437,107,1,[],[]
1711593585561,1711593473437,109,1,[],[]
1711593585561,1711593474437,111,1,[],[]
1711593585561,1711593475437,112,1,[],[]
1711593585561,1711593476437,114,1,[],[]
1711593585561,1711593477437,0,-10,[],[]
1711593585561,1711593478437,0,-10,[],[]
1711593585561,1711593479437,0,-10,[],[]
1711593585561,1711593480437,0,-10,[],[]
1711593585561,1711593481437,119,1,[],[]
1711593585561,1711593482437,120,1,[],[]
1711593585561,1711593483437,0,-10,[],[]
1711593585561,1711593484437,0,-10,[],[]
1711593585561,1711593485437,0,-10,[],[]
1711593585561,1711593486437,0,-10,[],[]
1711593585561,1711593487437,0,-10,[],[]
1711593585561,1711593488437,0,-10,[],[]
1711593585561,1711593489437,0,-10,[],[]
1711593585561,1711593490437,0,-10,[],[]
1711593585561,1711593491437,0,-10,[],[]
1711593585561,1711593492437,0,-10,[],[]
1711593585561,1711593493437,0,-10,[],[]
1711593585561,1711593494437,0,-10,[],[]
1711593585561,1711593495437,0,-10,[],[]
1711593585561,1711593496437,0,-10,[],[]
1711593585561,1711593497437,0,-10,[],[]
1711593585561,1711593498437,0,-10,[],[]
1711593585561,1711593499437,131,1,[],[]
1711593585561,1711593500437,131,1,[],[]
1711593585561,1711593501437,131,1,[],[]
1711593585561,1711593502437,131,1,[],[]
1711593585561,1711593503437,130,1,[],[]
1711593585561,1711593504437,130,1,[],[]
1711593585561,1711593505437,130,1,[],[]
1711593585561,1711593506437,131,1,[],[]
1711593585561,1711593507437,131,1,[],[]
1711593585561,1711593508437,131,1,[],[]
1711593585561,1711593509437,0,-10,[],[]
1711593585561,1711593510437,0,-10,[],[]
1711593585561,1711593511437,0,-10,[],[]
1711593585561,1711593512437,0,-10,[],[]
1711593585561,1711593513437,0,-10,[],[]
1711593585561,1711593514437,0,-10,[],[]
1711593585561,1711593515437,0,-10,[],[]
1711593585561,1711593516437,0,-10,[],[]
1711593585561,1711593517437,0,-10,[],[]
1711593585561,1711593518437,0,-10,[],[]
1711593585561,1711593519437,0,-10,[],[]
1711593585561,1711593520437,0,-10,[],[]
1711593585561,1711593521437,0,-10,[],[]
1711593585561,1711593522437,0,-10,[],[]
1711593585561,1711593523437,0,-10,[],[]
1711593585561,1711593524437,0,-10,[],[]
1711593585561,1711593525437,0,-10,[],[]
1711593585561,1711593526437,0,-10,[],[]
1711593585561,1711593527437,0,-10,[],[]
1711593585561,1711593528437,0,-10,[],[]
1711593585561,1711593529437,0,-10,[],[]
1711593585561,1711593530437,0,-10,[],[]
1711593585561,1711593531437,0,-10,[],[]
1711593585561,1711593532437,0,-10,[],[]
1711593585561,1711593533437,0,-10,[],[]
1711593585561,1711593534437,0,-10,[],[]
1711593585561,1711593535437,0,-10,[],[]
1711593585561,1711593536437,0,-10,[],[]
1711593585561,1711593537437,0,-10,[],[]
1711593585561,1711593538437,0,-10,[],[]
1711593585561,1711593539437,0,-10,[],[]
1711593585561,1711593540437,0,-10,[],[]
1711593585561,1711593541437,0,-10,[],[]
1711593585561,1711593542437,0,-10,[],[]
1711593585561,1711593543437,0,-10,[],[]
1711593585561,1711593544437,0,-10,[],[]
1711593585561,1711593545437,0,-10,[],[]
1711593585561,1711593546437,0,-10,[],[]
1711593585561,1711593547437,0,-10,[],[]
1711593585561,1711593548437,0,-10,[],[]
1711593585561,1711593549437,0,-10,[],[]
1711593585561,1711593550437,0,-10,[],[]
1711593585561,1711593551437,0,-10,[],[]
1711593585561,1711593552437,0,-10,[],[]
1711593585561,1711593553437,0,-10,[],[]
1711593585561,1711593554437,0,-10,[],[]
1711593585561,1711593555437,0,-10,[],[]
1711593585561,1711593556437,0,-10,[],[]
1711593585561,1711593557437,0,-10,[],[]
1711593585561,1711593558437,0,-10,[],[]
1711593585561,1711593559437,0,-10,[],[]
1711593585561,1711593560437,0,-10,[],[]
1711593585561,1711593561437,0,-10,[],[]
1711593585561,1711593562437,0,-10,[],[]
1711593585561,1711593563437,0,-10,[],[]
1711593585561,1711593564437,0,-10,[],[]
1711593585561,1711593565437,0,-10,[],[]
1711593585561,1711593566437,0,-10,[],[]
1711593585561,1711593567437,0,-10,[],[]
1711593585561,1711593568437,0,-10,[],[]
1711593585561,1711593569437,0,-10,[],[]
1711593585561,1711593570437,0,-10,[],[]
1711593585561,1711593571437,0,-10,[],[]
1711593585561,1711593572437,0,-10,[],[]
1711593585561,1711593573437,0,-10,[],[]
1711593585561,1711593574437,0,-10,[],[]
1711593585561,1711593575437,0,-10,[],[]
1711593585561,1711593576437,0,-10,[],[]
1711593585561,1711593577437,0,-10,[],[]
1711593585561,1711593578437,0,-10,[],[]
1711593585561,1711593579437,0,-10,[],[]
1711593585561,1711593580437,0,-10,[],[]
1711593585561,1711593581437,0,-10,[],[]
1711593585561,1711593582437,0,-10,[],[]
1711593585561,1711593583437,0,-10,[],[]
1711593585561,1711593584437,0,-10,[],[]
1711593585561,1711593585437,0,-10,[],[]
1711593732080,1711593586100,0,-10,"[828,751,821,768,850,802,260,843,577,359,323,476,388,409,343,442,429,390,798,783,393,346,406,366,428,408,395,412,406,401,429,804,870,1154,576,576,820,482,865,352,468,422,894,454,495,440,459,1063,693,1011,527,522,526,530,490,508,509,499,559,523,897,1315,1018,425,553,260,430,524,462,471,461,473,499,496,511,519,526,520,488,499,495,542,579,607,554,555,576,571,552,500,550,548,554,606,395,737,528,603,874,929,618,564,552,543,677,833,725,683,687,712,688,635,588,644,665,693,678,639,641,661,680,611,566,614,632,618,594,588,588,611,674,656,614,657,720,664,571,593,668,628,670,626,646,679,739,709,637,739,823,753,712,773,788,683,734,972,898,791,797,798,779,750,706,706,726,701,732,1259,1030,827,1534,363,734,788,841,1206,1153,1032,837,677,674,689,722,692,875,1151,1128,1123,888,743,723,826,861,742,840,1259,1114,873,842,870,745,749,810,1257,1094,1156,1044,761,710,754,1139,1101,1105,783]","[-1,-1,-1,-1,-1,-1,-1,-1,-1,-1,-1,-1,-1,-1,-1,-1,-1,-1,-1,-1,-1,-1,-1,-1,-1,-1,-1,-1,-1,-1,-1,-1,-1,-1,-1,-1,-1,-1,-1,-1,-1,-1,-1,-1,-1,-1,-1,-1,-1,-1,0,0,0,0,0,0,0,0,0,0,0,-1,-1,-1,-1,0,0,0,0,0,0,0,0,0,0,0,0,0,0,0,0,0,0,0,0,0,0,0,0,0,0,0,0,0,0,0,0,0,0,0,0,0,0,0,0,0,0,0,0,0,0,0,0,0,0,0,0,0,0,0,0,0,0,0,0,0,0,0,0,0,0,-1,-1,-1,-1,-1,0,0,0,0,0,0,0,0,0,0,0,0,0,0,0,0,0,0,0,0,0,0,0,0,-1,-1,-1,-1,-1,0,0,0,-1,-1,-1,-1,0,0,0,0,0,0,0,0,0,0,0,0,0,0,0,0,0,0,0,0,0,0,0,0,0,0,0,0,0,0,0,0,0,0,0,0,0,0,0,0,0,0]"
1711593732080,1711593587100,0,-10,[],[]
1711593732080,1711593588100,0,-10,[],[]
1711593732080,1711593589100,0,-10,[],[]
1711593732080,1711593590100,0,-10,[],[]
1711593732080,1711593591100,0,-10,[],[]
1711593732080,1711593592100,0,-10,[],[]
1711593732080,1711593593100,0,-10,[],[]
1711593732080,1711593594100,0,-10,[],[]
1711593732080,1711593595100,150,1,[],[]
1711593732080,1711593596100,149,1,[],[]
1711593732080,1711593597100,148,1,[],[]
1711593732080,1711593598100,148,1,[],[]
1711593732080,1711593599100,0,-10,[],[]
1711593732080,1711593600100,0,-10,[],[]
1711593732080,1711593601100,0,-10,[],[]
1711593732080,1711593602100,0,-10,[],[]
1711593732080,1711593603100,0,-10,[],[]
1711593732080,1711593604100,0,-10,[],[]
1711593732080,1711593605100,0,0,[],[]
1711593732080,1711593606100,146,1,[],[]
1711593732080,1711593607100,145,1,[],[]
1711593732080,1711593608100,144,1,[],[]
1711593732080,1711593609100,142,1,[],[]
1711593732080,1711593610100,140,1,[],[]
1711593732080,1711593611100,138,1,[],[]
1711593732080,1711593612100,136,1,[],[]
1711593732080,1711593613100,134,1,[],[]
1711593732080,1711593614100,132,1,[],[]
1711593732080,1711593615100,130,1,[],[]
1711593732080,1711593616100,128,1,[],[]
1711593732080,1711593617100,126,1,[],[]
1711593732080,1711593618100,124,1,[],[]
1711593732080,1711593619100,123,1,[],[]
1711593732080,1711593620100,122,1,[],[]
1711593732080,1711593621100,121,1,[],[]
1711593732080,1711593622100,121,1,[],[]
1711593732080,1711593623100,122,1,[],[]
1711593732080,1711593624100,121,1,[],[]
1711593732080,1711593625100,121,1,[],[]
1711593732080,1711593626100,120,1,[],[]
1711593732080,1711593627100,120,1,[],[]
1711593732080,1711593628100,119,1,[],[]
1711593732080,1711593629100,118,1,[],[]
1711593732080,1711593630100,117,1,[],[]
1711593732080,1711593631100,116,1,[],[]
1711593732080,1711593632100,116,1,[],[]
1711593732080,1711593633100,112,1,[],[]
1711593732080,1711593634100,110,1,[],[]
1711593732080,1711593635100,109,1,[],[]
1711593732080,1711593636100,108,1,[],[]
1711593732080,1711593637100,107,1,[],[]
1711593732080,1711593638100,105,1,[],[]
1711593732080,1711593639100,104,1,[],[]
1711593732080,1711593640100,104,1,[],[]
1711593732080,1711593641100,103,1,[],[]
1711593732080,1711593642100,102,1,[],[]
1711593732080,1711593643100,101,1,[],[]
1711593732080,1711593644100,100,1,[],[]
1711593732080,1711593645100,98,1,[],[]
1711593732080,1711593646100,96,1,[],[]
1711593732080,1711593647100,95,1,[],[]
1711593732080,1711593648100,94,1,[],[]
1711593732080,1711593649100,93,1,[],[]
1711593732080,1711593650100,93,1,[],[]
1711593732080,1711593651100,92,1,[],[]
1711593732080,1711593652100,92,1,[],[]
1711593732080,1711593653100,92,1,[],[]
1711593732080,1711593654100,93,1,[],[]
1711593732080,1711593655100,94,1,[],[]
1711593732080,1711593656100,95,1,[],[]
1711593732080,1711593657100,96,1,[],[]
1711593732080,1711593658100,97,1,[],[]
1711593732080,1711593659100,97,1,[],[]
1711593732080,1711593660100,96,1,[],[]
1711593732080,1711593661100,95,1,[],[]
1711593732080,1711593662100,95,1,[],[]
1711593732080,1711593663100,95,1,[],[]
1711593732080,1711593664100,94,1,[],[]
1711593732080,1711593665100,94,1,[],[]
1711593732080,1711593666100,94,1,[],[]
1711593732080,1711593667100,93,1,[],[]
1711593732080,1711593668100,93,1,[],[]
1711593732080,1711593669100,92,1,[],[]
1711593732080,1711593670100,92,1,[],[]
1711593732080,1711593671100,91,1,[],[]
1711593732080,1711593672100,90,1,[],[]
1711593732080,1711593673100,89,1,[],[]
1711593732080,1711593674100,87,1,[],[]
1711593732080,1711593675100,86,1,[],[]
1711593732080,1711593676100,85,1,[],[]
1711593732080,1711593677100,84,1,[],[]
1711593732080,1711593678100,83,1,[],[]
1711593732080,1711593679100,81,1,[],[]
1711593732080,1711593680100,80,1,[],[]
1711593732080,1711593681100,80,1,[],[]
1711593732080,1711593682100,81,1,[],[]
1711593732080,1711593683100,81,1,[],[]
1711593732080,1711593684100,82,1,[],[]
1711593732080,1711593685100,82,1,[],[]
1711593732080,1711593686100,0,0,[],[]
1711593732080,1711593687100,79,1,[],[]
1711593732080,1711593688100,79,1,[],[]
1711593732080,1711593689100,78,1,[],[]
1711593732080,1711593690100,77,1,[],[]
1711593732080,1711593691100,75,1,[],[]
1711593732080,1711593692100,75,1,[],[]
1711593732080,1711593693100,75,1,[],[]
1711593732080,1711593694100,75,1,[],[]
1711593732080,1711593695100,74,1,[],[]
1711593732080,1711593696100,76,1,[],[]
1711593732080,1711593697100,77,1,[],[]
1711593732080,1711593698100,79,1,[],[]
1711593732080,1711593699100,79,1,[],[]
1711593732080,1711593700100,79,1,[],[]
1711593732080,1711593701100,78,1,[],[]
1711593732080,1711593702100,78,1,[],[]
1711593732080,1711593703100,76,1,[],[]
1711593732080,1711593704100,76,1,[],[]
1711593732080,1711593705100,77,1,[],[]
1711593732080,1711593706100,77,1,[],[]
1711593732080,1711593707100,76,1,[],[]
1711593732080,1711593708100,76,1,[],[]
1711593732080,1711593709100,76,1,[],[]
1711593732080,1711593710100,76,1,[],[]
1711593732080,1711593711100,76,1,[],[]
1711593732080,1711593712100,76,1,[],[]
1711593732080,1711593713100,76,1,[],[]
1711593732080,1711593714100,76,1,[],[]
1711593732080,1711593715100,76,1,[],[]
1711593732080,1711593716100,76,1,[],[]
1711593732080,1711593717100,76,1,[],[]
1711593732080,1711593718100,76,1,[],[]
1711593732080,1711593719100,76,1,[],[]
1711593732080,1711593720100,76,1,[],[]
1711593732080,1711593721100,76,1,[],[]
1711593732080,1711593722100,76,1,[],[]
1711593732080,1711593723100,76,1,[],[]
1711593732080,1711593724100,76,1,[],[]
1711593732080,1711593725100,76,1,[],[]
1711593732080,1711593726100,76,1,[],[]
1711593732080,1711593727100,76,1,[],[]
1711593732080,1711593728100,57,1,[],[]
1711593732080,1711593729100,57,1,[],[]
1711593732080,1711593730100,59,1,[],[]
1711593732080,1711593731100,60,1,[],[]
1711593747039,1711593733166,61,1,"[692,691,698,670,486,260,712,751,1105,543,688,619,480,720,575,547,546,562,541,523,547,521,483,494,516]","[0,-1,-1,-1,-1,-1,-1,-1,-1,-1,-1,-1,-1,-1,-1,0,0,0,0,0,0,-1,-1,-1,-1]"
1711593747039,1711593734166,60,1,[],[]
1711593747039,1711593735166,60,1,[],[]
1711593747039,1711593736166,61,1,[],[]
1711593747039,1711593737166,62,1,[],[]
1711593747039,1711593738166,62,1,[],[]
1711593747039,1711593739166,62,1,[],[]
1711593747039,1711593740166,63,1,[],[]
1711593747039,1711593741166,63,1,[],[]
1711593747039,1711593742166,63,1,[],[]
1711593747039,1711593743166,63,1,[],[]
1711593747039,1711593744166,62,1,[],[]
1711593747039,1711593745166,62,1,[],[]
1711593747039,1711593746166,63,1,[],[]
1711593747039,1711593747166,62,1,[],[]
1711593757110,1711593748224,61,1,"[495,459,1013,742,670,477,490,506,466,1037,1046,568,948,1006]","[-1,-1,-1,-1,-1,-1,-1,-1,-1,-1,-1,-1,-1,-1]"
1711593757110,1711593749224,61,1,[],[]
1711593757110,1711593750224,62,1,[],[]
1711593757110,1711593751224,65,1,[],[]
1711593757110,1711593752224,65,1,[],[]
1711593757110,1711593753224,67,1,[],[]
1711593757110,1711593754224,69,1,[],[]
1711593757110,1711593755224,71,1,[],[]
1711593757110,1711593756224,72,1,[],[]
1711593757110,1711593757224,74,1,[],[]
1711593758111,1711593758227,78,1,[956],[-1]
1711593770187,1711593759297,86,1,"[860,676,914,882,574,930,422,463,834,499,347,550,857,464,354,396,439,807,397,414]","[-1,-1,-1,-1,-1,-1,-1,-1,-1,-1,-1,-1,-1,-1,-1,-1,-1,-1,-1,-1]"
1711593770187,1711593760297,94,1,[],[]
1711593770187,1711593761297,0,-10,[],[]
1711593770187,1711593762297,0,-10,[],[]
1711593770187,1711593763297,0,-10,[],[]
1711593770187,1711593764297,0,-10,[],[]
1711593770187,1711593765297,0,-10,[],[]
1711593770187,1711593766297,0,-10,[],[]
1711593770187,1711593767297,0,-10,[],[]
1711593770187,1711593768297,0,-10,[],[]
1711593770187,1711593769297,0,-10,[],[]
1711593770187,1711593770297,0,-10,[],[]
1711593913008,1711593772069,0,-10,"[823,797,794,800,776,791,780,462,338,813,454,324,692,800,828,771,756,784,793,782,779,790,792,780,740,409,374,790,780,781,373,394,794,775,782,700,819,742,1075,481,293,655,793,795,729,774,765,743,760,750,717,1009,751,723,758,780,736,751,735,319,436,714,692,260,767,757,763,393,355,754,750,738,734,748,729,1002,789,681,771,747,723,732,753,704,944,768,696,745,710,705,962,725,733,735,743,698,304,621,716,754,702,756,720,260,731,747,743,347,381,673,260,503,264,732,719,751,723,892,754,707,670,941,703,731,360,382,873,745,718,348,345,669,982,714,730,722,884,736,724,700,923,719,725,743,873,749,730,694,828,779,740,724,650,278,672,719,727,696,260,711,711,748,894,736,733,850,753,684,720,904,719,717,678,260,702,715,654,260,690,301,755,632,344,393,269,539,811,709,321,341,643,306,357,643,306,357,347,278,692,732,1041,603,275,514,260,361,1126,687,1002,362,362,363,375,365,363,387,417]","[-1,-1,-1,-1,-1,-1,-1,-1,-1,-1,-1,-1,-1,-1,-1,-1,-1,-1,-1,0,0,0,0,0,0,0,0,0,-1,-1,-1,-1,-1,-1,-1,-1,-1,-1,-1,-1,-1,-1,-1,-1,-1,-1,-1,-1,-1,-1,-1,-1,-1,-1,-1,-1,-1,-1,-1,-1,-1,-1,-1,-1,-1,-1,-1,-1,-1,-1,-1,-1,-1,-1,-1,-1,-1,-1,-1,-1,-1,-1,-1,-1,0,0,0,0,-1,-1,-1,-1,-1,-1,-1,0,0,0,0,0,-1,-1,-1,-1,-1,-1,-1,-1,-1,-1,-1,-1,-1,-1,-1,-1,-1,-1,-1,-1,-1,-1,-1,-1,-1,-1,-1,-1,-1,-1,-1,-1,-1,-1,-1,-1,-1,-1,-1,-1,-1,-1,-1,-1,-1,-1,-1,-1,-1,-1,-1,-1,-1,-1,-1,-1,-1,-1,-1,-1,-1,-1,-1,-1,-1,-1,-1,-1,-1,-1,-1,-1,-1,-1,-1,-1,-1,-1,-1,-1,-1,-1,-1,-1,-1,-1,-1,-1,-1,-1,-1,-1,-1,-1,-1,-1,-1,-1,-1,-1,-1,-1,-1,-1,-1,-1,-1,-1,-1,-1,-1,-1,-1,-1,-1,-1,-1]"
1711593913008,1711593773069,0,-10,[],[]
1711593913008,1711593774069,0,-10,[],[]
1711593913008,1711593775069,0,-10,[],[]
1711593913008,1711593776069,0,-10,[],[]
1711593913008,1711593777069,0,-10,[],[]
1711593913008,1711593778069,0,-10,[],[]
1711593913008,1711593779069,0,-10,[],[]
1711593913008,1711593780069,0,-10,[],[]
1711593913008,1711593781069,0,-10,[],[]
1711593913008,1711593782069,0,-10,[],[]
1711593913008,1711593783069,0,-10,[],[]
1711593913008,1711593784069,0,-10,[],[]
1711593913008,1711593785069,0,-10,[],[]
1711593913008,1711593786069,0,-10,[],[]
1711593913008,1711593787069,0,-10,[],[]
1711593913008,1711593788069,0,-10,[],[]
1711593913008,1711593789069,0,-10,[],[]
1711593913008,1711593790069,0,-10,[],[]
1711593913008,1711593791069,0,-10,[],[]
1711593913008,1711593792069,0,-10,[],[]
1711593913008,1711593793069,0,-10,[],[]
1711593913008,1711593794069,0,-10,[],[]
1711593913008,1711593795069,0,-10,[],[]
1711593913008,1711593796069,0,-10,[],[]
1711593913008,1711593797069,0,-10,[],[]
1711593913008,1711593798069,0,-10,[],[]
1711593913008,1711593799069,0,-10,[],[]
1711593913008,1711593800069,0,-10,[],[]
1711593913008,1711593801069,0,-10,[],[]
1711593913008,1711593802069,0,-10,[],[]
1711593913008,1711593803069,0,-10,[],[]
1711593913008,1711593804069,0,-10,[],[]
1711593913008,1711593805069,0,-10,[],[]
1711593913008,1711593806069,0,-10,[],[]
1711593913008,1711593807069,0,-10,[],[]
1711593913008,1711593808069,0,-10,[],[]
1711593913008,1711593809069,0,-10,[],[]
1711593913008,1711593810069,0,-10,[],[]
1711593913008,1711593811069,0,-10,[],[]
1711593913008,1711593812069,0,-10,[],[]
1711593913008,1711593813069,0,-10,[],[]
1711593913008,1711593814069,0,-10,[],[]
1711593913008,1711593815069,0,-10,[],[]
1711593913008,1711593816069,0,-10,[],[]
1711593913008,1711593817069,0,-10,[],[]
1711593913008,1711593818069,0,-10,[],[]
1711593913008,1711593819069,0,-10,[],[]
1711593913008,1711593820069,0,-10,[],[]
1711593913008,1711593821069,0,-10,[],[]
1711593913008,1711593822069,0,-10,[],[]
1711593913008,1711593823069,0,-10,[],[]
1711593913008,1711593824069,0,-10,[],[]
1711593913008,1711593825069,0,-10,[],[]
1711593913008,1711593826069,0,-10,[],[]
1711593913008,1711593827069,0,-10,[],[]
1711593913008,1711593828069,0,-10,[],[]
1711593913008,1711593829069,0,-10,[],[]
1711593913008,1711593830069,0,-10,[],[]
1711593913008,1711593831069,0,-10,[],[]
1711593913008,1711593832069,0,-10,[],[]
1711593913008,1711593833069,0,-10,[],[]
1711593913008,1711593834069,0,-10,[],[]
1711593913008,1711593835069,0,-10,[],[]
1711593913008,1711593836069,0,-10,[],[]
1711593913008,1711593837069,0,-10,[],[]
1711593913008,1711593838069,0,-10,[],[]
1711593913008,1711593839069,0,-10,[],[]
1711593913008,1711593840069,0,-10,[],[]
1711593913008,1711593841069,0,-10,[],[]
1711593913008,1711593842069,0,-10,[],[]
1711593913008,1711593843069,0,-10,[],[]
1711593913008,1711593844069,0,-10,[],[]
1711593913008,1711593845069,0,-10,[],[]
1711593913008,1711593846069,0,-10,[],[]
1711593913008,1711593847069,0,-10,[],[]
1711593913008,1711593848069,0,-10,[],[]
1711593913008,1711593849069,0,-10,[],[]
1711593913008,1711593850069,0,-10,[],[]
1711593913008,1711593851069,0,-10,[],[]
1711593913008,1711593852069,0,-10,[],[]
1711593913008,1711593853069,0,-10,[],[]
1711593913008,1711593854069,0,-10,[],[]
1711593913008,1711593855069,0,-10,[],[]
1711593913008,1711593856069,0,-10,[],[]
1711593913008,1711593857069,0,-10,[],[]
1711593913008,1711593858069,0,-10,[],[]
1711593913008,1711593859069,0,-10,[],[]
1711593913008,1711593860069,0,-10,[],[]
1711593913008,1711593861069,0,-10,[],[]
1711593913008,1711593862069,0,-10,[],[]
1711593913008,1711593863069,0,-10,[],[]
1711593913008,1711593864069,0,-10,[],[]
1711593913008,1711593865069,0,-10,[],[]
1711593913008,1711593866069,0,-10,[],[]
1711593913008,1711593867069,0,-10,[],[]
1711593913008,1711593868069,0,-10,[],[]
1711593913008,1711593869069,0,-10,[],[]
1711593913008,1711593870069,0,-10,[],[]
1711593913008,1711593871069,0,-10,[],[]
1711593913008,1711593872069,0,-10,[],[]
1711593913008,1711593873069,0,-10,[],[]
1711593913008,1711593874069,0,-10,[],[]
1711593913008,1711593875069,0,-10,[],[]
1711593913008,1711593876069,0,-10,[],[]
1711593913008,1711593877069,0,-10,[],[]
1711593913008,1711593878069,0,-10,[],[]
1711593913008,1711593879069,0,-10,[],[]
1711593913008,1711593880069,0,-10,[],[]
1711593913008,1711593881069,0,-10,[],[]
1711593913008,1711593882069,0,-10,[],[]
1711593913008,1711593883069,0,-10,[],[]
1711593913008,1711593884069,0,-10,[],[]
1711593913008,1711593885069,0,-10,[],[]
1711593913008,1711593886069,0,-10,[],[]
1711593913008,1711593887069,0,-10,[],[]
1711593913008,1711593888069,0,-10,[],[]
1711593913008,1711593889069,0,-10,[],[]
1711593913008,1711593890069,0,-10,[],[]
1711593913008,1711593891069,0,-10,[],[]
1711593913008,1711593892069,0,-10,[],[]
1711593913008,1711593893069,0,-10,[],[]
1711593913008,1711593894069,0,-10,[],[]
1711593913008,1711593895069,0,-10,[],[]
1711593913008,1711593896069,0,-10,[],[]
1711593913008,1711593897069,0,-10,[],[]
1711593913008,1711593898069,0,-10,[],[]
1711593913008,1711593899069,0,-10,[],[]
1711593913008,1711593900069,0,-10,[],[]
1711593913008,1711593901069,0,0,[],[]
1711593913008,1711593902069,178,1,[],[]
1711593913008,1711593903069,177,1,[],[]
1711593913008,1711593904069,177,1,[],[]
1711593913008,1711593905069,177,1,[],[]
1711593913008,1711593906069,176,1,[],[]
1711593913008,1711593907069,176,1,[],[]
1711593913008,1711593908069,175,1,[],[]
1711593913008,1711593909069,174,1,[],[]
1711593913008,1711593910069,173,1,[],[]
1711593913008,1711593911069,170,1,[],[]
1711593913008,1711593912069,167,1,[],[]
1711593913008,1711593913069,166,1,[],[]
1711593913987,1711593914073,165,1,"[698,377]","[-1,-1]"
1711593982359,1711593914427,164,1,"[368,387,376,381,402,2009,930,504,399,369,393,357,394,399,394,378,402,396,392,411,391,401,417,409,406,410,414,414,408,425,421,427,409,390,402,420,417,411,433,418,456,413,456,425,439,432,425,434,425,434,423,432,445,453,452,448,441,464,737,652,379,954,439,496,838,504,410,463,395,454,473,475,457,949,991,1267,643,458,452,487,482,429,1869,469,470,422,417,472,471,973,503,487,513,477,543,480,920,976,1083,959,477,485,464,470,493,441,1406,508,480,539,507,517,525,541,572,1042,546,521,485,522,516,534,543,527,523,519]","[-1,-1,-1,-1,-1,-1,-1,-1,-1,-1,-1,-1,0,0,0,0,0,0,0,-1,-1,-1,-1,-1,-1,-1,-1,0,0,0,0,0,0,0,0,0,0,0,0,0,0,0,0,0,0,0,0,0,0,0,0,0,0,0,0,-1,-1,-1,-1,-1,-1,-1,-1,-1,-1,-1,-1,-1,-1,-1,-1,-1,-1,-1,-1,-1,-1,-1,-1,-1,-1,-1,-1,-1,-1,-1,-1,-1,-1,0,0,0,0,0,0,0,0,0,-1,-1,-1,-1,-1,-1,-1,-1,-1,-1,0,0,0,0,0,0,-1,-1,-1,-1,0,0,0,0,0,0,0,0]"
1711593982359,1711593915427,162,1,[],[]
1711593982359,1711593916427,160,1,[],[]
1711593982359,1711593917427,158,1,[],[]
1711593982359,1711593918427,156,1,[],[]
1711593982359,1711593919427,155,1,[],[]
1711593982359,1711593920427,153,1,[],[]
1711593982359,1711593921427,152,1,[],[]
1711593982359,1711593922427,151,1,[],[]
1711593982359,1711593923427,149,1,[],[]
1711593982359,1711593924427,148,1,[],[]
1711593982359,1711593925427,147,1,[],[]
1711593982359,1711593926427,146,1,[],[]
1711593982359,1711593927427,145,1,[],[]
1711593982359,1711593928427,145,1,[],[]
1711593982359,1711593929427,143,1,[],[]
1711593982359,1711593930427,142,1,[],[]
1711593982359,1711593931427,141,1,[],[]
1711593982359,1711593932427,141,1,[],[]
1711593982359,1711593933427,140,1,[],[]
1711593982359,1711593934427,139,1,[],[]
1711593982359,1711593935427,138,1,[],[]
1711593982359,1711593936427,137,1,[],[]
1711593982359,1711593937427,136,1,[],[]
1711593982359,1711593938427,135,1,[],[]
1711593982359,1711593939427,134,1,[],[]
1711593982359,1711593940427,133,1,[],[]
1711593982359,1711593941427,133,1,[],[]
1711593982359,1711593942427,133,1,[],[]
1711593982359,1711593943427,133,1,[],[]
1711593982359,1711593944427,133,1,[],[]
1711593982359,1711593945427,132,1,[],[]
1711593982359,1711593946427,131,1,[],[]
1711593982359,1711593947427,130,1,[],[]
1711593982359,1711593948427,130,1,[],[]
1711593982359,1711593949427,129,1,[],[]
1711593982359,1711593950427,129,1,[],[]
1711593982359,1711593951427,129,1,[],[]
1711593982359,1711593952427,128,1,[],[]
1711593982359,1711593953427,128,1,[],[]
1711593982359,1711593954427,128,1,[],[]
1711593982359,1711593955427,127,1,[],[]
1711593982359,1711593956427,127,1,[],[]
1711593982359,1711593957427,126,1,[],[]
1711593982359,1711593958427,125,1,[],[]
1711593982359,1711593959427,125,1,[],[]
1711593982359,1711593960427,124,1,[],[]
1711593982359,1711593961427,123,1,[],[]
1711593982359,1711593962427,123,1,[],[]
1711593982359,1711593963427,123,1,[],[]
1711593982359,1711593964427,123,1,[],[]
1711593982359,1711593965427,123,1,[],[]
1711593982359,1711593966427,123,1,[],[]
1711593982359,1711593967427,124,1,[],[]
1711593982359,1711593968427,124,1,[],[]
1711593982359,1711593969427,123,1,[],[]
1711593982359,1711593970427,122,1,[],[]
1711593982359,1711593971427,122,1,[],[]
1711593982359,1711593972427,122,1,[],[]
1711593982359,1711593973427,121,1,[],[]
1711593982359,1711593974427,121,1,[],[]
1711593982359,1711593975427,119,1,[],[]
1711593982359,1711593976427,117,1,[],[]
1711593982359,1711593977427,116,1,[],[]
1711593982359,1711593978427,115,1,[],[]
1711593982359,1711593979427,115,1,[],[]
1711593982359,1711593980427,114,1,[],[]
1711593982359,1711593981427,114,1,[],[]
1711593983341,1711593982430,114,1,"[549,532]","[0,0]"
1711594011481,1711593984580,114,1,"[520,529,503,540,549,531,527,545,364,743,932,704,449,514,583,505,516,494,543,346,756,756,566,568,582,543,582,575,575,508,561,577,1083,609,563,580,596,1239,622,544,578,569,578,561,568,557,524]","[0,0,0,0,0,0,0,-1,-1,-1,-1,-1,-1,-1,-1,-1,-1,-1,-1,-1,-1,-1,-1,-1,0,0,0,0,0,0,-1,-1,-1,-1,0,0,0,0,0,0,0,0,0,0,0,0,0]"
1711594011481,1711593985580,114,1,[],[]
1711594011481,1711593986580,113,1,[],[]
1711594011481,1711593987580,113,1,[],[]
1711594011481,1711593988580,113,1,[],[]
1711594011481,1711593989580,113,1,[],[]
1711594011481,1711593990580,113,1,[],[]
1711594011481,1711593991580,113,1,[],[]
1711594011481,1711593992580,112,1,[],[]
1711594011481,1711593993580,111,1,[],[]
1711594011481,1711593994580,110,1,[],[]
1711594011481,1711593995580,0,0,[],[]
1711594011481,1711593996580,108,1,[],[]
1711594011481,1711593997580,110,1,[],[]
1711594011481,1711593998580,109,1,[],[]
1711594011481,1711593999580,109,1,[],[]
1711594011481,1711594000580,107,1,[],[]
1711594011481,1711594001580,106,1,[],[]
1711594011481,1711594002580,105,1,[],[]
1711594011481,1711594003580,104,1,[],[]
1711594011481,1711594004580,104,1,[],[]
1711594011481,1711594005580,104,1,[],[]
1711594011481,1711594006580,106,1,[],[]
1711594011481,1711594007580,106,1,[],[]
1711594011481,1711594008580,106,1,[],[]
1711594011481,1711594009580,106,1,[],[]
1711594011481,1711594010580,107,1,[],[]
1711594011481,1711594011580,107,1,[],[]
1711594012453,1711594012583,0,-10,[595],[0]
1711594024500,1711594013630,0,-10,"[1076,1122,1078,448,724,829,822,630,933,496,539,488,567,557,532,555]","[-1,-1,-1,-1,-1,-1,-1,-1,-1,-1,-1,-1,0,0,0,0]"
1711594024500,1711594014630,0,-10,[],[]
1711594024500,1711594015630,0,-10,[],[]
1711594024500,1711594016630,0,-10,[],[]
1711594024500,1711594017630,0,-10,[],[]
1711594024500,1711594018630,0,-10,[],[]
1711594024500,1711594019630,109,1,[],[]
1711594024500,1711594020630,109,1,[],[]
1711594024500,1711594021630,108,1,[],[]
1711594024500,1711594022630,108,1,[],[]
1711594024500,1711594023630,0,-3,[],[]
1711594024500,1711594024630,0,-3,[],[]
1711594025498,1711594025633,0,-3,[],[]
1711594026545,1711594026637,0,-3,[],[]
1711594027500,1711594027640,0,-3,[],[]
1711594029517,1711594027637,0,-3,[549],[0]
1711594029517,1711594028637,109,1,[],[]
1711594030559,1711594029639,0,-10,"[556,568]","[-1,-1]"
1711594031508,1711594030642,0,-10,[578],[-1]
1711594032523,1711594031645,0,-10,[554],[-1]
1711594033557,1711594032648,0,-10,"[1084,311]","[-1,-1]"
1711594041550,1711594034678,0,0,"[1084,311,588,595,750,280,384,260,299,327,260,542]","[-1,-1,-1,-1,-1,-1,-1,-1,-1,-1,-1,-1]"
1711594041550,1711594035678,0,-10,[],[]
1711594041550,1711594036678,0,-10,[],[]
1711594041550,1711594037678,0,-10,[],[]
1711594041550,1711594038678,0,-10,[],[]
1711594041550,1711594039678,0,-3,[],[]
1711594041550,1711594040678,0,-10,[],[]
1711594041550,1711594041678,0,-10,[],[]
1711594042590,1711594042681,0,-10,[2300],[-1]
1711594043555,1711594043685,0,0,[2300],[-1]
1711594044567,1711594044688,0,-10,"[581,415]","[-1,-1]"
1711594045581,1711594045694,0,-10,"[356,468]","[-1,-1]"
1711594046612,1711594046697,0,-10,"[401,278,306,293]","[-1,-1,-1,-1]"
