dataReceived,timestamp,hr,hrStatus,ibi,ibiStatus
1711327326651,1711327327003,0,0,[],[]
1711327327669,1711327328006,0,0,[],[]
1711327328678,1711327329009,0,0,[],[]
1711327329691,1711327330011,0,0,[],[]
1711327330686,1711327331014,0,0,[],[]
1711328099901,1711327334100,0,0,"[277,640,651,632,631,641,646,643,637,641,642,641,656,641,635,634,631,626,620,625,315,881,573,304,684,320,582,2300,720,751,708,805,773,805,2300,749,731,744,703,760,748,716,769,899,591,1271,1916,614,2300,2300,777,792,799,755,756,799,2300,739,774,859,844,797,795,775,823,1625,821,814,795,810,804,821,825,809,794,817,808,798,789,760,750,818,1651,782,814,833,841,854,2300,767,805,1533,687,757,765,801,712,787,849,2300,780,797,759,793,806,2300,812,798,750,2300,742,786,1547,1513,2300,723,738,758,749,1483,736,745,2183,737,754,746,787,1455,760,698,757,731,727,758,793,794,794,771,771,735,1515,761,755,766,761,715,724,698,775,808,746,1556,1602,1525,748,757,778,2300,743,2151,726,724,659,705,700,748,796,787,779,750,775,806,781,739,772,734,820,829,745,732,771,750,791,735,732,771,805,823,754,779,818,827,822,819,818,842,821,1644,816,812,808,1531,760,767,779,1546,761,829,793,788,761,752,766,797,767,752,761,806,767,829,760,812,2267,775,779,1533,722,756,746,767,760,724,742,750,796,759,766,805,840,790,718,766,747,762,684,741,734,762,763,717,740,740,778,788,807,738,799,788,769,764,760,764,776,759,737,765,758,760,1484,735,729,761,769,763,739,819,851,842,805,780,815,825,864,726,806,800,787,784,745,763,760,799,821,770,733,806,824,857,767,814,779,793,794,769,752,775,780,794,755,792,827,812,839,790,827,844,817,779,774,790,799,824,768,778,799,818,819,768,754,805,835,795,769,788,788,786,754,767,801,796,793,750,743,743,775,796,765,723,769,789,801,775,741,755,749,742,735,704,755,786,821,778,759,771,789,749,746,730,750,780,790,748,765,812,845,839,790,820,860,870,859,762,782,802,819,810,771,745,767,815,851,802,770,812,848,824,792,813,797,811,827,824,830,863,823,818,846,835,822,880,864,855,814,825,839,823,785,789,816,829,832,790,757,777,796,766,828,793,787,829,845,842,788,777,798,818,837,788,764,776,760,814,769,751,782,819,840,801,794,821,836,825,783,789,794,819,783,808,791,811,823,835,828,784,746,760,781,800,845,814,761,747,810,835,856,818,788,820,819,826,791,760,786,819,827,792,756,778,771,826,827,784,778,815,810,803,768,750,787,808,815,781,783,828,834,792,789,780,799,804,807,761,765,796,823,835,817,772,808,806,811,783,777,776,801,822,845,787,797,817,821,825,811,763,756,782,804,837,809,826,808,786,790,784,759,720,725,745,772,796,806,764,768,843,879,896,804,804,814,827,813,805,767,748,763,791,811,809,776,770,782,794,792,791,715,765,787,785,797,764,780,802,805,794,759,788,790,802,794,757,761,731,787,792,767,755,793,809,827,791,802,828,843,820,780,801,806,804,742,747,763,768,773,769,756,796,823,854,839,780,769,789,776,782,756,749,800,776,840,784,748,792,808,824,792,770,792,810,799,791,832,858,859,800,776,838,818,777,750,737,730,701,683,677,694,707,689,727,752,778,741,774,771,715,722,723,738,750,762,757,724,747,772,785,785,788,760,720,737,766,749,674,709,729,733,736,737,736,731,701,731,735,740,730,754,749,755,731,701,669,745,783,755,716,741,727,647,260,559,671,674,1376,692,706,695,710,721,662,689,676,676,582,664,721,634,627,620,638,641,651,632,657,688,701,736,1344,659,671,661,669,656,676,729,709,697,686,701,749,764,730,729,747,763,744,709,729,688,747,717,733,712,726,723,715,676,730,729,741,694,698,714,725,706,668,683,708,727,722,704,694,738,754,699,682,711,711,702,700,695,720,717,750,705,708,734,763,763,711,703,726,674,724,718,688,728,776,814,813,765,791,855,881,825,795,830,797,689,260,770,770,777,799,754,728,744,783,809,825,743,741,351,441,784,860,748,811,808,814,693,804,767,775,778,719,745,798,825,754,739,748,760,740,724,746,759,767,763,716,796,797,811,781,726,733,742,776,740,726,729,726,716,682,656,650,657,688,694,695,681,774,762,720,744,777,772,774,736,730,752,794,766,752,707,679,711,684,788,814,769,779,810,836,802,756]","[-1,-1,-1,0,0,0,0,0,0,0,0,0,0,0,0,0,0,-1,-1,-1,-1,-1,-1,-1,-1,-1,-1,-1,-1,-1,-1,-1,-1,-1,-1,-1,-1,-1,-1,-1,-1,-1,-1,-1,-1,-1,-1,-1,-1,0,0,0,0,0,0,0,-1,-1,-1,-1,-1,-1,0,0,0,0,0,0,0,0,0,0,0,0,0,-1,-1,-1,-1,0,0,0,0,0,0,0,-1,-1,-1,-1,-1,-1,-1,0,0,0,0,0,0,-1,-1,-1,0,0,0,0,0,0,0,-1,-1,0,0,0,-1,0,0,0,0,0,0,0,-1,-1,0,0,0,0,0,0,0,0,0,0,0,0,0,0,0,-1,-1,-1,0,0,0,0,0,0,0,0,0,0,0,0,0,0,0,0,0,0,0,0,0,0,0,0,-1,-1,-1,-1,-1,-1,-1,-1,0,0,0,0,0,0,0,-1,-1,-1,-1,0,0,0,0,0,0,0,0,0,0,0,0,0,0,0,0,0,0,0,0,0,0,0,0,0,0,0,0,0,0,0,0,0,0,0,0,0,0,0,0,0,0,0,0,0,0,0,0,0,0,0,0,0,0,0,0,0,0,0,0,0,0,0,0,0,0,0,0,0,0,0,0,0,0,0,0,0,0,0,0,0,0,0,0,0,0,0,0,0,0,0,0,0,0,0,0,0,0,0,0,0,0,-1,-1,-1,0,0,0,0,0,0,0,0,0,0,0,0,0,0,0,0,0,0,0,0,0,0,0,0,0,0,0,0,0,0,0,0,0,0,0,0,0,0,0,0,0,0,0,0,0,0,0,0,0,0,0,0,0,0,0,0,0,0,0,0,0,0,0,0,0,0,0,0,0,0,0,0,0,0,0,0,0,0,0,0,0,0,0,0,0,0,0,0,0,0,0,0,0,0,0,0,0,0,0,0,0,0,0,0,0,0,0,0,0,0,0,0,0,0,0,0,0,0,0,0,0,0,0,0,0,0,0,0,0,0,0,0,0,0,0,0,0,0,0,0,0,0,0,0,0,0,0,0,0,0,0,0,0,0,0,0,0,0,0,0,0,0,0,0,0,0,0,0,0,0,0,0,0,0,0,0,0,0,0,0,0,0,0,0,0,0,0,0,0,0,0,0,0,0,0,0,0,0,0,0,0,0,0,0,0,0,0,0,0,0,0,0,0,0,0,0,0,0,0,0,0,0,0,0,0,0,0,0,0,0,0,0,0,0,0,0,0,0,0,0,0,0,0,0,0,0,0,0,0,0,0,0,0,0,0,0,0,0,0,0,0,0,0,0,0,0,0,0,0,0,0,0,0,0,0,0,0,0,0,0,0,0,0,0,0,0,0,0,0,0,0,0,0,0,0,0,0,0,0,0,0,0,0,0,0,0,0,0,0,0,0,0,0,0,0,0,0,0,0,0,0,0,0,0,0,0,0,0,0,0,0,0,0,0,0,0,0,0,0,0,0,0,0,0,0,0,0,0,0,0,0,0,0,0,0,0,0,0,0,0,0,0,0,0,0,0,0,0,0,0,0,0,0,0,0,0,0,0,0,0,0,0,0,0,0,0,0,0,0,0,0,0,0,0,0,0,0,0,0,0,0,0,0,0,0,0,0,0,0,0,0,0,0,0,0,0,0,0,0,0,0,0,0,0,0,0,0,0,0,0,0,0,0,0,0,0,0,0,0,0,0,0,0,-1,-1,-1,-1,-1,-1,-1,0,0,0,0,0,0,0,0,0,0,0,0,0,0,0,0,0,0,0,0,0,0,0,0,0,0,0,0,0,0,0,0,0,0,0,0,0,0,0,0,0,0,0,0,0,0,0,0,0,0,0,0,0,0,0,0,0,0,0,0,0,0,0,0,0,0,0,0,0,0,0,0,0,0,0,0,0,0,0,0,0,0,0,0,0,0,0,-1,-1,-1,-1,-1,0,0,0,0,0,0,0,0,0,0,0,0,0,0,0,0,0,0,0,0,0,0,0,0,0,0,0,0,0,0,0,0,0,0,0,0,0,0,0,0,0,0,0,0,0,0,0,0,0,0,0,0,0,0,0,0,0,0,0,0,0,0,0,0,0,0,0,0,0,0,0,0]"
1711328099901,1711327335100,0,0,[],[]
1711328099901,1711327336100,0,0,[],[]
1711328099901,1711327337100,0,0,[],[]
1711328099901,1711327338100,0,0,[],[]
1711328099901,1711327339100,0,0,[],[]
1711328099901,1711327340100,93,1,[],[]
1711328099901,1711327341100,93,1,[],[]
1711328099901,1711327342100,93,1,[],[]
1711328099901,1711327343100,93,1,[],[]
1711328099901,1711327344100,93,1,[],[]
1711328099901,1711327345100,94,1,[],[]
1711328099901,1711327346100,94,1,[],[]
1711328099901,1711327347100,95,1,[],[]
1711328099901,1711327348100,96,1,[],[]
1711328099901,1711327349100,96,1,[],[]
1711328099901,1711327350100,96,1,[],[]
1711328099901,1711327351100,97,1,[],[]
1711328099901,1711327352100,98,1,[],[]
1711328099901,1711327353100,98,1,[],[]
1711328099901,1711327354100,97,1,[],[]
1711328099901,1711327355100,98,1,[],[]
1711328099901,1711327356100,97,1,[],[]
1711328099901,1711327357100,97,1,[],[]
1711328099901,1711327358100,94,1,[],[]
1711328099901,1711327359100,97,1,[],[]
1711328099901,1711327360100,98,1,[],[]
1711328099901,1711327361100,98,1,[],[]
1711328099901,1711327362100,96,1,[],[]
1711328099901,1711327363100,96,1,[],[]
1711328099901,1711327364100,95,1,[],[]
1711328099901,1711327365100,94,1,[],[]
1711328099901,1711327366100,92,1,[],[]
1711328099901,1711327367100,92,1,[],[]
1711328099901,1711327368100,92,1,[],[]
1711328099901,1711327369100,92,1,[],[]
1711328099901,1711327370100,92,1,[],[]
1711328099901,1711327371100,89,1,[],[]
1711328099901,1711327372100,86,1,[],[]
1711328099901,1711327373100,86,1,[],[]
1711328099901,1711327374100,85,1,[],[]
1711328099901,1711327375100,85,1,[],[]
1711328099901,1711327376100,86,1,[],[]
1711328099901,1711327377100,85,1,[],[]
1711328099901,1711327378100,85,1,[],[]
1711328099901,1711327379100,84,1,[],[]
1711328099901,1711327380100,84,1,[],[]
1711328099901,1711327381100,83,1,[],[]
1711328099901,1711327382100,82,1,[],[]
1711328099901,1711327383100,81,1,[],[]
1711328099901,1711327384100,82,1,[],[]
1711328099901,1711327385100,84,1,[],[]
1711328099901,1711327386100,84,1,[],[]
1711328099901,1711327387100,84,1,[],[]
1711328099901,1711327388100,84,1,[],[]
1711328099901,1711327389100,84,1,[],[]
1711328099901,1711327390100,83,1,[],[]
1711328099901,1711327391100,82,1,[],[]
1711328099901,1711327392100,83,1,[],[]
1711328099901,1711327393100,81,1,[],[]
1711328099901,1711327394100,80,1,[],[]
1711328099901,1711327395100,80,1,[],[]
1711328099901,1711327396100,82,1,[],[]
1711328099901,1711327397100,81,1,[],[]
1711328099901,1711327398100,81,1,[],[]
1711328099901,1711327399100,81,1,[],[]
1711328099901,1711327400100,80,1,[],[]
1711328099901,1711327401100,79,1,[],[]
1711328099901,1711327402100,78,1,[],[]
1711328099901,1711327403100,78,1,[],[]
1711328099901,1711327404100,77,1,[],[]
1711328099901,1711327405100,77,1,[],[]
1711328099901,1711327406100,77,1,[],[]
1711328099901,1711327407100,79,1,[],[]
1711328099901,1711327408100,80,1,[],[]
1711328099901,1711327409100,80,1,[],[]
1711328099901,1711327410100,79,1,[],[]
1711328099901,1711327411100,78,1,[],[]
1711328099901,1711327412100,77,1,[],[]
1711328099901,1711327413100,76,1,[],[]
1711328099901,1711327414100,76,1,[],[]
1711328099901,1711327415100,75,1,[],[]
1711328099901,1711327416100,75,1,[],[]
1711328099901,1711327417100,74,1,[],[]
1711328099901,1711327418100,74,1,[],[]
1711328099901,1711327419100,74,1,[],[]
1711328099901,1711327420100,74,1,[],[]
1711328099901,1711327421100,74,1,[],[]
1711328099901,1711327422100,74,1,[],[]
1711328099901,1711327423100,74,1,[],[]
1711328099901,1711327424100,74,1,[],[]
1711328099901,1711327425100,74,1,[],[]
1711328099901,1711327426100,75,1,[],[]
1711328099901,1711327427100,76,1,[],[]
1711328099901,1711327428100,76,1,[],[]
1711328099901,1711327429100,75,1,[],[]
1711328099901,1711327430100,75,1,[],[]
1711328099901,1711327431100,75,1,[],[]
1711328099901,1711327432100,75,1,[],[]
1711328099901,1711327433100,74,1,[],[]
1711328099901,1711327434100,74,1,[],[]
1711328099901,1711327435100,74,1,[],[]
1711328099901,1711327436100,75,1,[],[]
1711328099901,1711327437100,74,1,[],[]
1711328099901,1711327438100,75,1,[],[]
1711328099901,1711327439100,75,1,[],[]
1711328099901,1711327440100,76,1,[],[]
1711328099901,1711327441100,77,1,[],[]
1711328099901,1711327442100,78,1,[],[]
1711328099901,1711327443100,78,1,[],[]
1711328099901,1711327444100,78,1,[],[]
1711328099901,1711327445100,78,1,[],[]
1711328099901,1711327446100,78,1,[],[]
1711328099901,1711327447100,77,1,[],[]
1711328099901,1711327448100,76,1,[],[]
1711328099901,1711327449100,76,1,[],[]
1711328099901,1711327450100,77,1,[],[]
1711328099901,1711327451100,77,1,[],[]
1711328099901,1711327452100,77,1,[],[]
1711328099901,1711327453100,76,1,[],[]
1711328099901,1711327454100,76,1,[],[]
1711328099901,1711327455100,76,1,[],[]
1711328099901,1711327456100,77,1,[],[]
1711328099901,1711327457100,77,1,[],[]
1711328099901,1711327458100,77,1,[],[]
1711328099901,1711327459100,77,1,[],[]
1711328099901,1711327460100,77,1,[],[]
1711328099901,1711327461100,77,1,[],[]
1711328099901,1711327462100,77,1,[],[]
1711328099901,1711327463100,78,1,[],[]
1711328099901,1711327464100,78,1,[],[]
1711328099901,1711327465100,78,1,[],[]
1711328099901,1711327466100,78,1,[],[]
1711328099901,1711327467100,78,1,[],[]
1711328099901,1711327468100,79,1,[],[]
1711328099901,1711327469100,79,1,[],[]
1711328099901,1711327470100,79,1,[],[]
1711328099901,1711327471100,79,1,[],[]
1711328099901,1711327472100,79,1,[],[]
1711328099901,1711327473100,79,1,[],[]
1711328099901,1711327474100,79,1,[],[]
1711328099901,1711327475100,80,1,[],[]
1711328099901,1711327476100,79,1,[],[]
1711328099901,1711327477100,80,1,[],[]
1711328099901,1711327478100,80,1,[],[]
1711328099901,1711327479100,80,1,[],[]
1711328099901,1711327480100,81,1,[],[]
1711328099901,1711327481100,81,1,[],[]
1711328099901,1711327482100,81,1,[],[]
1711328099901,1711327483100,81,1,[],[]
1711328099901,1711327484100,81,1,[],[]
1711328099901,1711327485100,81,1,[],[]
1711328099901,1711327486100,81,1,[],[]
1711328099901,1711327487100,81,1,[],[]
1711328099901,1711327488100,81,1,[],[]
1711328099901,1711327489100,81,1,[],[]
1711328099901,1711327490100,81,1,[],[]
1711328099901,1711327491100,81,1,[],[]
1711328099901,1711327492100,81,1,[],[]
1711328099901,1711327493100,81,1,[],[]
1711328099901,1711327494100,80,1,[],[]
1711328099901,1711327495100,79,1,[],[]
1711328099901,1711327496100,79,1,[],[]
1711328099901,1711327497100,78,1,[],[]
1711328099901,1711327498100,78,1,[],[]
1711328099901,1711327499100,79,1,[],[]
1711328099901,1711327500100,79,1,[],[]
1711328099901,1711327501100,79,1,[],[]
1711328099901,1711327502100,80,1,[],[]
1711328099901,1711327503100,81,1,[],[]
1711328099901,1711327504100,81,1,[],[]
1711328099901,1711327505100,80,1,[],[]
1711328099901,1711327506100,80,1,[],[]
1711328099901,1711327507100,79,1,[],[]
1711328099901,1711327508100,78,1,[],[]
1711328099901,1711327509100,78,1,[],[]
1711328099901,1711327510100,78,1,[],[]
1711328099901,1711327511100,78,1,[],[]
1711328099901,1711327512100,78,1,[],[]
1711328099901,1711327513100,78,1,[],[]
1711328099901,1711327514100,79,1,[],[]
1711328099901,1711327515100,79,1,[],[]
1711328099901,1711327516100,79,1,[],[]
1711328099901,1711327517100,80,1,[],[]
1711328099901,1711327518100,80,1,[],[]
1711328099901,1711327519100,81,1,[],[]
1711328099901,1711327520100,82,1,[],[]
1711328099901,1711327521100,83,1,[],[]
1711328099901,1711327522100,84,1,[],[]
1711328099901,1711327523100,84,1,[],[]
1711328099901,1711327524100,83,1,[],[]
1711328099901,1711327525100,82,1,[],[]
1711328099901,1711327526100,81,1,[],[]
1711328099901,1711327527100,80,1,[],[]
1711328099901,1711327528100,79,1,[],[]
1711328099901,1711327529100,78,1,[],[]
1711328099901,1711327530100,78,1,[],[]
1711328099901,1711327531100,78,1,[],[]
1711328099901,1711327532100,78,1,[],[]
1711328099901,1711327533100,78,1,[],[]
1711328099901,1711327534100,78,1,[],[]
1711328099901,1711327535100,78,1,[],[]
1711328099901,1711327536100,78,1,[],[]
1711328099901,1711327537100,78,1,[],[]
1711328099901,1711327538100,79,1,[],[]
1711328099901,1711327539100,78,1,[],[]
1711328099901,1711327540100,78,1,[],[]
1711328099901,1711327541100,78,1,[],[]
1711328099901,1711327542100,77,1,[],[]
1711328099901,1711327543100,77,1,[],[]
1711328099901,1711327544100,76,1,[],[]
1711328099901,1711327545100,75,1,[],[]
1711328099901,1711327546100,74,1,[],[]
1711328099901,1711327547100,74,1,[],[]
1711328099901,1711327548100,73,1,[],[]
1711328099901,1711327549100,73,1,[],[]
1711328099901,1711327550100,73,1,[],[]
1711328099901,1711327551100,74,1,[],[]
1711328099901,1711327552100,74,1,[],[]
1711328099901,1711327553100,75,1,[],[]
1711328099901,1711327554100,76,1,[],[]
1711328099901,1711327555100,76,1,[],[]
1711328099901,1711327556100,77,1,[],[]
1711328099901,1711327557100,77,1,[],[]
1711328099901,1711327558100,77,1,[],[]
1711328099901,1711327559100,77,1,[],[]
1711328099901,1711327560100,77,1,[],[]
1711328099901,1711327561100,78,1,[],[]
1711328099901,1711327562100,77,1,[],[]
1711328099901,1711327563100,78,1,[],[]
1711328099901,1711327564100,78,1,[],[]
1711328099901,1711327565100,78,1,[],[]
1711328099901,1711327566100,78,1,[],[]
1711328099901,1711327567100,77,1,[],[]
1711328099901,1711327568100,77,1,[],[]
1711328099901,1711327569100,77,1,[],[]
1711328099901,1711327570100,77,1,[],[]
1711328099901,1711327571100,77,1,[],[]
1711328099901,1711327572100,77,1,[],[]
1711328099901,1711327573100,78,1,[],[]
1711328099901,1711327574100,78,1,[],[]
1711328099901,1711327575100,78,1,[],[]
1711328099901,1711327576100,79,1,[],[]
1711328099901,1711327577100,79,1,[],[]
1711328099901,1711327578100,79,1,[],[]
1711328099901,1711327579100,80,1,[],[]
1711328099901,1711327580100,80,1,[],[]
1711328099901,1711327581100,80,1,[],[]
1711328099901,1711327582100,80,1,[],[]
1711328099901,1711327583100,79,1,[],[]
1711328099901,1711327584100,78,1,[],[]
1711328099901,1711327585100,78,1,[],[]
1711328099901,1711327586100,78,1,[],[]
1711328099901,1711327587100,78,1,[],[]
1711328099901,1711327588100,78,1,[],[]
1711328099901,1711327589100,79,1,[],[]
1711328099901,1711327590100,80,1,[],[]
1711328099901,1711327591100,80,1,[],[]
1711328099901,1711327592100,80,1,[],[]
1711328099901,1711327593100,81,1,[],[]
1711328099901,1711327594100,81,1,[],[]
1711328099901,1711327595100,81,1,[],[]
1711328099901,1711327596100,80,1,[],[]
1711328099901,1711327597100,80,1,[],[]
1711328099901,1711327598100,79,1,[],[]
1711328099901,1711327599100,78,1,[],[]
1711328099901,1711327600100,78,1,[],[]
1711328099901,1711327601100,78,1,[],[]
1711328099901,1711327602100,78,1,[],[]
1711328099901,1711327603100,78,1,[],[]
1711328099901,1711327604100,78,1,[],[]
1711328099901,1711327605100,79,1,[],[]
1711328099901,1711327606100,79,1,[],[]
1711328099901,1711327607100,79,1,[],[]
1711328099901,1711327608100,79,1,[],[]
1711328099901,1711327609100,80,1,[],[]
1711328099901,1711327610100,80,1,[],[]
1711328099901,1711327611100,80,1,[],[]
1711328099901,1711327612100,80,1,[],[]
1711328099901,1711327613100,79,1,[],[]
1711328099901,1711327614100,79,1,[],[]
1711328099901,1711327615100,78,1,[],[]
1711328099901,1711327616100,77,1,[],[]
1711328099901,1711327617100,76,1,[],[]
1711328099901,1711327618100,76,1,[],[]
1711328099901,1711327619100,75,1,[],[]
1711328099901,1711327620100,75,1,[],[]
1711328099901,1711327621100,75,1,[],[]
1711328099901,1711327622100,75,1,[],[]
1711328099901,1711327623100,76,1,[],[]
1711328099901,1711327624100,76,1,[],[]
1711328099901,1711327625100,76,1,[],[]
1711328099901,1711327626100,76,1,[],[]
1711328099901,1711327627100,77,1,[],[]
1711328099901,1711327628100,77,1,[],[]
1711328099901,1711327629100,77,1,[],[]
1711328099901,1711327630100,76,1,[],[]
1711328099901,1711327631100,76,1,[],[]
1711328099901,1711327632100,76,1,[],[]
1711328099901,1711327633100,75,1,[],[]
1711328099901,1711327634100,75,1,[],[]
1711328099901,1711327635100,76,1,[],[]
1711328099901,1711327636100,76,1,[],[]
1711328099901,1711327637100,76,1,[],[]
1711328099901,1711327638100,77,1,[],[]
1711328099901,1711327639100,77,1,[],[]
1711328099901,1711327640100,77,1,[],[]
1711328099901,1711327641100,76,1,[],[]
1711328099901,1711327642100,76,1,[],[]
1711328099901,1711327643100,76,1,[],[]
1711328099901,1711327644100,75,1,[],[]
1711328099901,1711327645100,75,1,[],[]
1711328099901,1711327646100,75,1,[],[]
1711328099901,1711327647100,75,1,[],[]
1711328099901,1711327648100,75,1,[],[]
1711328099901,1711327649100,75,1,[],[]
1711328099901,1711327650100,75,1,[],[]
1711328099901,1711327651100,75,1,[],[]
1711328099901,1711327652100,76,1,[],[]
1711328099901,1711327653100,75,1,[],[]
1711328099901,1711327654100,75,1,[],[]
1711328099901,1711327655100,75,1,[],[]
1711328099901,1711327656100,76,1,[],[]
1711328099901,1711327657100,75,1,[],[]
1711328099901,1711327658100,76,1,[],[]
1711328099901,1711327659100,76,1,[],[]
1711328099901,1711327660100,76,1,[],[]
1711328099901,1711327661100,76,1,[],[]
1711328099901,1711327662100,76,1,[],[]
1711328099901,1711327663100,77,1,[],[]
1711328099901,1711327664100,77,1,[],[]
1711328099901,1711327665100,77,1,[],[]
1711328099901,1711327666100,77,1,[],[]
1711328099901,1711327667100,78,1,[],[]
1711328099901,1711327668100,78,1,[],[]
1711328099901,1711327669100,78,1,[],[]
1711328099901,1711327670100,78,1,[],[]
1711328099901,1711327671100,78,1,[],[]
1711328099901,1711327672100,78,1,[],[]
1711328099901,1711327673100,78,1,[],[]
1711328099901,1711327674100,78,1,[],[]
1711328099901,1711327675100,78,1,[],[]
1711328099901,1711327676100,79,1,[],[]
1711328099901,1711327677100,79,1,[],[]
1711328099901,1711327678100,80,1,[],[]
1711328099901,1711327679100,80,1,[],[]
1711328099901,1711327680100,80,1,[],[]
1711328099901,1711327681100,79,1,[],[]
1711328099901,1711327682100,79,1,[],[]
1711328099901,1711327683100,78,1,[],[]
1711328099901,1711327684100,79,1,[],[]
1711328099901,1711327685100,78,1,[],[]
1711328099901,1711327686100,79,1,[],[]
1711328099901,1711327687100,79,1,[],[]
1711328099901,1711327688100,79,1,[],[]
1711328099901,1711327689100,79,1,[],[]
1711328099901,1711327690100,78,1,[],[]
1711328099901,1711327691100,77,1,[],[]
1711328099901,1711327692100,77,1,[],[]
1711328099901,1711327693100,76,1,[],[]
1711328099901,1711327694100,75,1,[],[]
1711328099901,1711327695100,74,1,[],[]
1711328099901,1711327696100,74,1,[],[]
1711328099901,1711327697100,74,1,[],[]
1711328099901,1711327698100,74,1,[],[]
1711328099901,1711327699100,74,1,[],[]
1711328099901,1711327700100,74,1,[],[]
1711328099901,1711327701100,75,1,[],[]
1711328099901,1711327702100,76,1,[],[]
1711328099901,1711327703100,75,1,[],[]
1711328099901,1711327704100,76,1,[],[]
1711328099901,1711327705100,75,1,[],[]
1711328099901,1711327706100,75,1,[],[]
1711328099901,1711327707100,75,1,[],[]
1711328099901,1711327708100,74,1,[],[]
1711328099901,1711327709100,74,1,[],[]
1711328099901,1711327710100,74,1,[],[]
1711328099901,1711327711100,74,1,[],[]
1711328099901,1711327712100,74,1,[],[]
1711328099901,1711327713100,74,1,[],[]
1711328099901,1711327714100,74,1,[],[]
1711328099901,1711327715100,73,1,[],[]
1711328099901,1711327716100,73,1,[],[]
1711328099901,1711327717100,73,1,[],[]
1711328099901,1711327718100,72,1,[],[]
1711328099901,1711327719100,72,1,[],[]
1711328099901,1711327720100,72,1,[],[]
1711328099901,1711327721100,72,1,[],[]
1711328099901,1711327722100,71,1,[],[]
1711328099901,1711327723100,71,1,[],[]
1711328099901,1711327724100,72,1,[],[]
1711328099901,1711327725100,72,1,[],[]
1711328099901,1711327726100,73,1,[],[]
1711328099901,1711327727100,73,1,[],[]
1711328099901,1711327728100,73,1,[],[]
1711328099901,1711327729100,74,1,[],[]
1711328099901,1711327730100,74,1,[],[]
1711328099901,1711327731100,75,1,[],[]
1711328099901,1711327732100,75,1,[],[]
1711328099901,1711327733100,76,1,[],[]
1711328099901,1711327734100,76,1,[],[]
1711328099901,1711327735100,75,1,[],[]
1711328099901,1711327736100,75,1,[],[]
1711328099901,1711327737100,75,1,[],[]
1711328099901,1711327738100,75,1,[],[]
1711328099901,1711327739100,75,1,[],[]
1711328099901,1711327740100,75,1,[],[]
1711328099901,1711327741100,75,1,[],[]
1711328099901,1711327742100,75,1,[],[]
1711328099901,1711327743100,75,1,[],[]
1711328099901,1711327744100,75,1,[],[]
1711328099901,1711327745100,76,1,[],[]
1711328099901,1711327746100,76,1,[],[]
1711328099901,1711327747100,77,1,[],[]
1711328099901,1711327748100,76,1,[],[]
1711328099901,1711327749100,76,1,[],[]
1711328099901,1711327750100,76,1,[],[]
1711328099901,1711327751100,75,1,[],[]
1711328099901,1711327752100,75,1,[],[]
1711328099901,1711327753100,75,1,[],[]
1711328099901,1711327754100,75,1,[],[]
1711328099901,1711327755100,75,1,[],[]
1711328099901,1711327756100,75,1,[],[]
1711328099901,1711327757100,75,1,[],[]
1711328099901,1711327758100,75,1,[],[]
1711328099901,1711327759100,75,1,[],[]
1711328099901,1711327760100,75,1,[],[]
1711328099901,1711327761100,75,1,[],[]
1711328099901,1711327762100,75,1,[],[]
1711328099901,1711327763100,75,1,[],[]
1711328099901,1711327764100,75,1,[],[]
1711328099901,1711327765100,75,1,[],[]
1711328099901,1711327766100,76,1,[],[]
1711328099901,1711327767100,76,1,[],[]
1711328099901,1711327768100,76,1,[],[]
1711328099901,1711327769100,76,1,[],[]
1711328099901,1711327770100,76,1,[],[]
1711328099901,1711327771100,75,1,[],[]
1711328099901,1711327772100,75,1,[],[]
1711328099901,1711327773100,75,1,[],[]
1711328099901,1711327774100,74,1,[],[]
1711328099901,1711327775100,74,1,[],[]
1711328099901,1711327776100,74,1,[],[]
1711328099901,1711327777100,74,1,[],[]
1711328099901,1711327778100,75,1,[],[]
1711328099901,1711327779100,75,1,[],[]
1711328099901,1711327780100,75,1,[],[]
1711328099901,1711327781100,75,1,[],[]
1711328099901,1711327782100,76,1,[],[]
1711328099901,1711327783100,76,1,[],[]
1711328099901,1711327784100,76,1,[],[]
1711328099901,1711327785100,76,1,[],[]
1711328099901,1711327786100,76,1,[],[]
1711328099901,1711327787100,75,1,[],[]
1711328099901,1711327788100,75,1,[],[]
1711328099901,1711327789100,76,1,[],[]
1711328099901,1711327790100,76,1,[],[]
1711328099901,1711327791100,76,1,[],[]
1711328099901,1711327792100,76,1,[],[]
1711328099901,1711327793100,76,1,[],[]
1711328099901,1711327794100,76,1,[],[]
1711328099901,1711327795100,75,1,[],[]
1711328099901,1711327796100,75,1,[],[]
1711328099901,1711327797100,75,1,[],[]
1711328099901,1711327798100,75,1,[],[]
1711328099901,1711327799100,75,1,[],[]
1711328099901,1711327800100,75,1,[],[]
1711328099901,1711327801100,76,1,[],[]
1711328099901,1711327802100,76,1,[],[]
1711328099901,1711327803100,76,1,[],[]
1711328099901,1711327804100,76,1,[],[]
1711328099901,1711327805100,76,1,[],[]
1711328099901,1711327806100,75,1,[],[]
1711328099901,1711327807100,75,1,[],[]
1711328099901,1711327808100,75,1,[],[]
1711328099901,1711327809100,75,1,[],[]
1711328099901,1711327810100,75,1,[],[]
1711328099901,1711327811100,75,1,[],[]
1711328099901,1711327812100,75,1,[],[]
1711328099901,1711327813100,75,1,[],[]
1711328099901,1711327814100,75,1,[],[]
1711328099901,1711327815100,75,1,[],[]
1711328099901,1711327816100,75,1,[],[]
1711328099901,1711327817100,74,1,[],[]
1711328099901,1711327818100,74,1,[],[]
1711328099901,1711327819100,75,1,[],[]
1711328099901,1711327820100,75,1,[],[]
1711328099901,1711327821100,75,1,[],[]
1711328099901,1711327822100,75,1,[],[]
1711328099901,1711327823100,75,1,[],[]
1711328099901,1711327824100,75,1,[],[]
1711328099901,1711327825100,75,1,[],[]
1711328099901,1711327826100,75,1,[],[]
1711328099901,1711327827100,76,1,[],[]
1711328099901,1711327828100,76,1,[],[]
1711328099901,1711327829100,77,1,[],[]
1711328099901,1711327830100,78,1,[],[]
1711328099901,1711327831100,78,1,[],[]
1711328099901,1711327832100,78,1,[],[]
1711328099901,1711327833100,78,1,[],[]
1711328099901,1711327834100,77,1,[],[]
1711328099901,1711327835100,77,1,[],[]
1711328099901,1711327836100,76,1,[],[]
1711328099901,1711327837100,75,1,[],[]
1711328099901,1711327838100,74,1,[],[]
1711328099901,1711327839100,74,1,[],[]
1711328099901,1711327840100,73,1,[],[]
1711328099901,1711327841100,74,1,[],[]
1711328099901,1711327842100,74,1,[],[]
1711328099901,1711327843100,75,1,[],[]
1711328099901,1711327844100,75,1,[],[]
1711328099901,1711327845100,76,1,[],[]
1711328099901,1711327846100,76,1,[],[]
1711328099901,1711327847100,76,1,[],[]
1711328099901,1711327848100,76,1,[],[]
1711328099901,1711327849100,76,1,[],[]
1711328099901,1711327850100,77,1,[],[]
1711328099901,1711327851100,77,1,[],[]
1711328099901,1711327852100,77,1,[],[]
1711328099901,1711327853100,77,1,[],[]
1711328099901,1711327854100,77,1,[],[]
1711328099901,1711327855100,78,1,[],[]
1711328099901,1711327856100,77,1,[],[]
1711328099901,1711327857100,77,1,[],[]
1711328099901,1711327858100,77,1,[],[]
1711328099901,1711327859100,77,1,[],[]
1711328099901,1711327860100,77,1,[],[]
1711328099901,1711327861100,77,1,[],[]
1711328099901,1711327862100,76,1,[],[]
1711328099901,1711327863100,77,1,[],[]
1711328099901,1711327864100,77,1,[],[]
1711328099901,1711327865100,77,1,[],[]
1711328099901,1711327866100,78,1,[],[]
1711328099901,1711327867100,78,1,[],[]
1711328099901,1711327868100,78,1,[],[]
1711328099901,1711327869100,77,1,[],[]
1711328099901,1711327870100,77,1,[],[]
1711328099901,1711327871100,77,1,[],[]
1711328099901,1711327872100,76,1,[],[]
1711328099901,1711327873100,76,1,[],[]
1711328099901,1711327874100,75,1,[],[]
1711328099901,1711327875100,75,1,[],[]
1711328099901,1711327876100,75,1,[],[]
1711328099901,1711327877100,75,1,[],[]
1711328099901,1711327878100,75,1,[],[]
1711328099901,1711327879100,76,1,[],[]
1711328099901,1711327880100,76,1,[],[]
1711328099901,1711327881100,77,1,[],[]
1711328099901,1711327882100,77,1,[],[]
1711328099901,1711327883100,78,1,[],[]
1711328099901,1711327884100,77,1,[],[]
1711328099901,1711327885100,77,1,[],[]
1711328099901,1711327886100,76,1,[],[]
1711328099901,1711327887100,76,1,[],[]
1711328099901,1711327888100,76,1,[],[]
1711328099901,1711327889100,76,1,[],[]
1711328099901,1711327890100,76,1,[],[]
1711328099901,1711327891100,76,1,[],[]
1711328099901,1711327892100,77,1,[],[]
1711328099901,1711327893100,77,1,[],[]
1711328099901,1711327894100,77,1,[],[]
1711328099901,1711327895100,77,1,[],[]
1711328099901,1711327896100,77,1,[],[]
1711328099901,1711327897100,76,1,[],[]
1711328099901,1711327898100,76,1,[],[]
1711328099901,1711327899100,76,1,[],[]
1711328099901,1711327900100,76,1,[],[]
1711328099901,1711327901100,76,1,[],[]
1711328099901,1711327902100,76,1,[],[]
1711328099901,1711327903100,75,1,[],[]
1711328099901,1711327904100,75,1,[],[]
1711328099901,1711327905100,74,1,[],[]
1711328099901,1711327906100,74,1,[],[]
1711328099901,1711327907100,74,1,[],[]
1711328099901,1711327908100,74,1,[],[]
1711328099901,1711327909100,74,1,[],[]
1711328099901,1711327910100,75,1,[],[]
1711328099901,1711327911100,76,1,[],[]
1711328099901,1711327912100,77,1,[],[]
1711328099901,1711327913100,78,1,[],[]
1711328099901,1711327914100,80,1,[],[]
1711328099901,1711327915100,81,1,[],[]
1711328099901,1711327916100,82,1,[],[]
1711328099901,1711327917100,82,1,[],[]
1711328099901,1711327918100,81,1,[],[]
1711328099901,1711327919100,81,1,[],[]
1711328099901,1711327920100,81,1,[],[]
1711328099901,1711327921100,81,1,[],[]
1711328099901,1711327922100,81,1,[],[]
1711328099901,1711327923100,81,1,[],[]
1711328099901,1711327924100,81,1,[],[]
1711328099901,1711327925100,81,1,[],[]
1711328099901,1711327926100,81,1,[],[]
1711328099901,1711327927100,81,1,[],[]
1711328099901,1711327928100,80,1,[],[]
1711328099901,1711327929100,80,1,[],[]
1711328099901,1711327930100,79,1,[],[]
1711328099901,1711327931100,79,1,[],[]
1711328099901,1711327932100,79,1,[],[]
1711328099901,1711327933100,80,1,[],[]
1711328099901,1711327934100,80,1,[],[]
1711328099901,1711327935100,81,1,[],[]
1711328099901,1711327936100,81,1,[],[]
1711328099901,1711327937100,82,1,[],[]
1711328099901,1711327938100,82,1,[],[]
1711328099901,1711327939100,82,1,[],[]
1711328099901,1711327940100,82,1,[],[]
1711328099901,1711327941100,82,1,[],[]
1711328099901,1711327942100,82,1,[],[]
1711328099901,1711327943100,82,1,[],[]
1711328099901,1711327944100,82,1,[],[]
1711328099901,1711327945100,82,1,[],[]
1711328099901,1711327946100,82,1,[],[]
1711328099901,1711327947100,82,1,[],[]
1711328099901,1711327948100,82,1,[],[]
1711328099901,1711327949100,82,1,[],[]
1711328099901,1711327950100,82,1,[],[]
1711328099901,1711327951100,82,1,[],[]
1711328099901,1711327952100,82,1,[],[]
1711328099901,1711327953100,83,1,[],[]
1711328099901,1711327954100,83,1,[],[]
1711328099901,1711327955100,84,1,[],[]
1711328099901,1711327956100,85,1,[],[]
1711328099901,1711327957100,85,1,[],[]
1711328099901,1711327958100,86,1,[],[]
1711328099901,1711327959100,85,1,[],[]
1711328099901,1711327960100,86,1,[],[]
1711328099901,1711327961100,86,1,[],[]
1711328099901,1711327962100,87,1,[],[]
1711328099901,1711327963100,87,1,[],[]
1711328099901,1711327964100,88,1,[],[]
1711328099901,1711327965100,90,1,[],[]
1711328099901,1711327966100,91,1,[],[]
1711328099901,1711327967100,91,1,[],[]
1711328099901,1711327968100,92,1,[],[]
1711328099901,1711327969100,93,1,[],[]
1711328099901,1711327970100,91,1,[],[]
1711328099901,1711327971100,91,1,[],[]
1711328099901,1711327972100,90,1,[],[]
1711328099901,1711327973100,90,1,[],[]
1711328099901,1711327974100,89,1,[],[]
1711328099901,1711327975100,89,1,[],[]
1711328099901,1711327976100,89,1,[],[]
1711328099901,1711327977100,88,1,[],[]
1711328099901,1711327978100,87,1,[],[]
1711328099901,1711327979100,87,1,[],[]
1711328099901,1711327980100,86,1,[],[]
1711328099901,1711327981100,86,1,[],[]
1711328099901,1711327982100,85,1,[],[]
1711328099901,1711327983100,84,1,[],[]
1711328099901,1711327984100,83,1,[],[]
1711328099901,1711327985100,83,1,[],[]
1711328099901,1711327986100,83,1,[],[]
1711328099901,1711327987100,82,1,[],[]
1711328099901,1711327988100,83,1,[],[]
1711328099901,1711327989100,82,1,[],[]
1711328099901,1711327990100,83,1,[],[]
1711328099901,1711327991100,82,1,[],[]
1711328099901,1711327992100,83,1,[],[]
1711328099901,1711327993100,83,1,[],[]
1711328099901,1711327994100,83,1,[],[]
1711328099901,1711327995100,83,1,[],[]
1711328099901,1711327996100,84,1,[],[]
1711328099901,1711327997100,84,1,[],[]
1711328099901,1711327998100,84,1,[],[]
1711328099901,1711327999100,84,1,[],[]
1711328099901,1711328000100,85,1,[],[]
1711328099901,1711328001100,85,1,[],[]
1711328099901,1711328002100,85,1,[],[]
1711328099901,1711328003100,85,1,[],[]
1711328099901,1711328004100,85,1,[],[]
1711328099901,1711328005100,84,1,[],[]
1711328099901,1711328006100,85,1,[],[]
1711328099901,1711328007100,84,1,[],[]
1711328099901,1711328008100,84,1,[],[]
1711328099901,1711328009100,85,1,[],[]
1711328099901,1711328010100,85,1,[],[]
1711328099901,1711328011100,85,1,[],[]
1711328099901,1711328012100,84,1,[],[]
1711328099901,1711328013100,84,1,[],[]
1711328099901,1711328014100,84,1,[],[]
1711328099901,1711328015100,84,1,[],[]
1711328099901,1711328016100,83,1,[],[]
1711328099901,1711328017100,83,1,[],[]
1711328099901,1711328018100,83,1,[],[]
1711328099901,1711328019100,83,1,[],[]
1711328099901,1711328020100,84,1,[],[]
1711328099901,1711328021100,84,1,[],[]
1711328099901,1711328022100,84,1,[],[]
1711328099901,1711328023100,83,1,[],[]
1711328099901,1711328024100,82,1,[],[]
1711328099901,1711328025100,81,1,[],[]
1711328099901,1711328026100,80,1,[],[]
1711328099901,1711328027100,79,1,[],[]
1711328099901,1711328028100,78,1,[],[]
1711328099901,1711328029100,76,1,[],[]
1711328099901,1711328030100,76,1,[],[]
1711328099901,1711328031100,75,1,[],[]
1711328099901,1711328032100,75,1,[],[]
1711328099901,1711328033100,75,1,[],[]
1711328099901,1711328034100,75,1,[],[]
1711328099901,1711328035100,76,1,[],[]
1711328099901,1711328036100,77,1,[],[]
1711328099901,1711328037100,77,1,[],[]
1711328099901,1711328038100,77,1,[],[]
1711328099901,1711328039100,77,1,[],[]
1711328099901,1711328040100,77,1,[],[]
1711328099901,1711328041100,78,1,[],[]
1711328099901,1711328042100,78,1,[],[]
1711328099901,1711328043100,77,1,[],[]
1711328099901,1711328044100,77,1,[],[]
1711328099901,1711328045100,77,1,[],[]
1711328099901,1711328046100,77,1,[],[]
1711328099901,1711328047100,77,1,[],[]
1711328099901,1711328048100,77,1,[],[]
1711328099901,1711328049100,77,1,[],[]
1711328099901,1711328050100,77,1,[],[]
1711328099901,1711328051100,78,1,[],[]
1711328099901,1711328052100,78,1,[],[]
1711328099901,1711328053100,78,1,[],[]
1711328099901,1711328054100,78,1,[],[]
1711328099901,1711328055100,78,1,[],[]
1711328099901,1711328056100,79,1,[],[]
1711328099901,1711328057100,79,1,[],[]
1711328099901,1711328058100,79,1,[],[]
1711328099901,1711328059100,80,1,[],[]
1711328099901,1711328060100,80,1,[],[]
1711328099901,1711328061100,80,1,[],[]
1711328099901,1711328062100,80,1,[],[]
1711328099901,1711328063100,79,1,[],[]
1711328099901,1711328064100,79,1,[],[]
1711328099901,1711328065100,78,1,[],[]
1711328099901,1711328066100,79,1,[],[]
1711328099901,1711328067100,79,1,[],[]
1711328099901,1711328068100,79,1,[],[]
1711328099901,1711328069100,80,1,[],[]
1711328099901,1711328070100,80,1,[],[]
1711328099901,1711328071100,81,1,[],[]
1711328099901,1711328072100,82,1,[],[]
1711328099901,1711328073100,83,1,[],[]
1711328099901,1711328074100,84,1,[],[]
1711328099901,1711328075100,85,1,[],[]
1711328099901,1711328076100,85,1,[],[]
1711328099901,1711328077100,85,1,[],[]
1711328099901,1711328078100,85,1,[],[]
1711328099901,1711328079100,84,1,[],[]
1711328099901,1711328080100,83,1,[],[]
1711328099901,1711328081100,82,1,[],[]
1711328099901,1711328082100,82,1,[],[]
1711328099901,1711328083100,81,1,[],[]
1711328099901,1711328084100,81,1,[],[]
1711328099901,1711328085100,80,1,[],[]
1711328099901,1711328086100,80,1,[],[]
1711328099901,1711328087100,80,1,[],[]
1711328099901,1711328088100,81,1,[],[]
1711328099901,1711328089100,81,1,[],[]
1711328099901,1711328090100,82,1,[],[]
1711328099901,1711328091100,81,1,[],[]
1711328099901,1711328092100,81,1,[],[]
1711328099901,1711328093100,80,1,[],[]
1711328099901,1711328094100,79,1,[],[]
1711328099901,1711328095100,78,1,[],[]
1711328099901,1711328096100,78,1,[],[]
1711328099901,1711328097100,77,1,[],[]
1711328099901,1711328098100,76,1,[],[]
1711328099901,1711328099100,75,1,[],[]
1711328099901,1711328100100,75,1,[],[]
1711328553543,1711328102605,74,1,"[788,823,860,839,766,741,729,438,395,603,658,683,576,752,728,776,829,831,855,822,786,763,750,717,688,710,684,701,722,737,760,745,734,763,759,759,743,753,747,756,718,701,714,725,722,732,718,696,699,728,754,761,726,726,751,740,654,751,638,650,650,643,658,620,626,648,611,593,588,591,611,594,602,599,589,568,452,792,1193,556,622,655,617,644,1917,656,622,623,644,607,613,613,589,646,615,618,625,610,613,597,590,610,601,702,560,658,599,605,598,610,592,589,562,593,625,659,647,630,634,555,683,662,1243,640,636,1915,684,657,670,647,260,1021,626,628,579,586,705,642,853,368,1525,833,582,1554,582,599,1821,585,622,602,613,636,642,641,654,583,583,843,1009,644,1217,627,633,653,705,692,639,641,658,621,680,639,660,662,628,676,685,683,679,678,690,724,629,650,669,641,657,701,669,731,687,710,719,750,1454,563,609,1017,982,881,2100,558,1413,675,655,650,670,667,658,710,708,674,771,646,634,694,932,2300,762,1147,1148,568,833,1224,865,559,665,703,658,747,683,762,547,631,686,635,656,628,685,710,740,711,775,1291,783,670,767,2044,1170,1077,1199,681,796,609,1995,714,690,680,701,725,654,673,769,787,711,736,1485,715,712,686,628,738,622,662,664,688,720,672,676,679,712,726,691,713,678,724,681,711,710,701,709,638,640,643,643,645,717,750,469,611,681,470,889,358,1123,744,716,738,757,658,1304,933,605,610,795,689,2281,753,2148,671,389,464,771,755,721,1540,709,665,703,739,748,708,786,1538,1050,450,429,281,439,618,711,711,1580,746,797,781,778,785,772,820,529,718,260,750,975,655,395,683,668,678,690,661,718,715,733,736,751,746,733,704,731,912,510,481,968,691,703,710,718,728,729,750,758,779,788,791,749,736,731,761,776,795,786,745,756,777,818,823,807,765,776,786,805,794,801,780,812,832,839,836,774,754,772,781,794,804,763,769,790,825,786,808,758,771,782,803,818,794,768,798,837,771,1490,750,764,782,771,782,758,749,742,739,730,736,747,719,692,700,711,710,709,733,756,745,773,779,732,721,721,742,749,756,779,749,732,757,785,805,743,747,759,780,797,828,778,778,798,813,822,772,779,767,771,775,776,802,786,778,745,787,786,788,739,716,718,764,823,860,844,864,833,845,864,870,870,814,772,797,809,847,826,770,818,840,846,908,812,801,817,835,791,758,783,808,806,786,744,784,774,786,766,769,720,747,756,789,764,726,683,762,822,840,789,793,811,823,822,820,817,789,790,800,821,822,792,809,798,799,803,812,795,746,759,784,797,805,808,723,782,816,878,899,891,836,794,849,839,842,807,762,787,789,785,755,760,802,840,875,834,784,834]","[0,0,0,0,0,0,0,0,0,0,0,0,0,0,0,0,0,0,0,0,0,0,0,0,0,0,0,0,0,0,0,0,0,0,0,0,0,0,0,0,0,0,0,0,0,0,0,0,0,0,0,0,0,0,0,0,0,0,0,0,0,0,0,0,0,0,0,0,0,0,0,0,0,0,0,0,0,-1,-1,-1,-1,0,0,0,0,0,0,0,0,0,0,0,0,0,0,0,0,0,0,0,0,0,0,0,0,0,0,0,0,0,0,0,0,0,0,0,0,-1,-1,-1,-1,-1,-1,-1,-1,0,0,0,-1,-1,-1,-1,-1,0,0,0,0,0,-1,-1,-1,-1,-1,-1,-1,-1,-1,0,0,0,0,0,0,0,0,0,0,0,0,0,0,0,0,0,0,0,0,0,0,0,0,0,0,0,0,0,0,0,0,0,0,0,0,0,0,0,0,0,0,0,0,-1,-1,-1,-1,-1,-1,-1,-1,-1,-1,-1,-1,-1,0,0,0,0,0,0,0,0,0,-1,-1,-1,-1,-1,-1,-1,-1,-1,-1,-1,-1,-1,-1,-1,-1,-1,-1,0,0,0,0,0,0,0,0,0,0,0,0,-1,-1,-1,-1,-1,-1,-1,-1,-1,-1,-1,0,0,0,0,0,-1,-1,-1,-1,0,0,0,0,0,0,0,0,0,0,0,0,0,0,0,0,0,0,0,0,0,0,0,0,0,0,0,0,0,0,0,0,0,0,0,0,0,0,-1,-1,-1,-1,0,0,0,0,-1,-1,-1,-1,-1,-1,-1,-1,-1,-1,-1,-1,-1,-1,-1,-1,0,0,0,0,0,0,0,0,-1,-1,-1,-1,-1,-1,-1,-1,-1,0,0,0,0,0,0,0,0,0,0,0,0,-1,-1,-1,-1,0,0,0,0,0,0,0,0,0,0,0,0,0,-1,-1,-1,-1,0,0,0,0,0,0,0,0,0,0,0,0,0,0,0,0,0,0,0,0,0,0,0,0,0,0,0,0,0,0,0,0,0,0,0,0,0,0,0,0,0,0,0,0,0,0,0,0,0,0,0,0,0,0,0,0,0,0,0,0,0,0,0,0,0,0,0,0,0,0,0,0,0,0,0,0,0,0,0,0,0,0,0,0,0,0,0,0,0,0,0,0,0,0,0,0,0,0,0,0,0,0,0,0,0,0,0,0,0,0,0,0,0,0,0,0,0,0,0,0,0,0,0,0,0,0,0,0,0,0,0,0,0,0,0,0,0,0,0,0,0,0,0,0,0,0,0,0,0,0,0,0,0,0,0,0,0,0,0,0,0,0,0,0,0,0,0,0,0,0,0,0,0,0,0,0,0,0,0,0,0,0,0,0,0,0,0,0,0,0,0,0,0,0,0,0,0,0,0,0,0,0,0,0,0,0,0,0,0,0,0,0,0,0,0,0]"
1711328553543,1711328103605,75,1,[],[]
1711328553543,1711328104605,75,1,[],[]
1711328553543,1711328105605,77,1,[],[]
1711328553543,1711328106605,79,1,[],[]
1711328553543,1711328107605,80,1,[],[]
1711328553543,1711328108605,79,1,[],[]
1711328553543,1711328109605,79,1,[],[]
1711328553543,1711328110605,77,1,[],[]
1711328553543,1711328111605,77,1,[],[]
1711328553543,1711328112605,76,1,[],[]
1711328553543,1711328113605,76,1,[],[]
1711328553543,1711328114605,77,1,[],[]
1711328553543,1711328115605,78,1,[],[]
1711328553543,1711328116605,79,1,[],[]
1711328553543,1711328117605,81,1,[],[]
1711328553543,1711328118605,81,1,[],[]
1711328553543,1711328119605,81,1,[],[]
1711328553543,1711328120605,82,1,[],[]
1711328553543,1711328121605,81,1,[],[]
1711328553543,1711328122605,81,1,[],[]
1711328553543,1711328123605,81,1,[],[]
1711328553543,1711328124605,80,1,[],[]
1711328553543,1711328125605,80,1,[],[]
1711328553543,1711328126605,80,1,[],[]
1711328553543,1711328127605,81,1,[],[]
1711328553543,1711328128605,81,1,[],[]
1711328553543,1711328129605,82,1,[],[]
1711328553543,1711328130605,82,1,[],[]
1711328553543,1711328131605,83,1,[],[]
1711328553543,1711328132605,83,1,[],[]
1711328553543,1711328133605,83,1,[],[]
1711328553543,1711328134605,83,1,[],[]
1711328553543,1711328135605,83,1,[],[]
1711328553543,1711328136605,82,1,[],[]
1711328553543,1711328137605,82,1,[],[]
1711328553543,1711328138605,82,1,[],[]
1711328553543,1711328139605,83,1,[],[]
1711328553543,1711328140605,84,1,[],[]
1711328553543,1711328141605,85,1,[],[]
1711328553543,1711328142605,86,1,[],[]
1711328553543,1711328143605,88,1,[],[]
1711328553543,1711328144605,89,1,[],[]
1711328553543,1711328145605,91,1,[],[]
1711328553543,1711328146605,93,1,[],[]
1711328553543,1711328147605,95,1,[],[]
1711328553543,1711328148605,96,1,[],[]
1711328553543,1711328149605,97,1,[],[]
1711328553543,1711328150605,99,1,[],[]
1711328553543,1711328151605,100,1,[],[]
1711328553543,1711328152605,100,1,[],[]
1711328553543,1711328153605,99,1,[],[]
1711328553543,1711328154605,99,1,[],[]
1711328553543,1711328155605,98,1,[],[]
1711328553543,1711328156605,97,1,[],[]
1711328553543,1711328157605,96,1,[],[]
1711328553543,1711328158605,96,1,[],[]
1711328553543,1711328159605,96,1,[],[]
1711328553543,1711328160605,95,1,[],[]
1711328553543,1711328161605,96,1,[],[]
1711328553543,1711328162605,96,1,[],[]
1711328553543,1711328163605,96,1,[],[]
1711328553543,1711328164605,96,1,[],[]
1711328553543,1711328165605,97,1,[],[]
1711328553543,1711328166605,97,1,[],[]
1711328553543,1711328167605,97,1,[],[]
1711328553543,1711328168605,97,1,[],[]
1711328553543,1711328169605,97,1,[],[]
1711328553543,1711328170605,97,1,[],[]
1711328553543,1711328171605,97,1,[],[]
1711328553543,1711328172605,97,1,[],[]
1711328553543,1711328173605,98,1,[],[]
1711328553543,1711328174605,99,1,[],[]
1711328553543,1711328175605,99,1,[],[]
1711328553543,1711328176605,99,1,[],[]
1711328553543,1711328177605,98,1,[],[]
1711328553543,1711328178605,98,1,[],[]
1711328553543,1711328179605,98,1,[],[]
1711328553543,1711328180605,97,1,[],[]
1711328553543,1711328181605,96,1,[],[]
1711328553543,1711328182605,96,1,[],[]
1711328553543,1711328183605,96,1,[],[]
1711328553543,1711328184605,96,1,[],[]
1711328553543,1711328185605,96,1,[],[]
1711328553543,1711328186605,98,1,[],[]
1711328553543,1711328187605,100,1,[],[]
1711328553543,1711328188605,102,1,[],[]
1711328553543,1711328189605,102,1,[],[]
1711328553543,1711328190605,103,1,[],[]
1711328553543,1711328191605,102,1,[],[]
1711328553543,1711328192605,101,1,[],[]
1711328553543,1711328193605,102,1,[],[]
1711328553543,1711328194605,102,1,[],[]
1711328553543,1711328195605,102,1,[],[]
1711328553543,1711328196605,103,1,[],[]
1711328553543,1711328197605,106,1,[],[]
1711328553543,1711328198605,107,1,[],[]
1711328553543,1711328199605,105,1,[],[]
1711328553543,1711328200605,105,1,[],[]
1711328553543,1711328201605,104,1,[],[]
1711328553543,1711328202605,103,1,[],[]
1711328553543,1711328203605,102,1,[],[]
1711328553543,1711328204605,101,1,[],[]
1711328553543,1711328205605,99,1,[],[]
1711328553543,1711328206605,98,1,[],[]
1711328553543,1711328207605,98,1,[],[]
1711328553543,1711328208605,99,1,[],[]
1711328553543,1711328209605,101,1,[],[]
1711328553543,1711328210605,102,1,[],[]
1711328553543,1711328211605,101,1,[],[]
1711328553543,1711328212605,100,1,[],[]
1711328553543,1711328213605,99,1,[],[]
1711328553543,1711328214605,98,1,[],[]
1711328553543,1711328215605,97,1,[],[]
1711328553543,1711328216605,96,1,[],[]
1711328553543,1711328217605,94,1,[],[]
1711328553543,1711328218605,94,1,[],[]
1711328553543,1711328219605,93,1,[],[]
1711328553543,1711328220605,93,1,[],[]
1711328553543,1711328221605,93,1,[],[]
1711328553543,1711328222605,92,1,[],[]
1711328553543,1711328223605,91,1,[],[]
1711328553543,1711328224605,90,1,[],[]
1711328553543,1711328225605,89,1,[],[]
1711328553543,1711328226605,89,1,[],[]
1711328553543,1711328227605,89,1,[],[]
1711328553543,1711328228605,90,1,[],[]
1711328553543,1711328229605,90,1,[],[]
1711328553543,1711328230605,89,1,[],[]
1711328553543,1711328231605,89,1,[],[]
1711328553543,1711328232605,88,1,[],[]
1711328553543,1711328233605,87,1,[],[]
1711328553543,1711328234605,86,1,[],[]
1711328553543,1711328235605,86,1,[],[]
1711328553543,1711328236605,85,1,[],[]
1711328553543,1711328237605,85,1,[],[]
1711328553543,1711328238605,85,1,[],[]
1711328553543,1711328239605,86,1,[],[]
1711328553543,1711328240605,85,1,[],[]
1711328553543,1711328241605,86,1,[],[]
1711328553543,1711328242605,87,1,[],[]
1711328553543,1711328243605,86,1,[],[]
1711328553543,1711328244605,88,1,[],[]
1711328553543,1711328245605,88,1,[],[]
1711328553543,1711328246605,89,1,[],[]
1711328553543,1711328247605,89,1,[],[]
1711328553543,1711328248605,89,1,[],[]
1711328553543,1711328249605,89,1,[],[]
1711328553543,1711328250605,88,1,[],[]
1711328553543,1711328251605,89,1,[],[]
1711328553543,1711328252605,88,1,[],[]
1711328553543,1711328253605,87,1,[],[]
1711328553543,1711328254605,86,1,[],[]
1711328553543,1711328255605,86,1,[],[]
1711328553543,1711328256605,86,1,[],[]
1711328553543,1711328257605,85,1,[],[]
1711328553543,1711328258605,85,1,[],[]
1711328553543,1711328259605,87,1,[],[]
1711328553543,1711328260605,89,1,[],[]
1711328553543,1711328261605,91,1,[],[]
1711328553543,1711328262605,90,1,[],[]
1711328553543,1711328263605,88,1,[],[]
1711328553543,1711328264605,88,1,[],[]
1711328553543,1711328265605,89,1,[],[]
1711328553543,1711328266605,88,1,[],[]
1711328553543,1711328267605,88,1,[],[]
1711328553543,1711328268605,88,1,[],[]
1711328553543,1711328269605,89,1,[],[]
1711328553543,1711328270605,90,1,[],[]
1711328553543,1711328271605,90,1,[],[]
1711328553543,1711328272605,90,1,[],[]
1711328553543,1711328273605,90,1,[],[]
1711328553543,1711328274605,89,1,[],[]
1711328553543,1711328275605,89,1,[],[]
1711328553543,1711328276605,89,1,[],[]
1711328553543,1711328277605,88,1,[],[]
1711328553543,1711328278605,87,1,[],[]
1711328553543,1711328279605,86,1,[],[]
1711328553543,1711328280605,87,1,[],[]
1711328553543,1711328281605,88,1,[],[]
1711328553543,1711328282605,89,1,[],[]
1711328553543,1711328283605,91,1,[],[]
1711328553543,1711328284605,91,1,[],[]
1711328553543,1711328285605,90,1,[],[]
1711328553543,1711328286605,88,1,[],[]
1711328553543,1711328287605,87,1,[],[]
1711328553543,1711328288605,88,1,[],[]
1711328553543,1711328289605,88,1,[],[]
1711328553543,1711328290605,88,1,[],[]
1711328553543,1711328291605,87,1,[],[]
1711328553543,1711328292605,86,1,[],[]
1711328553543,1711328293605,87,1,[],[]
1711328553543,1711328294605,87,1,[],[]
1711328553543,1711328295605,86,1,[],[]
1711328553543,1711328296605,85,1,[],[]
1711328553543,1711328297605,84,1,[],[]
1711328553543,1711328298605,84,1,[],[]
1711328553543,1711328299605,83,1,[],[]
1711328553543,1711328300605,84,1,[],[]
1711328553543,1711328301605,84,1,[],[]
1711328553543,1711328302605,85,1,[],[]
1711328553543,1711328303605,87,1,[],[]
1711328553543,1711328304605,87,1,[],[]
1711328553543,1711328305605,87,1,[],[]
1711328553543,1711328306605,87,1,[],[]
1711328553543,1711328307605,87,1,[],[]
1711328553543,1711328308605,87,1,[],[]
1711328553543,1711328309605,86,1,[],[]
1711328553543,1711328310605,86,1,[],[]
1711328553543,1711328311605,86,1,[],[]
1711328553543,1711328312605,86,1,[],[]
1711328553543,1711328313605,86,1,[],[]
1711328553543,1711328314605,86,1,[],[]
1711328553543,1711328315605,86,1,[],[]
1711328553543,1711328316605,87,1,[],[]
1711328553543,1711328317605,88,1,[],[]
1711328553543,1711328318605,89,1,[],[]
1711328553543,1711328319605,89,1,[],[]
1711328553543,1711328320605,90,1,[],[]
1711328553543,1711328321605,90,1,[],[]
1711328553543,1711328322605,91,1,[],[]
1711328553543,1711328323605,92,1,[],[]
1711328553543,1711328324605,91,1,[],[]
1711328553543,1711328325605,91,1,[],[]
1711328553543,1711328326605,89,1,[],[]
1711328553543,1711328327605,89,1,[],[]
1711328553543,1711328328605,89,1,[],[]
1711328553543,1711328329605,88,1,[],[]
1711328553543,1711328330605,87,1,[],[]
1711328553543,1711328331605,86,1,[],[]
1711328553543,1711328332605,85,1,[],[]
1711328553543,1711328333605,86,1,[],[]
1711328553543,1711328334605,84,1,[],[]
1711328553543,1711328335605,84,1,[],[]
1711328553543,1711328336605,84,1,[],[]
1711328553543,1711328337605,84,1,[],[]
1711328553543,1711328338605,83,1,[],[]
1711328553543,1711328339605,82,1,[],[]
1711328553543,1711328340605,81,1,[],[]
1711328553543,1711328341605,81,1,[],[]
1711328553543,1711328342605,81,1,[],[]
1711328553543,1711328343605,81,1,[],[]
1711328553543,1711328344605,81,1,[],[]
1711328553543,1711328345605,82,1,[],[]
1711328553543,1711328346605,82,1,[],[]
1711328553543,1711328347605,82,1,[],[]
1711328553543,1711328348605,82,1,[],[]
1711328553543,1711328349605,82,1,[],[]
1711328553543,1711328350605,82,1,[],[]
1711328553543,1711328351605,81,1,[],[]
1711328553543,1711328352605,82,1,[],[]
1711328553543,1711328353605,82,1,[],[]
1711328553543,1711328354605,82,1,[],[]
1711328553543,1711328355605,81,1,[],[]
1711328553543,1711328356605,81,1,[],[]
1711328553543,1711328357605,80,1,[],[]
1711328553543,1711328358605,80,1,[],[]
1711328553543,1711328359605,79,1,[],[]
1711328553543,1711328360605,78,1,[],[]
1711328553543,1711328361605,79,1,[],[]
1711328553543,1711328362605,80,1,[],[]
1711328553543,1711328363605,80,1,[],[]
1711328553543,1711328364605,81,1,[],[]
1711328553543,1711328365605,81,1,[],[]
1711328553543,1711328366605,81,1,[],[]
1711328553543,1711328367605,82,1,[],[]
1711328553543,1711328368605,83,1,[],[]
1711328553543,1711328369605,84,1,[],[]
1711328553543,1711328370605,84,1,[],[]
1711328553543,1711328371605,85,1,[],[]
1711328553543,1711328372605,84,1,[],[]
1711328553543,1711328373605,83,1,[],[]
1711328553543,1711328374605,83,1,[],[]
1711328553543,1711328375605,82,1,[],[]
1711328553543,1711328376605,82,1,[],[]
1711328553543,1711328377605,83,1,[],[]
1711328553543,1711328378605,83,1,[],[]
1711328553543,1711328379605,83,1,[],[]
1711328553543,1711328380605,84,1,[],[]
1711328553543,1711328381605,83,1,[],[]
1711328553543,1711328382605,84,1,[],[]
1711328553543,1711328383605,83,1,[],[]
1711328553543,1711328384605,82,1,[],[]
1711328553543,1711328385605,82,1,[],[]
1711328553543,1711328386605,80,1,[],[]
1711328553543,1711328387605,80,1,[],[]
1711328553543,1711328388605,79,1,[],[]
1711328553543,1711328389605,79,1,[],[]
1711328553543,1711328390605,79,1,[],[]
1711328553543,1711328391605,79,1,[],[]
1711328553543,1711328392605,79,1,[],[]
1711328553543,1711328393605,79,1,[],[]
1711328553543,1711328394605,78,1,[],[]
1711328553543,1711328395605,78,1,[],[]
1711328553543,1711328396605,77,1,[],[]
1711328553543,1711328397605,76,1,[],[]
1711328553543,1711328398605,76,1,[],[]
1711328553543,1711328399605,76,1,[],[]
1711328553543,1711328400605,76,1,[],[]
1711328553543,1711328401605,76,1,[],[]
1711328553543,1711328402605,75,1,[],[]
1711328553543,1711328403605,75,1,[],[]
1711328553543,1711328404605,75,1,[],[]
1711328553543,1711328405605,75,1,[],[]
1711328553543,1711328406605,74,1,[],[]
1711328553543,1711328407605,75,1,[],[]
1711328553543,1711328408605,75,1,[],[]
1711328553543,1711328409605,76,1,[],[]
1711328553543,1711328410605,76,1,[],[]
1711328553543,1711328411605,76,1,[],[]
1711328553543,1711328412605,77,1,[],[]
1711328553543,1711328413605,77,1,[],[]
1711328553543,1711328414605,76,1,[],[]
1711328553543,1711328415605,76,1,[],[]
1711328553543,1711328416605,77,1,[],[]
1711328553543,1711328417605,76,1,[],[]
1711328553543,1711328418605,76,1,[],[]
1711328553543,1711328419605,76,1,[],[]
1711328553543,1711328420605,76,1,[],[]
1711328553543,1711328421605,76,1,[],[]
1711328553543,1711328422605,76,1,[],[]
1711328553543,1711328423605,76,1,[],[]
1711328553543,1711328424605,76,1,[],[]
1711328553543,1711328425605,77,1,[],[]
1711328553543,1711328426605,77,1,[],[]
1711328553543,1711328427605,77,1,[],[]
1711328553543,1711328428605,78,1,[],[]
1711328553543,1711328429605,78,1,[],[]
1711328553543,1711328430605,78,1,[],[]
1711328553543,1711328431605,79,1,[],[]
1711328553543,1711328432605,79,1,[],[]
1711328553543,1711328433605,80,1,[],[]
1711328553543,1711328434605,81,1,[],[]
1711328553543,1711328435605,82,1,[],[]
1711328553543,1711328436605,83,1,[],[]
1711328553543,1711328437605,83,1,[],[]
1711328553543,1711328438605,84,1,[],[]
1711328553543,1711328439605,84,1,[],[]
1711328553543,1711328440605,83,1,[],[]
1711328553543,1711328441605,83,1,[],[]
1711328553543,1711328442605,82,1,[],[]
1711328553543,1711328443605,81,1,[],[]
1711328553543,1711328444605,81,1,[],[]
1711328553543,1711328445605,81,1,[],[]
1711328553543,1711328446605,81,1,[],[]
1711328553543,1711328447605,80,1,[],[]
1711328553543,1711328448605,80,1,[],[]
1711328553543,1711328449605,80,1,[],[]
1711328553543,1711328450605,80,1,[],[]
1711328553543,1711328451605,79,1,[],[]
1711328553543,1711328452605,79,1,[],[]
1711328553543,1711328453605,79,1,[],[]
1711328553543,1711328454605,78,1,[],[]
1711328553543,1711328455605,78,1,[],[]
1711328553543,1711328456605,77,1,[],[]
1711328553543,1711328457605,77,1,[],[]
1711328553543,1711328458605,76,1,[],[]
1711328553543,1711328459605,76,1,[],[]
1711328553543,1711328460605,75,1,[],[]
1711328553543,1711328461605,76,1,[],[]
1711328553543,1711328462605,76,1,[],[]
1711328553543,1711328463605,76,1,[],[]
1711328553543,1711328464605,77,1,[],[]
1711328553543,1711328465605,77,1,[],[]
1711328553543,1711328466605,77,1,[],[]
1711328553543,1711328467605,77,1,[],[]
1711328553543,1711328468605,77,1,[],[]
1711328553543,1711328469605,77,1,[],[]
1711328553543,1711328470605,78,1,[],[]
1711328553543,1711328471605,78,1,[],[]
1711328553543,1711328472605,79,1,[],[]
1711328553543,1711328473605,79,1,[],[]
1711328553543,1711328474605,78,1,[],[]
1711328553543,1711328475605,77,1,[],[]
1711328553543,1711328476605,76,1,[],[]
1711328553543,1711328477605,75,1,[],[]
1711328553543,1711328478605,74,1,[],[]
1711328553543,1711328479605,73,1,[],[]
1711328553543,1711328480605,72,1,[],[]
1711328553543,1711328481605,72,1,[],[]
1711328553543,1711328482605,72,1,[],[]
1711328553543,1711328483605,73,1,[],[]
1711328553543,1711328484605,73,1,[],[]
1711328553543,1711328485605,74,1,[],[]
1711328553543,1711328486605,74,1,[],[]
1711328553543,1711328487605,74,1,[],[]
1711328553543,1711328488605,73,1,[],[]
1711328553543,1711328489605,73,1,[],[]
1711328553543,1711328490605,73,1,[],[]
1711328553543,1711328491605,73,1,[],[]
1711328553543,1711328492605,72,1,[],[]
1711328553543,1711328493605,73,1,[],[]
1711328553543,1711328494605,74,1,[],[]
1711328553543,1711328495605,74,1,[],[]
1711328553543,1711328496605,75,1,[],[]
1711328553543,1711328497605,75,1,[],[]
1711328553543,1711328498605,76,1,[],[]
1711328553543,1711328499605,76,1,[],[]
1711328553543,1711328500605,77,1,[],[]
1711328553543,1711328501605,77,1,[],[]
1711328553543,1711328502605,78,1,[],[]
1711328553543,1711328503605,78,1,[],[]
1711328553543,1711328504605,79,1,[],[]
1711328553543,1711328505605,79,1,[],[]
1711328553543,1711328506605,80,1,[],[]
1711328553543,1711328507605,80,1,[],[]
1711328553543,1711328508605,80,1,[],[]
1711328553543,1711328509605,79,1,[],[]
1711328553543,1711328510605,78,1,[],[]
1711328553543,1711328511605,78,1,[],[]
1711328553543,1711328512605,77,1,[],[]
1711328553543,1711328513605,76,1,[],[]
1711328553543,1711328514605,75,1,[],[]
1711328553543,1711328515605,75,1,[],[]
1711328553543,1711328516605,74,1,[],[]
1711328553543,1711328517605,74,1,[],[]
1711328553543,1711328518605,74,1,[],[]
1711328553543,1711328519605,74,1,[],[]
1711328553543,1711328520605,74,1,[],[]
1711328553543,1711328521605,74,1,[],[]
1711328553543,1711328522605,74,1,[],[]
1711328553543,1711328523605,74,1,[],[]
1711328553543,1711328524605,75,1,[],[]
1711328553543,1711328525605,75,1,[],[]
1711328553543,1711328526605,76,1,[],[]
1711328553543,1711328527605,76,1,[],[]
1711328553543,1711328528605,76,1,[],[]
1711328553543,1711328529605,77,1,[],[]
1711328553543,1711328530605,77,1,[],[]
1711328553543,1711328531605,77,1,[],[]
1711328553543,1711328532605,77,1,[],[]
1711328553543,1711328533605,75,1,[],[]
1711328553543,1711328534605,75,1,[],[]
1711328553543,1711328535605,74,1,[],[]
1711328553543,1711328536605,73,1,[],[]
1711328553543,1711328537605,73,1,[],[]
1711328553543,1711328538605,72,1,[],[]
1711328553543,1711328539605,72,1,[],[]
1711328553543,1711328540605,73,1,[],[]
1711328553543,1711328541605,74,1,[],[]
1711328553543,1711328542605,74,1,[],[]
1711328553543,1711328543605,75,1,[],[]
1711328553543,1711328544605,76,1,[],[]
1711328553543,1711328545605,76,1,[],[]
1711328553543,1711328546605,75,1,[],[]
1711328553543,1711328547605,75,1,[],[]
1711328553543,1711328548605,75,1,[],[]
1711328553543,1711328549605,74,1,[],[]
1711328553543,1711328550605,73,1,[],[]
1711328553543,1711328551605,73,1,[],[]
1711328553543,1711328552605,73,1,[],[]
1711328553543,1711328553605,73,1,[],[]
1711328554265,1711328554608,73,1,[864],[0]
1711328555303,1711328555611,73,1,[871],[0]
1711328556280,1711328556614,73,1,[836],[0]
1711328557268,1711328557617,73,1,[751],[0]
1711329300846,1711328560082,73,1,"[827,814,853,786,1125,1043,756,818,913,936,871,799,776,806,853,926,942,872,844,775,746,763,749,778,803,816,814,791,803,808,759,760,785,836,861,814,846,806,1023,1077,1026,1916,2300,598,683,713,762,795,778,793,821,838,845,662,938,753,771,681,712,711,721,734,763,743,724,766,756,767,714,743,761,781,794,751,740,739,728,722,732,733,718,718,741,750,772,784,771,734,771,768,766,731,738,744,760,765,730,723,749,765,780,756,783,776,726,759,740,765,734,720,704,684,672,640,683,683,736,707,713,714,770,763,734,750,754,765,757,752,741,752,752,738,702,757,768,781,796,796,809,807,788,724,775,812,802,797,757,761,775,764,794,762,774,793,825,840,824,826,815,739,761,777,782,790,738,768,782,761,770,779,788,765,771,810,854,1103,1177,382,1096,689,702,709,679,757,739,742,782,777,797,756,775,764,744,738,727,734,707,758,795,761,736,735,741,727,711,754,784,741,812,840,832,792,798,830,824,759,727,757,741,764,779,761,739,784,799,760,800,820,784,775,827,827,785,835,867,861,793,835,835,771,796,784,773,782,718,759,807,806,794,821,832,830,797,825,812,797,836,853,889,860,833,930,831,828,783,758,773,812,825,804,764,821,847,796,825,843,809,814,825,824,809,767,819,781,785,745,822,787,820,855,829,799,804,806,822,829,776,724,709,772,775,734,737,773,758,761,785,759,814,824,792,814,800,743,785,818,797,829,773,798,795,839,783,805,846,831,831,834,853,791,805,841,872,852,846,843,848,825,829,805,753,772,823,854,846,791,797,861,843,830,775,806,802,841,823,795,833,862,838,774,753,819,825,810,829,831,770,763,799,758,776,823,835,871,827,898,872,888,940,927,804,897,900,872,795,799,830,857,876,826,826,868,880,823,813,831,834,804,768,825,846,943,832,779,832,849,870,829,795,780,842,845,849,805,763,791,789,760,773,776,730,748,711,731,740,818,780,809,833,787,816,845,801,791,834,779,798,776,761,702,761,802,782,792,825,837,811,767,769,784,808,735,696,687,700,689,721,720,752,765,755,740,733,708,708,692,717,716,732,755,760,711,755,754,858,1001,516,518,1078,763,454,679,646,640,682,685,694,764,639,642,671,666,638,651,663,686,711,699,704,714,698,706,686,702,702,670,751,758,746,721,777,738,706,623,667,701,736,706,702,737,761,673,688,702,767,773,722,690,720,751,733,718,802,793,775,712,670,475,352,785,758,694,643,361,317,688,670,683,706,691,677,622,619,621,564,620,643,666,686,673,618,626,631,643,661,707,665,688,698,660,641,688,674,744,713,720,716,737,728,690,737,852,727,737,761,766,782,768,712,719,760,798,425,422,1799,625,816,753,696,705,821,754,1207,1053,597,2300,1341,1253,1880,873,731,709,702,668,677,707,729,767,780,816,846,870,875,505,641,516,694,769,758,757,757,762,755,785,706,714,720,794,887,848,912,917,882,868,832,808,762,738,720,727,737,780,739,747,767,798,811,832,798,780,857,896,920,910,845,822,852,903,867,893,886,876,880,865,813,796,840,882,930,858,912,973,1035,988,937,884,821,917,933,981,978,872,833,860,928,922,920,854,911,923,965,869,774,789,853,861,963,888,829,859,919,945,953,892,825,855,925,915,821,787,789,840,910,917,841,843,935,991,993,872,861,901,942,922,855,806,838,861,885,818,789,817,888,906,845,830,880,875,847,784,804,802,805,810,771,780,800,842,895,848,807,862,912,892,849,783,809,811,844,861,797,814,826,806,785,742,741,737,764,761,799,786,774,739,760,705,731,715,704,718,766,750,805,804,773,744,775,771,765,757,726,758,752,730,703,694,680,661,666,713,731,764,740,733,791,763,794,756,770,791,800,805,788,763,730,712,698,679,702,744,743,783,780,753,774,806,820,795,761,788,792,812,754,734,771,748,807,782,751,779,786,793,779,759,799,801,861,790,744,734,697,711,725,720,797,829,868,845,834,842,812,753,776,763,759,700,713,721,734,718,705,732,753,789,773,744,784,808,819,808,726,763,782,799,786,791,816,835,844,808,778,814,832,873,886,783,819,867,878,872,807,819,837,836,814,770,826,835,838,770,854,853,876,834,779,834,834,830,795,750,787,792,792,800,762,782]","[-1,-1,-1,-1,-1,-1,-1,0,0,0,-1,-1,-1,-1,0,0,0,0,0,0,0,0,0,0,0,0,0,0,0,0,0,0,0,0,0,0,0,0,0,-1,-1,-1,-1,0,0,0,0,0,0,0,0,-1,-1,-1,-1,0,0,0,0,0,0,0,0,0,0,0,0,0,0,0,0,0,0,0,0,0,0,0,0,0,0,0,0,0,0,0,0,0,0,0,0,0,0,0,0,0,0,0,0,0,0,0,0,0,0,0,0,0,0,0,0,0,0,0,0,0,0,0,0,0,0,0,0,0,0,0,0,0,0,0,0,0,0,0,0,0,0,0,0,0,0,0,0,0,0,0,0,0,0,0,0,0,0,0,0,0,0,0,0,0,0,0,0,0,0,0,0,0,0,0,0,0,0,0,-1,-1,-1,-1,-1,-1,-1,0,0,0,0,0,0,0,0,0,0,0,0,0,0,0,0,0,0,0,0,0,0,0,0,0,0,0,0,0,0,0,0,0,0,0,0,0,0,0,0,0,0,0,0,0,0,0,0,0,0,0,0,0,0,0,0,0,0,0,0,0,0,0,0,0,0,0,0,0,0,0,0,0,0,0,0,0,0,0,0,0,0,0,0,0,0,0,0,0,0,0,0,0,0,0,0,0,0,0,0,0,0,0,0,0,0,0,0,0,0,0,0,0,0,0,0,0,0,0,0,0,0,0,0,0,0,0,0,0,0,0,0,0,0,0,0,0,0,0,0,0,0,0,0,0,0,0,0,0,0,0,0,0,0,0,0,0,0,0,0,0,0,0,0,0,0,0,0,0,0,0,0,0,0,0,0,0,0,0,0,0,0,0,0,0,0,0,0,0,0,0,0,0,0,0,0,0,0,0,0,0,0,0,0,0,0,0,0,0,0,0,0,0,0,0,0,0,0,0,0,0,0,0,0,0,0,0,0,0,0,0,0,0,0,0,0,0,0,0,0,0,0,0,0,0,0,0,0,0,0,0,0,0,0,0,0,0,0,0,0,0,0,0,0,0,0,0,0,0,0,0,0,0,0,0,0,0,0,0,0,0,0,0,0,0,0,0,0,0,0,0,0,0,0,-1,-1,-1,-1,-1,-1,-1,-1,0,0,0,0,0,0,0,0,0,0,0,0,0,0,0,0,0,0,0,0,0,0,0,0,0,0,0,0,0,0,0,0,0,0,0,0,0,0,0,0,0,0,0,0,0,0,0,0,0,0,0,-1,-1,-1,-1,-1,0,0,0,0,0,0,0,0,0,0,0,0,0,0,0,0,0,0,0,0,0,0,0,0,0,0,0,0,0,0,0,0,0,0,0,0,0,0,0,0,0,-1,-1,-1,-1,0,0,0,0,0,0,0,0,-1,-1,-1,0,0,0,0,-1,-1,-1,-1,-1,-1,-1,-1,-1,-1,0,0,0,0,0,0,0,0,0,0,0,0,0,0,0,0,0,0,0,0,0,0,0,0,0,0,0,0,0,0,0,0,0,0,0,0,0,0,0,0,0,0,0,0,0,0,0,0,0,0,0,0,0,0,0,0,0,0,0,0,0,0,0,0,0,0,0,0,0,0,0,0,0,0,0,0,0,0,0,0,0,0,0,0,0,0,0,0,0,0,0,0,0,0,0,0,0,0,0,0,0,0,0,0,0,0,0,0,0,0,0,0,0,0,0,0,0,0,0,0,0,0,0,0,0,0,0,0,0,0,0,0,0,0,0,0,0,0,0,0,0,0,0,0,0,0,0,0,0,0,0,0,0,0,0,0,0,0,0,0,0,0,0,0,0,0,0,0,0,0,0,0,0,0,0,0,0,0,0,0,0,0,0,0,0,0,0,0,0,0,0,0,0,0,0,0,0,0,0,0,0,0,0,0,0,0,0,0,0,0,0,0,0,0,0,0,0,0,0,0,0,0,0,0,0,0,0,0,0,0,0,0,0,0,0,0,0,0,0,0,0,0,0,0,0,0,0,0,0,0,0,0,0,0,0,0,0,0,0,0,0,0,0,0,0,0,0,0,0,0,0,0,0,0,0,0,0,0,0,0,0,0,0,0,0,0,0,0,0,0,0,0,0,0,0,0,0,0,0,0,0,0,0,0,0,0,0,0,0,0,0,0,0,0,0,0,0,0,0,0,0,0,0,0,0,0,0]"
1711329300846,1711328561082,74,1,[],[]
1711329300846,1711328562082,73,1,[],[]
1711329300846,1711328563082,72,1,[],[]
1711329300846,1711328564082,70,1,[],[]
1711329300846,1711328565082,71,1,[],[]
1711329300846,1711328566082,71,1,[],[]
1711329300846,1711328567082,72,1,[],[]
1711329300846,1711328568082,71,1,[],[]
1711329300846,1711328569082,71,1,[],[]
1711329300846,1711328570082,70,1,[],[]
1711329300846,1711328571082,70,1,[],[]
1711329300846,1711328572082,71,1,[],[]
1711329300846,1711328573082,72,1,[],[]
1711329300846,1711328574082,73,1,[],[]
1711329300846,1711328575082,74,1,[],[]
1711329300846,1711328576082,75,1,[],[]
1711329300846,1711328577082,75,1,[],[]
1711329300846,1711328578082,75,1,[],[]
1711329300846,1711328579082,75,1,[],[]
1711329300846,1711328580082,76,1,[],[]
1711329300846,1711328581082,76,1,[],[]
1711329300846,1711328582082,76,1,[],[]
1711329300846,1711328583082,76,1,[],[]
1711329300846,1711328584082,75,1,[],[]
1711329300846,1711328585082,75,1,[],[]
1711329300846,1711328586082,74,1,[],[]
1711329300846,1711328587082,75,1,[],[]
1711329300846,1711328588082,74,1,[],[]
1711329300846,1711328589082,75,1,[],[]
1711329300846,1711328590082,77,1,[],[]
1711329300846,1711328591082,79,1,[],[]
1711329300846,1711328592082,79,1,[],[]
1711329300846,1711328593082,80,1,[],[]
1711329300846,1711328594082,81,1,[],[]
1711329300846,1711328595082,83,1,[],[]
1711329300846,1711328596082,82,1,[],[]
1711329300846,1711328597082,81,1,[],[]
1711329300846,1711328598082,81,1,[],[]
1711329300846,1711328599082,80,1,[],[]
1711329300846,1711328600082,79,1,[],[]
1711329300846,1711328601082,79,1,[],[]
1711329300846,1711328602082,78,1,[],[]
1711329300846,1711328603082,77,1,[],[]
1711329300846,1711328604082,77,1,[],[]
1711329300846,1711328605082,79,1,[],[]
1711329300846,1711328606082,80,1,[],[]
1711329300846,1711328607082,81,1,[],[]
1711329300846,1711328608082,81,1,[],[]
1711329300846,1711328609082,81,1,[],[]
1711329300846,1711328610082,81,1,[],[]
1711329300846,1711328611082,81,1,[],[]
1711329300846,1711328612082,81,1,[],[]
1711329300846,1711328613082,81,1,[],[]
1711329300846,1711328614082,81,1,[],[]
1711329300846,1711328615082,80,1,[],[]
1711329300846,1711328616082,80,1,[],[]
1711329300846,1711328617082,79,1,[],[]
1711329300846,1711328618082,80,1,[],[]
1711329300846,1711328619082,80,1,[],[]
1711329300846,1711328620082,81,1,[],[]
1711329300846,1711328621082,81,1,[],[]
1711329300846,1711328622082,81,1,[],[]
1711329300846,1711328623082,82,1,[],[]
1711329300846,1711328624082,81,1,[],[]
1711329300846,1711328625082,81,1,[],[]
1711329300846,1711328626082,81,1,[],[]
1711329300846,1711328627082,80,1,[],[]
1711329300846,1711328628082,80,1,[],[]
1711329300846,1711328629082,80,1,[],[]
1711329300846,1711328630082,80,1,[],[]
1711329300846,1711328631082,80,1,[],[]
1711329300846,1711328632082,80,1,[],[]
1711329300846,1711328633082,80,1,[],[]
1711329300846,1711328634082,80,1,[],[]
1711329300846,1711328635082,81,1,[],[]
1711329300846,1711328636082,80,1,[],[]
1711329300846,1711328637082,80,1,[],[]
1711329300846,1711328638082,79,1,[],[]
1711329300846,1711328639082,79,1,[],[]
1711329300846,1711328640082,79,1,[],[]
1711329300846,1711328641082,79,1,[],[]
1711329300846,1711328642082,79,1,[],[]
1711329300846,1711328643082,80,1,[],[]
1711329300846,1711328644082,81,1,[],[]
1711329300846,1711328645082,82,1,[],[]
1711329300846,1711328646082,83,1,[],[]
1711329300846,1711328647082,84,1,[],[]
1711329300846,1711328648082,84,1,[],[]
1711329300846,1711328649082,85,1,[],[]
1711329300846,1711328650082,85,1,[],[]
1711329300846,1711328651082,84,1,[],[]
1711329300846,1711328652082,84,1,[],[]
1711329300846,1711328653082,83,1,[],[]
1711329300846,1711328654082,83,1,[],[]
1711329300846,1711328655082,82,1,[],[]
1711329300846,1711328656082,81,1,[],[]
1711329300846,1711328657082,81,1,[],[]
1711329300846,1711328658082,80,1,[],[]
1711329300846,1711328659082,80,1,[],[]
1711329300846,1711328660082,81,1,[],[]
1711329300846,1711328661082,80,1,[],[]
1711329300846,1711328662082,80,1,[],[]
1711329300846,1711328663082,80,1,[],[]
1711329300846,1711328664082,79,1,[],[]
1711329300846,1711328665082,78,1,[],[]
1711329300846,1711328666082,78,1,[],[]
1711329300846,1711328667082,77,1,[],[]
1711329300846,1711328668082,77,1,[],[]
1711329300846,1711328669082,77,1,[],[]
1711329300846,1711328670082,77,1,[],[]
1711329300846,1711328671082,77,1,[],[]
1711329300846,1711328672082,77,1,[],[]
1711329300846,1711328673082,77,1,[],[]
1711329300846,1711328674082,77,1,[],[]
1711329300846,1711328675082,77,1,[],[]
1711329300846,1711328676082,77,1,[],[]
1711329300846,1711328677082,77,1,[],[]
1711329300846,1711328678082,76,1,[],[]
1711329300846,1711328679082,76,1,[],[]
1711329300846,1711328680082,75,1,[],[]
1711329300846,1711328681082,75,1,[],[]
1711329300846,1711328682082,75,1,[],[]
1711329300846,1711328683082,76,1,[],[]
1711329300846,1711328684082,76,1,[],[]
1711329300846,1711328685082,77,1,[],[]
1711329300846,1711328686082,77,1,[],[]
1711329300846,1711328687082,77,1,[],[]
1711329300846,1711328688082,78,1,[],[]
1711329300846,1711328689082,78,1,[],[]
1711329300846,1711328690082,78,1,[],[]
1711329300846,1711328691082,78,1,[],[]
1711329300846,1711328692082,78,1,[],[]
1711329300846,1711328693082,78,1,[],[]
1711329300846,1711328694082,78,1,[],[]
1711329300846,1711328695082,78,1,[],[]
1711329300846,1711328696082,79,1,[],[]
1711329300846,1711328697082,79,1,[],[]
1711329300846,1711328698082,80,1,[],[]
1711329300846,1711328699082,81,1,[],[]
1711329300846,1711328700082,81,1,[],[]
1711329300846,1711328701082,82,1,[],[]
1711329300846,1711328702082,81,1,[],[]
1711329300846,1711328703082,81,1,[],[]
1711329300846,1711328704082,81,1,[],[]
1711329300846,1711328705082,80,1,[],[]
1711329300846,1711328706082,80,1,[],[]
1711329300846,1711328707082,79,1,[],[]
1711329300846,1711328708082,79,1,[],[]
1711329300846,1711328709082,80,1,[],[]
1711329300846,1711328710082,80,1,[],[]
1711329300846,1711328711082,80,1,[],[]
1711329300846,1711328712082,80,1,[],[]
1711329300846,1711328713082,80,1,[],[]
1711329300846,1711328714082,80,1,[],[]
1711329300846,1711328715082,80,1,[],[]
1711329300846,1711328716082,81,1,[],[]
1711329300846,1711328717082,81,1,[],[]
1711329300846,1711328718082,81,1,[],[]
1711329300846,1711328719082,80,1,[],[]
1711329300846,1711328720082,80,1,[],[]
1711329300846,1711328721082,79,1,[],[]
1711329300846,1711328722082,78,1,[],[]
1711329300846,1711328723082,77,1,[],[]
1711329300846,1711328724082,76,1,[],[]
1711329300846,1711328725082,76,1,[],[]
1711329300846,1711328726082,76,1,[],[]
1711329300846,1711328727082,77,1,[],[]
1711329300846,1711328728082,77,1,[],[]
1711329300846,1711328729082,78,1,[],[]
1711329300846,1711328730082,78,1,[],[]
1711329300846,1711328731082,78,1,[],[]
1711329300846,1711328732082,78,1,[],[]
1711329300846,1711328733082,78,1,[],[]
1711329300846,1711328734082,78,1,[],[]
1711329300846,1711328735082,77,1,[],[]
1711329300846,1711328736082,77,1,[],[]
1711329300846,1711328737082,76,1,[],[]
1711329300846,1711328738082,76,1,[],[]
1711329300846,1711328739082,75,1,[],[]
1711329300846,1711328740082,75,1,[],[]
1711329300846,1711328741082,74,1,[],[]
1711329300846,1711328742082,73,1,[],[]
1711329300846,1711328743082,73,1,[],[]
1711329300846,1711328744082,73,1,[],[]
1711329300846,1711328745082,73,1,[],[]
1711329300846,1711328746082,74,1,[],[]
1711329300846,1711328747082,75,1,[],[]
1711329300846,1711328748082,75,1,[],[]
1711329300846,1711328749082,76,1,[],[]
1711329300846,1711328750082,77,1,[],[]
1711329300846,1711328751082,77,1,[],[]
1711329300846,1711328752082,76,1,[],[]
1711329300846,1711328753082,76,1,[],[]
1711329300846,1711328754082,75,1,[],[]
1711329300846,1711328755082,75,1,[],[]
1711329300846,1711328756082,75,1,[],[]
1711329300846,1711328757082,75,1,[],[]
1711329300846,1711328758082,74,1,[],[]
1711329300846,1711328759082,74,1,[],[]
1711329300846,1711328760082,72,1,[],[]
1711329300846,1711328761082,72,1,[],[]
1711329300846,1711328762082,71,1,[],[]
1711329300846,1711328763082,71,1,[],[]
1711329300846,1711328764082,71,1,[],[]
1711329300846,1711328765082,72,1,[],[]
1711329300846,1711328766082,73,1,[],[]
1711329300846,1711328767082,73,1,[],[]
1711329300846,1711328768082,74,1,[],[]
1711329300846,1711328769082,74,1,[],[]
1711329300846,1711328770082,74,1,[],[]
1711329300846,1711328771082,75,1,[],[]
1711329300846,1711328772082,75,1,[],[]
1711329300846,1711328773082,74,1,[],[]
1711329300846,1711328774082,74,1,[],[]
1711329300846,1711328775082,74,1,[],[]
1711329300846,1711328776082,74,1,[],[]
1711329300846,1711328777082,74,1,[],[]
1711329300846,1711328778082,74,1,[],[]
1711329300846,1711328779082,74,1,[],[]
1711329300846,1711328780082,75,1,[],[]
1711329300846,1711328781082,75,1,[],[]
1711329300846,1711328782082,75,1,[],[]
1711329300846,1711328783082,75,1,[],[]
1711329300846,1711328784082,75,1,[],[]
1711329300846,1711328785082,75,1,[],[]
1711329300846,1711328786082,75,1,[],[]
1711329300846,1711328787082,74,1,[],[]
1711329300846,1711328788082,74,1,[],[]
1711329300846,1711328789082,74,1,[],[]
1711329300846,1711328790082,74,1,[],[]
1711329300846,1711328791082,75,1,[],[]
1711329300846,1711328792082,76,1,[],[]
1711329300846,1711328793082,77,1,[],[]
1711329300846,1711328794082,78,1,[],[]
1711329300846,1711328795082,78,1,[],[]
1711329300846,1711328796082,79,1,[],[]
1711329300846,1711328797082,79,1,[],[]
1711329300846,1711328798082,79,1,[],[]
1711329300846,1711328799082,78,1,[],[]
1711329300846,1711328800082,78,1,[],[]
1711329300846,1711328801082,77,1,[],[]
1711329300846,1711328802082,77,1,[],[]
1711329300846,1711328803082,76,1,[],[]
1711329300846,1711328804082,76,1,[],[]
1711329300846,1711328805082,76,1,[],[]
1711329300846,1711328806082,76,1,[],[]
1711329300846,1711328807082,75,1,[],[]
1711329300846,1711328808082,75,1,[],[]
1711329300846,1711328809082,75,1,[],[]
1711329300846,1711328810082,75,1,[],[]
1711329300846,1711328811082,75,1,[],[]
1711329300846,1711328812082,75,1,[],[]
1711329300846,1711328813082,74,1,[],[]
1711329300846,1711328814082,74,1,[],[]
1711329300846,1711328815082,73,1,[],[]
1711329300846,1711328816082,73,1,[],[]
1711329300846,1711328817082,73,1,[],[]
1711329300846,1711328818082,73,1,[],[]
1711329300846,1711328819082,72,1,[],[]
1711329300846,1711328820082,72,1,[],[]
1711329300846,1711328821082,72,1,[],[]
1711329300846,1711328822082,71,1,[],[]
1711329300846,1711328823082,71,1,[],[]
1711329300846,1711328824082,71,1,[],[]
1711329300846,1711328825082,72,1,[],[]
1711329300846,1711328826082,73,1,[],[]
1711329300846,1711328827082,73,1,[],[]
1711329300846,1711328828082,73,1,[],[]
1711329300846,1711328829082,74,1,[],[]
1711329300846,1711328830082,74,1,[],[]
1711329300846,1711328831082,74,1,[],[]
1711329300846,1711328832082,73,1,[],[]
1711329300846,1711328833082,73,1,[],[]
1711329300846,1711328834082,73,1,[],[]
1711329300846,1711328835082,73,1,[],[]
1711329300846,1711328836082,73,1,[],[]
1711329300846,1711328837082,73,1,[],[]
1711329300846,1711328838082,74,1,[],[]
1711329300846,1711328839082,73,1,[],[]
1711329300846,1711328840082,73,1,[],[]
1711329300846,1711328841082,73,1,[],[]
1711329300846,1711328842082,74,1,[],[]
1711329300846,1711328843082,74,1,[],[]
1711329300846,1711328844082,74,1,[],[]
1711329300846,1711328845082,74,1,[],[]
1711329300846,1711328846082,74,1,[],[]
1711329300846,1711328847082,74,1,[],[]
1711329300846,1711328848082,75,1,[],[]
1711329300846,1711328849082,75,1,[],[]
1711329300846,1711328850082,76,1,[],[]
1711329300846,1711328851082,75,1,[],[]
1711329300846,1711328852082,75,1,[],[]
1711329300846,1711328853082,74,1,[],[]
1711329300846,1711328854082,74,1,[],[]
1711329300846,1711328855082,73,1,[],[]
1711329300846,1711328856082,72,1,[],[]
1711329300846,1711328857082,71,1,[],[]
1711329300846,1711328858082,70,1,[],[]
1711329300846,1711328859082,70,1,[],[]
1711329300846,1711328860082,69,1,[],[]
1711329300846,1711328861082,69,1,[],[]
1711329300846,1711328862082,69,1,[],[]
1711329300846,1711328863082,70,1,[],[]
1711329300846,1711328864082,70,1,[],[]
1711329300846,1711328865082,71,1,[],[]
1711329300846,1711328866082,71,1,[],[]
1711329300846,1711328867082,71,1,[],[]
1711329300846,1711328868082,71,1,[],[]
1711329300846,1711328869082,71,1,[],[]
1711329300846,1711328870082,71,1,[],[]
1711329300846,1711328871082,72,1,[],[]
1711329300846,1711328872082,72,1,[],[]
1711329300846,1711328873082,72,1,[],[]
1711329300846,1711328874082,73,1,[],[]
1711329300846,1711328875082,73,1,[],[]
1711329300846,1711328876082,72,1,[],[]
1711329300846,1711328877082,72,1,[],[]
1711329300846,1711328878082,72,1,[],[]
1711329300846,1711328879082,72,1,[],[]
1711329300846,1711328880082,72,1,[],[]
1711329300846,1711328881082,72,1,[],[]
1711329300846,1711328882082,72,1,[],[]
1711329300846,1711328883082,73,1,[],[]
1711329300846,1711328884082,73,1,[],[]
1711329300846,1711328885082,72,1,[],[]
1711329300846,1711328886082,73,1,[],[]
1711329300846,1711328887082,73,1,[],[]
1711329300846,1711328888082,74,1,[],[]
1711329300846,1711328889082,74,1,[],[]
1711329300846,1711328890082,75,1,[],[]
1711329300846,1711328891082,76,1,[],[]
1711329300846,1711328892082,77,1,[],[]
1711329300846,1711328893082,78,1,[],[]
1711329300846,1711328894082,79,1,[],[]
1711329300846,1711328895082,79,1,[],[]
1711329300846,1711328896082,79,1,[],[]
1711329300846,1711328897082,78,1,[],[]
1711329300846,1711328898082,78,1,[],[]
1711329300846,1711328899082,76,1,[],[]
1711329300846,1711328900082,76,1,[],[]
1711329300846,1711328901082,75,1,[],[]
1711329300846,1711328902082,75,1,[],[]
1711329300846,1711328903082,75,1,[],[]
1711329300846,1711328904082,75,1,[],[]
1711329300846,1711328905082,75,1,[],[]
1711329300846,1711328906082,76,1,[],[]
1711329300846,1711328907082,77,1,[],[]
1711329300846,1711328908082,77,1,[],[]
1711329300846,1711328909082,77,1,[],[]
1711329300846,1711328910082,77,1,[],[]
1711329300846,1711328911082,77,1,[],[]
1711329300846,1711328912082,76,1,[],[]
1711329300846,1711328913082,76,1,[],[]
1711329300846,1711328914082,76,1,[],[]
1711329300846,1711328915082,76,1,[],[]
1711329300846,1711328916082,77,1,[],[]
1711329300846,1711328917082,77,1,[],[]
1711329300846,1711328918082,78,1,[],[]
1711329300846,1711328919082,79,1,[],[]
1711329300846,1711328920082,80,1,[],[]
1711329300846,1711328921082,81,1,[],[]
1711329300846,1711328922082,81,1,[],[]
1711329300846,1711328923082,81,1,[],[]
1711329300846,1711328924082,81,1,[],[]
1711329300846,1711328925082,82,1,[],[]
1711329300846,1711328926082,82,1,[],[]
1711329300846,1711328927082,83,1,[],[]
1711329300846,1711328928082,83,1,[],[]
1711329300846,1711328929082,83,1,[],[]
1711329300846,1711328930082,82,1,[],[]
1711329300846,1711328931082,82,1,[],[]
1711329300846,1711328932082,81,1,[],[]
1711329300846,1711328933082,80,1,[],[]
1711329300846,1711328934082,81,1,[],[]
1711329300846,1711328935082,83,1,[],[]
1711329300846,1711328936082,83,1,[],[]
1711329300846,1711328937082,85,1,[],[]
1711329300846,1711328938082,85,1,[],[]
1711329300846,1711328939082,85,1,[],[]
1711329300846,1711328940082,86,1,[],[]
1711329300846,1711328941082,86,1,[],[]
1711329300846,1711328942082,86,1,[],[]
1711329300846,1711328943082,86,1,[],[]
1711329300846,1711328944082,87,1,[],[]
1711329300846,1711328945082,88,1,[],[]
1711329300846,1711328946082,88,1,[],[]
1711329300846,1711328947082,89,1,[],[]
1711329300846,1711328948082,88,1,[],[]
1711329300846,1711328949082,88,1,[],[]
1711329300846,1711328950082,87,1,[],[]
1711329300846,1711328951082,87,1,[],[]
1711329300846,1711328952082,87,1,[],[]
1711329300846,1711328953082,87,1,[],[]
1711329300846,1711328954082,86,1,[],[]
1711329300846,1711328955082,86,1,[],[]
1711329300846,1711328956082,85,1,[],[]
1711329300846,1711328957082,85,1,[],[]
1711329300846,1711328958082,84,1,[],[]
1711329300846,1711328959082,84,1,[],[]
1711329300846,1711328960082,84,1,[],[]
1711329300846,1711328961082,86,1,[],[]
1711329300846,1711328962082,86,1,[],[]
1711329300846,1711328963082,86,1,[],[]
1711329300846,1711328964082,86,1,[],[]
1711329300846,1711328965082,85,1,[],[]
1711329300846,1711328966082,85,1,[],[]
1711329300846,1711328967082,84,1,[],[]
1711329300846,1711328968082,84,1,[],[]
1711329300846,1711328969082,83,1,[],[]
1711329300846,1711328970082,83,1,[],[]
1711329300846,1711328971082,83,1,[],[]
1711329300846,1711328972082,83,1,[],[]
1711329300846,1711328973082,83,1,[],[]
1711329300846,1711328974082,82,1,[],[]
1711329300846,1711328975082,81,1,[],[]
1711329300846,1711328976082,82,1,[],[]
1711329300846,1711328977082,82,1,[],[]
1711329300846,1711328978082,83,1,[],[]
1711329300846,1711328979082,82,1,[],[]
1711329300846,1711328980082,83,1,[],[]
1711329300846,1711328981082,84,1,[],[]
1711329300846,1711328982082,85,1,[],[]
1711329300846,1711328983082,84,1,[],[]
1711329300846,1711328984082,86,1,[],[]
1711329300846,1711328985082,87,1,[],[]
1711329300846,1711328986082,89,1,[],[]
1711329300846,1711328987082,91,1,[],[]
1711329300846,1711328988082,93,1,[],[]
1711329300846,1711328989082,93,1,[],[]
1711329300846,1711328990082,93,1,[],[]
1711329300846,1711328991082,93,1,[],[]
1711329300846,1711328992082,93,1,[],[]
1711329300846,1711328993082,93,1,[],[]
1711329300846,1711328994082,93,1,[],[]
1711329300846,1711328995082,92,1,[],[]
1711329300846,1711328996082,91,1,[],[]
1711329300846,1711328997082,91,1,[],[]
1711329300846,1711328998082,90,1,[],[]
1711329300846,1711328999082,90,1,[],[]
1711329300846,1711329000082,89,1,[],[]
1711329300846,1711329001082,88,1,[],[]
1711329300846,1711329002082,87,1,[],[]
1711329300846,1711329003082,86,1,[],[]
1711329300846,1711329004082,86,1,[],[]
1711329300846,1711329005082,85,1,[],[]
1711329300846,1711329006082,84,1,[],[]
1711329300846,1711329007082,83,1,[],[]
1711329300846,1711329008082,82,1,[],[]
1711329300846,1711329009082,81,1,[],[]
1711329300846,1711329010082,80,1,[],[]
1711329300846,1711329011082,80,1,[],[]
1711329300846,1711329012082,80,1,[],[]
1711329300846,1711329013082,80,1,[],[]
1711329300846,1711329014082,80,1,[],[]
1711329300846,1711329015082,80,1,[],[]
1711329300846,1711329016082,81,1,[],[]
1711329300846,1711329017082,81,1,[],[]
1711329300846,1711329018082,79,1,[],[]
1711329300846,1711329019082,80,1,[],[]
1711329300846,1711329020082,80,1,[],[]
1711329300846,1711329021082,80,1,[],[]
1711329300846,1711329022082,80,1,[],[]
1711329300846,1711329023082,80,1,[],[]
1711329300846,1711329024082,82,1,[],[]
1711329300846,1711329025082,84,1,[],[]
1711329300846,1711329026082,85,1,[],[]
1711329300846,1711329027082,85,1,[],[]
1711329300846,1711329028082,85,1,[],[]
1711329300846,1711329029082,87,1,[],[]
1711329300846,1711329030082,85,1,[],[]
1711329300846,1711329031082,85,1,[],[]
1711329300846,1711329032082,84,1,[],[]
1711329300846,1711329033082,85,1,[],[]
1711329300846,1711329034082,87,1,[],[]
1711329300846,1711329035082,88,1,[],[]
1711329300846,1711329036082,87,1,[],[]
1711329300846,1711329037082,86,1,[],[]
1711329300846,1711329038082,85,1,[],[]
1711329300846,1711329039082,84,1,[],[]
1711329300846,1711329040082,84,1,[],[]
1711329300846,1711329041082,83,1,[],[]
1711329300846,1711329042082,85,1,[],[]
1711329300846,1711329043082,86,1,[],[]
1711329300846,1711329044082,87,1,[],[]
1711329300846,1711329045082,86,1,[],[]
1711329300846,1711329046082,86,1,[],[]
1711329300846,1711329047082,84,1,[],[]
1711329300846,1711329048082,83,1,[],[]
1711329300846,1711329049082,83,1,[],[]
1711329300846,1711329050082,82,1,[],[]
1711329300846,1711329051082,82,1,[],[]
1711329300846,1711329052082,81,1,[],[]
1711329300846,1711329053082,80,1,[],[]
1711329300846,1711329054082,79,1,[],[]
1711329300846,1711329055082,78,1,[],[]
1711329300846,1711329056082,77,1,[],[]
1711329300846,1711329057082,75,1,[],[]
1711329300846,1711329058082,73,1,[],[]
1711329300846,1711329059082,73,1,[],[]
1711329300846,1711329060082,74,1,[],[]
1711329300846,1711329061082,75,1,[],[]
1711329300846,1711329062082,77,1,[],[]
1711329300846,1711329063082,78,1,[],[]
1711329300846,1711329064082,79,1,[],[]
1711329300846,1711329065082,80,1,[],[]
1711329300846,1711329066082,80,1,[],[]
1711329300846,1711329067082,79,1,[],[]
1711329300846,1711329068082,78,1,[],[]
1711329300846,1711329069082,77,1,[],[]
1711329300846,1711329070082,76,1,[],[]
1711329300846,1711329071082,75,1,[],[]
1711329300846,1711329072082,74,1,[],[]
1711329300846,1711329073082,73,1,[],[]
1711329300846,1711329074082,72,1,[],[]
1711329300846,1711329075082,71,1,[],[]
1711329300846,1711329076082,71,1,[],[]
1711329300846,1711329077082,69,1,[],[]
1711329300846,1711329078082,69,1,[],[]
1711329300846,1711329079082,69,1,[],[]
1711329300846,1711329080082,69,1,[],[]
1711329300846,1711329081082,68,1,[],[]
1711329300846,1711329082082,68,1,[],[]
1711329300846,1711329083082,69,1,[],[]
1711329300846,1711329084082,70,1,[],[]
1711329300846,1711329085082,70,1,[],[]
1711329300846,1711329086082,70,1,[],[]
1711329300846,1711329087082,70,1,[],[]
1711329300846,1711329088082,69,1,[],[]
1711329300846,1711329089082,68,1,[],[]
1711329300846,1711329090082,67,1,[],[]
1711329300846,1711329091082,66,1,[],[]
1711329300846,1711329092082,65,1,[],[]
1711329300846,1711329093082,65,1,[],[]
1711329300846,1711329094082,66,1,[],[]
1711329300846,1711329095082,66,1,[],[]
1711329300846,1711329096082,66,1,[],[]
1711329300846,1711329097082,65,1,[],[]
1711329300846,1711329098082,65,1,[],[]
1711329300846,1711329099082,65,1,[],[]
1711329300846,1711329100082,66,1,[],[]
1711329300846,1711329101082,67,1,[],[]
1711329300846,1711329102082,67,1,[],[]
1711329300846,1711329103082,67,1,[],[]
1711329300846,1711329104082,67,1,[],[]
1711329300846,1711329105082,67,1,[],[]
1711329300846,1711329106082,67,1,[],[]
1711329300846,1711329107082,66,1,[],[]
1711329300846,1711329108082,67,1,[],[]
1711329300846,1711329109082,68,1,[],[]
1711329300846,1711329110082,69,1,[],[]
1711329300846,1711329111082,69,1,[],[]
1711329300846,1711329112082,69,1,[],[]
1711329300846,1711329113082,69,1,[],[]
1711329300846,1711329114082,69,1,[],[]
1711329300846,1711329115082,69,1,[],[]
1711329300846,1711329116082,69,1,[],[]
1711329300846,1711329117082,68,1,[],[]
1711329300846,1711329118082,67,1,[],[]
1711329300846,1711329119082,67,1,[],[]
1711329300846,1711329120082,68,1,[],[]
1711329300846,1711329121082,67,1,[],[]
1711329300846,1711329122082,67,1,[],[]
1711329300846,1711329123082,68,1,[],[]
1711329300846,1711329124082,69,1,[],[]
1711329300846,1711329125082,70,1,[],[]
1711329300846,1711329126082,70,1,[],[]
1711329300846,1711329127082,70,1,[],[]
1711329300846,1711329128082,70,1,[],[]
1711329300846,1711329129082,70,1,[],[]
1711329300846,1711329130082,69,1,[],[]
1711329300846,1711329131082,68,1,[],[]
1711329300846,1711329132082,67,1,[],[]
1711329300846,1711329133082,67,1,[],[]
1711329300846,1711329134082,66,1,[],[]
1711329300846,1711329135082,66,1,[],[]
1711329300846,1711329136082,66,1,[],[]
1711329300846,1711329137082,67,1,[],[]
1711329300846,1711329138082,67,1,[],[]
1711329300846,1711329139082,68,1,[],[]
1711329300846,1711329140082,69,1,[],[]
1711329300846,1711329141082,70,1,[],[]
1711329300846,1711329142082,70,1,[],[]
1711329300846,1711329143082,71,1,[],[]
1711329300846,1711329144082,71,1,[],[]
1711329300846,1711329145082,71,1,[],[]
1711329300846,1711329146082,71,1,[],[]
1711329300846,1711329147082,71,1,[],[]
1711329300846,1711329148082,70,1,[],[]
1711329300846,1711329149082,71,1,[],[]
1711329300846,1711329150082,71,1,[],[]
1711329300846,1711329151082,72,1,[],[]
1711329300846,1711329152082,73,1,[],[]
1711329300846,1711329153082,73,1,[],[]
1711329300846,1711329154082,74,1,[],[]
1711329300846,1711329155082,75,1,[],[]
1711329300846,1711329156082,75,1,[],[]
1711329300846,1711329157082,74,1,[],[]
1711329300846,1711329158082,74,1,[],[]
1711329300846,1711329159082,73,1,[],[]
1711329300846,1711329160082,72,1,[],[]
1711329300846,1711329161082,71,1,[],[]
1711329300846,1711329162082,71,1,[],[]
1711329300846,1711329163082,71,1,[],[]
1711329300846,1711329164082,71,1,[],[]
1711329300846,1711329165082,72,1,[],[]
1711329300846,1711329166082,72,1,[],[]
1711329300846,1711329167082,72,1,[],[]
1711329300846,1711329168082,73,1,[],[]
1711329300846,1711329169082,73,1,[],[]
1711329300846,1711329170082,74,1,[],[]
1711329300846,1711329171082,74,1,[],[]
1711329300846,1711329172082,75,1,[],[]
1711329300846,1711329173082,77,1,[],[]
1711329300846,1711329174082,77,1,[],[]
1711329300846,1711329175082,78,1,[],[]
1711329300846,1711329176082,78,1,[],[]
1711329300846,1711329177082,78,1,[],[]
1711329300846,1711329178082,79,1,[],[]
1711329300846,1711329179082,79,1,[],[]
1711329300846,1711329180082,80,1,[],[]
1711329300846,1711329181082,81,1,[],[]
1711329300846,1711329182082,81,1,[],[]
1711329300846,1711329183082,81,1,[],[]
1711329300846,1711329184082,81,1,[],[]
1711329300846,1711329185082,80,1,[],[]
1711329300846,1711329186082,80,1,[],[]
1711329300846,1711329187082,79,1,[],[]
1711329300846,1711329188082,79,1,[],[]
1711329300846,1711329189082,79,1,[],[]
1711329300846,1711329190082,79,1,[],[]
1711329300846,1711329191082,79,1,[],[]
1711329300846,1711329192082,80,1,[],[]
1711329300846,1711329193082,80,1,[],[]
1711329300846,1711329194082,81,1,[],[]
1711329300846,1711329195082,83,1,[],[]
1711329300846,1711329196082,84,1,[],[]
1711329300846,1711329197082,84,1,[],[]
1711329300846,1711329198082,83,1,[],[]
1711329300846,1711329199082,83,1,[],[]
1711329300846,1711329200082,82,1,[],[]
1711329300846,1711329201082,81,1,[],[]
1711329300846,1711329202082,81,1,[],[]
1711329300846,1711329203082,80,1,[],[]
1711329300846,1711329204082,79,1,[],[]
1711329300846,1711329205082,79,1,[],[]
1711329300846,1711329206082,78,1,[],[]
1711329300846,1711329207082,77,1,[],[]
1711329300846,1711329208082,78,1,[],[]
1711329300846,1711329209082,79,1,[],[]
1711329300846,1711329210082,80,1,[],[]
1711329300846,1711329211082,81,1,[],[]
1711329300846,1711329212082,81,1,[],[]
1711329300846,1711329213082,81,1,[],[]
1711329300846,1711329214082,80,1,[],[]
1711329300846,1711329215082,80,1,[],[]
1711329300846,1711329216082,79,1,[],[]
1711329300846,1711329217082,79,1,[],[]
1711329300846,1711329218082,78,1,[],[]
1711329300846,1711329219082,77,1,[],[]
1711329300846,1711329220082,77,1,[],[]
1711329300846,1711329221082,77,1,[],[]
1711329300846,1711329222082,77,1,[],[]
1711329300846,1711329223082,77,1,[],[]
1711329300846,1711329224082,77,1,[],[]
1711329300846,1711329225082,78,1,[],[]
1711329300846,1711329226082,78,1,[],[]
1711329300846,1711329227082,78,1,[],[]
1711329300846,1711329228082,77,1,[],[]
1711329300846,1711329229082,77,1,[],[]
1711329300846,1711329230082,77,1,[],[]
1711329300846,1711329231082,77,1,[],[]
1711329300846,1711329232082,76,1,[],[]
1711329300846,1711329233082,76,1,[],[]
1711329300846,1711329234082,76,1,[],[]
1711329300846,1711329235082,77,1,[],[]
1711329300846,1711329236082,78,1,[],[]
1711329300846,1711329237082,79,1,[],[]
1711329300846,1711329238082,79,1,[],[]
1711329300846,1711329239082,79,1,[],[]
1711329300846,1711329240082,78,1,[],[]
1711329300846,1711329241082,77,1,[],[]
1711329300846,1711329242082,76,1,[],[]
1711329300846,1711329243082,75,1,[],[]
1711329300846,1711329244082,75,1,[],[]
1711329300846,1711329245082,75,1,[],[]
1711329300846,1711329246082,76,1,[],[]
1711329300846,1711329247082,77,1,[],[]
1711329300846,1711329248082,78,1,[],[]
1711329300846,1711329249082,79,1,[],[]
1711329300846,1711329250082,80,1,[],[]
1711329300846,1711329251082,81,1,[],[]
1711329300846,1711329252082,81,1,[],[]
1711329300846,1711329253082,81,1,[],[]
1711329300846,1711329254082,81,1,[],[]
1711329300846,1711329255082,80,1,[],[]
1711329300846,1711329256082,79,1,[],[]
1711329300846,1711329257082,78,1,[],[]
1711329300846,1711329258082,78,1,[],[]
1711329300846,1711329259082,78,1,[],[]
1711329300846,1711329260082,78,1,[],[]
1711329300846,1711329261082,77,1,[],[]
1711329300846,1711329262082,77,1,[],[]
1711329300846,1711329263082,77,1,[],[]
1711329300846,1711329264082,76,1,[],[]
1711329300846,1711329265082,75,1,[],[]
1711329300846,1711329266082,75,1,[],[]
1711329300846,1711329267082,75,1,[],[]
1711329300846,1711329268082,74,1,[],[]
1711329300846,1711329269082,74,1,[],[]
1711329300846,1711329270082,73,1,[],[]
1711329300846,1711329271082,73,1,[],[]
1711329300846,1711329272082,72,1,[],[]
1711329300846,1711329273082,72,1,[],[]
1711329300846,1711329274082,71,1,[],[]
1711329300846,1711329275082,71,1,[],[]
1711329300846,1711329276082,71,1,[],[]
1711329300846,1711329277082,71,1,[],[]
1711329300846,1711329278082,72,1,[],[]
1711329300846,1711329279082,72,1,[],[]
1711329300846,1711329280082,73,1,[],[]
1711329300846,1711329281082,73,1,[],[]
1711329300846,1711329282082,73,1,[],[]
1711329300846,1711329283082,73,1,[],[]
1711329300846,1711329284082,73,1,[],[]
1711329300846,1711329285082,73,1,[],[]
1711329300846,1711329286082,73,1,[],[]
1711329300846,1711329287082,72,1,[],[]
1711329300846,1711329288082,72,1,[],[]
1711329300846,1711329289082,72,1,[],[]
1711329300846,1711329290082,73,1,[],[]
1711329300846,1711329291082,74,1,[],[]
1711329300846,1711329292082,74,1,[],[]
1711329300846,1711329293082,75,1,[],[]
1711329300846,1711329294082,75,1,[],[]
1711329300846,1711329295082,76,1,[],[]
1711329300846,1711329296082,76,1,[],[]
1711329300846,1711329297082,76,1,[],[]
1711329300846,1711329298082,76,1,[],[]
1711329300846,1711329299082,76,1,[],[]
1711329300846,1711329300082,76,1,[],[]
1711330073384,1711329303451,76,1,"[796,812,802,748,764,798,829,856,812,791,731,756,739,712,694,693,691,715,736,780,769,754,791,852,881,755,801,816,783,765,751,722,717,707,696,740,750,743,726,739,750,775,779,785,779,755,715,699,701,674,679,710,733,753,722,729,778,787,794,777,778,803,830,828,800,769,795,801,824,765,768,775,818,856,795,766,791,761,738,704,692,666,666,637,654,683,706,759,747,784,801,798,813,759,550,1644,803,704,714,713,721,720,727,694,704,711,697,695,708,1386,632,657,637,997,399,643,805,681,761,1323,988,804,747,836,812,1514,731,794,928,522,1133,706,783,606,1685,658,1331,901,639,494,758,611,1804,808,860,579,890,825,581,492,751,847,1040,581,856,786,775,714,621,467,863,858,822,608,2280,388,517,1220,710,597,837,1611,662,756,976,694,896,928,898,616,1055,735,823,830,931,709,824,822,796,807,772,784,789,803,659,549,1146,1132,552,705,449,650,586,542,810,584,741,434,871,758,831,790,600,260,793,400,482,2300,501,1087,558,652,1080,790,824,526,722,912,1036,647,884,711,492,363,2300,1542,1181,746,365,900,754,885,1279,875,675,755,785,788,732,782,795,712,853,1323,1004,1584,583,1006,830,909,759,1624,750,343,652,722,762,620,601,1629,990,799,609,575,1304,736,480,1169,574,825,502,601,719,728,758,803,1164,429,838,774,739,488,1699,724,881,421,363,725,968,791,679,876,730,830,778,618,1038,925,443,945,945,799,807,821,830,943,953,584,583,938,926,546,370,636,1611,805,496,1203,891,1555,872,625,933,771,724,756,762,795,786,737,787,783,779,758,694,733,705,752,719,754,761,755,774,769,738,751,750,754,808,789,751,763,737,719,731,764,765,797,767,751,731,749,713,705,731,715,808,810,763,822,853,824,773,842,865,899,878,816,819,917,905,861,801,838,858,864,819,794,853,900,853,852,795,839,870,880,884,809,805,836,895,883,856,748,824,868,886,859,810,777,816,850,872,971,859,854,763,873,898,967,945,876,822,821,843,857,860,814,784,791,840,834,814,796,764,782,781,779,776,759,755,778,827,798,837,802,843,889,912,874,829,830,845,831,851,815,752,759,777,812,857,876,870,809,819,853,867,901,844,819,849,926,927,894,828,830,869,877,877,824,793,818,875,898,905,868,830,852,884,835,805,784,770,773,781,795,754,743,752,365,451,763,656,756,755,744,733,737,693,734,727,722,717,695,713,706,684,694,726,681,734,786,756,812,841,875,841,786,871,876,803,854,838,889,793,788,885,900,838,851,858,887,816,844,852,862,787,839,830,915,854,763,869,845,824,780,805,833,852,782,815,801,864,799,835,814,862,847,790,837,885,807,823,805,853,858,844,802,872,856,837,833,863,875,807,1030,565,837,824,800,841,352,522,929,739,873,846,845,938,734,834,880,834,856,849,868,830,864,840,869,847,729,527,499,595,805,819,862,852,845,870,845,832,889,814,895,852,813,830,837,862,813,799,830,802,811,782,840,799,820,796,837,841,867,757,852,878,834,814,871,930,768,871,906,846,813,842,880,829,834,894,645,260,855,847,851,841,889,927,515,1222,901,919,837,859,898,849,742,818,944,891,767,872,983,742,766,875,865,779,829,803,861,795,818,844,916,815,870,918,938,837,848,898,811,809,830,857,806,557,294,864,809,792,780,844,870,746,829,846,935,753,817,824,894,1615,815,882,753,804,855,771,383,447,752,797,821,776,408,1113,707,720,705,649,684,676,1155,929,690,673,693,687,681,668,647,638,632,625,601,586,619,622,653,670,715,740,773,783,741,771,787,730,715,706,666,707,694,263,375,689,323,922,908,736,702,717,757,778,810,771,764,837,844,833,771,755,765,805,834,868,806,795,843,833,902,853,790,817,840,875,885,880,824,846,874,869,901,816,827,852,862,877,832,787,812,826,824,845,750,774,790,833,848,839,802,807,823,889,882,884,835,792,876,905,865,844,861,941,979,974,869,812,838,823,884,844,792,829,875,905,823,790,807,844,842,795,726,805,798,862,829,781,814,862,867,909,855,840,870,836,891,859,810,809,829,881,869,809,838,841,868,868,822,811,823,839,939,940,871,863,834,793,793,729,746,726,319,859,317,674,676,346,1014,260,631,575,731,994,1649,699,636,584,600,1046,768,525,591,575,585,578,593,636,615,1188,781,647,683,718,729,755,749,707,693,690,676,693,675,684,687,648,738]","[0,0,0,0,0,0,0,0,0,0,0,0,0,0,0,0,0,0,0,0,0,0,0,0,0,0,0,0,0,0,0,0,0,0,0,0,0,0,0,0,0,0,0,0,0,0,0,0,0,0,0,0,0,0,0,0,0,0,0,0,0,0,0,0,0,0,0,0,0,0,0,0,0,0,0,0,0,0,0,0,0,0,0,0,0,0,0,0,0,0,0,0,0,0,0,-1,-1,-1,0,0,0,0,0,0,0,0,0,-1,-1,-1,0,0,0,0,-1,-1,-1,-1,-1,-1,-1,-1,-1,-1,-1,-1,-1,-1,-1,-1,-1,-1,-1,-1,-1,-1,-1,-1,-1,-1,-1,-1,0,0,0,-1,-1,-1,-1,-1,-1,-1,-1,-1,-1,-1,-1,-1,-1,-1,-1,-1,-1,-1,-1,-1,-1,-1,-1,-1,-1,-1,-1,-1,-1,-1,-1,-1,-1,-1,-1,-1,-1,-1,-1,0,0,0,0,0,0,0,0,-1,-1,-1,-1,-1,-1,-1,-1,-1,-1,-1,-1,-1,-1,-1,-1,-1,-1,-1,-1,-1,-1,-1,-1,-1,-1,-1,-1,-1,-1,-1,-1,-1,-1,-1,-1,-1,-1,-1,-1,-1,-1,-1,-1,-1,-1,-1,-1,-1,-1,-1,-1,-1,-1,-1,-1,-1,-1,-1,-1,-1,-1,-1,-1,0,0,0,0,-1,-1,-1,-1,-1,-1,-1,-1,-1,-1,-1,-1,-1,-1,-1,-1,-1,-1,-1,-1,-1,-1,-1,-1,-1,-1,-1,-1,-1,-1,-1,-1,-1,-1,-1,-1,-1,-1,0,0,0,0,-1,-1,-1,-1,-1,-1,-1,-1,-1,-1,-1,-1,-1,-1,-1,-1,-1,-1,-1,-1,-1,-1,-1,-1,-1,-1,-1,-1,-1,-1,-1,-1,0,0,0,0,0,0,0,0,0,0,0,0,0,0,0,0,0,0,0,0,0,0,0,0,0,0,0,0,0,0,0,0,0,0,0,0,0,0,0,0,0,0,0,0,0,0,0,0,0,0,0,0,0,0,0,0,0,0,0,0,0,0,0,0,0,0,0,0,0,0,0,0,0,0,0,0,0,0,0,0,0,0,0,0,0,0,0,0,0,0,0,0,0,0,0,0,0,0,0,0,0,0,0,0,0,0,0,0,0,0,0,0,0,0,0,0,0,0,0,0,0,0,0,0,0,0,0,0,0,0,0,0,0,0,0,0,0,0,0,0,0,0,0,0,0,0,0,0,0,0,0,0,0,0,0,0,0,0,0,0,0,0,0,0,0,0,0,0,0,0,0,0,0,0,0,0,0,0,0,0,0,0,0,0,0,0,0,0,0,0,-1,-1,-1,-1,0,0,0,0,0,0,0,0,0,0,0,0,0,0,0,0,0,0,0,0,0,0,0,0,0,0,0,0,0,0,0,0,0,0,0,0,0,0,0,0,0,0,0,0,0,0,0,0,0,0,0,0,0,0,0,0,0,0,0,0,0,0,0,0,0,-1,-1,-1,-1,-1,-1,-1,-1,0,0,0,0,0,0,0,0,0,0,0,0,0,0,0,0,0,0,0,0,0,0,0,0,0,0,0,0,0,0,0,0,0,0,0,0,0,0,0,0,0,0,0,0,0,0,0,0,0,0,0,0,0,0,0,0,0,0,0,0,0,0,0,0,0,0,0,0,0,0,0,0,0,0,0,0,0,-1,-1,-1,0,0,0,0,0,0,0,0,0,0,0,0,0,0,0,0,0,0,0,0,0,0,0,0,0,0,0,0,0,0,0,0,0,0,0,0,0,0,0,0,0,0,0,0,0,0,0,0,0,0,0,-1,-1,-1,0,0,0,0,-1,-1,-1,-1,-1,-1,-1,-1,0,0,0,0,0,0,0,0,0,0,0,0,0,0,0,0,0,0,0,0,0,0,0,0,0,0,0,0,0,0,0,0,0,0,0,0,0,0,0,0,-1,-1,-1,-1,0,0,0,0,0,0,0,0,0,0,0,0,0,0,0,0,0,0,0,0,0,0,0,0,0,0,0,0,0,0,0,0,0,0,0,0,0,0,0,0,0,0,0,0,0,0,0,0,0,0,0,0,0,0,0,0,0,0,0,0,0,0,0,0,0,0,0,0,0,0,0,0,0,0,0,0,0,0,0,0,0,0,0,0,0,0,0,0,0,0,0,0,0,0,0,0,0,0,0,0,0,0,0,0,0,0,0,0,0,0,0,0,0,0,0,0,0,0,0,0,0,0,-1,-1,-1,-1,-1,-1,-1,-1,-1,-1,-1,-1,-1,0,0,0,0,0,-1,-1,-1,-1,0,0,0,0,0,-1,-1,-1,-1,0,0,0,0,0,0,0,0,0,0,0,0,-1,-1,-1]"
1711330073384,1711329304451,76,1,[],[]
1711330073384,1711329305451,76,1,[],[]
1711330073384,1711329306451,76,1,[],[]
1711330073384,1711329307451,76,1,[],[]
1711330073384,1711329308451,77,1,[],[]
1711330073384,1711329309451,78,1,[],[]
1711330073384,1711329310451,80,1,[],[]
1711330073384,1711329311451,80,1,[],[]
1711330073384,1711329312451,81,1,[],[]
1711330073384,1711329313451,81,1,[],[]
1711330073384,1711329314451,80,1,[],[]
1711330073384,1711329315451,80,1,[],[]
1711330073384,1711329316451,79,1,[],[]
1711330073384,1711329317451,78,1,[],[]
1711330073384,1711329318451,77,1,[],[]
1711330073384,1711329319451,77,1,[],[]
1711330073384,1711329320451,76,1,[],[]
1711330073384,1711329321451,77,1,[],[]
1711330073384,1711329322451,77,1,[],[]
1711330073384,1711329323451,78,1,[],[]
1711330073384,1711329324451,79,1,[],[]
1711330073384,1711329325451,80,1,[],[]
1711330073384,1711329326451,81,1,[],[]
1711330073384,1711329327451,81,1,[],[]
1711330073384,1711329328451,81,1,[],[]
1711330073384,1711329329451,81,1,[],[]
1711330073384,1711329330451,81,1,[],[]
1711330073384,1711329331451,80,1,[],[]
1711330073384,1711329332451,79,1,[],[]
1711330073384,1711329333451,80,1,[],[]
1711330073384,1711329334451,81,1,[],[]
1711330073384,1711329335451,81,1,[],[]
1711330073384,1711329336451,82,1,[],[]
1711330073384,1711329337451,83,1,[],[]
1711330073384,1711329338451,83,1,[],[]
1711330073384,1711329339451,83,1,[],[]
1711330073384,1711329340451,83,1,[],[]
1711330073384,1711329341451,82,1,[],[]
1711330073384,1711329342451,81,1,[],[]
1711330073384,1711329343451,80,1,[],[]
1711330073384,1711329344451,79,1,[],[]
1711330073384,1711329345451,78,1,[],[]
1711330073384,1711329346451,78,1,[],[]
1711330073384,1711329347451,77,1,[],[]
1711330073384,1711329348451,77,1,[],[]
1711330073384,1711329349451,76,1,[],[]
1711330073384,1711329350451,76,1,[],[]
1711330073384,1711329351451,76,1,[],[]
1711330073384,1711329352451,76,1,[],[]
1711330073384,1711329353451,76,1,[],[]
1711330073384,1711329354451,76,1,[],[]
1711330073384,1711329355451,75,1,[],[]
1711330073384,1711329356451,75,1,[],[]
1711330073384,1711329357451,76,1,[],[]
1711330073384,1711329358451,77,1,[],[]
1711330073384,1711329359451,78,1,[],[]
1711330073384,1711329360451,79,1,[],[]
1711330073384,1711329361451,80,1,[],[]
1711330073384,1711329362451,81,1,[],[]
1711330073384,1711329363451,82,1,[],[]
1711330073384,1711329364451,82,1,[],[]
1711330073384,1711329365451,81,1,[],[]
1711330073384,1711329366451,81,1,[],[]
1711330073384,1711329367451,80,1,[],[]
1711330073384,1711329368451,80,1,[],[]
1711330073384,1711329369451,81,1,[],[]
1711330073384,1711329370451,81,1,[],[]
1711330073384,1711329371451,80,1,[],[]
1711330073384,1711329372451,80,1,[],[]
1711330073384,1711329373451,80,1,[],[]
1711330073384,1711329374451,80,1,[],[]
1711330073384,1711329375451,80,1,[],[]
1711330073384,1711329376451,81,1,[],[]
1711330073384,1711329377451,82,1,[],[]
1711330073384,1711329378451,82,1,[],[]
1711330073384,1711329379451,83,1,[],[]
1711330073384,1711329380451,84,1,[],[]
1711330073384,1711329381451,85,1,[],[]
1711330073384,1711329382451,86,1,[],[]
1711330073384,1711329383451,86,1,[],[]
1711330073384,1711329384451,86,1,[],[]
1711330073384,1711329385451,86,1,[],[]
1711330073384,1711329386451,87,1,[],[]
1711330073384,1711329387451,86,1,[],[]
1711330073384,1711329388451,85,1,[],[]
1711330073384,1711329389451,86,1,[],[]
1711330073384,1711329390451,84,1,[],[]
1711330073384,1711329391451,84,1,[],[]
1711330073384,1711329392451,82,1,[],[]
1711330073384,1711329393451,81,1,[],[]
1711330073384,1711329394451,80,1,[],[]
1711330073384,1711329395451,81,1,[],[]
1711330073384,1711329396451,80,1,[],[]
1711330073384,1711329397451,81,1,[],[]
1711330073384,1711329398451,81,1,[],[]
1711330073384,1711329399451,81,1,[],[]
1711330073384,1711329400451,81,1,[],[]
1711330073384,1711329401451,82,1,[],[]
1711330073384,1711329402451,82,1,[],[]
1711330073384,1711329403451,80,1,[],[]
1711330073384,1711329404451,82,1,[],[]
1711330073384,1711329405451,82,1,[],[]
1711330073384,1711329406451,83,1,[],[]
1711330073384,1711329407451,84,1,[],[]
1711330073384,1711329408451,87,1,[],[]
1711330073384,1711329409451,87,1,[],[]
1711330073384,1711329410451,87,1,[],[]
1711330073384,1711329411451,86,1,[],[]
1711330073384,1711329412451,84,1,[],[]
1711330073384,1711329413451,83,1,[],[]
1711330073384,1711329414451,82,1,[],[]
1711330073384,1711329415451,84,1,[],[]
1711330073384,1711329416451,83,1,[],[]
1711330073384,1711329417451,82,1,[],[]
1711330073384,1711329418451,82,1,[],[]
1711330073384,1711329419451,82,1,[],[]
1711330073384,1711329420451,81,1,[],[]
1711330073384,1711329421451,79,1,[],[]
1711330073384,1711329422451,77,1,[],[]
1711330073384,1711329423451,76,1,[],[]
1711330073384,1711329424451,74,1,[],[]
1711330073384,1711329425451,76,1,[],[]
1711330073384,1711329426451,77,1,[],[]
1711330073384,1711329427451,79,1,[],[]
1711330073384,1711329428451,81,1,[],[]
1711330073384,1711329429451,80,1,[],[]
1711330073384,1711329430451,80,1,[],[]
1711330073384,1711329431451,79,1,[],[]
1711330073384,1711329432451,79,1,[],[]
1711330073384,1711329433451,79,1,[],[]
1711330073384,1711329434451,81,1,[],[]
1711330073384,1711329435451,80,1,[],[]
1711330073384,1711329436451,80,1,[],[]
1711330073384,1711329437451,79,1,[],[]
1711330073384,1711329438451,77,1,[],[]
1711330073384,1711329439451,77,1,[],[]
1711330073384,1711329440451,78,1,[],[]
1711330073384,1711329441451,77,1,[],[]
1711330073384,1711329442451,77,1,[],[]
1711330073384,1711329443451,76,1,[],[]
1711330073384,1711329444451,75,1,[],[]
1711330073384,1711329445451,75,1,[],[]
1711330073384,1711329446451,75,1,[],[]
1711330073384,1711329447451,75,1,[],[]
1711330073384,1711329448451,74,1,[],[]
1711330073384,1711329449451,74,1,[],[]
1711330073384,1711329450451,75,1,[],[]
1711330073384,1711329451451,75,1,[],[]
1711330073384,1711329452451,76,1,[],[]
1711330073384,1711329453451,76,1,[],[]
1711330073384,1711329454451,75,1,[],[]
1711330073384,1711329455451,76,1,[],[]
1711330073384,1711329456451,79,1,[],[]
1711330073384,1711329457451,80,1,[],[]
1711330073384,1711329458451,82,1,[],[]
1711330073384,1711329459451,84,1,[],[]
1711330073384,1711329460451,85,1,[],[]
1711330073384,1711329461451,86,1,[],[]
1711330073384,1711329462451,86,1,[],[]
1711330073384,1711329463451,86,1,[],[]
1711330073384,1711329464451,85,1,[],[]
1711330073384,1711329465451,86,1,[],[]
1711330073384,1711329466451,86,1,[],[]
1711330073384,1711329467451,86,1,[],[]
1711330073384,1711329468451,86,1,[],[]
1711330073384,1711329469451,87,1,[],[]
1711330073384,1711329470451,84,1,[],[]
1711330073384,1711329471451,83,1,[],[]
1711330073384,1711329472451,84,1,[],[]
1711330073384,1711329473451,82,1,[],[]
1711330073384,1711329474451,81,1,[],[]
1711330073384,1711329475451,82,1,[],[]
1711330073384,1711329476451,80,1,[],[]
1711330073384,1711329477451,79,1,[],[]
1711330073384,1711329478451,79,1,[],[]
1711330073384,1711329479451,78,1,[],[]
1711330073384,1711329480451,78,1,[],[]
1711330073384,1711329481451,79,1,[],[]
1711330073384,1711329482451,78,1,[],[]
1711330073384,1711329483451,78,1,[],[]
1711330073384,1711329484451,78,1,[],[]
1711330073384,1711329485451,77,1,[],[]
1711330073384,1711329486451,79,1,[],[]
1711330073384,1711329487451,80,1,[],[]
1711330073384,1711329488451,81,1,[],[]
1711330073384,1711329489451,81,1,[],[]
1711330073384,1711329490451,79,1,[],[]
1711330073384,1711329491451,81,1,[],[]
1711330073384,1711329492451,81,1,[],[]
1711330073384,1711329493451,82,1,[],[]
1711330073384,1711329494451,81,1,[],[]
1711330073384,1711329495451,81,1,[],[]
1711330073384,1711329496451,81,1,[],[]
1711330073384,1711329497451,81,1,[],[]
1711330073384,1711329498451,80,1,[],[]
1711330073384,1711329499451,80,1,[],[]
1711330073384,1711329500451,79,1,[],[]
1711330073384,1711329501451,78,1,[],[]
1711330073384,1711329502451,78,1,[],[]
1711330073384,1711329503451,78,1,[],[]
1711330073384,1711329504451,77,1,[],[]
1711330073384,1711329505451,76,1,[],[]
1711330073384,1711329506451,76,1,[],[]
1711330073384,1711329507451,75,1,[],[]
1711330073384,1711329508451,75,1,[],[]
1711330073384,1711329509451,75,1,[],[]
1711330073384,1711329510451,74,1,[],[]
1711330073384,1711329511451,73,1,[],[]
1711330073384,1711329512451,75,1,[],[]
1711330073384,1711329513451,76,1,[],[]
1711330073384,1711329514451,77,1,[],[]
1711330073384,1711329515451,77,1,[],[]
1711330073384,1711329516451,77,1,[],[]
1711330073384,1711329517451,78,1,[],[]
1711330073384,1711329518451,77,1,[],[]
1711330073384,1711329519451,78,1,[],[]
1711330073384,1711329520451,80,1,[],[]
1711330073384,1711329521451,79,1,[],[]
1711330073384,1711329522451,79,1,[],[]
1711330073384,1711329523451,80,1,[],[]
1711330073384,1711329524451,82,1,[],[]
1711330073384,1711329525451,82,1,[],[]
1711330073384,1711329526451,82,1,[],[]
1711330073384,1711329527451,83,1,[],[]
1711330073384,1711329528451,84,1,[],[]
1711330073384,1711329529451,85,1,[],[]
1711330073384,1711329530451,86,1,[],[]
1711330073384,1711329531451,87,1,[],[]
1711330073384,1711329532451,91,1,[],[]
1711330073384,1711329533451,94,1,[],[]
1711330073384,1711329534451,94,1,[],[]
1711330073384,1711329535451,93,1,[],[]
1711330073384,1711329536451,94,1,[],[]
1711330073384,1711329537451,92,1,[],[]
1711330073384,1711329538451,90,1,[],[]
1711330073384,1711329539451,88,1,[],[]
1711330073384,1711329540451,86,1,[],[]
1711330073384,1711329541451,86,1,[],[]
1711330073384,1711329542451,85,1,[],[]
1711330073384,1711329543451,83,1,[],[]
1711330073384,1711329544451,82,1,[],[]
1711330073384,1711329545451,82,1,[],[]
1711330073384,1711329546451,81,1,[],[]
1711330073384,1711329547451,81,1,[],[]
1711330073384,1711329548451,78,1,[],[]
1711330073384,1711329549451,77,1,[],[]
1711330073384,1711329550451,76,1,[],[]
1711330073384,1711329551451,75,1,[],[]
1711330073384,1711329552451,75,1,[],[]
1711330073384,1711329553451,76,1,[],[]
1711330073384,1711329554451,77,1,[],[]
1711330073384,1711329555451,77,1,[],[]
1711330073384,1711329556451,75,1,[],[]
1711330073384,1711329557451,76,1,[],[]
1711330073384,1711329558451,75,1,[],[]
1711330073384,1711329559451,76,1,[],[]
1711330073384,1711329560451,77,1,[],[]
1711330073384,1711329561451,77,1,[],[]
1711330073384,1711329562451,76,1,[],[]
1711330073384,1711329563451,77,1,[],[]
1711330073384,1711329564451,78,1,[],[]
1711330073384,1711329565451,77,1,[],[]
1711330073384,1711329566451,77,1,[],[]
1711330073384,1711329567451,77,1,[],[]
1711330073384,1711329568451,77,1,[],[]
1711330073384,1711329569451,78,1,[],[]
1711330073384,1711329570451,77,1,[],[]
1711330073384,1711329571451,78,1,[],[]
1711330073384,1711329572451,78,1,[],[]
1711330073384,1711329573451,78,1,[],[]
1711330073384,1711329574451,79,1,[],[]
1711330073384,1711329575451,79,1,[],[]
1711330073384,1711329576451,80,1,[],[]
1711330073384,1711329577451,80,1,[],[]
1711330073384,1711329578451,81,1,[],[]
1711330073384,1711329579451,81,1,[],[]
1711330073384,1711329580451,81,1,[],[]
1711330073384,1711329581451,80,1,[],[]
1711330073384,1711329582451,80,1,[],[]
1711330073384,1711329583451,80,1,[],[]
1711330073384,1711329584451,80,1,[],[]
1711330073384,1711329585451,79,1,[],[]
1711330073384,1711329586451,79,1,[],[]
1711330073384,1711329587451,79,1,[],[]
1711330073384,1711329588451,79,1,[],[]
1711330073384,1711329589451,79,1,[],[]
1711330073384,1711329590451,80,1,[],[]
1711330073384,1711329591451,80,1,[],[]
1711330073384,1711329592451,79,1,[],[]
1711330073384,1711329593451,79,1,[],[]
1711330073384,1711329594451,79,1,[],[]
1711330073384,1711329595451,80,1,[],[]
1711330073384,1711329596451,80,1,[],[]
1711330073384,1711329597451,81,1,[],[]
1711330073384,1711329598451,81,1,[],[]
1711330073384,1711329599451,81,1,[],[]
1711330073384,1711329600451,80,1,[],[]
1711330073384,1711329601451,79,1,[],[]
1711330073384,1711329602451,78,1,[],[]
1711330073384,1711329603451,77,1,[],[]
1711330073384,1711329604451,76,1,[],[]
1711330073384,1711329605451,75,1,[],[]
1711330073384,1711329606451,74,1,[],[]
1711330073384,1711329607451,73,1,[],[]
1711330073384,1711329608451,72,1,[],[]
1711330073384,1711329609451,71,1,[],[]
1711330073384,1711329610451,71,1,[],[]
1711330073384,1711329611451,70,1,[],[]
1711330073384,1711329612451,70,1,[],[]
1711330073384,1711329613451,70,1,[],[]
1711330073384,1711329614451,70,1,[],[]
1711330073384,1711329615451,70,1,[],[]
1711330073384,1711329616451,71,1,[],[]
1711330073384,1711329617451,71,1,[],[]
1711330073384,1711329618451,71,1,[],[]
1711330073384,1711329619451,71,1,[],[]
1711330073384,1711329620451,71,1,[],[]
1711330073384,1711329621451,71,1,[],[]
1711330073384,1711329622451,71,1,[],[]
1711330073384,1711329623451,71,1,[],[]
1711330073384,1711329624451,71,1,[],[]
1711330073384,1711329625451,71,1,[],[]
1711330073384,1711329626451,71,1,[],[]
1711330073384,1711329627451,71,1,[],[]
1711330073384,1711329628451,71,1,[],[]
1711330073384,1711329629451,71,1,[],[]
1711330073384,1711329630451,71,1,[],[]
1711330073384,1711329631451,71,1,[],[]
1711330073384,1711329632451,71,1,[],[]
1711330073384,1711329633451,71,1,[],[]
1711330073384,1711329634451,71,1,[],[]
1711330073384,1711329635451,71,1,[],[]
1711330073384,1711329636451,72,1,[],[]
1711330073384,1711329637451,72,1,[],[]
1711330073384,1711329638451,72,1,[],[]
1711330073384,1711329639451,71,1,[],[]
1711330073384,1711329640451,71,1,[],[]
1711330073384,1711329641451,71,1,[],[]
1711330073384,1711329642451,71,1,[],[]
1711330073384,1711329643451,70,1,[],[]
1711330073384,1711329644451,69,1,[],[]
1711330073384,1711329645451,69,1,[],[]
1711330073384,1711329646451,68,1,[],[]
1711330073384,1711329647451,68,1,[],[]
1711330073384,1711329648451,69,1,[],[]
1711330073384,1711329649451,69,1,[],[]
1711330073384,1711329650451,70,1,[],[]
1711330073384,1711329651451,70,1,[],[]
1711330073384,1711329652451,71,1,[],[]
1711330073384,1711329653451,72,1,[],[]
1711330073384,1711329654451,72,1,[],[]
1711330073384,1711329655451,73,1,[],[]
1711330073384,1711329656451,74,1,[],[]
1711330073384,1711329657451,75,1,[],[]
1711330073384,1711329658451,75,1,[],[]
1711330073384,1711329659451,76,1,[],[]
1711330073384,1711329660451,76,1,[],[]
1711330073384,1711329661451,77,1,[],[]
1711330073384,1711329662451,77,1,[],[]
1711330073384,1711329663451,77,1,[],[]
1711330073384,1711329664451,76,1,[],[]
1711330073384,1711329665451,76,1,[],[]
1711330073384,1711329666451,75,1,[],[]
1711330073384,1711329667451,74,1,[],[]
1711330073384,1711329668451,73,1,[],[]
1711330073384,1711329669451,73,1,[],[]
1711330073384,1711329670451,72,1,[],[]
1711330073384,1711329671451,72,1,[],[]
1711330073384,1711329672451,71,1,[],[]
1711330073384,1711329673451,71,1,[],[]
1711330073384,1711329674451,72,1,[],[]
1711330073384,1711329675451,73,1,[],[]
1711330073384,1711329676451,74,1,[],[]
1711330073384,1711329677451,74,1,[],[]
1711330073384,1711329678451,74,1,[],[]
1711330073384,1711329679451,73,1,[],[]
1711330073384,1711329680451,73,1,[],[]
1711330073384,1711329681451,73,1,[],[]
1711330073384,1711329682451,72,1,[],[]
1711330073384,1711329683451,72,1,[],[]
1711330073384,1711329684451,71,1,[],[]
1711330073384,1711329685451,71,1,[],[]
1711330073384,1711329686451,71,1,[],[]
1711330073384,1711329687451,70,1,[],[]
1711330073384,1711329688451,70,1,[],[]
1711330073384,1711329689451,69,1,[],[]
1711330073384,1711329690451,69,1,[],[]
1711330073384,1711329691451,69,1,[],[]
1711330073384,1711329692451,69,1,[],[]
1711330073384,1711329693451,69,1,[],[]
1711330073384,1711329694451,69,1,[],[]
1711330073384,1711329695451,70,1,[],[]
1711330073384,1711329696451,71,1,[],[]
1711330073384,1711329697451,71,1,[],[]
1711330073384,1711329698451,70,1,[],[]
1711330073384,1711329699451,70,1,[],[]
1711330073384,1711329700451,70,1,[],[]
1711330073384,1711329701451,70,1,[],[]
1711330073384,1711329702451,70,1,[],[]
1711330073384,1711329703451,70,1,[],[]
1711330073384,1711329704451,71,1,[],[]
1711330073384,1711329705451,72,1,[],[]
1711330073384,1711329706451,73,1,[],[]
1711330073384,1711329707451,74,1,[],[]
1711330073384,1711329708451,75,1,[],[]
1711330073384,1711329709451,75,1,[],[]
1711330073384,1711329710451,76,1,[],[]
1711330073384,1711329711451,78,1,[],[]
1711330073384,1711329712451,79,1,[],[]
1711330073384,1711329713451,79,1,[],[]
1711330073384,1711329714451,79,1,[],[]
1711330073384,1711329715451,79,1,[],[]
1711330073384,1711329716451,80,1,[],[]
1711330073384,1711329717451,81,1,[],[]
1711330073384,1711329718451,81,1,[],[]
1711330073384,1711329719451,82,1,[],[]
1711330073384,1711329720451,82,1,[],[]
1711330073384,1711329721451,82,1,[],[]
1711330073384,1711329722451,82,1,[],[]
1711330073384,1711329723451,83,1,[],[]
1711330073384,1711329724451,82,1,[],[]
1711330073384,1711329725451,82,1,[],[]
1711330073384,1711329726451,81,1,[],[]
1711330073384,1711329727451,81,1,[],[]
1711330073384,1711329728451,80,1,[],[]
1711330073384,1711329729451,79,1,[],[]
1711330073384,1711329730451,78,1,[],[]
1711330073384,1711329731451,76,1,[],[]
1711330073384,1711329732451,75,1,[],[]
1711330073384,1711329733451,74,1,[],[]
1711330073384,1711329734451,74,1,[],[]
1711330073384,1711329735451,72,1,[],[]
1711330073384,1711329736451,72,1,[],[]
1711330073384,1711329737451,72,1,[],[]
1711330073384,1711329738451,72,1,[],[]
1711330073384,1711329739451,71,1,[],[]
1711330073384,1711329740451,71,1,[],[]
1711330073384,1711329741451,70,1,[],[]
1711330073384,1711329742451,70,1,[],[]
1711330073384,1711329743451,71,1,[],[]
1711330073384,1711329744451,71,1,[],[]
1711330073384,1711329745451,70,1,[],[]
1711330073384,1711329746451,71,1,[],[]
1711330073384,1711329747451,71,1,[],[]
1711330073384,1711329748451,71,1,[],[]
1711330073384,1711329749451,71,1,[],[]
1711330073384,1711329750451,71,1,[],[]
1711330073384,1711329751451,71,1,[],[]
1711330073384,1711329752451,71,1,[],[]
1711330073384,1711329753451,72,1,[],[]
1711330073384,1711329754451,72,1,[],[]
1711330073384,1711329755451,73,1,[],[]
1711330073384,1711329756451,73,1,[],[]
1711330073384,1711329757451,73,1,[],[]
1711330073384,1711329758451,73,1,[],[]
1711330073384,1711329759451,73,1,[],[]
1711330073384,1711329760451,73,1,[],[]
1711330073384,1711329761451,73,1,[],[]
1711330073384,1711329762451,73,1,[],[]
1711330073384,1711329763451,73,1,[],[]
1711330073384,1711329764451,73,1,[],[]
1711330073384,1711329765451,73,1,[],[]
1711330073384,1711329766451,72,1,[],[]
1711330073384,1711329767451,72,1,[],[]
1711330073384,1711329768451,72,1,[],[]
1711330073384,1711329769451,72,1,[],[]
1711330073384,1711329770451,72,1,[],[]
1711330073384,1711329771451,72,1,[],[]
1711330073384,1711329772451,72,1,[],[]
1711330073384,1711329773451,72,1,[],[]
1711330073384,1711329774451,71,1,[],[]
1711330073384,1711329775451,71,1,[],[]
1711330073384,1711329776451,71,1,[],[]
1711330073384,1711329777451,70,1,[],[]
1711330073384,1711329778451,70,1,[],[]
1711330073384,1711329779451,71,1,[],[]
1711330073384,1711329780451,72,1,[],[]
1711330073384,1711329781451,72,1,[],[]
1711330073384,1711329782451,73,1,[],[]
1711330073384,1711329783451,74,1,[],[]
1711330073384,1711329784451,73,1,[],[]
1711330073384,1711329785451,73,1,[],[]
1711330073384,1711329786451,73,1,[],[]
1711330073384,1711329787451,73,1,[],[]
1711330073384,1711329788451,72,1,[],[]
1711330073384,1711329789451,71,1,[],[]
1711330073384,1711329790451,72,1,[],[]
1711330073384,1711329791451,72,1,[],[]
1711330073384,1711329792451,71,1,[],[]
1711330073384,1711329793451,71,1,[],[]
1711330073384,1711329794451,71,1,[],[]
1711330073384,1711329795451,71,1,[],[]
1711330073384,1711329796451,70,1,[],[]
1711330073384,1711329797451,71,1,[],[]
1711330073384,1711329798451,70,1,[],[]
1711330073384,1711329799451,71,1,[],[]
1711330073384,1711329800451,71,1,[],[]
1711330073384,1711329801451,72,1,[],[]
1711330073384,1711329802451,73,1,[],[]
1711330073384,1711329803451,73,1,[],[]
1711330073384,1711329804451,73,1,[],[]
1711330073384,1711329805451,73,1,[],[]
1711330073384,1711329806451,72,1,[],[]
1711330073384,1711329807451,72,1,[],[]
1711330073384,1711329808451,72,1,[],[]
1711330073384,1711329809451,72,1,[],[]
1711330073384,1711329810451,71,1,[],[]
1711330073384,1711329811451,70,1,[],[]
1711330073384,1711329812451,71,1,[],[]
1711330073384,1711329813451,71,1,[],[]
1711330073384,1711329814451,71,1,[],[]
1711330073384,1711329815451,71,1,[],[]
1711330073384,1711329816451,72,1,[],[]
1711330073384,1711329817451,73,1,[],[]
1711330073384,1711329818451,73,1,[],[]
1711330073384,1711329819451,73,1,[],[]
1711330073384,1711329820451,73,1,[],[]
1711330073384,1711329821451,74,1,[],[]
1711330073384,1711329822451,73,1,[],[]
1711330073384,1711329823451,74,1,[],[]
1711330073384,1711329824451,74,1,[],[]
1711330073384,1711329825451,73,1,[],[]
1711330073384,1711329826451,73,1,[],[]
1711330073384,1711329827451,73,1,[],[]
1711330073384,1711329828451,73,1,[],[]
1711330073384,1711329829451,73,1,[],[]
1711330073384,1711329830451,73,1,[],[]
1711330073384,1711329831451,72,1,[],[]
1711330073384,1711329832451,72,1,[],[]
1711330073384,1711329833451,72,1,[],[]
1711330073384,1711329834451,70,1,[],[]
1711330073384,1711329835451,71,1,[],[]
1711330073384,1711329836451,70,1,[],[]
1711330073384,1711329837451,71,1,[],[]
1711330073384,1711329838451,71,1,[],[]
1711330073384,1711329839451,71,1,[],[]
1711330073384,1711329840451,71,1,[],[]
1711330073384,1711329841451,71,1,[],[]
1711330073384,1711329842451,71,1,[],[]
1711330073384,1711329843451,71,1,[],[]
1711330073384,1711329844451,71,1,[],[]
1711330073384,1711329845451,70,1,[],[]
1711330073384,1711329846451,70,1,[],[]
1711330073384,1711329847451,70,1,[],[]
1711330073384,1711329848451,70,1,[],[]
1711330073384,1711329849451,69,1,[],[]
1711330073384,1711329850451,68,1,[],[]
1711330073384,1711329851451,69,1,[],[]
1711330073384,1711329852451,69,1,[],[]
1711330073384,1711329853451,69,1,[],[]
1711330073384,1711329854451,70,1,[],[]
1711330073384,1711329855451,70,1,[],[]
1711330073384,1711329856451,70,1,[],[]
1711330073384,1711329857451,70,1,[],[]
1711330073384,1711329858451,70,1,[],[]
1711330073384,1711329859451,70,1,[],[]
1711330073384,1711329860451,71,1,[],[]
1711330073384,1711329861451,71,1,[],[]
1711330073384,1711329862451,71,1,[],[]
1711330073384,1711329863451,71,1,[],[]
1711330073384,1711329864451,72,1,[],[]
1711330073384,1711329865451,73,1,[],[]
1711330073384,1711329866451,73,1,[],[]
1711330073384,1711329867451,74,1,[],[]
1711330073384,1711329868451,73,1,[],[]
1711330073384,1711329869451,73,1,[],[]
1711330073384,1711329870451,72,1,[],[]
1711330073384,1711329871451,72,1,[],[]
1711330073384,1711329872451,71,1,[],[]
1711330073384,1711329873451,70,1,[],[]
1711330073384,1711329874451,70,1,[],[]
1711330073384,1711329875451,69,1,[],[]
1711330073384,1711329876451,70,1,[],[]
1711330073384,1711329877451,70,1,[],[]
1711330073384,1711329878451,71,1,[],[]
1711330073384,1711329879451,72,1,[],[]
1711330073384,1711329880451,71,1,[],[]
1711330073384,1711329881451,71,1,[],[]
1711330073384,1711329882451,71,1,[],[]
1711330073384,1711329883451,72,1,[],[]
1711330073384,1711329884451,72,1,[],[]
1711330073384,1711329885451,72,1,[],[]
1711330073384,1711329886451,73,1,[],[]
1711330073384,1711329887451,74,1,[],[]
1711330073384,1711329888451,73,1,[],[]
1711330073384,1711329889451,72,1,[],[]
1711330073384,1711329890451,73,1,[],[]
1711330073384,1711329891451,72,1,[],[]
1711330073384,1711329892451,72,1,[],[]
1711330073384,1711329893451,72,1,[],[]
1711330073384,1711329894451,73,1,[],[]
1711330073384,1711329895451,73,1,[],[]
1711330073384,1711329896451,73,1,[],[]
1711330073384,1711329897451,74,1,[],[]
1711330073384,1711329898451,74,1,[],[]
1711330073384,1711329899451,74,1,[],[]
1711330073384,1711329900451,74,1,[],[]
1711330073384,1711329901451,75,1,[],[]
1711330073384,1711329902451,75,1,[],[]
1711330073384,1711329903451,76,1,[],[]
1711330073384,1711329904451,77,1,[],[]
1711330073384,1711329905451,79,1,[],[]
1711330073384,1711329906451,82,1,[],[]
1711330073384,1711329907451,84,1,[],[]
1711330073384,1711329908451,84,1,[],[]
1711330073384,1711329909451,84,1,[],[]
1711330073384,1711329910451,84,1,[],[]
1711330073384,1711329911451,85,1,[],[]
1711330073384,1711329912451,86,1,[],[]
1711330073384,1711329913451,87,1,[],[]
1711330073384,1711329914451,88,1,[],[]
1711330073384,1711329915451,88,1,[],[]
1711330073384,1711329916451,90,1,[],[]
1711330073384,1711329917451,91,1,[],[]
1711330073384,1711329918451,92,1,[],[]
1711330073384,1711329919451,93,1,[],[]
1711330073384,1711329920451,93,1,[],[]
1711330073384,1711329921451,92,1,[],[]
1711330073384,1711329922451,91,1,[],[]
1711330073384,1711329923451,90,1,[],[]
1711330073384,1711329924451,90,1,[],[]
1711330073384,1711329925451,89,1,[],[]
1711330073384,1711329926451,88,1,[],[]
1711330073384,1711329927451,86,1,[],[]
1711330073384,1711329928451,86,1,[],[]
1711330073384,1711329929451,85,1,[],[]
1711330073384,1711329930451,86,1,[],[]
1711330073384,1711329931451,86,1,[],[]
1711330073384,1711329932451,86,1,[],[]
1711330073384,1711329933451,86,1,[],[]
1711330073384,1711329934451,85,1,[],[]
1711330073384,1711329935451,84,1,[],[]
1711330073384,1711329936451,83,1,[],[]
1711330073384,1711329937451,82,1,[],[]
1711330073384,1711329938451,81,1,[],[]
1711330073384,1711329939451,80,1,[],[]
1711330073384,1711329940451,79,1,[],[]
1711330073384,1711329941451,78,1,[],[]
1711330073384,1711329942451,77,1,[],[]
1711330073384,1711329943451,77,1,[],[]
1711330073384,1711329944451,76,1,[],[]
1711330073384,1711329945451,76,1,[],[]
1711330073384,1711329946451,76,1,[],[]
1711330073384,1711329947451,75,1,[],[]
1711330073384,1711329948451,74,1,[],[]
1711330073384,1711329949451,74,1,[],[]
1711330073384,1711329950451,73,1,[],[]
1711330073384,1711329951451,72,1,[],[]
1711330073384,1711329952451,72,1,[],[]
1711330073384,1711329953451,72,1,[],[]
1711330073384,1711329954451,72,1,[],[]
1711330073384,1711329955451,71,1,[],[]
1711330073384,1711329956451,71,1,[],[]
1711330073384,1711329957451,71,1,[],[]
1711330073384,1711329958451,71,1,[],[]
1711330073384,1711329959451,70,1,[],[]
1711330073384,1711329960451,70,1,[],[]
1711330073384,1711329961451,70,1,[],[]
1711330073384,1711329962451,70,1,[],[]
1711330073384,1711329963451,70,1,[],[]
1711330073384,1711329964451,70,1,[],[]
1711330073384,1711329965451,70,1,[],[]
1711330073384,1711329966451,70,1,[],[]
1711330073384,1711329967451,71,1,[],[]
1711330073384,1711329968451,72,1,[],[]
1711330073384,1711329969451,72,1,[],[]
1711330073384,1711329970451,72,1,[],[]
1711330073384,1711329971451,73,1,[],[]
1711330073384,1711329972451,74,1,[],[]
1711330073384,1711329973451,75,1,[],[]
1711330073384,1711329974451,74,1,[],[]
1711330073384,1711329975451,73,1,[],[]
1711330073384,1711329976451,74,1,[],[]
1711330073384,1711329977451,73,1,[],[]
1711330073384,1711329978451,73,1,[],[]
1711330073384,1711329979451,72,1,[],[]
1711330073384,1711329980451,72,1,[],[]
1711330073384,1711329981451,72,1,[],[]
1711330073384,1711329982451,72,1,[],[]
1711330073384,1711329983451,71,1,[],[]
1711330073384,1711329984451,71,1,[],[]
1711330073384,1711329985451,70,1,[],[]
1711330073384,1711329986451,70,1,[],[]
1711330073384,1711329987451,70,1,[],[]
1711330073384,1711329988451,69,1,[],[]
1711330073384,1711329989451,68,1,[],[]
1711330073384,1711329990451,67,1,[],[]
1711330073384,1711329991451,67,1,[],[]
1711330073384,1711329992451,67,1,[],[]
1711330073384,1711329993451,68,1,[],[]
1711330073384,1711329994451,69,1,[],[]
1711330073384,1711329995451,70,1,[],[]
1711330073384,1711329996451,70,1,[],[]
1711330073384,1711329997451,70,1,[],[]
1711330073384,1711329998451,71,1,[],[]
1711330073384,1711329999451,71,1,[],[]
1711330073384,1711330000451,72,1,[],[]
1711330073384,1711330001451,72,1,[],[]
1711330073384,1711330002451,73,1,[],[]
1711330073384,1711330003451,73,1,[],[]
1711330073384,1711330004451,74,1,[],[]
1711330073384,1711330005451,74,1,[],[]
1711330073384,1711330006451,75,1,[],[]
1711330073384,1711330007451,75,1,[],[]
1711330073384,1711330008451,75,1,[],[]
1711330073384,1711330009451,74,1,[],[]
1711330073384,1711330010451,74,1,[],[]
1711330073384,1711330011451,72,1,[],[]
1711330073384,1711330012451,72,1,[],[]
1711330073384,1711330013451,71,1,[],[]
1711330073384,1711330014451,71,1,[],[]
1711330073384,1711330015451,71,1,[],[]
1711330073384,1711330016451,70,1,[],[]
1711330073384,1711330017451,70,1,[],[]
1711330073384,1711330018451,71,1,[],[]
1711330073384,1711330019451,71,1,[],[]
1711330073384,1711330020451,71,1,[],[]
1711330073384,1711330021451,71,1,[],[]
1711330073384,1711330022451,71,1,[],[]
1711330073384,1711330023451,71,1,[],[]
1711330073384,1711330024451,71,1,[],[]
1711330073384,1711330025451,71,1,[],[]
1711330073384,1711330026451,72,1,[],[]
1711330073384,1711330027451,72,1,[],[]
1711330073384,1711330028451,71,1,[],[]
1711330073384,1711330029451,71,1,[],[]
1711330073384,1711330030451,70,1,[],[]
1711330073384,1711330031451,69,1,[],[]
1711330073384,1711330032451,69,1,[],[]
1711330073384,1711330033451,70,1,[],[]
1711330073384,1711330034451,71,1,[],[]
1711330073384,1711330035451,71,1,[],[]
1711330073384,1711330036451,71,1,[],[]
1711330073384,1711330037451,70,1,[],[]
1711330073384,1711330038451,72,1,[],[]
1711330073384,1711330039451,73,1,[],[]
1711330073384,1711330040451,73,1,[],[]
1711330073384,1711330041451,74,1,[],[]
1711330073384,1711330042451,74,1,[],[]
1711330073384,1711330043451,74,1,[],[]
1711330073384,1711330044451,74,1,[],[]
1711330073384,1711330045451,74,1,[],[]
1711330073384,1711330046451,75,1,[],[]
1711330073384,1711330047451,75,1,[],[]
1711330073384,1711330048451,75,1,[],[]
1711330073384,1711330049451,76,1,[],[]
1711330073384,1711330050451,77,1,[],[]
1711330073384,1711330051451,78,1,[],[]
1711330073384,1711330052451,79,1,[],[]
1711330073384,1711330053451,79,1,[],[]
1711330073384,1711330054451,79,1,[],[]
1711330073384,1711330055451,78,1,[],[]
1711330073384,1711330056451,77,1,[],[]
1711330073384,1711330057451,78,1,[],[]
1711330073384,1711330058451,79,1,[],[]
1711330073384,1711330059451,80,1,[],[]
1711330073384,1711330060451,80,1,[],[]
1711330073384,1711330061451,80,1,[],[]
1711330073384,1711330062451,81,1,[],[]
1711330073384,1711330063451,82,1,[],[]
1711330073384,1711330064451,83,1,[],[]
1711330073384,1711330065451,85,1,[],[]
1711330073384,1711330066451,86,1,[],[]
1711330073384,1711330067451,85,1,[],[]
1711330073384,1711330068451,86,1,[],[]
1711330073384,1711330069451,86,1,[],[]
1711330073384,1711330070451,85,1,[],[]
1711330073384,1711330071451,84,1,[],[]
1711330073384,1711330072451,83,1,[],[]
1711330263031,1711330074272,82,1,"[680,686,741,759,776,751,729,841,774,1280,2207,671,671,711,729,716,760,673,722,742,738,752,758,767,742,769,756,765,741,737,714,726,706,685,678,676,683,674,674,637,354,322,663,765,751,712,701,703,685,693,670,672,695,682,691,657,692,701,703,706,702,696,357,390,704,696,698,671,676,690,702,698,682,710,699,691,688,681,673,661,671,692,1037,771,260,695,675,686,663,660,665,671,642,642,644,641,649,664,668,684,689,680,685,686,697,656,713,698,699,718,721,724,713,703,664,676,662,659,691,674,676,671,677,729,724,733,702,692,709,717,736,727,735,714,694,706,658,712,737,741,742,724,713,727,727,728,739,704,734,719,720,720,723,716,705,682,672,697,691,681,680,684,666,696,708,652,746,679,735,746,743,732,723,681,717,370,1066,729,718,681,688,671,700,691,738,740,749,738,731,763,778,784,720,762,767,710,712,719,699,733,711,735,725,731,736,725,731,721,706,655,704,715,732,749,739,718,713,719,709,688,700,695,728,695,719,709,709,720,704,1346,659,625,735,698,688,720,701,665,700,711,667,1024,441,852,350,307,837,260,670,911,423,533,637,651,655,654,657,615,627,652,606,611,624,639,672,775,785,816,836]","[-1,-1,0,0,0,0,0,0,0,-1,-1,0,0,0,0,0,0,0,0,0,0,0,0,0,0,0,0,0,0,0,0,0,0,0,0,0,0,0,0,0,0,0,0,0,0,0,0,0,0,0,0,0,0,0,0,0,0,0,0,0,0,0,0,0,0,0,0,0,0,0,0,0,0,0,0,0,0,0,0,0,0,-1,-1,-1,-1,-1,0,0,0,0,0,0,0,0,0,0,0,0,0,0,0,0,0,0,0,0,0,0,0,0,0,0,0,0,0,0,0,0,0,0,0,0,0,0,0,0,0,0,0,0,0,0,0,0,0,0,0,0,0,0,0,0,0,0,0,0,0,0,0,0,0,0,0,0,0,0,0,0,0,0,0,0,0,0,0,0,0,0,0,0,0,0,0,0,0,0,-1,-1,-1,-1,0,0,0,0,0,0,0,0,0,0,0,0,0,0,0,0,0,0,0,0,0,0,0,0,0,0,0,0,0,0,0,0,0,0,0,0,0,0,0,0,0,0,0,0,0,0,0,0,0,-1,-1,-1,-1,0,0,0,0,0,0,0,0,0,-1,-1,-1,-1,-1,-1,-1,-1,-1,-1,0,0,0,0,0,0,0,0,0,0,0,0,0,0,0,0,0]"
1711330263031,1711330075272,82,1,[],[]
1711330263031,1711330076272,82,1,[],[]
1711330263031,1711330077272,82,1,[],[]
1711330263031,1711330078272,82,1,[],[]
1711330263031,1711330079272,84,1,[],[]
1711330263031,1711330080272,85,1,[],[]
1711330263031,1711330081272,85,1,[],[]
1711330263031,1711330082272,84,1,[],[]
1711330263031,1711330083272,84,1,[],[]
1711330263031,1711330084272,84,1,[],[]
1711330263031,1711330085272,84,1,[],[]
1711330263031,1711330086272,83,1,[],[]
1711330263031,1711330087272,83,1,[],[]
1711330263031,1711330088272,82,1,[],[]
1711330263031,1711330089272,81,1,[],[]
1711330263031,1711330090272,80,1,[],[]
1711330263031,1711330091272,80,1,[],[]
1711330263031,1711330092272,80,1,[],[]
1711330263031,1711330093272,80,1,[],[]
1711330263031,1711330094272,81,1,[],[]
1711330263031,1711330095272,82,1,[],[]
1711330263031,1711330096272,83,1,[],[]
1711330263031,1711330097272,85,1,[],[]
1711330263031,1711330098272,85,1,[],[]
1711330263031,1711330099272,87,1,[],[]
1711330263031,1711330100272,87,1,[],[]
1711330263031,1711330101272,87,1,[],[]
1711330263031,1711330102272,85,1,[],[]
1711330263031,1711330103272,85,1,[],[]
1711330263031,1711330104272,85,1,[],[]
1711330263031,1711330105272,85,1,[],[]
1711330263031,1711330106272,85,1,[],[]
1711330263031,1711330107272,86,1,[],[]
1711330263031,1711330108272,87,1,[],[]
1711330263031,1711330109272,87,1,[],[]
1711330263031,1711330110272,87,1,[],[]
1711330263031,1711330111272,87,1,[],[]
1711330263031,1711330112272,87,1,[],[]
1711330263031,1711330113272,87,1,[],[]
1711330263031,1711330114272,87,1,[],[]
1711330263031,1711330115272,87,1,[],[]
1711330263031,1711330116272,86,1,[],[]
1711330263031,1711330117272,86,1,[],[]
1711330263031,1711330118272,86,1,[],[]
1711330263031,1711330119272,86,1,[],[]
1711330263031,1711330120272,86,1,[],[]
1711330263031,1711330121272,87,1,[],[]
1711330263031,1711330122272,86,1,[],[]
1711330263031,1711330123272,87,1,[],[]
1711330263031,1711330124272,87,1,[],[]
1711330263031,1711330125272,87,1,[],[]
1711330263031,1711330126272,88,1,[],[]
1711330263031,1711330127272,88,1,[],[]
1711330263031,1711330128272,88,1,[],[]
1711330263031,1711330129272,88,1,[],[]
1711330263031,1711330130272,87,1,[],[]
1711330263031,1711330131272,87,1,[],[]
1711330263031,1711330132272,88,1,[],[]
1711330263031,1711330133272,88,1,[],[]
1711330263031,1711330134272,89,1,[],[]
1711330263031,1711330135272,90,1,[],[]
1711330263031,1711330136272,91,1,[],[]
1711330263031,1711330137272,91,1,[],[]
1711330263031,1711330138272,91,1,[],[]
1711330263031,1711330139272,91,1,[],[]
1711330263031,1711330140272,90,1,[],[]
1711330263031,1711330141272,90,1,[],[]
1711330263031,1711330142272,89,1,[],[]
1711330263031,1711330143272,89,1,[],[]
1711330263031,1711330144272,88,1,[],[]
1711330263031,1711330145272,88,1,[],[]
1711330263031,1711330146272,87,1,[],[]
1711330263031,1711330147272,86,1,[],[]
1711330263031,1711330148272,85,1,[],[]
1711330263031,1711330149272,86,1,[],[]
1711330263031,1711330150272,86,1,[],[]
1711330263031,1711330151272,87,1,[],[]
1711330263031,1711330152272,87,1,[],[]
1711330263031,1711330153272,88,1,[],[]
1711330263031,1711330154272,88,1,[],[]
1711330263031,1711330155272,88,1,[],[]
1711330263031,1711330156272,87,1,[],[]
1711330263031,1711330157272,87,1,[],[]
1711330263031,1711330158272,86,1,[],[]
1711330263031,1711330159272,86,1,[],[]
1711330263031,1711330160272,85,1,[],[]
1711330263031,1711330161272,85,1,[],[]
1711330263031,1711330162272,84,1,[],[]
1711330263031,1711330163272,84,1,[],[]
1711330263031,1711330164272,84,1,[],[]
1711330263031,1711330165272,85,1,[],[]
1711330263031,1711330166272,84,1,[],[]
1711330263031,1711330167272,84,1,[],[]
1711330263031,1711330168272,84,1,[],[]
1711330263031,1711330169272,83,1,[],[]
1711330263031,1711330170272,83,1,[],[]
1711330263031,1711330171272,83,1,[],[]
1711330263031,1711330172272,83,1,[],[]
1711330263031,1711330173272,83,1,[],[]
1711330263031,1711330174272,83,1,[],[]
1711330263031,1711330175272,83,1,[],[]
1711330263031,1711330176272,83,1,[],[]
1711330263031,1711330177272,83,1,[],[]
1711330263031,1711330178272,84,1,[],[]
1711330263031,1711330179272,84,1,[],[]
1711330263031,1711330180272,85,1,[],[]
1711330263031,1711330181272,86,1,[],[]
1711330263031,1711330182272,86,1,[],[]
1711330263031,1711330183272,87,1,[],[]
1711330263031,1711330184272,87,1,[],[]
1711330263031,1711330185272,87,1,[],[]
1711330263031,1711330186272,86,1,[],[]
1711330263031,1711330187272,86,1,[],[]
1711330263031,1711330188272,86,1,[],[]
1711330263031,1711330189272,85,1,[],[]
1711330263031,1711330190272,84,1,[],[]
1711330263031,1711330191272,84,1,[],[]
1711330263031,1711330192272,85,1,[],[]
1711330263031,1711330193272,84,1,[],[]
1711330263031,1711330194272,83,1,[],[]
1711330263031,1711330195272,84,1,[],[]
1711330263031,1711330196272,85,1,[],[]
1711330263031,1711330197272,85,1,[],[]
1711330263031,1711330198272,85,1,[],[]
1711330263031,1711330199272,85,1,[],[]
1711330263031,1711330200272,84,1,[],[]
1711330263031,1711330201272,84,1,[],[]
1711330263031,1711330202272,83,1,[],[]
1711330263031,1711330203272,82,1,[],[]
1711330263031,1711330204272,82,1,[],[]
1711330263031,1711330205272,81,1,[],[]
1711330263031,1711330206272,80,1,[],[]
1711330263031,1711330207272,81,1,[],[]
1711330263031,1711330208272,81,1,[],[]
1711330263031,1711330209272,82,1,[],[]
1711330263031,1711330210272,82,1,[],[]
1711330263031,1711330211272,83,1,[],[]
1711330263031,1711330212272,83,1,[],[]
1711330263031,1711330213272,83,1,[],[]
1711330263031,1711330214272,83,1,[],[]
1711330263031,1711330215272,83,1,[],[]
1711330263031,1711330216272,83,1,[],[]
1711330263031,1711330217272,84,1,[],[]
1711330263031,1711330218272,84,1,[],[]
1711330263031,1711330219272,84,1,[],[]
1711330263031,1711330220272,84,1,[],[]
1711330263031,1711330221272,84,1,[],[]
1711330263031,1711330222272,84,1,[],[]
1711330263031,1711330223272,84,1,[],[]
1711330263031,1711330224272,84,1,[],[]
1711330263031,1711330225272,84,1,[],[]
1711330263031,1711330226272,84,1,[],[]
1711330263031,1711330227272,84,1,[],[]
1711330263031,1711330228272,85,1,[],[]
1711330263031,1711330229272,85,1,[],[]
1711330263031,1711330230272,85,1,[],[]
1711330263031,1711330231272,85,1,[],[]
1711330263031,1711330232272,85,1,[],[]
1711330263031,1711330233272,86,1,[],[]
1711330263031,1711330234272,87,1,[],[]
1711330263031,1711330235272,87,1,[],[]
1711330263031,1711330236272,87,1,[],[]
1711330263031,1711330237272,87,1,[],[]
1711330263031,1711330238272,86,1,[],[]
1711330263031,1711330239272,86,1,[],[]
1711330263031,1711330240272,86,1,[],[]
1711330263031,1711330241272,86,1,[],[]
1711330263031,1711330242272,86,1,[],[]
1711330263031,1711330243272,85,1,[],[]
1711330263031,1711330244272,85,1,[],[]
1711330263031,1711330245272,88,1,[],[]
1711330263031,1711330246272,91,1,[],[]
1711330263031,1711330247272,91,1,[],[]
1711330263031,1711330248272,92,1,[],[]
1711330263031,1711330249272,92,1,[],[]
1711330263031,1711330250272,92,1,[],[]
1711330263031,1711330251272,92,1,[],[]
1711330263031,1711330252272,93,1,[],[]
1711330263031,1711330253272,93,1,[],[]
1711330263031,1711330254272,93,1,[],[]
1711330263031,1711330255272,92,1,[],[]
1711330263031,1711330256272,92,1,[],[]
1711330263031,1711330257272,92,1,[],[]
1711330263031,1711330258272,91,1,[],[]
1711330263031,1711330259272,89,1,[],[]
1711330263031,1711330260272,87,1,[],[]
1711330263031,1711330261272,84,1,[],[]
1711330263031,1711330262272,80,1,[],[]
1711330263925,1711330263275,78,1,[847],[0]
1711330264940,1711330264278,77,1,[859],[0]
1711330265945,1711330265281,77,1,[857],[0]
1711330266924,1711330266285,76,1,[860],[0]
1711330267951,1711330267292,74,1,"[812,796]","[0,0]"
1711330268929,1711330268294,74,1,[756],[0]
1711330269933,1711330269297,72,1,[812],[0]
1711330270936,1711330270301,72,1,[932],[-1]
1711330271962,1711330271304,71,1,[917],[-1]
1711330272942,1711330272308,71,1,"[787,842]","[-1,0]"
1711330273984,1711330273308,71,1,[893],[0]
1711330274956,1711330274310,72,1,[919],[0]
1711330275989,1711330275313,72,1,[800],[0]
1711330276961,1711330276316,71,1,[852],[0]
1711330423636,1711330277768,70,1,"[827,863,798,746,886,1041,990,894,991,1105,1049,888,862,939,1012,1005,991,876,834,889,1009,975,916,860,919,1016,980,904,835,878,907,879,802,837,914,954,926,835,837,886,927,915,800,840,899,930,892,843,808,833,902,891,864,818,860,922,905,934,888,815,834,839,835,800,845,801,766,769,773,765,814,882,921,935,883,805,890,912,902,802,779,785,842,886,912,833,829,913,987,1053,988,902,856,881,916,906,906,852,813,910,1042,1013,1060,936,838,773,778,790,332,884,1021,781,801,616,437,553,521,456,845,839,416,773,266,986,1163,307,606,594,632,567,587,601,625,547,774,1059,669,645,652,644,688,669,661,684,670,659,550,834,1224,692,733,565,689,683,613,677,671,658,661,661,651,683,675,692,713,724,691,669,719,754,744,777,743,734,722,700,688,688,693,725,665,640]","[0,0,0,0,0,0,0,0,0,0,0,0,0,0,0,0,0,0,0,0,0,0,0,0,0,0,0,0,0,0,0,0,0,0,0,0,0,0,0,0,0,0,0,0,0,0,0,0,0,0,0,0,0,0,0,0,0,0,0,0,0,0,0,0,0,0,0,0,0,0,0,0,0,0,0,0,0,0,0,0,0,0,0,0,0,0,0,0,0,0,0,0,0,0,0,0,0,0,0,0,0,0,0,0,0,0,0,-1,-1,-1,-1,-1,-1,-1,-1,-1,-1,-1,-1,-1,-1,-1,-1,-1,0,0,0,0,0,0,0,0,0,0,0,0,0,0,0,0,0,0,0,0,0,0,0,0,-1,-1,-1,0,0,0,0,0,0,0,0,0,0,0,0,0,0,0,0,0,0,0,0,0,0,0,0,0,0,0,0,0,0,0]"
1711330423636,1711330278768,69,1,[],[]
1711330423636,1711330279768,68,1,[],[]
1711330423636,1711330280768,67,1,[],[]
1711330423636,1711330281768,65,1,[],[]
1711330423636,1711330282768,65,1,[],[]
1711330423636,1711330283768,65,1,[],[]
1711330423636,1711330284768,65,1,[],[]
1711330423636,1711330285768,64,1,[],[]
1711330423636,1711330286768,63,1,[],[]
1711330423636,1711330287768,63,1,[],[]
1711330423636,1711330288768,64,1,[],[]
1711330423636,1711330289768,65,1,[],[]
1711330423636,1711330290768,65,1,[],[]
1711330423636,1711330291768,65,1,[],[]
1711330423636,1711330292768,64,1,[],[]
1711330423636,1711330293768,65,1,[],[]
1711330423636,1711330294768,65,1,[],[]
1711330423636,1711330295768,65,1,[],[]
1711330423636,1711330296768,64,1,[],[]
1711330423636,1711330297768,64,1,[],[]
1711330423636,1711330298768,65,1,[],[]
1711330423636,1711330299768,66,1,[],[]
1711330423636,1711330300768,66,1,[],[]
1711330423636,1711330301768,67,1,[],[]
1711330423636,1711330302768,69,1,[],[]
1711330423636,1711330303768,69,1,[],[]
1711330423636,1711330304768,68,1,[],[]
1711330423636,1711330305768,67,1,[],[]
1711330423636,1711330306768,68,1,[],[]
1711330423636,1711330307768,68,1,[],[]
1711330423636,1711330308768,68,1,[],[]
1711330423636,1711330309768,69,1,[],[]
1711330423636,1711330310768,69,1,[],[]
1711330423636,1711330311768,69,1,[],[]
1711330423636,1711330312768,69,1,[],[]
1711330423636,1711330313768,68,1,[],[]
1711330423636,1711330314768,68,1,[],[]
1711330423636,1711330315768,69,1,[],[]
1711330423636,1711330316768,70,1,[],[]
1711330423636,1711330317768,70,1,[],[]
1711330423636,1711330318768,70,1,[],[]
1711330423636,1711330319768,70,1,[],[]
1711330423636,1711330320768,70,1,[],[]
1711330423636,1711330321768,70,1,[],[]
1711330423636,1711330322768,69,1,[],[]
1711330423636,1711330323768,68,1,[],[]
1711330423636,1711330324768,68,1,[],[]
1711330423636,1711330325768,68,1,[],[]
1711330423636,1711330326768,69,1,[],[]
1711330423636,1711330327768,69,1,[],[]
1711330423636,1711330328768,70,1,[],[]
1711330423636,1711330329768,71,1,[],[]
1711330423636,1711330330768,72,1,[],[]
1711330423636,1711330331768,73,1,[],[]
1711330423636,1711330332768,74,1,[],[]
1711330423636,1711330333768,75,1,[],[]
1711330423636,1711330334768,75,1,[],[]
1711330423636,1711330335768,74,1,[],[]
1711330423636,1711330336768,73,1,[],[]
1711330423636,1711330337768,72,1,[],[]
1711330423636,1711330338768,72,1,[],[]
1711330423636,1711330339768,71,1,[],[]
1711330423636,1711330340768,70,1,[],[]
1711330423636,1711330341768,69,1,[],[]
1711330423636,1711330342768,70,1,[],[]
1711330423636,1711330343768,70,1,[],[]
1711330423636,1711330344768,71,1,[],[]
1711330423636,1711330345768,71,1,[],[]
1711330423636,1711330346768,71,1,[],[]
1711330423636,1711330347768,71,1,[],[]
1711330423636,1711330348768,71,1,[],[]
1711330423636,1711330349768,70,1,[],[]
1711330423636,1711330350768,70,1,[],[]
1711330423636,1711330351768,69,1,[],[]
1711330423636,1711330352768,68,1,[],[]
1711330423636,1711330353768,66,1,[],[]
1711330423636,1711330354768,67,1,[],[]
1711330423636,1711330355768,67,1,[],[]
1711330423636,1711330356768,67,1,[],[]
1711330423636,1711330357768,67,1,[],[]
1711330423636,1711330358768,67,1,[],[]
1711330423636,1711330359768,68,1,[],[]
1711330423636,1711330360768,68,1,[],[]
1711330423636,1711330361768,67,1,[],[]
1711330423636,1711330362768,66,1,[],[]
1711330423636,1711330363768,65,1,[],[]
1711330423636,1711330364768,65,1,[],[]
1711330423636,1711330365768,66,1,[],[]
1711330423636,1711330366768,66,1,[],[]
1711330423636,1711330367768,66,1,[],[]
1711330423636,1711330368768,66,1,[],[]
1711330423636,1711330369768,66,1,[],[]
1711330423636,1711330370768,68,1,[],[]
1711330423636,1711330371768,69,1,[],[]
1711330423636,1711330372768,70,1,[],[]
1711330423636,1711330373768,70,1,[],[]
1711330423636,1711330374768,71,1,[],[]
1711330423636,1711330375768,74,1,[],[]
1711330423636,1711330376768,75,1,[],[]
1711330423636,1711330377768,78,1,[],[]
1711330423636,1711330378768,80,1,[],[]
1711330423636,1711330379768,81,1,[],[]
1711330423636,1711330380768,83,1,[],[]
1711330423636,1711330381768,84,1,[],[]
1711330423636,1711330382768,85,1,[],[]
1711330423636,1711330383768,86,1,[],[]
1711330423636,1711330384768,85,1,[],[]
1711330423636,1711330385768,86,1,[],[]
1711330423636,1711330386768,87,1,[],[]
1711330423636,1711330387768,88,1,[],[]
1711330423636,1711330388768,89,1,[],[]
1711330423636,1711330389768,89,1,[],[]
1711330423636,1711330390768,89,1,[],[]
1711330423636,1711330391768,89,1,[],[]
1711330423636,1711330392768,89,1,[],[]
1711330423636,1711330393768,89,1,[],[]
1711330423636,1711330394768,89,1,[],[]
1711330423636,1711330395768,90,1,[],[]
1711330423636,1711330396768,89,1,[],[]
1711330423636,1711330397768,90,1,[],[]
1711330423636,1711330398768,90,1,[],[]
1711330423636,1711330399768,90,1,[],[]
1711330423636,1711330400768,90,1,[],[]
1711330423636,1711330401768,90,1,[],[]
1711330423636,1711330402768,90,1,[],[]
1711330423636,1711330403768,90,1,[],[]
1711330423636,1711330404768,90,1,[],[]
1711330423636,1711330405768,90,1,[],[]
1711330423636,1711330406768,90,1,[],[]
1711330423636,1711330407768,90,1,[],[]
1711330423636,1711330408768,90,1,[],[]
1711330423636,1711330409768,88,1,[],[]
1711330423636,1711330410768,87,1,[],[]
1711330423636,1711330411768,86,1,[],[]
1711330423636,1711330412768,84,1,[],[]
1711330423636,1711330413768,84,1,[],[]
1711330423636,1711330414768,82,1,[],[]
1711330423636,1711330415768,84,1,[],[]
1711330423636,1711330416768,85,1,[],[]
1711330423636,1711330417768,85,1,[],[]
1711330423636,1711330418768,85,1,[],[]
1711330423636,1711330419768,85,1,[],[]
1711330423636,1711330420768,86,1,[],[]
1711330423636,1711330421768,86,1,[],[]
1711330423636,1711330422768,87,1,[],[]
1711330499769,1711330425089,89,1,"[726,634,658,642,684,1337,1256,731,645,642,723,673,657,694,690,616,768,678,633,728,705,632,751,645,677,685,654,684,918,1003,712,594,634,624,622,662,1231,619,611,658,612,518,693,555,646,622,616,621,1239,613,603,637,672,582,647,617,637,614,603,679,640,574,673,599,617,637,636,677,636,568,592,602,645,616,598,622,532,637,617,616,655,660,579,617,601,690,623,602,684,649,614,508,260,678,606,621,582,642,637,597,634,1228,627,626,667,654,552,669,269,991,617,572,689,613]","[0,0,0,0,-1,-1,-1,-1,-1,-1,-1,0,0,0,0,0,0,0,0,0,0,0,0,0,-1,-1,-1,-1,-1,-1,-1,-1,-1,-1,-1,-1,0,0,0,0,0,-1,-1,-1,-1,-1,0,0,0,0,0,0,0,0,0,0,0,0,0,0,0,0,0,0,0,0,0,0,0,-1,-1,-1,-1,-1,-1,-1,-1,-1,-1,-1,-1,-1,-1,-1,-1,-1,-1,-1,-1,-1,-1,-1,-1,-1,-1,-1,-1,-1,-1,-1,-1,-1,-1,-1,-1,-1,-1,-1,-1,-1,-1,-1,-1,-1]"
1711330499769,1711330426089,89,1,[],[]
1711330499769,1711330427089,90,1,[],[]
1711330499769,1711330428089,90,1,[],[]
1711330499769,1711330429089,90,1,[],[]
1711330499769,1711330430089,90,1,[],[]
1711330499769,1711330431089,90,1,[],[]
1711330499769,1711330432089,89,1,[],[]
1711330499769,1711330433089,89,1,[],[]
1711330499769,1711330434089,89,1,[],[]
1711330499769,1711330435089,89,1,[],[]
1711330499769,1711330436089,89,1,[],[]
1711330499769,1711330437089,89,1,[],[]
1711330499769,1711330438089,89,1,[],[]
1711330499769,1711330439089,89,1,[],[]
1711330499769,1711330440089,88,1,[],[]
1711330499769,1711330441089,88,1,[],[]
1711330499769,1711330442089,88,1,[],[]
1711330499769,1711330443089,89,1,[],[]
1711330499769,1711330444089,89,1,[],[]
1711330499769,1711330445089,90,1,[],[]
1711330499769,1711330446089,90,1,[],[]
1711330499769,1711330447089,91,1,[],[]
1711330499769,1711330448089,91,1,[],[]
1711330499769,1711330449089,92,1,[],[]
1711330499769,1711330450089,92,1,[],[]
1711330499769,1711330451089,93,1,[],[]
1711330499769,1711330452089,93,1,[],[]
1711330499769,1711330453089,94,1,[],[]
1711330499769,1711330454089,94,1,[],[]
1711330499769,1711330455089,94,1,[],[]
1711330499769,1711330456089,95,1,[],[]
1711330499769,1711330457089,95,1,[],[]
1711330499769,1711330458089,95,1,[],[]
1711330499769,1711330459089,95,1,[],[]
1711330499769,1711330460089,95,1,[],[]
1711330499769,1711330461089,95,1,[],[]
1711330499769,1711330462089,95,1,[],[]
1711330499769,1711330463089,95,1,[],[]
1711330499769,1711330464089,96,1,[],[]
1711330499769,1711330465089,96,1,[],[]
1711330499769,1711330466089,95,1,[],[]
1711330499769,1711330467089,95,1,[],[]
1711330499769,1711330468089,95,1,[],[]
1711330499769,1711330469089,96,1,[],[]
1711330499769,1711330470089,96,1,[],[]
1711330499769,1711330471089,96,1,[],[]
1711330499769,1711330472089,96,1,[],[]
1711330499769,1711330473089,97,1,[],[]
1711330499769,1711330474089,97,1,[],[]
1711330499769,1711330475089,97,1,[],[]
1711330499769,1711330476089,97,1,[],[]
1711330499769,1711330477089,97,1,[],[]
1711330499769,1711330478089,97,1,[],[]
1711330499769,1711330479089,97,1,[],[]
1711330499769,1711330480089,96,1,[],[]
1711330499769,1711330481089,96,1,[],[]
1711330499769,1711330482089,96,1,[],[]
1711330499769,1711330483089,96,1,[],[]
1711330499769,1711330484089,96,1,[],[]
1711330499769,1711330485089,96,1,[],[]
1711330499769,1711330486089,96,1,[],[]
1711330499769,1711330487089,96,1,[],[]
1711330499769,1711330488089,96,1,[],[]
1711330499769,1711330489089,96,1,[],[]
1711330499769,1711330490089,96,1,[],[]
1711330499769,1711330491089,96,1,[],[]
1711330499769,1711330492089,96,1,[],[]
1711330499769,1711330493089,96,1,[],[]
1711330499769,1711330494089,96,1,[],[]
1711330499769,1711330495089,96,1,[],[]
1711330499769,1711330496089,96,1,[],[]
1711330499769,1711330497089,96,1,[],[]
1711330499769,1711330498089,97,1,[],[]
1711330499769,1711330499089,96,1,[],[]
1711330499769,1711330500089,97,1,[],[]
1711330838707,1711330502689,97,1,"[578,594,373,260,677,618,565,617,571,651,638,585,540,658,664,601,650,672,640,606,718,639,619,651,1255,609,548,673,605,550,921,260,698,1077,633,559,673,1218,574,581,726,613,603,688,1200,634,325,932,596,591,457,260,312,883,593,584,672,650,522,586,552,718,1147,591,625,686,602,588,606,553,646,559,560,485,667,660,584,580,593,549,661,623,600,572,620,734,585,582,712,716,540,662,635,626,670,633,656,673,572,710,696,669,656,624,635,528,870,596,646,643,626,646,643,664,1066,905,1460,746,688,682,719,737,726,746,777,772,1052,463,418,1015,774,718,730,790,840,790,793,843,933,916,859,779,711,781,866,950,879,804,842,1044,1072,925,798,877,998,1012,927,908,1050,1101,907,821,855,896,890,777,791,864,900,905,837,799,819,853,886,808,793,820,847,838,770,788,844,950,1014,932,836,832,835,881,940,868,839,908,925,925,897,822,821,812,850,830,767,754,659,656,790,792,864,884,916,833,820,859,882,893,861,804,808,909,975,991,896,911,1018,1046,1008,814,856,978,1069,1029,853,978,1243,1139,690,858,812,827,631,759,716,697,739,618,684,674,606,634,633,625,615,606,614,663,549,759,574,721,775,732,717,871,260,807,768,728,512,721,688,656,456,749,559,680,719,369,406,274,467,693,386,726,464,627,546,620,506,278,761,383,739,396,436,308,455,345,695,476,411,678,420,380,438,661,412,422,301,456,293,442,280,449,260,454,384,768,260,562,413,366,512,481,457,426,758,292,402,379,450,326,662,443,375,412,289,754,474,301,433,1009,460,326,445,292,723,440,354,432,299,476,285,734,447,316,469,271,706,464,339,443,295,663,456,342,398,348,392,688,737,405,402,361,400,266,454,758,333,462,290,722,451,325,412,760,295,446,285,424,325,428,348,418,307,439,276,404,371,428,351,445,298,431,269,433,325,446,329,451,317,686,407,352,418,808,325,461,268,477,723,293,400,791,360,397,372,399,355,414,745,681,342,450,339,423,365,422,272,447,774,718,293,462,280,439,330,436,344,439,748,725,746,299,709,779,424,341,421,369,414,355,425,324,392,721,798,734,261,757,404,352,442,323,407,360,426,711,353,392,371,415,260,474,274,484,260,768,791,433,359,418,743,358,412,346,380,771,284,537,260,791,428,360,415,359,400,339,397,276,490,313,453,660,327,356,826,351,423,364,417,362,425,315,412,370,402,394,347,339,441,318,496,287,433,323,430,322,477,260,442,766,271]","[-1,-1,-1,-1,0,0,0,0,0,0,0,0,0,0,0,0,0,0,-1,-1,-1,-1,-1,-1,-1,-1,-1,-1,-1,-1,-1,-1,-1,-1,-1,-1,-1,-1,-1,-1,-1,-1,-1,-1,-1,-1,-1,-1,-1,-1,-1,-1,-1,-1,-1,-1,-1,-1,-1,-1,-1,-1,-1,-1,-1,-1,-1,-1,-1,-1,-1,-1,-1,-1,0,0,0,0,0,0,0,0,0,-1,-1,-1,-1,-1,0,0,0,0,0,0,0,0,0,0,0,0,0,0,-1,-1,-1,-1,0,0,0,0,0,0,0,0,-1,-1,-1,-1,-1,-1,0,0,0,0,0,0,0,0,0,0,0,0,0,0,0,0,0,0,0,0,0,0,0,0,0,0,0,0,0,0,0,0,0,0,0,0,0,0,0,0,0,0,0,0,0,0,0,0,0,0,0,0,0,0,0,0,0,0,0,0,0,0,0,0,0,0,0,0,0,0,0,0,0,0,0,0,0,0,0,0,0,0,-1,-1,-1,-1,0,0,0,0,0,0,0,0,0,0,0,0,0,0,0,0,0,0,0,0,0,0,0,0,0,0,0,0,0,-1,-1,-1,-1,0,0,0,0,-1,-1,-1,-1,-1,0,0,0,0,0,0,0,0,0,-1,-1,-1,-1,-1,-1,-1,-1,-1,-1,-1,-1,-1,-1,-1,-1,-1,-1,-1,-1,-1,-1,-1,-1,-1,-1,-1,-1,-1,-1,-1,-1,-1,-1,-1,-1,-1,-1,-1,-1,-1,-1,-1,-1,-1,-1,-1,-1,-1,-1,-1,-1,-1,-1,-1,-1,-1,-1,-1,-1,-1,-1,-1,-1,-1,-1,-1,-1,-1,-1,-1,-1,-1,-1,-1,-1,-1,-1,-1,-1,-1,-1,-1,-1,-1,-1,-1,-1,-1,-1,-1,-1,-1,-1,-1,-1,-1,-1,-1,-1,-1,-1,-1,-1,-1,-1,-1,-1,-1,-1,-1,-1,-1,-1,-1,-1,-1,-1,-1,-1,-1,-1,-1,-1,-1,-1,-1,-1,-1,-1,-1,-1,-1,-1,-1,-1,-1,-1,-1,-1,-1,-1,-1,-1,-1,-1,-1,-1,-1,-1,-1,-1,-1,-1,-1,-1,-1,-1,-1,-1,-1,-1,-1,-1,-1,-1,-1,-1,-1,-1,-1,-1,-1,-1,-1,-1,-1,-1,-1,-1,-1,-1,-1,-1,-1,-1,-1,-1,-1,-1,-1,-1,-1,-1,-1,-1,-1,-1,-1,-1,-1,-1,-1,-1,-1,-1,-1,-1,-1,-1,-1,-1,-1,-1,-1,-1,-1,-1,-1,-1,-1,-1,-1,-1,-1,-1,-1,-1,-1,-1,-1,-1,-1,-1,-1,-1,-1,-1,-1,-1,-1,-1,-1,-1,-1,-1,-1,-1,-1,-1,-1,-1,-1,-1,-1,-1,-1,-1,-1,-1,-1,-1,-1,-1,-1,-1,-1,-1,-1,-1,-1,-1,-1,-1,-1,-1,-1,-1,-1,-1,-1,-1,-1,-1,-1,-1]"
1711330838707,1711330503689,97,1,[],[]
1711330838707,1711330504689,97,1,[],[]
1711330838707,1711330505689,97,1,[],[]
1711330838707,1711330506689,97,1,[],[]
1711330838707,1711330507689,97,1,[],[]
1711330838707,1711330508689,97,1,[],[]
1711330838707,1711330509689,97,1,[],[]
1711330838707,1711330510689,96,1,[],[]
1711330838707,1711330511689,96,1,[],[]
1711330838707,1711330512689,96,1,[],[]
1711330838707,1711330513689,96,1,[],[]
1711330838707,1711330514689,96,1,[],[]
1711330838707,1711330515689,97,1,[],[]
1711330838707,1711330516689,97,1,[],[]
1711330838707,1711330517689,97,1,[],[]
1711330838707,1711330518689,98,1,[],[]
1711330838707,1711330519689,98,1,[],[]
1711330838707,1711330520689,98,1,[],[]
1711330838707,1711330521689,98,1,[],[]
1711330838707,1711330522689,98,1,[],[]
1711330838707,1711330523689,98,1,[],[]
1711330838707,1711330524689,98,1,[],[]
1711330838707,1711330525689,98,1,[],[]
1711330838707,1711330526689,98,1,[],[]
1711330838707,1711330527689,97,1,[],[]
1711330838707,1711330528689,97,1,[],[]
1711330838707,1711330529689,97,1,[],[]
1711330838707,1711330530689,98,1,[],[]
1711330838707,1711330531689,97,1,[],[]
1711330838707,1711330532689,98,1,[],[]
1711330838707,1711330533689,98,1,[],[]
1711330838707,1711330534689,98,1,[],[]
1711330838707,1711330535689,98,1,[],[]
1711330838707,1711330536689,98,1,[],[]
1711330838707,1711330537689,98,1,[],[]
1711330838707,1711330538689,98,1,[],[]
1711330838707,1711330539689,98,1,[],[]
1711330838707,1711330540689,98,1,[],[]
1711330838707,1711330541689,98,1,[],[]
1711330838707,1711330542689,99,1,[],[]
1711330838707,1711330543689,99,1,[],[]
1711330838707,1711330544689,99,1,[],[]
1711330838707,1711330545689,99,1,[],[]
1711330838707,1711330546689,100,1,[],[]
1711330838707,1711330547689,100,1,[],[]
1711330838707,1711330548689,100,1,[],[]
1711330838707,1711330549689,100,1,[],[]
1711330838707,1711330550689,99,1,[],[]
1711330838707,1711330551689,99,1,[],[]
1711330838707,1711330552689,99,1,[],[]
1711330838707,1711330553689,99,1,[],[]
1711330838707,1711330554689,99,1,[],[]
1711330838707,1711330555689,98,1,[],[]
1711330838707,1711330556689,98,1,[],[]
1711330838707,1711330557689,98,1,[],[]
1711330838707,1711330558689,97,1,[],[]
1711330838707,1711330559689,97,1,[],[]
1711330838707,1711330560689,97,1,[],[]
1711330838707,1711330561689,97,1,[],[]
1711330838707,1711330562689,96,1,[],[]
1711330838707,1711330563689,96,1,[],[]
1711330838707,1711330564689,96,1,[],[]
1711330838707,1711330565689,95,1,[],[]
1711330838707,1711330566689,95,1,[],[]
1711330838707,1711330567689,95,1,[],[]
1711330838707,1711330568689,95,1,[],[]
1711330838707,1711330569689,94,1,[],[]
1711330838707,1711330570689,93,1,[],[]
1711330838707,1711330571689,93,1,[],[]
1711330838707,1711330572689,91,1,[],[]
1711330838707,1711330573689,90,1,[],[]
1711330838707,1711330574689,91,1,[],[]
1711330838707,1711330575689,0,0,[],[]
1711330838707,1711330576689,0,0,[],[]
1711330838707,1711330577689,0,0,[],[]
1711330838707,1711330578689,0,0,[],[]
1711330838707,1711330579689,0,0,[],[]
1711330838707,1711330580689,0,0,[],[]
1711330838707,1711330581689,0,0,[],[]
1711330838707,1711330582689,0,0,[],[]
1711330838707,1711330583689,0,0,[],[]
1711330838707,1711330584689,0,0,[],[]
1711330838707,1711330585689,0,0,[],[]
1711330838707,1711330586689,0,0,[],[]
1711330838707,1711330587689,0,0,[],[]
1711330838707,1711330588689,0,0,[],[]
1711330838707,1711330589689,83,1,[],[]
1711330838707,1711330590689,83,1,[],[]
1711330838707,1711330591689,84,1,[],[]
1711330838707,1711330592689,84,1,[],[]
1711330838707,1711330593689,84,1,[],[]
1711330838707,1711330594689,84,1,[],[]
1711330838707,1711330595689,83,1,[],[]
1711330838707,1711330596689,83,1,[],[]
1711330838707,1711330597689,82,1,[],[]
1711330838707,1711330598689,81,1,[],[]
1711330838707,1711330599689,80,1,[],[]
1711330838707,1711330600689,79,1,[],[]
1711330838707,1711330601689,78,1,[],[]
1711330838707,1711330602689,77,1,[],[]
1711330838707,1711330603689,76,1,[],[]
1711330838707,1711330604689,75,1,[],[]
1711330838707,1711330605689,75,1,[],[]
1711330838707,1711330606689,75,1,[],[]
1711330838707,1711330607689,74,1,[],[]
1711330838707,1711330608689,74,1,[],[]
1711330838707,1711330609689,73,1,[],[]
1711330838707,1711330610689,72,1,[],[]
1711330838707,1711330611689,71,1,[],[]
1711330838707,1711330612689,70,1,[],[]
1711330838707,1711330613689,70,1,[],[]
1711330838707,1711330614689,69,1,[],[]
1711330838707,1711330615689,68,1,[],[]
1711330838707,1711330616689,68,1,[],[]
1711330838707,1711330617689,67,1,[],[]
1711330838707,1711330618689,66,1,[],[]
1711330838707,1711330619689,65,1,[],[]
1711330838707,1711330620689,64,1,[],[]
1711330838707,1711330621689,63,1,[],[]
1711330838707,1711330622689,63,1,[],[]
1711330838707,1711330623689,64,1,[],[]
1711330838707,1711330624689,65,1,[],[]
1711330838707,1711330625689,66,1,[],[]
1711330838707,1711330626689,67,1,[],[]
1711330838707,1711330627689,68,1,[],[]
1711330838707,1711330628689,68,1,[],[]
1711330838707,1711330629689,69,1,[],[]
1711330838707,1711330630689,69,1,[],[]
1711330838707,1711330631689,70,1,[],[]
1711330838707,1711330632689,70,1,[],[]
1711330838707,1711330633689,71,1,[],[]
1711330838707,1711330634689,71,1,[],[]
1711330838707,1711330635689,71,1,[],[]
1711330838707,1711330636689,72,1,[],[]
1711330838707,1711330637689,72,1,[],[]
1711330838707,1711330638689,72,1,[],[]
1711330838707,1711330639689,73,1,[],[]
1711330838707,1711330640689,73,1,[],[]
1711330838707,1711330641689,72,1,[],[]
1711330838707,1711330642689,72,1,[],[]
1711330838707,1711330643689,71,1,[],[]
1711330838707,1711330644689,71,1,[],[]
1711330838707,1711330645689,70,1,[],[]
1711330838707,1711330646689,70,1,[],[]
1711330838707,1711330647689,69,1,[],[]
1711330838707,1711330648689,69,1,[],[]
1711330838707,1711330649689,68,1,[],[]
1711330838707,1711330650689,68,1,[],[]
1711330838707,1711330651689,68,1,[],[]
1711330838707,1711330652689,68,1,[],[]
1711330838707,1711330653689,68,1,[],[]
1711330838707,1711330654689,69,1,[],[]
1711330838707,1711330655689,0,0,[],[]
1711330838707,1711330656689,70,1,[],[]
1711330838707,1711330657689,71,1,[],[]
1711330838707,1711330658689,72,1,[],[]
1711330838707,1711330659689,72,1,[],[]
1711330838707,1711330660689,72,1,[],[]
1711330838707,1711330661689,72,1,[],[]
1711330838707,1711330662689,72,1,[],[]
1711330838707,1711330663689,71,1,[],[]
1711330838707,1711330664689,71,1,[],[]
1711330838707,1711330665689,71,1,[],[]
1711330838707,1711330666689,71,1,[],[]
1711330838707,1711330667689,70,1,[],[]
1711330838707,1711330668689,70,1,[],[]
1711330838707,1711330669689,70,1,[],[]
1711330838707,1711330670689,70,1,[],[]
1711330838707,1711330671689,70,1,[],[]
1711330838707,1711330672689,69,1,[],[]
1711330838707,1711330673689,69,1,[],[]
1711330838707,1711330674689,68,1,[],[]
1711330838707,1711330675689,68,1,[],[]
1711330838707,1711330676689,67,1,[],[]
1711330838707,1711330677689,66,1,[],[]
1711330838707,1711330678689,66,1,[],[]
1711330838707,1711330679689,66,1,[],[]
1711330838707,1711330680689,66,1,[],[]
1711330838707,1711330681689,65,1,[],[]
1711330838707,1711330682689,64,1,[],[]
1711330838707,1711330683689,64,1,[],[]
1711330838707,1711330684689,64,1,[],[]
1711330838707,1711330685689,63,1,[],[]
1711330838707,1711330686689,62,1,[],[]
1711330838707,1711330687689,62,1,[],[]
1711330838707,1711330688689,64,1,[],[]
1711330838707,1711330689689,66,1,[],[]
1711330838707,1711330690689,67,1,[],[]
1711330838707,1711330691689,67,1,[],[]
1711330838707,1711330692689,66,1,[],[]
1711330838707,1711330693689,66,1,[],[]
1711330838707,1711330694689,68,1,[],[]
1711330838707,1711330695689,70,1,[],[]
1711330838707,1711330696689,71,1,[],[]
1711330838707,1711330697689,72,1,[],[]
1711330838707,1711330698689,72,1,[],[]
1711330838707,1711330699689,73,1,[],[]
1711330838707,1711330700689,76,1,[],[]
1711330838707,1711330701689,75,1,[],[]
1711330838707,1711330702689,79,1,[],[]
1711330838707,1711330703689,0,-10,[],[]
1711330838707,1711330704689,0,-10,[],[]
1711330838707,1711330705689,86,1,[],[]
1711330838707,1711330706689,86,1,[],[]
1711330838707,1711330707689,86,1,[],[]
1711330838707,1711330708689,87,1,[],[]
1711330838707,1711330709689,88,1,[],[]
1711330838707,1711330710689,89,1,[],[]
1711330838707,1711330711689,90,1,[],[]
1711330838707,1711330712689,91,1,[],[]
1711330838707,1711330713689,93,1,[],[]
1711330838707,1711330714689,94,1,[],[]
1711330838707,1711330715689,96,1,[],[]
1711330838707,1711330716689,98,1,[],[]
1711330838707,1711330717689,101,1,[],[]
1711330838707,1711330718689,104,1,[],[]
1711330838707,1711330719689,105,1,[],[]
1711330838707,1711330720689,106,1,[],[]
1711330838707,1711330721689,108,1,[],[]
1711330838707,1711330722689,109,1,[],[]
1711330838707,1711330723689,110,1,[],[]
1711330838707,1711330724689,111,1,[],[]
1711330838707,1711330725689,113,1,[],[]
1711330838707,1711330726689,115,1,[],[]
1711330838707,1711330727689,0,-10,[],[]
1711330838707,1711330728689,0,-10,[],[]
1711330838707,1711330729689,0,-10,[],[]
1711330838707,1711330730689,0,-10,[],[]
1711330838707,1711330731689,0,-10,[],[]
1711330838707,1711330732689,0,-10,[],[]
1711330838707,1711330733689,0,-10,[],[]
1711330838707,1711330734689,0,-10,[],[]
1711330838707,1711330735689,0,-10,[],[]
1711330838707,1711330736689,0,-10,[],[]
1711330838707,1711330737689,0,-10,[],[]
1711330838707,1711330738689,0,-10,[],[]
1711330838707,1711330739689,0,-10,[],[]
1711330838707,1711330740689,0,-10,[],[]
1711330838707,1711330741689,0,-10,[],[]
1711330838707,1711330742689,0,-10,[],[]
1711330838707,1711330743689,0,-10,[],[]
1711330838707,1711330744689,0,-10,[],[]
1711330838707,1711330745689,0,-10,[],[]
1711330838707,1711330746689,0,-10,[],[]
1711330838707,1711330747689,0,-10,[],[]
1711330838707,1711330748689,0,-10,[],[]
1711330838707,1711330749689,0,-10,[],[]
1711330838707,1711330750689,0,-10,[],[]
1711330838707,1711330751689,0,-10,[],[]
1711330838707,1711330752689,0,-10,[],[]
1711330838707,1711330753689,0,-10,[],[]
1711330838707,1711330754689,0,-10,[],[]
1711330838707,1711330755689,0,-10,[],[]
1711330838707,1711330756689,0,-10,[],[]
1711330838707,1711330757689,0,-10,[],[]
1711330838707,1711330758689,0,-10,[],[]
1711330838707,1711330759689,0,-10,[],[]
1711330838707,1711330760689,0,-10,[],[]
1711330838707,1711330761689,0,-10,[],[]
1711330838707,1711330762689,0,-10,[],[]
1711330838707,1711330763689,0,-10,[],[]
1711330838707,1711330764689,0,-10,[],[]
1711330838707,1711330765689,0,-10,[],[]
1711330838707,1711330766689,0,-10,[],[]
1711330838707,1711330767689,0,-10,[],[]
1711330838707,1711330768689,0,-10,[],[]
1711330838707,1711330769689,0,-10,[],[]
1711330838707,1711330770689,0,-10,[],[]
1711330838707,1711330771689,0,-10,[],[]
1711330838707,1711330772689,0,-10,[],[]
1711330838707,1711330773689,0,-10,[],[]
1711330838707,1711330774689,0,-10,[],[]
1711330838707,1711330775689,0,-10,[],[]
1711330838707,1711330776689,0,-10,[],[]
1711330838707,1711330777689,0,-10,[],[]
1711330838707,1711330778689,0,-10,[],[]
1711330838707,1711330779689,0,-10,[],[]
1711330838707,1711330780689,0,-10,[],[]
1711330838707,1711330781689,0,-10,[],[]
1711330838707,1711330782689,0,-10,[],[]
1711330838707,1711330783689,0,-10,[],[]
1711330838707,1711330784689,0,-10,[],[]
1711330838707,1711330785689,0,-10,[],[]
1711330838707,1711330786689,0,-10,[],[]
1711330838707,1711330787689,0,-10,[],[]
1711330838707,1711330788689,0,-10,[],[]
1711330838707,1711330789689,0,-10,[],[]
1711330838707,1711330790689,0,-10,[],[]
1711330838707,1711330791689,0,-10,[],[]
1711330838707,1711330792689,0,-10,[],[]
1711330838707,1711330793689,0,-10,[],[]
1711330838707,1711330794689,0,-10,[],[]
1711330838707,1711330795689,0,-10,[],[]
1711330838707,1711330796689,0,-10,[],[]
1711330838707,1711330797689,0,-10,[],[]
1711330838707,1711330798689,0,-10,[],[]
1711330838707,1711330799689,0,-10,[],[]
1711330838707,1711330800689,0,-10,[],[]
1711330838707,1711330801689,0,-10,[],[]
1711330838707,1711330802689,0,-10,[],[]
1711330838707,1711330803689,0,-10,[],[]
1711330838707,1711330804689,0,-10,[],[]
1711330838707,1711330805689,0,-10,[],[]
1711330838707,1711330806689,0,-10,[],[]
1711330838707,1711330807689,0,-10,[],[]
1711330838707,1711330808689,0,-10,[],[]
1711330838707,1711330809689,0,-10,[],[]
1711330838707,1711330810689,0,-10,[],[]
1711330838707,1711330811689,0,-10,[],[]
1711330838707,1711330812689,0,-10,[],[]
1711330838707,1711330813689,0,-10,[],[]
1711330838707,1711330814689,0,-10,[],[]
1711330838707,1711330815689,0,-10,[],[]
1711330838707,1711330816689,0,-10,[],[]
1711330838707,1711330817689,0,-10,[],[]
1711330838707,1711330818689,0,-10,[],[]
1711330838707,1711330819689,0,-10,[],[]
1711330838707,1711330820689,0,-10,[],[]
1711330838707,1711330821689,0,-10,[],[]
1711330838707,1711330822689,0,-10,[],[]
1711330838707,1711330823689,0,-10,[],[]
1711330838707,1711330824689,0,-10,[],[]
1711330838707,1711330825689,0,-10,[],[]
1711330838707,1711330826689,0,-10,[],[]
1711330838707,1711330827689,0,-10,[],[]
1711330838707,1711330828689,0,-10,[],[]
1711330838707,1711330829689,0,-10,[],[]
1711330838707,1711330830689,0,-10,[],[]
1711330838707,1711330831689,0,-10,[],[]
1711330838707,1711330832689,0,-10,[],[]
1711330838707,1711330833689,0,-10,[],[]
1711330838707,1711330834689,0,-10,[],[]
1711330838707,1711330835689,0,-10,[],[]
1711330838707,1711330836689,0,-10,[],[]
1711330838707,1711330837689,0,-10,[],[]
1711330838707,1711330838689,0,-10,[],[]
1711331146999,1711330840156,0,-10,"[546,260,536,260,490,281,416,375,388,363,391,362,360,760,392,375,407,800,378,767,391,457,793,787,391,397,374,430,383,416,378,420,405,411,839,839,895,773,690,827,875,865,325,1451,605,260,771,954,797,894,819,807,556,801,438,435,431,430,431,434,444,458,454,478,489,482,468,482,476,478,488,499,522,536,518,506,503,512,475,511,565,565,551,526,524,514,529,552,534,561,1061,529,561,550,545,520,518,600,524,491,578,518,525,523,526,523,546,533,531,529,491,540,565,566,535,550,542,501,593,552,510,559,536,525,530,523,557,587,588,575,561,557,531,602,634,608,591,568,574,577,609,607,586,593,569,580,595,617,666,654,617,601,583,594,563,636,628,598,585,596,622,645,662,588,613,610,625,656,649,624,622,652,668,635,598,666,684,655,647,657,681,673,652,611,669,709,673,652,671,677,692,681,659,634,707,722,699,679,668,697,668,697,659,630,641,620,260,962,950,910,1420,681,679,669,658,663,673,664,662,641,639,579,618,675,641,779,578,639,654,673,660,656,639,648,629,621,630,630,1007,795,458,744,587,656,500,731,871,478,911,600,952,833,993,989,819,856,641,469,537,489,467,478,513,502,485,503,688,834,260,719,536,497,513,1060,490,840,730,513,587,819,260,557,550,670,388,543,674,1032,426,699,682,726,289,413,663,689,319,400,664,706,338,784,822,848,685,338,392,681,344,407,366,315,696,720,304,344,730,700,336,407,680,695,725,722,671,749,656,337,379,728,729,679,677,694,434,312,739,674,693,738,719,674,665,706,718,691,691,401,354,656,338,372,678,366,369,391,335,710,690,702,331,384,702,667,704,720,323,305,708,754,359,357,719,692,709,729,680,677,680,720,723,711,362,359,316,371,702,717,700,709,697,708,722,357,346,310,367,690,367,391,676,707,660,753,712,702,703,659,700,661,731,704,760,675,747,685,674,704,668,705,759,688,729,747,680,679,734,704,698,679,707,677,683,721,684,706,751,683,692,377,367,654,691,374,370,339,351,681,704,380,333,651,684,737,706,697,710,716,381,343,656,394,334,697,397,329,376,312,365,314,390,311,376,320,687,669,705,694,682,691,738,730,693,719,355,315,699,403,277,688,710,390,307,390,307,684,697,368,309,680,684,694,697,522,881,628,1101,709,357,357,666,673,724,700,260,541]","[-1,-1,-1,-1,-1,-1,-1,-1,-1,-1,-1,-1,-1,-1,-1,-1,-1,-1,-1,-1,-1,-1,-1,-1,-1,-1,-1,-1,-1,-1,-1,-1,-1,-1,-1,-1,-1,-1,-1,-1,-1,-1,-1,-1,-1,-1,-1,-1,-1,-1,-1,-1,-1,-1,-1,-1,-1,-1,-1,-1,-1,0,0,0,0,0,0,0,0,0,0,0,0,0,0,0,0,0,0,0,0,0,0,0,0,0,0,0,0,0,0,0,0,0,0,-1,-1,-1,-1,-1,0,0,0,0,0,0,0,0,0,0,0,0,0,0,0,0,0,-1,-1,-1,-1,-1,-1,0,0,0,0,0,0,0,0,0,0,0,0,0,0,0,0,0,0,0,0,0,0,0,0,0,0,0,0,0,0,0,0,0,0,0,0,0,0,0,0,0,0,0,0,0,0,0,0,0,0,0,0,0,0,0,0,0,0,0,0,0,0,0,0,0,0,0,0,0,0,0,0,0,0,0,0,0,0,0,0,0,0,0,0,-1,-1,-1,0,0,0,0,0,0,0,0,0,0,0,0,0,-1,-1,-1,-1,0,0,0,0,0,0,0,0,0,0,-1,-1,-1,-1,-1,-1,-1,-1,-1,-1,-1,-1,-1,-1,-1,-1,-1,-1,-1,0,0,0,0,0,0,-1,-1,-1,-1,-1,-1,-1,-1,-1,-1,-1,-1,-1,-1,-1,-1,-1,-1,-1,-1,-1,-1,-1,-1,-1,-1,-1,-1,-1,-1,-1,-1,-1,-1,-1,-1,-1,-1,-1,-1,-1,-1,-1,-1,-1,-1,-1,-1,-1,-1,-1,-1,-1,-1,-1,-1,-1,-1,-1,-1,-1,-1,-1,-1,-1,-1,-1,-1,-1,-1,-1,-1,-1,-1,-1,-1,-1,-1,-1,-1,-1,-1,0,0,0,0,0,-1,-1,-1,-1,-1,-1,-1,-1,-1,-1,-1,-1,-1,-1,-1,-1,-1,-1,-1,-1,-1,-1,-1,-1,-1,-1,-1,-1,-1,-1,-1,-1,-1,-1,-1,-1,-1,-1,-1,-1,-1,-1,-1,-1,-1,-1,-1,-1,-1,-1,-1,-1,-1,-1,-1,-1,-1,-1,-1,-1,-1,-1,-1,-1,-1,-1,-1,-1,-1,-1,-1,0,0,0,0,-1,-1,-1,-1,-1,-1,-1,-1,-1,-1,-1,-1,-1,-1,-1,-1,-1,-1,-1,-1,-1,-1,-1,-1,-1,-1,-1,-1,-1,-1,-1,-1,-1,-1,-1,-1,-1,-1,-1,-1,-1,-1,-1,-1,-1,-1,-1,-1,-1,-1,-1,-1,-1,-1,-1,-1,-1,-1,-1,-1,-1,-1,-1,-1,-1,-1,-1,-1,-1,-1,-1,-1,-1,-1,-1,-1,-1,-1,-1,-1,-1,-1,-1,-1,-1,-1,-1,-1,-1,-1,-1,-1]"
1711331146999,1711330841156,0,-10,[],[]
1711331146999,1711330842156,0,-10,[],[]
1711331146999,1711330843156,0,-10,[],[]
1711331146999,1711330844156,0,-10,[],[]
1711331146999,1711330845156,0,-10,[],[]
1711331146999,1711330846156,0,-10,[],[]
1711331146999,1711330847156,0,-10,[],[]
1711331146999,1711330848156,0,-10,[],[]
1711331146999,1711330849156,0,-10,[],[]
1711331146999,1711330850156,0,-10,[],[]
1711331146999,1711330851156,0,-10,[],[]
1711331146999,1711330852156,0,-10,[],[]
1711331146999,1711330853156,0,-10,[],[]
1711331146999,1711330854156,146,1,[],[]
1711331146999,1711330855156,0,0,[],[]
1711331146999,1711330856156,0,0,[],[]
1711331146999,1711330857156,147,1,[],[]
1711331146999,1711330858156,145,1,[],[]
1711331146999,1711330859156,143,1,[],[]
1711331146999,1711330860156,142,1,[],[]
1711331146999,1711330861156,142,1,[],[]
1711331146999,1711330862156,141,1,[],[]
1711331146999,1711330863156,141,1,[],[]
1711331146999,1711330864156,140,1,[],[]
1711331146999,1711330865156,140,1,[],[]
1711331146999,1711330866156,139,1,[],[]
1711331146999,1711330867156,139,1,[],[]
1711331146999,1711330868156,138,1,[],[]
1711331146999,1711330869156,137,1,[],[]
1711331146999,1711330870156,137,1,[],[]
1711331146999,1711330871156,136,1,[],[]
1711331146999,1711330872156,134,1,[],[]
1711331146999,1711330873156,132,1,[],[]
1711331146999,1711330874156,130,1,[],[]
1711331146999,1711330875156,128,1,[],[]
1711331146999,1711330876156,125,1,[],[]
1711331146999,1711330877156,123,1,[],[]
1711331146999,1711330878156,121,1,[],[]
1711331146999,1711330879156,120,1,[],[]
1711331146999,1711330880156,118,1,[],[]
1711331146999,1711330881156,116,1,[],[]
1711331146999,1711330882156,115,1,[],[]
1711331146999,1711330883156,114,1,[],[]
1711331146999,1711330884156,113,1,[],[]
1711331146999,1711330885156,112,1,[],[]
1711331146999,1711330886156,112,1,[],[]
1711331146999,1711330887156,112,1,[],[]
1711331146999,1711330888156,112,1,[],[]
1711331146999,1711330889156,112,1,[],[]
1711331146999,1711330890156,112,1,[],[]
1711331146999,1711330891156,112,1,[],[]
1711331146999,1711330892156,112,1,[],[]
1711331146999,1711330893156,112,1,[],[]
1711331146999,1711330894156,112,1,[],[]
1711331146999,1711330895156,112,1,[],[]
1711331146999,1711330896156,112,1,[],[]
1711331146999,1711330897156,112,1,[],[]
1711331146999,1711330898156,112,1,[],[]
1711331146999,1711330899156,112,1,[],[]
1711331146999,1711330900156,112,1,[],[]
1711331146999,1711330901156,111,1,[],[]
1711331146999,1711330902156,111,1,[],[]
1711331146999,1711330903156,111,1,[],[]
1711331146999,1711330904156,111,1,[],[]
1711331146999,1711330905156,110,1,[],[]
1711331146999,1711330906156,109,1,[],[]
1711331146999,1711330907156,109,1,[],[]
1711331146999,1711330908156,108,1,[],[]
1711331146999,1711330909156,107,1,[],[]
1711331146999,1711330910156,106,1,[],[]
1711331146999,1711330911156,105,1,[],[]
1711331146999,1711330912156,104,1,[],[]
1711331146999,1711330913156,103,1,[],[]
1711331146999,1711330914156,103,1,[],[]
1711331146999,1711330915156,102,1,[],[]
1711331146999,1711330916156,102,1,[],[]
1711331146999,1711330917156,101,1,[],[]
1711331146999,1711330918156,100,1,[],[]
1711331146999,1711330919156,100,1,[],[]
1711331146999,1711330920156,100,1,[],[]
1711331146999,1711330921156,99,1,[],[]
1711331146999,1711330922156,99,1,[],[]
1711331146999,1711330923156,99,1,[],[]
1711331146999,1711330924156,99,1,[],[]
1711331146999,1711330925156,99,1,[],[]
1711331146999,1711330926156,98,1,[],[]
1711331146999,1711330927156,98,1,[],[]
1711331146999,1711330928156,97,1,[],[]
1711331146999,1711330929156,97,1,[],[]
1711331146999,1711330930156,96,1,[],[]
1711331146999,1711330931156,96,1,[],[]
1711331146999,1711330932156,95,1,[],[]
1711331146999,1711330933156,95,1,[],[]
1711331146999,1711330934156,94,1,[],[]
1711331146999,1711330935156,94,1,[],[]
1711331146999,1711330936156,93,1,[],[]
1711331146999,1711330937156,92,1,[],[]
1711331146999,1711330938156,91,1,[],[]
1711331146999,1711330939156,91,1,[],[]
1711331146999,1711330940156,90,1,[],[]
1711331146999,1711330941156,90,1,[],[]
1711331146999,1711330942156,90,1,[],[]
1711331146999,1711330943156,90,1,[],[]
1711331146999,1711330944156,90,1,[],[]
1711331146999,1711330945156,89,1,[],[]
1711331146999,1711330946156,89,1,[],[]
1711331146999,1711330947156,89,1,[],[]
1711331146999,1711330948156,89,1,[],[]
1711331146999,1711330949156,88,1,[],[]
1711331146999,1711330950156,88,1,[],[]
1711331146999,1711330951156,89,1,[],[]
1711331146999,1711330952156,89,1,[],[]
1711331146999,1711330953156,89,1,[],[]
1711331146999,1711330954156,0,0,[],[]
1711331146999,1711330955156,88,1,[],[]
1711331146999,1711330956156,87,1,[],[]
1711331146999,1711330957156,86,1,[],[]
1711331146999,1711330958156,86,1,[],[]
1711331146999,1711330959156,86,1,[],[]
1711331146999,1711330960156,87,1,[],[]
1711331146999,1711330961156,88,1,[],[]
1711331146999,1711330962156,88,1,[],[]
1711331146999,1711330963156,89,1,[],[]
1711331146999,1711330964156,90,1,[],[]
1711331146999,1711330965156,90,1,[],[]
1711331146999,1711330966156,91,1,[],[]
1711331146999,1711330967156,91,1,[],[]
1711331146999,1711330968156,91,1,[],[]
1711331146999,1711330969156,92,1,[],[]
1711331146999,1711330970156,92,1,[],[]
1711331146999,1711330971156,92,1,[],[]
1711331146999,1711330972156,92,1,[],[]
1711331146999,1711330973156,92,1,[],[]
1711331146999,1711330974156,93,1,[],[]
1711331146999,1711330975156,94,1,[],[]
1711331146999,1711330976156,94,1,[],[]
1711331146999,1711330977156,95,1,[],[]
1711331146999,1711330978156,96,1,[],[]
1711331146999,1711330979156,96,1,[],[]
1711331146999,1711330980156,96,1,[],[]
1711331146999,1711330981156,95,1,[],[]
1711331146999,1711330982156,94,1,[],[]
1711331146999,1711330983156,94,1,[],[]
1711331146999,1711330984156,93,1,[],[]
1711331146999,1711330985156,93,1,[],[]
1711331146999,1711330986156,92,1,[],[]
1711331146999,1711330987156,92,1,[],[]
1711331146999,1711330988156,93,1,[],[]
1711331146999,1711330989156,93,1,[],[]
1711331146999,1711330990156,94,1,[],[]
1711331146999,1711330991156,94,1,[],[]
1711331146999,1711330992156,95,1,[],[]
1711331146999,1711330993156,0,-10,[],[]
1711331146999,1711330994156,0,-10,[],[]
1711331146999,1711330995156,0,-10,[],[]
1711331146999,1711330996156,0,-10,[],[]
1711331146999,1711330997156,0,-10,[],[]
1711331146999,1711330998156,0,-10,[],[]
1711331146999,1711330999156,0,-10,[],[]
1711331146999,1711331000156,0,-10,[],[]
1711331146999,1711331001156,0,-10,[],[]
1711331146999,1711331002156,0,-10,[],[]
1711331146999,1711331003156,0,-10,[],[]
1711331146999,1711331004156,0,-10,[],[]
1711331146999,1711331005156,0,-10,[],[]
1711331146999,1711331006156,0,-10,[],[]
1711331146999,1711331007156,101,1,[],[]
1711331146999,1711331008156,0,-10,[],[]
1711331146999,1711331009156,0,-10,[],[]
1711331146999,1711331010156,0,-10,[],[]
1711331146999,1711331011156,0,-10,[],[]
1711331146999,1711331012156,0,-10,[],[]
1711331146999,1711331013156,0,-10,[],[]
1711331146999,1711331014156,113,1,[],[]
1711331146999,1711331015156,115,1,[],[]
1711331146999,1711331016156,115,1,[],[]
1711331146999,1711331017156,118,1,[],[]
1711331146999,1711331018156,0,-10,[],[]
1711331146999,1711331019156,0,-10,[],[]
1711331146999,1711331020156,0,-10,[],[]
1711331146999,1711331021156,0,-10,[],[]
1711331146999,1711331022156,0,-10,[],[]
1711331146999,1711331023156,0,-10,[],[]
1711331146999,1711331024156,0,-10,[],[]
1711331146999,1711331025156,0,-10,[],[]
1711331146999,1711331026156,0,-10,[],[]
1711331146999,1711331027156,0,-10,[],[]
1711331146999,1711331028156,0,-10,[],[]
1711331146999,1711331029156,0,-10,[],[]
1711331146999,1711331030156,0,-10,[],[]
1711331146999,1711331031156,0,-10,[],[]
1711331146999,1711331032156,0,-10,[],[]
1711331146999,1711331033156,0,-10,[],[]
1711331146999,1711331034156,0,-10,[],[]
1711331146999,1711331035156,0,-10,[],[]
1711331146999,1711331036156,0,-10,[],[]
1711331146999,1711331037156,0,-10,[],[]
1711331146999,1711331038156,0,-10,[],[]
1711331146999,1711331039156,0,-10,[],[]
1711331146999,1711331040156,0,-10,[],[]
1711331146999,1711331041156,0,-10,[],[]
1711331146999,1711331042156,0,-10,[],[]
1711331146999,1711331043156,0,-10,[],[]
1711331146999,1711331044156,0,-10,[],[]
1711331146999,1711331045156,0,-10,[],[]
1711331146999,1711331046156,0,-10,[],[]
1711331146999,1711331047156,0,-10,[],[]
1711331146999,1711331048156,0,-10,[],[]
1711331146999,1711331049156,0,-10,[],[]
1711331146999,1711331050156,0,-10,[],[]
1711331146999,1711331051156,0,-10,[],[]
1711331146999,1711331052156,0,-10,[],[]
1711331146999,1711331053156,0,-10,[],[]
1711331146999,1711331054156,0,-10,[],[]
1711331146999,1711331055156,0,-10,[],[]
1711331146999,1711331056156,0,-10,[],[]
1711331146999,1711331057156,0,-10,[],[]
1711331146999,1711331058156,0,-10,[],[]
1711331146999,1711331059156,0,-10,[],[]
1711331146999,1711331060156,0,-10,[],[]
1711331146999,1711331061156,0,-10,[],[]
1711331146999,1711331062156,0,-10,[],[]
1711331146999,1711331063156,0,-10,[],[]
1711331146999,1711331064156,0,-10,[],[]
1711331146999,1711331065156,0,-10,[],[]
1711331146999,1711331066156,0,-10,[],[]
1711331146999,1711331067156,0,-10,[],[]
1711331146999,1711331068156,0,-10,[],[]
1711331146999,1711331069156,0,-10,[],[]
1711331146999,1711331070156,0,-10,[],[]
1711331146999,1711331071156,0,-10,[],[]
1711331146999,1711331072156,0,-10,[],[]
1711331146999,1711331073156,0,-10,[],[]
1711331146999,1711331074156,0,-10,[],[]
1711331146999,1711331075156,0,-10,[],[]
1711331146999,1711331076156,0,-10,[],[]
1711331146999,1711331077156,0,-10,[],[]
1711331146999,1711331078156,0,-10,[],[]
1711331146999,1711331079156,0,-10,[],[]
1711331146999,1711331080156,0,-10,[],[]
1711331146999,1711331081156,0,-10,[],[]
1711331146999,1711331082156,0,-10,[],[]
1711331146999,1711331083156,0,-10,[],[]
1711331146999,1711331084156,0,-10,[],[]
1711331146999,1711331085156,0,-10,[],[]
1711331146999,1711331086156,0,-10,[],[]
1711331146999,1711331087156,0,-10,[],[]
1711331146999,1711331088156,0,-10,[],[]
1711331146999,1711331089156,0,-10,[],[]
1711331146999,1711331090156,0,-10,[],[]
1711331146999,1711331091156,0,-10,[],[]
1711331146999,1711331092156,0,-10,[],[]
1711331146999,1711331093156,0,-10,[],[]
1711331146999,1711331094156,0,-10,[],[]
1711331146999,1711331095156,0,-10,[],[]
1711331146999,1711331096156,0,-10,[],[]
1711331146999,1711331097156,0,-10,[],[]
1711331146999,1711331098156,0,-10,[],[]
1711331146999,1711331099156,0,-10,[],[]
1711331146999,1711331100156,0,-10,[],[]
1711331146999,1711331101156,0,-10,[],[]
1711331146999,1711331102156,0,-10,[],[]
1711331146999,1711331103156,0,-10,[],[]
1711331146999,1711331104156,0,-10,[],[]
1711331146999,1711331105156,0,-10,[],[]
1711331146999,1711331106156,0,-10,[],[]
1711331146999,1711331107156,0,-10,[],[]
1711331146999,1711331108156,0,-10,[],[]
1711331146999,1711331109156,0,-10,[],[]
1711331146999,1711331110156,0,-10,[],[]
1711331146999,1711331111156,0,-10,[],[]
1711331146999,1711331112156,0,-10,[],[]
1711331146999,1711331113156,0,-10,[],[]
1711331146999,1711331114156,0,-10,[],[]
1711331146999,1711331115156,0,-10,[],[]
1711331146999,1711331116156,0,-10,[],[]
1711331146999,1711331117156,0,-10,[],[]
1711331146999,1711331118156,0,-10,[],[]
1711331146999,1711331119156,0,-10,[],[]
1711331146999,1711331120156,0,-10,[],[]
1711331146999,1711331121156,0,-10,[],[]
1711331146999,1711331122156,0,-10,[],[]
1711331146999,1711331123156,0,-10,[],[]
1711331146999,1711331124156,0,-10,[],[]
1711331146999,1711331125156,0,-10,[],[]
1711331146999,1711331126156,0,-10,[],[]
1711331146999,1711331127156,0,-10,[],[]
1711331146999,1711331128156,0,-10,[],[]
1711331146999,1711331129156,0,-10,[],[]
1711331146999,1711331130156,0,-10,[],[]
1711331146999,1711331131156,0,-10,[],[]
1711331146999,1711331132156,0,0,[],[]
1711331146999,1711331133156,175,1,[],[]
1711331146999,1711331134156,176,1,[],[]
1711331146999,1711331135156,177,1,[],[]
1711331146999,1711331136156,177,1,[],[]
1711331146999,1711331137156,177,1,[],[]
1711331146999,1711331138156,177,1,[],[]
1711331146999,1711331139156,177,1,[],[]
1711331146999,1711331140156,178,1,[],[]
1711331146999,1711331141156,178,1,[],[]
1711331146999,1711331142156,179,1,[],[]
1711331146999,1711331143156,179,1,[],[]
1711331146999,1711331144156,179,1,[],[]
1711331146999,1711331145156,179,1,[],[]
1711331146999,1711331146156,178,1,[],[]
1711331147806,1711331147159,178,1,"[760,374,358]","[-1,-1,-1]"
1711331188980,1711331149293,178,1,"[701,733,902,905,527,427,429,837,417,886,783,1700,896,744,724,981,848,880,578,502,438,282,702,351,342,366,337,810,970,1482,679,389,770,433,260,807,763,378,357,387,359,388,386,398,386,381,382,408,401,393,391,387,380,408,400,406,407,408,402,405,407,412,427,415,416,407,425,389,420,439,428,424,427,425,428]","[-1,-1,-1,-1,-1,-1,-1,-1,-1,-1,-1,-1,-1,-1,-1,-1,-1,-1,-1,-1,-1,-1,-1,-1,-1,-1,-1,-1,-1,-1,-1,-1,-1,-1,-1,-1,-1,-1,-1,-1,-1,-1,-1,-1,-1,-1,-1,-1,-1,-1,-1,-1,-1,-1,-1,-1,-1,-1,-1,0,0,0,0,0,0,0,0,0,0,0,0,0,0,0,0]"
1711331188980,1711331150293,177,1,[],[]
1711331188980,1711331151293,177,1,[],[]
1711331188980,1711331152293,177,1,[],[]
1711331188980,1711331153293,176,1,[],[]
1711331188980,1711331154293,176,1,[],[]
1711331188980,1711331155293,176,1,[],[]
1711331188980,1711331156293,175,1,[],[]
1711331188980,1711331157293,174,1,[],[]
1711331188980,1711331158293,173,1,[],[]
1711331188980,1711331159293,173,1,[],[]
1711331188980,1711331160293,172,1,[],[]
1711331188980,1711331161293,171,1,[],[]
1711331188980,1711331162293,170,1,[],[]
1711331188980,1711331163293,169,1,[],[]
1711331188980,1711331164293,168,1,[],[]
1711331188980,1711331165293,168,1,[],[]
1711331188980,1711331166293,168,1,[],[]
1711331188980,1711331167293,167,1,[],[]
1711331188980,1711331168293,167,1,[],[]
1711331188980,1711331169293,166,1,[],[]
1711331188980,1711331170293,164,1,[],[]
1711331188980,1711331171293,163,1,[],[]
1711331188980,1711331172293,161,1,[],[]
1711331188980,1711331173293,160,1,[],[]
1711331188980,1711331174293,158,1,[],[]
1711331188980,1711331175293,157,1,[],[]
1711331188980,1711331176293,155,1,[],[]
1711331188980,1711331177293,154,1,[],[]
1711331188980,1711331178293,152,1,[],[]
1711331188980,1711331179293,151,1,[],[]
1711331188980,1711331180293,150,1,[],[]
1711331188980,1711331181293,148,1,[],[]
1711331188980,1711331182293,147,1,[],[]
1711331188980,1711331183293,146,1,[],[]
1711331188980,1711331184293,145,1,[],[]
1711331188980,1711331185293,143,1,[],[]
1711331188980,1711331186293,142,1,[],[]
1711331188980,1711331187293,141,1,[],[]
1711331188980,1711331188293,140,1,[],[]
1711331188980,1711331189293,139,1,[],[]
1711331189951,1711331190297,139,1,"[432,426]","[0,0]"
1711331190939,1711331191300,139,1,"[458,424,428]","[0,0,0]"
1711331191935,1711331192308,139,1,"[405,487,260]","[-1,-1,-1]"
