RowIndex,Reason,OriginalLine
0,HeartRate out of range,Row 0 | Timestamp: 1710811991585 ms | PPG(Green=2097152, Red=2097152, Ir=2097152) | ACC(X=1.40350294113159, Y=2.29925394058228, Z=9.55148410797119) | HR=0 bpm | IBI=0 ms | Participant=P02
1,HeartRate out of range,Row 1 | Timestamp: 1710811991626 ms | PPG(Green=2366943, Red=2366943, Ir=2366943) | ACC(X=1.44661390781403, Y=2.43577218055725, Z=9.66884136199951) | HR=0 bpm | IBI=0 ms | Participant=P02
2,HeartRate out of range,Row 2 | Timestamp: 1710811991667 ms | PPG(Green=2366919, Red=2366919, Ir=2366919) | ACC(X=1.46816945075989, Y=2.37110567092896, Z=9.50118827819824) | HR=0 bpm | IBI=0 ms | Participant=P02
3,HeartRate out of range,Row 3 | Timestamp: 1710811991706 ms | PPG(Green=2367025, Red=2367025, Ir=2367025) | ACC(X=1.4418238401413, Y=2.41182160377502, Z=9.51555824279785) | HR=0 bpm | IBI=861 ms | Participant=P02
4,HeartRate out of range,Row 4 | Timestamp: 1710811991746 ms | PPG(Green=2367144, Red=2367144, Ir=2367144) | ACC(X=1.41308319568634, Y=2.32799458503723, Z=9.54669380187988) | HR=0 bpm | IBI=0 ms | Participant=P02
5,HeartRate out of range,Row 5 | Timestamp: 1710811991786 ms | PPG(Green=2367329, Red=2367329, Ir=2367329) | ACC(X=1.4418238401413, Y=2.32559967041016, Z=9.50358295440674) | HR=0 bpm | IBI=0 ms | Participant=P02
6,HeartRate out of range,Row 6 | Timestamp: 1710811991826 ms | PPG(Green=2367412, Red=2367412, Ir=2367412) | ACC(X=1.41308319568634, Y=2.39745116233826, Z=9.4652624130249) | HR=0 bpm | IBI=0 ms | Participant=P02
7,HeartRate out of range,Row 7 | Timestamp: 1710811991867 ms | PPG(Green=2367468, Red=2367468, Ir=2367468) | ACC(X=1.36278700828552, Y=2.37829089164734, Z=9.51076793670654) | HR=0 bpm | IBI=0 ms | Participant=P02
8,HeartRate out of range,Row 8 | Timestamp: 1710811991906 ms | PPG(Green=2367537, Red=2367537, Ir=2367537) | ACC(X=1.4226633310318, Y=2.35913038253784, Z=9.61375522613525) | HR=0 bpm | IBI=0 ms | Participant=P02
9,HeartRate out of range,Row 9 | Timestamp: 1710811991947 ms | PPG(Green=2367604, Red=2367604, Ir=2367604) | ACC(X=0.289801806211472, Y=3.32673311233521, Z=9.42454624176025) | HR=0 bpm | IBI=0 ms | Participant=P02
10,HeartRate out of range,Row 10 | Timestamp: 1710811991987 ms | PPG(Green=2229473, Red=2229473, Ir=2229473) | ACC(X=1.57355189323425, Y=2.62019157409668, Z=9.40778064727783) | HR=0 bpm | IBI=0 ms | Participant=P02
11,HeartRate out of range,Row 11 | Timestamp: 1710811992027 ms | PPG(Green=2229674, Red=2229674, Ir=2229674) | ACC(X=1.64061343669891, Y=2.57947540283203, Z=9.3862247467041) | HR=0 bpm | IBI=0 ms | Participant=P02
12,HeartRate out of range,Row 12 | Timestamp: 1710811992068 ms | PPG(Green=2229889, Red=2229889, Ir=2229889) | ACC(X=1.65258872509003, Y=2.69683337211609, Z=9.51076793670654) | HR=0 bpm | IBI=0 ms | Participant=P02
13,HeartRate out of range,Row 13 | Timestamp: 1710811992107 ms | PPG(Green=2230067, Red=2230067, Ir=2230067) | ACC(X=1.70048987865448, Y=2.63695693016052, Z=9.38143539428711) | HR=0 bpm | IBI=0 ms | Participant=P02
14,HeartRate out of range,Row 14 | Timestamp: 1710811992147 ms | PPG(Green=2230431, Red=2230431, Ir=2230431) | ACC(X=1.71725523471832, Y=2.42619180679321, Z=9.37424945831299) | HR=0 bpm | IBI=0 ms | Participant=P02
15,HeartRate out of range,Row 15 | Timestamp: 1710811992187 ms | PPG(Green=2112151, Red=2112151, Ir=2112151) | ACC(X=1.68851459026337, Y=2.60342597961426, Z=9.39580535888672) | HR=0 bpm | IBI=0 ms | Participant=P02
16,HeartRate out of range,Row 16 | Timestamp: 1710811992228 ms | PPG(Green=2112497, Red=2112497, Ir=2112497) | ACC(X=1.59750247001648, Y=2.48846340179443, Z=9.39580535888672) | HR=0 bpm | IBI=0 ms | Participant=P02
17,HeartRate out of range,Row 17 | Timestamp: 1710811992269 ms | PPG(Green=2112649, Red=2112649, Ir=2112649) | ACC(X=1.64061343669891, Y=2.61061120033264, Z=9.4652624130249) | HR=0 bpm | IBI=0 ms | Participant=P02
18,HeartRate out of range,Row 18 | Timestamp: 1710811992308 ms | PPG(Green=2112562, Red=2112562, Ir=2112562) | ACC(X=1.60229253768921, Y=2.47888326644897, Z=9.38143539428711) | HR=0 bpm | IBI=0 ms | Participant=P02
19,HeartRate out of range,Row 19 | Timestamp: 1710811992348 ms | PPG(Green=2112661, Red=2112661, Ir=2112661) | ACC(X=1.77473664283752, Y=2.67288279533386, Z=9.5562744140625) | HR=0 bpm | IBI=0 ms | Participant=P02
20,HeartRate out of range,Row 20 | Timestamp: 1710811992388 ms | PPG(Green=2137084, Red=2137084, Ir=2137084) | ACC(X=1.43463861942291, Y=2.40942645072937, Z=9.20180606842041) | HR=0 bpm | IBI=0 ms | Participant=P02
21,HeartRate out of range,Row 21 | Timestamp: 1710811992428 ms | PPG(Green=2138048, Red=2138048, Ir=2138048) | ACC(X=1.58792221546173, Y=2.69204306602478, Z=9.52034854888916) | HR=0 bpm | IBI=0 ms | Participant=P02
22,HeartRate out of range,Row 22 | Timestamp: 1710811992469 ms | PPG(Green=2138946, Red=2138946, Ir=2138946) | ACC(X=1.66216897964478, Y=2.47648811340332, Z=9.28323745727539) | HR=0 bpm | IBI=0 ms | Participant=P02
23,HeartRate out of range,Row 23 | Timestamp: 1710811992508 ms | PPG(Green=2139973, Red=2139973, Ir=2139973) | ACC(X=1.65498387813568, Y=2.66569757461548, Z=9.47963237762451) | HR=0 bpm | IBI=0 ms | Participant=P02
24,HeartRate out of range,Row 24 | Timestamp: 1710811992548 ms | PPG(Green=2140484, Red=2140484, Ir=2140484) | ACC(X=1.55918157100677, Y=2.44535231590271, Z=9.26647281646728) | HR=0 bpm | IBI=0 ms | Participant=P02
25,HeartRate out of range,Row 25 | Timestamp: 1710811992589 ms | PPG(Green=2140991, Red=2140991, Ir=2140991) | ACC(X=1.50409531593323, Y=2.47648811340332, Z=9.44131183624268) | HR=0 bpm | IBI=0 ms | Participant=P02
26,IBI out of range,Row 26 | Timestamp: 1710811992629 ms | PPG(Green=2141409, Red=2141409, Ir=2141409) | ACC(X=1.50170028209686, Y=2.47409296035767, Z=9.33592891693115) | HR=87 bpm | IBI=0 ms | Participant=P02
27,IBI out of range,Row 27 | Timestamp: 1710811992670 ms | PPG(Green=2142164, Red=2142164, Ir=2142164) | ACC(X=1.59271240234375, Y=2.56750011444092, Z=9.64010143280029) | HR=87 bpm | IBI=0 ms | Participant=P02
28,IBI out of range,Row 28 | Timestamp: 1710811992709 ms | PPG(Green=2142959, Red=2142959, Ir=2142959) | ACC(X=1.583132147789, Y=2.43577218055725, Z=9.49160766601562) | HR=86 bpm | IBI=0 ms | Participant=P02
29,IBI out of range,Row 29 | Timestamp: 1710811992752 ms | PPG(Green=2143698, Red=2143698, Ir=2143698) | ACC(X=1.68372452259064, Y=2.58905577659607, Z=9.50358295440674) | HR=86 bpm | IBI=0 ms | Participant=P02
30,IBI out of range,Row 30 | Timestamp: 1710811992789 ms | PPG(Green=2144649, Red=2144649, Ir=2144649) | ACC(X=1.51128041744232, Y=2.32559967041016, Z=9.3862247467041) | HR=84 bpm | IBI=0 ms | Participant=P02
31,IBI out of range,Row 31 | Timestamp: 1710811992829 ms | PPG(Green=2145310, Red=2145310, Ir=2145310) | ACC(X=1.56636679172516, Y=2.46451282501221, Z=9.41257095336914) | HR=85 bpm | IBI=0 ms | Participant=P02
32,IBI out of range,Row 32 | Timestamp: 1710811992871 ms | PPG(Green=2146140, Red=2146140, Ir=2146140) | ACC(X=1.37236714363098, Y=2.32799458503723, Z=9.49160766601562) | HR=84 bpm | IBI=0 ms | Participant=P02
33,IBI out of range,Row 33 | Timestamp: 1710811992910 ms | PPG(Green=2146815, Red=2146815, Ir=2146815) | ACC(X=1.48493480682373, Y=2.41182160377502, Z=9.41017532348633) | HR=84 bpm | IBI=0 ms | Participant=P02
34,IBI out of range,Row 34 | Timestamp: 1710811992950 ms | PPG(Green=2147332, Red=2147332, Ir=2147332) | ACC(X=1.62863826751709, Y=2.39505624771118, Z=9.22096633911133) | HR=86 bpm | IBI=0 ms | Participant=P02
35,IBI out of range,Row 35 | Timestamp: 1710811992990 ms | PPG(Green=2147230, Red=2147230, Ir=2147230) | ACC(X=1.74360084533691, Y=2.3232045173645, Z=9.01259613037109) | HR=87 bpm | IBI=0 ms | Participant=P02
36,IBI out of range,Row 36 | Timestamp: 1710811993030 ms | PPG(Green=2146675, Red=2146675, Ir=2146675) | ACC(X=2.16513085365295, Y=2.31841444969177, Z=8.45454788208008) | HR=86 bpm | IBI=0 ms | Participant=P02
37,IBI out of range,Row 37 | Timestamp: 1710811993071 ms | PPG(Green=2146660, Red=2146660, Ir=2146660) | ACC(X=2.53875946998596, Y=2.35913038253784, Z=7.82225370407104) | HR=85 bpm | IBI=0 ms | Participant=P02
38,IBI out of range,Row 38 | Timestamp: 1710811993110 ms | PPG(Green=2146524, Red=2146524, Ir=2146524) | ACC(X=2.80461072921753, Y=1.90167462825775, Z=7.16840314865112) | HR=85 bpm | IBI=0 ms | Participant=P02
39,IBI out of range,Row 39 | Timestamp: 1710811993150 ms | PPG(Green=2146394, Red=2146394, Ir=2146394) | ACC(X=3.03932619094849, Y=0.452665627002716, Z=6.47383689880371) | HR=84 bpm | IBI=0 ms | Participant=P02
40,IBI out of range,Row 40 | Timestamp: 1710811993191 ms | PPG(Green=2145936, Red=2145936, Ir=2145936) | ACC(X=3.29320216178894, Y=-1.10891103744507, Z=5.67628335952759) | HR=83 bpm | IBI=0 ms | Participant=P02
41,IBI out of range,Row 41 | Timestamp: 1710811993231 ms | PPG(Green=2145358, Red=2145358, Ir=2145358) | ACC(X=2.94591903686523, Y=-3.60695457458496, Z=6.06667709350586) | HR=81 bpm | IBI=0 ms | Participant=P02
42,IBI out of range,Row 42 | Timestamp: 1710811993272 ms | PPG(Green=2143519, Red=2143519, Ir=2143519) | ACC(X=3.92310214042664, Y=-5.47749328613281, Z=6.59837961196899) | HR=80 bpm | IBI=0 ms | Participant=P02
43,IBI out of range,Row 43 | Timestamp: 1710811993311 ms | PPG(Green=2141349, Red=2141349, Ir=2141349) | ACC(X=3.4824116230011, Y=-7.94919157028198, Z=7.02948999404907) | HR=79 bpm | IBI=0 ms | Participant=P02
44,IBI out of range,Row 44 | Timestamp: 1710811993351 ms | PPG(Green=2138607, Red=2138607, Ir=2138607) | ACC(X=4.33026170730591, Y=-7.6019082069397, Z=7.0151195526123) | HR=79 bpm | IBI=0 ms | Participant=P02
45,IBI out of range,Row 45 | Timestamp: 1710811993391 ms | PPG(Green=2136002, Red=2136002, Ir=2136002) | ACC(X=3.98776865005493, Y=-6.32055330276489, Z=6.74208307266235) | HR=81 bpm | IBI=0 ms | Participant=P02
46,IBI out of range,Row 46 | Timestamp: 1710811993431 ms | PPG(Green=2133134, Red=2133134, Ir=2133134) | ACC(X=5.10865497589111, Y=-7.08936643600464, Z=6.27744245529175) | HR=81 bpm | IBI=0 ms | Participant=P02
47,IBI out of range,Row 47 | Timestamp: 1710811993472 ms | PPG(Green=2130101, Red=2130101, Ir=2130101) | ACC(X=5.47270345687866, Y=-6.89536666870117, Z=6.1457142829895) | HR=83 bpm | IBI=0 ms | Participant=P02
48,IBI out of range,Row 48 | Timestamp: 1710811993511 ms | PPG(Green=2127331, Red=2127331, Ir=2127331) | ACC(X=5.69544363021851, Y=-6.09302282333374, Z=4.89309978485107) | HR=84 bpm | IBI=0 ms | Participant=P02
49,IBI out of range,Row 49 | Timestamp: 1710811993552 ms | PPG(Green=2124401, Red=2124401, Ir=2124401) | ACC(X=6.51215791702271, Y=-7.30252647399902, Z=4.43564414978027) | HR=85 bpm | IBI=0 ms | Participant=P02
50,IBI out of range,Row 50 | Timestamp: 1710811993592 ms | PPG(Green=2121013, Red=2121013, Ir=2121013) | ACC(X=7.07499599456787, Y=-6.67981147766113, Z=3.93986749649048) | HR=86 bpm | IBI=0 ms | Participant=P02
51,IBI out of range,Row 51 | Timestamp: 1710811993632 ms | PPG(Green=2116821, Red=2116821, Ir=2116821) | ACC(X=8.0210428237915, Y=-5.546950340271, Z=4.03087949752808) | HR=87 bpm | IBI=0 ms | Participant=P02
52,IBI out of range,Row 52 | Timestamp: 1710811993673 ms | PPG(Green=2109582, Red=2109582, Ir=2109582) | ACC(X=9.32395362854004, Y=-4.90747022628784, Z=3.72910237312317) | HR=87 bpm | IBI=0 ms | Participant=P02
53,IBI out of range,Row 53 | Timestamp: 1710811993712 ms | PPG(Green=2100190, Red=2100190, Ir=2100190) | ACC(X=10.6364440917969, Y=-5.10625982284546, Z=3.05848670005798) | HR=88 bpm | IBI=0 ms | Participant=P02
54,IBI out of range,Row 54 | Timestamp: 1710811993752 ms | PPG(Green=2089952, Red=2089952, Ir=2089952) | ACC(X=11.2926902770996, Y=-5.59485149383545, Z=2.39505624771118) | HR=87 bpm | IBI=0 ms | Participant=P02
55,IBI out of range,Row 55 | Timestamp: 1710811993792 ms | PPG(Green=2080234, Red=2080234, Ir=2080234) | ACC(X=11.1657524108887, Y=-6.04033184051514, Z=2.28009343147278) | HR=88 bpm | IBI=0 ms | Participant=P02
56,IBI out of range,Row 56 | Timestamp: 1710811993832 ms | PPG(Green=2072056, Red=2072056, Ir=2072056) | ACC(X=10.3322725296021, Y=-5.53497505187988, Z=2.19387149810791) | HR=87 bpm | IBI=0 ms | Participant=P02
57,IBI out of range,Row 57 | Timestamp: 1710811993874 ms | PPG(Green=2065955, Red=2065955, Ir=2065955) | ACC(X=9.90834712982178, Y=-4.4164834022522, Z=2.06932854652405) | HR=86 bpm | IBI=0 ms | Participant=P02
58,IBI out of range,Row 58 | Timestamp: 1710811993913 ms | PPG(Green=2060612, Red=2060612, Ir=2060612) | ACC(X=9.77901458740234, Y=-3.30038738250732, Z=2.09567427635193) | HR=85 bpm | IBI=0 ms | Participant=P02
59,IBI out of range,Row 59 | Timestamp: 1710811993953 ms | PPG(Green=2054090, Red=2054090, Ir=2054090) | ACC(X=9.61615085601807, Y=-2.99621534347534, Z=1.96634113788605) | HR=85 bpm | IBI=0 ms | Participant=P02
60,IBI out of range,Row 60 | Timestamp: 1710811993993 ms | PPG(Green=2046605, Red=2046605, Ir=2046605) | ACC(X=9.42454624176025, Y=-2.93394374847412, Z=1.90167462825775) | HR=84 bpm | IBI=0 ms | Participant=P02
61,IBI out of range,Row 61 | Timestamp: 1710811994033 ms | PPG(Green=2039047, Red=2039047, Ir=2039047) | ACC(X=8.88805389404297, Y=-2.99861025810242, Z=1.38434243202209) | HR=83 bpm | IBI=0 ms | Participant=P02
62,IBI out of range,Row 62 | Timestamp: 1710811994074 ms | PPG(Green=2032480, Red=2032480, Ir=2032480) | ACC(X=8.6509428024292, Y=-3.00819063186646, Z=1.00113344192505) | HR=83 bpm | IBI=0 ms | Participant=P02
63,IBI out of range,Row 63 | Timestamp: 1710811994113 ms | PPG(Green=2026499, Red=2026499, Ir=2026499) | ACC(X=8.56951141357422, Y=-3.11836314201355, Z=0.790368556976318) | HR=83 bpm | IBI=0 ms | Participant=P02
64,IBI out of range,Row 64 | Timestamp: 1710811994154 ms | PPG(Green=2021063, Red=2021063, Ir=2021063) | ACC(X=8.81620216369629, Y=-3.24769616127014, Z=0.522122263908386) | HR=82 bpm | IBI=0 ms | Participant=P02
65,IBI out of range,Row 65 | Timestamp: 1710811994194 ms | PPG(Green=2015834, Red=2015834, Ir=2015834) | ACC(X=9.1060037612915, Y=-3.372239112854, Z=0.63468986749649) | HR=82 bpm | IBI=0 ms | Participant=P02
66,IBI out of range,Row 66 | Timestamp: 1710811994234 ms | PPG(Green=2010834, Red=2010834, Ir=2010834) | ACC(X=9.33113861083984, Y=-3.49438691139221, Z=0.684986054897308) | HR=81 bpm | IBI=0 ms | Participant=P02
67,IBI out of range,Row 67 | Timestamp: 1710811994275 ms | PPG(Green=2006051, Red=2006051, Ir=2006051) | ACC(X=9.13953399658203, Y=-3.22853565216064, Z=0.81671416759491) | HR=80 bpm | IBI=0 ms | Participant=P02
68,IBI out of range,Row 68 | Timestamp: 1710811994314 ms | PPG(Green=2000653, Red=2000653, Ir=2000653) | ACC(X=8.99583148956299, Y=-3.11117792129517, Z=0.876590549945831) | HR=80 bpm | IBI=0 ms | Participant=P02
69,IBI out of range,Row 69 | Timestamp: 1710811994354 ms | PPG(Green=1991673, Red=1991673, Ir=1991673) | ACC(X=9.01259613037109, Y=-3.07525205612183, Z=0.902936160564423) | HR=80 bpm | IBI=0 ms | Participant=P02
70,IBI out of range,Row 70 | Timestamp: 1710811994395 ms | PPG(Green=1980920, Red=1980920, Ir=1980920) | ACC(X=8.93116474151611, Y=-3.00819063186646, Z=1.00831866264343) | HR=80 bpm | IBI=0 ms | Participant=P02
71,IBI out of range,Row 71 | Timestamp: 1710811994435 ms | PPG(Green=1971044, Red=1971044, Ir=1971044) | ACC(X=8.76351070404053, Y=-3.05609178543091, Z=1.15681219100952) | HR=80 bpm | IBI=0 ms | Participant=P02
72,IBI out of range,Row 72 | Timestamp: 1710811994475 ms | PPG(Green=1963232, Red=1963232, Ir=1963232) | ACC(X=8.88326358795166, Y=-3.10159778594971, Z=1.22866380214691) | HR=80 bpm | IBI=0 ms | Participant=P02
73,IBI out of range,Row 73 | Timestamp: 1710811994515 ms | PPG(Green=1957162, Red=1957162, Ir=1957162) | ACC(X=8.89523887634277, Y=-3.16865944862366, Z=1.33404624462128) | HR=80 bpm | IBI=0 ms | Participant=P02
74,IBI out of range,Row 74 | Timestamp: 1710811994555 ms | PPG(Green=1952568, Red=1952568, Ir=1952568) | ACC(X=9.07486820220947, Y=-3.24051094055176, Z=1.42026829719543) | HR=80 bpm | IBI=0 ms | Participant=P02
75,IBI out of range,Row 75 | Timestamp: 1710811994595 ms | PPG(Green=1947608, Red=1947608, Ir=1947608) | ACC(X=9.30479335784912, Y=-3.30757260322571, Z=1.58792221546173) | HR=81 bpm | IBI=0 ms | Participant=P02
76,IBI out of range,Row 76 | Timestamp: 1710811994635 ms | PPG(Green=1941657, Red=1941657, Ir=1941657) | ACC(X=9.50118827819824, Y=-3.46325135231018, Z=1.62384808063507) | HR=81 bpm | IBI=0 ms | Participant=P02
77,IBI out of range,Row 77 | Timestamp: 1710811994676 ms | PPG(Green=1935419, Red=1935419, Ir=1935419) | ACC(X=9.54429912567139, Y=-3.52552270889282, Z=1.72683548927307) | HR=80 bpm | IBI=0 ms | Participant=P02
78,IBI out of range,Row 78 | Timestamp: 1710811994716 ms | PPG(Green=1929292, Red=1929292, Ir=1929292) | ACC(X=9.42454624176025, Y=-3.47283148765564, Z=1.73881077766418) | HR=79 bpm | IBI=0 ms | Participant=P02
79,IBI out of range,Row 79 | Timestamp: 1710811994756 ms | PPG(Green=1923619, Red=1923619, Ir=1923619) | ACC(X=9.51555824279785, Y=-3.54468321800232, Z=1.69809484481812) | HR=79 bpm | IBI=0 ms | Participant=P02
80,IBI out of range,Row 80 | Timestamp: 1710811994796 ms | PPG(Green=1918802, Red=1918802, Ir=1918802) | ACC(X=9.48681735992432, Y=-3.47043633460999, Z=1.69330477714539) | HR=79 bpm | IBI=0 ms | Participant=P02
81,IBI out of range,Row 81 | Timestamp: 1710811994836 ms | PPG(Green=1914420, Red=1914420, Ir=1914420) | ACC(X=9.42454624176025, Y=-3.4369056224823, Z=1.59271240234375) | HR=79 bpm | IBI=0 ms | Participant=P02
82,IBI out of range,Row 82 | Timestamp: 1710811994877 ms | PPG(Green=1910368, Red=1910368, Ir=1910368) | ACC(X=9.45089149475098, Y=-3.44409084320068, Z=1.43703365325928) | HR=79 bpm | IBI=0 ms | Participant=P02
83,IBI out of range,Row 83 | Timestamp: 1710811994916 ms | PPG(Green=1906268, Red=1906268, Ir=1906268) | ACC(X=9.44610118865967, Y=-3.35307860374451, Z=1.26698470115662) | HR=78 bpm | IBI=0 ms | Participant=P02
84,IBI out of range,Row 84 | Timestamp: 1710811994959 ms | PPG(Green=1902425, Red=1902425, Ir=1902425) | ACC(X=9.37424945831299, Y=-3.30996775627136, Z=1.20710825920105) | HR=77 bpm | IBI=0 ms | Participant=P02
85,IBI out of range,Row 85 | Timestamp: 1710811994996 ms | PPG(Green=1897167, Red=1897167, Ir=1897167) | ACC(X=9.34790420532227, Y=-3.21656036376953, Z=1.12088632583618) | HR=77 bpm | IBI=0 ms | Participant=P02
86,IBI out of range,Row 86 | Timestamp: 1710811995036 ms | PPG(Green=1888202, Red=1888202, Ir=1888202) | ACC(X=9.2880277633667, Y=-3.22853565216064, Z=1.02029395103455) | HR=76 bpm | IBI=0 ms | Participant=P02
87,IBI out of range,Row 87 | Timestamp: 1710811995077 ms | PPG(Green=1878114, Red=1878114, Ir=1878114) | ACC(X=9.23533630371094, Y=-3.12315320968628, Z=0.934071898460388) | HR=75 bpm | IBI=0 ms | Participant=P02
88,IBI out of range,Row 88 | Timestamp: 1710811995116 ms | PPG(Green=1869487, Red=1869487, Ir=1869487) | ACC(X=9.17306518554688, Y=-3.09201765060425, Z=0.902936160564423) | HR=74 bpm | IBI=0 ms | Participant=P02
89,IBI out of range,Row 89 | Timestamp: 1710811995156 ms | PPG(Green=1862629, Red=1862629, Ir=1862629) | ACC(X=9.26407718658447, Y=-3.02016592025757, Z=0.965207636356354) | HR=74 bpm | IBI=0 ms | Participant=P02
90,IBI out of range,Row 90 | Timestamp: 1710811995197 ms | PPG(Green=1857290, Red=1857290, Ir=1857290) | ACC(X=9.1060037612915, Y=-2.93394374847412, Z=0.998738408088684) | HR=73 bpm | IBI=0 ms | Participant=P02
91,IBI out of range,Row 91 | Timestamp: 1710811995237 ms | PPG(Green=1853014, Red=1853014, Ir=1853014) | ACC(X=8.919189453125, Y=-2.96268439292908, Z=1.00592362880707) | HR=74 bpm | IBI=0 ms | Participant=P02
92,IBI out of range,Row 92 | Timestamp: 1710811995277 ms | PPG(Green=1848727, Red=1848727, Ir=1848727) | ACC(X=8.87847328186035, Y=-2.85730195045471, Z=1.09693574905396) | HR=74 bpm | IBI=0 ms | Participant=P02
93,IBI out of range,Row 93 | Timestamp: 1710811995317 ms | PPG(Green=1843662, Red=1843662, Ir=1843662) | ACC(X=8.86889266967773, Y=-2.89801788330078, Z=1.16639232635498) | HR=75 bpm | IBI=0 ms | Participant=P02
94,IBI out of range,Row 94 | Timestamp: 1710811995357 ms | PPG(Green=1838375, Red=1838375, Ir=1838375) | ACC(X=8.79943656921387, Y=-2.95070934295654, Z=1.2358490228653) | HR=76 bpm | IBI=0 ms | Participant=P02
95,IBI out of range,Row 95 | Timestamp: 1710811995397 ms | PPG(Green=1833953, Red=1833953, Ir=1833953) | ACC(X=8.87128829956055, Y=-2.98424005508423, Z=1.37955236434937) | HR=77 bpm | IBI=0 ms | Participant=P02
96,IBI out of range,Row 96 | Timestamp: 1710811995437 ms | PPG(Green=1830175, Red=1830175, Ir=1830175) | ACC(X=8.89763355255127, Y=-3.14470887184143, Z=1.45619416236877) | HR=77 bpm | IBI=0 ms | Participant=P02
97,IBI out of range,Row 97 | Timestamp: 1710811995478 ms | PPG(Green=1827159, Red=1827159, Ir=1827159) | ACC(X=9.09402847290039, Y=-3.18063449859619, Z=1.59750247001648) | HR=77 bpm | IBI=0 ms | Participant=P02
98,IBI out of range,Row 98 | Timestamp: 1710811995517 ms | PPG(Green=1824548, Red=1824548, Ir=1824548) | ACC(X=9.31197834014893, Y=-3.27404189109802, Z=1.78671193122864) | HR=76 bpm | IBI=0 ms | Participant=P02
99,IBI out of range,Row 99 | Timestamp: 1710811995557 ms | PPG(Green=1822401, Red=1822401, Ir=1822401) | ACC(X=9.41017532348633, Y=-3.31954789161682, Z=1.83700811862946) | HR=75 bpm | IBI=0 ms | Participant=P02
100,IBI out of range,Row 100 | Timestamp: 1710811995598 ms | PPG(Green=1820554, Red=1820554, Ir=1820554) | ACC(X=9.35269451141357, Y=-3.35307860374451, Z=1.87053883075714) | HR=75 bpm | IBI=0 ms | Participant=P02
101,IBI out of range,Row 101 | Timestamp: 1710811995638 ms | PPG(Green=1818581, Red=1818581, Ir=1818581) | ACC(X=9.23054695129394, Y=-3.39618968963623, Z=1.86095869541168) | HR=76 bpm | IBI=0 ms | Participant=P02
102,IBI out of range,Row 102 | Timestamp: 1710811995678 ms | PPG(Green=1813971, Red=1813971, Ir=1813971) | ACC(X=9.15390491485596, Y=-3.47522664070129, Z=1.8082674741745) | HR=76 bpm | IBI=0 ms | Participant=P02
103,IBI out of range,Row 103 | Timestamp: 1710811995718 ms | PPG(Green=1806307, Red=1806307, Ir=1806307) | ACC(X=9.1012134552002, Y=-3.38181924819946, Z=1.65737891197205) | HR=76 bpm | IBI=0 ms | Participant=P02
104,IBI out of range,Row 104 | Timestamp: 1710811995758 ms | PPG(Green=1798592, Red=1798592, Ir=1798592) | ACC(X=9.02696704864502, Y=-3.33152318000793, Z=1.56157660484314) | HR=75 bpm | IBI=0 ms | Participant=P02
105,IBI out of range,Row 105 | Timestamp: 1710811995798 ms | PPG(Green=1792351, Red=1792351, Ir=1792351) | ACC(X=8.97906589508057, Y=-3.32912802696228, Z=1.47774970531464) | HR=75 bpm | IBI=0 ms | Participant=P02
106,IBI out of range,Row 106 | Timestamp: 1710811995838 ms | PPG(Green=1787861, Red=1787861, Ir=1787861) | ACC(X=9.05570697784424, Y=-3.35786867141724, Z=1.36518204212189) | HR=74 bpm | IBI=0 ms | Participant=P02
107,IBI out of range,Row 107 | Timestamp: 1710811995879 ms | PPG(Green=1784786, Red=1784786, Ir=1784786) | ACC(X=9.12755870819092, Y=-3.36505389213562, Z=1.25979959964752) | HR=74 bpm | IBI=0 ms | Participant=P02
108,IBI out of range,Row 108 | Timestamp: 1710811995918 ms | PPG(Green=1782121, Red=1782121, Ir=1782121) | ACC(X=9.07486820220947, Y=-3.25488138198853, Z=1.22147870063782) | HR=73 bpm | IBI=0 ms | Participant=P02
109,IBI out of range,Row 109 | Timestamp: 1710811995958 ms | PPG(Green=1778681, Red=1778681, Ir=1778681) | ACC(X=9.09163284301758, Y=-3.22135066986084, Z=1.20710825920105) | HR=73 bpm | IBI=0 ms | Participant=P02
111,IBI out of range,Row 111 | Timestamp: 1710811996039 ms | PPG(Green=1770431, Red=1770431, Ir=1770431) | ACC(X=9.13234901428223, Y=-3.18063449859619, Z=1.30770063400269) | HR=72 bpm | IBI=0 ms | Participant=P02
112,IBI out of range,Row 112 | Timestamp: 1710811996080 ms | PPG(Green=1766846, Red=1766846, Ir=1766846) | ACC(X=9.04133701324463, Y=-3.09201765060425, Z=1.34123146533966) | HR=72 bpm | IBI=0 ms | Participant=P02
113,IBI out of range,Row 113 | Timestamp: 1710811996119 ms | PPG(Green=1764186, Red=1764186, Ir=1764186) | ACC(X=9.14192962646484, Y=-3.08483242988586, Z=1.38913261890411) | HR=72 bpm | IBI=0 ms | Participant=P02
114,IBI out of range,Row 114 | Timestamp: 1710811996159 ms | PPG(Green=1762182, Red=1762182, Ir=1762182) | ACC(X=9.1946210861206, Y=-3.07764720916748, Z=1.52325570583344) | HR=73 bpm | IBI=0 ms | Participant=P02
115,IBI out of range,Row 115 | Timestamp: 1710811996199 ms | PPG(Green=1760566, Red=1760566, Ir=1760566) | ACC(X=9.29281806945801, Y=-2.99142527580261, Z=1.583132147789) | HR=73 bpm | IBI=0 ms | Participant=P02
116,IBI out of range,Row 116 | Timestamp: 1710811996239 ms | PPG(Green=1759359, Red=1759359, Ir=1759359) | ACC(X=9.15869522094727, Y=-3.02735090255737, Z=1.55918157100677) | HR=74 bpm | IBI=0 ms | Participant=P02
117,IBI out of range,Row 117 | Timestamp: 1710811996280 ms | PPG(Green=1758168, Red=1758168, Ir=1758168) | ACC(X=9.1994104385376, Y=-3.01537585258484, Z=1.65737891197205) | HR=74 bpm | IBI=0 ms | Participant=P02
118,IBI out of range,Row 118 | Timestamp: 1710811996320 ms | PPG(Green=1753869, Red=1753869, Ir=1753869) | ACC(X=9.32395362854004, Y=-3.03214120864868, Z=1.66935420036316) | HR=74 bpm | IBI=0 ms | Participant=P02
119,IBI out of range,Row 119 | Timestamp: 1710811996359 ms | PPG(Green=1746779, Red=1746779, Ir=1746779) | ACC(X=9.32155895233154, Y=-3.09201765060425, Z=1.7052800655365) | HR=74 bpm | IBI=0 ms | Participant=P02
120,IBI out of range,Row 120 | Timestamp: 1710811996400 ms | PPG(Green=1740089, Red=1740089, Ir=1740089) | ACC(X=9.17545986175537, Y=-3.09441256523132, Z=1.59510743618011) | HR=74 bpm | IBI=0 ms | Participant=P02
121,IBI out of range,Row 121 | Timestamp: 1710811996440 ms | PPG(Green=1735216, Red=1735216, Ir=1735216) | ACC(X=9.09163284301758, Y=-3.08962249755859, Z=1.56876182556152) | HR=74 bpm | IBI=0 ms | Participant=P02
122,IBI out of range,Row 122 | Timestamp: 1710811996480 ms | PPG(Green=1732087, Red=1732087, Ir=1732087) | ACC(X=8.93834972381592, Y=-3.08243727684021, Z=1.45858919620514) | HR=75 bpm | IBI=0 ms | Participant=P02
123,IBI out of range,Row 123 | Timestamp: 1710811996520 ms | PPG(Green=1730342, Red=1730342, Ir=1730342) | ACC(X=8.79464626312256, Y=-3.11117792129517, Z=1.3579968214035) | HR=75 bpm | IBI=0 ms | Participant=P02
124,IBI out of range,Row 124 | Timestamp: 1710811996560 ms | PPG(Green=1728774, Red=1728774, Ir=1728774) | ACC(X=9.0988187789917, Y=-3.21656036376953, Z=1.26219463348389) | HR=75 bpm | IBI=0 ms | Participant=P02
125,IBI out of range,Row 125 | Timestamp: 1710811996600 ms | PPG(Green=1726437, Red=1726437, Ir=1726437) | ACC(X=9.25928688049316, Y=-3.26206660270691, Z=1.15441703796387) | HR=75 bpm | IBI=0 ms | Participant=P02
126,IBI out of range,Row 126 | Timestamp: 1710811996640 ms | PPG(Green=1723341, Red=1723341, Ir=1723341) | ACC(X=9.37424945831299, Y=-3.30996775627136, Z=1.02747905254364) | HR=76 bpm | IBI=0 ms | Participant=P02
127,IBI out of range,Row 127 | Timestamp: 1710811996681 ms | PPG(Green=1720290, Red=1720290, Ir=1720290) | ACC(X=9.1970157623291, Y=-3.44648575782776, Z=0.967602729797363) | HR=76 bpm | IBI=0 ms | Participant=P02
128,IBI out of range,Row 128 | Timestamp: 1710811996720 ms | PPG(Green=1717635, Red=1717635, Ir=1717635) | ACC(X=9.1155834197998, Y=-3.49678206443787, Z=0.917306542396545) | HR=76 bpm | IBI=0 ms | Participant=P02
129,IBI out of range,Row 129 | Timestamp: 1710811996760 ms | PPG(Green=1715930, Red=1715930, Ir=1715930) | ACC(X=9.16348457336426, Y=-3.49917697906494, Z=0.876590549945831) | HR=75 bpm | IBI=0 ms | Participant=P02
130,IBI out of range,Row 130 | Timestamp: 1710811996800 ms | PPG(Green=1714554, Red=1714554, Ir=1714554) | ACC(X=9.23294162750244, Y=-3.53031277656555, Z=0.938862025737762) | HR=75 bpm | IBI=0 ms | Participant=P02
131,IBI out of range,Row 131 | Timestamp: 1710811996840 ms | PPG(Green=1713701, Red=1713701, Ir=1713701) | ACC(X=9.37185478210449, Y=-3.42253518104553, Z=1.00113344192505) | HR=76 bpm | IBI=0 ms | Participant=P02
132,IBI out of range,Row 132 | Timestamp: 1710811996881 ms | PPG(Green=1712959, Red=1712959, Ir=1712959) | ACC(X=9.33592891693115, Y=-3.40576982498169, Z=1.09214568138123) | HR=76 bpm | IBI=0 ms | Participant=P02
133,IBI out of range,Row 133 | Timestamp: 1710811996921 ms | PPG(Green=1711529, Red=1711529, Ir=1711529) | ACC(X=9.07726287841797, Y=-3.38181924819946, Z=1.19992315769196) | HR=77 bpm | IBI=0 ms | Participant=P02
134,IBI out of range,Row 134 | Timestamp: 1710811996961 ms | PPG(Green=1705908, Red=1705908, Ir=1705908) | ACC(X=9.08205318450928, Y=-3.25967144966125, Z=1.23824405670166) | HR=77 bpm | IBI=0 ms | Participant=P02
135,IBI out of range,Row 135 | Timestamp: 1710811997001 ms | PPG(Green=1698951, Red=1698951, Ir=1698951) | ACC(X=9.09402847290039, Y=-3.22853565216064, Z=1.37236714363098) | HR=76 bpm | IBI=0 ms | Participant=P02
136,IBI out of range,Row 136 | Timestamp: 1710811997041 ms | PPG(Green=1693361, Red=1693361, Ir=1693361) | ACC(X=9.28323745727539, Y=-3.13991856575012, Z=1.47056448459625) | HR=76 bpm | IBI=0 ms | Participant=P02
137,IBI out of range,Row 137 | Timestamp: 1710811997082 ms | PPG(Green=1690029, Red=1690029, Ir=1690029) | ACC(X=9.31197834014893, Y=-3.0249559879303, Z=1.583132147789) | HR=75 bpm | IBI=0 ms | Participant=P02
138,IBI out of range,Row 138 | Timestamp: 1710811997121 ms | PPG(Green=1688282, Red=1688282, Ir=1688282) | ACC(X=9.25210189819336, Y=-2.91957354545593, Z=1.60229253768921) | HR=75 bpm | IBI=0 ms | Participant=P02
139,IBI out of range,Row 139 | Timestamp: 1710811997161 ms | PPG(Green=1687323, Red=1687323, Ir=1687323) | ACC(X=9.20180606842041, Y=-2.83335137367249, Z=1.6477986574173) | HR=75 bpm | IBI=0 ms | Participant=P02
140,IBI out of range,Row 140 | Timestamp: 1710811997201 ms | PPG(Green=1686183, Red=1686183, Ir=1686183) | ACC(X=9.24252223968506, Y=-2.97705483436584, Z=1.63103330135345) | HR=75 bpm | IBI=0 ms | Participant=P02
141,IBI out of range,Row 141 | Timestamp: 1710811997242 ms | PPG(Green=1683923, Red=1683923, Ir=1683923) | ACC(X=9.1155834197998, Y=-2.58666062355042, Z=2.01663732528686) | HR=76 bpm | IBI=0 ms | Participant=P02
142,IBI out of range,Row 142 | Timestamp: 1710811997282 ms | PPG(Green=1681103, Red=1681103, Ir=1681103) | ACC(X=9.09402847290039, Y=-2.54833984375, Z=1.96394610404968) | HR=76 bpm | IBI=0 ms | Participant=P02
143,IBI out of range,Row 143 | Timestamp: 1710811997322 ms | PPG(Green=1678656, Red=1678656, Ir=1678656) | ACC(X=8.95990562438965, Y=-2.70641350746155, Z=1.84419322013855) | HR=76 bpm | IBI=0 ms | Participant=P02
144,IBI out of range,Row 144 | Timestamp: 1710811997362 ms | PPG(Green=1677417, Red=1677417, Ir=1677417) | ACC(X=9.17785549163818, Y=-3.12794327735901, Z=1.4873298406601) | HR=76 bpm | IBI=0 ms | Participant=P02
145,IBI out of range,Row 145 | Timestamp: 1710811997402 ms | PPG(Green=1677331, Red=1677331, Ir=1677331) | ACC(X=9.22575664520264, Y=-3.24051094055176, Z=1.27656495571136) | HR=76 bpm | IBI=0 ms | Participant=P02
146,IBI out of range,Row 146 | Timestamp: 1710811997442 ms | PPG(Green=1677833, Red=1677833, Ir=1677833) | ACC(X=9.15869522094727, Y=-3.21895551681519, Z=1.33644139766693) | HR=76 bpm | IBI=0 ms | Participant=P02
147,IBI out of range,Row 147 | Timestamp: 1710811997483 ms | PPG(Green=1678312, Red=1678312, Ir=1678312) | ACC(X=9.2856330871582, Y=-3.30278253555298, Z=1.30051553249359) | HR=76 bpm | IBI=0 ms | Participant=P02
148,IBI out of range,Row 148 | Timestamp: 1710811997523 ms | PPG(Green=1678727, Red=1678727, Ir=1678727) | ACC(X=9.1012134552002, Y=-3.35307860374451, Z=1.38434243202209) | HR=76 bpm | IBI=0 ms | Participant=P02
149,IBI out of range,Row 149 | Timestamp: 1710811997562 ms | PPG(Green=1678743, Red=1678743, Ir=1678743) | ACC(X=9.1155834197998, Y=-3.29799246788025, Z=1.40350294113159) | HR=77 bpm | IBI=0 ms | Participant=P02
150,IBI out of range,Row 150 | Timestamp: 1710811997603 ms | PPG(Green=1675351, Red=1675351, Ir=1675351) | ACC(X=9.23533630371094, Y=-3.35307860374451, Z=1.33644139766693) | HR=77 bpm | IBI=0 ms | Participant=P02
151,IBI out of range,Row 151 | Timestamp: 1710811997643 ms | PPG(Green=1669383, Red=1669383, Ir=1669383) | ACC(X=9.22815132141113, Y=-3.29320216178894, Z=1.3579968214035) | HR=77 bpm | IBI=0 ms | Participant=P02
152,IBI out of range,Row 152 | Timestamp: 1710811997683 ms | PPG(Green=1664076, Red=1664076, Ir=1664076) | ACC(X=9.07247257232666, Y=-3.25488138198853, Z=1.2358490228653) | HR=76 bpm | IBI=0 ms | Participant=P02
153,IBI out of range,Row 153 | Timestamp: 1710811997723 ms | PPG(Green=1660759, Red=1660759, Ir=1660759) | ACC(X=9.04373168945312, Y=-3.31236267089844, Z=1.28375005722046) | HR=76 bpm | IBI=0 ms | Participant=P02
154,IBI out of range,Row 154 | Timestamp: 1710811997763 ms | PPG(Green=1659218, Red=1659218, Ir=1659218) | ACC(X=9.05570697784424, Y=-3.2117702960968, Z=1.3196759223938) | HR=75 bpm | IBI=0 ms | Participant=P02
155,IBI out of range,Row 155 | Timestamp: 1710811997803 ms | PPG(Green=1658827, Red=1658827, Ir=1658827) | ACC(X=9.05570697784424, Y=-3.16865944862366, Z=1.41787326335907) | HR=75 bpm | IBI=0 ms | Participant=P02
156,IBI out of range,Row 156 | Timestamp: 1710811997843 ms | PPG(Green=1658567, Red=1658567, Ir=1658567) | ACC(X=9.07007789611816, Y=-3.06806707382202, Z=1.6669590473175) | HR=75 bpm | IBI=0 ms | Participant=P02
157,IBI out of range,Row 157 | Timestamp: 1710811997884 ms | PPG(Green=1657659, Red=1657659, Ir=1657659) | ACC(X=9.23773193359375, Y=-2.81179594993591, Z=2.08609390258789) | HR=75 bpm | IBI=0 ms | Participant=P02
158,IBI out of range,Row 158 | Timestamp: 1710811997923 ms | PPG(Green=1656017, Red=1656017, Ir=1656017) | ACC(X=9.18264579772949, Y=-2.82616639137268, Z=2.14836549758911) | HR=75 bpm | IBI=0 ms | Participant=P02
159,IBI out of range,Row 159 | Timestamp: 1710811997963 ms | PPG(Green=1654372, Red=1654372, Ir=1654372) | ACC(X=9.30958366394043, Y=-2.92915368080139, Z=1.82742786407471) | HR=74 bpm | IBI=0 ms | Participant=P02
160,IBI out of range,Row 160 | Timestamp: 1710811998004 ms | PPG(Green=1653461, Red=1653461, Ir=1653461) | ACC(X=9.32634925842285, Y=-2.96747469902039, Z=1.7052800655365) | HR=74 bpm | IBI=0 ms | Participant=P02
161,IBI out of range,Row 161 | Timestamp: 1710811998044 ms | PPG(Green=1653473, Red=1653473, Ir=1653473) | ACC(X=9.22096633911133, Y=-2.93154883384705, Z=1.50409531593323) | HR=74 bpm | IBI=0 ms | Participant=P02
162,IBI out of range,Row 162 | Timestamp: 1710811998084 ms | PPG(Green=1653945, Red=1653945, Ir=1653945) | ACC(X=9.21617603302002, Y=-2.95310425758362, Z=1.42505848407745) | HR=74 bpm | IBI=0 ms | Participant=P02
163,IBI out of range,Row 163 | Timestamp: 1710811998124 ms | PPG(Green=1654850, Red=1654850, Ir=1654850) | ACC(X=9.23533630371094, Y=-2.99861025810242, Z=1.377157330513) | HR=74 bpm | IBI=0 ms | Participant=P02
164,IBI out of range,Row 164 | Timestamp: 1710811998164 ms | PPG(Green=1655902, Red=1655902, Ir=1655902) | ACC(X=9.13713932037354, Y=-2.9866349697113, Z=1.37236714363098) | HR=75 bpm | IBI=0 ms | Participant=P02
165,IBI out of range,Row 165 | Timestamp: 1710811998204 ms | PPG(Green=1657314, Red=1657314, Ir=1657314) | ACC(X=9.08684349060059, Y=-3.03932619094849, Z=1.47056448459625) | HR=75 bpm | IBI=0 ms | Participant=P02
166,IBI out of range,Row 166 | Timestamp: 1710811998244 ms | PPG(Green=1657845, Red=1657845, Ir=1657845) | ACC(X=9.17785549163818, Y=-3.08722734451294, Z=1.57355189323425) | HR=74 bpm | IBI=0 ms | Participant=P02
167,IBI out of range,Row 167 | Timestamp: 1710811998285 ms | PPG(Green=1654388, Red=1654388, Ir=1654388) | ACC(X=9.17545986175537, Y=-3.02256083488464, Z=1.61426782608032) | HR=74 bpm | IBI=0 ms | Participant=P02
168,IBI out of range,Row 168 | Timestamp: 1710811998324 ms | PPG(Green=1649600, Red=1649600, Ir=1649600) | ACC(X=9.30479335784912, Y=-3.09680771827698, Z=1.61666297912598) | HR=73 bpm | IBI=0 ms | Participant=P02
169,IBI out of range,Row 169 | Timestamp: 1710811998365 ms | PPG(Green=1646250, Red=1646250, Ir=1646250) | ACC(X=9.15390491485596, Y=-3.03693127632141, Z=1.60708272457123) | HR=73 bpm | IBI=0 ms | Participant=P02
170,IBI out of range,Row 170 | Timestamp: 1710811998404 ms | PPG(Green=1644675, Red=1644675, Ir=1644675) | ACC(X=9.17067050933838, Y=-3.03932619094849, Z=1.60947775840759) | HR=73 bpm | IBI=0 ms | Participant=P02
171,IBI out of range,Row 171 | Timestamp: 1710811998445 ms | PPG(Green=1644611, Red=1644611, Ir=1644611) | ACC(X=9.1060037612915, Y=-3.02735090255737, Z=1.56636679172516) | HR=74 bpm | IBI=0 ms | Participant=P02
172,IBI out of range,Row 172 | Timestamp: 1710811998486 ms | PPG(Green=1645431, Red=1645431, Ir=1645431) | ACC(X=9.14192962646484, Y=-3.09201765060425, Z=1.60947775840759) | HR=75 bpm | IBI=0 ms | Participant=P02
173,IBI out of range,Row 173 | Timestamp: 1710811998525 ms | PPG(Green=1646175, Red=1646175, Ir=1646175) | ACC(X=9.16108989715576, Y=-3.0249559879303, Z=1.60229253768921) | HR=75 bpm | IBI=0 ms | Participant=P02
174,IBI out of range,Row 174 | Timestamp: 1710811998565 ms | PPG(Green=1646251, Red=1646251, Ir=1646251) | ACC(X=9.15150928497314, Y=-3.04411649703979, Z=1.63342833518982) | HR=75 bpm | IBI=0 ms | Participant=P02
175,IBI out of range,Row 175 | Timestamp: 1710811998605 ms | PPG(Green=1646124, Red=1646124, Ir=1646124) | ACC(X=9.1155834197998, Y=-3.09680771827698, Z=1.57355189323425) | HR=75 bpm | IBI=0 ms | Participant=P02
176,IBI out of range,Row 176 | Timestamp: 1710811998645 ms | PPG(Green=1646220, Red=1646220, Ir=1646220) | ACC(X=9.1155834197998, Y=-3.12794327735901, Z=1.57355189323425) | HR=76 bpm | IBI=0 ms | Participant=P02
177,IBI out of range,Row 177 | Timestamp: 1710811998686 ms | PPG(Green=1647055, Red=1647055, Ir=1647055) | ACC(X=9.05331230163574, Y=-3.11117792129517, Z=1.53283596038818) | HR=77 bpm | IBI=0 ms | Participant=P02
178,IBI out of range,Row 178 | Timestamp: 1710811998725 ms | PPG(Green=1648288, Red=1648288, Ir=1648288) | ACC(X=9.07965755462646, Y=-3.1207582950592, Z=1.48493480682373) | HR=77 bpm | IBI=0 ms | Participant=P02
179,IBI out of range,Row 179 | Timestamp: 1710811998765 ms | PPG(Green=1649792, Red=1649792, Ir=1649792) | ACC(X=9.08205318450928, Y=-3.11117792129517, Z=1.45379912853241) | HR=77 bpm | IBI=0 ms | Participant=P02
180,IBI out of range,Row 180 | Timestamp: 1710811998806 ms | PPG(Green=1651610, Red=1651610, Ir=1651610) | ACC(X=9.18743515014648, Y=-3.02974605560303, Z=1.37236714363098) | HR=77 bpm | IBI=0 ms | Participant=P02
181,IBI out of range,Row 181 | Timestamp: 1710811998846 ms | PPG(Green=1653435, Red=1653435, Ir=1653435) | ACC(X=9.13953399658203, Y=-3.08004236221313, Z=1.36757707595825) | HR=78 bpm | IBI=0 ms | Participant=P02
182,IBI out of range,Row 182 | Timestamp: 1710811998887 ms | PPG(Green=1655159, Red=1655159, Ir=1655159) | ACC(X=9.17545986175537, Y=-3.07285714149475, Z=1.37476229667664) | HR=77 bpm | IBI=0 ms | Participant=P02
183,IBI out of range,Row 183 | Timestamp: 1710811998926 ms | PPG(Green=1655799, Red=1655799, Ir=1655799) | ACC(X=9.13713932037354, Y=-2.98903012275696, Z=1.45619416236877) | HR=78 bpm | IBI=0 ms | Participant=P02
184,IBI out of range,Row 184 | Timestamp: 1710811998966 ms | PPG(Green=1652788, Red=1652788, Ir=1652788) | ACC(X=9.16108989715576, Y=-2.91717839241028, Z=1.50170028209686) | HR=79 bpm | IBI=0 ms | Participant=P02
185,IBI out of range,Row 185 | Timestamp: 1710811999006 ms | PPG(Green=1648704, Red=1648704, Ir=1648704) | ACC(X=9.17306518554688, Y=-2.90041303634644, Z=1.50888538360596) | HR=79 bpm | IBI=0 ms | Participant=P02
186,IBI out of range,Row 186 | Timestamp: 1710811999046 ms | PPG(Green=1646012, Red=1646012, Ir=1646012) | ACC(X=9.13474464416504, Y=-2.92196846008301, Z=1.43942880630493) | HR=79 bpm | IBI=0 ms | Participant=P02
187,IBI out of range,Row 187 | Timestamp: 1710811999087 ms | PPG(Green=1645239, Red=1645239, Ir=1645239) | ACC(X=9.13474464416504, Y=-2.97705483436584, Z=1.50649034976959) | HR=78 bpm | IBI=0 ms | Participant=P02
188,IBI out of range,Row 188 | Timestamp: 1710811999127 ms | PPG(Green=1645902, Red=1645902, Ir=1645902) | ACC(X=9.16588020324707, Y=-2.92436361312866, Z=1.4873298406601) | HR=78 bpm | IBI=0 ms | Participant=P02
189,IBI out of range,Row 189 | Timestamp: 1710811999167 ms | PPG(Green=1647154, Red=1647154, Ir=1647154) | ACC(X=9.17067050933838, Y=-2.95070934295654, Z=1.42505848407745) | HR=78 bpm | IBI=0 ms | Participant=P02
190,IBI out of range,Row 190 | Timestamp: 1710811999207 ms | PPG(Green=1648140, Red=1648140, Ir=1648140) | ACC(X=9.1083984375, Y=-3.06806707382202, Z=1.44900894165039) | HR=78 bpm | IBI=0 ms | Participant=P02
191,IBI out of range,Row 191 | Timestamp: 1710811999247 ms | PPG(Green=1648453, Red=1648453, Ir=1648453) | ACC(X=9.12516403198242, Y=-3.0704619884491, Z=1.44661390781403) | HR=79 bpm | IBI=0 ms | Participant=P02
192,IBI out of range,Row 192 | Timestamp: 1710811999288 ms | PPG(Green=1648359, Red=1648359, Ir=1648359) | ACC(X=9.16588020324707, Y=-3.10638785362244, Z=1.4418238401413) | HR=79 bpm | IBI=0 ms | Participant=P02
193,IBI out of range,Row 193 | Timestamp: 1710811999327 ms | PPG(Green=1648827, Red=1648827, Ir=1648827) | ACC(X=9.12276935577393, Y=-3.16386914253235, Z=1.38434243202209) | HR=79 bpm | IBI=0 ms | Participant=P02
194,IBI out of range,Row 194 | Timestamp: 1710811999367 ms | PPG(Green=1649885, Red=1649885, Ir=1649885) | ACC(X=9.24252223968506, Y=-3.166264295578, Z=1.42984855175018) | HR=79 bpm | IBI=0 ms | Participant=P02
195,IBI out of range,Row 195 | Timestamp: 1710811999407 ms | PPG(Green=1651108, Red=1651108, Ir=1651108) | ACC(X=9.23294162750244, Y=-3.24051094055176, Z=1.32925617694855) | HR=78 bpm | IBI=0 ms | Participant=P02
196,IBI out of range,Row 196 | Timestamp: 1710811999448 ms | PPG(Green=1652718, Red=1652718, Ir=1652718) | ACC(X=9.13234901428223, Y=-3.24051094055176, Z=1.34841668605804) | HR=78 bpm | IBI=0 ms | Participant=P02
197,IBI out of range,Row 197 | Timestamp: 1710811999488 ms | PPG(Green=1654536, Red=1654536, Ir=1654536) | ACC(X=9.2880277633667, Y=-3.16386914253235, Z=1.30770063400269) | HR=79 bpm | IBI=0 ms | Participant=P02
198,IBI out of range,Row 198 | Timestamp: 1710811999528 ms | PPG(Green=1656376, Red=1656376, Ir=1656376) | ACC(X=9.22815132141113, Y=-3.10399293899536, Z=1.30770063400269) | HR=79 bpm | IBI=0 ms | Participant=P02
199,IBI out of range,Row 199 | Timestamp: 1710811999568 ms | PPG(Green=1658011, Red=1658011, Ir=1658011) | ACC(X=9.16348457336426, Y=-3.11117792129517, Z=1.30291056632996) | HR=79 bpm | IBI=0 ms | Participant=P02
200,IBI out of range,Row 200 | Timestamp: 1710811999608 ms | PPG(Green=1657116, Red=1657116, Ir=1657116) | ACC(X=9.1946210861206, Y=-3.06806707382202, Z=1.35320675373077) | HR=79 bpm | IBI=0 ms | Participant=P02
201,IBI out of range,Row 201 | Timestamp: 1710811999648 ms | PPG(Green=1653298, Red=1653298, Ir=1653298) | ACC(X=9.23054695129394, Y=-2.98424005508423, Z=1.35320675373077) | HR=79 bpm | IBI=0 ms | Participant=P02
202,IBI out of range,Row 202 | Timestamp: 1710811999689 ms | PPG(Green=1649790, Red=1649790, Ir=1649790) | ACC(X=9.23054695129394, Y=-2.87646245956421, Z=1.40110790729523) | HR=78 bpm | IBI=0 ms | Participant=P02
203,IBI out of range,Row 203 | Timestamp: 1710811999728 ms | PPG(Green=1648286, Red=1648286, Ir=1648286) | ACC(X=9.22096633911133, Y=-2.93873405456543, Z=1.33404624462128) | HR=78 bpm | IBI=0 ms | Participant=P02
204,IBI out of range,Row 204 | Timestamp: 1710811999768 ms | PPG(Green=1648333, Red=1648333, Ir=1648333) | ACC(X=9.20659637451172, Y=-2.95070934295654, Z=1.40110790729523) | HR=77 bpm | IBI=0 ms | Participant=P02
205,IBI out of range,Row 205 | Timestamp: 1710811999809 ms | PPG(Green=1649323, Red=1649323, Ir=1649323) | ACC(X=9.18264579772949, Y=-2.99861025810242, Z=1.37236714363098) | HR=77 bpm | IBI=0 ms | Participant=P02
206,IBI out of range,Row 206 | Timestamp: 1710811999849 ms | PPG(Green=1650692, Red=1650692, Ir=1650692) | ACC(X=9.13953399658203, Y=-3.0704619884491, Z=1.34602153301239) | HR=78 bpm | IBI=0 ms | Participant=P02
207,IBI out of range,Row 207 | Timestamp: 1710811999890 ms | PPG(Green=1651488, Red=1651488, Ir=1651488) | ACC(X=9.17067050933838, Y=-3.03693127632141, Z=1.34123146533966) | HR=78 bpm | IBI=0 ms | Participant=P02
208,IBI out of range,Row 208 | Timestamp: 1710811999929 ms | PPG(Green=1651608, Red=1651608, Ir=1651608) | ACC(X=9.12995433807373, Y=-3.10399293899536, Z=1.32925617694855) | HR=78 bpm | IBI=0 ms | Participant=P02
209,IBI out of range,Row 209 | Timestamp: 1710811999969 ms | PPG(Green=1651868, Red=1651868, Ir=1651868) | ACC(X=9.17785549163818, Y=-3.1854248046875, Z=1.31728088855743) | HR=77 bpm | IBI=0 ms | Participant=P02
210,IBI out of range,Row 210 | Timestamp: 1710812000009 ms | PPG(Green=1652647, Red=1652647, Ir=1652647) | ACC(X=9.15629959106445, Y=-3.14470887184143, Z=1.30530560016632) | HR=77 bpm | IBI=0 ms | Participant=P02
211,IBI out of range,Row 211 | Timestamp: 1710812000049 ms | PPG(Green=1653773, Red=1653773, Ir=1653773) | ACC(X=9.15869522094727, Y=-3.20937538146973, Z=1.29812049865723) | HR=77 bpm | IBI=0 ms | Participant=P02
212,IBI out of range,Row 212 | Timestamp: 1710812000090 ms | PPG(Green=1655432, Red=1655432, Ir=1655432) | ACC(X=9.12755870819092, Y=-3.21895551681519, Z=1.25261437892914) | HR=77 bpm | IBI=0 ms | Participant=P02
213,IBI out of range,Row 213 | Timestamp: 1710812000130 ms | PPG(Green=1657276, Red=1657276, Ir=1657276) | ACC(X=9.0988187789917, Y=-3.2500913143158, Z=1.24063909053802) | HR=78 bpm | IBI=0 ms | Participant=P02
214,IBI out of range,Row 214 | Timestamp: 1710812000170 ms | PPG(Green=1659207, Red=1659207, Ir=1659207) | ACC(X=9.2784481048584, Y=-3.24769616127014, Z=1.21429347991943) | HR=78 bpm | IBI=0 ms | Participant=P02
215,IBI out of range,Row 215 | Timestamp: 1710812000210 ms | PPG(Green=1661314, Red=1661314, Ir=1661314) | ACC(X=9.20659637451172, Y=-3.23572087287903, Z=1.31009578704834) | HR=79 bpm | IBI=0 ms | Participant=P02
216,IBI out of range,Row 216 | Timestamp: 1710812000250 ms | PPG(Green=1662948, Red=1662948, Ir=1662948) | ACC(X=9.22815132141113, Y=-3.22614073753357, Z=1.35560178756714) | HR=79 bpm | IBI=0 ms | Participant=P02
217,IBI out of range,Row 217 | Timestamp: 1710812000291 ms | PPG(Green=1661737, Red=1661737, Ir=1661737) | ACC(X=9.16348457336426, Y=-3.11117792129517, Z=1.33165121078491) | HR=78 bpm | IBI=0 ms | Participant=P02
218,IBI out of range,Row 218 | Timestamp: 1710812000330 ms | PPG(Green=1658249, Red=1658249, Ir=1658249) | ACC(X=9.24970722198486, Y=-3.07525205612183, Z=1.32446610927582) | HR=78 bpm | IBI=0 ms | Participant=P02
219,IBI out of range,Row 219 | Timestamp: 1710812000370 ms | PPG(Green=1655371, Red=1655371, Ir=1655371) | ACC(X=9.20899105072022, Y=-3.06567192077637, Z=1.31728088855743) | HR=78 bpm | IBI=0 ms | Participant=P02
220,IBI out of range,Row 220 | Timestamp: 1710812000411 ms | PPG(Green=1654348, Red=1654348, Ir=1654348) | ACC(X=9.18264579772949, Y=-2.90759825706482, Z=1.33165121078491) | HR=77 bpm | IBI=0 ms | Participant=P02
221,IBI out of range,Row 221 | Timestamp: 1710812000451 ms | PPG(Green=1654697, Red=1654697, Ir=1654697) | ACC(X=9.20899105072022, Y=-2.88364768028259, Z=1.34602153301239) | HR=78 bpm | IBI=0 ms | Participant=P02
222,IBI out of range,Row 222 | Timestamp: 1710812000491 ms | PPG(Green=1655982, Red=1655982, Ir=1655982) | ACC(X=9.12276935577393, Y=-2.96507954597473, Z=1.35560178756714) | HR=78 bpm | IBI=0 ms | Participant=P02
223,IBI out of range,Row 223 | Timestamp: 1710812000531 ms | PPG(Green=1657394, Red=1657394, Ir=1657394) | ACC(X=9.20899105072022, Y=-2.9866349697113, Z=1.3124908208847) | HR=78 bpm | IBI=0 ms | Participant=P02
224,IBI out of range,Row 224 | Timestamp: 1710812000571 ms | PPG(Green=1658228, Red=1658228, Ir=1658228) | ACC(X=9.1994104385376, Y=-2.95070934295654, Z=1.36997210979462) | HR=79 bpm | IBI=0 ms | Participant=P02
225,IBI out of range,Row 225 | Timestamp: 1710812000611 ms | PPG(Green=1658429, Red=1658429, Ir=1658429) | ACC(X=9.27365779876709, Y=-2.9794499874115, Z=1.33165121078491) | HR=78 bpm | IBI=0 ms | Participant=P02
226,IBI out of range,Row 226 | Timestamp: 1710812000651 ms | PPG(Green=1658853, Red=1658853, Ir=1658853) | ACC(X=9.23773193359375, Y=-3.03932619094849, Z=1.26937973499298) | HR=78 bpm | IBI=0 ms | Participant=P02
227,IBI out of range,Row 227 | Timestamp: 1710812000692 ms | PPG(Green=1659784, Red=1659784, Ir=1659784) | ACC(X=9.21617603302002, Y=-3.01537585258484, Z=1.27656495571136) | HR=78 bpm | IBI=0 ms | Participant=P02
228,IBI out of range,Row 228 | Timestamp: 1710812000731 ms | PPG(Green=1661220, Red=1661220, Ir=1661220) | ACC(X=9.24012660980225, Y=-3.10878300666809, Z=1.28614521026611) | HR=78 bpm | IBI=0 ms | Participant=P02
229,IBI out of range,Row 229 | Timestamp: 1710812000772 ms | PPG(Green=1662805, Red=1662805, Ir=1662805) | ACC(X=9.24731159210205, Y=-3.11836314201355, Z=1.30770063400269) | HR=79 bpm | IBI=0 ms | Participant=P02
230,IBI out of range,Row 230 | Timestamp: 1710812000812 ms | PPG(Green=1664771, Red=1664771, Ir=1664771) | ACC(X=9.18504047393799, Y=-2.99621534347534, Z=1.30051553249359) | HR=78 bpm | IBI=0 ms | Participant=P02
231,IBI out of range,Row 231 | Timestamp: 1710812000852 ms | PPG(Green=1666637, Red=1666637, Ir=1666637) | ACC(X=9.2808427810669, Y=-3.06327676773071, Z=1.42984855175018) | HR=78 bpm | IBI=0 ms | Participant=P02
232,IBI out of range,Row 232 | Timestamp: 1710812000893 ms | PPG(Green=1668778, Red=1668778, Ir=1668778) | ACC(X=9.17545986175537, Y=-2.93873405456543, Z=1.36997210979462) | HR=78 bpm | IBI=0 ms | Participant=P02
233,IBI out of range,Row 233 | Timestamp: 1710812000932 ms | PPG(Green=1670471, Red=1670471, Ir=1670471) | ACC(X=9.20180606842041, Y=-2.89083290100098, Z=1.47295951843262) | HR=78 bpm | IBI=0 ms | Participant=P02
234,IBI out of range,Row 234 | Timestamp: 1710812000972 ms | PPG(Green=1669255, Red=1669255, Ir=1669255) | ACC(X=9.29760837554932, Y=-2.82856130599976, Z=1.49930512905121) | HR=78 bpm | IBI=0 ms | Participant=P02
235,IBI out of range,Row 235 | Timestamp: 1710812001012 ms | PPG(Green=1666423, Red=1666423, Ir=1666423) | ACC(X=9.32155895233154, Y=-2.82377123832703, Z=1.53762602806091) | HR=79 bpm | IBI=0 ms | Participant=P02
236,IBI out of range,Row 236 | Timestamp: 1710812001052 ms | PPG(Green=1664274, Red=1664274, Ir=1664274) | ACC(X=9.24012660980225, Y=-2.80700588226318, Z=1.52325570583344) | HR=79 bpm | IBI=0 ms | Participant=P02
237,IBI out of range,Row 237 | Timestamp: 1710812001093 ms | PPG(Green=1664010, Red=1664010, Ir=1664010) | ACC(X=9.13474464416504, Y=-2.89322781562805, Z=1.49451506137848) | HR=79 bpm | IBI=0 ms | Participant=P02
238,IBI out of range,Row 238 | Timestamp: 1710812001133 ms | PPG(Green=1665036, Red=1665036, Ir=1665036) | ACC(X=9.1946210861206, Y=-2.85730195045471, Z=1.5639716386795) | HR=79 bpm | IBI=0 ms | Participant=P02
239,IBI out of range,Row 239 | Timestamp: 1710812001173 ms | PPG(Green=1666725, Red=1666725, Ir=1666725) | ACC(X=9.25210189819336, Y=-3.01058554649353, Z=1.52325570583344) | HR=79 bpm | IBI=0 ms | Participant=P02
240,IBI out of range,Row 240 | Timestamp: 1710812001213 ms | PPG(Green=1668412, Red=1668412, Ir=1668412) | ACC(X=9.18264579772949, Y=-3.05369663238525, Z=1.53523099422455) | HR=80 bpm | IBI=0 ms | Participant=P02
241,IBI out of range,Row 241 | Timestamp: 1710812001253 ms | PPG(Green=1669631, Red=1669631, Ir=1669631) | ACC(X=9.13474464416504, Y=-3.07525205612183, Z=1.54960131645203) | HR=80 bpm | IBI=0 ms | Participant=P02
242,IBI out of range,Row 242 | Timestamp: 1710812001294 ms | PPG(Green=1670400, Red=1670400, Ir=1670400) | ACC(X=9.0988187789917, Y=-3.10399293899536, Z=1.55199646949768) | HR=80 bpm | IBI=0 ms | Participant=P02
243,IBI out of range,Row 243 | Timestamp: 1710812001333 ms | PPG(Green=1671268, Red=1671268, Ir=1671268) | ACC(X=9.13234901428223, Y=-3.10399293899536, Z=1.56876182556152) | HR=80 bpm | IBI=0 ms | Participant=P02
244,IBI out of range,Row 244 | Timestamp: 1710812001373 ms | PPG(Green=1672731, Red=1672731, Ir=1672731) | ACC(X=9.14911460876465, Y=-3.13991856575012, Z=1.54241621494293) | HR=80 bpm | IBI=0 ms | Participant=P02
245,IBI out of range,Row 245 | Timestamp: 1710812001413 ms | PPG(Green=1674460, Red=1674460, Ir=1674460) | ACC(X=9.16108989715576, Y=-3.09201765060425, Z=1.62145304679871) | HR=80 bpm | IBI=0 ms | Participant=P02
246,IBI out of range,Row 246 | Timestamp: 1710812001454 ms | PPG(Green=1676730, Red=1676730, Ir=1676730) | ACC(X=9.09402847290039, Y=-3.14949893951416, Z=1.63342833518982) | HR=81 bpm | IBI=0 ms | Participant=P02
247,IBI out of range,Row 247 | Timestamp: 1710812001494 ms | PPG(Green=1679101, Red=1679101, Ir=1679101) | ACC(X=9.15869522094727, Y=-3.13512849807739, Z=1.55439150333405) | HR=81 bpm | IBI=0 ms | Participant=P02
248,IBI out of range,Row 248 | Timestamp: 1710812001534 ms | PPG(Green=1681536, Red=1681536, Ir=1681536) | ACC(X=9.17067050933838, Y=-3.19740009307861, Z=1.69330477714539) | HR=81 bpm | IBI=0 ms | Participant=P02
249,IBI out of range,Row 249 | Timestamp: 1710812001574 ms | PPG(Green=1684022, Red=1684022, Ir=1684022) | ACC(X=9.13953399658203, Y=-3.08004236221313, Z=1.69809484481812) | HR=81 bpm | IBI=0 ms | Participant=P02
250,IBI out of range,Row 250 | Timestamp: 1710812001614 ms | PPG(Green=1686185, Red=1686185, Ir=1686185) | ACC(X=9.04373168945312, Y=-3.10638785362244, Z=1.68851459026337) | HR=81 bpm | IBI=0 ms | Participant=P02
251,IBI out of range,Row 251 | Timestamp: 1710812001654 ms | PPG(Green=1686073, Red=1686073, Ir=1686073) | ACC(X=9.07007789611816, Y=-2.99621534347534, Z=1.76036632061005) | HR=82 bpm | IBI=0 ms | Participant=P02
252,IBI out of range,Row 252 | Timestamp: 1710812001695 ms | PPG(Green=1684024, Red=1684024, Ir=1684024) | ACC(X=8.82099151611328, Y=-3.42253518104553, Z=1.86335372924805) | HR=82 bpm | IBI=0 ms | Participant=P02
253,IBI out of range,Row 253 | Timestamp: 1710812001734 ms | PPG(Green=1682527, Red=1682527, Ir=1682527) | ACC(X=9.16108989715576, Y=-2.61779642105103, Z=2.22021698951721) | HR=83 bpm | IBI=0 ms | Participant=P02
254,IBI out of range,Row 254 | Timestamp: 1710812001774 ms | PPG(Green=1682558, Red=1682558, Ir=1682558) | ACC(X=8.99583148956299, Y=-3.00340056419373, Z=1.60947775840759) | HR=83 bpm | IBI=0 ms | Participant=P02
255,IBI out of range,Row 255 | Timestamp: 1710812001815 ms | PPG(Green=1683677, Red=1683677, Ir=1683677) | ACC(X=9.05091762542725, Y=-2.88364768028259, Z=1.52325570583344) | HR=83 bpm | IBI=0 ms | Participant=P02
256,IBI out of range,Row 256 | Timestamp: 1710812001855 ms | PPG(Green=1685351, Red=1685351, Ir=1685351) | ACC(X=9.08923816680908, Y=-2.93633890151978, Z=1.53762602806091) | HR=83 bpm | IBI=0 ms | Participant=P02
257,IBI out of range,Row 257 | Timestamp: 1710812001896 ms | PPG(Green=1687287, Red=1687287, Ir=1687287) | ACC(X=9.11318874359131, Y=-2.92915368080139, Z=1.52086067199707) | HR=83 bpm | IBI=0 ms | Participant=P02
258,IBI out of range,Row 258 | Timestamp: 1710812001935 ms | PPG(Green=1688621, Red=1688621, Ir=1688621) | ACC(X=9.03894233703613, Y=-2.95310425758362, Z=1.52804589271545) | HR=83 bpm | IBI=0 ms | Participant=P02
259,IBI out of range,Row 259 | Timestamp: 1710812001975 ms | PPG(Green=1689551, Red=1689551, Ir=1689551) | ACC(X=9.06289291381836, Y=-2.93873405456543, Z=1.53523099422455) | HR=83 bpm | IBI=0 ms | Participant=P02
260,IBI out of range,Row 260 | Timestamp: 1710812002015 ms | PPG(Green=1690590, Red=1690590, Ir=1690590) | ACC(X=9.10360813140869, Y=-2.92675876617432, Z=1.5256507396698) | HR=84 bpm | IBI=0 ms | Participant=P02
261,IBI out of range,Row 261 | Timestamp: 1710812002055 ms | PPG(Green=1691875, Red=1691875, Ir=1691875) | ACC(X=9.04373168945312, Y=-2.95070934295654, Z=1.52086067199707) | HR=84 bpm | IBI=0 ms | Participant=P02
262,IBI out of range,Row 262 | Timestamp: 1710812002096 ms | PPG(Green=1693244, Red=1693244, Ir=1693244) | ACC(X=9.13953399658203, Y=-2.80940079689026, Z=1.74360084533691) | HR=84 bpm | IBI=0 ms | Participant=P02
263,IBI out of range,Row 263 | Timestamp: 1710812002136 ms | PPG(Green=1695071, Red=1695071, Ir=1695071) | ACC(X=9.17067050933838, Y=-2.92196846008301, Z=1.49691009521484) | HR=83 bpm | IBI=0 ms | Participant=P02
264,IBI out of range,Row 264 | Timestamp: 1710812002176 ms | PPG(Green=1697267, Red=1697267, Ir=1697267) | ACC(X=9.34550952911377, Y=-2.98184490203857, Z=1.68372452259064) | HR=83 bpm | IBI=0 ms | Participant=P02
265,IBI out of range,Row 265 | Timestamp: 1710812002216 ms | PPG(Green=1699304, Red=1699304, Ir=1699304) | ACC(X=9.30239868164062, Y=-3.01298069953919, Z=1.67174923419952) | HR=83 bpm | IBI=0 ms | Participant=P02
266,IBI out of range,Row 266 | Timestamp: 1710812002256 ms | PPG(Green=1701502, Red=1701502, Ir=1701502) | ACC(X=9.22096633911133, Y=-2.90280818939209, Z=1.68372452259064) | HR=84 bpm | IBI=0 ms | Participant=P02
267,IBI out of range,Row 267 | Timestamp: 1710812002297 ms | PPG(Green=1702478, Red=1702478, Ir=1702478) | ACC(X=9.12516403198242, Y=-2.92196846008301, Z=1.70767509937286) | HR=84 bpm | IBI=0 ms | Participant=P02
268,IBI out of range,Row 268 | Timestamp: 1710812002336 ms | PPG(Green=1701018, Red=1701018, Ir=1701018) | ACC(X=9.2856330871582, Y=-2.96986961364746, Z=1.71007013320923) | HR=84 bpm | IBI=0 ms | Participant=P02
269,IBI out of range,Row 269 | Timestamp: 1710812002376 ms | PPG(Green=1699195, Red=1699195, Ir=1699195) | ACC(X=9.22815132141113, Y=-3.05609178543091, Z=1.57594692707062) | HR=84 bpm | IBI=0 ms | Participant=P02
270,IBI out of range,Row 270 | Timestamp: 1710812002416 ms | PPG(Green=1698396, Red=1698396, Ir=1698396) | ACC(X=9.25689220428467, Y=-3.24290609359741, Z=1.55678653717041) | HR=84 bpm | IBI=0 ms | Participant=P02
271,IBI out of range,Row 271 | Timestamp: 1710812002456 ms | PPG(Green=1698863, Red=1698863, Ir=1698863) | ACC(X=9.25928688049316, Y=-3.616534948349, Z=1.54241621494293) | HR=84 bpm | IBI=0 ms | Participant=P02
272,IBI out of range,Row 272 | Timestamp: 1710812002497 ms | PPG(Green=1700175, Red=1700175, Ir=1700175) | ACC(X=9.41496562957764, Y=-4.15302753448486, Z=1.58792221546173) | HR=85 bpm | IBI=0 ms | Participant=P02
273,IBI out of range,Row 273 | Timestamp: 1710812002537 ms | PPG(Green=1701489, Red=1701489, Ir=1701489) | ACC(X=9.51555824279785, Y=-4.86435890197754, Z=2.20105671882629) | HR=85 bpm | IBI=0 ms | Participant=P02
274,IBI out of range,Row 274 | Timestamp: 1710812002577 ms | PPG(Green=1702109, Red=1702109, Ir=1702109) | ACC(X=9.59220027923584, Y=-6.0115909576416, Z=1.98071146011353) | HR=85 bpm | IBI=0 ms | Participant=P02
275,IBI out of range,Row 275 | Timestamp: 1710812002617 ms | PPG(Green=1702730, Red=1702730, Ir=1702730) | ACC(X=9.52513885498047, Y=-5.98045539855957, Z=2.22021698951721) | HR=84 bpm | IBI=0 ms | Participant=P02
276,IBI out of range,Row 276 | Timestamp: 1710812002657 ms | PPG(Green=1703923, Red=1703923, Ir=1703923) | ACC(X=9.54669380187988, Y=-6.61035490036011, Z=3.00100541114807) | HR=84 bpm | IBI=0 ms | Participant=P02
277,IBI out of range,Row 277 | Timestamp: 1710812002698 ms | PPG(Green=1704958, Red=1704958, Ir=1704958) | ACC(X=8.35874652862549, Y=-6.49778747558594, Z=2.76868486404419) | HR=83 bpm | IBI=0 ms | Participant=P02
278,IBI out of range,Row 278 | Timestamp: 1710812002737 ms | PPG(Green=1706590, Red=1706590, Ir=1706590) | ACC(X=7.94200611114502, Y=-4.17458295822144, Z=4.14105224609375) | HR=83 bpm | IBI=0 ms | Participant=P02
279,IBI out of range,Row 279 | Timestamp: 1710812002777 ms | PPG(Green=1709448, Red=1709448, Ir=1709448) | ACC(X=7.03907012939453, Y=-3.70036172866821, Z=4.30391597747803) | HR=83 bpm | IBI=0 ms | Participant=P02
280,IBI out of range,Row 280 | Timestamp: 1710812002817 ms | PPG(Green=1710678, Red=1710678, Ir=1710678) | ACC(X=6.33252859115601, Y=-2.51720404624939, Z=5.65472745895386) | HR=83 bpm | IBI=0 ms | Participant=P02
281,IBI out of range,Row 281 | Timestamp: 1710812002857 ms | PPG(Green=1710429, Red=1710429, Ir=1710429) | ACC(X=5.8247766494751, Y=-0.378418862819672, Z=6.34689903259277) | HR=83 bpm | IBI=0 ms | Participant=P02
282,IBI out of range,Row 282 | Timestamp: 1710812002898 ms | PPG(Green=1712608, Red=1712608, Ir=1712608) | ACC(X=5.78406047821045, Y=-1.44661390781403, Z=6.26786184310913) | HR=82 bpm | IBI=0 ms | Participant=P02
283,IBI out of range,Row 283 | Timestamp: 1710812002938 ms | PPG(Green=1716597, Red=1716597, Ir=1716597) | ACC(X=5.96129465103149, Y=0.320937514305115, Z=7.66897010803223) | HR=81 bpm | IBI=0 ms | Participant=P02
284,IBI out of range,Row 284 | Timestamp: 1710812002978 ms | PPG(Green=1723914, Red=1723914, Ir=1723914) | ACC(X=5.64035749435425, Y=-0.368838667869568, Z=7.42946434020996) | HR=81 bpm | IBI=0 ms | Participant=P02
285,IBI out of range,Row 285 | Timestamp: 1710812003018 ms | PPG(Green=1735281, Red=1735281, Ir=1735281) | ACC(X=5.47988843917847, Y=0.332912802696228, Z=7.83901882171631) | HR=80 bpm | IBI=0 ms | Participant=P02
286,IBI out of range,Row 286 | Timestamp: 1710812003058 ms | PPG(Green=1747909, Red=1747909, Ir=1747909) | ACC(X=5.15176582336426, Y=0.31854248046875, Z=7.49413061141968) | HR=79 bpm | IBI=0 ms | Participant=P02
287,IBI out of range,Row 287 | Timestamp: 1710812003099 ms | PPG(Green=1759783, Red=1759783, Ir=1759783) | ACC(X=4.92902565002441, Y=0.201184719800949, Z=7.58514308929443) | HR=79 bpm | IBI=0 ms | Participant=P02
288,IBI out of range,Row 288 | Timestamp: 1710812003138 ms | PPG(Green=1769532, Red=1769532, Ir=1769532) | ACC(X=4.83801364898682, Y=0.426320016384125, Z=7.9228458404541) | HR=79 bpm | IBI=0 ms | Participant=P02
289,IBI out of range,Row 289 | Timestamp: 1710812003178 ms | PPG(Green=1778280, Red=1778280, Ir=1778280) | ACC(X=4.82364320755005, Y=0.359258413314819, Z=8.1000804901123) | HR=78 bpm | IBI=0 ms | Participant=P02
290,IBI out of range,Row 290 | Timestamp: 1710812003218 ms | PPG(Green=1785953, Red=1785953, Ir=1785953) | ACC(X=4.67754459381104, Y=0.0958022475242614, Z=7.96356201171875) | HR=78 bpm | IBI=0 ms | Participant=P02
291,IBI out of range,Row 291 | Timestamp: 1710812003258 ms | PPG(Green=1792702, Red=1792702, Ir=1792702) | ACC(X=4.74460649490356, Y=0.677800893783569, Z=8.42580795288086) | HR=77 bpm | IBI=0 ms | Participant=P02
292,IBI out of range,Row 292 | Timestamp: 1710812003299 ms | PPG(Green=1799060, Red=1799060, Ir=1799060) | ACC(X=4.684730052948, Y=0.543677747249603, Z=8.42820262908936) | HR=77 bpm | IBI=0 ms | Participant=P02
293,IBI out of range,Row 293 | Timestamp: 1710812003338 ms | PPG(Green=1804935, Red=1804935, Ir=1804935) | ACC(X=4.61048316955566, Y=0.558048069477081, Z=8.53358554840088) | HR=77 bpm | IBI=0 ms | Participant=P02
294,IBI out of range,Row 294 | Timestamp: 1710812003378 ms | PPG(Green=1810171, Red=1810171, Ir=1810171) | ACC(X=4.48115015029907, Y=0.598764061927795, Z=8.25815391540527) | HR=78 bpm | IBI=0 ms | Participant=P02
295,IBI out of range,Row 295 | Timestamp: 1710812003419 ms | PPG(Green=1815042, Red=1815042, Ir=1815042) | ACC(X=4.62485361099243, Y=0.689776182174683, Z=8.74435043334961) | HR=79 bpm | IBI=0 ms | Participant=P02
296,IBI out of range,Row 296 | Timestamp: 1710812003459 ms | PPG(Green=1819703, Red=1819703, Ir=1819703) | ACC(X=4.56258201599121, Y=0.414344727993011, Z=8.43299293518066) | HR=79 bpm | IBI=0 ms | Participant=P02
297,IBI out of range,Row 297 | Timestamp: 1710812003499 ms | PPG(Green=1823910, Red=1823910, Ir=1823910) | ACC(X=4.52426099777222, Y=0.467035949230194, Z=8.49047374725342) | HR=79 bpm | IBI=0 ms | Participant=P02
298,IBI out of range,Row 298 | Timestamp: 1710812003539 ms | PPG(Green=1828030, Red=1828030, Ir=1828030) | ACC(X=4.43085384368896, Y=0.584393739700317, Z=8.7395601272583) | HR=79 bpm | IBI=0 ms | Participant=P02
299,IBI out of range,Row 299 | Timestamp: 1710812003579 ms | PPG(Green=1832057, Red=1832057, Ir=1832057) | ACC(X=4.5961127281189, Y=0.474221110343933, Z=8.80901622772217) | HR=79 bpm | IBI=0 ms | Participant=P02
300,IBI out of range,Row 300 | Timestamp: 1710812003615 ms | PPG(Green=1835924, Red=1835924, Ir=1835924) | ACC(X=4.5122857093811, Y=0.649060249328613, Z=8.9215841293335) | HR=79 bpm | IBI=0 ms | Participant=P02
301,IBI out of range,Row 301 | Timestamp: 1710812003655 ms | PPG(Green=1839358, Red=1839358, Ir=1839358) | ACC(X=4.45001459121704, Y=0.447875499725342, Z=8.8377571105957) | HR=79 bpm | IBI=0 ms | Participant=P02
302,IBI out of range,Row 302 | Timestamp: 1710812003696 ms | PPG(Green=1842776, Red=1842776, Ir=1842776) | ACC(X=4.38534784317017, Y=0.713726758956909, Z=8.90481853485107) | HR=80 bpm | IBI=0 ms | Participant=P02
303,IBI out of range,Row 303 | Timestamp: 1710812003735 ms | PPG(Green=1846068, Red=1846068, Ir=1846068) | ACC(X=4.42366886138916, Y=0.471826076507568, Z=8.71800422668457) | HR=80 bpm | IBI=0 ms | Participant=P02
304,IBI out of range,Row 304 | Timestamp: 1710812003776 ms | PPG(Green=1849692, Red=1849692, Ir=1849692) | ACC(X=4.42845869064331, Y=0.47661617398262, Z=8.84733772277832) | HR=80 bpm | IBI=0 ms | Participant=P02
305,IBI out of range,Row 305 | Timestamp: 1710812003816 ms | PPG(Green=1853723, Red=1853723, Ir=1853723) | ACC(X=4.43324899673462, Y=0.263456165790558, Z=8.86889266967773) | HR=80 bpm | IBI=0 ms | Participant=P02
306,IBI out of range,Row 306 | Timestamp: 1710812003856 ms | PPG(Green=1857297, Red=1857297, Ir=1857297) | ACC(X=4.3685827255249, Y=0.0622714608907699, Z=8.67010307312012) | HR=79 bpm | IBI=0 ms | Participant=P02
307,IBI out of range,Row 307 | Timestamp: 1710812003897 ms | PPG(Green=1860930, Red=1860930, Ir=1860930) | ACC(X=4.42127370834351, Y=0.225135281682014, Z=8.90481853485107) | HR=79 bpm | IBI=0 ms | Participant=P02
308,IBI out of range,Row 308 | Timestamp: 1710812003936 ms | PPG(Green=1864464, Red=1864464, Ir=1864464) | ACC(X=4.41887855529785, Y=-0.246690779924393, Z=8.68686866760254) | HR=80 bpm | IBI=0 ms | Participant=P02
309,IBI out of range,Row 309 | Timestamp: 1710812003976 ms | PPG(Green=1868137, Red=1868137, Ir=1868137) | ACC(X=4.40450811386108, Y=0.277826517820358, Z=8.98864555358887) | HR=80 bpm | IBI=0 ms | Participant=P02
310,IBI out of range,Row 310 | Timestamp: 1710812004016 ms | PPG(Green=1871888, Red=1871888, Ir=1871888) | ACC(X=4.39013814926147, Y=0.136518210172653, Z=8.97427558898926) | HR=81 bpm | IBI=0 ms | Participant=P02
311,IBI out of range,Row 311 | Timestamp: 1710812004056 ms | PPG(Green=1875402, Red=1875402, Ir=1875402) | ACC(X=4.39013814926147, Y=0.37362876534462, Z=8.99104118347168) | HR=81 bpm | IBI=0 ms | Participant=P02
312,IBI out of range,Row 312 | Timestamp: 1710812004097 ms | PPG(Green=1878950, Red=1878950, Ir=1878950) | ACC(X=4.31828641891479, Y=0.102987416088581, Z=8.89523887634277) | HR=81 bpm | IBI=0 ms | Participant=P02
313,IBI out of range,Row 313 | Timestamp: 1710812004137 ms | PPG(Green=1882368, Red=1882368, Ir=1882368) | ACC(X=4.29912567138672, Y=-0.289801806211472, Z=8.71081924438477) | HR=81 bpm | IBI=0 ms | Participant=P02
314,IBI out of range,Row 314 | Timestamp: 1710812004177 ms | PPG(Green=1885770, Red=1885770, Ir=1885770) | ACC(X=4.272780418396, Y=-0.153283596038818, Z=8.81141185760498) | HR=80 bpm | IBI=0 ms | Participant=P02
315,IBI out of range,Row 315 | Timestamp: 1710812004217 ms | PPG(Green=1888738, Red=1888738, Ir=1888738) | ACC(X=4.28715038299561, Y=-0.924491703510284, Z=8.61741256713867) | HR=80 bpm | IBI=0 ms | Participant=P02
316,IBI out of range,Row 316 | Timestamp: 1710812004257 ms | PPG(Green=1891411, Red=1891411, Ir=1891411) | ACC(X=4.28475570678711, Y=-0.898146092891693, Z=8.69884395599365) | HR=80 bpm | IBI=0 ms | Participant=P02
317,IBI out of range,Row 317 | Timestamp: 1710812004298 ms | PPG(Green=1892863, Red=1892863, Ir=1892863) | ACC(X=4.19613838195801, Y=-0.344888091087341, Z=8.98864555358887) | HR=80 bpm | IBI=0 ms | Participant=P02
318,IBI out of range,Row 318 | Timestamp: 1710812004337 ms | PPG(Green=1894599, Red=1894599, Ir=1894599) | ACC(X=4.27757024765015, Y=-0.625109672546387, Z=8.87607860565186) | HR=80 bpm | IBI=0 ms | Participant=P02
319,IBI out of range,Row 319 | Timestamp: 1710812004377 ms | PPG(Green=1896582, Red=1896582, Ir=1896582) | ACC(X=4.26080513000488, Y=-0.677800893783569, Z=8.88805389404297) | HR=81 bpm | IBI=0 ms | Participant=P02
320,IBI out of range,Row 320 | Timestamp: 1710812004417 ms | PPG(Green=1899308, Red=1899308, Ir=1899308) | ACC(X=4.29433584213257, Y=-0.644270122051239, Z=8.99822616577148) | HR=81 bpm | IBI=0 ms | Participant=P02
321,IBI out of range,Row 321 | Timestamp: 1710812004457 ms | PPG(Green=1901862, Red=1901862, Ir=1901862) | ACC(X=4.32786655426025, Y=-0.704146504402161, Z=8.98864555358887) | HR=81 bpm | IBI=0 ms | Participant=P02
322,IBI out of range,Row 322 | Timestamp: 1710812004498 ms | PPG(Green=1904344, Red=1904344, Ir=1904344) | ACC(X=4.272780418396, Y=-0.771208107471466, Z=8.9120044708252) | HR=80 bpm | IBI=0 ms | Participant=P02
323,IBI out of range,Row 323 | Timestamp: 1710812004537 ms | PPG(Green=1906796, Red=1906796, Ir=1906796) | ACC(X=4.25361967086792, Y=-0.74725753068924, Z=8.89044857025146) | HR=80 bpm | IBI=0 ms | Participant=P02
324,IBI out of range,Row 324 | Timestamp: 1710812004577 ms | PPG(Green=1909052, Red=1909052, Ir=1909052) | ACC(X=4.28954553604126, Y=-0.845454812049866, Z=8.80662155151367) | HR=79 bpm | IBI=0 ms | Participant=P02
325,IBI out of range,Row 325 | Timestamp: 1710812004618 ms | PPG(Green=1911176, Red=1911176, Ir=1911176) | ACC(X=4.22966909408569, Y=-0.759232819080353, Z=8.77309036254883) | HR=79 bpm | IBI=0 ms | Participant=P02
326,IBI out of range,Row 326 | Timestamp: 1710812004658 ms | PPG(Green=1913455, Red=1913455, Ir=1913455) | ACC(X=4.31110095977783, Y=-0.608344256877899, Z=8.77069568634033) | HR=79 bpm | IBI=0 ms | Participant=P02
327,IBI out of range,Row 327 | Timestamp: 1710812004699 ms | PPG(Green=1915632, Red=1915632, Ir=1915632) | ACC(X=4.26080513000488, Y=-0.835874617099762, Z=8.71321487426758) | HR=80 bpm | IBI=0 ms | Participant=P02
328,IBI out of range,Row 328 | Timestamp: 1710812004738 ms | PPG(Green=1917892, Red=1917892, Ir=1917892) | ACC(X=4.19613838195801, Y=-0.629899799823761, Z=8.48328876495361) | HR=80 bpm | IBI=0 ms | Participant=P02
329,IBI out of range,Row 329 | Timestamp: 1710812004778 ms | PPG(Green=1920017, Red=1920017, Ir=1920017) | ACC(X=4.22966909408569, Y=-0.646665155887604, Z=8.50244903564453) | HR=80 bpm | IBI=0 ms | Participant=P02
330,IBI out of range,Row 330 | Timestamp: 1710812004818 ms | PPG(Green=1922397, Red=1922397, Ir=1922397) | ACC(X=4.25361967086792, Y=-0.708936631679535, Z=8.37790679931641) | HR=79 bpm | IBI=0 ms | Participant=P02
331,IBI out of range,Row 331 | Timestamp: 1710812004858 ms | PPG(Green=1924491, Red=1924491, Ir=1924491) | ACC(X=4.33026170730591, Y=-0.754442691802979, Z=8.31084537506104) | HR=79 bpm | IBI=0 ms | Participant=P02
332,IBI out of range,Row 332 | Timestamp: 1710812004899 ms | PPG(Green=1926448, Red=1926448, Ir=1926448) | ACC(X=4.48354530334473, Y=-0.558048069477081, Z=8.10966014862061) | HR=79 bpm | IBI=0 ms | Participant=P02
333,IBI out of range,Row 333 | Timestamp: 1710812004938 ms | PPG(Green=1928206, Red=1928206, Ir=1928206) | ACC(X=4.51468086242676, Y=-0.397579312324524, Z=7.58035278320313) | HR=79 bpm | IBI=0 ms | Participant=P02
334,IBI out of range,Row 334 | Timestamp: 1710812004979 ms | PPG(Green=1929152, Red=1929152, Ir=1929152) | ACC(X=4.79969263076782, Y=-0.754442691802979, Z=7.43185949325562) | HR=80 bpm | IBI=0 ms | Participant=P02
335,IBI out of range,Row 335 | Timestamp: 1710812005019 ms | PPG(Green=1929987, Red=1929987, Ir=1929987) | ACC(X=5.0535683631897, Y=-1.1520220041275, Z=7.05104541778564) | HR=80 bpm | IBI=0 ms | Participant=P02
336,IBI out of range,Row 336 | Timestamp: 1710812005059 ms | PPG(Green=1930756, Red=1930756, Ir=1930756) | ACC(X=5.29307413101196, Y=-3.22374558448792, Z=6.6031699180603) | HR=80 bpm | IBI=0 ms | Participant=P02
337,IBI out of range,Row 337 | Timestamp: 1710812005100 ms | PPG(Green=1931417, Red=1931417, Ir=1931417) | ACC(X=5.44875288009644, Y=-3.74826288223267, Z=6.09781312942505) | HR=80 bpm | IBI=0 ms | Participant=P02
338,IBI out of range,Row 338 | Timestamp: 1710812005139 ms | PPG(Green=1931922, Red=1931922, Ir=1931922) | ACC(X=5.7409496307373, Y=-3.87041091918945, Z=6.63909578323364) | HR=80 bpm | IBI=0 ms | Participant=P02
339,IBI out of range,Row 339 | Timestamp: 1710812005179 ms | PPG(Green=1932027, Red=1932027, Ir=1932027) | ACC(X=5.80322122573853, Y=-3.03453612327576, Z=5.99243068695068) | HR=80 bpm | IBI=0 ms | Participant=P02
340,IBI out of range,Row 340 | Timestamp: 1710812005219 ms | PPG(Green=1932156, Red=1932156, Ir=1932156) | ACC(X=6.53131818771362, Y=-3.93507742881775, Z=6.23193597793579) | HR=79 bpm | IBI=0 ms | Participant=P02
341,IBI out of range,Row 341 | Timestamp: 1710812005259 ms | PPG(Green=1931918, Red=1931918, Ir=1931918) | ACC(X=6.63430547714233, Y=-3.27883195877075, Z=5.92536878585815) | HR=80 bpm | IBI=0 ms | Participant=P02
342,IBI out of range,Row 342 | Timestamp: 1710812005300 ms | PPG(Green=1931361, Red=1931361, Ir=1931361) | ACC(X=7.01751470565796, Y=-2.75670957565308, Z=5.53257989883423) | HR=80 bpm | IBI=0 ms | Participant=P02
343,IBI out of range,Row 343 | Timestamp: 1710812005340 ms | PPG(Green=1931163, Red=1931163, Ir=1931163) | ACC(X=7.94200611114502, Y=-3.63569521903992, Z=5.51341915130615) | HR=81 bpm | IBI=0 ms | Participant=P02
344,IBI out of range,Row 344 | Timestamp: 1710812005380 ms | PPG(Green=1931287, Red=1931287, Ir=1931287) | ACC(X=8.62220191955566, Y=-3.84646034240723, Z=4.6416187286377) | HR=80 bpm | IBI=0 ms | Participant=P02
345,IBI out of range,Row 345 | Timestamp: 1710812005420 ms | PPG(Green=1931425, Red=1931425, Ir=1931425) | ACC(X=9.34071922302246, Y=-5.47749328613281, Z=4.74939632415771) | HR=80 bpm | IBI=0 ms | Participant=P02
346,IBI out of range,Row 346 | Timestamp: 1710812005460 ms | PPG(Green=1931205, Red=1931205, Ir=1931205) | ACC(X=9.51555824279785, Y=-4.61048316955566, Z=4.78532218933105) | HR=80 bpm | IBI=0 ms | Participant=P02
347,IBI out of range,Row 347 | Timestamp: 1710812005501 ms | PPG(Green=1930463, Red=1930463, Ir=1930463) | ACC(X=9.49160766601562, Y=-3.17584443092346, Z=4.81885290145874) | HR=80 bpm | IBI=0 ms | Participant=P02
348,IBI out of range,Row 348 | Timestamp: 1710812005540 ms | PPG(Green=1929661, Red=1929661, Ir=1929661) | ACC(X=9.53471851348877, Y=-3.32194304466248, Z=4.20571851730347) | HR=80 bpm | IBI=0 ms | Participant=P02
349,IBI out of range,Row 349 | Timestamp: 1710812005580 ms | PPG(Green=1928516, Red=1928516, Ir=1928516) | ACC(X=9.06289291381836, Y=-4.28236055374146, Z=3.09441256523132) | HR=81 bpm | IBI=0 ms | Participant=P02
350,IBI out of range,Row 350 | Timestamp: 1710812005620 ms | PPG(Green=1926437, Red=1926437, Ir=1926437) | ACC(X=9.13474464416504, Y=-3.80813932418823, Z=2.70401835441589) | HR=81 bpm | IBI=0 ms | Participant=P02
351,IBI out of range,Row 351 | Timestamp: 1710812005660 ms | PPG(Green=1923138, Red=1923138, Ir=1923138) | ACC(X=9.17306518554688, Y=-3.28841209411621, Z=2.43577218055725) | HR=81 bpm | IBI=0 ms | Participant=P02
352,IBI out of range,Row 352 | Timestamp: 1710812005701 ms | PPG(Green=1919181, Red=1919181, Ir=1919181) | ACC(X=9.16108989715576, Y=-3.32194304466248, Z=2.2082417011261) | HR=81 bpm | IBI=0 ms | Participant=P02
353,IBI out of range,Row 353 | Timestamp: 1710812005741 ms | PPG(Green=1915234, Red=1915234, Ir=1915234) | ACC(X=9.24012660980225, Y=-3.35068368911743, Z=2.12201976776123) | HR=81 bpm | IBI=0 ms | Participant=P02
354,IBI out of range,Row 354 | Timestamp: 1710812005781 ms | PPG(Green=1912001, Red=1912001, Ir=1912001) | ACC(X=9.1898307800293, Y=-3.40097975730896, Z=1.9567608833313) | HR=80 bpm | IBI=0 ms | Participant=P02
355,IBI out of range,Row 355 | Timestamp: 1710812005821 ms | PPG(Green=1909563, Red=1909563, Ir=1909563) | ACC(X=9.17306518554688, Y=-3.34349846839905, Z=1.78192186355591) | HR=80 bpm | IBI=0 ms | Participant=P02
356,IBI out of range,Row 356 | Timestamp: 1710812005861 ms | PPG(Green=1907955, Red=1907955, Ir=1907955) | ACC(X=9.13234901428223, Y=-3.30517745018005, Z=1.79150199890137) | HR=80 bpm | IBI=0 ms | Participant=P02
357,IBI out of range,Row 357 | Timestamp: 1710812005902 ms | PPG(Green=1906209, Red=1906209, Ir=1906209) | ACC(X=9.06528759002686, Y=-3.12554836273193, Z=1.74360084533691) | HR=79 bpm | IBI=0 ms | Participant=P02
358,IBI out of range,Row 358 | Timestamp: 1710812005941 ms | PPG(Green=1904190, Red=1904190, Ir=1904190) | ACC(X=9.00541114807129, Y=-2.99382019042969, Z=1.7052800655365) | HR=79 bpm | IBI=0 ms | Participant=P02
359,IBI out of range,Row 359 | Timestamp: 1710812005981 ms | PPG(Green=1901730, Red=1901730, Ir=1901730) | ACC(X=9.1012134552002, Y=-2.83814167976379, Z=1.63103330135345) | HR=79 bpm | IBI=0 ms | Participant=P02
360,IBI out of range,Row 360 | Timestamp: 1710812006021 ms | PPG(Green=1899393, Red=1899393, Ir=1899393) | ACC(X=9.16108989715576, Y=-2.84772181510925, Z=1.75557613372803) | HR=78 bpm | IBI=0 ms | Participant=P02
361,IBI out of range,Row 361 | Timestamp: 1710812006061 ms | PPG(Green=1897226, Red=1897226, Ir=1897226) | ACC(X=9.12037372589111, Y=-2.96507954597473, Z=1.85137844085693) | HR=78 bpm | IBI=0 ms | Participant=P02
362,IBI out of range,Row 362 | Timestamp: 1710812006102 ms | PPG(Green=1895448, Red=1895448, Ir=1895448) | ACC(X=9.04612731933594, Y=-3.04890656471252, Z=1.91843998432159) | HR=78 bpm | IBI=0 ms | Participant=P02
363,IBI out of range,Row 363 | Timestamp: 1710812006142 ms | PPG(Green=1894111, Red=1894111, Ir=1894111) | ACC(X=8.99583148956299, Y=-2.93154883384705, Z=2.02382254600525) | HR=77 bpm | IBI=0 ms | Participant=P02
364,IBI out of range,Row 364 | Timestamp: 1710812006182 ms | PPG(Green=1893144, Red=1893144, Ir=1893144) | ACC(X=9.20180606842041, Y=-2.61779642105103, Z=2.05735325813293) | HR=77 bpm | IBI=0 ms | Participant=P02
365,IBI out of range,Row 365 | Timestamp: 1710812006222 ms | PPG(Green=1892836, Red=1892836, Ir=1892836) | ACC(X=9.1012134552002, Y=-2.53875946998596, Z=2.16752576828003) | HR=77 bpm | IBI=0 ms | Participant=P02
366,IBI out of range,Row 366 | Timestamp: 1710812006262 ms | PPG(Green=1892345, Red=1892345, Ir=1892345) | ACC(X=8.82578182220459, Y=-2.7806601524353, Z=1.9759213924408) | HR=77 bpm | IBI=0 ms | Participant=P02
367,IBI out of range,Row 367 | Timestamp: 1710812006303 ms | PPG(Green=1891009, Red=1891009, Ir=1891009) | ACC(X=8.88805389404297, Y=-2.92436361312866, Z=1.88251411914825) | HR=77 bpm | IBI=0 ms | Participant=P02
368,IBI out of range,Row 368 | Timestamp: 1710812006342 ms | PPG(Green=1887208, Red=1887208, Ir=1887208) | ACC(X=8.97188091278076, Y=-2.99621534347534, Z=1.81545257568359) | HR=77 bpm | IBI=0 ms | Participant=P02
369,IBI out of range,Row 369 | Timestamp: 1710812006382 ms | PPG(Green=1882145, Red=1882145, Ir=1882145) | ACC(X=9.06289291381836, Y=-3.0513014793396, Z=1.72444045543671) | HR=77 bpm | IBI=0 ms | Participant=P02
370,IBI out of range,Row 370 | Timestamp: 1710812006422 ms | PPG(Green=1877867, Red=1877867, Ir=1877867) | ACC(X=9.03894233703613, Y=-3.17344951629639, Z=1.59989750385284) | HR=77 bpm | IBI=0 ms | Participant=P02
371,IBI out of range,Row 371 | Timestamp: 1710812006462 ms | PPG(Green=1874456, Red=1874456, Ir=1874456) | ACC(X=8.81380653381348, Y=-3.1926097869873, Z=1.55439150333405) | HR=76 bpm | IBI=0 ms | Participant=P02
372,IBI out of range,Row 372 | Timestamp: 1710812006503 ms | PPG(Green=1872054, Red=1872054, Ir=1872054) | ACC(X=8.94553470611572, Y=-3.24051094055176, Z=1.43463861942291) | HR=75 bpm | IBI=0 ms | Participant=P02
373,IBI out of range,Row 373 | Timestamp: 1710812006543 ms | PPG(Green=1870096, Red=1870096, Ir=1870096) | ACC(X=8.72279453277588, Y=-3.23572087287903, Z=1.38913261890411) | HR=75 bpm | IBI=0 ms | Participant=P02
374,IBI out of range,Row 374 | Timestamp: 1710812006583 ms | PPG(Green=1867957, Red=1867957, Ir=1867957) | ACC(X=9.19222545623779, Y=-3.24290609359741, Z=1.16639232635498) | HR=75 bpm | IBI=0 ms | Participant=P02
375,IBI out of range,Row 375 | Timestamp: 1710812006623 ms | PPG(Green=1865451, Red=1865451, Ir=1865451) | ACC(X=9.558669090271, Y=-3.30278253555298, Z=1.14723193645477) | HR=75 bpm | IBI=0 ms | Participant=P02
376,IBI out of range,Row 376 | Timestamp: 1710812006663 ms | PPG(Green=1862425, Red=1862425, Ir=1862425) | ACC(X=9.61375522613525, Y=-3.57102870941162, Z=1.21429347991943) | HR=76 bpm | IBI=0 ms | Participant=P02
377,IBI out of range,Row 377 | Timestamp: 1710812006704 ms | PPG(Green=1858913, Red=1858913, Ir=1858913) | ACC(X=9.25210189819336, Y=-3.67401623725891, Z=1.28614521026611) | HR=77 bpm | IBI=0 ms | Participant=P02
378,IBI out of range,Row 378 | Timestamp: 1710812006743 ms | PPG(Green=1856074, Red=1856074, Ir=1856074) | ACC(X=9.08444786071777, Y=-3.62611508369446, Z=1.40110790729523) | HR=77 bpm | IBI=0 ms | Participant=P02
379,IBI out of range,Row 379 | Timestamp: 1710812006783 ms | PPG(Green=1854236, Red=1854236, Ir=1854236) | ACC(X=9.11079406738281, Y=-3.24290609359741, Z=1.80587232112884) | HR=76 bpm | IBI=0 ms | Participant=P02
380,IBI out of range,Row 380 | Timestamp: 1710812006823 ms | PPG(Green=1853248, Red=1853248, Ir=1853248) | ACC(X=9.40059566497803, Y=-3.2117702960968, Z=1.62145304679871) | HR=76 bpm | IBI=0 ms | Participant=P02
381,IBI out of range,Row 381 | Timestamp: 1710812006864 ms | PPG(Green=1852509, Red=1852509, Ir=1852509) | ACC(X=9.50118827819824, Y=-3.05369663238525, Z=1.47295951843262) | HR=75 bpm | IBI=0 ms | Participant=P02
382,IBI out of range,Row 382 | Timestamp: 1710812006904 ms | PPG(Green=1851283, Red=1851283, Ir=1851283) | ACC(X=9.48442268371582, Y=-3.12315320968628, Z=1.22626876831055) | HR=75 bpm | IBI=0 ms | Participant=P02
383,IBI out of range,Row 383 | Timestamp: 1710812006944 ms | PPG(Green=1849883, Red=1849883, Ir=1849883) | ACC(X=9.25689220428467, Y=-3.2500913143158, Z=1.04663956165314) | HR=76 bpm | IBI=0 ms | Participant=P02
384,IBI out of range,Row 384 | Timestamp: 1710812006984 ms | PPG(Green=1846810, Red=1846810, Ir=1846810) | ACC(X=9.31197834014893, Y=-3.34828853607178, Z=0.958022475242615) | HR=76 bpm | IBI=0 ms | Participant=P02
385,IBI out of range,Row 385 | Timestamp: 1710812007024 ms | PPG(Green=1841354, Red=1841354, Ir=1841354) | ACC(X=9.31916332244873, Y=-3.42014026641846, Z=1.04424452781677) | HR=77 bpm | IBI=0 ms | Participant=P02
386,IBI out of range,Row 386 | Timestamp: 1710812007064 ms | PPG(Green=1835643, Red=1835643, Ir=1835643) | ACC(X=9.32634925842285, Y=-3.43451046943665, Z=0.958022475242615) | HR=78 bpm | IBI=0 ms | Participant=P02
387,IBI out of range,Row 387 | Timestamp: 1710812007105 ms | PPG(Green=1831009, Red=1831009, Ir=1831009) | ACC(X=9.15390491485596, Y=-3.29559731483459, Z=1.13525664806366) | HR=77 bpm | IBI=0 ms | Participant=P02
388,IBI out of range,Row 388 | Timestamp: 1710812007145 ms | PPG(Green=1827749, Red=1827749, Ir=1827749) | ACC(X=9.03654670715332, Y=-3.23572087287903, Z=1.09693574905396) | HR=76 bpm | IBI=0 ms | Participant=P02
389,IBI out of range,Row 389 | Timestamp: 1710812007184 ms | PPG(Green=1825823, Red=1825823, Ir=1825823) | ACC(X=9.00301647186279, Y=-3.20698022842407, Z=1.08256542682648) | HR=76 bpm | IBI=0 ms | Participant=P02
390,IBI out of range,Row 390 | Timestamp: 1710812007225 ms | PPG(Green=1824255, Red=1824255, Ir=1824255) | ACC(X=9.00541114807129, Y=-3.23572087287903, Z=1.00831866264343) | HR=76 bpm | IBI=0 ms | Participant=P02
391,IBI out of range,Row 391 | Timestamp: 1710812007265 ms | PPG(Green=1821953, Red=1821953, Ir=1821953) | ACC(X=9.06049728393555, Y=-3.2500913143158, Z=1.0035285949707) | HR=76 bpm | IBI=0 ms | Participant=P02
392,IBI out of range,Row 392 | Timestamp: 1710812007306 ms | PPG(Green=1819176, Red=1819176, Ir=1819176) | ACC(X=9.16108989715576, Y=-3.2117702960968, Z=1.06579995155334) | HR=77 bpm | IBI=0 ms | Participant=P02
393,IBI out of range,Row 393 | Timestamp: 1710812007345 ms | PPG(Green=1816418, Red=1816418, Ir=1816418) | ACC(X=9.25689220428467, Y=-3.15907907485962, Z=1.0035285949707) | HR=78 bpm | IBI=0 ms | Participant=P02
394,IBI out of range,Row 394 | Timestamp: 1710812007385 ms | PPG(Green=1813992, Red=1813992, Ir=1813992) | ACC(X=9.43173122406006, Y=-3.13512849807739, Z=1.03466427326202) | HR=78 bpm | IBI=0 ms | Participant=P02
395,IBI out of range,Row 395 | Timestamp: 1710812007425 ms | PPG(Green=1812219, Red=1812219, Ir=1812219) | ACC(X=9.43891620635986, Y=-3.08243727684021, Z=0.998738408088684) | HR=78 bpm | IBI=0 ms | Participant=P02
396,IBI out of range,Row 396 | Timestamp: 1710812007466 ms | PPG(Green=1810729, Red=1810729, Ir=1810729) | ACC(X=9.2784481048584, Y=-3.04651141166687, Z=0.948442220687866) | HR=78 bpm | IBI=0 ms | Participant=P02
397,IBI out of range,Row 397 | Timestamp: 1710812007506 ms | PPG(Green=1809440, Red=1809440, Ir=1809440) | ACC(X=9.1946210861206, Y=-3.03693127632141, Z=0.790368556976318) | HR=78 bpm | IBI=0 ms | Participant=P02
398,IBI out of range,Row 398 | Timestamp: 1710812007546 ms | PPG(Green=1808454, Red=1808454, Ir=1808454) | ACC(X=9.12755870819092, Y=-2.95070934295654, Z=0.910121321678162) | HR=77 bpm | IBI=0 ms | Participant=P02
399,IBI out of range,Row 399 | Timestamp: 1710812007586 ms | PPG(Green=1807436, Red=1807436, Ir=1807436) | ACC(X=9.06768226623535, Y=-2.960289478302, Z=0.85024493932724) | HR=78 bpm | IBI=0 ms | Participant=P02
400,IBI out of range,Row 400 | Timestamp: 1710812007626 ms | PPG(Green=1806418, Red=1806418, Ir=1806418) | ACC(X=8.99343585968018, Y=-3.02974605560303, Z=0.795158624649048) | HR=78 bpm | IBI=0 ms | Participant=P02
401,IBI out of range,Row 401 | Timestamp: 1710812007666 ms | PPG(Green=1802698, Red=1802698, Ir=1802698) | ACC(X=9.13234901428223, Y=-3.13991856575012, Z=0.799948751926422) | HR=79 bpm | IBI=0 ms | Participant=P02
402,IBI out of range,Row 402 | Timestamp: 1710812007707 ms | PPG(Green=1797609, Red=1797609, Ir=1797609) | ACC(X=9.21617603302002, Y=-3.28362202644348, Z=0.900541126728058) | HR=79 bpm | IBI=0 ms | Participant=P02
403,IBI out of range,Row 403 | Timestamp: 1710812007746 ms | PPG(Green=1793217, Red=1793217, Ir=1793217) | ACC(X=9.23533630371094, Y=-3.28841209411621, Z=0.869405388832092) | HR=79 bpm | IBI=0 ms | Participant=P02
404,IBI out of range,Row 404 | Timestamp: 1710812007786 ms | PPG(Green=1790196, Red=1790196, Ir=1790196) | ACC(X=9.22336101531982, Y=-3.34110331535339, Z=0.924491703510284) | HR=79 bpm | IBI=0 ms | Participant=P02
405,IBI out of range,Row 405 | Timestamp: 1710812007827 ms | PPG(Green=1788379, Red=1788379, Ir=1788379) | ACC(X=9.21857166290283, Y=-3.38900446891785, Z=0.936466991901398) | HR=79 bpm | IBI=0 ms | Participant=P02
406,IBI out of range,Row 406 | Timestamp: 1710812007867 ms | PPG(Green=1787405, Red=1787405, Ir=1787405) | ACC(X=9.44370651245117, Y=-3.48480677604675, Z=0.95323234796524) | HR=79 bpm | IBI=0 ms | Participant=P02
407,IBI out of range,Row 407 | Timestamp: 1710812007908 ms | PPG(Green=1786196, Red=1786196, Ir=1786196) | ACC(X=9.44131183624268, Y=-3.53510284423828, Z=0.962812602519989) | HR=80 bpm | IBI=0 ms | Participant=P02
408,IBI out of range,Row 408 | Timestamp: 1710812007947 ms | PPG(Green=1784331, Red=1784331, Ir=1784331) | ACC(X=9.26647281646728, Y=-3.54468321800232, Z=1.07538020610809) | HR=80 bpm | IBI=0 ms | Participant=P02
409,IBI out of range,Row 409 | Timestamp: 1710812007987 ms | PPG(Green=1782049, Red=1782049, Ir=1782049) | ACC(X=9.16588020324707, Y=-3.40816497802734, Z=1.13286161422729) | HR=81 bpm | IBI=0 ms | Participant=P02
410,IBI out of range,Row 410 | Timestamp: 1710812008027 ms | PPG(Green=1780363, Red=1780363, Ir=1780363) | ACC(X=9.21857166290283, Y=-3.43930077552795, Z=1.13046646118164) | HR=81 bpm | IBI=0 ms | Participant=P02
411,IBI out of range,Row 411 | Timestamp: 1710812008067 ms | PPG(Green=1779014, Red=1779014, Ir=1779014) | ACC(X=9.22815132141113, Y=-3.36505389213562, Z=1.21189844608307) | HR=81 bpm | IBI=0 ms | Participant=P02
412,IBI out of range,Row 412 | Timestamp: 1710812008108 ms | PPG(Green=1777965, Red=1777965, Ir=1777965) | ACC(X=9.19222545623779, Y=-3.34589338302612, Z=1.22626876831055) | HR=81 bpm | IBI=0 ms | Participant=P02
413,IBI out of range,Row 413 | Timestamp: 1710812008148 ms | PPG(Green=1777466, Red=1777466, Ir=1777466) | ACC(X=9.34790420532227, Y=-3.22614073753357, Z=1.274169921875) | HR=80 bpm | IBI=0 ms | Participant=P02
414,IBI out of range,Row 414 | Timestamp: 1710812008188 ms | PPG(Green=1777302, Red=1777302, Ir=1777302) | ACC(X=9.39820003509522, Y=-3.24530124664307, Z=1.27656495571136) | HR=80 bpm | IBI=0 ms | Participant=P02
415,IBI out of range,Row 415 | Timestamp: 1710812008228 ms | PPG(Green=1777197, Red=1777197, Ir=1777197) | ACC(X=9.28323745727539, Y=-3.2309308052063, Z=1.28135502338409) | HR=80 bpm | IBI=0 ms | Participant=P02
416,IBI out of range,Row 416 | Timestamp: 1710812008268 ms | PPG(Green=1776878, Red=1776878, Ir=1776878) | ACC(X=9.20899105072022, Y=-3.09441256523132, Z=1.274169921875) | HR=81 bpm | IBI=0 ms | Participant=P02
417,IBI out of range,Row 417 | Timestamp: 1710812008309 ms | PPG(Green=1775806, Red=1775806, Ir=1775806) | ACC(X=9.16827487945557, Y=-3.00819063186646, Z=1.15441703796387) | HR=81 bpm | IBI=0 ms | Participant=P02
418,IBI out of range,Row 418 | Timestamp: 1710812008348 ms | PPG(Green=1772478, Red=1772478, Ir=1772478) | ACC(X=9.17306518554688, Y=-2.93633890151978, Z=1.1137011051178) | HR=82 bpm | IBI=0 ms | Participant=P02
419,IBI out of range,Row 419 | Timestamp: 1710812008388 ms | PPG(Green=1768635, Red=1768635, Ir=1768635) | ACC(X=9.14432430267334, Y=-2.8644871711731, Z=1.07538020610809) | HR=82 bpm | IBI=0 ms | Participant=P02
420,IBI out of range,Row 420 | Timestamp: 1710812008429 ms | PPG(Green=1765984, Red=1765984, Ir=1765984) | ACC(X=9.12276935577393, Y=-2.90759825706482, Z=0.917306542396545) | HR=82 bpm | IBI=0 ms | Participant=P02
421,IBI out of range,Row 421 | Timestamp: 1710812008469 ms | PPG(Green=1764552, Red=1764552, Ir=1764552) | ACC(X=9.15869522094727, Y=-2.9411289691925, Z=0.931676864624023) | HR=81 bpm | IBI=0 ms | Participant=P02
422,IBI out of range,Row 422 | Timestamp: 1710812008510 ms | PPG(Green=1763782, Red=1763782, Ir=1763782) | ACC(X=9.08205318450928, Y=-2.89322781562805, Z=1.00831866264343) | HR=80 bpm | IBI=0 ms | Participant=P02
423,IBI out of range,Row 423 | Timestamp: 1710812008549 ms | PPG(Green=1763646, Red=1763646, Ir=1763646) | ACC(X=9.10360813140869, Y=-2.87646245956421, Z=1.16160225868225) | HR=80 bpm | IBI=0 ms | Participant=P02
424,IBI out of range,Row 424 | Timestamp: 1710812008589 ms | PPG(Green=1763061, Red=1763061, Ir=1763061) | ACC(X=9.18025016784668, Y=-2.95310425758362, Z=1.34123146533966) | HR=79 bpm | IBI=0 ms | Participant=P02
425,IBI out of range,Row 425 | Timestamp: 1710812008629 ms | PPG(Green=1761880, Red=1761880, Ir=1761880) | ACC(X=9.2880277633667, Y=-3.15668416023254, Z=1.57355189323425) | HR=79 bpm | IBI=0 ms | Participant=P02
426,IBI out of range,Row 426 | Timestamp: 1710812008669 ms | PPG(Green=1760230, Red=1760230, Ir=1760230) | ACC(X=9.15390491485596, Y=-3.36026382446289, Z=1.55918157100677) | HR=80 bpm | IBI=0 ms | Participant=P02
427,IBI out of range,Row 427 | Timestamp: 1710812008710 ms | PPG(Green=1758923, Red=1758923, Ir=1758923) | ACC(X=9.28323745727539, Y=-3.58779406547546, Z=1.5256507396698) | HR=80 bpm | IBI=0 ms | Participant=P02
428,IBI out of range,Row 428 | Timestamp: 1710812008750 ms | PPG(Green=1757825, Red=1757825, Ir=1757825) | ACC(X=9.51795291900635, Y=-4.44761943817139, Z=1.34362649917603) | HR=81 bpm | IBI=0 ms | Participant=P02
429,IBI out of range,Row 429 | Timestamp: 1710812008790 ms | PPG(Green=1757233, Red=1757233, Ir=1757233) | ACC(X=10.2364702224731, Y=-6.03554153442383, Z=1.31728088855743) | HR=81 bpm | IBI=0 ms | Participant=P02
430,IBI out of range,Row 430 | Timestamp: 1710812008830 ms | PPG(Green=1756505, Red=1756505, Ir=1756505) | ACC(X=10.1215076446533, Y=-6.86902093887329, Z=1.82024264335632) | HR=80 bpm | IBI=0 ms | Participant=P02
431,IBI out of range,Row 431 | Timestamp: 1710812008870 ms | PPG(Green=1755238, Red=1755238, Ir=1755238) | ACC(X=10.4616050720215, Y=-8.82338714599609, Z=1.38913261890411) | HR=80 bpm | IBI=0 ms | Participant=P02
432,IBI out of range,Row 432 | Timestamp: 1710812008911 ms | PPG(Green=1753146, Red=1753146, Ir=1753146) | ACC(X=9.13953399658203, Y=-9.39101505279541, Z=2.1627357006073) | HR=79 bpm | IBI=0 ms | Participant=P02
433,IBI out of range,Row 433 | Timestamp: 1710812008950 ms | PPG(Green=1751427, Red=1751427, Ir=1751427) | ACC(X=8.99583148956299, Y=-10.2508401870728, Z=1.39631772041321) | HR=79 bpm | IBI=0 ms | Participant=P02
434,IBI out of range,Row 434 | Timestamp: 1710812008990 ms | PPG(Green=1749062, Red=1749062, Ir=1749062) | ACC(X=7.66657495498657, Y=-10.0640258789063, Z=1.24542927742004) | HR=79 bpm | IBI=0 ms | Participant=P02
435,IBI out of range,Row 435 | Timestamp: 1710812009031 ms | PPG(Green=1747114, Red=1747114, Ir=1747114) | ACC(X=6.84507036209106, Y=-9.932297706604, Z=1.61426782608032) | HR=79 bpm | IBI=0 ms | Participant=P02
436,IBI out of range,Row 436 | Timestamp: 1710812009071 ms | PPG(Green=1746863, Red=1746863, Ir=1746863) | ACC(X=5.8702826499939, Y=-8.93116474151611, Z=1.43942880630493) | HR=79 bpm | IBI=0 ms | Participant=P02
437,IBI out of range,Row 437 | Timestamp: 1710812009112 ms | PPG(Green=1747816, Red=1747816, Ir=1747816) | ACC(X=4.4667797088623, Y=-6.59119462966919, Z=1.20710825920105) | HR=80 bpm | IBI=0 ms | Participant=P02
438,IBI out of range,Row 438 | Timestamp: 1710812009151 ms | PPG(Green=1750377, Red=1750377, Ir=1750377) | ACC(X=3.56144857406616, Y=-7.45101976394653, Z=0.924491703510284) | HR=79 bpm | IBI=0 ms | Participant=P02
439,IBI out of range,Row 439 | Timestamp: 1710812009191 ms | PPG(Green=1754310, Red=1754310, Ir=1754310) | ACC(X=2.69683337211609, Y=-6.61275005340576, Z=0.759232819080353) | HR=79 bpm | IBI=0 ms | Participant=P02
440,IBI out of range,Row 440 | Timestamp: 1710812009231 ms | PPG(Green=1761059, Red=1761059, Ir=1761059) | ACC(X=1.068195104599, Y=-4.96495151519775, Z=1.4418238401413) | HR=78 bpm | IBI=0 ms | Participant=P02
441,IBI out of range,Row 441 | Timestamp: 1710812009271 ms | PPG(Green=1772184, Red=1772184, Ir=1772184) | ACC(X=0.627504706382751, Y=-6.39719486236572, Z=3.19021487236023) | HR=78 bpm | IBI=0 ms | Participant=P02
442,IBI out of range,Row 442 | Timestamp: 1710812009312 ms | PPG(Green=1786438, Red=1786438, Ir=1786438) | ACC(X=-0.0526912361383438, Y=-2.99621534347534, Z=4.7302360534668) | HR=78 bpm | IBI=0 ms | Participant=P02
443,IBI out of range,Row 443 | Timestamp: 1710812009352 ms | PPG(Green=1802189, Red=1802189, Ir=1802189) | ACC(X=-0.641875028610229, Y=-5.67628335952759, Z=4.10512638092041) | HR=78 bpm | IBI=0 ms | Participant=P02
444,IBI out of range,Row 444 | Timestamp: 1710812009392 ms | PPG(Green=1818703, Red=1818703, Ir=1818703) | ACC(X=0.0622714608907699, Y=-8.18151187896729, Z=5.56132030487061) | HR=78 bpm | IBI=0 ms | Participant=P02
445,IBI out of range,Row 445 | Timestamp: 1710812009432 ms | PPG(Green=1844140, Red=1844140, Ir=1844140) | ACC(X=0.900541126728058, Y=-8.94553470611572, Z=4.40929841995239) | HR=78 bpm | IBI=0 ms | Participant=P02
446,IBI out of range,Row 446 | Timestamp: 1710812009472 ms | PPG(Green=1866004, Red=1866004, Ir=1866004) | ACC(X=1.1137011051178, Y=-9.7382984161377, Z=1.51128041744232) | HR=78 bpm | IBI=0 ms | Participant=P02
447,IBI out of range,Row 447 | Timestamp: 1710812009513 ms | PPG(Green=1891639, Red=1891639, Ir=1891639) | ACC(X=1.17597258090973, Y=-9.59699058532715, Z=1.27656495571136) | HR=78 bpm | IBI=0 ms | Participant=P02
448,IBI out of range,Row 448 | Timestamp: 1710812009552 ms | PPG(Green=1914216, Red=1914216, Ir=1914216) | ACC(X=0.814319133758545, Y=-9.88918685913086, Z=-1.14244174957275) | HR=77 bpm | IBI=0 ms | Participant=P02
449,IBI out of range,Row 449 | Timestamp: 1710812009592 ms | PPG(Green=1942094, Red=1942094, Ir=1942094) | ACC(X=0.629899799823761, Y=-9.00541114807129, Z=-1.08496046066284) | HR=77 bpm | IBI=0 ms | Participant=P02
450,IBI out of range,Row 450 | Timestamp: 1710812009632 ms | PPG(Green=1941363, Red=1941363, Ir=1941363) | ACC(X=-0.299382030963898, Y=-6.71813249588013, Z=-2.44774746894836) | HR=76 bpm | IBI=0 ms | Participant=P02
451,IBI out of range,Row 451 | Timestamp: 1710812009672 ms | PPG(Green=1942304, Red=1942304, Ir=1942304) | ACC(X=0.258666068315506, Y=-6.24151659011841, Z=-0.244295731186867) | HR=76 bpm | IBI=0 ms | Participant=P02
452,IBI out of range,Row 452 | Timestamp: 1710812009713 ms | PPG(Green=1948362, Red=1948362, Ir=1948362) | ACC(X=1.31728088855743, Y=-7.34324216842651, Z=-1.2166885137558) | HR=76 bpm | IBI=0 ms | Participant=P02
453,IBI out of range,Row 453 | Timestamp: 1710812009752 ms | PPG(Green=1955065, Red=1955065, Ir=1955065) | ACC(X=2.79503059387207, Y=-10.1957540512085, Z=-1.48493480682373) | HR=76 bpm | IBI=0 ms | Participant=P02
454,IBI out of range,Row 454 | Timestamp: 1710812009793 ms | PPG(Green=1960699, Red=1960699, Ir=1960699) | ACC(X=2.94591903686523, Y=-8.4617338180542, Z=-2.17231607437134) | HR=76 bpm | IBI=0 ms | Participant=P02
455,IBI out of range,Row 455 | Timestamp: 1710812009833 ms | PPG(Green=1962650, Red=1962650, Ir=1962650) | ACC(X=4.12907695770264, Y=-8.72279453277588, Z=-0.931676864624023) | HR=76 bpm | IBI=0 ms | Participant=P02
456,IBI out of range,Row 456 | Timestamp: 1710812009873 ms | PPG(Green=1967098, Red=1967098, Ir=1967098) | ACC(X=4.55539703369141, Y=-8.72997951507568, Z=-0.201184719800949) | HR=76 bpm | IBI=0 ms | Participant=P02
457,IBI out of range,Row 457 | Timestamp: 1710812009914 ms | PPG(Green=1970761, Red=1970761, Ir=1970761) | ACC(X=5.0535683631897, Y=-8.12882041931152, Z=-0.0215555056929588) | HR=76 bpm | IBI=0 ms | Participant=P02
458,IBI out of range,Row 458 | Timestamp: 1710812009953 ms | PPG(Green=1972103, Red=1972103, Ir=1972103) | ACC(X=5.26912355422974, Y=-9.31437397003174, Z=-0.510146975517273) | HR=76 bpm | IBI=0 ms | Participant=P02
459,IBI out of range,Row 459 | Timestamp: 1710812009993 ms | PPG(Green=1971749, Red=1971749, Ir=1971749) | ACC(X=7.49892091751099, Y=-8.53598022460938, Z=2.33517980575562) | HR=77 bpm | IBI=0 ms | Participant=P02
460,IBI out of range,Row 460 | Timestamp: 1710812010033 ms | PPG(Green=1968112, Red=1968112, Ir=1968112) | ACC(X=7.34563732147217, Y=-8.22462272644043, Z=1.63103330135345) | HR=77 bpm | IBI=0 ms | Participant=P02
461,IBI out of range,Row 461 | Timestamp: 1710812010073 ms | PPG(Green=1965799, Red=1965799, Ir=1965799) | ACC(X=7.93961143493652, Y=-7.46059989929199, Z=2.53636455535889) | HR=76 bpm | IBI=0 ms | Participant=P02
462,IBI out of range,Row 462 | Timestamp: 1710812010114 ms | PPG(Green=1964696, Red=1964696, Ir=1964696) | ACC(X=8.26294422149658, Y=-5.30265426635742, Z=3.11117792129517) | HR=76 bpm | IBI=0 ms | Participant=P02
463,IBI out of range,Row 463 | Timestamp: 1710812010153 ms | PPG(Green=1963279, Red=1963279, Ir=1963279) | ACC(X=8.39946174621582, Y=-4.83801364898682, Z=3.44169569015503) | HR=75 bpm | IBI=0 ms | Participant=P02
464,IBI out of range,Row 464 | Timestamp: 1710812010193 ms | PPG(Green=1961612, Red=1961612, Ir=1961612) | ACC(X=9.21617603302002, Y=-7.46299505233765, Z=3.33391809463501) | HR=75 bpm | IBI=0 ms | Participant=P02
465,IBI out of range,Row 465 | Timestamp: 1710812010234 ms | PPG(Green=1960211, Red=1960211, Ir=1960211) | ACC(X=9.2952127456665, Y=-6.61035490036011, Z=3.10878300666809) | HR=75 bpm | IBI=0 ms | Participant=P02
466,IBI out of range,Row 466 | Timestamp: 1710812010274 ms | PPG(Green=1957460, Red=1957460, Ir=1957460) | ACC(X=10.5645933151245, Y=-6.51934289932251, Z=3.36505389213562) | HR=76 bpm | IBI=0 ms | Participant=P02
467,IBI out of range,Row 467 | Timestamp: 1710812010314 ms | PPG(Green=1953693, Red=1953693, Ir=1953693) | ACC(X=10.3346672058105, Y=-6.43791103363037, Z=3.43211555480957) | HR=76 bpm | IBI=0 ms | Participant=P02
468,IBI out of range,Row 468 | Timestamp: 1710812010354 ms | PPG(Green=1950369, Red=1950369, Ir=1950369) | ACC(X=9.44849681854248, Y=-5.70741891860962, Z=4.16021251678467) | HR=76 bpm | IBI=0 ms | Participant=P02
469,IBI out of range,Row 469 | Timestamp: 1710812010394 ms | PPG(Green=1947637, Red=1947637, Ir=1947637) | ACC(X=8.06415462493896, Y=-5.55174016952515, Z=4.03087949752808) | HR=77 bpm | IBI=0 ms | Participant=P02
470,IBI out of range,Row 470 | Timestamp: 1710812010434 ms | PPG(Green=1945530, Red=1945530, Ir=1945530) | ACC(X=6.72531795501709, Y=-5.89902353286743, Z=4.38055753707886) | HR=77 bpm | IBI=0 ms | Participant=P02
471,IBI out of range,Row 471 | Timestamp: 1710812010474 ms | PPG(Green=1944893, Red=1944893, Ir=1944893) | ACC(X=6.4690465927124, Y=-5.2787036895752, Z=4.16500282287598) | HR=77 bpm | IBI=0 ms | Participant=P02
472,IBI out of range,Row 472 | Timestamp: 1710812010515 ms | PPG(Green=1944894, Red=1944894, Ir=1944894) | ACC(X=6.20559072494507, Y=-4.77095174789429, Z=5.19248199462891) | HR=77 bpm | IBI=0 ms | Participant=P02
473,IBI out of range,Row 473 | Timestamp: 1710812010554 ms | PPG(Green=1945583, Red=1945583, Ir=1945583) | ACC(X=6.55526876449585, Y=-3.75065803527832, Z=5.44875288009644) | HR=77 bpm | IBI=0 ms | Participant=P02
474,IBI out of range,Row 474 | Timestamp: 1710812010594 ms | PPG(Green=1945922, Red=1945922, Ir=1945922) | ACC(X=6.34929418563843, Y=-3.56623864173889, Z=5.58048105239868) | HR=77 bpm | IBI=0 ms | Participant=P02
475,IBI out of range,Row 475 | Timestamp: 1710812010635 ms | PPG(Green=1946117, Red=1946117, Ir=1946117) | ACC(X=6.51694774627686, Y=-2.89562296867371, Z=5.53736972808838) | HR=78 bpm | IBI=0 ms | Participant=P02
476,IBI out of range,Row 476 | Timestamp: 1710812010674 ms | PPG(Green=1945923, Red=1945923, Ir=1945923) | ACC(X=6.56005907058716, Y=-2.51001882553101, Z=4.43085384368896) | HR=78 bpm | IBI=0 ms | Participant=P02
477,IBI out of range,Row 477 | Timestamp: 1710812010715 ms | PPG(Green=1946082, Red=1946082, Ir=1946082) | ACC(X=7.52287149429321, Y=-1.69090962409973, Z=4.72784090042114) | HR=79 bpm | IBI=0 ms | Participant=P02
478,IBI out of range,Row 478 | Timestamp: 1710812010755 ms | PPG(Green=1946619, Red=1946619, Ir=1946619) | ACC(X=7.44622945785522, Y=-0.840664744377136, Z=4.37337255477905) | HR=79 bpm | IBI=0 ms | Participant=P02
479,IBI out of range,Row 479 | Timestamp: 1710812010795 ms | PPG(Green=1947345, Red=1947345, Ir=1947345) | ACC(X=9.27605247497559, Y=-1.63342833518982, Z=2.66569757461548) | HR=79 bpm | IBI=0 ms | Participant=P02
480,IBI out of range,Row 480 | Timestamp: 1710812010835 ms | PPG(Green=1949340, Red=1949340, Ir=1949340) | ACC(X=7.64501953125, Y=1.76755142211914, Z=2.7088086605072) | HR=79 bpm | IBI=0 ms | Participant=P02
481,IBI out of range,Row 481 | Timestamp: 1710812010875 ms | PPG(Green=1950145, Red=1950145, Ir=1950145) | ACC(X=8.66291809082031, Y=2.28248858451843, Z=-0.723306953907013) | HR=80 bpm | IBI=0 ms | Participant=P02
482,IBI out of range,Row 482 | Timestamp: 1710812010916 ms | PPG(Green=1949537, Red=1949537, Ir=1949537) | ACC(X=9.02936172485352, Y=2.02621746063232, Z=-0.900541126728058) | HR=80 bpm | IBI=0 ms | Participant=P02
483,IBI out of range,Row 483 | Timestamp: 1710812010955 ms | PPG(Green=1951502, Red=1951502, Ir=1951502) | ACC(X=9.42454624176025, Y=1.79150199890137, Z=0.467035949230194) | HR=80 bpm | IBI=0 ms | Participant=P02
484,IBI out of range,Row 484 | Timestamp: 1710812010995 ms | PPG(Green=1954919, Red=1954919, Ir=1954919) | ACC(X=9.02936172485352, Y=4.16021251678467, Z=-1.50170028209686) | HR=80 bpm | IBI=0 ms | Participant=P02
485,IBI out of range,Row 485 | Timestamp: 1710812011035 ms | PPG(Green=1961635, Red=1961635, Ir=1961635) | ACC(X=11.2399988174438, Y=3.17344951629639, Z=1.71965038776398) | HR=80 bpm | IBI=0 ms | Participant=P02
486,IBI out of range,Row 486 | Timestamp: 1710812011075 ms | PPG(Green=1971934, Red=1971934, Ir=1971934) | ACC(X=9.62333583831787, Y=3.49438691139221, Z=1.33644139766693) | HR=79 bpm | IBI=0 ms | Participant=P02
487,IBI out of range,Row 487 | Timestamp: 1710812011116 ms | PPG(Green=1981321, Red=1981321, Ir=1981321) | ACC(X=11.125036239624, Y=1.2166885137558, Z=1.71246516704559) | HR=79 bpm | IBI=0 ms | Participant=P02
488,IBI out of range,Row 488 | Timestamp: 1710812011156 ms | PPG(Green=1985465, Red=1985465, Ir=1985465) | ACC(X=8.39467239379883, Y=3.26446151733398, Z=2.44535231590271) | HR=78 bpm | IBI=0 ms | Participant=P02
489,IBI out of range,Row 489 | Timestamp: 1710812011196 ms | PPG(Green=1992462, Red=1992462, Ir=1992462) | ACC(X=11.0579748153687, Y=4.01411437988281, Z=-0.411949664354324) | HR=79 bpm | IBI=0 ms | Participant=P02
490,IBI out of range,Row 490 | Timestamp: 1710812011236 ms | PPG(Green=2003092, Red=2003092, Ir=2003092) | ACC(X=8.30365943908691, Y=6.67741680145264, Z=-0.625109672546387) | HR=79 bpm | IBI=0 ms | Participant=P02
491,IBI out of range,Row 491 | Timestamp: 1710812011276 ms | PPG(Green=2006964, Red=2006964, Ir=2006964) | ACC(X=11.6591339111328, Y=1.86814379692078, Z=4.06680536270142) | HR=80 bpm | IBI=0 ms | Participant=P02
492,IBI out of range,Row 492 | Timestamp: 1710812011317 ms | PPG(Green=2000647, Red=2000647, Ir=2000647) | ACC(X=12.4351320266724, Y=7.17558813095093, Z=4.70868062973022) | HR=80 bpm | IBI=0 ms | Participant=P02
493,IBI out of range,Row 493 | Timestamp: 1710812011356 ms | PPG(Green=2002608, Red=2002608, Ir=2002608) | ACC(X=7.75758695602417, Y=6.87141609191895, Z=-1.10891103744507) | HR=81 bpm | IBI=0 ms | Participant=P02
494,IBI out of range,Row 494 | Timestamp: 1710812011396 ms | PPG(Green=2001175, Red=2001175, Ir=2001175) | ACC(X=8.14079570770264, Y=1.36997210979462, Z=0.596368968486786) | HR=81 bpm | IBI=0 ms | Participant=P02
495,IBI out of range,Row 495 | Timestamp: 1710812011436 ms | PPG(Green=2005883, Red=2005883, Ir=2005883) | ACC(X=6.69178676605225, Y=1.51607060432434, Z=0.210764944553375) | HR=81 bpm | IBI=0 ms | Participant=P02
496,IBI out of range,Row 496 | Timestamp: 1710812011477 ms | PPG(Green=2008189, Red=2008189, Ir=2008189) | ACC(X=7.42946434020996, Y=2.77108001708984, Z=-1.06340491771698) | HR=81 bpm | IBI=0 ms | Participant=P02
497,IBI out of range,Row 497 | Timestamp: 1710812011517 ms | PPG(Green=2008980, Red=2008980, Ir=2008980) | ACC(X=8.93116474151611, Y=6.72052764892578, Z=-1.87772405147552) | HR=81 bpm | IBI=0 ms | Participant=P02
498,IBI out of range,Row 498 | Timestamp: 1710812011557 ms | PPG(Green=2010201, Red=2010201, Ir=2010201) | ACC(X=10.5526180267334, Y=6.83309507369995, Z=0.946047186851502) | HR=80 bpm | IBI=0 ms | Participant=P02
499,IBI out of range,Row 499 | Timestamp: 1710812011597 ms | PPG(Green=2010980, Red=2010980, Ir=2010980) | ACC(X=9.1994104385376, Y=3.28601717948914, Z=1.58792221546173) | HR=80 bpm | IBI=0 ms | Participant=P02
500,IBI out of range,Row 500 | Timestamp: 1710812011637 ms | PPG(Green=2009465, Red=2009465, Ir=2009465) | ACC(X=11.5992574691772, Y=4.58653259277344, Z=1.59510743618011) | HR=80 bpm | IBI=0 ms | Participant=P02
501,IBI out of range,Row 501 | Timestamp: 1710812011677 ms | PPG(Green=2011428, Red=2011428, Ir=2011428) | ACC(X=10.4304695129395, Y=3.20219016075134, Z=-1.34362649917603) | HR=80 bpm | IBI=0 ms | Participant=P02
502,IBI out of range,Row 502 | Timestamp: 1710812011718 ms | PPG(Green=2014756, Red=2014756, Ir=2014756) | ACC(X=8.61741256713867, Y=3.98297834396362, Z=0.543677747249603) | HR=81 bpm | IBI=0 ms | Participant=P02
503,IBI out of range,Row 503 | Timestamp: 1710812011757 ms | PPG(Green=2022438, Red=2022438, Ir=2022438) | ACC(X=8.61501693725586, Y=1.06340491771698, Z=-1.3124908208847) | HR=80 bpm | IBI=0 ms | Participant=P02
504,IBI out of range,Row 504 | Timestamp: 1710812011797 ms | PPG(Green=2029367, Red=2029367, Ir=2029367) | ACC(X=8.25096893310547, Y=0.0934071913361549, Z=-3.88478112220764) | HR=80 bpm | IBI=0 ms | Participant=P02
505,IBI out of range,Row 505 | Timestamp: 1710812011837 ms | PPG(Green=2036393, Red=2036393, Ir=2036393) | ACC(X=12.8638467788696, Y=2.21063685417175, Z=1.31728088855743) | HR=79 bpm | IBI=0 ms | Participant=P02
506,IBI out of range,Row 506 | Timestamp: 1710812011878 ms | PPG(Green=2039551, Red=2039551, Ir=2039551) | ACC(X=7.33605718612671, Y=3.83208990097046, Z=-1.71725523471832) | HR=79 bpm | IBI=0 ms | Participant=P02
507,IBI out of range,Row 507 | Timestamp: 1710812011918 ms | PPG(Green=2039337, Red=2039337, Ir=2039337) | ACC(X=11.3118505477905, Y=-0.191604495048523, Z=1.15920722484589) | HR=79 bpm | IBI=0 ms | Participant=P02
508,IBI out of range,Row 508 | Timestamp: 1710812011958 ms | PPG(Green=2033617, Red=2033617, Ir=2033617) | ACC(X=10.7298517227173, Y=-0.0335307866334915, Z=3.87999105453491) | HR=79 bpm | IBI=0 ms | Participant=P02
509,IBI out of range,Row 509 | Timestamp: 1710812011998 ms | PPG(Green=2025849, Red=2025849, Ir=2025849) | ACC(X=9.45328712463379, Y=-1.87532901763916, Z=-0.158073708415031) | HR=80 bpm | IBI=0 ms | Participant=P02
510,IBI out of range,Row 510 | Timestamp: 1710812012038 ms | PPG(Green=2019349, Red=2019349, Ir=2019349) | ACC(X=8.5623254776001, Y=0.0383208990097045, Z=-1.41068804264069) | HR=80 bpm | IBI=0 ms | Participant=P02
511,IBI out of range,Row 511 | Timestamp: 1710812012078 ms | PPG(Green=2014154, Red=2014154, Ir=2014154) | ACC(X=9.35508918762207, Y=-2.79503059387207, Z=3.70275688171387) | HR=80 bpm | IBI=0 ms | Participant=P02
512,IBI out of range,Row 512 | Timestamp: 1710812012119 ms | PPG(Green=2012338, Red=2012338, Ir=2012338) | ACC(X=8.24617862701416, Y=-4.5961127281189, Z=7.8270435333252) | HR=79 bpm | IBI=0 ms | Participant=P02
513,IBI out of range,Row 513 | Timestamp: 1710812012158 ms | PPG(Green=2014180, Red=2014180, Ir=2014180) | ACC(X=7.96356201171875, Y=-1.50649034976959, Z=2.55073475837708) | HR=79 bpm | IBI=0 ms | Participant=P02
514,IBI out of range,Row 514 | Timestamp: 1710812012198 ms | PPG(Green=2016240, Red=2016240, Ir=2016240) | ACC(X=6.61993551254272, Y=-6.1912202835083, Z=3.69796681404114) | HR=79 bpm | IBI=0 ms | Participant=P02
515,IBI out of range,Row 515 | Timestamp: 1710812012238 ms | PPG(Green=2023741, Red=2023741, Ir=2023741) | ACC(X=6.20319557189941, Y=-4.82364320755005, Z=5.90620851516724) | HR=79 bpm | IBI=0 ms | Participant=P02
516,IBI out of range,Row 516 | Timestamp: 1710812012279 ms | PPG(Green=2029111, Red=2029111, Ir=2029111) | ACC(X=6.55047845840454, Y=-4.06441020965576, Z=9.06768226623535) | HR=79 bpm | IBI=0 ms | Participant=P02
517,IBI out of range,Row 517 | Timestamp: 1710812012320 ms | PPG(Green=2030336, Red=2030336, Ir=2030336) | ACC(X=6.39959001541138, Y=-6.12894868850708, Z=5.6451473236084) | HR=79 bpm | IBI=0 ms | Participant=P02
518,IBI out of range,Row 518 | Timestamp: 1710812012359 ms | PPG(Green=2031489, Red=2031489, Ir=2031489) | ACC(X=6.34450387954712, Y=-7.45581007003784, Z=8.41143703460693) | HR=79 bpm | IBI=0 ms | Participant=P02
519,IBI out of range,Row 519 | Timestamp: 1710812012399 ms | PPG(Green=2039595, Red=2039595, Ir=2039595) | ACC(X=5.11105012893677, Y=-5.83675193786621, Z=8.21025276184082) | HR=78 bpm | IBI=0 ms | Participant=P02
520,IBI out of range,Row 520 | Timestamp: 1710812012439 ms | PPG(Green=2046884, Red=2046884, Ir=2046884) | ACC(X=4.02129936218262, Y=-4.75897645950317, Z=10.1765937805176) | HR=79 bpm | IBI=0 ms | Participant=P02
521,IBI out of range,Row 521 | Timestamp: 1710812012479 ms | PPG(Green=2052394, Red=2052394, Ir=2052394) | ACC(X=2.73994421958923, Y=-4.39253282546997, Z=7.08457612991333) | HR=79 bpm | IBI=0 ms | Participant=P02
522,IBI out of range,Row 522 | Timestamp: 1710812012520 ms | PPG(Green=2056826, Red=2056826, Ir=2056826) | ACC(X=1.29093527793884, Y=-4.27757024765015, Z=6.35168886184692) | HR=80 bpm | IBI=0 ms | Participant=P02
523,IBI out of range,Row 523 | Timestamp: 1710812012560 ms | PPG(Green=2061267, Red=2061267, Ir=2061267) | ACC(X=0.395184278488159, Y=-7.15882301330566, Z=3.79137396812439) | HR=80 bpm | IBI=0 ms | Participant=P02
524,IBI out of range,Row 524 | Timestamp: 1710812012599 ms | PPG(Green=2069311, Red=2069311, Ir=2069311) | ACC(X=0.629899799823761, Y=-7.99230241775513, Z=5.03919839859009) | HR=79 bpm | IBI=0 ms | Participant=P02
525,IBI out of range,Row 525 | Timestamp: 1710812012640 ms | PPG(Green=2077261, Red=2077261, Ir=2077261) | ACC(X=0.143703371286392, Y=-9.2784481048584, Z=3.7075469493866) | HR=78 bpm | IBI=0 ms | Participant=P02
526,IBI out of range,Row 526 | Timestamp: 1710812012680 ms | PPG(Green=2080635, Red=2080635, Ir=2080635) | ACC(X=-0.452665627002716, Y=-11.1130609512329, Z=2.58187055587769) | HR=77 bpm | IBI=0 ms | Participant=P02
527,IBI out of range,Row 527 | Timestamp: 1710812012720 ms | PPG(Green=2076007, Red=2076007, Ir=2076007) | ACC(X=0.162863820791245, Y=-7.72645139694214, Z=3.67162108421326) | HR=76 bpm | IBI=0 ms | Participant=P02
528,IBI out of range,Row 528 | Timestamp: 1710812012760 ms | PPG(Green=2067762, Red=2067762, Ir=2067762) | ACC(X=0.665825605392456, Y=-8.80662155151367, Z=3.09680771827698) | HR=76 bpm | IBI=0 ms | Participant=P02
529,IBI out of range,Row 529 | Timestamp: 1710812012800 ms | PPG(Green=2063043, Red=2063043, Ir=2063043) | ACC(X=-0.201184719800949, Y=-6.85465097427368, Z=3.7075469493866) | HR=77 bpm | IBI=0 ms | Participant=P02
530,IBI out of range,Row 530 | Timestamp: 1710812012840 ms | PPG(Green=2058631, Red=2058631, Ir=2058631) | ACC(X=0.0766417980194091, Y=-7.66178464889526, Z=2.25853800773621) | HR=77 bpm | IBI=0 ms | Participant=P02
531,IBI out of range,Row 531 | Timestamp: 1710812012880 ms | PPG(Green=2055947, Red=2055947, Ir=2055947) | ACC(X=0.004790112376213, Y=-6.0499119758606, Z=4.37337255477905) | HR=78 bpm | IBI=0 ms | Participant=P02
532,IBI out of range,Row 532 | Timestamp: 1710812012921 ms | PPG(Green=2054070, Red=2054070, Ir=2054070) | ACC(X=0.138913258910179, Y=-3.71473217010498, Z=6.11218357086182) | HR=78 bpm | IBI=0 ms | Participant=P02
533,IBI out of range,Row 533 | Timestamp: 1710812012960 ms | PPG(Green=2050769, Red=2050769, Ir=2050769) | ACC(X=0.0838269665837287, Y=-1.13286161422729, Z=10.1358776092529) | HR=78 bpm | IBI=0 ms | Participant=P02
534,IBI out of range,Row 534 | Timestamp: 1710812013000 ms | PPG(Green=2052356, Red=2052356, Ir=2052356) | ACC(X=-0.452665627002716, Y=-3.59497928619385, Z=8.76351070404053) | HR=78 bpm | IBI=0 ms | Participant=P02
535,IBI out of range,Row 535 | Timestamp: 1710812013041 ms | PPG(Green=2050854, Red=2050854, Ir=2050854) | ACC(X=-0.507751941680908, Y=-4.62485361099243, Z=8.92397975921631) | HR=78 bpm | IBI=0 ms | Participant=P02
536,IBI out of range,Row 536 | Timestamp: 1710812013081 ms | PPG(Green=2053006, Red=2053006, Ir=2053006) | ACC(X=0.0886170789599418, Y=-4.29673099517822, Z=9.96822357177734) | HR=78 bpm | IBI=0 ms | Participant=P02
537,IBI out of range,Row 537 | Timestamp: 1710812013122 ms | PPG(Green=2057639, Red=2057639, Ir=2057639) | ACC(X=0.474221110343933, Y=-4.48115015029907, Z=9.22096633911133) | HR=79 bpm | IBI=0 ms | Participant=P02
538,IBI out of range,Row 538 | Timestamp: 1710812013161 ms | PPG(Green=2061223, Red=2061223, Ir=2061223) | ACC(X=-0.308962255716324, Y=-2.99861025810242, Z=10.0951614379883) | HR=78 bpm | IBI=0 ms | Participant=P02
539,IBI out of range,Row 539 | Timestamp: 1710812013201 ms | PPG(Green=2064097, Red=2064097, Ir=2064097) | ACC(X=-0.95562744140625, Y=-5.15895080566406, Z=9.84368133544922) | HR=78 bpm | IBI=0 ms | Participant=P02
540,IBI out of range,Row 540 | Timestamp: 1710812013241 ms | PPG(Green=2064357, Red=2064357, Ir=2064357) | ACC(X=-0.78078830242157, Y=-4.31589126586914, Z=10.0185203552246) | HR=78 bpm | IBI=0 ms | Participant=P02
541,IBI out of range,Row 541 | Timestamp: 1710812013281 ms | PPG(Green=2065167, Red=2065167, Ir=2065167) | ACC(X=-1.79629218578339, Y=-6.10978841781616, Z=8.74674510955811) | HR=78 bpm | IBI=0 ms | Participant=P02
542,IBI out of range,Row 542 | Timestamp: 1710812013322 ms | PPG(Green=2071112, Red=2071112, Ir=2071112) | ACC(X=-1.20471322536469, Y=-4.1841630935669, Z=10.7394323348999) | HR=78 bpm | IBI=0 ms | Participant=P02
543,IBI out of range,Row 543 | Timestamp: 1710812013361 ms | PPG(Green=2071560, Red=2071560, Ir=2071560) | ACC(X=-1.69090962409973, Y=-4.52665615081787, Z=8.68926429748535) | HR=78 bpm | IBI=0 ms | Participant=P02
544,IBI out of range,Row 544 | Timestamp: 1710812013402 ms | PPG(Green=2072997, Red=2072997, Ir=2072997) | ACC(X=-0.888565838336945, Y=-2.82377123832703, Z=9.01259613037109) | HR=78 bpm | IBI=0 ms | Participant=P02
545,IBI out of range,Row 545 | Timestamp: 1710812013442 ms | PPG(Green=2078274, Red=2078274, Ir=2078274) | ACC(X=-0.922096610069275, Y=-3.38421440124512, Z=7.82943868637085) | HR=79 bpm | IBI=0 ms | Participant=P02
546,IBI out of range,Row 546 | Timestamp: 1710812013482 ms | PPG(Green=2079848, Red=2079848, Ir=2079848) | ACC(X=-0.445480465888977, Y=-3.86562061309815, Z=8.42820262908936) | HR=79 bpm | IBI=0 ms | Participant=P02
547,IBI out of range,Row 547 | Timestamp: 1710812013523 ms | PPG(Green=2079417, Red=2079417, Ir=2079417) | ACC(X=-0.615529417991638, Y=-3.42014026641846, Z=9.53471851348877) | HR=79 bpm | IBI=0 ms | Participant=P02
548,IBI out of range,Row 548 | Timestamp: 1710812013562 ms | PPG(Green=2078944, Red=2078944, Ir=2078944) | ACC(X=-1.37236714363098, Y=-4.34702682495117, Z=7.81027841567993) | HR=79 bpm | IBI=0 ms | Participant=P02
549,IBI out of range,Row 549 | Timestamp: 1710812013602 ms | PPG(Green=2077274, Red=2077274, Ir=2077274) | ACC(X=-1.62145304679871, Y=-3.96381807327271, Z=9.65926170349121) | HR=80 bpm | IBI=0 ms | Participant=P02
550,IBI out of range,Row 550 | Timestamp: 1710812013642 ms | PPG(Green=2076878, Red=2076878, Ir=2076878) | ACC(X=-1.76994657516479, Y=-4.27757024765015, Z=9.74069309234619) | HR=80 bpm | IBI=0 ms | Participant=P02
551,IBI out of range,Row 551 | Timestamp: 1710812013682 ms | PPG(Green=2076116, Red=2076116, Ir=2076116) | ACC(X=-2.01903247833252, Y=-4.71586561203003, Z=8.61980724334717) | HR=80 bpm | IBI=0 ms | Participant=P02
552,IBI out of range,Row 552 | Timestamp: 1710812013723 ms | PPG(Green=2076392, Red=2076392, Ir=2076392) | ACC(X=-1.46337938308716, Y=-3.54468321800232, Z=9.3766450881958) | HR=80 bpm | IBI=0 ms | Participant=P02
553,IBI out of range,Row 553 | Timestamp: 1710812013763 ms | PPG(Green=2076520, Red=2076520, Ir=2076520) | ACC(X=-1.36518204212189, Y=-3.05848670005798, Z=9.35987949371338) | HR=80 bpm | IBI=0 ms | Participant=P02
554,IBI out of range,Row 554 | Timestamp: 1710812013803 ms | PPG(Green=2076266, Red=2076266, Ir=2076266) | ACC(X=-1.25021934509277, Y=-3.35068368911743, Z=8.87368297576904) | HR=81 bpm | IBI=0 ms | Participant=P02
555,IBI out of range,Row 555 | Timestamp: 1710812013843 ms | PPG(Green=2078611, Red=2078611, Ir=2078611) | ACC(X=-0.299382030963898, Y=-2.79263544082642, Z=9.3862247467041) | HR=81 bpm | IBI=0 ms | Participant=P02
556,IBI out of range,Row 556 | Timestamp: 1710812013883 ms | PPG(Green=2080946, Red=2080946, Ir=2080946) | ACC(X=0.239505618810654, Y=-2.43577218055725, Z=9.62094116210938) | HR=81 bpm | IBI=0 ms | Participant=P02
557,IBI out of range,Row 557 | Timestamp: 1710812013924 ms | PPG(Green=2082776, Red=2082776, Ir=2082776) | ACC(X=0.60115909576416, Y=-2.0022668838501, Z=10.3897533416748) | HR=81 bpm | IBI=0 ms | Participant=P02
558,IBI out of range,Row 558 | Timestamp: 1710812013963 ms | PPG(Green=2082405, Red=2082405, Ir=2082405) | ACC(X=-0.12454292178154, Y=-3.90873169898987, Z=9.09163284301758) | HR=82 bpm | IBI=0 ms | Participant=P02
559,IBI out of range,Row 559 | Timestamp: 1710812014003 ms | PPG(Green=2080657, Red=2080657, Ir=2080657) | ACC(X=0.196394607424736, Y=-3.49678206443787, Z=9.22815132141113) | HR=82 bpm | IBI=0 ms | Participant=P02
560,IBI out of range,Row 560 | Timestamp: 1710812014044 ms | PPG(Green=2080874, Red=2080874, Ir=2080874) | ACC(X=-0.0838269665837287, Y=-4.25122451782227, Z=8.44975852966309) | HR=82 bpm | IBI=0 ms | Participant=P02
561,IBI out of range,Row 561 | Timestamp: 1710812014084 ms | PPG(Green=2083033, Red=2083033, Ir=2083033) | ACC(X=0.215555056929588, Y=-2.77826523780823, Z=9.63770580291748) | HR=83 bpm | IBI=0 ms | Participant=P02
562,IBI out of range,Row 562 | Timestamp: 1710812014125 ms | PPG(Green=2086505, Red=2086505, Ir=2086505) | ACC(X=0.656245410442352, Y=-3.13273358345032, Z=9.17545986175537) | HR=83 bpm | IBI=0 ms | Participant=P02
563,IBI out of range,Row 563 | Timestamp: 1710812014164 ms | PPG(Green=2090237, Red=2090237, Ir=2090237) | ACC(X=0.787973463535309, Y=-3.96860814094543, Z=8.90002918243408) | HR=84 bpm | IBI=0 ms | Participant=P02
564,IBI out of range,Row 564 | Timestamp: 1710812014204 ms | PPG(Green=2095883, Red=2095883, Ir=2095883) | ACC(X=1.12088632583618, Y=-2.22979736328125, Z=9.68321228027344) | HR=84 bpm | IBI=0 ms | Participant=P02
565,IBI out of range,Row 565 | Timestamp: 1710812014244 ms | PPG(Green=2101677, Red=2101677, Ir=2101677) | ACC(X=1.39871287345886, Y=-2.4836733341217, Z=9.8364953994751) | HR=85 bpm | IBI=0 ms | Participant=P02
566,IBI out of range,Row 566 | Timestamp: 1710812014284 ms | PPG(Green=2105757, Red=2105757, Ir=2105757) | ACC(X=1.18555283546448, Y=-1.3388364315033, Z=9.59220027923584) | HR=85 bpm | IBI=0 ms | Participant=P02
567,IBI out of range,Row 567 | Timestamp: 1710812014325 ms | PPG(Green=2108611, Red=2108611, Ir=2108611) | ACC(X=1.35320675373077, Y=-1.40589797496796, Z=9.78380489349365) | HR=85 bpm | IBI=0 ms | Participant=P02
568,IBI out of range,Row 568 | Timestamp: 1710812014365 ms | PPG(Green=2108926, Red=2108926, Ir=2108926) | ACC(X=1.07538020610809, Y=-1.22387373447418, Z=9.558669090271) | HR=86 bpm | IBI=0 ms | Participant=P02
569,IBI out of range,Row 569 | Timestamp: 1710812014405 ms | PPG(Green=2108809, Red=2108809, Ir=2108809) | ACC(X=1.20471322536469, Y=-0.965207636356354, Z=9.86284160614014) | HR=86 bpm | IBI=0 ms | Participant=P02
570,IBI out of range,Row 570 | Timestamp: 1710812014445 ms | PPG(Green=2110524, Red=2110524, Ir=2110524) | ACC(X=0.680195927619934, Y=-1.71486020088196, Z=9.75027370452881) | HR=87 bpm | IBI=0 ms | Participant=P02
571,IBI out of range,Row 571 | Timestamp: 1710812014485 ms | PPG(Green=2112985, Red=2112985, Ir=2112985) | ACC(X=0.773603141307831, Y=-1.70288491249084, Z=9.52274322509766) | HR=88 bpm | IBI=0 ms | Participant=P02
572,IBI out of range,Row 572 | Timestamp: 1710812014526 ms | PPG(Green=2116047, Red=2116047, Ir=2116047) | ACC(X=0.859825193881989, Y=-2.41900682449341, Z=9.46286678314209) | HR=88 bpm | IBI=0 ms | Participant=P02
573,IBI out of range,Row 573 | Timestamp: 1710812014565 ms | PPG(Green=2118065, Red=2118065, Ir=2118065) | ACC(X=0.718516826629639, Y=-2.51241397857666, Z=9.74787902832031) | HR=89 bpm | IBI=0 ms | Participant=P02
574,IBI out of range,Row 574 | Timestamp: 1710812014605 ms | PPG(Green=2117301, Red=2117301, Ir=2117301) | ACC(X=0.30417212843895, Y=-2.82616639137268, Z=8.90960884094238) | HR=89 bpm | IBI=0 ms | Participant=P02
575,IBI out of range,Row 575 | Timestamp: 1710812014645 ms | PPG(Green=2114703, Red=2114703, Ir=2114703) | ACC(X=0.294591903686523, Y=-2.44774746894836, Z=9.73350811004639) | HR=90 bpm | IBI=0 ms | Participant=P02
576,IBI out of range,Row 576 | Timestamp: 1710812014686 ms | PPG(Green=2112196, Red=2112196, Ir=2112196) | ACC(X=0.220345169305801, Y=-2.28967380523682, Z=9.35029983520508) | HR=90 bpm | IBI=0 ms | Participant=P02
577,IBI out of range,Row 577 | Timestamp: 1710812014727 ms | PPG(Green=2110541, Red=2110541, Ir=2110541) | ACC(X=-0.368838667869568, Y=-2.21782207489014, Z=9.49639797210693) | HR=90 bpm | IBI=0 ms | Participant=P02
578,IBI out of range,Row 578 | Timestamp: 1710812014766 ms | PPG(Green=2109184, Red=2109184, Ir=2109184) | ACC(X=0.0023950561881065, Y=-1.62384808063507, Z=10.2053346633911) | HR=90 bpm | IBI=0 ms | Participant=P02
579,IBI out of range,Row 579 | Timestamp: 1710812014806 ms | PPG(Green=2108329, Red=2108329, Ir=2108329) | ACC(X=-0.88377571105957, Y=-1.85137844085693, Z=10.1885690689087) | HR=89 bpm | IBI=0 ms | Participant=P02
580,IBI out of range,Row 580 | Timestamp: 1710812014846 ms | PPG(Green=2109021, Red=2109021, Ir=2109021) | ACC(X=-0.546072840690613, Y=-1.45379912853241, Z=9.47723770141602) | HR=89 bpm | IBI=0 ms | Participant=P02
581,IBI out of range,Row 581 | Timestamp: 1710812014886 ms | PPG(Green=2105946, Red=2105946, Ir=2105946) | ACC(X=-0.878985643386841, Y=-2.17231607437134, Z=9.67363166809082) | HR=89 bpm | IBI=0 ms | Participant=P02
582,IBI out of range,Row 582 | Timestamp: 1710812014927 ms | PPG(Green=2102114, Red=2102114, Ir=2102114) | ACC(X=-1.04184949398041, Y=-1.51128041744232, Z=10.2723960876465) | HR=89 bpm | IBI=0 ms | Participant=P02
583,IBI out of range,Row 583 | Timestamp: 1710812014967 ms | PPG(Green=2104928, Red=2104928, Ir=2104928) | ACC(X=-1.00592362880707, Y=-1.59271240234375, Z=9.07247257232666) | HR=89 bpm | IBI=0 ms | Participant=P02
584,IBI out of range,Row 584 | Timestamp: 1710812015007 ms | PPG(Green=2106797, Red=2106797, Ir=2106797) | ACC(X=-1.27656495571136, Y=-2.40703153610229, Z=9.50837326049805) | HR=89 bpm | IBI=0 ms | Participant=P02
585,IBI out of range,Row 585 | Timestamp: 1710812015047 ms | PPG(Green=2109130, Red=2109130, Ir=2109130) | ACC(X=-1.35320675373077, Y=-2.5291793346405, Z=9.2856330871582) | HR=89 bpm | IBI=0 ms | Participant=P02
586,IBI out of range,Row 586 | Timestamp: 1710812015087 ms | PPG(Green=2111807, Red=2111807, Ir=2111807) | ACC(X=-1.74839103221893, Y=-2.89083290100098, Z=9.47963237762451) | HR=88 bpm | IBI=0 ms | Participant=P02
587,IBI out of range,Row 587 | Timestamp: 1710812015128 ms | PPG(Green=2112728, Red=2112728, Ir=2112728) | ACC(X=-1.87532901763916, Y=-3.08722734451294, Z=9.87002658843994) | HR=88 bpm | IBI=0 ms | Participant=P02
588,IBI out of range,Row 588 | Timestamp: 1710812015167 ms | PPG(Green=2114555, Red=2114555, Ir=2114555) | ACC(X=-1.88730430603027, Y=-2.67527770996094, Z=9.48681735992432) | HR=88 bpm | IBI=0 ms | Participant=P02
589,IBI out of range,Row 589 | Timestamp: 1710812015207 ms | PPG(Green=2115723, Red=2115723, Ir=2115723) | ACC(X=-2.07651376724243, Y=-2.58187055587769, Z=9.41257095336914) | HR=88 bpm | IBI=0 ms | Participant=P02
590,IBI out of range,Row 590 | Timestamp: 1710812015247 ms | PPG(Green=2115175, Red=2115175, Ir=2115175) | ACC(X=-1.892094373703, Y=-2.66809248924255, Z=9.07007789611816) | HR=88 bpm | IBI=0 ms | Participant=P02
591,IBI out of range,Row 591 | Timestamp: 1710812015287 ms | PPG(Green=2114309, Red=2114309, Ir=2114309) | ACC(X=-1.50409531593323, Y=-2.25614285469055, Z=9.58261966705322) | HR=88 bpm | IBI=0 ms | Participant=P02
592,IBI out of range,Row 592 | Timestamp: 1710812015328 ms | PPG(Green=2114677, Red=2114677, Ir=2114677) | ACC(X=-1.16160225868225, Y=-1.84419322013855, Z=8.97667026519775) | HR=88 bpm | IBI=0 ms | Participant=P02
593,IBI out of range,Row 593 | Timestamp: 1710812015368 ms | PPG(Green=2115758, Red=2115758, Ir=2115758) | ACC(X=-1.17836761474609, Y=-2.2274022102356, Z=9.55148410797119) | HR=88 bpm | IBI=0 ms | Participant=P02
594,IBI out of range,Row 594 | Timestamp: 1710812015408 ms | PPG(Green=2117444, Red=2117444, Ir=2117444) | ACC(X=-0.771208107471466, Y=-1.84179818630219, Z=9.4748420715332) | HR=88 bpm | IBI=0 ms | Participant=P02
595,IBI out of range,Row 595 | Timestamp: 1710812015448 ms | PPG(Green=2118799, Red=2118799, Ir=2118799) | ACC(X=-0.150888532400131, Y=-2.80700588226318, Z=9.61136054992676) | HR=88 bpm | IBI=0 ms | Participant=P02
596,IBI out of range,Row 596 | Timestamp: 1710812015488 ms | PPG(Green=2120422, Red=2120422, Ir=2120422) | ACC(X=0.536492586135864, Y=-2.03100776672363, Z=10.8184690475464) | HR=88 bpm | IBI=0 ms | Participant=P02
597,IBI out of range,Row 597 | Timestamp: 1710812015529 ms | PPG(Green=2122237, Red=2122237, Ir=2122237) | ACC(X=0.7113316655159, Y=-1.91843998432159, Z=10.2268896102905) | HR=88 bpm | IBI=0 ms | Participant=P02
598,IBI out of range,Row 598 | Timestamp: 1710812015568 ms | PPG(Green=2124313, Red=2124313, Ir=2124313) | ACC(X=0.804738879203796, Y=-1.5448112487793, Z=10.5645933151245) | HR=89 bpm | IBI=0 ms | Participant=P02
599,IBI out of range,Row 599 | Timestamp: 1710812015608 ms | PPG(Green=2126607, Red=2126607, Ir=2126607) | ACC(X=0.378418862819672, Y=-1.42984855175018, Z=9.49160766601562) | HR=89 bpm | IBI=0 ms | Participant=P02
600,IBI out of range,Row 600 | Timestamp: 1710812015653 ms | PPG(Green=2128556, Red=2128556, Ir=2128556) | ACC(X=-0.162863820791245, Y=-1.93520545959473, Z=9.43891620635986) | HR=89 bpm | IBI=0 ms | Participant=P02
601,IBI out of range,Row 601 | Timestamp: 1710812015693 ms | PPG(Green=2130028, Red=2130028, Ir=2130028) | ACC(X=-0.696961343288422, Y=-2.46690797805786, Z=10.2819757461548) | HR=89 bpm | IBI=0 ms | Participant=P02
602,IBI out of range,Row 602 | Timestamp: 1710812015733 ms | PPG(Green=2131919, Red=2131919, Ir=2131919) | ACC(X=-1.28135502338409, Y=-2.54354977607727, Z=10.0879764556885) | HR=89 bpm | IBI=0 ms | Participant=P02
603,IBI out of range,Row 603 | Timestamp: 1710812015773 ms | PPG(Green=2135015, Red=2135015, Ir=2135015) | ACC(X=-2.05735325813293, Y=-2.52438926696777, Z=9.76464366912842) | HR=89 bpm | IBI=0 ms | Participant=P02
604,IBI out of range,Row 604 | Timestamp: 1710812015813 ms | PPG(Green=2137330, Red=2137330, Ir=2137330) | ACC(X=-2.9866349697113, Y=-3.71233701705933, Z=8.54077053070068) | HR=89 bpm | IBI=0 ms | Participant=P02
605,IBI out of range,Row 605 | Timestamp: 1710812015853 ms | PPG(Green=2138980, Red=2138980, Ir=2138980) | ACC(X=-3.65006566047669, Y=-4.89789009094238, Z=7.08936643600464) | HR=89 bpm | IBI=0 ms | Participant=P02
606,IBI out of range,Row 606 | Timestamp: 1710812015893 ms | PPG(Green=2139464, Red=2139464, Ir=2139464) | ACC(X=-4.24882984161377, Y=-5.69783878326416, Z=8.79225158691406) | HR=89 bpm | IBI=0 ms | Participant=P02
607,IBI out of range,Row 607 | Timestamp: 1710812015934 ms | PPG(Green=2140050, Red=2140050, Ir=2140050) | ACC(X=-4.33265686035156, Y=-5.59485149383545, Z=7.9611668586731) | HR=89 bpm | IBI=0 ms | Participant=P02
608,IBI out of range,Row 608 | Timestamp: 1710812015974 ms | PPG(Green=2139353, Red=2139353, Ir=2139353) | ACC(X=-4.11710166931152, Y=-1.58073711395264, Z=9.14911460876465) | HR=89 bpm | IBI=0 ms | Participant=P02
609,IBI out of range,Row 609 | Timestamp: 1710812016014 ms | PPG(Green=2139699, Red=2139699, Ir=2139699) | ACC(X=-4.33026170730591, Y=-1.49451506137848, Z=7.0534405708313) | HR=89 bpm | IBI=0 ms | Participant=P02
610,IBI out of range,Row 610 | Timestamp: 1710812016054 ms | PPG(Green=2140267, Red=2140267, Ir=2140267) | ACC(X=-2.89801788330078, Y=-2.64893221855164, Z=9.23533630371094) | HR=89 bpm | IBI=0 ms | Participant=P02
611,IBI out of range,Row 611 | Timestamp: 1710812016094 ms | PPG(Green=2140109, Red=2140109, Ir=2140109) | ACC(X=-3.11117792129517, Y=-3.99255871772766, Z=8.89044857025146) | HR=89 bpm | IBI=0 ms | Participant=P02
612,IBI out of range,Row 612 | Timestamp: 1710812016135 ms | PPG(Green=2139833, Red=2139833, Ir=2139833) | ACC(X=-2.34475994110107, Y=-3.8871762752533, Z=8.52879524230957) | HR=89 bpm | IBI=0 ms | Participant=P02
613,IBI out of range,Row 613 | Timestamp: 1710812016175 ms | PPG(Green=2139797, Red=2139797, Ir=2139797) | ACC(X=-2.86927723884583, Y=-1.32207107543945, Z=8.26054859161377) | HR=88 bpm | IBI=0 ms | Participant=P02
614,IBI out of range,Row 614 | Timestamp: 1710812016215 ms | PPG(Green=2139625, Red=2139625, Ir=2139625) | ACC(X=-2.88604259490967, Y=-4.39013814926147, Z=11.2471837997437) | HR=88 bpm | IBI=0 ms | Participant=P02
615,IBI out of range,Row 615 | Timestamp: 1710812016255 ms | PPG(Green=2141030, Red=2141030, Ir=2141030) | ACC(X=-2.342365026474, Y=-1.79629218578339, Z=8.93116474151611) | HR=88 bpm | IBI=0 ms | Participant=P02
616,IBI out of range,Row 616 | Timestamp: 1710812016295 ms | PPG(Green=2144123, Red=2144123, Ir=2144123) | ACC(X=-2.03819274902344, Y=-2.80461072921753, Z=8.80662155151367) | HR=88 bpm | IBI=0 ms | Participant=P02
617,IBI out of range,Row 617 | Timestamp: 1710812016336 ms | PPG(Green=2147595, Red=2147595, Ir=2147595) | ACC(X=-1.93999552726746, Y=-1.8729339838028, Z=10.2197046279907) | HR=89 bpm | IBI=0 ms | Participant=P02
618,IBI out of range,Row 618 | Timestamp: 1710812016375 ms | PPG(Green=2150288, Red=2150288, Ir=2150288) | ACC(X=-2.06453847885132, Y=-1.17836761474609, Z=10.0975570678711) | HR=88 bpm | IBI=0 ms | Participant=P02
619,IBI out of range,Row 619 | Timestamp: 1710812016416 ms | PPG(Green=2154081, Red=2154081, Ir=2154081) | ACC(X=-2.33996987342834, Y=-3.8033492565155, Z=8.86649799346924) | HR=88 bpm | IBI=0 ms | Participant=P02
620,IBI out of range,Row 620 | Timestamp: 1710812016456 ms | PPG(Green=2158411, Red=2158411, Ir=2158411) | ACC(X=-5.58048105239868, Y=-8.59825134277344, Z=5.88704824447632) | HR=88 bpm | IBI=0 ms | Participant=P02
621,IBI out of range,Row 621 | Timestamp: 1710812016496 ms | PPG(Green=2163541, Red=2163541, Ir=2163541) | ACC(X=-4.25840997695923, Y=-8.19827747344971, Z=2.86927723884583) | HR=87 bpm | IBI=0 ms | Participant=P02
622,IBI out of range,Row 622 | Timestamp: 1710812016537 ms | PPG(Green=2169500, Red=2169500, Ir=2169500) | ACC(X=-3.87280583381653, Y=-8.14798069000244, Z=1.63342833518982) | HR=88 bpm | IBI=0 ms | Participant=P02
623,IBI out of range,Row 623 | Timestamp: 1710812016576 ms | PPG(Green=2168609, Red=2168609, Ir=2168609) | ACC(X=-4.21769380569458, Y=-9.32395362854004, Z=-0.239505618810654) | HR=88 bpm | IBI=0 ms | Participant=P02
624,IBI out of range,Row 624 | Timestamp: 1710812016616 ms | PPG(Green=2157895, Red=2157895, Ir=2157895) | ACC(X=-3.77700352668762, Y=-8.23659801483154, Z=-3.08962249755859) | HR=87 bpm | IBI=0 ms | Participant=P02
625,IBI out of range,Row 625 | Timestamp: 1710812016656 ms | PPG(Green=2154301, Red=2154301, Ir=2154301) | ACC(X=-3.09920263290405, Y=-7.36958789825439, Z=-5.23559284210205) | HR=87 bpm | IBI=0 ms | Participant=P02
626,IBI out of range,Row 626 | Timestamp: 1710812016696 ms | PPG(Green=2148210, Red=2148210, Ir=2148210) | ACC(X=-2.90759825706482, Y=-7.35282230377197, Z=-6.20798587799072) | HR=87 bpm | IBI=0 ms | Participant=P02
627,IBI out of range,Row 627 | Timestamp: 1710812016737 ms | PPG(Green=2141792, Red=2141792, Ir=2141792) | ACC(X=-2.76628994941711, Y=-7.19953870773315, Z=-6.39480018615723) | HR=87 bpm | IBI=0 ms | Participant=P02
628,IBI out of range,Row 628 | Timestamp: 1710812016776 ms | PPG(Green=2129945, Red=2129945, Ir=2129945) | ACC(X=-3.25967144966125, Y=-6.75405836105347, Z=-7.49892091751099) | HR=86 bpm | IBI=0 ms | Participant=P02
629,IBI out of range,Row 629 | Timestamp: 1710812016816 ms | PPG(Green=2122912, Red=2122912, Ir=2122912) | ACC(X=-3.0704619884491, Y=-7.31450176239014, Z=-5.26912355422974) | HR=86 bpm | IBI=0 ms | Participant=P02
630,IBI out of range,Row 630 | Timestamp: 1710812016856 ms | PPG(Green=2124942, Red=2124942, Ir=2124942) | ACC(X=-3.27404189109802, Y=-7.18037843704224, Z=-6.60077476501465) | HR=86 bpm | IBI=0 ms | Participant=P02
631,IBI out of range,Row 631 | Timestamp: 1710812016897 ms | PPG(Green=2128109, Red=2128109, Ir=2128109) | ACC(X=-3.50636219978333, Y=-7.08697128295898, Z=-5.83675193786621) | HR=85 bpm | IBI=0 ms | Participant=P02
632,IBI out of range,Row 632 | Timestamp: 1710812016937 ms | PPG(Green=2131017, Red=2131017, Ir=2131017) | ACC(X=-3.82011461257935, Y=-7.25941514968872, Z=-5.78885078430176) | HR=85 bpm | IBI=0 ms | Participant=P02
633,IBI out of range,Row 633 | Timestamp: 1710812016977 ms | PPG(Green=2130491, Red=2130491, Ir=2130491) | ACC(X=-3.64767050743103, Y=-6.75405836105347, Z=-6.24151659011841) | HR=85 bpm | IBI=0 ms | Participant=P02
634,IBI out of range,Row 634 | Timestamp: 1710812017017 ms | PPG(Green=2129998, Red=2129998, Ir=2129998) | ACC(X=-3.46804141998291, Y=-7.13487243652344, Z=-6.38521957397461) | HR=86 bpm | IBI=0 ms | Participant=P02
635,IBI out of range,Row 635 | Timestamp: 1710812017057 ms | PPG(Green=2129672, Red=2129672, Ir=2129672) | ACC(X=-3.20219016075134, Y=-6.52173805236816, Z=-6.22235584259033) | HR=85 bpm | IBI=0 ms | Participant=P02
636,IBI out of range,Row 636 | Timestamp: 1710812017097 ms | PPG(Green=2129319, Red=2129319, Ir=2129319) | ACC(X=-3.33631324768066, Y=-6.57442903518677, Z=-6.79716968536377) | HR=85 bpm | IBI=0 ms | Participant=P02
637,IBI out of range,Row 637 | Timestamp: 1710812017138 ms | PPG(Green=2128949, Red=2128949, Ir=2128949) | ACC(X=-3.24769616127014, Y=-6.55047845840454, Z=-6.46665191650391) | HR=84 bpm | IBI=0 ms | Participant=P02
638,IBI out of range,Row 638 | Timestamp: 1710812017177 ms | PPG(Green=2129323, Red=2129323, Ir=2129323) | ACC(X=-3.42014026641846, Y=-6.1912202835083, Z=-6.20798587799072) | HR=85 bpm | IBI=0 ms | Participant=P02
639,IBI out of range,Row 639 | Timestamp: 1710812017217 ms | PPG(Green=2130541, Red=2130541, Ir=2130541) | ACC(X=-3.52791786193848, Y=-6.69657707214355, Z=-6.75645351409912) | HR=84 bpm | IBI=0 ms | Participant=P02
640,IBI out of range,Row 640 | Timestamp: 1710812017258 ms | PPG(Green=2131744, Red=2131744, Ir=2131744) | ACC(X=-3.49438691139221, Y=-6.53371334075928, Z=-6.2367262840271) | HR=84 bpm | IBI=0 ms | Participant=P02
641,IBI out of range,Row 641 | Timestamp: 1710812017298 ms | PPG(Green=2133021, Red=2133021, Ir=2133021) | ACC(X=-3.40816497802734, Y=-6.4235405921936, Z=-6.18642997741699) | HR=84 bpm | IBI=0 ms | Participant=P02
642,IBI out of range,Row 642 | Timestamp: 1710812017338 ms | PPG(Green=2133797, Red=2133797, Ir=2133797) | ACC(X=-3.54707813262939, Y=-6.70855236053467, Z=-6.56963920593262) | HR=84 bpm | IBI=0 ms | Participant=P02
643,IBI out of range,Row 643 | Timestamp: 1710812017378 ms | PPG(Green=2134126, Red=2134126, Ir=2134126) | ACC(X=-3.42972040176392, Y=-6.56484889984131, Z=-6.370849609375) | HR=84 bpm | IBI=0 ms | Participant=P02
644,IBI out of range,Row 644 | Timestamp: 1710812017418 ms | PPG(Green=2133970, Red=2133970, Ir=2133970) | ACC(X=-3.49917697906494, Y=-6.63909578323364, Z=-6.3277382850647) | HR=85 bpm | IBI=0 ms | Participant=P02
645,IBI out of range,Row 645 | Timestamp: 1710812017458 ms | PPG(Green=2132955, Red=2132955, Ir=2132955) | ACC(X=-3.57821393013, Y=-6.50257778167725, Z=-6.22714614868164) | HR=85 bpm | IBI=0 ms | Participant=P02
646,IBI out of range,Row 646 | Timestamp: 1710812017498 ms | PPG(Green=2131986, Red=2131986, Ir=2131986) | ACC(X=-3.51594257354736, Y=-6.5959849357605, Z=-6.2367262840271) | HR=85 bpm | IBI=0 ms | Participant=P02
647,IBI out of range,Row 647 | Timestamp: 1710812017539 ms | PPG(Green=2131369, Red=2131369, Ir=2131369) | ACC(X=-3.37702918052673, Y=-6.7372932434082, Z=-6.22475099563599) | HR=85 bpm | IBI=0 ms | Participant=P02
648,IBI out of range,Row 648 | Timestamp: 1710812017578 ms | PPG(Green=2130843, Red=2130843, Ir=2130843) | ACC(X=-3.35786867141724, Y=-6.66065120697021, Z=-6.41156530380249) | HR=85 bpm | IBI=0 ms | Participant=P02
649,IBI out of range,Row 649 | Timestamp: 1710812017619 ms | PPG(Green=2130498, Red=2130498, Ir=2130498) | ACC(X=-3.39858484268188, Y=-6.61754035949707, Z=-6.33252859115601) | HR=85 bpm | IBI=0 ms | Participant=P02
650,IBI out of range,Row 650 | Timestamp: 1710812017659 ms | PPG(Green=2130386, Red=2130386, Ir=2130386) | ACC(X=-3.35547375679016, Y=-6.71573734283447, Z=-6.36366415023804) | HR=85 bpm | IBI=0 ms | Participant=P02
651,IBI out of range,Row 651 | Timestamp: 1710812017699 ms | PPG(Green=2130587, Red=2130587, Ir=2130587) | ACC(X=-3.39379453659058, Y=-6.49778747558594, Z=-6.26786184310913) | HR=86 bpm | IBI=0 ms | Participant=P02
652,IBI out of range,Row 652 | Timestamp: 1710812017740 ms | PPG(Green=2130228, Red=2130228, Ir=2130228) | ACC(X=-3.53270792961121, Y=-6.51694774627686, Z=-6.26546716690063) | HR=85 bpm | IBI=0 ms | Participant=P02
653,IBI out of range,Row 653 | Timestamp: 1710812017779 ms | PPG(Green=2130201, Red=2130201, Ir=2130201) | ACC(X=-3.57102870941162, Y=-6.62951564788818, Z=-6.40677547454834) | HR=86 bpm | IBI=0 ms | Participant=P02
654,IBI out of range,Row 654 | Timestamp: 1710812017819 ms | PPG(Green=2130421, Red=2130421, Ir=2130421) | ACC(X=-3.52552270889282, Y=-6.62233018875122, Z=-6.42114543914795) | HR=86 bpm | IBI=0 ms | Participant=P02
655,IBI out of range,Row 655 | Timestamp: 1710812017859 ms | PPG(Green=2130727, Red=2130727, Ir=2130727) | ACC(X=-3.47522664070129, Y=-6.6414909362793, Z=-6.45946645736694) | HR=87 bpm | IBI=0 ms | Participant=P02
656,IBI out of range,Row 656 | Timestamp: 1710812017899 ms | PPG(Green=2130728, Red=2130728, Ir=2130728) | ACC(X=-3.47762155532837, Y=-6.57682418823242, Z=-6.54089832305908) | HR=87 bpm | IBI=0 ms | Participant=P02
657,IBI out of range,Row 657 | Timestamp: 1710812017940 ms | PPG(Green=2130660, Red=2130660, Ir=2130660) | ACC(X=-3.45846104621887, Y=-6.25349187850952, Z=-6.33731889724731) | HR=87 bpm | IBI=0 ms | Participant=P02
658,IBI out of range,Row 658 | Timestamp: 1710812017979 ms | PPG(Green=2130487, Red=2130487, Ir=2130487) | ACC(X=-3.40337491035461, Y=-6.53610849380493, Z=-6.56963920593262) | HR=87 bpm | IBI=0 ms | Participant=P02
659,IBI out of range,Row 659 | Timestamp: 1710812018019 ms | PPG(Green=2130948, Red=2130948, Ir=2130948) | ACC(X=-3.33391809463501, Y=-6.56963920593262, Z=-6.48820734024048) | HR=86 bpm | IBI=0 ms | Participant=P02
660,IBI out of range,Row 660 | Timestamp: 1710812018059 ms | PPG(Green=2131432, Red=2131432, Ir=2131432) | ACC(X=-3.23572087287903, Y=-6.41875076293945, Z=-6.71334266662598) | HR=86 bpm | IBI=0 ms | Participant=P02
661,IBI out of range,Row 661 | Timestamp: 1710812018100 ms | PPG(Green=2132726, Red=2132726, Ir=2132726) | ACC(X=-3.27883195877075, Y=-6.58400964736938, Z=-6.60077476501465) | HR=85 bpm | IBI=0 ms | Participant=P02
662,IBI out of range,Row 662 | Timestamp: 1710812018140 ms | PPG(Green=2133459, Red=2133459, Ir=2133459) | ACC(X=-3.81292939186096, Y=-7.31929159164429, Z=-6.98877382278442) | HR=85 bpm | IBI=0 ms | Participant=P02
663,IBI out of range,Row 663 | Timestamp: 1710812018180 ms | PPG(Green=2133374, Red=2133374, Ir=2133374) | ACC(X=-3.71233701705933, Y=-7.17319345474243, Z=-6.76603364944458) | HR=85 bpm | IBI=0 ms | Participant=P02
664,IBI out of range,Row 664 | Timestamp: 1710812018220 ms | PPG(Green=2133421, Red=2133421, Ir=2133421) | ACC(X=-3.73868274688721, Y=-7.35282230377197, Z=-6.76124382019043) | HR=85 bpm | IBI=0 ms | Participant=P02
665,IBI out of range,Row 665 | Timestamp: 1710812018260 ms | PPG(Green=2134170, Red=2134170, Ir=2134170) | ACC(X=-3.43930077552795, Y=-6.67981147766113, Z=-6.16008472442627) | HR=86 bpm | IBI=0 ms | Participant=P02
666,IBI out of range,Row 666 | Timestamp: 1710812018300 ms | PPG(Green=2133782, Red=2133782, Ir=2133782) | ACC(X=-3.42972040176392, Y=-6.02596139907837, Z=-5.91339349746704) | HR=84 bpm | IBI=0 ms | Participant=P02
667,IBI out of range,Row 667 | Timestamp: 1710812018341 ms | PPG(Green=2134362, Red=2134362, Ir=2134362) | ACC(X=-3.27404189109802, Y=-6.36126899719238, Z=-5.56611061096191) | HR=84 bpm | IBI=0 ms | Participant=P02
668,IBI out of range,Row 668 | Timestamp: 1710812018380 ms | PPG(Green=2133223, Red=2133223, Ir=2133223) | ACC(X=-3.50875735282898, Y=-7.08218097686768, Z=-6.0499119758606) | HR=84 bpm | IBI=0 ms | Participant=P02
669,IBI out of range,Row 669 | Timestamp: 1710812018420 ms | PPG(Green=2130841, Red=2130841, Ir=2130841) | ACC(X=-3.25727653503418, Y=-6.96721839904785, Z=-4.91465520858765) | HR=84 bpm | IBI=0 ms | Participant=P02
670,IBI out of range,Row 670 | Timestamp: 1710812018461 ms | PPG(Green=2128093, Red=2128093, Ir=2128093) | ACC(X=-3.64527559280396, Y=-7.72166109085083, Z=-5.75292491912842) | HR=83 bpm | IBI=0 ms | Participant=P02
671,IBI out of range,Row 671 | Timestamp: 1710812018501 ms | PPG(Green=2124112, Red=2124112, Ir=2124112) | ACC(X=-3.68599152565002, Y=-7.66657495498657, Z=-5.88704824447632) | HR=83 bpm | IBI=0 ms | Participant=P02
672,IBI out of range,Row 672 | Timestamp: 1710812018541 ms | PPG(Green=2119319, Red=2119319, Ir=2119319) | ACC(X=-3.63090515136719, Y=-8.04020404815674, Z=-5.57808589935303) | HR=83 bpm | IBI=0 ms | Participant=P02
673,IBI out of range,Row 673 | Timestamp: 1710812018581 ms | PPG(Green=2115988, Red=2115988, Ir=2115988) | ACC(X=-3.59497928619385, Y=-7.57556295394897, Z=-5.13500022888184) | HR=82 bpm | IBI=0 ms | Participant=P02
674,IBI out of range,Row 674 | Timestamp: 1710812018621 ms | PPG(Green=2115471, Red=2115471, Ir=2115471) | ACC(X=-3.57102870941162, Y=-7.69292068481445, Z=-4.91944551467896) | HR=83 bpm | IBI=0 ms | Participant=P02
675,IBI out of range,Row 675 | Timestamp: 1710812018661 ms | PPG(Green=2116397, Red=2116397, Ir=2116397) | ACC(X=-3.37702918052673, Y=-7.52526664733887, Z=-4.97932195663452) | HR=82 bpm | IBI=0 ms | Participant=P02
676,IBI out of range,Row 676 | Timestamp: 1710812018701 ms | PPG(Green=2117018, Red=2117018, Ir=2117018) | ACC(X=-3.44888091087341, Y=-7.69292068481445, Z=-4.93142080307007) | HR=82 bpm | IBI=0 ms | Participant=P02
677,IBI out of range,Row 677 | Timestamp: 1710812018742 ms | PPG(Green=2118247, Red=2118247, Ir=2118247) | ACC(X=-3.43451046943665, Y=-7.6474142074585, Z=-4.61766815185547) | HR=83 bpm | IBI=0 ms | Participant=P02
678,IBI out of range,Row 678 | Timestamp: 1710812018781 ms | PPG(Green=2119056, Red=2119056, Ir=2119056) | ACC(X=-3.63330030441284, Y=-7.70968580245972, Z=-4.65838432312012) | HR=83 bpm | IBI=0 ms | Participant=P02
679,IBI out of range,Row 679 | Timestamp: 1710812018821 ms | PPG(Green=2121932, Red=2121932, Ir=2121932) | ACC(X=-3.72670745849609, Y=-7.35282230377197, Z=-4.47875499725342) | HR=83 bpm | IBI=0 ms | Participant=P02
680,IBI out of range,Row 680 | Timestamp: 1710812018861 ms | PPG(Green=2127289, Red=2127289, Ir=2127289) | ACC(X=-3.60216450691223, Y=-7.21151399612427, Z=-4.34223699569702) | HR=83 bpm | IBI=0 ms | Participant=P02
681,IBI out of range,Row 681 | Timestamp: 1710812018902 ms | PPG(Green=2135016, Red=2135016, Ir=2135016) | ACC(X=-3.57821393013, Y=-8.73476982116699, Z=-4.02129936218262) | HR=84 bpm | IBI=0 ms | Participant=P02
682,IBI out of range,Row 682 | Timestamp: 1710812018943 ms | PPG(Green=2143764, Red=2143764, Ir=2143764) | ACC(X=-3.13512849807739, Y=-8.82578182220459, Z=-5.85830736160278) | HR=84 bpm | IBI=0 ms | Participant=P02
683,IBI out of range,Row 683 | Timestamp: 1710812018982 ms | PPG(Green=2160539, Red=2160539, Ir=2160539) | ACC(X=-3.61892986297607, Y=-8.11205577850342, Z=-5.61401176452637) | HR=84 bpm | IBI=0 ms | Participant=P02
684,IBI out of range,Row 684 | Timestamp: 1710812019022 ms | PPG(Green=2178087, Red=2178087, Ir=2178087) | ACC(X=-3.12315320968628, Y=-8.95990562438965, Z=-4.0045337677002) | HR=83 bpm | IBI=0 ms | Participant=P02
685,IBI out of range,Row 685 | Timestamp: 1710812019062 ms | PPG(Green=2192319, Red=2192319, Ir=2192319) | ACC(X=-3.09680771827698, Y=-11.2855043411255, Z=-3.91831183433533) | HR=83 bpm | IBI=0 ms | Participant=P02
686,IBI out of range,Row 686 | Timestamp: 1710812019102 ms | PPG(Green=2207426, Red=2207426, Ir=2207426) | ACC(X=-3.41295504570007, Y=-9.32634925842285, Z=-1.42505848407745) | HR=82 bpm | IBI=0 ms | Participant=P02
687,IBI out of range,Row 687 | Timestamp: 1710812019143 ms | PPG(Green=2222447, Red=2222447, Ir=2222447) | ACC(X=-3.49438691139221, Y=-9.31437397003174, Z=-1.28614521026611) | HR=83 bpm | IBI=0 ms | Participant=P02
688,IBI out of range,Row 688 | Timestamp: 1710812019182 ms | PPG(Green=2234628, Red=2234628, Ir=2234628) | ACC(X=-3.822509765625, Y=-7.29055118560791, Z=1.55439150333405) | HR=83 bpm | IBI=0 ms | Participant=P02
689,IBI out of range,Row 689 | Timestamp: 1710812019222 ms | PPG(Green=2238409, Red=2238409, Ir=2238409) | ACC(X=-3.08483242988586, Y=-5.32420969009399, Z=4.29673099517822) | HR=83 bpm | IBI=0 ms | Participant=P02
690,IBI out of range,Row 690 | Timestamp: 1710812019263 ms | PPG(Green=2247663, Red=2247663, Ir=2247663) | ACC(X=-2.37350058555603, Y=-4.16260766983032, Z=6.63909578323364) | HR=83 bpm | IBI=0 ms | Participant=P02
691,IBI out of range,Row 691 | Timestamp: 1710812019303 ms | PPG(Green=2266167, Red=2266167, Ir=2266167) | ACC(X=-2.42379689216614, Y=-3.56144857406616, Z=8.30844974517822) | HR=83 bpm | IBI=0 ms | Participant=P02
692,IBI out of range,Row 692 | Timestamp: 1710812019343 ms | PPG(Green=2277311, Red=2277311, Ir=2277311) | ACC(X=-2.33996987342834, Y=-3.21416544914246, Z=8.27970886230469) | HR=83 bpm | IBI=0 ms | Participant=P02
693,IBI out of range,Row 693 | Timestamp: 1710812019383 ms | PPG(Green=2283612, Red=2283612, Ir=2283612) | ACC(X=-1.8082674741745, Y=-2.39984631538391, Z=8.36593151092529) | HR=83 bpm | IBI=0 ms | Participant=P02
694,IBI out of range,Row 694 | Timestamp: 1710812019423 ms | PPG(Green=2286579, Red=2286579, Ir=2286579) | ACC(X=-2.098069190979, Y=-3.27164673805237, Z=8.79704093933105) | HR=82 bpm | IBI=0 ms | Participant=P02
695,IBI out of range,Row 695 | Timestamp: 1710812019463 ms | PPG(Green=2289566, Red=2289566, Ir=2289566) | ACC(X=-1.5448112487793, Y=-1.62145304679871, Z=9.66165637969971) | HR=82 bpm | IBI=0 ms | Participant=P02
696,IBI out of range,Row 696 | Timestamp: 1710812019503 ms | PPG(Green=2290974, Red=2290974, Ir=2290974) | ACC(X=-1.17357754707336, Y=-2.76149988174438, Z=9.61615085601807) | HR=82 bpm | IBI=0 ms | Participant=P02
697,IBI out of range,Row 697 | Timestamp: 1710812019544 ms | PPG(Green=2293194, Red=2293194, Ir=2293194) | ACC(X=-0.457455724477768, Y=-1.77952671051025, Z=9.53950881958008) | HR=82 bpm | IBI=0 ms | Participant=P02
698,IBI out of range,Row 698 | Timestamp: 1710812019583 ms | PPG(Green=2295804, Red=2295804, Ir=2295804) | ACC(X=-0.67061573266983, Y=-1.26458966732025, Z=9.87481689453125) | HR=82 bpm | IBI=0 ms | Participant=P02
699,IBI out of range,Row 699 | Timestamp: 1710812019623 ms | PPG(Green=2298092, Red=2298092, Ir=2298092) | ACC(X=-0.174839109182358, Y=-2.66569757461548, Z=9.73350811004639) | HR=82 bpm | IBI=0 ms | Participant=P02
700,IBI out of range,Row 700 | Timestamp: 1710812019664 ms | PPG(Green=2298972, Red=2298972, Ir=2298972) | ACC(X=-0.294591903686523, Y=-2.41900682449341, Z=9.44849681854248) | HR=82 bpm | IBI=0 ms | Participant=P02
701,IBI out of range,Row 701 | Timestamp: 1710812019704 ms | PPG(Green=2299347, Red=2299347, Ir=2299347) | ACC(X=-0.481406301259995, Y=-1.96155107021332, Z=10.3394575119019) | HR=83 bpm | IBI=0 ms | Participant=P02
702,IBI out of range,Row 702 | Timestamp: 1710812019745 ms | PPG(Green=2300381, Red=2300381, Ir=2300381) | ACC(X=-0.0742467418313026, Y=-1.5903172492981, Z=10.2125196456909) | HR=83 bpm | IBI=0 ms | Participant=P02
703,IBI out of range,Row 703 | Timestamp: 1710812019784 ms | PPG(Green=2301258, Red=2301258, Ir=2301258) | ACC(X=-0.182024270296097, Y=-1.73881077766418, Z=9.5562744140625) | HR=82 bpm | IBI=0 ms | Participant=P02
704,IBI out of range,Row 704 | Timestamp: 1710812019824 ms | PPG(Green=2302066, Red=2302066, Ir=2302066) | ACC(X=0.639479994773865, Y=-2.73994421958923, Z=10.832839012146) | HR=82 bpm | IBI=0 ms | Participant=P02
705,IBI out of range,Row 705 | Timestamp: 1710812019864 ms | PPG(Green=2303325, Red=2303325, Ir=2303325) | ACC(X=1.24782431125641, Y=-2.83814167976379, Z=10.3538274765015) | HR=81 bpm | IBI=0 ms | Participant=P02
706,IBI out of range,Row 706 | Timestamp: 1710812019904 ms | PPG(Green=2306053, Red=2306053, Ir=2306053) | ACC(X=1.81066250801086, Y=-1.25979959964752, Z=10.6364440917969) | HR=81 bpm | IBI=0 ms | Participant=P02
707,IBI out of range,Row 707 | Timestamp: 1710812019945 ms | PPG(Green=2309853, Red=2309853, Ir=2309853) | ACC(X=2.02382254600525, Y=0.524517297744751, Z=10.9262466430664) | HR=81 bpm | IBI=0 ms | Participant=P02
708,IBI out of range,Row 708 | Timestamp: 1710812019984 ms | PPG(Green=2312962, Red=2312962, Ir=2312962) | ACC(X=1.67414426803589, Y=-2.71359872817993, Z=9.70476722717285) | HR=81 bpm | IBI=0 ms | Participant=P02
709,IBI out of range,Row 709 | Timestamp: 1710812020025 ms | PPG(Green=2314733, Red=2314733, Ir=2314733) | ACC(X=-0.220345169305801, Y=-2.95310425758362, Z=9.71674251556396) | HR=81 bpm | IBI=0 ms | Participant=P02
710,IBI out of range,Row 710 | Timestamp: 1710812020065 ms | PPG(Green=2314799, Red=2314799, Ir=2314799) | ACC(X=-0.617924511432648, Y=-0.766417980194092, Z=9.94906330108643) | HR=81 bpm | IBI=0 ms | Participant=P02
711,IBI out of range,Row 711 | Timestamp: 1710812020105 ms | PPG(Green=2315829, Red=2315829, Ir=2315829) | ACC(X=-1.92802023887634, Y=-2.5938458442688, Z=9.31197834014893) | HR=80 bpm | IBI=0 ms | Participant=P02
712,IBI out of range,Row 712 | Timestamp: 1710812020146 ms | PPG(Green=2314334, Red=2314334, Ir=2314334) | ACC(X=-2.79742574691772, Y=-2.23698258399963, Z=7.62106895446777) | HR=79 bpm | IBI=0 ms | Participant=P02
713,IBI out of range,Row 713 | Timestamp: 1710812020185 ms | PPG(Green=2311113, Red=2311113, Ir=2311113) | ACC(X=-3.01777076721191, Y=-5.62838220596313, Z=7.49652576446533) | HR=79 bpm | IBI=0 ms | Participant=P02
714,IBI out of range,Row 714 | Timestamp: 1710812020225 ms | PPG(Green=2306348, Red=2306348, Ir=2306348) | ACC(X=-2.95549941062927, Y=-6.03075170516968, Z=6.20319557189941) | HR=79 bpm | IBI=0 ms | Participant=P02
715,IBI out of range,Row 715 | Timestamp: 1710812020265 ms | PPG(Green=2298735, Red=2298735, Ir=2298735) | ACC(X=-2.54115462303162, Y=-6.83070039749146, Z=4.93142080307007) | HR=78 bpm | IBI=0 ms | Participant=P02
716,IBI out of range,Row 716 | Timestamp: 1710812020305 ms | PPG(Green=2290786, Red=2290786, Ir=2290786) | ACC(X=-1.62384808063507, Y=-7.54442691802979, Z=3.98776865005493) | HR=79 bpm | IBI=0 ms | Participant=P02
717,IBI out of range,Row 717 | Timestamp: 1710812020346 ms | PPG(Green=2282718, Red=2282718, Ir=2282718) | ACC(X=-3.40816497802734, Y=-17.6970710754395, Z=3.02974605560303) | HR=78 bpm | IBI=0 ms | Participant=P02
718,IBI out of range,Row 718 | Timestamp: 1710812020386 ms | PPG(Green=2273689, Red=2273689, Ir=2273689) | ACC(X=-3.67162108421326, Y=-9.22336101531982, Z=3.87280583381653) | HR=78 bpm | IBI=0 ms | Participant=P02
719,IBI out of range,Row 719 | Timestamp: 1710812020426 ms | PPG(Green=2262550, Red=2262550, Ir=2262550) | ACC(X=-3.33391809463501, Y=-9.20420074462891, Z=2.57708048820496) | HR=78 bpm | IBI=0 ms | Participant=P02
720,IBI out of range,Row 720 | Timestamp: 1710812020466 ms | PPG(Green=2248673, Red=2248673, Ir=2248673) | ACC(X=-3.00819063186646, Y=-8.12403106689453, Z=3.79855918884277) | HR=77 bpm | IBI=0 ms | Participant=P02
721,IBI out of range,Row 721 | Timestamp: 1710812020506 ms | PPG(Green=2236479, Red=2236479, Ir=2236479) | ACC(X=-3.67880630493164, Y=-8.43299293518066, Z=4.05962038040161) | HR=77 bpm | IBI=0 ms | Participant=P02
722,IBI out of range,Row 722 | Timestamp: 1710812020547 ms | PPG(Green=2227145, Red=2227145, Ir=2227145) | ACC(X=-3.34828853607178, Y=-8.63178253173828, Z=4.84280347824097) | HR=76 bpm | IBI=0 ms | Participant=P02
723,IBI out of range,Row 723 | Timestamp: 1710812020586 ms | PPG(Green=2218923, Red=2218923, Ir=2218923) | ACC(X=-3.15428900718689, Y=-8.28689479827881, Z=5.09428453445435) | HR=76 bpm | IBI=0 ms | Participant=P02
724,IBI out of range,Row 724 | Timestamp: 1710812020626 ms | PPG(Green=2211747, Red=2211747, Ir=2211747) | ACC(X=-3.17105436325073, Y=-8.69165897369385, Z=3.92070698738098) | HR=76 bpm | IBI=0 ms | Participant=P02
725,IBI out of range,Row 725 | Timestamp: 1710812020666 ms | PPG(Green=2206007, Red=2206007, Ir=2206007) | ACC(X=-3.43211555480957, Y=-8.45454788208008, Z=2.85969710350037) | HR=77 bpm | IBI=0 ms | Participant=P02
726,IBI out of range,Row 726 | Timestamp: 1710812020707 ms | PPG(Green=2199957, Red=2199957, Ir=2199957) | ACC(X=-3.9590277671814, Y=-8.22462272644043, Z=3.41295504570007) | HR=78 bpm | IBI=0 ms | Participant=P02
727,IBI out of range,Row 727 | Timestamp: 1710812020747 ms | PPG(Green=2193966, Red=2193966, Ir=2193966) | ACC(X=-3.46804141998291, Y=-7.76956224441528, Z=3.13033843040466) | HR=79 bpm | IBI=0 ms | Participant=P02
728,IBI out of range,Row 728 | Timestamp: 1710812020787 ms | PPG(Green=2185044, Red=2185044, Ir=2185044) | ACC(X=-3.61413979530334, Y=-7.58993291854858, Z=3.00100541114807) | HR=78 bpm | IBI=0 ms | Participant=P02
729,IBI out of range,Row 729 | Timestamp: 1710812020827 ms | PPG(Green=2173488, Red=2173488, Ir=2173488) | ACC(X=-3.87041091918945, Y=-7.90129041671753, Z=3.28841209411621) | HR=78 bpm | IBI=0 ms | Participant=P02
730,IBI out of range,Row 730 | Timestamp: 1710812020867 ms | PPG(Green=2164431, Red=2164431, Ir=2164431) | ACC(X=-4.12668180465698, Y=-7.95398139953613, Z=3.34828853607178) | HR=77 bpm | IBI=0 ms | Participant=P02
731,IBI out of range,Row 731 | Timestamp: 1710812020907 ms | PPG(Green=2158242, Red=2158242, Ir=2158242) | ACC(X=-3.79137396812439, Y=-7.82943868637085, Z=3.63090515136719) | HR=76 bpm | IBI=0 ms | Participant=P02
732,IBI out of range,Row 732 | Timestamp: 1710812020948 ms | PPG(Green=2154019, Red=2154019, Ir=2154019) | ACC(X=-3.64767050743103, Y=-7.52526664733887, Z=3.89915156364441) | HR=76 bpm | IBI=0 ms | Participant=P02
733,IBI out of range,Row 733 | Timestamp: 1710812020987 ms | PPG(Green=2150899, Red=2150899, Ir=2150899) | ACC(X=-3.45367097854614, Y=-8.26533889770508, Z=4.04285478591919) | HR=76 bpm | IBI=0 ms | Participant=P02
734,IBI out of range,Row 734 | Timestamp: 1710812021027 ms | PPG(Green=2148026, Red=2148026, Ir=2148026) | ACC(X=-3.32433795928955, Y=-8.18630218505859, Z=4.47396516799927) | HR=77 bpm | IBI=0 ms | Participant=P02
735,IBI out of range,Row 735 | Timestamp: 1710812021067 ms | PPG(Green=2145538, Red=2145538, Ir=2145538) | ACC(X=-3.35307860374451, Y=-7.88213014602661, Z=5.33139514923096) | HR=78 bpm | IBI=0 ms | Participant=P02
736,IBI out of range,Row 736 | Timestamp: 1710812021108 ms | PPG(Green=2143187, Red=2143187, Ir=2143187) | ACC(X=-3.07764720916748, Y=-7.66897010803223, Z=6.36845445632935) | HR=78 bpm | IBI=0 ms | Participant=P02
737,IBI out of range,Row 737 | Timestamp: 1710812021148 ms | PPG(Green=2140472, Red=2140472, Ir=2140472) | ACC(X=-2.77108001708984, Y=-8.14319133758545, Z=5.36013555526733) | HR=79 bpm | IBI=0 ms | Participant=P02
738,IBI out of range,Row 738 | Timestamp: 1710812021188 ms | PPG(Green=2133143, Red=2133143, Ir=2133143) | ACC(X=-2.93394374847412, Y=-7.83662366867065, Z=4.93381595611572) | HR=79 bpm | IBI=0 ms | Participant=P02
739,IBI out of range,Row 739 | Timestamp: 1710812021228 ms | PPG(Green=2123160, Red=2123160, Ir=2123160) | ACC(X=-2.87406730651855, Y=-8.13121604919434, Z=4.7829270362854) | HR=79 bpm | IBI=0 ms | Participant=P02
740,IBI out of range,Row 740 | Timestamp: 1710812021268 ms | PPG(Green=2114698, Red=2114698, Ir=2114698) | ACC(X=-2.82137608528137, Y=-8.18630218505859, Z=4.61048316955566) | HR=79 bpm | IBI=0 ms | Participant=P02
741,IBI out of range,Row 741 | Timestamp: 1710812021308 ms | PPG(Green=2107770, Red=2107770, Ir=2107770) | ACC(X=-2.76628994941711, Y=-8.48807907104492, Z=4.43324899673462) | HR=79 bpm | IBI=0 ms | Participant=P02
742,IBI out of range,Row 742 | Timestamp: 1710812021349 ms | PPG(Green=2101606, Red=2101606, Ir=2101606) | ACC(X=-2.61779642105103, Y=-8.52639961242676, Z=4.43085384368896) | HR=79 bpm | IBI=0 ms | Participant=P02
743,IBI out of range,Row 743 | Timestamp: 1710812021388 ms | PPG(Green=2096687, Red=2096687, Ir=2096687) | ACC(X=-2.57947540283203, Y=-8.53598022460938, Z=4.52426099777222) | HR=80 bpm | IBI=0 ms | Participant=P02
744,IBI out of range,Row 744 | Timestamp: 1710812021429 ms | PPG(Green=2092069, Red=2092069, Ir=2092069) | ACC(X=-2.65611720085144, Y=-8.38988208770752, Z=4.54342174530029) | HR=80 bpm | IBI=0 ms | Participant=P02
745,IBI out of range,Row 745 | Timestamp: 1710812021469 ms | PPG(Green=2087453, Red=2087453, Ir=2087453) | ACC(X=-2.6130063533783, Y=-8.36832618713379, Z=4.31349611282349) | HR=80 bpm | IBI=0 ms | Participant=P02
746,IBI out of range,Row 746 | Timestamp: 1710812021509 ms | PPG(Green=2082202, Red=2082202, Ir=2082202) | ACC(X=-2.67527770996094, Y=-8.37551116943359, Z=4.3709774017334) | HR=80 bpm | IBI=0 ms | Participant=P02
747,IBI out of range,Row 747 | Timestamp: 1710812021550 ms | PPG(Green=2077068, Red=2077068, Ir=2077068) | ACC(X=-2.61061120033264, Y=-8.3803014755249, Z=4.49312543869019) | HR=81 bpm | IBI=0 ms | Participant=P02
748,IBI out of range,Row 748 | Timestamp: 1710812021589 ms | PPG(Green=2072804, Red=2072804, Ir=2072804) | ACC(X=-2.61779642105103, Y=-8.2821044921875, Z=4.46198987960815) | HR=81 bpm | IBI=0 ms | Participant=P02
749,IBI out of range,Row 749 | Timestamp: 1710812021629 ms | PPG(Green=2068891, Red=2068891, Ir=2068891) | ACC(X=-2.754314661026, Y=-8.23899364471436, Z=4.37576770782471) | HR=81 bpm | IBI=0 ms | Participant=P02
750,IBI out of range,Row 750 | Timestamp: 1710812021669 ms | PPG(Green=2065417, Red=2065417, Ir=2065417) | ACC(X=-2.55073475837708, Y=-8.32521533966064, Z=4.46917486190796) | HR=81 bpm | IBI=0 ms | Participant=P02
751,IBI out of range,Row 751 | Timestamp: 1710812021710 ms | PPG(Green=2062488, Red=2062488, Ir=2062488) | ACC(X=-2.61061120033264, Y=-8.44257259368896, Z=4.43564414978027) | HR=82 bpm | IBI=0 ms | Participant=P02
752,IBI out of range,Row 752 | Timestamp: 1710812021750 ms | PPG(Green=2059829, Red=2059829, Ir=2059829) | ACC(X=-2.53636455535889, Y=-8.33000564575195, Z=4.35900211334229) | HR=82 bpm | IBI=0 ms | Participant=P02
753,IBI out of range,Row 753 | Timestamp: 1710812021790 ms | PPG(Green=2057232, Red=2057232, Ir=2057232) | ACC(X=-2.58666062355042, Y=-8.38748645782471, Z=4.40211343765259) | HR=81 bpm | IBI=0 ms | Participant=P02
754,IBI out of range,Row 754 | Timestamp: 1710812021830 ms | PPG(Green=2054837, Red=2054837, Ir=2054837) | ACC(X=-2.5938458442688, Y=-8.43059730529785, Z=4.39013814926147) | HR=81 bpm | IBI=0 ms | Participant=P02
755,IBI out of range,Row 755 | Timestamp: 1710812021870 ms | PPG(Green=2052690, Red=2052690, Ir=2052690) | ACC(X=-2.53636455535889, Y=-8.42101764678955, Z=4.45719957351685) | HR=82 bpm | IBI=0 ms | Participant=P02
756,IBI out of range,Row 756 | Timestamp: 1710812021910 ms | PPG(Green=2050098, Red=2050098, Ir=2050098) | ACC(X=-2.42140173912048, Y=-8.42341232299805, Z=4.4667797088623) | HR=83 bpm | IBI=0 ms | Participant=P02
757,IBI out of range,Row 757 | Timestamp: 1710812021951 ms | PPG(Green=2042879, Red=2042879, Ir=2042879) | ACC(X=-2.55552506446838, Y=-8.27252388000488, Z=4.32307624816895) | HR=84 bpm | IBI=0 ms | Participant=P02
758,IBI out of range,Row 758 | Timestamp: 1710812021990 ms | PPG(Green=2033231, Red=2033231, Ir=2033231) | ACC(X=-2.55312991142273, Y=-8.38269710540771, Z=4.3709774017334) | HR=83 bpm | IBI=0 ms | Participant=P02
759,IBI out of range,Row 759 | Timestamp: 1710812022030 ms | PPG(Green=2024042, Red=2024042, Ir=2024042) | ACC(X=-2.53396940231323, Y=-8.41383266448975, Z=4.38295269012451) | HR=83 bpm | IBI=0 ms | Participant=P02
760,IBI out of range,Row 760 | Timestamp: 1710812022071 ms | PPG(Green=2016306, Red=2016306, Ir=2016306) | ACC(X=-2.55073475837708, Y=-8.43299293518066, Z=4.36139726638794) | HR=85 bpm | IBI=0 ms | Participant=P02
761,IBI out of range,Row 761 | Timestamp: 1710812022111 ms | PPG(Green=2010058, Red=2010058, Ir=2010058) | ACC(X=-2.52199411392212, Y=-8.45215320587158, Z=4.43085384368896) | HR=86 bpm | IBI=0 ms | Participant=P02
762,IBI out of range,Row 762 | Timestamp: 1710812022152 ms | PPG(Green=2005046, Red=2005046, Ir=2005046) | ACC(X=-2.43816709518433, Y=-8.40425205230713, Z=4.36139726638794) | HR=87 bpm | IBI=0 ms | Participant=P02
763,IBI out of range,Row 763 | Timestamp: 1710812022191 ms | PPG(Green=2000780, Red=2000780, Ir=2000780) | ACC(X=-2.48127818107605, Y=-8.42341232299805, Z=4.42127370834351) | HR=86 bpm | IBI=0 ms | Participant=P02
764,IBI out of range,Row 764 | Timestamp: 1710812022231 ms | PPG(Green=1996355, Red=1996355, Ir=1996355) | ACC(X=-2.54594469070435, Y=-8.41383266448975, Z=4.41887855529785) | HR=86 bpm | IBI=0 ms | Participant=P02
765,IBI out of range,Row 765 | Timestamp: 1710812022271 ms | PPG(Green=1991602, Red=1991602, Ir=1991602) | ACC(X=-2.51241397857666, Y=-8.40185737609863, Z=4.31589126586914) | HR=87 bpm | IBI=0 ms | Participant=P02
766,IBI out of range,Row 766 | Timestamp: 1710812022312 ms | PPG(Green=1986904, Red=1986904, Ir=1986904) | ACC(X=-2.51720404624939, Y=-8.3731164932251, Z=4.39492797851563) | HR=88 bpm | IBI=0 ms | Participant=P02
767,IBI out of range,Row 767 | Timestamp: 1710812022352 ms | PPG(Green=1982540, Red=1982540, Ir=1982540) | ACC(X=-2.51241397857666, Y=-8.55035018920898, Z=4.21769380569458) | HR=89 bpm | IBI=0 ms | Participant=P02
768,HeartRate out of range,Row 768 | Timestamp: 1710812022392 ms | PPG(Green=1978945, Red=1978945, Ir=1978945) | ACC(X=-2.44774746894836, Y=-8.61501693725586, Z=4.25840997695923) | HR=0 bpm | IBI=0 ms | Participant=P02
769,HeartRate out of range,Row 769 | Timestamp: 1710812022432 ms | PPG(Green=1975768, Red=1975768, Ir=1975768) | ACC(X=-2.48846340179443, Y=-8.54795551300049, Z=4.30870628356934) | HR=0 bpm | IBI=0 ms | Participant=P02
770,HeartRate out of range,Row 770 | Timestamp: 1710812022472 ms | PPG(Green=1973233, Red=1973233, Ir=1973233) | ACC(X=-2.47169804573059, Y=-8.58148670196533, Z=4.28715038299561) | HR=0 bpm | IBI=0 ms | Participant=P02
771,HeartRate out of range,Row 771 | Timestamp: 1710812022512 ms | PPG(Green=1970640, Red=1970640, Ir=1970640) | ACC(X=-2.57229042053223, Y=-8.45215320587158, Z=4.24164438247681) | HR=0 bpm | IBI=0 ms | Participant=P02
772,HeartRate out of range,Row 772 | Timestamp: 1710812022553 ms | PPG(Green=1968516, Red=1968516, Ir=1968516) | ACC(X=-2.53636455535889, Y=-8.36593151092529, Z=4.26559495925903) | HR=0 bpm | IBI=0 ms | Participant=P02
773,HeartRate out of range,Row 773 | Timestamp: 1710812022593 ms | PPG(Green=1966538, Red=1966538, Ir=1966538) | ACC(X=-2.44056224822998, Y=-8.43299293518066, Z=4.31589126586914) | HR=0 bpm | IBI=0 ms | Participant=P02
774,HeartRate out of range,Row 774 | Timestamp: 1710812022633 ms | PPG(Green=1964660, Red=1964660, Ir=1964660) | ACC(X=-2.53157448768616, Y=-8.51681995391846, Z=4.26319980621338) | HR=0 bpm | IBI=0 ms | Participant=P02
775,HeartRate out of range,Row 775 | Timestamp: 1710812022673 ms | PPG(Green=1960234, Red=1960234, Ir=1960234) | ACC(X=-2.50043869018555, Y=-8.50963497161865, Z=4.16500282287598) | HR=0 bpm | IBI=0 ms | Participant=P02
776,HeartRate out of range,Row 776 | Timestamp: 1710812022713 ms | PPG(Green=1952267, Red=1952267, Ir=1952267) | ACC(X=-2.37589573860169, Y=-8.51442432403564, Z=4.31589126586914) | HR=0 bpm | IBI=0 ms | Participant=P02
777,HeartRate out of range,Row 777 | Timestamp: 1710812022754 ms | PPG(Green=1944095, Red=1944095, Ir=1944095) | ACC(X=-2.4836733341217, Y=-8.44257259368896, Z=4.27038526535034) | HR=0 bpm | IBI=0 ms | Participant=P02
778,HeartRate out of range,Row 778 | Timestamp: 1710812022794 ms | PPG(Green=1937362, Red=1937362, Ir=1937362) | ACC(X=-2.47648811340332, Y=-8.44736289978027, Z=4.23206424713135) | HR=0 bpm | IBI=0 ms | Participant=P02
779,HeartRate out of range,Row 779 | Timestamp: 1710812022834 ms | PPG(Green=1932020, Red=1932020, Ir=1932020) | ACC(X=-2.42379689216614, Y=-8.45454788208008, Z=4.34702682495117) | HR=0 bpm | IBI=0 ms | Participant=P02
780,HeartRate out of range,Row 780 | Timestamp: 1710812022874 ms | PPG(Green=1927965, Red=1927965, Ir=1927965) | ACC(X=-2.49085855484009, Y=-8.54077053070068, Z=4.29433584213257) | HR=0 bpm | IBI=0 ms | Participant=P02
781,HeartRate out of range,Row 781 | Timestamp: 1710812022914 ms | PPG(Green=1925013, Red=1925013, Ir=1925013) | ACC(X=-2.45253753662109, Y=-8.56711578369141, Z=4.28715038299561) | HR=0 bpm | IBI=0 ms | Participant=P02
782,HeartRate out of range,Row 782 | Timestamp: 1710812022955 ms | PPG(Green=1921963, Red=1921963, Ir=1921963) | ACC(X=-2.53396940231323, Y=-8.5599308013916, Z=4.27038526535034) | HR=0 bpm | IBI=0 ms | Participant=P02
783,HeartRate out of range,Row 783 | Timestamp: 1710812022994 ms | PPG(Green=1918729, Red=1918729, Ir=1918729) | ACC(X=-2.45014238357544, Y=-8.49526405334473, Z=4.27038526535034) | HR=0 bpm | IBI=0 ms | Participant=P02
784,HeartRate out of range,Row 784 | Timestamp: 1710812023034 ms | PPG(Green=1915193, Red=1915193, Ir=1915193) | ACC(X=-2.5291793346405, Y=-8.44736289978027, Z=4.2799654006958) | HR=0 bpm | IBI=0 ms | Participant=P02
785,HeartRate out of range,Row 785 | Timestamp: 1710812023074 ms | PPG(Green=1912143, Red=1912143, Ir=1912143) | ACC(X=-2.50043869018555, Y=-8.42820262908936, Z=4.25122451782227) | HR=0 bpm | IBI=0 ms | Participant=P02
786,HeartRate out of range,Row 786 | Timestamp: 1710812023115 ms | PPG(Green=1909713, Red=1909713, Ir=1909713) | ACC(X=-2.42140173912048, Y=-8.54795551300049, Z=4.29673099517822) | HR=0 bpm | IBI=0 ms | Participant=P02
787,HeartRate out of range,Row 787 | Timestamp: 1710812023156 ms | PPG(Green=1907777, Red=1907777, Ir=1907777) | ACC(X=-2.41182160377502, Y=-8.52400493621826, Z=4.30870628356934) | HR=0 bpm | IBI=0 ms | Participant=P02
788,HeartRate out of range,Row 788 | Timestamp: 1710812023195 ms | PPG(Green=1906229, Red=1906229, Ir=1906229) | ACC(X=-2.43098211288452, Y=-8.45933818817139, Z=4.22487926483154) | HR=0 bpm | IBI=0 ms | Participant=P02
789,HeartRate out of range,Row 789 | Timestamp: 1710812023235 ms | PPG(Green=1905122, Red=1905122, Ir=1905122) | ACC(X=-2.45493268966675, Y=-8.57430076599121, Z=4.25601482391357) | HR=0 bpm | IBI=0 ms | Participant=P02
790,HeartRate out of range,Row 790 | Timestamp: 1710812023275 ms | PPG(Green=1904126, Red=1904126, Ir=1904126) | ACC(X=-2.33278465270996, Y=-8.45933818817139, Z=4.26559495925903) | HR=0 bpm | IBI=0 ms | Participant=P02
791,HeartRate out of range,Row 791 | Timestamp: 1710812023315 ms | PPG(Green=1900712, Red=1900712, Ir=1900712) | ACC(X=-2.42858695983887, Y=-8.50723934173584, Z=4.28475570678711) | HR=0 bpm | IBI=0 ms | Participant=P02
792,HeartRate out of range,Row 792 | Timestamp: 1710812023356 ms | PPG(Green=1895115, Red=1895115, Ir=1895115) | ACC(X=-2.41900682449341, Y=-8.4784984588623, Z=4.32307624816895) | HR=0 bpm | IBI=0 ms | Participant=P02
793,HeartRate out of range,Row 793 | Timestamp: 1710812023395 ms | PPG(Green=1889000, Red=1889000, Ir=1889000) | ACC(X=-2.34715509414673, Y=-8.42820262908936, Z=4.29912567138672) | HR=0 bpm | IBI=0 ms | Participant=P02
794,HeartRate out of range,Row 794 | Timestamp: 1710812023435 ms | PPG(Green=1883743, Red=1883743, Ir=1883743) | ACC(X=-2.42140173912048, Y=-8.48328876495361, Z=4.26319980621338) | HR=0 bpm | IBI=0 ms | Participant=P02
795,HeartRate out of range,Row 795 | Timestamp: 1710812023476 ms | PPG(Green=1880018, Red=1880018, Ir=1880018) | ACC(X=-2.43098211288452, Y=-8.48568439483643, Z=4.24882984161377) | HR=0 bpm | IBI=0 ms | Participant=P02
796,HeartRate out of range,Row 796 | Timestamp: 1710812023516 ms | PPG(Green=1877481, Red=1877481, Ir=1877481) | ACC(X=-2.38068580627441, Y=-8.55035018920898, Z=4.27038526535034) | HR=0 bpm | IBI=0 ms | Participant=P02
797,IBI out of range,Row 797 | Timestamp: 1710812023556 ms | PPG(Green=1875815, Red=1875815, Ir=1875815) | ACC(X=-2.34715509414673, Y=-8.62938785552979, Z=4.32307624816895) | HR=80 bpm | IBI=0 ms | Participant=P02
798,HeartRate out of range,Row 798 | Timestamp: 1710812023596 ms | PPG(Green=1874343, Red=1874343, Ir=1874343) | ACC(X=-2.37589573860169, Y=-8.68447399139404, Z=4.25361967086792) | HR=0 bpm | IBI=0 ms | Participant=P02
799,HeartRate out of range,Row 799 | Timestamp: 1710812023636 ms | PPG(Green=1872445, Red=1872445, Ir=1872445) | ACC(X=-2.39984631538391, Y=-8.44975852966309, Z=4.30870628356934) | HR=0 bpm | IBI=0 ms | Participant=P02
800,IBI out of range,Row 800 | Timestamp: 1710812023676 ms | PPG(Green=1870393, Red=1870393, Ir=1870393) | ACC(X=-2.47888326644897, Y=-8.4713134765625, Z=4.33744668960571) | HR=77 bpm | IBI=0 ms | Participant=P02
801,IBI out of range,Row 801 | Timestamp: 1710812023716 ms | PPG(Green=1868675, Red=1868675, Ir=1868675) | ACC(X=-2.47409296035767, Y=-8.49765968322754, Z=4.32786655426025) | HR=77 bpm | IBI=0 ms | Participant=P02
802,IBI out of range,Row 802 | Timestamp: 1710812023757 ms | PPG(Green=1867205, Red=1867205, Ir=1867205) | ACC(X=-2.3878710269928, Y=-8.38509178161621, Z=4.34942197799683) | HR=76 bpm | IBI=0 ms | Participant=P02
803,IBI out of range,Row 803 | Timestamp: 1710812023796 ms | PPG(Green=1866420, Red=1866420, Ir=1866420) | ACC(X=-2.38068580627441, Y=-8.50005435943604, Z=4.38774299621582) | HR=75 bpm | IBI=0 ms | Participant=P02
804,IBI out of range,Row 804 | Timestamp: 1710812023836 ms | PPG(Green=1865783, Red=1865783, Ir=1865783) | ACC(X=-2.46211767196655, Y=-8.3707218170166, Z=4.35181713104248) | HR=69 bpm | IBI=0 ms | Participant=P02
805,IBI out of range,Row 805 | Timestamp: 1710812023877 ms | PPG(Green=1865487, Red=1865487, Ir=1865487) | ACC(X=-2.46690797805786, Y=-8.39467239379883, Z=4.37576770782471) | HR=68 bpm | IBI=0 ms | Participant=P02
806,IBI out of range,Row 806 | Timestamp: 1710812023916 ms | PPG(Green=1865309, Red=1865309, Ir=1865309) | ACC(X=-2.39984631538391, Y=-8.41383266448975, Z=4.33744668960571) | HR=65 bpm | IBI=0 ms | Participant=P02
807,IBI out of range,Row 807 | Timestamp: 1710812023957 ms | PPG(Green=1864608, Red=1864608, Ir=1864608) | ACC(X=-2.46690797805786, Y=-8.49765968322754, Z=4.33026170730591) | HR=63 bpm | IBI=0 ms | Participant=P02
808,IBI out of range,Row 808 | Timestamp: 1710812023997 ms | PPG(Green=1860917, Red=1860917, Ir=1860917) | ACC(X=-2.44535231590271, Y=-8.45454788208008, Z=4.33026170730591) | HR=63 bpm | IBI=0 ms | Participant=P02
809,IBI out of range,Row 809 | Timestamp: 1710812024037 ms | PPG(Green=1855825, Red=1855825, Ir=1855825) | ACC(X=-2.49085855484009, Y=-8.45454788208008, Z=4.40690326690674) | HR=63 bpm | IBI=0 ms | Participant=P02
810,IBI out of range,Row 810 | Timestamp: 1710812024077 ms | PPG(Green=1851421, Red=1851421, Ir=1851421) | ACC(X=-2.48127818107605, Y=-8.43059730529785, Z=4.4140887260437) | HR=63 bpm | IBI=0 ms | Participant=P02
811,IBI out of range,Row 811 | Timestamp: 1710812024117 ms | PPG(Green=1848284, Red=1848284, Ir=1848284) | ACC(X=-2.45732760429382, Y=-8.42341232299805, Z=4.4164834022522) | HR=63 bpm | IBI=0 ms | Participant=P02
812,IBI out of range,Row 812 | Timestamp: 1710812024158 ms | PPG(Green=1846303, Red=1846303, Ir=1846303) | ACC(X=-2.45014238357544, Y=-8.39227676391602, Z=4.40690326690674) | HR=61 bpm | IBI=0 ms | Participant=P02
813,IBI out of range,Row 813 | Timestamp: 1710812024197 ms | PPG(Green=1845203, Red=1845203, Ir=1845203) | ACC(X=-2.46690797805786, Y=-8.40185737609863, Z=4.4140887260437) | HR=62 bpm | IBI=0 ms | Participant=P02
814,IBI out of range,Row 814 | Timestamp: 1710812024237 ms | PPG(Green=1844442, Red=1844442, Ir=1844442) | ACC(X=-2.46451282501221, Y=-8.49047374725342, Z=4.46917486190796) | HR=64 bpm | IBI=0 ms | Participant=P02
815,IBI out of range,Row 815 | Timestamp: 1710812024277 ms | PPG(Green=1843457, Red=1843457, Ir=1843457) | ACC(X=-2.45972275733948, Y=-8.41622734069824, Z=4.39971828460693) | HR=64 bpm | IBI=0 ms | Participant=P02
816,IBI out of range,Row 816 | Timestamp: 1710812024317 ms | PPG(Green=1842098, Red=1842098, Ir=1842098) | ACC(X=-2.49325346946716, Y=-8.41622734069824, Z=4.48354530334473) | HR=64 bpm | IBI=0 ms | Participant=P02
817,IBI out of range,Row 817 | Timestamp: 1710812024358 ms | PPG(Green=1841011, Red=1841011, Ir=1841011) | ACC(X=-2.4836733341217, Y=-8.36353588104248, Z=4.49073028564453) | HR=63 bpm | IBI=0 ms | Participant=P02
818,IBI out of range,Row 818 | Timestamp: 1710812024398 ms | PPG(Green=1840164, Red=1840164, Ir=1840164) | ACC(X=-2.51959919929504, Y=-8.30844974517822, Z=4.41169357299805) | HR=63 bpm | IBI=0 ms | Participant=P02
819,IBI out of range,Row 819 | Timestamp: 1710812024438 ms | PPG(Green=1839822, Red=1839822, Ir=1839822) | ACC(X=-2.51001882553101, Y=-8.4713134765625, Z=4.4595947265625) | HR=63 bpm | IBI=0 ms | Participant=P02
820,IBI out of range,Row 820 | Timestamp: 1710812024478 ms | PPG(Green=1839685, Red=1839685, Ir=1839685) | ACC(X=-2.45253753662109, Y=-8.30605506896973, Z=4.48354530334473) | HR=61 bpm | IBI=0 ms | Participant=P02
821,IBI out of range,Row 821 | Timestamp: 1710812024518 ms | PPG(Green=1839811, Red=1839811, Ir=1839811) | ACC(X=-2.47169804573059, Y=-8.37551116943359, Z=4.48833513259888) | HR=63 bpm | IBI=0 ms | Participant=P02
822,IBI out of range,Row 822 | Timestamp: 1710812024559 ms | PPG(Green=1840366, Red=1840366, Ir=1840366) | ACC(X=-2.54354977607727, Y=-8.32761001586914, Z=4.49552059173584) | HR=63 bpm | IBI=0 ms | Participant=P02
823,IBI out of range,Row 823 | Timestamp: 1710812024598 ms | PPG(Green=1840768, Red=1840768, Ir=1840768) | ACC(X=-2.42379689216614, Y=-8.38988208770752, Z=4.49312543869019) | HR=64 bpm | IBI=0 ms | Participant=P02
824,IBI out of range,Row 824 | Timestamp: 1710812024638 ms | PPG(Green=1838579, Red=1838579, Ir=1838579) | ACC(X=-2.59145069122314, Y=-8.35635089874268, Z=4.46438455581665) | HR=65 bpm | IBI=0 ms | Participant=P02
825,IBI out of range,Row 825 | Timestamp: 1710812024678 ms | PPG(Green=1834260, Red=1834260, Ir=1834260) | ACC(X=-2.47409296035767, Y=-8.38748645782471, Z=4.54342174530029) | HR=67 bpm | IBI=0 ms | Participant=P02
826,IBI out of range,Row 826 | Timestamp: 1710812024718 ms | PPG(Green=1829963, Red=1829963, Ir=1829963) | ACC(X=-2.50043869018555, Y=-8.35635089874268, Z=4.47396516799927) | HR=68 bpm | IBI=0 ms | Participant=P02
827,IBI out of range,Row 827 | Timestamp: 1710812024759 ms | PPG(Green=1826827, Red=1826827, Ir=1826827) | ACC(X=-2.49804353713989, Y=-8.23180770874023, Z=4.62245845794678) | HR=68 bpm | IBI=0 ms | Participant=P02
828,IBI out of range,Row 828 | Timestamp: 1710812024799 ms | PPG(Green=1824696, Red=1824696, Ir=1824696) | ACC(X=-2.52438926696777, Y=-8.2916841506958, Z=4.53623628616333) | HR=67 bpm | IBI=0 ms | Participant=P02
829,IBI out of range,Row 829 | Timestamp: 1710812024839 ms | PPG(Green=1823657, Red=1823657, Ir=1823657) | ACC(X=-2.45493268966675, Y=-8.2892894744873, Z=4.65359401702881) | HR=69 bpm | IBI=0 ms | Participant=P02
830,IBI out of range,Row 830 | Timestamp: 1710812024879 ms | PPG(Green=1823294, Red=1823294, Ir=1823294) | ACC(X=-2.43816709518433, Y=-8.284499168396, Z=4.56737232208252) | HR=68 bpm | IBI=0 ms | Participant=P02
831,IBI out of range,Row 831 | Timestamp: 1710812024919 ms | PPG(Green=1823062, Red=1823062, Ir=1823062) | ACC(X=-2.6130063533783, Y=-8.25575828552246, Z=4.5577917098999) | HR=69 bpm | IBI=0 ms | Participant=P02
832,IBI out of range,Row 832 | Timestamp: 1710812024960 ms | PPG(Green=1822650, Red=1822650, Ir=1822650) | ACC(X=-2.50283360481262, Y=-8.26773357391357, Z=4.58653259277344) | HR=68 bpm | IBI=0 ms | Participant=P02
833,IBI out of range,Row 833 | Timestamp: 1710812024999 ms | PPG(Green=1822249, Red=1822249, Ir=1822249) | ACC(X=-2.54115462303162, Y=-8.25575828552246, Z=4.53623628616333) | HR=72 bpm | IBI=0 ms | Participant=P02
834,HeartRate out of range,Row 834 | Timestamp: 1710812025039 ms | PPG(Green=1822209, Red=1822209, Ir=1822209) | ACC(X=-2.54594469070435, Y=-8.37790679931641, Z=4.67514991760254) | HR=0 bpm | IBI=0 ms | Participant=P02
835,IBI out of range,Row 835 | Timestamp: 1710812025079 ms | PPG(Green=1822268, Red=1822268, Ir=1822268) | ACC(X=-2.54115462303162, Y=-8.31803035736084, Z=4.61048316955566) | HR=71 bpm | IBI=0 ms | Participant=P02
836,IBI out of range,Row 836 | Timestamp: 1710812025119 ms | PPG(Green=1822769, Red=1822769, Ir=1822769) | ACC(X=-2.53157448768616, Y=-8.33240032196045, Z=4.56976699829102) | HR=73 bpm | IBI=0 ms | Participant=P02
837,IBI out of range,Row 837 | Timestamp: 1710812025160 ms | PPG(Green=1823424, Red=1823424, Ir=1823424) | ACC(X=-2.45014238357544, Y=-8.33719062805176, Z=4.6919150352478) | HR=73 bpm | IBI=0 ms | Participant=P02
838,HeartRate out of range,Row 838 | Timestamp: 1710812025200 ms | PPG(Green=1824462, Red=1824462, Ir=1824462) | ACC(X=-2.51959919929504, Y=-8.28689479827881, Z=4.53863143920898) | HR=0 bpm | IBI=0 ms | Participant=P02
839,HeartRate out of range,Row 839 | Timestamp: 1710812025240 ms | PPG(Green=1825598, Red=1825598, Ir=1825598) | ACC(X=-2.53636455535889, Y=-8.33479595184326, Z=4.48115015029907) | HR=0 bpm | IBI=0 ms | Participant=P02
840,HeartRate out of range,Row 840 | Timestamp: 1710812025280 ms | PPG(Green=1826801, Red=1826801, Ir=1826801) | ACC(X=-2.46930289268494, Y=-8.31084537506104, Z=4.6392240524292) | HR=0 bpm | IBI=0 ms | Participant=P02
841,HeartRate out of range,Row 841 | Timestamp: 1710812025320 ms | PPG(Green=1827438, Red=1827438, Ir=1827438) | ACC(X=-2.47169804573059, Y=-8.2892894744873, Z=4.56258201599121) | HR=0 bpm | IBI=0 ms | Participant=P02
842,HeartRate out of range,Row 842 | Timestamp: 1710812025361 ms | PPG(Green=1825020, Red=1825020, Ir=1825020) | ACC(X=-2.43577218055725, Y=-8.35395622253418, Z=4.57455730438232) | HR=0 bpm | IBI=0 ms | Participant=P02
843,HeartRate out of range,Row 843 | Timestamp: 1710812025400 ms | PPG(Green=1821381, Red=1821381, Ir=1821381) | ACC(X=-2.50043869018555, Y=-8.2892894744873, Z=4.53144645690918) | HR=0 bpm | IBI=0 ms | Participant=P02
844,HeartRate out of range,Row 844 | Timestamp: 1710812025440 ms | PPG(Green=1818145, Red=1818145, Ir=1818145) | ACC(X=-2.49085855484009, Y=-8.30844974517822, Z=4.62964344024658) | HR=0 bpm | IBI=0 ms | Participant=P02
845,HeartRate out of range,Row 845 | Timestamp: 1710812025480 ms | PPG(Green=1816093, Red=1816093, Ir=1816093) | ACC(X=-2.45253753662109, Y=-8.28689479827881, Z=4.67754459381104) | HR=0 bpm | IBI=0 ms | Participant=P02
846,HeartRate out of range,Row 846 | Timestamp: 1710812025520 ms | PPG(Green=1814910, Red=1814910, Ir=1814910) | ACC(X=-2.49564862251282, Y=-8.26773357391357, Z=4.63203859329224) | HR=0 bpm | IBI=0 ms | Participant=P02
847,HeartRate out of range,Row 847 | Timestamp: 1710812025561 ms | PPG(Green=1814361, Red=1814361, Ir=1814361) | ACC(X=-2.53875946998596, Y=-8.28689479827881, Z=4.57455730438232) | HR=0 bpm | IBI=0 ms | Participant=P02
848,HeartRate out of range,Row 848 | Timestamp: 1710812025601 ms | PPG(Green=1814173, Red=1814173, Ir=1814173) | ACC(X=-2.5291793346405, Y=-8.31084537506104, Z=4.5577917098999) | HR=0 bpm | IBI=0 ms | Participant=P02
849,HeartRate out of range,Row 849 | Timestamp: 1710812025641 ms | PPG(Green=1814138, Red=1814138, Ir=1814138) | ACC(X=-2.53875946998596, Y=-8.33000564575195, Z=4.62245845794678) | HR=0 bpm | IBI=0 ms | Participant=P02
850,HeartRate out of range,Row 850 | Timestamp: 1710812025681 ms | PPG(Green=1813812, Red=1813812, Ir=1813812) | ACC(X=-2.51959919929504, Y=-8.31803035736084, Z=4.60808801651001) | HR=0 bpm | IBI=0 ms | Participant=P02
851,HeartRate out of range,Row 851 | Timestamp: 1710812025721 ms | PPG(Green=1813731, Red=1813731, Ir=1813731) | ACC(X=-2.49804353713989, Y=-8.29887008666992, Z=4.56976699829102) | HR=0 bpm | IBI=0 ms | Participant=P02
852,IBI out of range,Row 852 | Timestamp: 1710812025762 ms | PPG(Green=1813887, Red=1813887, Ir=1813887) | ACC(X=-2.50762391090393, Y=-8.25815391540527, Z=4.63443374633789) | HR=93 bpm | IBI=0 ms | Participant=P02
853,IBI out of range,Row 853 | Timestamp: 1710812025801 ms | PPG(Green=1814298, Red=1814298, Ir=1814298) | ACC(X=-2.51001882553101, Y=-8.29887008666992, Z=4.59132289886475) | HR=94 bpm | IBI=0 ms | Participant=P02
854,IBI out of range,Row 854 | Timestamp: 1710812025841 ms | PPG(Green=1815060, Red=1815060, Ir=1815060) | ACC(X=-2.52678418159485, Y=-8.29647445678711, Z=4.61527347564697) | HR=94 bpm | IBI=0 ms | Participant=P02
855,IBI out of range,Row 855 | Timestamp: 1710812025881 ms | PPG(Green=1816227, Red=1816227, Ir=1816227) | ACC(X=-2.53157448768616, Y=-8.22222805023193, Z=4.60569286346436) | HR=95 bpm | IBI=0 ms | Participant=P02
856,IBI out of range,Row 856 | Timestamp: 1710812025922 ms | PPG(Green=1817344, Red=1817344, Ir=1817344) | ACC(X=-2.49804353713989, Y=-8.25815391540527, Z=4.66077947616577) | HR=95 bpm | IBI=0 ms | Participant=P02
857,IBI out of range,Row 857 | Timestamp: 1710812025962 ms | PPG(Green=1818685, Red=1818685, Ir=1818685) | ACC(X=-2.51959919929504, Y=-8.23659801483154, Z=4.63682889938354) | HR=95 bpm | IBI=0 ms | Participant=P02
858,IBI out of range,Row 858 | Timestamp: 1710812026002 ms | PPG(Green=1820100, Red=1820100, Ir=1820100) | ACC(X=-2.55791997909546, Y=-8.29887008666992, Z=4.61766815185547) | HR=95 bpm | IBI=0 ms | Participant=P02
859,IBI out of range,Row 859 | Timestamp: 1710812026042 ms | PPG(Green=1821604, Red=1821604, Ir=1821604) | ACC(X=-2.50283360481262, Y=-8.27731418609619, Z=4.5961127281189) | HR=95 bpm | IBI=0 ms | Participant=P02
860,HeartRate out of range,Row 860 | Timestamp: 1710812026082 ms | PPG(Green=1822404, Red=1822404, Ir=1822404) | ACC(X=-2.57947540283203, Y=-8.24857330322266, Z=4.61766815185547) | HR=0 bpm | IBI=0 ms | Participant=P02
861,HeartRate out of range,Row 861 | Timestamp: 1710812026122 ms | PPG(Green=1820430, Red=1820430, Ir=1820430) | ACC(X=-2.50522875785828, Y=-8.31084537506104, Z=4.65838432312012) | HR=0 bpm | IBI=0 ms | Participant=P02
862,HeartRate out of range,Row 862 | Timestamp: 1710812026163 ms | PPG(Green=1817478, Red=1817478, Ir=1817478) | ACC(X=-2.54833984375, Y=-8.29407978057861, Z=4.58413743972778) | HR=0 bpm | IBI=0 ms | Participant=P02
863,HeartRate out of range,Row 863 | Timestamp: 1710812026202 ms | PPG(Green=1814937, Red=1814937, Ir=1814937) | ACC(X=-2.60342597961426, Y=-8.33958530426025, Z=4.66077947616577) | HR=0 bpm | IBI=0 ms | Participant=P02
864,HeartRate out of range,Row 864 | Timestamp: 1710812026242 ms | PPG(Green=1813356, Red=1813356, Ir=1813356) | ACC(X=-2.50043869018555, Y=-8.31803035736084, Z=4.56258201599121) | HR=0 bpm | IBI=0 ms | Participant=P02
865,HeartRate out of range,Row 865 | Timestamp: 1710812026283 ms | PPG(Green=1812645, Red=1812645, Ir=1812645) | ACC(X=-2.58187055587769, Y=-8.26294422149658, Z=4.56497716903687) | HR=0 bpm | IBI=0 ms | Participant=P02
866,HeartRate out of range,Row 866 | Timestamp: 1710812026323 ms | PPG(Green=1812580, Red=1812580, Ir=1812580) | ACC(X=-2.59145069122314, Y=-8.27252388000488, Z=4.68233489990234) | HR=0 bpm | IBI=0 ms | Participant=P02
867,HeartRate out of range,Row 867 | Timestamp: 1710812026363 ms | PPG(Green=1812865, Red=1812865, Ir=1812865) | ACC(X=-2.53875946998596, Y=-8.28689479827881, Z=4.61287832260132) | HR=0 bpm | IBI=0 ms | Participant=P02
868,HeartRate out of range,Row 868 | Timestamp: 1710812026403 ms | PPG(Green=1813169, Red=1813169, Ir=1813169) | ACC(X=-2.5746853351593, Y=-8.29407978057861, Z=4.67514991760254) | HR=0 bpm | IBI=0 ms | Participant=P02
869,IBI out of range,Row 869 | Timestamp: 1710812026443 ms | PPG(Green=1813235, Red=1813235, Ir=1813235) | ACC(X=-2.56989526748657, Y=-8.23180770874023, Z=4.59850788116455) | HR=97 bpm | IBI=0 ms | Participant=P02
870,IBI out of range,Row 870 | Timestamp: 1710812026483 ms | PPG(Green=1813512, Red=1813512, Ir=1813512) | ACC(X=-2.56989526748657, Y=-8.2749195098877, Z=4.58653259277344) | HR=97 bpm | IBI=0 ms | Participant=P02
871,IBI out of range,Row 871 | Timestamp: 1710812026523 ms | PPG(Green=1814126, Red=1814126, Ir=1814126) | ACC(X=-2.60821628570557, Y=-8.36353588104248, Z=4.63443374633789) | HR=97 bpm | IBI=0 ms | Participant=P02
878,IBI out of range,Row 878 | Timestamp: 1710812026804 ms | PPG(Green=1823673, Red=1823673, Ir=1823673) | ACC(X=-2.61540126800537, Y=-8.23420333862305, Z=4.59850788116455) | HR=96 bpm | IBI=0 ms | Participant=P02
879,IBI out of range,Row 879 | Timestamp: 1710812026844 ms | PPG(Green=1825329, Red=1825329, Ir=1825329) | ACC(X=-2.51241397857666, Y=-8.18390655517578, Z=4.66796445846558) | HR=96 bpm | IBI=0 ms | Participant=P02
881,IBI out of range,Row 881 | Timestamp: 1710812026924 ms | PPG(Green=1826469, Red=1826469, Ir=1826469) | ACC(X=-2.54594469070435, Y=-8.34677124023438, Z=4.68233489990234) | HR=95 bpm | IBI=0 ms | Participant=P02
882,IBI out of range,Row 882 | Timestamp: 1710812026965 ms | PPG(Green=1824519, Red=1824519, Ir=1824519) | ACC(X=-2.60821628570557, Y=-8.25575828552246, Z=4.56737232208252) | HR=95 bpm | IBI=0 ms | Participant=P02
883,IBI out of range,Row 883 | Timestamp: 1710812027005 ms | PPG(Green=1822425, Red=1822425, Ir=1822425) | ACC(X=-2.55552506446838, Y=-8.1934871673584, Z=4.65359401702881) | HR=95 bpm | IBI=0 ms | Participant=P02
884,IBI out of range,Row 884 | Timestamp: 1710812027044 ms | PPG(Green=1821387, Red=1821387, Ir=1821387) | ACC(X=-2.56031513214111, Y=-8.20546245574951, Z=4.67514991760254) | HR=95 bpm | IBI=0 ms | Participant=P02
885,IBI out of range,Row 885 | Timestamp: 1710812027085 ms | PPG(Green=1821138, Red=1821138, Ir=1821138) | ACC(X=-2.59863591194153, Y=-8.24378299713135, Z=4.62485361099243) | HR=95 bpm | IBI=0 ms | Participant=P02
886,IBI out of range,Row 886 | Timestamp: 1710812027125 ms | PPG(Green=1821283, Red=1821283, Ir=1821283) | ACC(X=-2.55791997909546, Y=-8.24857330322266, Z=4.70149517059326) | HR=94 bpm | IBI=0 ms | Participant=P02
887,IBI out of range,Row 887 | Timestamp: 1710812027166 ms | PPG(Green=1822023, Red=1822023, Ir=1822023) | ACC(X=-2.47169804573059, Y=-8.27012920379639, Z=4.646409034729) | HR=93 bpm | IBI=0 ms | Participant=P02
888,IBI out of range,Row 888 | Timestamp: 1710812027205 ms | PPG(Green=1822679, Red=1822679, Ir=1822679) | ACC(X=-2.55312991142273, Y=-8.16714191436768, Z=4.64880418777466) | HR=93 bpm | IBI=0 ms | Participant=P02
889,IBI out of range,Row 889 | Timestamp: 1710812027245 ms | PPG(Green=1823168, Red=1823168, Ir=1823168) | ACC(X=-2.56510519981384, Y=-8.27012920379639, Z=4.65598917007446) | HR=93 bpm | IBI=0 ms | Participant=P02
890,IBI out of range,Row 890 | Timestamp: 1710812027285 ms | PPG(Green=1823851, Red=1823851, Ir=1823851) | ACC(X=-2.56271004676819, Y=-8.21743774414063, Z=4.64880418777466) | HR=93 bpm | IBI=0 ms | Participant=P02
891,IBI out of range,Row 891 | Timestamp: 1710812027325 ms | PPG(Green=1824564, Red=1824564, Ir=1824564) | ACC(X=-2.59863591194153, Y=-8.26773357391357, Z=4.64880418777466) | HR=93 bpm | IBI=0 ms | Participant=P02
892,IBI out of range,Row 892 | Timestamp: 1710812027366 ms | PPG(Green=1825649, Red=1825649, Ir=1825649) | ACC(X=-2.62498164176941, Y=-8.21983242034912, Z=4.67514991760254) | HR=92 bpm | IBI=0 ms | Participant=P02
893,IBI out of range,Row 893 | Timestamp: 1710812027406 ms | PPG(Green=1826880, Red=1826880, Ir=1826880) | ACC(X=-2.62498164176941, Y=-8.24138832092285, Z=4.65598917007446) | HR=92 bpm | IBI=0 ms | Participant=P02
894,IBI out of range,Row 894 | Timestamp: 1710812027446 ms | PPG(Green=1828266, Red=1828266, Ir=1828266) | ACC(X=-2.61779642105103, Y=-8.26294422149658, Z=4.72305059432983) | HR=92 bpm | IBI=0 ms | Participant=P02
895,IBI out of range,Row 895 | Timestamp: 1710812027486 ms | PPG(Green=1829867, Red=1829867, Ir=1829867) | ACC(X=-2.58187055587769, Y=-8.31803035736084, Z=4.67035961151123) | HR=92 bpm | IBI=0 ms | Participant=P02
896,IBI out of range,Row 896 | Timestamp: 1710812027526 ms | PPG(Green=1831657, Red=1831657, Ir=1831657) | ACC(X=-2.54115462303162, Y=-8.23180770874023, Z=4.67035961151123) | HR=92 bpm | IBI=0 ms | Participant=P02
897,IBI out of range,Row 897 | Timestamp: 1710812027567 ms | PPG(Green=1833432, Red=1833432, Ir=1833432) | ACC(X=-2.56750011444092, Y=-8.27252388000488, Z=4.7374210357666) | HR=93 bpm | IBI=0 ms | Participant=P02
898,IBI out of range,Row 898 | Timestamp: 1710812027606 ms | PPG(Green=1835172, Red=1835172, Ir=1835172) | ACC(X=-2.56271004676819, Y=-8.18630218505859, Z=4.64880418777466) | HR=93 bpm | IBI=0 ms | Participant=P02
899,IBI out of range,Row 899 | Timestamp: 1710812027646 ms | PPG(Green=1836857, Red=1836857, Ir=1836857) | ACC(X=-2.67527770996094, Y=-8.24857330322266, Z=4.63203859329224) | HR=93 bpm | IBI=0 ms | Participant=P02
900,IBI out of range,Row 900 | Timestamp: 1710812027686 ms | PPG(Green=1838871, Red=1838871, Ir=1838871) | ACC(X=-2.47648811340332, Y=-8.32042503356934, Z=4.67754459381104) | HR=94 bpm | IBI=0 ms | Participant=P02
901,IBI out of range,Row 901 | Timestamp: 1710812027726 ms | PPG(Green=1840441, Red=1840441, Ir=1840441) | ACC(X=-2.56750011444092, Y=-8.32761001586914, Z=4.65359401702881) | HR=94 bpm | IBI=0 ms | Participant=P02
902,IBI out of range,Row 902 | Timestamp: 1710812027766 ms | PPG(Green=1840057, Red=1840057, Ir=1840057) | ACC(X=-2.58905577659607, Y=-8.15756130218506, Z=4.59371757507324) | HR=94 bpm | IBI=0 ms | Participant=P02
903,IBI out of range,Row 903 | Timestamp: 1710812027806 ms | PPG(Green=1838867, Red=1838867, Ir=1838867) | ACC(X=-2.58905577659607, Y=-8.26054859161377, Z=4.65359401702881) | HR=95 bpm | IBI=0 ms | Participant=P02
904,IBI out of range,Row 904 | Timestamp: 1710812027846 ms | PPG(Green=1838058, Red=1838058, Ir=1838058) | ACC(X=-2.57708048820496, Y=-8.31084537506104, Z=4.65598917007446) | HR=95 bpm | IBI=0 ms | Participant=P02
905,IBI out of range,Row 905 | Timestamp: 1710812027886 ms | PPG(Green=1837877, Red=1837877, Ir=1837877) | ACC(X=-2.57708048820496, Y=-8.23899364471436, Z=4.67993974685669) | HR=95 bpm | IBI=0 ms | Participant=P02
906,IBI out of range,Row 906 | Timestamp: 1710812027926 ms | PPG(Green=1838375, Red=1838375, Ir=1838375) | ACC(X=-2.58905577659607, Y=-8.26054859161377, Z=4.58413743972778) | HR=95 bpm | IBI=0 ms | Participant=P02
907,IBI out of range,Row 907 | Timestamp: 1710812027967 ms | PPG(Green=1839169, Red=1839169, Ir=1839169) | ACC(X=-2.49325346946716, Y=-8.23420333862305, Z=4.69670534133911) | HR=95 bpm | IBI=0 ms | Participant=P02
908,IBI out of range,Row 908 | Timestamp: 1710812028006 ms | PPG(Green=1840132, Red=1840132, Ir=1840132) | ACC(X=-2.56510519981384, Y=-8.27970886230469, Z=4.67754459381104) | HR=94 bpm | IBI=0 ms | Participant=P02
909,IBI out of range,Row 909 | Timestamp: 1710812028047 ms | PPG(Green=1841225, Red=1841225, Ir=1841225) | ACC(X=-2.55791997909546, Y=-8.27731418609619, Z=4.61048316955566) | HR=94 bpm | IBI=0 ms | Participant=P02
910,HeartRate out of range,Row 910 | Timestamp: 1710812028087 ms | PPG(Green=1842079, Red=1842079, Ir=1842079) | ACC(X=-2.59624099731445, Y=-8.32282066345215, Z=4.68951988220215) | HR=0 bpm | IBI=0 ms | Participant=P02
911,HeartRate out of range,Row 911 | Timestamp: 1710812028127 ms | PPG(Green=1843064, Red=1843064, Ir=1843064) | ACC(X=-2.54833984375, Y=-8.24138832092285, Z=4.67514991760254) | HR=0 bpm | IBI=0 ms | Participant=P02
912,HeartRate out of range,Row 912 | Timestamp: 1710812028168 ms | PPG(Green=1844109, Red=1844109, Ir=1844109) | ACC(X=-2.57708048820496, Y=-8.26533889770508, Z=4.646409034729) | HR=0 bpm | IBI=0 ms | Participant=P02
913,HeartRate out of range,Row 913 | Timestamp: 1710812028207 ms | PPG(Green=1845358, Red=1845358, Ir=1845358) | ACC(X=-2.58426570892334, Y=-8.29407978057861, Z=4.67754459381104) | HR=0 bpm | IBI=0 ms | Participant=P02
914,HeartRate out of range,Row 914 | Timestamp: 1710812028247 ms | PPG(Green=1846745, Red=1846745, Ir=1846745) | ACC(X=-2.62737655639648, Y=-8.21983242034912, Z=4.72065591812134) | HR=0 bpm | IBI=0 ms | Participant=P02
915,HeartRate out of range,Row 915 | Timestamp: 1710812028287 ms | PPG(Green=1848296, Red=1848296, Ir=1848296) | ACC(X=-2.51001882553101, Y=-8.27970886230469, Z=4.61527347564697) | HR=0 bpm | IBI=0 ms | Participant=P02
916,HeartRate out of range,Row 916 | Timestamp: 1710812028328 ms | PPG(Green=1849958, Red=1849958, Ir=1849958) | ACC(X=-2.63216686248779, Y=-8.30605506896973, Z=4.73263120651245) | HR=0 bpm | IBI=0 ms | Participant=P02
917,HeartRate out of range,Row 917 | Timestamp: 1710812028368 ms | PPG(Green=1851658, Red=1851658, Ir=1851658) | ACC(X=-2.58426570892334, Y=-8.20785713195801, Z=4.67514991760254) | HR=0 bpm | IBI=0 ms | Participant=P02
918,HeartRate out of range,Row 918 | Timestamp: 1710812028408 ms | PPG(Green=1853240, Red=1853240, Ir=1853240) | ACC(X=-2.56031513214111, Y=-8.23899364471436, Z=4.72544574737549) | HR=0 bpm | IBI=0 ms | Participant=P02
919,HeartRate out of range,Row 919 | Timestamp: 1710812028448 ms | PPG(Green=1855173, Red=1855173, Ir=1855173) | ACC(X=-2.63456177711487, Y=-8.22701835632324, Z=4.65598917007446) | HR=0 bpm | IBI=0 ms | Participant=P02
920,HeartRate out of range,Row 920 | Timestamp: 1710812028488 ms | PPG(Green=1856805, Red=1856805, Ir=1856805) | ACC(X=-2.65132713317871, Y=-8.24138832092285, Z=4.65119934082031) | HR=0 bpm | IBI=0 ms | Participant=P02
921,HeartRate out of range,Row 921 | Timestamp: 1710812028528 ms | PPG(Green=1858554, Red=1858554, Ir=1858554) | ACC(X=-2.47409296035767, Y=-8.19827747344971, Z=4.6919150352478) | HR=0 bpm | IBI=0 ms | Participant=P02
922,HeartRate out of range,Row 922 | Timestamp: 1710812028569 ms | PPG(Green=1860150, Red=1860150, Ir=1860150) | ACC(X=-2.47888326644897, Y=-8.23420333862305, Z=4.6919150352478) | HR=0 bpm | IBI=0 ms | Participant=P02
923,HeartRate out of range,Row 923 | Timestamp: 1710812028608 ms | PPG(Green=1860229, Red=1860229, Ir=1860229) | ACC(X=-2.62737655639648, Y=-8.27252388000488, Z=4.69910001754761) | HR=0 bpm | IBI=0 ms | Participant=P02
924,HeartRate out of range,Row 924 | Timestamp: 1710812028648 ms | PPG(Green=1859864, Red=1859864, Ir=1859864) | ACC(X=-2.5746853351593, Y=-8.22462272644043, Z=4.66317462921143) | HR=0 bpm | IBI=0 ms | Participant=P02
925,HeartRate out of range,Row 925 | Timestamp: 1710812028689 ms | PPG(Green=1859574, Red=1859574, Ir=1859574) | ACC(X=-2.61540126800537, Y=-8.2006721496582, Z=4.71586561203003) | HR=0 bpm | IBI=0 ms | Participant=P02
926,HeartRate out of range,Row 926 | Timestamp: 1710812028729 ms | PPG(Green=1859808, Red=1859808, Ir=1859808) | ACC(X=-2.58905577659607, Y=-8.22941303253174, Z=4.6416187286377) | HR=0 bpm | IBI=0 ms | Participant=P02
927,HeartRate out of range,Row 927 | Timestamp: 1710812028769 ms | PPG(Green=1860644, Red=1860644, Ir=1860644) | ACC(X=-2.59863591194153, Y=-8.29887008666992, Z=4.68712472915649) | HR=0 bpm | IBI=0 ms | Participant=P02
928,HeartRate out of range,Row 928 | Timestamp: 1710812028809 ms | PPG(Green=1861580, Red=1861580, Ir=1861580) | ACC(X=-2.55073475837708, Y=-8.15516662597656, Z=4.71347045898438) | HR=0 bpm | IBI=0 ms | Participant=P02
929,HeartRate out of range,Row 929 | Timestamp: 1710812028849 ms | PPG(Green=1862750, Red=1862750, Ir=1862750) | ACC(X=-2.56750011444092, Y=-8.27012920379639, Z=4.71586561203003) | HR=0 bpm | IBI=0 ms | Participant=P02
930,HeartRate out of range,Row 930 | Timestamp: 1710812028889 ms | PPG(Green=1864038, Red=1864038, Ir=1864038) | ACC(X=-2.57708048820496, Y=-8.16235160827637, Z=4.7302360534668) | HR=0 bpm | IBI=0 ms | Participant=P02
931,HeartRate out of range,Row 931 | Timestamp: 1710812028929 ms | PPG(Green=1864957, Red=1864957, Ir=1864957) | ACC(X=-2.60103106498718, Y=-8.1934871673584, Z=4.72784090042114) | HR=0 bpm | IBI=0 ms | Participant=P02
932,HeartRate out of range,Row 932 | Timestamp: 1710812028970 ms | PPG(Green=1866208, Red=1866208, Ir=1866208) | ACC(X=-2.57229042053223, Y=-8.27731418609619, Z=4.68233489990234) | HR=0 bpm | IBI=0 ms | Participant=P02
933,HeartRate out of range,Row 933 | Timestamp: 1710812029010 ms | PPG(Green=1867314, Red=1867314, Ir=1867314) | ACC(X=-2.60342597961426, Y=-8.21504306793213, Z=4.69670534133911) | HR=0 bpm | IBI=0 ms | Participant=P02
934,HeartRate out of range,Row 934 | Timestamp: 1710812029050 ms | PPG(Green=1868663, Red=1868663, Ir=1868663) | ACC(X=-2.57229042053223, Y=-8.1910924911499, Z=4.67754459381104) | HR=0 bpm | IBI=0 ms | Participant=P02
935,HeartRate out of range,Row 935 | Timestamp: 1710812029090 ms | PPG(Green=1870170, Red=1870170, Ir=1870170) | ACC(X=-2.57229042053223, Y=-8.24857330322266, Z=4.67993974685669) | HR=0 bpm | IBI=0 ms | Participant=P02
936,HeartRate out of range,Row 936 | Timestamp: 1710812029130 ms | PPG(Green=1871552, Red=1871552, Ir=1871552) | ACC(X=-2.59145069122314, Y=-8.26773357391357, Z=4.72784090042114) | HR=0 bpm | IBI=0 ms | Participant=P02
937,HeartRate out of range,Row 937 | Timestamp: 1710812029171 ms | PPG(Green=1873244, Red=1873244, Ir=1873244) | ACC(X=-2.60582113265991, Y=-8.23659801483154, Z=4.67993974685669) | HR=0 bpm | IBI=0 ms | Participant=P02
938,HeartRate out of range,Row 938 | Timestamp: 1710812029210 ms | PPG(Green=1874802, Red=1874802, Ir=1874802) | ACC(X=-2.60582113265991, Y=-8.24857330322266, Z=4.68712472915649) | HR=0 bpm | IBI=0 ms | Participant=P02
939,HeartRate out of range,Row 939 | Timestamp: 1710812029251 ms | PPG(Green=1876471, Red=1876471, Ir=1876471) | ACC(X=-2.56031513214111, Y=-8.15037631988525, Z=4.69431018829346) | HR=0 bpm | IBI=0 ms | Participant=P02
940,HeartRate out of range,Row 940 | Timestamp: 1710812029291 ms | PPG(Green=1878016, Red=1878016, Ir=1878016) | ACC(X=-2.67048764228821, Y=-8.24378299713135, Z=4.63682889938354) | HR=0 bpm | IBI=0 ms | Participant=P02
941,HeartRate out of range,Row 941 | Timestamp: 1710812029331 ms | PPG(Green=1879666, Red=1879666, Ir=1879666) | ACC(X=-2.51959919929504, Y=-8.1934871673584, Z=4.78532218933105) | HR=0 bpm | IBI=0 ms | Participant=P02
942,HeartRate out of range,Row 942 | Timestamp: 1710812029372 ms | PPG(Green=1881353, Red=1881353, Ir=1881353) | ACC(X=-2.56510519981384, Y=-8.24138832092285, Z=4.72065591812134) | HR=0 bpm | IBI=0 ms | Participant=P02
943,IBI out of range,Row 943 | Timestamp: 1710812029411 ms | PPG(Green=1882297, Red=1882297, Ir=1882297) | ACC(X=-2.62498164176941, Y=-8.21504306793213, Z=4.66077947616577) | HR=93 bpm | IBI=0 ms | Participant=P02
944,IBI out of range,Row 944 | Timestamp: 1710812029451 ms | PPG(Green=1882379, Red=1882379, Ir=1882379) | ACC(X=-2.65611720085144, Y=-8.14079570770264, Z=4.66317462921143) | HR=92 bpm | IBI=0 ms | Participant=P02
945,IBI out of range,Row 945 | Timestamp: 1710812029492 ms | PPG(Green=1882204, Red=1882204, Ir=1882204) | ACC(X=-2.52199411392212, Y=-8.20785713195801, Z=4.68233489990234) | HR=91 bpm | IBI=0 ms | Participant=P02
946,IBI out of range,Row 946 | Timestamp: 1710812029532 ms | PPG(Green=1882703, Red=1882703, Ir=1882703) | ACC(X=-2.56989526748657, Y=-8.22462272644043, Z=4.67514991760254) | HR=91 bpm | IBI=0 ms | Participant=P02
947,IBI out of range,Row 947 | Timestamp: 1710812029573 ms | PPG(Green=1883416, Red=1883416, Ir=1883416) | ACC(X=-2.67767286300659, Y=-8.16953659057617, Z=4.67035961151123) | HR=90 bpm | IBI=0 ms | Participant=P02
948,HeartRate out of range,Row 948 | Timestamp: 1710812029612 ms | PPG(Green=1884499, Red=1884499, Ir=1884499) | ACC(X=-2.52438926696777, Y=-8.24617862701416, Z=4.70628547668457) | HR=0 bpm | IBI=0 ms | Participant=P02
949,IBI out of range,Row 949 | Timestamp: 1710812029652 ms | PPG(Green=1885730, Red=1885730, Ir=1885730) | ACC(X=-2.54594469070435, Y=-8.29647445678711, Z=4.63682889938354) | HR=86 bpm | IBI=0 ms | Participant=P02
950,IBI out of range,Row 950 | Timestamp: 1710812029692 ms | PPG(Green=1887056, Red=1887056, Ir=1887056) | ACC(X=-2.54833984375, Y=-8.33719062805176, Z=4.74939632415771) | HR=84 bpm | IBI=0 ms | Participant=P02
951,IBI out of range,Row 951 | Timestamp: 1710812029732 ms | PPG(Green=1888227, Red=1888227, Ir=1888227) | ACC(X=-2.59145069122314, Y=-8.22222805023193, Z=4.65119934082031) | HR=84 bpm | IBI=0 ms | Participant=P02
952,IBI out of range,Row 952 | Timestamp: 1710812029773 ms | PPG(Green=1889323, Red=1889323, Ir=1889323) | ACC(X=-2.5746853351593, Y=-8.25096893310547, Z=4.69910001754761) | HR=83 bpm | IBI=0 ms | Participant=P02
953,IBI out of range,Row 953 | Timestamp: 1710812029813 ms | PPG(Green=1890443, Red=1890443, Ir=1890443) | ACC(X=-2.60821628570557, Y=-8.25336360931396, Z=4.68233489990234) | HR=83 bpm | IBI=0 ms | Participant=P02
954,IBI out of range,Row 954 | Timestamp: 1710812029853 ms | PPG(Green=1891678, Red=1891678, Ir=1891678) | ACC(X=-2.58187055587769, Y=-8.21025276184082, Z=4.64401388168335) | HR=83 bpm | IBI=0 ms | Participant=P02
955,IBI out of range,Row 955 | Timestamp: 1710812029893 ms | PPG(Green=1892975, Red=1892975, Ir=1892975) | ACC(X=-2.59863591194153, Y=-8.23899364471436, Z=4.684730052948) | HR=82 bpm | IBI=0 ms | Participant=P02
956,IBI out of range,Row 956 | Timestamp: 1710812029933 ms | PPG(Green=1894458, Red=1894458, Ir=1894458) | ACC(X=-2.60821628570557, Y=-8.21504306793213, Z=4.684730052948) | HR=83 bpm | IBI=0 ms | Participant=P02
957,IBI out of range,Row 957 | Timestamp: 1710812029974 ms | PPG(Green=1895864, Red=1895864, Ir=1895864) | ACC(X=-2.66090750694275, Y=-8.25336360931396, Z=4.72065591812134) | HR=83 bpm | IBI=0 ms | Participant=P02
958,IBI out of range,Row 958 | Timestamp: 1710812030013 ms | PPG(Green=1897443, Red=1897443, Ir=1897443) | ACC(X=-2.53636455535889, Y=-8.17672157287598, Z=4.72784090042114) | HR=83 bpm | IBI=0 ms | Participant=P02
959,IBI out of range,Row 959 | Timestamp: 1710812030053 ms | PPG(Green=1898923, Red=1898923, Ir=1898923) | ACC(X=-2.60582113265991, Y=-8.17911720275879, Z=4.65838432312012) | HR=83 bpm | IBI=0 ms | Participant=P02
960,IBI out of range,Row 960 | Timestamp: 1710812030094 ms | PPG(Green=1900359, Red=1900359, Ir=1900359) | ACC(X=-2.55552506446838, Y=-8.2892894744873, Z=4.64401388168335) | HR=82 bpm | IBI=0 ms | Participant=P02
961,IBI out of range,Row 961 | Timestamp: 1710812030134 ms | PPG(Green=1901820, Red=1901820, Ir=1901820) | ACC(X=-2.54115462303162, Y=-8.25336360931396, Z=4.74700117111206) | HR=82 bpm | IBI=0 ms | Participant=P02
962,IBI out of range,Row 962 | Timestamp: 1710812030175 ms | PPG(Green=1903355, Red=1903355, Ir=1903355) | ACC(X=-2.63456177711487, Y=-8.25096893310547, Z=4.66556930541992) | HR=82 bpm | IBI=0 ms | Participant=P02
963,IBI out of range,Row 963 | Timestamp: 1710812030214 ms | PPG(Green=1904252, Red=1904252, Ir=1904252) | ACC(X=-2.60342597961426, Y=-8.25336360931396, Z=4.69431018829346) | HR=82 bpm | IBI=0 ms | Participant=P02
964,IBI out of range,Row 964 | Timestamp: 1710812030254 ms | PPG(Green=1904461, Red=1904461, Ir=1904461) | ACC(X=-2.5291793346405, Y=-8.23899364471436, Z=4.66077947616577) | HR=83 bpm | IBI=0 ms | Participant=P02
965,IBI out of range,Row 965 | Timestamp: 1710812030294 ms | PPG(Green=1904489, Red=1904489, Ir=1904489) | ACC(X=-2.5746853351593, Y=-8.24138832092285, Z=4.76616191864014) | HR=83 bpm | IBI=0 ms | Participant=P02
966,IBI out of range,Row 966 | Timestamp: 1710812030334 ms | PPG(Green=1904711, Red=1904711, Ir=1904711) | ACC(X=-2.62019157409668, Y=-8.20546245574951, Z=4.72065591812134) | HR=84 bpm | IBI=0 ms | Participant=P02
967,IBI out of range,Row 967 | Timestamp: 1710812030375 ms | PPG(Green=1905615, Red=1905615, Ir=1905615) | ACC(X=-2.59624099731445, Y=-8.25815391540527, Z=4.66077947616577) | HR=84 bpm | IBI=0 ms | Participant=P02
968,IBI out of range,Row 968 | Timestamp: 1710812030414 ms | PPG(Green=1906616, Red=1906616, Ir=1906616) | ACC(X=-2.54833984375, Y=-8.20546245574951, Z=4.7374210357666) | HR=84 bpm | IBI=0 ms | Participant=P02
969,IBI out of range,Row 969 | Timestamp: 1710812030454 ms | PPG(Green=1907748, Red=1907748, Ir=1907748) | ACC(X=-2.61061120033264, Y=-8.17432689666748, Z=4.69431018829346) | HR=84 bpm | IBI=0 ms | Participant=P02
970,IBI out of range,Row 970 | Timestamp: 1710812030495 ms | PPG(Green=1909008, Red=1909008, Ir=1909008) | ACC(X=-2.59624099731445, Y=-8.27252388000488, Z=4.71586561203003) | HR=84 bpm | IBI=0 ms | Participant=P02
971,IBI out of range,Row 971 | Timestamp: 1710812030535 ms | PPG(Green=1910000, Red=1910000, Ir=1910000) | ACC(X=-2.58905577659607, Y=-8.17672157287598, Z=4.66317462921143) | HR=83 bpm | IBI=0 ms | Participant=P02
972,IBI out of range,Row 972 | Timestamp: 1710812030575 ms | PPG(Green=1911066, Red=1911066, Ir=1911066) | ACC(X=-2.58666062355042, Y=-8.20785713195801, Z=4.72065591812134) | HR=83 bpm | IBI=0 ms | Participant=P02
973,IBI out of range,Row 973 | Timestamp: 1710812030615 ms | PPG(Green=1912210, Red=1912210, Ir=1912210) | ACC(X=-2.6130063533783, Y=-8.20546245574951, Z=4.73502588272095) | HR=83 bpm | IBI=0 ms | Participant=P02
974,IBI out of range,Row 974 | Timestamp: 1710812030655 ms | PPG(Green=1913215, Red=1913215, Ir=1913215) | ACC(X=-2.58187055587769, Y=-8.29647445678711, Z=4.75179147720337) | HR=82 bpm | IBI=0 ms | Participant=P02
975,IBI out of range,Row 975 | Timestamp: 1710812030695 ms | PPG(Green=1914456, Red=1914456, Ir=1914456) | ACC(X=-2.57947540283203, Y=-8.21504306793213, Z=4.68233489990234) | HR=81 bpm | IBI=0 ms | Participant=P02
976,IBI out of range,Row 976 | Timestamp: 1710812030735 ms | PPG(Green=1915781, Red=1915781, Ir=1915781) | ACC(X=-2.60821628570557, Y=-8.22701835632324, Z=4.67754459381104) | HR=79 bpm | IBI=0 ms | Participant=P02
977,IBI out of range,Row 977 | Timestamp: 1710812030776 ms | PPG(Green=1917299, Red=1917299, Ir=1917299) | ACC(X=-2.60103106498718, Y=-8.27012920379639, Z=4.65598917007446) | HR=79 bpm | IBI=0 ms | Participant=P02
978,IBI out of range,Row 978 | Timestamp: 1710812030815 ms | PPG(Green=1918548, Red=1918548, Ir=1918548) | ACC(X=-2.60821628570557, Y=-8.17432689666748, Z=4.66556930541992) | HR=77 bpm | IBI=0 ms | Participant=P02
979,IBI out of range,Row 979 | Timestamp: 1710812030855 ms | PPG(Green=1919943, Red=1919943, Ir=1919943) | ACC(X=-2.58905577659607, Y=-8.18630218505859, Z=4.74460649490356) | HR=76 bpm | IBI=0 ms | Participant=P02
980,IBI out of range,Row 980 | Timestamp: 1710812030895 ms | PPG(Green=1921309, Red=1921309, Ir=1921309) | ACC(X=-2.63695693016052, Y=-8.21025276184082, Z=4.72784090042114) | HR=76 bpm | IBI=0 ms | Participant=P02
981,IBI out of range,Row 981 | Timestamp: 1710812030935 ms | PPG(Green=1922720, Red=1922720, Ir=1922720) | ACC(X=-2.66569757461548, Y=-8.20785713195801, Z=4.66556930541992) | HR=76 bpm | IBI=0 ms | Participant=P02
982,IBI out of range,Row 982 | Timestamp: 1710812030976 ms | PPG(Green=1924061, Red=1924061, Ir=1924061) | ACC(X=-2.54354977607727, Y=-8.31324005126953, Z=4.72784090042114) | HR=76 bpm | IBI=0 ms | Participant=P02
983,IBI out of range,Row 983 | Timestamp: 1710812031016 ms | PPG(Green=1925360, Red=1925360, Ir=1925360) | ACC(X=-2.60342597961426, Y=-8.25815391540527, Z=4.70628547668457) | HR=75 bpm | IBI=0 ms | Participant=P02
984,IBI out of range,Row 984 | Timestamp: 1710812031056 ms | PPG(Green=1925683, Red=1925683, Ir=1925683) | ACC(X=-2.56750011444092, Y=-8.15756130218506, Z=4.68233489990234) | HR=75 bpm | IBI=0 ms | Participant=P02
985,IBI out of range,Row 985 | Timestamp: 1710812031096 ms | PPG(Green=1925746, Red=1925746, Ir=1925746) | ACC(X=-2.60582113265991, Y=-8.23659801483154, Z=4.66317462921143) | HR=75 bpm | IBI=0 ms | Participant=P02
986,IBI out of range,Row 986 | Timestamp: 1710812031136 ms | PPG(Green=1925885, Red=1925885, Ir=1925885) | ACC(X=-2.62737655639648, Y=-8.21983242034912, Z=4.71107530593872) | HR=75 bpm | IBI=0 ms | Participant=P02
987,IBI out of range,Row 987 | Timestamp: 1710812031177 ms | PPG(Green=1926298, Red=1926298, Ir=1926298) | ACC(X=-2.59624099731445, Y=-8.28689479827881, Z=4.67035961151123) | HR=75 bpm | IBI=0 ms | Participant=P02
988,IBI out of range,Row 988 | Timestamp: 1710812031216 ms | PPG(Green=1927077, Red=1927077, Ir=1927077) | ACC(X=-2.64174699783325, Y=-8.16714191436768, Z=4.64401388168335) | HR=75 bpm | IBI=0 ms | Participant=P02
989,IBI out of range,Row 989 | Timestamp: 1710812031256 ms | PPG(Green=1928092, Red=1928092, Ir=1928092) | ACC(X=-2.5746853351593, Y=-8.17911720275879, Z=4.76137161254883) | HR=74 bpm | IBI=0 ms | Participant=P02
990,IBI out of range,Row 990 | Timestamp: 1710812031296 ms | PPG(Green=1929305, Red=1929305, Ir=1929305) | ACC(X=-2.51480889320374, Y=-8.24378299713135, Z=4.67754459381104) | HR=73 bpm | IBI=0 ms | Participant=P02
991,IBI out of range,Row 991 | Timestamp: 1710812031336 ms | PPG(Green=1930357, Red=1930357, Ir=1930357) | ACC(X=-2.56989526748657, Y=-8.31084537506104, Z=4.62964344024658) | HR=73 bpm | IBI=0 ms | Participant=P02
992,IBI out of range,Row 992 | Timestamp: 1710812031377 ms | PPG(Green=1931293, Red=1931293, Ir=1931293) | ACC(X=-2.56271004676819, Y=-8.39467239379883, Z=4.6919150352478) | HR=73 bpm | IBI=0 ms | Participant=P02
993,IBI out of range,Row 993 | Timestamp: 1710812031416 ms | PPG(Green=1932307, Red=1932307, Ir=1932307) | ACC(X=-2.53875946998596, Y=-8.71321487426758, Z=4.61287832260132) | HR=73 bpm | IBI=0 ms | Participant=P02
994,IBI out of range,Row 994 | Timestamp: 1710812031457 ms | PPG(Green=1933313, Red=1933313, Ir=1933313) | ACC(X=-2.38068580627441, Y=-8.49526405334473, Z=4.53623628616333) | HR=74 bpm | IBI=0 ms | Participant=P02
995,IBI out of range,Row 995 | Timestamp: 1710812031497 ms | PPG(Green=1934351, Red=1934351, Ir=1934351) | ACC(X=-2.50283360481262, Y=-8.63657283782959, Z=4.7757420539856) | HR=73 bpm | IBI=0 ms | Participant=P02
996,IBI out of range,Row 996 | Timestamp: 1710812031537 ms | PPG(Green=1935798, Red=1935798, Ir=1935798) | ACC(X=-2.66569757461548, Y=-8.29407978057861, Z=4.56497716903687) | HR=73 bpm | IBI=0 ms | Participant=P02
997,IBI out of range,Row 997 | Timestamp: 1710812031578 ms | PPG(Green=1937487, Red=1937487, Ir=1937487) | ACC(X=-2.14836549758911, Y=-8.88565826416016, Z=4.34223699569702) | HR=73 bpm | IBI=0 ms | Participant=P02
998,IBI out of range,Row 998 | Timestamp: 1710812031617 ms | PPG(Green=1939203, Red=1939203, Ir=1939203) | ACC(X=-1.80347728729248, Y=-9.01499176025391, Z=4.16739797592163) | HR=72 bpm | IBI=0 ms | Participant=P02
999,IBI out of range,Row 999 | Timestamp: 1710812031657 ms | PPG(Green=1941146, Red=1941146, Ir=1941146) | ACC(X=-1.45379912853241, Y=-9.43173122406006, Z=4.17937326431274) | HR=73 bpm | IBI=0 ms | Participant=P02
1000,IBI out of range,Row 1000 | Timestamp: 1710812031697 ms | PPG(Green=1943391, Red=1943391, Ir=1943391) | ACC(X=-0.514937102794647, Y=-9.07726287841797, Z=4.09554624557495) | HR=73 bpm | IBI=0 ms | Participant=P02
1001,IBI out of range,Row 1001 | Timestamp: 1710812031737 ms | PPG(Green=1945531, Red=1945531, Ir=1945531) | ACC(X=-0.807133913040161, Y=-7.18037843704224, Z=3.49678206443787) | HR=74 bpm | IBI=0 ms | Participant=P02
1002,IBI out of range,Row 1002 | Timestamp: 1710812031778 ms | PPG(Green=1947545, Red=1947545, Ir=1947545) | ACC(X=-1.41308319568634, Y=-7.9228458404541, Z=3.27404189109802) | HR=74 bpm | IBI=0 ms | Participant=P02
1003,IBI out of range,Row 1003 | Timestamp: 1710812031818 ms | PPG(Green=1949130, Red=1949130, Ir=1949130) | ACC(X=-1.74599599838257, Y=-8.93355941772461, Z=3.59018921852112) | HR=74 bpm | IBI=0 ms | Participant=P02
1004,IBI out of range,Row 1004 | Timestamp: 1710812031857 ms | PPG(Green=1951410, Red=1951410, Ir=1951410) | ACC(X=-2.87406730651855, Y=-7.03188514709473, Z=4.62006330490112) | HR=74 bpm | IBI=0 ms | Participant=P02
1005,IBI out of range,Row 1005 | Timestamp: 1710812031898 ms | PPG(Green=1952416, Red=1952416, Ir=1952416) | ACC(X=-3.50396728515625, Y=-6.08583784103394, Z=5.86549282073975) | HR=72 bpm | IBI=0 ms | Participant=P02
1006,IBI out of range,Row 1006 | Timestamp: 1710812031938 ms | PPG(Green=1953428, Red=1953428, Ir=1953428) | ACC(X=-2.97705483436584, Y=-5.55653047561646, Z=6.09062767028809) | HR=71 bpm | IBI=0 ms | Participant=P02
1007,IBI out of range,Row 1007 | Timestamp: 1710812031978 ms | PPG(Green=1954412, Red=1954412, Ir=1954412) | ACC(X=-3.04651141166687, Y=-5.65951776504517, Z=6.42833089828491) | HR=71 bpm | IBI=0 ms | Participant=P02
1008,IBI out of range,Row 1008 | Timestamp: 1710812032018 ms | PPG(Green=1955075, Red=1955075, Ir=1955075) | ACC(X=-2.98184490203857, Y=-7.03667497634888, Z=7.6905255317688) | HR=72 bpm | IBI=0 ms | Participant=P02
1009,IBI out of range,Row 1009 | Timestamp: 1710812032058 ms | PPG(Green=1955724, Red=1955724, Ir=1955724) | ACC(X=-2.73754930496216, Y=-5.47270345687866, Z=8.11684513092041) | HR=73 bpm | IBI=0 ms | Participant=P02
1010,IBI out of range,Row 1010 | Timestamp: 1710812032098 ms | PPG(Green=1955764, Red=1955764, Ir=1955764) | ACC(X=-1.67653930187225, Y=-5.10146951675415, Z=8.49047374725342) | HR=73 bpm | IBI=0 ms | Participant=P02
1011,IBI out of range,Row 1011 | Timestamp: 1710812032138 ms | PPG(Green=1955894, Red=1955894, Ir=1955894) | ACC(X=-0.507751941680908, Y=-6.08583784103394, Z=8.94793033599854) | HR=73 bpm | IBI=0 ms | Participant=P02
1012,IBI out of range,Row 1012 | Timestamp: 1710812032179 ms | PPG(Green=1957117, Red=1957117, Ir=1957117) | ACC(X=0.356863379478455, Y=-7.17319345474243, Z=9.12516403198242) | HR=71 bpm | IBI=0 ms | Participant=P02
1013,IBI out of range,Row 1013 | Timestamp: 1710812032218 ms | PPG(Green=1959492, Red=1959492, Ir=1959492) | ACC(X=1.98789668083191, Y=-6.63670063018799, Z=9.1060037612915) | HR=71 bpm | IBI=0 ms | Participant=P02
1014,IBI out of range,Row 1014 | Timestamp: 1710812032258 ms | PPG(Green=1966028, Red=1966028, Ir=1966028) | ACC(X=1.67174923419952, Y=-6.44270133972168, Z=8.1024751663208) | HR=70 bpm | IBI=0 ms | Participant=P02
1015,IBI out of range,Row 1015 | Timestamp: 1710812032299 ms | PPG(Green=1977618, Red=1977618, Ir=1977618) | ACC(X=2.7806601524353, Y=-3.90394163131714, Z=8.32282066345215) | HR=71 bpm | IBI=0 ms | Participant=P02
1016,IBI out of range,Row 1016 | Timestamp: 1710812032339 ms | PPG(Green=1989717, Red=1989717, Ir=1989717) | ACC(X=3.13512849807739, Y=-5.13260555267334, Z=8.16953659057617) | HR=71 bpm | IBI=0 ms | Participant=P02
1017,IBI out of range,Row 1017 | Timestamp: 1710812032379 ms | PPG(Green=1998909, Red=1998909, Ir=1998909) | ACC(X=3.61892986297607, Y=-2.76628994941711, Z=6.0570969581604) | HR=72 bpm | IBI=0 ms | Participant=P02
1018,IBI out of range,Row 1018 | Timestamp: 1710812032419 ms | PPG(Green=2007666, Red=2007666, Ir=2007666) | ACC(X=4.76616191864014, Y=-6.65346622467041, Z=7.62346363067627) | HR=72 bpm | IBI=0 ms | Participant=P02
1019,IBI out of range,Row 1019 | Timestamp: 1710812032459 ms | PPG(Green=2018277, Red=2018277, Ir=2018277) | ACC(X=3.11357307434082, Y=-6.62233018875122, Z=9.3838300704956) | HR=72 bpm | IBI=0 ms | Participant=P02
1020,IBI out of range,Row 1020 | Timestamp: 1710812032499 ms | PPG(Green=2028560, Red=2028560, Ir=2028560) | ACC(X=6.07146739959717, Y=-0.771208107471466, Z=6.15050411224365) | HR=73 bpm | IBI=0 ms | Participant=P02
1021,IBI out of range,Row 1021 | Timestamp: 1710812032539 ms | PPG(Green=2036052, Red=2036052, Ir=2036052) | ACC(X=7.32887172698975, Y=-2.43577218055725, Z=7.25223016738892) | HR=73 bpm | IBI=0 ms | Participant=P02
1022,IBI out of range,Row 1022 | Timestamp: 1710812032580 ms | PPG(Green=2040001, Red=2040001, Ir=2040001) | ACC(X=6.81393480300903, Y=-5.66430807113647, Z=4.94339609146118) | HR=73 bpm | IBI=0 ms | Participant=P02
1023,IBI out of range,Row 1023 | Timestamp: 1710812032619 ms | PPG(Green=2046483, Red=2046483, Ir=2046483) | ACC(X=6.96961355209351, Y=-6.5528736114502, Z=3.70036172866821) | HR=74 bpm | IBI=0 ms | Participant=P02
1024,IBI out of range,Row 1024 | Timestamp: 1710812032660 ms | PPG(Green=2056245, Red=2056245, Ir=2056245) | ACC(X=6.26307201385498, Y=-6.79716968536377, Z=3.15907907485962) | HR=74 bpm | IBI=0 ms | Participant=P02
1025,IBI out of range,Row 1025 | Timestamp: 1710812032700 ms | PPG(Green=2062032, Red=2062032, Ir=2062032) | ACC(X=8.63178253173828, Y=-4.26559495925903, Z=3.25488138198853) | HR=74 bpm | IBI=0 ms | Participant=P02
1026,IBI out of range,Row 1026 | Timestamp: 1710812032740 ms | PPG(Green=2064274, Red=2064274, Ir=2064274) | ACC(X=8.13840103149414, Y=-4.67035961151123, Z=2.44774746894836) | HR=74 bpm | IBI=0 ms | Participant=P02
1027,IBI out of range,Row 1027 | Timestamp: 1710812032781 ms | PPG(Green=2055148, Red=2055148, Ir=2055148) | ACC(X=7.98511743545532, Y=-4.07159566879272, Z=1.87772405147552) | HR=73 bpm | IBI=0 ms | Participant=P02
1028,IBI out of range,Row 1028 | Timestamp: 1710812032820 ms | PPG(Green=2048224, Red=2048224, Ir=2048224) | ACC(X=8.7371654510498, Y=-4.39492797851563, Z=2.51720404624939) | HR=72 bpm | IBI=0 ms | Participant=P02
1029,IBI out of range,Row 1029 | Timestamp: 1710812032860 ms | PPG(Green=2043410, Red=2043410, Ir=2043410) | ACC(X=8.78985595703125, Y=-1.16639232635498, Z=1.63821840286255) | HR=71 bpm | IBI=0 ms | Participant=P02
1030,IBI out of range,Row 1030 | Timestamp: 1710812032900 ms | PPG(Green=2040842, Red=2040842, Ir=2040842) | ACC(X=8.41383266448975, Y=-5.06314897537231, Z=0.613134384155273) | HR=71 bpm | IBI=0 ms | Participant=P02
1031,IBI out of range,Row 1031 | Timestamp: 1710812032940 ms | PPG(Green=2039116, Red=2039116, Ir=2039116) | ACC(X=8.87607860565186, Y=-4.7302360534668, Z=1.44900894165039) | HR=72 bpm | IBI=0 ms | Participant=P02
1032,IBI out of range,Row 1032 | Timestamp: 1710812032981 ms | PPG(Green=2036167, Red=2036167, Ir=2036167) | ACC(X=9.48202705383301, Y=-2.99621534347534, Z=0.958022475242615) | HR=72 bpm | IBI=0 ms | Participant=P02
1033,IBI out of range,Row 1033 | Timestamp: 1710812033020 ms | PPG(Green=2034546, Red=2034546, Ir=2034546) | ACC(X=9.04612731933594, Y=-4.0476450920105, Z=1.61666297912598) | HR=72 bpm | IBI=0 ms | Participant=P02
1034,IBI out of range,Row 1034 | Timestamp: 1710812033060 ms | PPG(Green=2035326, Red=2035326, Ir=2035326) | ACC(X=7.74561166763306, Y=-7.15882301330566, Z=3.60934972763062) | HR=72 bpm | IBI=0 ms | Participant=P02
1035,IBI out of range,Row 1035 | Timestamp: 1710812033101 ms | PPG(Green=2035533, Red=2035533, Ir=2035533) | ACC(X=9.51076793670654, Y=-4.28954553604126, Z=0.922096610069275) | HR=71 bpm | IBI=0 ms | Participant=P02
1036,IBI out of range,Row 1036 | Timestamp: 1710812033141 ms | PPG(Green=2036733, Red=2036733, Ir=2036733) | ACC(X=9.01499176025391, Y=-4.34223699569702, Z=1.53762602806091) | HR=71 bpm | IBI=0 ms | Participant=P02
1037,IBI out of range,Row 1037 | Timestamp: 1710812033181 ms | PPG(Green=2039132, Red=2039132, Ir=2039132) | ACC(X=7.98990726470947, Y=-5.508629322052, Z=0.914911448955536) | HR=71 bpm | IBI=0 ms | Participant=P02
1038,IBI out of range,Row 1038 | Timestamp: 1710812033221 ms | PPG(Green=2041320, Red=2041320, Ir=2041320) | ACC(X=8.15756130218506, Y=-5.45354270935059, Z=0.797553718090057) | HR=72 bpm | IBI=0 ms | Participant=P02
1039,IBI out of range,Row 1039 | Timestamp: 1710812033261 ms | PPG(Green=2044326, Red=2044326, Ir=2044326) | ACC(X=8.16953659057617, Y=-4.83082818984985, Z=1.48972499370575) | HR=72 bpm | IBI=0 ms | Participant=P02
1040,IBI out of range,Row 1040 | Timestamp: 1710812033301 ms | PPG(Green=2046937, Red=2046937, Ir=2046937) | ACC(X=7.79590797424316, Y=-5.49665403366089, Z=0.488591462373734) | HR=73 bpm | IBI=0 ms | Participant=P02
1041,IBI out of range,Row 1041 | Timestamp: 1710812033341 ms | PPG(Green=2052022, Red=2052022, Ir=2052022) | ACC(X=7.97314214706421, Y=-5.65951776504517, Z=1.67414426803589) | HR=73 bpm | IBI=0 ms | Participant=P02
1042,IBI out of range,Row 1042 | Timestamp: 1710812033382 ms | PPG(Green=2059974, Red=2059974, Ir=2059974) | ACC(X=7.64022922515869, Y=-6.25349187850952, Z=1.28135502338409) | HR=72 bpm | IBI=0 ms | Participant=P02
1043,IBI out of range,Row 1043 | Timestamp: 1710812033421 ms | PPG(Green=2066015, Red=2066015, Ir=2066015) | ACC(X=7.81746339797974, Y=-5.99961566925049, Z=2.60821628570557) | HR=72 bpm | IBI=0 ms | Participant=P02
1044,IBI out of range,Row 1044 | Timestamp: 1710812033462 ms | PPG(Green=2075948, Red=2075948, Ir=2075948) | ACC(X=7.72645139694214, Y=-6.68460178375244, Z=2.54833984375) | HR=71 bpm | IBI=0 ms | Participant=P02
1045,IBI out of range,Row 1045 | Timestamp: 1710812033502 ms | PPG(Green=2084986, Red=2084986, Ir=2084986) | ACC(X=6.81632995605469, Y=-4.40929841995239, Z=4.03327465057373) | HR=71 bpm | IBI=0 ms | Participant=P02
1046,IBI out of range,Row 1046 | Timestamp: 1710812033542 ms | PPG(Green=2094258, Red=2094258, Ir=2094258) | ACC(X=4.62724876403809, Y=-7.88452482223511, Z=4.10512638092041) | HR=72 bpm | IBI=0 ms | Participant=P02
1047,IBI out of range,Row 1047 | Timestamp: 1710812033583 ms | PPG(Green=2104032, Red=2104032, Ir=2104032) | ACC(X=3.08243727684021, Y=-8.43538761138916, Z=4.8260383605957) | HR=72 bpm | IBI=0 ms | Participant=P02
1048,IBI out of range,Row 1048 | Timestamp: 1710812033622 ms | PPG(Green=2112290, Red=2112290, Ir=2112290) | ACC(X=4.82364320755005, Y=-7.08936643600464, Z=7.20672416687012) | HR=73 bpm | IBI=0 ms | Participant=P02
1049,IBI out of range,Row 1049 | Timestamp: 1710812033662 ms | PPG(Green=2118080, Red=2118080, Ir=2118080) | ACC(X=3.36505389213562, Y=-6.7396879196167, Z=4.5577917098999) | HR=74 bpm | IBI=0 ms | Participant=P02
1050,IBI out of range,Row 1050 | Timestamp: 1710812033702 ms | PPG(Green=2123177, Red=2123177, Ir=2123177) | ACC(X=2.66569757461548, Y=-5.546950340271, Z=4.20092868804932) | HR=74 bpm | IBI=0 ms | Participant=P02
1051,IBI out of range,Row 1051 | Timestamp: 1710812033742 ms | PPG(Green=2125713, Red=2125713, Ir=2125713) | ACC(X=6.6414909362793, Y=-4.80208778381348, Z=13.3979444503784) | HR=74 bpm | IBI=0 ms | Participant=P02
1052,IBI out of range,Row 1052 | Timestamp: 1710812033783 ms | PPG(Green=2125221, Red=2125221, Ir=2125221) | ACC(X=3.49917697906494, Y=-7.73124122619629, Z=8.70842456817627) | HR=74 bpm | IBI=0 ms | Participant=P02
1053,IBI out of range,Row 1053 | Timestamp: 1710812033822 ms | PPG(Green=2118130, Red=2118130, Ir=2118130) | ACC(X=1.9495757818222, Y=-7.13487243652344, Z=6.71813249588013) | HR=74 bpm | IBI=0 ms | Participant=P02
1054,IBI out of range,Row 1054 | Timestamp: 1710812033863 ms | PPG(Green=2111582, Red=2111582, Ir=2111582) | ACC(X=1.24063909053802, Y=-5.42959260940552, Z=5.18050670623779) | HR=74 bpm | IBI=0 ms | Participant=P02
1055,IBI out of range,Row 1055 | Timestamp: 1710812033903 ms | PPG(Green=2111827, Red=2111827, Ir=2111827) | ACC(X=1.42505848407745, Y=-4.89070463180542, Z=6.27025699615479) | HR=74 bpm | IBI=0 ms | Participant=P02
1056,IBI out of range,Row 1056 | Timestamp: 1710812033943 ms | PPG(Green=2112153, Red=2112153, Ir=2112153) | ACC(X=2.01184725761414, Y=-2.59863591194153, Z=4.48594045639038) | HR=74 bpm | IBI=0 ms | Participant=P02
1057,IBI out of range,Row 1057 | Timestamp: 1710812033984 ms | PPG(Green=2111865, Red=2111865, Ir=2111865) | ACC(X=2.21782207489014, Y=-8.26054859161377, Z=5.79603576660156) | HR=75 bpm | IBI=0 ms | Participant=P02
1058,IBI out of range,Row 1058 | Timestamp: 1710812034023 ms | PPG(Green=2111588, Red=2111588, Ir=2111588) | ACC(X=3.0513014793396, Y=-6.00201082229614, Z=5.32420969009399) | HR=75 bpm | IBI=0 ms | Participant=P02
1059,IBI out of range,Row 1059 | Timestamp: 1710812034063 ms | PPG(Green=2112827, Red=2112827, Ir=2112827) | ACC(X=6.43312072753906, Y=-6.76124382019043, Z=6.1457142829895) | HR=75 bpm | IBI=0 ms | Participant=P02
1060,IBI out of range,Row 1060 | Timestamp: 1710812034103 ms | PPG(Green=2111768, Red=2111768, Ir=2111768) | ACC(X=6.09781312942505, Y=-3.12794327735901, Z=1.26698470115662) | HR=75 bpm | IBI=0 ms | Participant=P02
1061,IBI out of range,Row 1061 | Timestamp: 1710812034143 ms | PPG(Green=2108978, Red=2108978, Ir=2108978) | ACC(X=5.98285055160522, Y=-10.4975309371948, Z=-2.36631560325623) | HR=74 bpm | IBI=0 ms | Participant=P02
1062,IBI out of range,Row 1062 | Timestamp: 1710812034184 ms | PPG(Green=2101574, Red=2101574, Ir=2101574) | ACC(X=5.22361755371094, Y=-11.3214302062988, Z=-4.22966909408569) | HR=73 bpm | IBI=0 ms | Participant=P02
1063,IBI out of range,Row 1063 | Timestamp: 1710812034224 ms | PPG(Green=2098716, Red=2098716, Ir=2098716) | ACC(X=5.38169145584106, Y=-11.2687397003174, Z=-12.1501197814941) | HR=73 bpm | IBI=0 ms | Participant=P02
1064,IBI out of range,Row 1064 | Timestamp: 1710812034264 ms | PPG(Green=2091401, Red=2091401, Ir=2091401) | ACC(X=3.94226241111755, Y=-8.25336360931396, Z=-4.42366886138916) | HR=72 bpm | IBI=0 ms | Participant=P02
1065,IBI out of range,Row 1065 | Timestamp: 1710812034304 ms | PPG(Green=2087695, Red=2087695, Ir=2087695) | ACC(X=3.44888091087341, Y=-8.60783195495605, Z=-1.12328135967255) | HR=72 bpm | IBI=0 ms | Participant=P02
1066,IBI out of range,Row 1066 | Timestamp: 1710812034344 ms | PPG(Green=2079994, Red=2079994, Ir=2079994) | ACC(X=2.81658601760864, Y=-9.94666862487793, Z=-2.41182160377502) | HR=73 bpm | IBI=0 ms | Participant=P02
1067,IBI out of range,Row 1067 | Timestamp: 1710812034385 ms | PPG(Green=2075605, Red=2075605, Ir=2075605) | ACC(X=2.66809248924255, Y=-11.2567644119263, Z=-3.90154647827148) | HR=74 bpm | IBI=0 ms | Participant=P02
1068,IBI out of range,Row 1068 | Timestamp: 1710812034424 ms | PPG(Green=2074093, Red=2074093, Ir=2074093) | ACC(X=2.82616639137268, Y=-8.72279453277588, Z=-3.05848670005798) | HR=75 bpm | IBI=0 ms | Participant=P02
1069,IBI out of range,Row 1069 | Timestamp: 1710812034464 ms | PPG(Green=2073326, Red=2073326, Ir=2073326) | ACC(X=2.64893221855164, Y=-7.76477193832397, Z=-2.62498164176941) | HR=75 bpm | IBI=0 ms | Participant=P02
1070,IBI out of range,Row 1070 | Timestamp: 1710812034504 ms | PPG(Green=2069979, Red=2069979, Ir=2069979) | ACC(X=2.29446387290955, Y=-9.67842197418213, Z=-3.48959684371948) | HR=75 bpm | IBI=0 ms | Participant=P02
1071,IBI out of range,Row 1071 | Timestamp: 1710812034544 ms | PPG(Green=2072786, Red=2072786, Ir=2072786) | ACC(X=2.05495810508728, Y=-9.94666862487793, Z=-3.08483242988586) | HR=75 bpm | IBI=0 ms | Participant=P02
1072,IBI out of range,Row 1072 | Timestamp: 1710812034585 ms | PPG(Green=2074554, Red=2074554, Ir=2074554) | ACC(X=1.83461308479309, Y=-9.58261966705322, Z=-2.7806601524353) | HR=74 bpm | IBI=0 ms | Participant=P02
1073,IBI out of range,Row 1073 | Timestamp: 1710812034625 ms | PPG(Green=2073072, Red=2073072, Ir=2073072) | ACC(X=1.30770063400269, Y=-9.07247257232666, Z=-2.304044008255) | HR=74 bpm | IBI=0 ms | Participant=P02
1074,IBI out of range,Row 1074 | Timestamp: 1710812034665 ms | PPG(Green=2072860, Red=2072860, Ir=2072860) | ACC(X=1.48253977298737, Y=-9.18504047393799, Z=-2.12201976776123) | HR=73 bpm | IBI=0 ms | Participant=P02
1075,IBI out of range,Row 1075 | Timestamp: 1710812034705 ms | PPG(Green=2073851, Red=2073851, Ir=2073851) | ACC(X=1.63582336902618, Y=-9.23054695129394, Z=-1.69090962409973) | HR=72 bpm | IBI=0 ms | Participant=P02
1076,IBI out of range,Row 1076 | Timestamp: 1710812034745 ms | PPG(Green=2075590, Red=2075590, Ir=2075590) | ACC(X=1.40589797496796, Y=-9.72153282165527, Z=-1.83940315246582) | HR=71 bpm | IBI=0 ms | Participant=P02
1077,IBI out of range,Row 1077 | Timestamp: 1710812034786 ms | PPG(Green=2078229, Red=2078229, Ir=2078229) | ACC(X=1.76515638828278, Y=-9.54669380187988, Z=-1.54960131645203) | HR=71 bpm | IBI=0 ms | Participant=P02
1078,IBI out of range,Row 1078 | Timestamp: 1710812034825 ms | PPG(Green=2080261, Red=2080261, Ir=2080261) | ACC(X=2.22500729560852, Y=-9.15390491485596, Z=-0.840664744377136) | HR=72 bpm | IBI=0 ms | Participant=P02
1079,IBI out of range,Row 1079 | Timestamp: 1710812034865 ms | PPG(Green=2081935, Red=2081935, Ir=2081935) | ACC(X=2.1627357006073, Y=-9.39341068267822, Z=-1.08017039299011) | HR=73 bpm | IBI=0 ms | Participant=P02
1080,IBI out of range,Row 1080 | Timestamp: 1710812034905 ms | PPG(Green=2082352, Red=2082352, Ir=2082352) | ACC(X=2.29685878753662, Y=-9.76464366912842, Z=-1.59989750385284) | HR=74 bpm | IBI=0 ms | Participant=P02
1081,IBI out of range,Row 1081 | Timestamp: 1710812034945 ms | PPG(Green=2081792, Red=2081792, Ir=2081792) | ACC(X=2.13159990310669, Y=-9.7526683807373, Z=-1.892094373703) | HR=75 bpm | IBI=0 ms | Participant=P02
1082,IBI out of range,Row 1082 | Timestamp: 1710812034986 ms | PPG(Green=2080360, Red=2080360, Ir=2080360) | ACC(X=1.97352623939514, Y=-9.45807647705078, Z=-2.05016803741455) | HR=75 bpm | IBI=0 ms | Participant=P02
1083,IBI out of range,Row 1083 | Timestamp: 1710812035026 ms | PPG(Green=2079093, Red=2079093, Ir=2079093) | ACC(X=1.90646469593048, Y=-9.25928688049316, Z=-2.03100776672363) | HR=76 bpm | IBI=0 ms | Participant=P02
1084,IBI out of range,Row 1084 | Timestamp: 1710812035066 ms | PPG(Green=2078328, Red=2078328, Ir=2078328) | ACC(X=1.90646469593048, Y=-9.37185478210449, Z=-1.76755142211914) | HR=76 bpm | IBI=0 ms | Participant=P02
1085,IBI out of range,Row 1085 | Timestamp: 1710812035106 ms | PPG(Green=2079654, Red=2079654, Ir=2079654) | ACC(X=1.81545257568359, Y=-9.75027370452881, Z=-1.76276135444641) | HR=75 bpm | IBI=0 ms | Participant=P02
1086,IBI out of range,Row 1086 | Timestamp: 1710812035146 ms | PPG(Green=2082079, Red=2082079, Ir=2082079) | ACC(X=1.83221793174744, Y=-9.53232383728027, Z=-1.48493480682373) | HR=75 bpm | IBI=0 ms | Participant=P02
1087,IBI out of range,Row 1087 | Timestamp: 1710812035187 ms | PPG(Green=2083890, Red=2083890, Ir=2083890) | ACC(X=1.89927959442139, Y=-9.43412590026856, Z=-1.26458966732025) | HR=74 bpm | IBI=0 ms | Participant=P02
1088,IBI out of range,Row 1088 | Timestamp: 1710812035226 ms | PPG(Green=2084437, Red=2084437, Ir=2084437) | ACC(X=2.04058790206909, Y=-9.60417556762695, Z=-1.19513309001923) | HR=75 bpm | IBI=0 ms | Participant=P02
1089,IBI out of range,Row 1089 | Timestamp: 1710812035266 ms | PPG(Green=2084868, Red=2084868, Ir=2084868) | ACC(X=2.04537796974182, Y=-9.30000305175781, Z=-1.15681219100952) | HR=75 bpm | IBI=0 ms | Participant=P02
1090,IBI out of range,Row 1090 | Timestamp: 1710812035306 ms | PPG(Green=2084458, Red=2084458, Ir=2084458) | ACC(X=2.10046434402466, Y=-9.43173122406006, Z=-1.274169921875) | HR=76 bpm | IBI=0 ms | Participant=P02
1091,IBI out of range,Row 1091 | Timestamp: 1710812035346 ms | PPG(Green=2083595, Red=2083595, Ir=2083595) | ACC(X=2.08130383491516, Y=-9.66405200958252, Z=-1.40350294113159) | HR=76 bpm | IBI=0 ms | Participant=P02
1092,IBI out of range,Row 1092 | Timestamp: 1710812035387 ms | PPG(Green=2082364, Red=2082364, Ir=2082364) | ACC(X=2.19387149810791, Y=-9.55148410797119, Z=-1.02268898487091) | HR=77 bpm | IBI=0 ms | Participant=P02
1093,IBI out of range,Row 1093 | Timestamp: 1710812035427 ms | PPG(Green=2080121, Red=2080121, Ir=2080121) | ACC(X=2.53396940231323, Y=-9.21617603302002, Z=-0.828689455986023) | HR=77 bpm | IBI=0 ms | Participant=P02
1094,IBI out of range,Row 1094 | Timestamp: 1710812035467 ms | PPG(Green=2076858, Red=2076858, Ir=2076858) | ACC(X=2.69443821907043, Y=-9.3862247467041, Z=-0.948442220687866) | HR=77 bpm | IBI=0 ms | Participant=P02
1095,IBI out of range,Row 1095 | Timestamp: 1710812035507 ms | PPG(Green=2074712, Red=2074712, Ir=2074712) | ACC(X=2.46211767196655, Y=-9.25210189819336, Z=-1.43942880630493) | HR=76 bpm | IBI=0 ms | Participant=P02
1096,IBI out of range,Row 1096 | Timestamp: 1710812035547 ms | PPG(Green=2072893, Red=2072893, Ir=2072893) | ACC(X=2.43577218055725, Y=-9.45328712463379, Z=-1.89448940753937) | HR=76 bpm | IBI=0 ms | Participant=P02
1097,IBI out of range,Row 1097 | Timestamp: 1710812035588 ms | PPG(Green=2069534, Red=2069534, Ir=2069534) | ACC(X=2.40463638305664, Y=-9.40778064727783, Z=-1.81784760951996) | HR=75 bpm | IBI=0 ms | Participant=P02
1098,IBI out of range,Row 1098 | Timestamp: 1710812035627 ms | PPG(Green=2064150, Red=2064150, Ir=2064150) | ACC(X=2.63216686248779, Y=-9.35508918762207, Z=-1.70767509937286) | HR=75 bpm | IBI=0 ms | Participant=P02
1099,IBI out of range,Row 1099 | Timestamp: 1710812035667 ms | PPG(Green=2059041, Red=2059041, Ir=2059041) | ACC(X=2.59145069122314, Y=-9.35269451141357, Z=-1.77473664283752) | HR=75 bpm | IBI=0 ms | Participant=P02
1100,IBI out of range,Row 1100 | Timestamp: 1710812035708 ms | PPG(Green=2055471, Red=2055471, Ir=2055471) | ACC(X=2.64653706550598, Y=-9.23533630371094, Z=-1.60708272457123) | HR=75 bpm | IBI=0 ms | Participant=P02
1101,IBI out of range,Row 1101 | Timestamp: 1710812035748 ms | PPG(Green=2053448, Red=2053448, Ir=2053448) | ACC(X=2.71120357513428, Y=-9.14432430267334, Z=-1.49930512905121) | HR=76 bpm | IBI=0 ms | Participant=P02
1102,IBI out of range,Row 1102 | Timestamp: 1710812035789 ms | PPG(Green=2051364, Red=2051364, Ir=2051364) | ACC(X=2.65851235389709, Y=-9.42454624176025, Z=-1.88969933986664) | HR=77 bpm | IBI=0 ms | Participant=P02
1103,IBI out of range,Row 1103 | Timestamp: 1710812035828 ms | PPG(Green=2049843, Red=2049843, Ir=2049843) | ACC(X=2.73275899887085, Y=-9.22815132141113, Z=-1.74120581150055) | HR=76 bpm | IBI=0 ms | Participant=P02
1104,IBI out of range,Row 1104 | Timestamp: 1710812035868 ms | PPG(Green=2048723, Red=2048723, Ir=2048723) | ACC(X=2.86927723884583, Y=-9.2856330871582, Z=-1.88490927219391) | HR=76 bpm | IBI=0 ms | Participant=P02
1105,IBI out of range,Row 1105 | Timestamp: 1710812035908 ms | PPG(Green=2047933, Red=2047933, Ir=2047933) | ACC(X=2.80700588226318, Y=-9.33592891693115, Z=-1.83940315246582) | HR=76 bpm | IBI=0 ms | Participant=P02
1106,IBI out of range,Row 1106 | Timestamp: 1710812035948 ms | PPG(Green=2047026, Red=2047026, Ir=2047026) | ACC(X=2.89083290100098, Y=-9.0988187789917, Z=-1.88730430603027) | HR=75 bpm | IBI=0 ms | Participant=P02
1107,IBI out of range,Row 1107 | Timestamp: 1710812035989 ms | PPG(Green=2046688, Red=2046688, Ir=2046688) | ACC(X=2.87885761260986, Y=-9.31916332244873, Z=-2.01424217224121) | HR=75 bpm | IBI=0 ms | Participant=P02
1108,IBI out of range,Row 1108 | Timestamp: 1710812036029 ms | PPG(Green=2046313, Red=2046313, Ir=2046313) | ACC(X=2.89801788330078, Y=-9.19222545623779, Z=-1.92323017120361) | HR=75 bpm | IBI=0 ms | Participant=P02
1109,IBI out of range,Row 1109 | Timestamp: 1710812036069 ms | PPG(Green=2045880, Red=2045880, Ir=2045880) | ACC(X=2.90520310401917, Y=-9.16588020324707, Z=-2.03100776672363) | HR=75 bpm | IBI=0 ms | Participant=P02
1110,IBI out of range,Row 1110 | Timestamp: 1710812036109 ms | PPG(Green=2046493, Red=2046493, Ir=2046493) | ACC(X=2.90041303634644, Y=-9.29760837554932, Z=-2.11243963241577) | HR=75 bpm | IBI=0 ms | Participant=P02
1111,IBI out of range,Row 1111 | Timestamp: 1710812036149 ms | PPG(Green=2047805, Red=2047805, Ir=2047805) | ACC(X=2.78784537315369, Y=-9.24491691589356, Z=-1.9567608833313) | HR=75 bpm | IBI=0 ms | Participant=P02
1112,IBI out of range,Row 1112 | Timestamp: 1710812036190 ms | PPG(Green=2049433, Red=2049433, Ir=2049433) | ACC(X=2.65132713317871, Y=-9.21617603302002, Z=-2.11243963241577) | HR=75 bpm | IBI=0 ms | Participant=P02
1113,IBI out of range,Row 1113 | Timestamp: 1710812036229 ms | PPG(Green=2052501, Red=2052501, Ir=2052501) | ACC(X=2.66330242156982, Y=-9.19222545623779, Z=-2.35434031486511) | HR=74 bpm | IBI=0 ms | Participant=P02
1114,IBI out of range,Row 1114 | Timestamp: 1710812036269 ms | PPG(Green=2055151, Red=2055151, Ir=2055151) | ACC(X=2.55312991142273, Y=-9.11318874359131, Z=-2.33038973808289) | HR=74 bpm | IBI=0 ms | Participant=P02
1115,IBI out of range,Row 1115 | Timestamp: 1710812036309 ms | PPG(Green=2055923, Red=2055923, Ir=2055923) | ACC(X=2.46690797805786, Y=-9.18504047393799, Z=-2.21063685417175) | HR=74 bpm | IBI=0 ms | Participant=P02
1116,IBI out of range,Row 1116 | Timestamp: 1710812036350 ms | PPG(Green=2056358, Red=2056358, Ir=2056358) | ACC(X=2.57229042053223, Y=-9.22096633911133, Z=-2.15794563293457) | HR=73 bpm | IBI=0 ms | Participant=P02
1117,IBI out of range,Row 1117 | Timestamp: 1710812036391 ms | PPG(Green=2056983, Red=2056983, Ir=2056983) | ACC(X=2.66090750694275, Y=-9.25689220428467, Z=-1.8082674741745) | HR=73 bpm | IBI=0 ms | Participant=P02
1118,IBI out of range,Row 1118 | Timestamp: 1710812036430 ms | PPG(Green=2058545, Red=2058545, Ir=2058545) | ACC(X=2.67767286300659, Y=-9.28323745727539, Z=-1.8082674741745) | HR=74 bpm | IBI=0 ms | Participant=P02
1119,IBI out of range,Row 1119 | Timestamp: 1710812036470 ms | PPG(Green=2060743, Red=2060743, Ir=2060743) | ACC(X=2.65132713317871, Y=-9.21617603302002, Z=-1.72444045543671) | HR=75 bpm | IBI=0 ms | Participant=P02
1120,IBI out of range,Row 1120 | Timestamp: 1710812036510 ms | PPG(Green=2062455, Red=2062455, Ir=2062455) | ACC(X=2.74712944030762, Y=-9.23054695129394, Z=-1.80347728729248) | HR=75 bpm | IBI=0 ms | Participant=P02
1121,IBI out of range,Row 1121 | Timestamp: 1710812036550 ms | PPG(Green=2063819, Red=2063819, Ir=2063819) | ACC(X=2.71359872817993, Y=-9.2952127456665, Z=-1.70767509937286) | HR=75 bpm | IBI=0 ms | Participant=P02
1122,IBI out of range,Row 1122 | Timestamp: 1710812036591 ms | PPG(Green=2064872, Red=2064872, Ir=2064872) | ACC(X=2.65611720085144, Y=-9.3838300704956, Z=-1.75797128677368) | HR=75 bpm | IBI=0 ms | Participant=P02
1123,IBI out of range,Row 1123 | Timestamp: 1710812036631 ms | PPG(Green=2065098, Red=2065098, Ir=2065098) | ACC(X=2.47409296035767, Y=-9.18504047393799, Z=-1.77473664283752) | HR=74 bpm | IBI=0 ms | Participant=P02
1124,IBI out of range,Row 1124 | Timestamp: 1710812036671 ms | PPG(Green=2064929, Red=2064929, Ir=2064929) | ACC(X=2.66330242156982, Y=-9.21617603302002, Z=-1.77473664283752) | HR=74 bpm | IBI=0 ms | Participant=P02
1125,IBI out of range,Row 1125 | Timestamp: 1710812036711 ms | PPG(Green=2064542, Red=2064542, Ir=2064542) | ACC(X=2.56750011444092, Y=-9.21378135681152, Z=-1.88251411914825) | HR=73 bpm | IBI=0 ms | Participant=P02
1126,IBI out of range,Row 1126 | Timestamp: 1710812036751 ms | PPG(Green=2065110, Red=2065110, Ir=2065110) | ACC(X=2.57229042053223, Y=-9.22815132141113, Z=-1.81305754184723) | HR=73 bpm | IBI=0 ms | Participant=P02
1127,IBI out of range,Row 1127 | Timestamp: 1710812036792 ms | PPG(Green=2065747, Red=2065747, Ir=2065747) | ACC(X=2.64653706550598, Y=-9.41975593566894, Z=-1.93041527271271) | HR=72 bpm | IBI=0 ms | Participant=P02
1128,IBI out of range,Row 1128 | Timestamp: 1710812036831 ms | PPG(Green=2066515, Red=2066515, Ir=2066515) | ACC(X=2.73754930496216, Y=-9.26886749267578, Z=-1.84179818630219) | HR=72 bpm | IBI=0 ms | Participant=P02
1129,IBI out of range,Row 1129 | Timestamp: 1710812036871 ms | PPG(Green=2067325, Red=2067325, Ir=2067325) | ACC(X=2.84293174743652, Y=-9.20659637451172, Z=-1.70048987865448) | HR=72 bpm | IBI=0 ms | Participant=P02
1130,IBI out of range,Row 1130 | Timestamp: 1710812036911 ms | PPG(Green=2068295, Red=2068295, Ir=2068295) | ACC(X=2.81419110298157, Y=-9.369460105896, Z=-1.45140409469604) | HR=72 bpm | IBI=0 ms | Participant=P02
1131,IBI out of range,Row 1131 | Timestamp: 1710812036952 ms | PPG(Green=2069065, Red=2069065, Ir=2069065) | ACC(X=2.82616639137268, Y=-9.25689220428467, Z=-1.44900894165039) | HR=71 bpm | IBI=0 ms | Participant=P02
1132,IBI out of range,Row 1132 | Timestamp: 1710812036993 ms | PPG(Green=2066805, Red=2066805, Ir=2066805) | ACC(X=2.82856130599976, Y=-9.27605247497559, Z=-1.55199646949768) | HR=70 bpm | IBI=0 ms | Participant=P02
1133,IBI out of range,Row 1133 | Timestamp: 1710812037032 ms | PPG(Green=2062167, Red=2062167, Ir=2062167) | ACC(X=2.78305530548096, Y=-9.34550952911377, Z=-1.72444045543671) | HR=70 bpm | IBI=0 ms | Participant=P02
1134,IBI out of range,Row 1134 | Timestamp: 1710812037072 ms | PPG(Green=2057679, Red=2057679, Ir=2057679) | ACC(X=2.61779642105103, Y=-9.30958366394043, Z=-1.82982289791107) | HR=70 bpm | IBI=0 ms | Participant=P02
1135,IBI out of range,Row 1135 | Timestamp: 1710812037112 ms | PPG(Green=2054348, Red=2054348, Ir=2054348) | ACC(X=2.51241397857666, Y=-9.31916332244873, Z=-1.80587232112884) | HR=70 bpm | IBI=0 ms | Participant=P02
1136,IBI out of range,Row 1136 | Timestamp: 1710812037152 ms | PPG(Green=2051966, Red=2051966, Ir=2051966) | ACC(X=2.51720404624939, Y=-9.32634925842285, Z=-1.85137844085693) | HR=70 bpm | IBI=0 ms | Participant=P02
1137,IBI out of range,Row 1137 | Timestamp: 1710812037193 ms | PPG(Green=2051001, Red=2051001, Ir=2051001) | ACC(X=2.66330242156982, Y=-9.21378135681152, Z=-1.78192186355591) | HR=71 bpm | IBI=0 ms | Participant=P02
1138,IBI out of range,Row 1138 | Timestamp: 1710812037233 ms | PPG(Green=2050916, Red=2050916, Ir=2050916) | ACC(X=2.69443821907043, Y=-9.24970722198486, Z=-1.71007013320923) | HR=71 bpm | IBI=0 ms | Participant=P02
1139,IBI out of range,Row 1139 | Timestamp: 1710812037273 ms | PPG(Green=2050927, Red=2050927, Ir=2050927) | ACC(X=2.68725299835205, Y=-9.30718803405762, Z=-1.66935420036316) | HR=72 bpm | IBI=0 ms | Participant=P02
1140,IBI out of range,Row 1140 | Timestamp: 1710812037313 ms | PPG(Green=2050765, Red=2050765, Ir=2050765) | ACC(X=2.754314661026, Y=-9.24970722198486, Z=-1.63342833518982) | HR=72 bpm | IBI=0 ms | Participant=P02
1141,IBI out of range,Row 1141 | Timestamp: 1710812037353 ms | PPG(Green=2050191, Red=2050191, Ir=2050191) | ACC(X=2.79024052619934, Y=-9.31437397003174, Z=-1.64300858974457) | HR=72 bpm | IBI=0 ms | Participant=P02
1142,IBI out of range,Row 1142 | Timestamp: 1710812037394 ms | PPG(Green=2049615, Red=2049615, Ir=2049615) | ACC(X=2.71120357513428, Y=-9.23054695129394, Z=-1.74599599838257) | HR=71 bpm | IBI=0 ms | Participant=P02
1143,IBI out of range,Row 1143 | Timestamp: 1710812037433 ms | PPG(Green=2049158, Red=2049158, Ir=2049158) | ACC(X=2.66090750694275, Y=-9.27605247497559, Z=-1.72683548927307) | HR=71 bpm | IBI=0 ms | Participant=P02
1144,IBI out of range,Row 1144 | Timestamp: 1710812037474 ms | PPG(Green=2048864, Red=2048864, Ir=2048864) | ACC(X=2.71120357513428, Y=-9.30718803405762, Z=-1.73162567615509) | HR=70 bpm | IBI=0 ms | Participant=P02
1145,IBI out of range,Row 1145 | Timestamp: 1710812037514 ms | PPG(Green=2048667, Red=2048667, Ir=2048667) | ACC(X=2.74952459335327, Y=-9.30239868164062, Z=-1.68132948875427) | HR=71 bpm | IBI=0 ms | Participant=P02
1146,IBI out of range,Row 1146 | Timestamp: 1710812037554 ms | PPG(Green=2049434, Red=2049434, Ir=2049434) | ACC(X=2.68485808372498, Y=-9.26168251037598, Z=-1.75318109989166) | HR=71 bpm | IBI=0 ms | Participant=P02
1147,IBI out of range,Row 1147 | Timestamp: 1710812037595 ms | PPG(Green=2050208, Red=2050208, Ir=2050208) | ACC(X=2.69204306602478, Y=-9.24731159210205, Z=-1.74599599838257) | HR=72 bpm | IBI=0 ms | Participant=P02
1148,IBI out of range,Row 1148 | Timestamp: 1710812037634 ms | PPG(Green=2049331, Red=2049331, Ir=2049331) | ACC(X=2.75191950798035, Y=-9.30239868164062, Z=-1.71725523471832) | HR=73 bpm | IBI=0 ms | Participant=P02
1149,IBI out of range,Row 1149 | Timestamp: 1710812037674 ms | PPG(Green=2045508, Red=2045508, Ir=2045508) | ACC(X=2.7351541519165, Y=-9.28323745727539, Z=-1.70767509937286) | HR=73 bpm | IBI=0 ms | Participant=P02
1150,IBI out of range,Row 1150 | Timestamp: 1710812037714 ms | PPG(Green=2041101, Red=2041101, Ir=2041101) | ACC(X=2.73036408424377, Y=-9.27126216888428, Z=-1.77234160900116) | HR=74 bpm | IBI=0 ms | Participant=P02
1151,IBI out of range,Row 1151 | Timestamp: 1710812037754 ms | PPG(Green=2037672, Red=2037672, Ir=2037672) | ACC(X=2.72078371047974, Y=-9.26886749267578, Z=-1.72683548927307) | HR=74 bpm | IBI=0 ms | Participant=P02
1152,IBI out of range,Row 1152 | Timestamp: 1710812037795 ms | PPG(Green=2035675, Red=2035675, Ir=2035675) | ACC(X=2.71120357513428, Y=-9.2880277633667, Z=-1.71246516704559) | HR=73 bpm | IBI=0 ms | Participant=P02
1153,IBI out of range,Row 1153 | Timestamp: 1710812037834 ms | PPG(Green=2034685, Red=2034685, Ir=2034685) | ACC(X=2.73036408424377, Y=-9.2784481048584, Z=-1.74360084533691) | HR=73 bpm | IBI=0 ms | Participant=P02
1154,IBI out of range,Row 1154 | Timestamp: 1710812037874 ms | PPG(Green=2034354, Red=2034354, Ir=2034354) | ACC(X=2.72078371047974, Y=-9.25928688049316, Z=-1.75557613372803) | HR=72 bpm | IBI=0 ms | Participant=P02
1155,IBI out of range,Row 1155 | Timestamp: 1710812037914 ms | PPG(Green=2034196, Red=2034196, Ir=2034196) | ACC(X=2.82377123832703, Y=-9.24970722198486, Z=-1.72923052310944) | HR=72 bpm | IBI=0 ms | Participant=P02
1156,IBI out of range,Row 1156 | Timestamp: 1710812037955 ms | PPG(Green=2033917, Red=2033917, Ir=2033917) | ACC(X=2.73036408424377, Y=-9.26647281646728, Z=-1.72923052310944) | HR=73 bpm | IBI=0 ms | Participant=P02
1157,IBI out of range,Row 1157 | Timestamp: 1710812037995 ms | PPG(Green=2033147, Red=2033147, Ir=2033147) | ACC(X=2.80461072921753, Y=-9.27365779876709, Z=-1.75797128677368) | HR=73 bpm | IBI=0 ms | Participant=P02
1158,IBI out of range,Row 1158 | Timestamp: 1710812038035 ms | PPG(Green=2032583, Red=2032583, Ir=2032583) | ACC(X=2.73994421958923, Y=-9.23054695129394, Z=-1.686119556427) | HR=74 bpm | IBI=0 ms | Participant=P02
1159,IBI out of range,Row 1159 | Timestamp: 1710812038075 ms | PPG(Green=2032296, Red=2032296, Ir=2032296) | ACC(X=2.79024052619934, Y=-9.26168251037598, Z=-1.75318109989166) | HR=75 bpm | IBI=0 ms | Participant=P02
1160,IBI out of range,Row 1160 | Timestamp: 1710812038115 ms | PPG(Green=2032188, Red=2032188, Ir=2032188) | ACC(X=2.76389479637146, Y=-9.30239868164062, Z=-1.74120581150055) | HR=75 bpm | IBI=0 ms | Participant=P02
1161,IBI out of range,Row 1161 | Timestamp: 1710812038155 ms | PPG(Green=2032699, Red=2032699, Ir=2032699) | ACC(X=2.68725299835205, Y=-9.25689220428467, Z=-1.74839103221893) | HR=76 bpm | IBI=0 ms | Participant=P02
1162,IBI out of range,Row 1162 | Timestamp: 1710812038196 ms | PPG(Green=2033277, Red=2033277, Ir=2033277) | ACC(X=2.71599364280701, Y=-9.35748481750488, Z=-1.77952671051025) | HR=75 bpm | IBI=0 ms | Participant=P02
1163,IBI out of range,Row 1163 | Timestamp: 1710812038235 ms | PPG(Green=2033937, Red=2033937, Ir=2033937) | ACC(X=2.6130063533783, Y=-9.2784481048584, Z=-1.74360084533691) | HR=75 bpm | IBI=0 ms | Participant=P02
1164,IBI out of range,Row 1164 | Timestamp: 1710812038275 ms | PPG(Green=2034908, Red=2034908, Ir=2034908) | ACC(X=2.77108001708984, Y=-9.27365779876709, Z=-1.75557613372803) | HR=74 bpm | IBI=0 ms | Participant=P02
1165,IBI out of range,Row 1165 | Timestamp: 1710812038316 ms | PPG(Green=2034493, Red=2034493, Ir=2034493) | ACC(X=2.79742574691772, Y=-9.26886749267578, Z=-1.73402070999146) | HR=74 bpm | IBI=0 ms | Participant=P02
1166,IBI out of range,Row 1166 | Timestamp: 1710812038356 ms | PPG(Green=2031438, Red=2031438, Ir=2031438) | ACC(X=2.77587008476257, Y=-9.22336101531982, Z=-1.79150199890137) | HR=74 bpm | IBI=0 ms | Participant=P02
1167,IBI out of range,Row 1167 | Timestamp: 1710812038396 ms | PPG(Green=2027639, Red=2027639, Ir=2027639) | ACC(X=2.73754930496216, Y=-9.2856330871582, Z=-1.71007013320923) | HR=74 bpm | IBI=0 ms | Participant=P02
1168,IBI out of range,Row 1168 | Timestamp: 1710812038436 ms | PPG(Green=2024712, Red=2024712, Ir=2024712) | ACC(X=2.72557401657104, Y=-9.26886749267578, Z=-1.71007013320923) | HR=75 bpm | IBI=0 ms | Participant=P02
1169,IBI out of range,Row 1169 | Timestamp: 1710812038476 ms | PPG(Green=2023194, Red=2023194, Ir=2023194) | ACC(X=2.61779642105103, Y=-9.29281806945801, Z=-1.69330477714539) | HR=75 bpm | IBI=0 ms | Participant=P02
1170,IBI out of range,Row 1170 | Timestamp: 1710812038516 ms | PPG(Green=2022706, Red=2022706, Ir=2022706) | ACC(X=2.63456177711487, Y=-9.33353424072266, Z=-1.789106965065) | HR=76 bpm | IBI=0 ms | Participant=P02
1172,IBI out of range,Row 1172 | Timestamp: 1710812038597 ms | PPG(Green=2023464, Red=2023464, Ir=2023464) | ACC(X=2.54594469070435, Y=-9.25449752807617, Z=-1.83461308479309) | HR=77 bpm | IBI=0 ms | Participant=P02
1173,IBI out of range,Row 1173 | Timestamp: 1710812038636 ms | PPG(Green=2023931, Red=2023931, Ir=2023931) | ACC(X=2.6130063533783, Y=-9.32155895233154, Z=-1.78192186355591) | HR=77 bpm | IBI=0 ms | Participant=P02
1174,IBI out of range,Row 1174 | Timestamp: 1710812038677 ms | PPG(Green=2023925, Red=2023925, Ir=2023925) | ACC(X=2.65611720085144, Y=-9.35508918762207, Z=-1.90646469593048) | HR=77 bpm | IBI=0 ms | Participant=P02
1175,HeartRate out of range,Row 1175 | Timestamp: 1710812038717 ms | PPG(Green=2024040, Red=2024040, Ir=2024040) | ACC(X=2.55791997909546, Y=-9.27365779876709, Z=-1.86335372924805) | HR=0 bpm | IBI=0 ms | Participant=P02
1176,HeartRate out of range,Row 1176 | Timestamp: 1710812038757 ms | PPG(Green=2024507, Red=2024507, Ir=2024507) | ACC(X=2.51241397857666, Y=-9.32874393463135, Z=-1.85856366157532) | HR=0 bpm | IBI=0 ms | Participant=P02
1177,HeartRate out of range,Row 1177 | Timestamp: 1710812038798 ms | PPG(Green=2025325, Red=2025325, Ir=2025325) | ACC(X=2.48127818107605, Y=-9.25689220428467, Z=-1.9112548828125) | HR=0 bpm | IBI=0 ms | Participant=P02
1178,HeartRate out of range,Row 1178 | Timestamp: 1710812038837 ms | PPG(Green=2026482, Red=2026482, Ir=2026482) | ACC(X=2.58187055587769, Y=-9.35029983520508, Z=-1.89688444137573) | HR=0 bpm | IBI=677 ms | Participant=P02
1179,HeartRate out of range,Row 1179 | Timestamp: 1710812038877 ms | PPG(Green=2027707, Red=2027707, Ir=2027707) | ACC(X=2.58905577659607, Y=-9.18743515014648, Z=-1.69090962409973) | HR=0 bpm | IBI=0 ms | Participant=P02
1180,HeartRate out of range,Row 1180 | Timestamp: 1710812038917 ms | PPG(Green=2029220, Red=2029220, Ir=2029220) | ACC(X=2.67767286300659, Y=-9.31437397003174, Z=-1.56157660484314) | HR=0 bpm | IBI=0 ms | Participant=P02
1181,HeartRate out of range,Row 1181 | Timestamp: 1710812038957 ms | PPG(Green=2030890, Red=2030890, Ir=2030890) | ACC(X=2.63216686248779, Y=-9.25210189819336, Z=-1.56876182556152) | HR=0 bpm | IBI=0 ms | Participant=P02
1182,HeartRate out of range,Row 1182 | Timestamp: 1710812038998 ms | PPG(Green=2030459, Red=2030459, Ir=2030459) | ACC(X=2.75670957565308, Y=-9.34550952911377, Z=-1.50649034976959) | HR=0 bpm | IBI=0 ms | Participant=P02
1183,HeartRate out of range,Row 1183 | Timestamp: 1710812039037 ms | PPG(Green=2027104, Red=2027104, Ir=2027104) | ACC(X=2.75670957565308, Y=-9.31916332244873, Z=-1.56157660484314) | HR=0 bpm | IBI=0 ms | Participant=P02
1184,HeartRate out of range,Row 1184 | Timestamp: 1710812039077 ms | PPG(Green=2022924, Red=2022924, Ir=2022924) | ACC(X=2.70401835441589, Y=-9.33832454681396, Z=-1.61905801296234) | HR=0 bpm | IBI=0 ms | Participant=P02
1185,HeartRate out of range,Row 1185 | Timestamp: 1710812039118 ms | PPG(Green=2019633, Red=2019633, Ir=2019633) | ACC(X=2.64893221855164, Y=-9.35029983520508, Z=-1.54002118110657) | HR=0 bpm | IBI=0 ms | Participant=P02
1186,IBI out of range,Row 1186 | Timestamp: 1710812039158 ms | PPG(Green=2017748, Red=2017748, Ir=2017748) | ACC(X=2.61061120033264, Y=-9.30718803405762, Z=-1.67893433570862) | HR=85 bpm | IBI=0 ms | Participant=P02
1187,IBI out of range,Row 1187 | Timestamp: 1710812039198 ms | PPG(Green=2016600, Red=2016600, Ir=2016600) | ACC(X=2.46211767196655, Y=-9.35748481750488, Z=-1.67893433570862) | HR=84 bpm | IBI=0 ms | Participant=P02
1188,IBI out of range,Row 1188 | Timestamp: 1710812039238 ms | PPG(Green=2016156, Red=2016156, Ir=2016156) | ACC(X=2.46451282501221, Y=-9.35029983520508, Z=-1.789106965065) | HR=85 bpm | IBI=0 ms | Participant=P02
1189,IBI out of range,Row 1189 | Timestamp: 1710812039278 ms | PPG(Green=2015987, Red=2015987, Ir=2015987) | ACC(X=2.57947540283203, Y=-9.34311389923096, Z=-1.70288491249084) | HR=85 bpm | IBI=0 ms | Participant=P02
1190,IBI out of range,Row 1190 | Timestamp: 1710812039318 ms | PPG(Green=2015702, Red=2015702, Ir=2015702) | ACC(X=2.6393518447876, Y=-9.29042339324951, Z=-1.50888538360596) | HR=84 bpm | IBI=0 ms | Participant=P02
1191,IBI out of range,Row 1191 | Timestamp: 1710812039358 ms | PPG(Green=2015469, Red=2015469, Ir=2015469) | ACC(X=2.63456177711487, Y=-9.43652153015137, Z=-1.5639716386795) | HR=83 bpm | IBI=0 ms | Participant=P02
1192,IBI out of range,Row 1192 | Timestamp: 1710812039399 ms | PPG(Green=2015108, Red=2015108, Ir=2015108) | ACC(X=2.56989526748657, Y=-9.37185478210449, Z=-1.63582336902618) | HR=83 bpm | IBI=0 ms | Participant=P02
1193,IBI out of range,Row 1193 | Timestamp: 1710812039438 ms | PPG(Green=2014973, Red=2014973, Ir=2014973) | ACC(X=2.55552506446838, Y=-9.26886749267578, Z=-1.60229253768921) | HR=84 bpm | IBI=0 ms | Participant=P02
1194,IBI out of range,Row 1194 | Timestamp: 1710812039478 ms | PPG(Green=2015217, Red=2015217, Ir=2015217) | ACC(X=2.56271004676819, Y=-9.31676864624023, Z=-1.71965038776398) | HR=84 bpm | IBI=0 ms | Participant=P02
1195,IBI out of range,Row 1195 | Timestamp: 1710812039519 ms | PPG(Green=2015738, Red=2015738, Ir=2015738) | ACC(X=2.61779642105103, Y=-9.32155895233154, Z=-1.61905801296234) | HR=83 bpm | IBI=0 ms | Participant=P02
1196,IBI out of range,Row 1196 | Timestamp: 1710812039559 ms | PPG(Green=2016320, Red=2016320, Ir=2016320) | ACC(X=2.55552506446838, Y=-9.39580535888672, Z=-1.61426782608032) | HR=83 bpm | IBI=0 ms | Participant=P02
1197,IBI out of range,Row 1197 | Timestamp: 1710812039600 ms | PPG(Green=2017089, Red=2017089, Ir=2017089) | ACC(X=2.49085855484009, Y=-9.35029983520508, Z=-1.70048987865448) | HR=82 bpm | IBI=0 ms | Participant=P02
1198,IBI out of range,Row 1198 | Timestamp: 1710812039639 ms | PPG(Green=2018023, Red=2018023, Ir=2018023) | ACC(X=2.50762391090393, Y=-9.30000305175781, Z=-1.71725523471832) | HR=81 bpm | IBI=0 ms | Participant=P02
1199,IBI out of range,Row 1199 | Timestamp: 1710812039679 ms | PPG(Green=2017847, Red=2017847, Ir=2017847) | ACC(X=2.60103106498718, Y=-9.30958366394043, Z=-1.59750247001648) | HR=81 bpm | IBI=0 ms | Participant=P02
1200,IBI out of range,Row 1200 | Timestamp: 1710812039719 ms | PPG(Green=2014954, Red=2014954, Ir=2014954) | ACC(X=2.56510519981384, Y=-9.40299034118652, Z=-1.57115685939789) | HR=80 bpm | IBI=0 ms | Participant=P02
1201,IBI out of range,Row 1201 | Timestamp: 1710812039760 ms | PPG(Green=2011275, Red=2011275, Ir=2011275) | ACC(X=2.41182160377502, Y=-9.29042339324951, Z=-1.81066250801086) | HR=80 bpm | IBI=0 ms | Participant=P02
1202,IBI out of range,Row 1202 | Timestamp: 1710812039800 ms | PPG(Green=2008503, Red=2008503, Ir=2008503) | ACC(X=2.42619180679321, Y=-9.24970722198486, Z=-1.73402070999146) | HR=80 bpm | IBI=0 ms | Participant=P02
1203,IBI out of range,Row 1203 | Timestamp: 1710812039840 ms | PPG(Green=2007210, Red=2007210, Ir=2007210) | ACC(X=2.60821628570557, Y=-9.30958366394043, Z=-1.50649034976959) | HR=80 bpm | IBI=0 ms | Participant=P02
1204,IBI out of range,Row 1204 | Timestamp: 1710812039880 ms | PPG(Green=2006894, Red=2006894, Ir=2006894) | ACC(X=2.46690797805786, Y=-9.3862247467041, Z=-1.54720628261566) | HR=80 bpm | IBI=0 ms | Participant=P02
1205,IBI out of range,Row 1205 | Timestamp: 1710812039920 ms | PPG(Green=2007228, Red=2007228, Ir=2007228) | ACC(X=2.51720404624939, Y=-9.35029983520508, Z=-1.70048987865448) | HR=80 bpm | IBI=0 ms | Participant=P02
1206,IBI out of range,Row 1206 | Timestamp: 1710812039960 ms | PPG(Green=2007389, Red=2007389, Ir=2007389) | ACC(X=2.58187055587769, Y=-9.35269451141357, Z=-1.6669590473175) | HR=79 bpm | IBI=0 ms | Participant=P02
1207,IBI out of range,Row 1207 | Timestamp: 1710812040001 ms | PPG(Green=2007026, Red=2007026, Ir=2007026) | ACC(X=2.46690797805786, Y=-9.2808427810669, Z=-1.59989750385284) | HR=79 bpm | IBI=0 ms | Participant=P02
1208,IBI out of range,Row 1208 | Timestamp: 1710812040040 ms | PPG(Green=2006831, Red=2006831, Ir=2006831) | ACC(X=2.49325346946716, Y=-9.36466979980469, Z=-1.71725523471832) | HR=79 bpm | IBI=0 ms | Participant=P02
1209,IBI out of range,Row 1209 | Timestamp: 1710812040080 ms | PPG(Green=2006706, Red=2006706, Ir=2006706) | ACC(X=2.47648811340332, Y=-9.35029983520508, Z=-1.69809484481812) | HR=79 bpm | IBI=0 ms | Participant=P02
1210,IBI out of range,Row 1210 | Timestamp: 1710812040121 ms | PPG(Green=2006773, Red=2006773, Ir=2006773) | ACC(X=2.55073475837708, Y=-9.32874393463135, Z=-1.53283596038818) | HR=78 bpm | IBI=0 ms | Participant=P02
1211,IBI out of range,Row 1211 | Timestamp: 1710812040161 ms | PPG(Green=2006914, Red=2006914, Ir=2006914) | ACC(X=2.58187055587769, Y=-9.40778064727783, Z=-1.54720628261566) | HR=78 bpm | IBI=0 ms | Participant=P02
1212,IBI out of range,Row 1212 | Timestamp: 1710812040201 ms | PPG(Green=2007516, Red=2007516, Ir=2007516) | ACC(X=2.54354977607727, Y=-9.20420074462891, Z=-1.56876182556152) | HR=77 bpm | IBI=0 ms | Participant=P02
1213,IBI out of range,Row 1213 | Timestamp: 1710812040241 ms | PPG(Green=2008112, Red=2008112, Ir=2008112) | ACC(X=2.70401835441589, Y=-9.34550952911377, Z=-1.59989750385284) | HR=77 bpm | IBI=0 ms | Participant=P02
1214,IBI out of range,Row 1214 | Timestamp: 1710812040281 ms | PPG(Green=2008946, Red=2008946, Ir=2008946) | ACC(X=2.53636455535889, Y=-9.37185478210449, Z=-1.5639716386795) | HR=76 bpm | IBI=0 ms | Participant=P02
1215,IBI out of range,Row 1215 | Timestamp: 1710812040321 ms | PPG(Green=2009694, Red=2009694, Ir=2009694) | ACC(X=2.51241397857666, Y=-9.26407718658447, Z=-1.5903172492981) | HR=76 bpm | IBI=0 ms | Participant=P02
1216,IBI out of range,Row 1216 | Timestamp: 1710812040361 ms | PPG(Green=2010411, Red=2010411, Ir=2010411) | ACC(X=2.62977170944214, Y=-9.31676864624023, Z=-1.5256507396698) | HR=76 bpm | IBI=0 ms | Participant=P02
1217,IBI out of range,Row 1217 | Timestamp: 1710812040402 ms | PPG(Green=2008888, Red=2008888, Ir=2008888) | ACC(X=2.62977170944214, Y=-9.30958366394043, Z=-1.55678653717041) | HR=76 bpm | IBI=0 ms | Participant=P02
1218,IBI out of range,Row 1218 | Timestamp: 1710812040441 ms | PPG(Green=2005119, Red=2005119, Ir=2005119) | ACC(X=2.60582113265991, Y=-9.33832454681396, Z=-1.58073711395264) | HR=77 bpm | IBI=0 ms | Participant=P02
1219,IBI out of range,Row 1219 | Timestamp: 1710812040482 ms | PPG(Green=2001445, Red=2001445, Ir=2001445) | ACC(X=2.65372228622436, Y=-9.3766450881958, Z=-1.59989750385284) | HR=78 bpm | IBI=0 ms | Participant=P02
1220,IBI out of range,Row 1220 | Timestamp: 1710812040522 ms | PPG(Green=1999350, Red=1999350, Ir=1999350) | ACC(X=2.60342597961426, Y=-9.38862037658691, Z=-1.63582336902618) | HR=78 bpm | IBI=0 ms | Participant=P02
1221,IBI out of range,Row 1221 | Timestamp: 1710812040562 ms | PPG(Green=1998197, Red=1998197, Ir=1998197) | ACC(X=2.62258648872375, Y=-9.35029983520508, Z=-1.63821840286255) | HR=77 bpm | IBI=0 ms | Participant=P02
1222,IBI out of range,Row 1222 | Timestamp: 1710812040603 ms | PPG(Green=1997875, Red=1997875, Ir=1997875) | ACC(X=2.58426570892334, Y=-9.2880277633667, Z=-1.65019369125366) | HR=76 bpm | IBI=0 ms | Participant=P02
1223,IBI out of range,Row 1223 | Timestamp: 1710812040642 ms | PPG(Green=1998111, Red=1998111, Ir=1998111) | ACC(X=2.54354977607727, Y=-9.30718803405762, Z=-1.61666297912598) | HR=76 bpm | IBI=0 ms | Participant=P02
1224,IBI out of range,Row 1224 | Timestamp: 1710812040682 ms | PPG(Green=1998381, Red=1998381, Ir=1998381) | ACC(X=2.62498164176941, Y=-9.37185478210449, Z=-1.54960131645203) | HR=76 bpm | IBI=0 ms | Participant=P02
1225,IBI out of range,Row 1225 | Timestamp: 1710812040722 ms | PPG(Green=1998119, Red=1998119, Ir=1998119) | ACC(X=2.62498164176941, Y=-9.33353424072266, Z=-1.53762602806091) | HR=76 bpm | IBI=0 ms | Participant=P02
1226,IBI out of range,Row 1226 | Timestamp: 1710812040762 ms | PPG(Green=1998049, Red=1998049, Ir=1998049) | ACC(X=2.55791997909546, Y=-9.35987949371338, Z=-1.53523099422455) | HR=77 bpm | IBI=0 ms | Participant=P02
1227,IBI out of range,Row 1227 | Timestamp: 1710812040803 ms | PPG(Green=1998055, Red=1998055, Ir=1998055) | ACC(X=2.61779642105103, Y=-9.32395362854004, Z=-1.63821840286255) | HR=77 bpm | IBI=0 ms | Participant=P02
1228,IBI out of range,Row 1228 | Timestamp: 1710812040843 ms | PPG(Green=1998157, Red=1998157, Ir=1998157) | ACC(X=2.64893221855164, Y=-9.35269451141357, Z=-1.65977394580841) | HR=78 bpm | IBI=0 ms | Participant=P02
1229,IBI out of range,Row 1229 | Timestamp: 1710812040883 ms | PPG(Green=1998359, Red=1998359, Ir=1998359) | ACC(X=2.62498164176941, Y=-9.2880277633667, Z=-1.67174923419952) | HR=78 bpm | IBI=0 ms | Participant=P02
1230,IBI out of range,Row 1230 | Timestamp: 1710812040923 ms | PPG(Green=1998980, Red=1998980, Ir=1998980) | ACC(X=2.66330242156982, Y=-9.33353424072266, Z=-1.74599599838257) | HR=77 bpm | IBI=0 ms | Participant=P02
1231,IBI out of range,Row 1231 | Timestamp: 1710812040963 ms | PPG(Green=1999831, Red=1999831, Ir=1999831) | ACC(X=2.56989526748657, Y=-9.34790420532227, Z=-1.76755142211914) | HR=76 bpm | IBI=0 ms | Participant=P02
1232,IBI out of range,Row 1232 | Timestamp: 1710812041004 ms | PPG(Green=2000951, Red=2000951, Ir=2000951) | ACC(X=2.55312991142273, Y=-9.2856330871582, Z=-1.76515638828278) | HR=76 bpm | IBI=0 ms | Participant=P02
1233,IBI out of range,Row 1233 | Timestamp: 1710812041043 ms | PPG(Green=2002106, Red=2002106, Ir=2002106) | ACC(X=2.61540126800537, Y=-9.39580535888672, Z=-1.66935420036316) | HR=76 bpm | IBI=0 ms | Participant=P02
1234,IBI out of range,Row 1234 | Timestamp: 1710812041083 ms | PPG(Green=2002620, Red=2002620, Ir=2002620) | ACC(X=2.55312991142273, Y=-9.32874393463135, Z=-1.72444045543671) | HR=76 bpm | IBI=0 ms | Participant=P02
1235,IBI out of range,Row 1235 | Timestamp: 1710812041123 ms | PPG(Green=2000723, Red=2000723, Ir=2000723) | ACC(X=2.60342597961426, Y=-9.25449752807617, Z=-1.70767509937286) | HR=76 bpm | IBI=0 ms | Participant=P02
1236,IBI out of range,Row 1236 | Timestamp: 1710812041163 ms | PPG(Green=1997776, Red=1997776, Ir=1997776) | ACC(X=2.64653706550598, Y=-9.2880277633667, Z=-1.74120581150055) | HR=76 bpm | IBI=0 ms | Participant=P02
1237,IBI out of range,Row 1237 | Timestamp: 1710812041204 ms | PPG(Green=1995673, Red=1995673, Ir=1995673) | ACC(X=2.60342597961426, Y=-9.26168251037598, Z=-1.76515638828278) | HR=76 bpm | IBI=0 ms | Participant=P02
1238,IBI out of range,Row 1238 | Timestamp: 1710812041244 ms | PPG(Green=1994964, Red=1994964, Ir=1994964) | ACC(X=2.62258648872375, Y=-9.33592891693115, Z=-1.69809484481812) | HR=76 bpm | IBI=0 ms | Participant=P02
1239,IBI out of range,Row 1239 | Timestamp: 1710812041284 ms | PPG(Green=1995033, Red=1995033, Ir=1995033) | ACC(X=2.66809248924255, Y=-9.26168251037598, Z=-1.79868721961975) | HR=76 bpm | IBI=0 ms | Participant=P02
1240,IBI out of range,Row 1240 | Timestamp: 1710812041324 ms | PPG(Green=1995685, Red=1995685, Ir=1995685) | ACC(X=2.65372228622436, Y=-9.29281806945801, Z=-1.7507860660553) | HR=76 bpm | IBI=0 ms | Participant=P02
1241,IBI out of range,Row 1241 | Timestamp: 1710812041364 ms | PPG(Green=1996696, Red=1996696, Ir=1996696) | ACC(X=2.69922828674316, Y=-9.32395362854004, Z=-1.77713167667389) | HR=75 bpm | IBI=0 ms | Participant=P02
1242,IBI out of range,Row 1242 | Timestamp: 1710812041405 ms | PPG(Green=1997120, Red=1997120, Ir=1997120) | ACC(X=2.69683337211609, Y=-9.25449752807617, Z=-1.77473664283752) | HR=74 bpm | IBI=0 ms | Participant=P02
1243,IBI out of range,Row 1243 | Timestamp: 1710812041444 ms | PPG(Green=1997414, Red=1997414, Ir=1997414) | ACC(X=2.73275899887085, Y=-9.32634925842285, Z=-1.74120581150055) | HR=74 bpm | IBI=0 ms | Participant=P02
1244,IBI out of range,Row 1244 | Timestamp: 1710812041484 ms | PPG(Green=1997689, Red=1997689, Ir=1997689) | ACC(X=2.70401835441589, Y=-9.26886749267578, Z=-1.72204542160034) | HR=74 bpm | IBI=0 ms | Participant=P02
1245,IBI out of range,Row 1245 | Timestamp: 1710812041524 ms | PPG(Green=1998006, Red=1998006, Ir=1998006) | ACC(X=2.71838879585266, Y=-9.35748481750488, Z=-1.76276135444641) | HR=74 bpm | IBI=0 ms | Participant=P02
1246,IBI out of range,Row 1246 | Timestamp: 1710812041565 ms | PPG(Green=1998590, Red=1998590, Ir=1998590) | ACC(X=2.65132713317871, Y=-9.24491691589356, Z=-1.79629218578339) | HR=75 bpm | IBI=0 ms | Participant=P02
1247,IBI out of range,Row 1247 | Timestamp: 1710812041605 ms | PPG(Green=1999500, Red=1999500, Ir=1999500) | ACC(X=2.62019157409668, Y=-9.3862247467041, Z=-1.71965038776398) | HR=76 bpm | IBI=0 ms | Participant=P02
1248,IBI out of range,Row 1248 | Timestamp: 1710812041645 ms | PPG(Green=2000624, Red=2000624, Ir=2000624) | ACC(X=2.63695693016052, Y=-9.36466979980469, Z=-1.70048987865448) | HR=76 bpm | IBI=0 ms | Participant=P02
1249,IBI out of range,Row 1249 | Timestamp: 1710812041685 ms | PPG(Green=2001992, Red=2001992, Ir=2001992) | ACC(X=2.64174699783325, Y=-9.16108989715576, Z=-1.70048987865448) | HR=76 bpm | IBI=0 ms | Participant=P02
1250,IBI out of range,Row 1250 | Timestamp: 1710812041725 ms | PPG(Green=2003293, Red=2003293, Ir=2003293) | ACC(X=2.64893221855164, Y=-9.29281806945801, Z=-1.70767509937286) | HR=76 bpm | IBI=0 ms | Participant=P02
1251,IBI out of range,Row 1251 | Timestamp: 1710812041765 ms | PPG(Green=2004050, Red=2004050, Ir=2004050) | ACC(X=2.70162343978882, Y=-9.30239868164062, Z=-1.73641574382782) | HR=75 bpm | IBI=0 ms | Participant=P02
1252,IBI out of range,Row 1252 | Timestamp: 1710812041806 ms | PPG(Green=2001962, Red=2001962, Ir=2001962) | ACC(X=2.71359872817993, Y=-9.30958366394043, Z=-1.76994657516479) | HR=75 bpm | IBI=0 ms | Participant=P02
1253,IBI out of range,Row 1253 | Timestamp: 1710812041845 ms | PPG(Green=1998738, Red=1998738, Ir=1998738) | ACC(X=2.72317886352539, Y=-9.27365779876709, Z=-1.73641574382782) | HR=74 bpm | IBI=0 ms | Participant=P02
1254,IBI out of range,Row 1254 | Timestamp: 1710812041886 ms | PPG(Green=1996152, Red=1996152, Ir=1996152) | ACC(X=2.70401835441589, Y=-9.26407718658447, Z=-1.72683548927307) | HR=73 bpm | IBI=0 ms | Participant=P02
1255,IBI out of range,Row 1255 | Timestamp: 1710812041926 ms | PPG(Green=1994864, Red=1994864, Ir=1994864) | ACC(X=2.65132713317871, Y=-9.40299034118652, Z=-1.69809484481812) | HR=73 bpm | IBI=0 ms | Participant=P02
1256,IBI out of range,Row 1256 | Timestamp: 1710812041966 ms | PPG(Green=1994477, Red=1994477, Ir=1994477) | ACC(X=2.74473428726196, Y=-9.34071922302246, Z=-1.74599599838257) | HR=73 bpm | IBI=0 ms | Participant=P02
1257,IBI out of range,Row 1257 | Timestamp: 1710812042007 ms | PPG(Green=1994916, Red=1994916, Ir=1994916) | ACC(X=2.65372228622436, Y=-9.39820003509522, Z=-1.76515638828278) | HR=74 bpm | IBI=0 ms | Participant=P02
1258,IBI out of range,Row 1258 | Timestamp: 1710812042046 ms | PPG(Green=1995553, Red=1995553, Ir=1995553) | ACC(X=2.58666062355042, Y=-9.37424945831299, Z=-1.72683548927307) | HR=75 bpm | IBI=0 ms | Participant=P02
1259,IBI out of range,Row 1259 | Timestamp: 1710812042086 ms | PPG(Green=1996072, Red=1996072, Ir=1996072) | ACC(X=2.58187055587769, Y=-9.34550952911377, Z=-1.68132948875427) | HR=75 bpm | IBI=0 ms | Participant=P02
1260,IBI out of range,Row 1260 | Timestamp: 1710812042126 ms | PPG(Green=1996448, Red=1996448, Ir=1996448) | ACC(X=2.54115462303162, Y=-9.33113861083984, Z=-1.63582336902618) | HR=75 bpm | IBI=0 ms | Participant=P02
1261,IBI out of range,Row 1261 | Timestamp: 1710812042167 ms | PPG(Green=1996645, Red=1996645, Ir=1996645) | ACC(X=2.53875946998596, Y=-9.33832454681396, Z=-1.67653930187225) | HR=75 bpm | IBI=0 ms | Participant=P02
1262,IBI out of range,Row 1262 | Timestamp: 1710812042207 ms | PPG(Green=1997222, Red=1997222, Ir=1997222) | ACC(X=2.50762391090393, Y=-9.31916332244873, Z=-1.62624311447144) | HR=74 bpm | IBI=0 ms | Participant=P02
1263,IBI out of range,Row 1263 | Timestamp: 1710812042247 ms | PPG(Green=1997978, Red=1997978, Ir=1997978) | ACC(X=2.56750011444092, Y=-9.32874393463135, Z=-1.63582336902618) | HR=73 bpm | IBI=0 ms | Participant=P02
1264,IBI out of range,Row 1264 | Timestamp: 1710812042287 ms | PPG(Green=1998891, Red=1998891, Ir=1998891) | ACC(X=2.56989526748657, Y=-9.30958366394043, Z=-1.63103330135345) | HR=73 bpm | IBI=0 ms | Participant=P02
1265,IBI out of range,Row 1265 | Timestamp: 1710812042327 ms | PPG(Green=2000103, Red=2000103, Ir=2000103) | ACC(X=2.52438926696777, Y=-9.3766450881958, Z=-1.60947775840759) | HR=73 bpm | IBI=0 ms | Participant=P02
1266,IBI out of range,Row 1266 | Timestamp: 1710812042367 ms | PPG(Green=2001381, Red=2001381, Ir=2001381) | ACC(X=2.52438926696777, Y=-9.35269451141357, Z=-1.53044092655182) | HR=74 bpm | IBI=0 ms | Participant=P02
1267,IBI out of range,Row 1267 | Timestamp: 1710812042408 ms | PPG(Green=2002581, Red=2002581, Ir=2002581) | ACC(X=2.53157448768616, Y=-9.32874393463135, Z=-1.5903172492981) | HR=74 bpm | IBI=0 ms | Participant=P02
1268,IBI out of range,Row 1268 | Timestamp: 1710812042447 ms | PPG(Green=2003668, Red=2003668, Ir=2003668) | ACC(X=2.46930289268494, Y=-9.38143539428711, Z=-1.55199646949768) | HR=75 bpm | IBI=0 ms | Participant=P02
1269,IBI out of range,Row 1269 | Timestamp: 1710812042487 ms | PPG(Green=2001811, Red=2001811, Ir=2001811) | ACC(X=2.48127818107605, Y=-9.39580535888672, Z=-1.61426782608032) | HR=76 bpm | IBI=0 ms | Participant=P02
1270,IBI out of range,Row 1270 | Timestamp: 1710812042528 ms | PPG(Green=1998293, Red=1998293, Ir=1998293) | ACC(X=2.51959919929504, Y=-9.35508918762207, Z=-1.4873298406601) | HR=76 bpm | IBI=0 ms | Participant=P02
1271,IBI out of range,Row 1271 | Timestamp: 1710812042568 ms | PPG(Green=1995076, Red=1995076, Ir=1995076) | ACC(X=2.56989526748657, Y=-9.31916332244873, Z=-1.53283596038818) | HR=77 bpm | IBI=0 ms | Participant=P02
1272,IBI out of range,Row 1272 | Timestamp: 1710812042609 ms | PPG(Green=1993423, Red=1993423, Ir=1993423) | ACC(X=2.49085855484009, Y=-9.40778064727783, Z=-1.54241621494293) | HR=77 bpm | IBI=0 ms | Participant=P02
1273,IBI out of range,Row 1273 | Timestamp: 1710812042648 ms | PPG(Green=1992878, Red=1992878, Ir=1992878) | ACC(X=2.55312991142273, Y=-9.35987949371338, Z=-1.55199646949768) | HR=77 bpm | IBI=0 ms | Participant=P02
1274,IBI out of range,Row 1274 | Timestamp: 1710812042688 ms | PPG(Green=1992949, Red=1992949, Ir=1992949) | ACC(X=2.51959919929504, Y=-9.2952127456665, Z=-1.58073711395264) | HR=76 bpm | IBI=0 ms | Participant=P02
1275,IBI out of range,Row 1275 | Timestamp: 1710812042728 ms | PPG(Green=1993409, Red=1993409, Ir=1993409) | ACC(X=2.4836733341217, Y=-9.30958366394043, Z=-1.50170028209686) | HR=77 bpm | IBI=0 ms | Participant=P02
1276,IBI out of range,Row 1276 | Timestamp: 1710812042769 ms | PPG(Green=1993618, Red=1993618, Ir=1993618) | ACC(X=2.58905577659607, Y=-9.39580535888672, Z=-1.61426782608032) | HR=78 bpm | IBI=0 ms | Participant=P02
1277,IBI out of range,Row 1277 | Timestamp: 1710812042809 ms | PPG(Green=1993521, Red=1993521, Ir=1993521) | ACC(X=2.61779642105103, Y=-9.31916332244873, Z=-1.62384808063507) | HR=80 bpm | IBI=0 ms | Participant=P02
1278,IBI out of range,Row 1278 | Timestamp: 1710812042849 ms | PPG(Green=1993205, Red=1993205, Ir=1993205) | ACC(X=2.4836733341217, Y=-9.35508918762207, Z=-1.63103330135345) | HR=81 bpm | IBI=0 ms | Participant=P02
1279,IBI out of range,Row 1279 | Timestamp: 1710812042889 ms | PPG(Green=1993351, Red=1993351, Ir=1993351) | ACC(X=2.56031513214111, Y=-9.33592891693115, Z=-1.60468769073486) | HR=82 bpm | IBI=0 ms | Participant=P02
1280,IBI out of range,Row 1280 | Timestamp: 1710812042929 ms | PPG(Green=1993719, Red=1993719, Ir=1993719) | ACC(X=2.55312991142273, Y=-9.37424945831299, Z=-1.63342833518982) | HR=84 bpm | IBI=0 ms | Participant=P02
1281,IBI out of range,Row 1281 | Timestamp: 1710812042969 ms | PPG(Green=1994598, Red=1994598, Ir=1994598) | ACC(X=2.55073475837708, Y=-9.32395362854004, Z=-1.5639716386795) | HR=85 bpm | IBI=0 ms | Participant=P02
1282,IBI out of range,Row 1282 | Timestamp: 1710812043010 ms | PPG(Green=1995619, Red=1995619, Ir=1995619) | ACC(X=2.62258648872375, Y=-9.30479335784912, Z=-1.60708272457123) | HR=87 bpm | IBI=0 ms | Participant=P02
1283,IBI out of range,Row 1283 | Timestamp: 1710812043049 ms | PPG(Green=1996814, Red=1996814, Ir=1996814) | ACC(X=2.64414215087891, Y=-9.40299034118652, Z=-1.60708272457123) | HR=87 bpm | IBI=0 ms | Participant=P02
1284,IBI out of range,Row 1284 | Timestamp: 1710812043090 ms | PPG(Green=1998014, Red=1998014, Ir=1998014) | ACC(X=2.53875946998596, Y=-9.35029983520508, Z=-1.60229253768921) | HR=87 bpm | IBI=0 ms | Participant=P02
1285,IBI out of range,Row 1285 | Timestamp: 1710812043130 ms | PPG(Green=1999502, Red=1999502, Ir=1999502) | ACC(X=2.51959919929504, Y=-9.2784481048584, Z=-1.62384808063507) | HR=87 bpm | IBI=0 ms | Participant=P02
1286,IBI out of range,Row 1286 | Timestamp: 1710812043170 ms | PPG(Green=1999868, Red=1999868, Ir=1999868) | ACC(X=2.56271004676819, Y=-9.35748481750488, Z=-1.5448112487793) | HR=86 bpm | IBI=0 ms | Participant=P02
1287,IBI out of range,Row 1287 | Timestamp: 1710812043211 ms | PPG(Green=1997012, Red=1997012, Ir=1997012) | ACC(X=2.57947540283203, Y=-9.33353424072266, Z=-1.67653930187225) | HR=86 bpm | IBI=0 ms | Participant=P02
1288,IBI out of range,Row 1288 | Timestamp: 1710812043250 ms | PPG(Green=1993308, Red=1993308, Ir=1993308) | ACC(X=2.44295740127563, Y=-9.2784481048584, Z=-1.61666297912598) | HR=86 bpm | IBI=0 ms | Participant=P02
1289,IBI out of range,Row 1289 | Timestamp: 1710812043290 ms | PPG(Green=1990405, Red=1990405, Ir=1990405) | ACC(X=2.51959919929504, Y=-9.44370651245117, Z=-1.78192186355591) | HR=85 bpm | IBI=0 ms | Participant=P02
1290,IBI out of range,Row 1290 | Timestamp: 1710812043330 ms | PPG(Green=1989136, Red=1989136, Ir=1989136) | ACC(X=2.60103106498718, Y=-9.5634593963623, Z=-1.71246516704559) | HR=85 bpm | IBI=0 ms | Participant=P02
1291,IBI out of range,Row 1291 | Timestamp: 1710812043371 ms | PPG(Green=1988706, Red=1988706, Ir=1988706) | ACC(X=2.58426570892334, Y=-9.7359037399292, Z=-1.95915591716766) | HR=85 bpm | IBI=0 ms | Participant=P02
1292,IBI out of range,Row 1292 | Timestamp: 1710812043411 ms | PPG(Green=1989102, Red=1989102, Ir=1989102) | ACC(X=2.56989526748657, Y=-9.70716285705566, Z=-1.36518204212189) | HR=85 bpm | IBI=0 ms | Participant=P02
1293,IBI out of range,Row 1293 | Timestamp: 1710812043451 ms | PPG(Green=1990045, Red=1990045, Ir=1990045) | ACC(X=2.73994421958923, Y=-10.2460508346558, Z=-2.14836549758911) | HR=84 bpm | IBI=0 ms | Participant=P02
1294,IBI out of range,Row 1294 | Timestamp: 1710812043491 ms | PPG(Green=1991275, Red=1991275, Ir=1991275) | ACC(X=3.01537585258484, Y=-10.0927667617798, Z=-1.50888538360596) | HR=84 bpm | IBI=0 ms | Participant=P02
1295,IBI out of range,Row 1295 | Timestamp: 1710812043531 ms | PPG(Green=1990356, Red=1990356, Ir=1990356) | ACC(X=1.99987196922302, Y=-10.3705930709839, Z=-3.10638785362244) | HR=83 bpm | IBI=0 ms | Participant=P02
1296,IBI out of range,Row 1296 | Timestamp: 1710812043571 ms | PPG(Green=1989181, Red=1989181, Ir=1989181) | ACC(X=-0.0598764047026634, Y=-9.932297706604, Z=-1.77473664283752) | HR=82 bpm | IBI=0 ms | Participant=P02
1297,IBI out of range,Row 1297 | Timestamp: 1710812043612 ms | PPG(Green=1987695, Red=1987695, Ir=1987695) | ACC(X=1.74360084533691, Y=-10.782543182373, Z=0.950837314128876) | HR=82 bpm | IBI=0 ms | Participant=P02
1298,IBI out of range,Row 1298 | Timestamp: 1710812043651 ms | PPG(Green=1985433, Red=1985433, Ir=1985433) | ACC(X=3.1854248046875, Y=-12.0327625274658, Z=2.90520310401917) | HR=82 bpm | IBI=0 ms | Participant=P02
1299,IBI out of range,Row 1299 | Timestamp: 1710812043692 ms | PPG(Green=1978357, Red=1978357, Ir=1978357) | ACC(X=2.02382254600525, Y=-9.41975593566894, Z=5.98524522781372) | HR=82 bpm | IBI=0 ms | Participant=P02
1300,IBI out of range,Row 1300 | Timestamp: 1710812043732 ms | PPG(Green=1973015, Red=1973015, Ir=1973015) | ACC(X=1.62384808063507, Y=-10.9454069137573, Z=6.32055330276489) | HR=82 bpm | IBI=0 ms | Participant=P02
1301,IBI out of range,Row 1301 | Timestamp: 1710812043772 ms | PPG(Green=1971421, Red=1971421, Ir=1971421) | ACC(X=0.799948751926422, Y=-9.69518756866455, Z=6.36126899719238) | HR=83 bpm | IBI=0 ms | Participant=P02
1302,IBI out of range,Row 1302 | Timestamp: 1710812043813 ms | PPG(Green=1971545, Red=1971545, Ir=1971545) | ACC(X=0.845454812049866, Y=-9.23773193359375, Z=8.06894397735596) | HR=84 bpm | IBI=0 ms | Participant=P02
1303,IBI out of range,Row 1303 | Timestamp: 1710812043852 ms | PPG(Green=1971905, Red=1971905, Ir=1971905) | ACC(X=-0.244295731186867, Y=-3.89196634292603, Z=12.588415145874) | HR=84 bpm | IBI=0 ms | Participant=P02
1304,IBI out of range,Row 1304 | Timestamp: 1710812043892 ms | PPG(Green=1974118, Red=1974118, Ir=1974118) | ACC(X=-1.41308319568634, Y=-3.00100541114807, Z=12.1860456466675) | HR=86 bpm | IBI=0 ms | Participant=P02
1306,IBI out of range,Row 1306 | Timestamp: 1710812043973 ms | PPG(Green=1986554, Red=1986554, Ir=1986554) | ACC(X=-4.15542268753052, Y=-6.30378770828247, Z=5.31223440170288) | HR=88 bpm | IBI=0 ms | Participant=P02
1307,IBI out of range,Row 1307 | Timestamp: 1710812044013 ms | PPG(Green=1995875, Red=1995875, Ir=1995875) | ACC(X=-5.95650482177734, Y=-9.11079406738281, Z=2.42858695983887) | HR=89 bpm | IBI=0 ms | Participant=P02
1308,IBI out of range,Row 1308 | Timestamp: 1710812044053 ms | PPG(Green=2002927, Red=2002927, Ir=2002927) | ACC(X=-7.05104541778564, Y=-7.13966226577759, Z=3.24290609359741) | HR=89 bpm | IBI=0 ms | Participant=P02
1309,IBI out of range,Row 1309 | Timestamp: 1710812044093 ms | PPG(Green=2003515, Red=2003515, Ir=2003515) | ACC(X=-6.47144174575806, Y=-5.35295057296753, Z=3.50396728515625) | HR=89 bpm | IBI=0 ms | Participant=P02
1310,IBI out of range,Row 1310 | Timestamp: 1710812044133 ms | PPG(Green=2002819, Red=2002819, Ir=2002819) | ACC(X=-6.16008472442627, Y=-1.64540362358093, Z=2.77826523780823) | HR=89 bpm | IBI=0 ms | Participant=P02
1311,IBI out of range,Row 1311 | Timestamp: 1710812044173 ms | PPG(Green=2005196, Red=2005196, Ir=2005196) | ACC(X=-6.45946645736694, Y=-2.48846340179443, Z=1.05142962932587) | HR=88 bpm | IBI=0 ms | Participant=P02
1312,IBI out of range,Row 1312 | Timestamp: 1710812044214 ms | PPG(Green=2008084, Red=2008084, Ir=2008084) | ACC(X=-6.56005907058716, Y=-0.462245851755142, Z=0.457455724477768) | HR=88 bpm | IBI=0 ms | Participant=P02
1313,IBI out of range,Row 1313 | Timestamp: 1710812044253 ms | PPG(Green=2008456, Red=2008456, Ir=2008456) | ACC(X=-6.58640432357788, Y=-0.004790112376213, Z=2.42858695983887) | HR=87 bpm | IBI=0 ms | Participant=P02
1314,IBI out of range,Row 1314 | Timestamp: 1710812044293 ms | PPG(Green=2006283, Red=2006283, Ir=2006283) | ACC(X=-7.13008213043213, Y=0.510146975517273, Z=1.98071146011353) | HR=87 bpm | IBI=0 ms | Participant=P02
1315,IBI out of range,Row 1315 | Timestamp: 1710812044334 ms | PPG(Green=2006500, Red=2006500, Ir=2006500) | ACC(X=-7.49173593521118, Y=2.09088397026062, Z=3.00819063186646) | HR=86 bpm | IBI=0 ms | Participant=P02
1316,IBI out of range,Row 1316 | Timestamp: 1710812044374 ms | PPG(Green=2009653, Red=2009653, Ir=2009653) | ACC(X=-7.48215532302856, Y=0.158073708415031, Z=3.79376888275146) | HR=85 bpm | IBI=0 ms | Participant=P02
1317,IBI out of range,Row 1317 | Timestamp: 1710812044414 ms | PPG(Green=2019271, Red=2019271, Ir=2019271) | ACC(X=-7.71208095550537, Y=2.12201976776123, Z=4.26799011230469) | HR=85 bpm | IBI=0 ms | Participant=P02
1318,IBI out of range,Row 1318 | Timestamp: 1710812044454 ms | PPG(Green=2028196, Red=2028196, Ir=2028196) | ACC(X=-7.71447610855103, Y=0.898146092891693, Z=4.98171710968018) | HR=85 bpm | IBI=0 ms | Participant=P02
1319,IBI out of range,Row 1319 | Timestamp: 1710812044494 ms | PPG(Green=2041374, Red=2041374, Ir=2041374) | ACC(X=-8.49765968322754, Y=0.138913258910179, Z=3.82011461257935) | HR=85 bpm | IBI=0 ms | Participant=P02
1320,IBI out of range,Row 1320 | Timestamp: 1710812044534 ms | PPG(Green=2054299, Red=2054299, Ir=2054299) | ACC(X=-8.28689479827881, Y=0.665825605392456, Z=3.43451046943665) | HR=85 bpm | IBI=0 ms | Participant=P02
1321,IBI out of range,Row 1321 | Timestamp: 1710812044574 ms | PPG(Green=2064398, Red=2064398, Ir=2064398) | ACC(X=-8.78506565093994, Y=1.31488585472107, Z=3.83927512168884) | HR=85 bpm | IBI=0 ms | Participant=P02
1322,IBI out of range,Row 1322 | Timestamp: 1710812044615 ms | PPG(Green=2073237, Red=2073237, Ir=2073237) | ACC(X=-8.6485481262207, Y=0.620319545269012, Z=3.72670745849609) | HR=85 bpm | IBI=0 ms | Participant=P02
1323,IBI out of range,Row 1323 | Timestamp: 1710812044654 ms | PPG(Green=2081932, Red=2081932, Ir=2081932) | ACC(X=-8.84973239898682, Y=0.773603141307831, Z=3.97339820861816) | HR=84 bpm | IBI=0 ms | Participant=P02
1324,IBI out of range,Row 1324 | Timestamp: 1710812044694 ms | PPG(Green=2088419, Red=2088419, Ir=2088419) | ACC(X=-8.66052341461182, Y=0.871800422668457, Z=4.47396516799927) | HR=84 bpm | IBI=0 ms | Participant=P02
1325,IBI out of range,Row 1325 | Timestamp: 1710812044735 ms | PPG(Green=2093114, Red=2093114, Ir=2093114) | ACC(X=-8.94074440002441, Y=1.19513309001923, Z=4.7805323600769) | HR=83 bpm | IBI=0 ms | Participant=P02
1326,IBI out of range,Row 1326 | Timestamp: 1710812044775 ms | PPG(Green=2098411, Red=2098411, Ir=2098411) | ACC(X=-9.1970157623291, Y=0.95323234796524, Z=3.62611508369446) | HR=82 bpm | IBI=0 ms | Participant=P02
1327,IBI out of range,Row 1327 | Timestamp: 1710812044816 ms | PPG(Green=2104386, Red=2104386, Ir=2104386) | ACC(X=-9.24252223968506, Y=1.29812049865723, Z=3.82729983329773) | HR=82 bpm | IBI=0 ms | Participant=P02
1328,IBI out of range,Row 1328 | Timestamp: 1710812044855 ms | PPG(Green=2110796, Red=2110796, Ir=2110796) | ACC(X=-9.18743515014648, Y=0.658640444278717, Z=3.8943612575531) | HR=82 bpm | IBI=0 ms | Participant=P02
1329,IBI out of range,Row 1329 | Timestamp: 1710812044895 ms | PPG(Green=2116998, Red=2116998, Ir=2116998) | ACC(X=-9.14911460876465, Y=0.785578429698944, Z=4.37576770782471) | HR=82 bpm | IBI=0 ms | Participant=P02
1330,IBI out of range,Row 1330 | Timestamp: 1710812044935 ms | PPG(Green=2122603, Red=2122603, Ir=2122603) | ACC(X=-8.77788066864014, Y=0.229925394058228, Z=4.08836078643799) | HR=82 bpm | IBI=0 ms | Participant=P02
1331,IBI out of range,Row 1331 | Timestamp: 1710812044975 ms | PPG(Green=2127890, Red=2127890, Ir=2127890) | ACC(X=-9.16108989715576, Y=-0.105382472276688, Z=3.48001670837402) | HR=81 bpm | IBI=0 ms | Participant=P02
1332,IBI out of range,Row 1332 | Timestamp: 1710812045016 ms | PPG(Green=2133053, Red=2133053, Ir=2133053) | ACC(X=-8.33479595184326, Y=1.50409531593323, Z=4.79729747772217) | HR=81 bpm | IBI=0 ms | Participant=P02
1333,IBI out of range,Row 1333 | Timestamp: 1710812045055 ms | PPG(Green=2139188, Red=2139188, Ir=2139188) | ACC(X=-8.10726547241211, Y=0.665825605392456, Z=5.16374111175537) | HR=81 bpm | IBI=0 ms | Participant=P02
1334,IBI out of range,Row 1334 | Timestamp: 1710812045095 ms | PPG(Green=2144357, Red=2144357, Ir=2144357) | ACC(X=-8.43538761138916, Y=0.368838667869568, Z=4.14823722839355) | HR=81 bpm | IBI=0 ms | Participant=P02
1335,IBI out of range,Row 1335 | Timestamp: 1710812045136 ms | PPG(Green=2149370, Red=2149370, Ir=2149370) | ACC(X=-8.15277099609375, Y=1.09933078289032, Z=4.87393951416016) | HR=81 bpm | IBI=0 ms | Participant=P02
1336,IBI out of range,Row 1336 | Timestamp: 1710812045176 ms | PPG(Green=2153917, Red=2153917, Ir=2153917) | ACC(X=-7.25941514968872, Y=1.53523099422455, Z=3.73868274688721) | HR=81 bpm | IBI=0 ms | Participant=P02
1337,IBI out of range,Row 1337 | Timestamp: 1710812045216 ms | PPG(Green=2157245, Red=2157245, Ir=2157245) | ACC(X=-7.61627864837646, Y=2.44535231590271, Z=3.8680157661438) | HR=81 bpm | IBI=0 ms | Participant=P02
1338,IBI out of range,Row 1338 | Timestamp: 1710812045256 ms | PPG(Green=2160711, Red=2160711, Ir=2160711) | ACC(X=-6.78040409088135, Y=4.08836078643799, Z=3.43930077552795) | HR=81 bpm | IBI=0 ms | Participant=P02
1339,IBI out of range,Row 1339 | Timestamp: 1710812045296 ms | PPG(Green=2164039, Red=2164039, Ir=2164039) | ACC(X=-7.26899576187134, Y=2.35194516181946, Z=1.85137844085693) | HR=82 bpm | IBI=0 ms | Participant=P02
1340,IBI out of range,Row 1340 | Timestamp: 1710812045336 ms | PPG(Green=2164446, Red=2164446, Ir=2164446) | ACC(X=-6.12415885925293, Y=1.88011908531189, Z=2.79742574691772) | HR=81 bpm | IBI=0 ms | Participant=P02
1341,IBI out of range,Row 1341 | Timestamp: 1710812045376 ms | PPG(Green=2160846, Red=2160846, Ir=2160846) | ACC(X=-7.02948999404907, Y=0.256271004676819, Z=2.82137608528137) | HR=82 bpm | IBI=0 ms | Participant=P02
1342,IBI out of range,Row 1342 | Timestamp: 1710812045417 ms | PPG(Green=2156406, Red=2156406, Ir=2156406) | ACC(X=-5.96848011016846, Y=-2.26811814308167, Z=1.90646469593048) | HR=82 bpm | IBI=0 ms | Participant=P02
1343,IBI out of range,Row 1343 | Timestamp: 1710812045456 ms | PPG(Green=2148690, Red=2148690, Ir=2148690) | ACC(X=-6.45228147506714, Y=-6.44030618667603, Z=2.3232045173645) | HR=82 bpm | IBI=0 ms | Participant=P02
1344,IBI out of range,Row 1344 | Timestamp: 1710812045496 ms | PPG(Green=2140695, Red=2140695, Ir=2140695) | ACC(X=-6.27744245529175, Y=-9.29281806945801, Z=3.42972040176392) | HR=82 bpm | IBI=0 ms | Participant=P02
1345,IBI out of range,Row 1345 | Timestamp: 1710812045537 ms | PPG(Green=2134385, Red=2134385, Ir=2134385) | ACC(X=-7.45341491699219, Y=-11.7094297409058, Z=2.74952459335327) | HR=82 bpm | IBI=0 ms | Participant=P02
1346,IBI out of range,Row 1346 | Timestamp: 1710812045576 ms | PPG(Green=2127851, Red=2127851, Ir=2127851) | ACC(X=-7.26660060882568, Y=-11.9345645904541, Z=3.32912802696228) | HR=81 bpm | IBI=0 ms | Participant=P02
1347,IBI out of range,Row 1347 | Timestamp: 1710812045617 ms | PPG(Green=2122242, Red=2122242, Ir=2122242) | ACC(X=-7.7887225151062, Y=-10.7681722640991, Z=3.49917697906494) | HR=81 bpm | IBI=0 ms | Participant=P02
1348,IBI out of range,Row 1348 | Timestamp: 1710812045657 ms | PPG(Green=2116154, Red=2116154, Ir=2116154) | ACC(X=-6.51455307006836, Y=-9.34550952911377, Z=3.74586796760559) | HR=81 bpm | IBI=0 ms | Participant=P02
1349,IBI out of range,Row 1349 | Timestamp: 1710812045697 ms | PPG(Green=2112188, Red=2112188, Ir=2112188) | ACC(X=-4.89549493789673, Y=-10.3490381240845, Z=2.52438926696777) | HR=80 bpm | IBI=0 ms | Participant=P02
1350,IBI out of range,Row 1350 | Timestamp: 1710812045737 ms | PPG(Green=2109026, Red=2109026, Ir=2109026) | ACC(X=-4.23206424713135, Y=-8.95990562438965, Z=3.26685667037964) | HR=80 bpm | IBI=0 ms | Participant=P02
1351,IBI out of range,Row 1351 | Timestamp: 1710812045777 ms | PPG(Green=2106716, Red=2106716, Ir=2106716) | ACC(X=-3.54947328567505, Y=-8.44017791748047, Z=2.51959919929504) | HR=80 bpm | IBI=0 ms | Participant=P02
1352,IBI out of range,Row 1352 | Timestamp: 1710812045818 ms | PPG(Green=2103992, Red=2103992, Ir=2103992) | ACC(X=-2.09088397026062, Y=-8.47610378265381, Z=2.18429136276245) | HR=81 bpm | IBI=0 ms | Participant=P02
1353,IBI out of range,Row 1353 | Timestamp: 1710812045857 ms | PPG(Green=2101509, Red=2101509, Ir=2101509) | ACC(X=-1.4873298406601, Y=-9.60657024383545, Z=2.40463638305664) | HR=81 bpm | IBI=0 ms | Participant=P02
1354,IBI out of range,Row 1354 | Timestamp: 1710812045897 ms | PPG(Green=2099296, Red=2099296, Ir=2099296) | ACC(X=-0.708936631679535, Y=-7.50371122360229, Z=2.60342597961426) | HR=81 bpm | IBI=0 ms | Participant=P02
1355,IBI out of range,Row 1355 | Timestamp: 1710812045937 ms | PPG(Green=2096232, Red=2096232, Ir=2096232) | ACC(X=-1.40350294113159, Y=-10.1071367263794, Z=0.917306542396545) | HR=81 bpm | IBI=0 ms | Participant=P02
1356,IBI out of range,Row 1356 | Timestamp: 1710812045978 ms | PPG(Green=2092655, Red=2092655, Ir=2092655) | ACC(X=-2.07890868186951, Y=-8.86170768737793, Z=1.86814379692078) | HR=81 bpm | IBI=0 ms | Participant=P02
1357,IBI out of range,Row 1357 | Timestamp: 1710812046018 ms | PPG(Green=2087977, Red=2087977, Ir=2087977) | ACC(X=-2.51001882553101, Y=-10.1191120147705, Z=1.51846563816071) | HR=81 bpm | IBI=0 ms | Participant=P02
1358,IBI out of range,Row 1358 | Timestamp: 1710812046058 ms | PPG(Green=2078981, Red=2078981, Ir=2078981) | ACC(X=-4.24882984161377, Y=-9.79578018188477, Z=2.22021698951721) | HR=81 bpm | IBI=0 ms | Participant=P02
1359,IBI out of range,Row 1359 | Timestamp: 1710812046098 ms | PPG(Green=2071292, Red=2071292, Ir=2071292) | ACC(X=-2.25614285469055, Y=-9.37424945831299, Z=3.30278253555298) | HR=82 bpm | IBI=0 ms | Participant=P02
1360,IBI out of range,Row 1360 | Timestamp: 1710812046138 ms | PPG(Green=2066427, Red=2066427, Ir=2066427) | ACC(X=-2.85251188278198, Y=-9.50118827819824, Z=1.59510743618011) | HR=81 bpm | IBI=0 ms | Participant=P02
1361,IBI out of range,Row 1361 | Timestamp: 1710812046178 ms | PPG(Green=2060314, Red=2060314, Ir=2060314) | ACC(X=-3.48959684371948, Y=-9.58740997314453, Z=0.380813926458359) | HR=81 bpm | IBI=0 ms | Participant=P02
1362,IBI out of range,Row 1362 | Timestamp: 1710812046219 ms | PPG(Green=2052494, Red=2052494, Ir=2052494) | ACC(X=-2.71838879585266, Y=-9.59220027923584, Z=1.68132948875427) | HR=81 bpm | IBI=0 ms | Participant=P02
1363,IBI out of range,Row 1363 | Timestamp: 1710812046258 ms | PPG(Green=2047617, Red=2047617, Ir=2047617) | ACC(X=-2.48127818107605, Y=-9.80056953430176, Z=2.41661167144775) | HR=81 bpm | IBI=0 ms | Participant=P02
1364,IBI out of range,Row 1364 | Timestamp: 1710812046298 ms | PPG(Green=2042563, Red=2042563, Ir=2042563) | ACC(X=-2.13399505615234, Y=-10.7633829116821, Z=2.39266109466553) | HR=80 bpm | IBI=0 ms | Participant=P02
1365,IBI out of range,Row 1365 | Timestamp: 1710812046338 ms | PPG(Green=2037280, Red=2037280, Ir=2037280) | ACC(X=-2.46451282501221, Y=-9.6544713973999, Z=2.01184725761414) | HR=80 bpm | IBI=0 ms | Participant=P02
1366,IBI out of range,Row 1366 | Timestamp: 1710812046379 ms | PPG(Green=2034088, Red=2034088, Ir=2034088) | ACC(X=-2.72078371047974, Y=-8.63417720794678, Z=2.21542692184448) | HR=80 bpm | IBI=0 ms | Participant=P02
1367,IBI out of range,Row 1367 | Timestamp: 1710812046419 ms | PPG(Green=2030762, Red=2030762, Ir=2030762) | ACC(X=-2.61061120033264, Y=-8.46652317047119, Z=2.39745116233826) | HR=80 bpm | IBI=0 ms | Participant=P02
1368,IBI out of range,Row 1368 | Timestamp: 1710812046459 ms | PPG(Green=2027210, Red=2027210, Ir=2027210) | ACC(X=-2.40224146842957, Y=-9.08684349060059, Z=3.27883195877075) | HR=81 bpm | IBI=0 ms | Participant=P02
1369,IBI out of range,Row 1369 | Timestamp: 1710812046499 ms | PPG(Green=2023062, Red=2023062, Ir=2023062) | ACC(X=-2.28248858451843, Y=-8.68447399139404, Z=3.05609178543091) | HR=81 bpm | IBI=0 ms | Participant=P02
1370,IBI out of range,Row 1370 | Timestamp: 1710812046539 ms | PPG(Green=2018924, Red=2018924, Ir=2018924) | ACC(X=-2.30643916130066, Y=-9.1946210861206, Z=2.9411289691925) | HR=81 bpm | IBI=0 ms | Participant=P02
1371,IBI out of range,Row 1371 | Timestamp: 1710812046579 ms | PPG(Green=2014781, Red=2014781, Ir=2014781) | ACC(X=-2.33278465270996, Y=-9.66884136199951, Z=2.74233937263489) | HR=80 bpm | IBI=0 ms | Participant=P02
1372,IBI out of range,Row 1372 | Timestamp: 1710812046620 ms | PPG(Green=2011292, Red=2011292, Ir=2011292) | ACC(X=-2.31841444969177, Y=-9.41257095336914, Z=2.60821628570557) | HR=80 bpm | IBI=0 ms | Participant=P02
1373,IBI out of range,Row 1373 | Timestamp: 1710812046659 ms | PPG(Green=2008363, Red=2008363, Ir=2008363) | ACC(X=-2.29206871986389, Y=-9.34550952911377, Z=2.60103106498718) | HR=79 bpm | IBI=0 ms | Participant=P02
1374,IBI out of range,Row 1374 | Timestamp: 1710812046699 ms | PPG(Green=2005765, Red=2005765, Ir=2005765) | ACC(X=-2.35434031486511, Y=-9.16588020324707, Z=2.77587008476257) | HR=79 bpm | IBI=0 ms | Participant=P02
1375,IBI out of range,Row 1375 | Timestamp: 1710812046739 ms | PPG(Green=2003424, Red=2003424, Ir=2003424) | ACC(X=-2.32080936431885, Y=-8.89523887634277, Z=2.67767286300659) | HR=79 bpm | IBI=0 ms | Participant=P02
1376,IBI out of range,Row 1376 | Timestamp: 1710812046779 ms | PPG(Green=2001531, Red=2001531, Ir=2001531) | ACC(X=-2.28248858451843, Y=-8.87847328186035, Z=2.69204306602478) | HR=79 bpm | IBI=0 ms | Participant=P02
1377,IBI out of range,Row 1377 | Timestamp: 1710812046820 ms | PPG(Green=1999637, Red=1999637, Ir=1999637) | ACC(X=-2.35434031486511, Y=-9.12516403198242, Z=2.33278465270996) | HR=79 bpm | IBI=0 ms | Participant=P02
1378,IBI out of range,Row 1378 | Timestamp: 1710812046860 ms | PPG(Green=1996576, Red=1996576, Ir=1996576) | ACC(X=-2.37350058555603, Y=-9.16348457336426, Z=2.61779642105103) | HR=80 bpm | IBI=0 ms | Participant=P02
1379,IBI out of range,Row 1379 | Timestamp: 1710812046900 ms | PPG(Green=1989702, Red=1989702, Ir=1989702) | ACC(X=-2.24895787239075, Y=-9.22815132141113, Z=2.5746853351593) | HR=80 bpm | IBI=0 ms | Participant=P02
1380,IBI out of range,Row 1380 | Timestamp: 1710812046940 ms | PPG(Green=1981237, Red=1981237, Ir=1981237) | ACC(X=-2.22500729560852, Y=-9.13953399658203, Z=2.53636455535889) | HR=80 bpm | IBI=0 ms | Participant=P02
1381,IBI out of range,Row 1381 | Timestamp: 1710812046980 ms | PPG(Green=1972825, Red=1972825, Ir=1972825) | ACC(X=-2.16752576828003, Y=-9.29760837554932, Z=2.6393518447876) | HR=81 bpm | IBI=0 ms | Participant=P02
1382,IBI out of range,Row 1382 | Timestamp: 1710812047021 ms | PPG(Green=1965921, Red=1965921, Ir=1965921) | ACC(X=-2.16752576828003, Y=-9.44131183624268, Z=2.73994421958923) | HR=81 bpm | IBI=0 ms | Participant=P02
1383,IBI out of range,Row 1383 | Timestamp: 1710812047060 ms | PPG(Green=1960086, Red=1960086, Ir=1960086) | ACC(X=-2.15555047988892, Y=-9.60417556762695, Z=2.56271004676819) | HR=81 bpm | IBI=0 ms | Participant=P02
1384,IBI out of range,Row 1384 | Timestamp: 1710812047100 ms | PPG(Green=1955311, Red=1955311, Ir=1955311) | ACC(X=-2.11962461471558, Y=-9.23294162750244, Z=2.76868486404419) | HR=82 bpm | IBI=0 ms | Participant=P02
1385,IBI out of range,Row 1385 | Timestamp: 1710812047140 ms | PPG(Green=1949857, Red=1949857, Ir=1949857) | ACC(X=-2.23698258399963, Y=-9.16588020324707, Z=2.92436361312866) | HR=82 bpm | IBI=0 ms | Participant=P02
1386,IBI out of range,Row 1386 | Timestamp: 1710812047180 ms | PPG(Green=1944785, Red=1944785, Ir=1944785) | ACC(X=-2.37350058555603, Y=-8.94793033599854, Z=2.754314661026) | HR=82 bpm | IBI=0 ms | Participant=P02
1387,IBI out of range,Row 1387 | Timestamp: 1710812047221 ms | PPG(Green=1939714, Red=1939714, Ir=1939714) | ACC(X=-2.36631560325623, Y=-8.98864555358887, Z=2.76868486404419) | HR=82 bpm | IBI=0 ms | Participant=P02
1388,IBI out of range,Row 1388 | Timestamp: 1710812047261 ms | PPG(Green=1935224, Red=1935224, Ir=1935224) | ACC(X=-2.36631560325623, Y=-8.87847328186035, Z=2.83095645904541) | HR=81 bpm | IBI=0 ms | Participant=P02
1389,IBI out of range,Row 1389 | Timestamp: 1710812047301 ms | PPG(Green=1931771, Red=1931771, Ir=1931771) | ACC(X=-2.36631560325623, Y=-8.93834972381592, Z=2.84053659439087) | HR=81 bpm | IBI=0 ms | Participant=P02
1390,IBI out of range,Row 1390 | Timestamp: 1710812047341 ms | PPG(Green=1929267, Red=1929267, Ir=1929267) | ACC(X=-2.28248858451843, Y=-9.21378135681152, Z=2.85969710350037) | HR=81 bpm | IBI=0 ms | Participant=P02
1391,IBI out of range,Row 1391 | Timestamp: 1710812047381 ms | PPG(Green=1927602, Red=1927602, Ir=1927602) | ACC(X=-2.26332807540894, Y=-9.18504047393799, Z=2.85251188278198) | HR=81 bpm | IBI=0 ms | Participant=P02
1392,IBI out of range,Row 1392 | Timestamp: 1710812047422 ms | PPG(Green=1926138, Red=1926138, Ir=1926138) | ACC(X=-2.33517980575562, Y=-9.25689220428467, Z=3.00100541114807) | HR=81 bpm | IBI=0 ms | Participant=P02
1393,IBI out of range,Row 1393 | Timestamp: 1710812047461 ms | PPG(Green=1924852, Red=1924852, Ir=1924852) | ACC(X=-2.24656271934509, Y=-9.07726287841797, Z=2.90041303634644) | HR=82 bpm | IBI=0 ms | Participant=P02
1394,IBI out of range,Row 1394 | Timestamp: 1710812047501 ms | PPG(Green=1923566, Red=1923566, Ir=1923566) | ACC(X=-2.35913038253784, Y=-8.98864555358887, Z=2.85730195045471) | HR=82 bpm | IBI=0 ms | Participant=P02
1395,IBI out of range,Row 1395 | Timestamp: 1710812047542 ms | PPG(Green=1922433, Red=1922433, Ir=1922433) | ACC(X=-2.38547587394714, Y=-9.02217674255371, Z=2.73754930496216) | HR=83 bpm | IBI=0 ms | Participant=P02
1396,IBI out of range,Row 1396 | Timestamp: 1710812047582 ms | PPG(Green=1921383, Red=1921383, Ir=1921383) | ACC(X=-2.28967380523682, Y=-9.08444786071777, Z=2.92436361312866) | HR=84 bpm | IBI=0 ms | Participant=P02
1397,IBI out of range,Row 1397 | Timestamp: 1710812047623 ms | PPG(Green=1916860, Red=1916860, Ir=1916860) | ACC(X=-2.2274022102356, Y=-9.13953399658203, Z=2.84772181510925) | HR=84 bpm | IBI=0 ms | Participant=P02
1398,IBI out of range,Row 1398 | Timestamp: 1710812047662 ms | PPG(Green=1908438, Red=1908438, Ir=1908438) | ACC(X=-2.29925394058228, Y=-9.17785549163818, Z=2.94591903686523) | HR=84 bpm | IBI=0 ms | Participant=P02
1399,IBI out of range,Row 1399 | Timestamp: 1710812047702 ms | PPG(Green=1899408, Red=1899408, Ir=1899408) | ACC(X=-2.27051329612732, Y=-8.93355941772461, Z=2.94591903686523) | HR=84 bpm | IBI=0 ms | Participant=P02
1400,IBI out of range,Row 1400 | Timestamp: 1710812047742 ms | PPG(Green=1891594, Red=1891594, Ir=1891594) | ACC(X=-2.37110567092896, Y=-9.0102014541626, Z=3.01777076721191) | HR=84 bpm | IBI=0 ms | Participant=P02
1401,IBI out of range,Row 1401 | Timestamp: 1710812047782 ms | PPG(Green=1885260, Red=1885260, Ir=1885260) | ACC(X=-2.33757495880127, Y=-8.91439914703369, Z=3.10159778594971) | HR=84 bpm | IBI=0 ms | Participant=P02
1402,IBI out of range,Row 1402 | Timestamp: 1710812047823 ms | PPG(Green=1880304, Red=1880304, Ir=1880304) | ACC(X=-2.38547587394714, Y=-8.89523887634277, Z=2.98903012275696) | HR=84 bpm | IBI=0 ms | Participant=P02
1403,IBI out of range,Row 1403 | Timestamp: 1710812047862 ms | PPG(Green=1875908, Red=1875908, Ir=1875908) | ACC(X=-2.21063685417175, Y=-9.06049728393555, Z=2.99142527580261) | HR=83 bpm | IBI=0 ms | Participant=P02
1404,IBI out of range,Row 1404 | Timestamp: 1710812047905 ms | PPG(Green=1872292, Red=1872292, Ir=1872292) | ACC(X=-2.36392045021057, Y=-8.95511531829834, Z=3.0704619884491) | HR=83 bpm | IBI=0 ms | Participant=P02
1405,IBI out of range,Row 1405 | Timestamp: 1710812047943 ms | PPG(Green=1868488, Red=1868488, Ir=1868488) | ACC(X=-2.342365026474, Y=-8.95032501220703, Z=3.15907907485962) | HR=83 bpm | IBI=0 ms | Participant=P02
1406,IBI out of range,Row 1406 | Timestamp: 1710812047983 ms | PPG(Green=1864157, Red=1864157, Ir=1864157) | ACC(X=-2.35194516181946, Y=-8.91439914703369, Z=3.11357307434082) | HR=82 bpm | IBI=0 ms | Participant=P02
1407,IBI out of range,Row 1407 | Timestamp: 1710812048024 ms | PPG(Green=1860764, Red=1860764, Ir=1860764) | ACC(X=-2.37589573860169, Y=-9.01978206634522, Z=2.92436361312866) | HR=82 bpm | IBI=0 ms | Participant=P02
1408,IBI out of range,Row 1408 | Timestamp: 1710812048063 ms | PPG(Green=1857906, Red=1857906, Ir=1857906) | ACC(X=-2.29206871986389, Y=-9.04373168945312, Z=3.11117792129517) | HR=82 bpm | IBI=0 ms | Participant=P02
1409,IBI out of range,Row 1409 | Timestamp: 1710812048103 ms | PPG(Green=1856198, Red=1856198, Ir=1856198) | ACC(X=-2.34475994110107, Y=-8.96230030059814, Z=3.13752365112305) | HR=81 bpm | IBI=0 ms | Participant=P02
1410,IBI out of range,Row 1410 | Timestamp: 1710812048143 ms | PPG(Green=1854831, Red=1854831, Ir=1854831) | ACC(X=-2.22021698951721, Y=-9.1994104385376, Z=2.91238832473755) | HR=80 bpm | IBI=0 ms | Participant=P02
1411,IBI out of range,Row 1411 | Timestamp: 1710812048183 ms | PPG(Green=1854125, Red=1854125, Ir=1854125) | ACC(X=-2.30643916130066, Y=-9.11079406738281, Z=3.06088185310364) | HR=80 bpm | IBI=0 ms | Participant=P02
1412,IBI out of range,Row 1412 | Timestamp: 1710812048224 ms | PPG(Green=1853975, Red=1853975, Ir=1853975) | ACC(X=-2.40942645072937, Y=-9.01978206634522, Z=3.0513014793396) | HR=80 bpm | IBI=0 ms | Participant=P02
1413,IBI out of range,Row 1413 | Timestamp: 1710812048264 ms | PPG(Green=1854452, Red=1854452, Ir=1854452) | ACC(X=-2.31601929664612, Y=-9.13234901428223, Z=2.89562296867371) | HR=80 bpm | IBI=0 ms | Participant=P02
1414,IBI out of range,Row 1414 | Timestamp: 1710812048304 ms | PPG(Green=1854785, Red=1854785, Ir=1854785) | ACC(X=-2.33038973808289, Y=-9.06768226623535, Z=2.84293174743652) | HR=80 bpm | IBI=0 ms | Participant=P02
1415,IBI out of range,Row 1415 | Timestamp: 1710812048344 ms | PPG(Green=1852416, Red=1852416, Ir=1852416) | ACC(X=-2.28009343147278, Y=-9.17306518554688, Z=2.960289478302) | HR=81 bpm | IBI=0 ms | Participant=P02
1416,IBI out of range,Row 1416 | Timestamp: 1710812048384 ms | PPG(Green=1847924, Red=1847924, Ir=1847924) | ACC(X=-2.40463638305664, Y=-9.17785549163818, Z=2.76628994941711) | HR=81 bpm | IBI=0 ms | Participant=P02
1417,IBI out of range,Row 1417 | Timestamp: 1710812048425 ms | PPG(Green=1843063, Red=1843063, Ir=1843063) | ACC(X=-2.29685878753662, Y=-9.02696704864502, Z=2.87406730651855) | HR=81 bpm | IBI=0 ms | Participant=P02
1418,IBI out of range,Row 1418 | Timestamp: 1710812048464 ms | PPG(Green=1840136, Red=1840136, Ir=1840136) | ACC(X=-2.32080936431885, Y=-9.07726287841797, Z=2.88843774795532) | HR=81 bpm | IBI=0 ms | Participant=P02
1419,IBI out of range,Row 1419 | Timestamp: 1710812048504 ms | PPG(Green=1838174, Red=1838174, Ir=1838174) | ACC(X=-2.33517980575562, Y=-8.99583148956299, Z=2.75910472869873) | HR=82 bpm | IBI=0 ms | Participant=P02
1420,IBI out of range,Row 1420 | Timestamp: 1710812048545 ms | PPG(Green=1837161, Red=1837161, Ir=1837161) | ACC(X=-2.2776985168457, Y=-9.16108989715576, Z=2.8453266620636) | HR=81 bpm | IBI=0 ms | Participant=P02
1421,IBI out of range,Row 1421 | Timestamp: 1710812048584 ms | PPG(Green=1836954, Red=1836954, Ir=1836954) | ACC(X=-2.3232045173645, Y=-9.1970157623291, Z=2.8644871711731) | HR=82 bpm | IBI=0 ms | Participant=P02
1422,IBI out of range,Row 1422 | Timestamp: 1710812048625 ms | PPG(Green=1836441, Red=1836441, Ir=1836441) | ACC(X=-2.304044008255, Y=-9.1155834197998, Z=2.82137608528137) | HR=82 bpm | IBI=0 ms | Participant=P02
1423,IBI out of range,Row 1423 | Timestamp: 1710812048665 ms | PPG(Green=1835202, Red=1835202, Ir=1835202) | ACC(X=-2.26093292236328, Y=-9.07486820220947, Z=2.82856130599976) | HR=82 bpm | IBI=0 ms | Participant=P02
1424,IBI out of range,Row 1424 | Timestamp: 1710812048705 ms | PPG(Green=1833871, Red=1833871, Ir=1833871) | ACC(X=-2.32799458503723, Y=-9.1083984375, Z=2.87885761260986) | HR=82 bpm | IBI=0 ms | Participant=P02
1425,IBI out of range,Row 1425 | Timestamp: 1710812048745 ms | PPG(Green=1832917, Red=1832917, Ir=1832917) | ACC(X=-2.31601929664612, Y=-8.99104118347168, Z=2.99861025810242) | HR=82 bpm | IBI=0 ms | Participant=P02
1426,IBI out of range,Row 1426 | Timestamp: 1710812048785 ms | PPG(Green=1832559, Red=1832559, Ir=1832559) | ACC(X=-2.35673522949219, Y=-9.04373168945312, Z=2.97226476669312) | HR=82 bpm | IBI=0 ms | Participant=P02
1427,IBI out of range,Row 1427 | Timestamp: 1710812048826 ms | PPG(Green=1832649, Red=1832649, Ir=1832649) | ACC(X=-2.29206871986389, Y=-9.05331230163574, Z=2.79024052619934) | HR=82 bpm | IBI=0 ms | Participant=P02
1428,IBI out of range,Row 1428 | Timestamp: 1710812048865 ms | PPG(Green=1833048, Red=1833048, Ir=1833048) | ACC(X=-2.27290821075439, Y=-9.17785549163818, Z=3.02016592025757) | HR=83 bpm | IBI=0 ms | Participant=P02
1429,IBI out of range,Row 1429 | Timestamp: 1710812048905 ms | PPG(Green=1833883, Red=1833883, Ir=1833883) | ACC(X=-2.2776985168457, Y=-9.02457141876221, Z=3.03932619094849) | HR=83 bpm | IBI=0 ms | Participant=P02
1430,IBI out of range,Row 1430 | Timestamp: 1710812048945 ms | PPG(Green=1835070, Red=1835070, Ir=1835070) | ACC(X=-2.25853800773621, Y=-9.15869522094727, Z=2.9147834777832) | HR=83 bpm | IBI=0 ms | Participant=P02
1431,IBI out of range,Row 1431 | Timestamp: 1710812048986 ms | PPG(Green=1836187, Red=1836187, Ir=1836187) | ACC(X=-2.29206871986389, Y=-9.11797904968262, Z=2.9411289691925) | HR=83 bpm | IBI=0 ms | Participant=P02
1432,IBI out of range,Row 1432 | Timestamp: 1710812049027 ms | PPG(Green=1837522, Red=1837522, Ir=1837522) | ACC(X=-2.2776985168457, Y=-9.04133701324463, Z=2.96747469902039) | HR=83 bpm | IBI=0 ms | Participant=P02
1433,IBI out of range,Row 1433 | Timestamp: 1710812049066 ms | PPG(Green=1836689, Red=1836689, Ir=1836689) | ACC(X=-2.3232045173645, Y=-9.03175735473633, Z=2.90041303634644) | HR=83 bpm | IBI=0 ms | Participant=P02
1434,IBI out of range,Row 1434 | Timestamp: 1710812049106 ms | PPG(Green=1832072, Red=1832072, Ir=1832072) | ACC(X=-2.31601929664612, Y=-9.02457141876221, Z=2.89322781562805) | HR=83 bpm | IBI=0 ms | Participant=P02
1435,IBI out of range,Row 1435 | Timestamp: 1710812049146 ms | PPG(Green=1827149, Red=1827149, Ir=1827149) | ACC(X=-2.28248858451843, Y=-9.1970157623291, Z=2.97226476669312) | HR=83 bpm | IBI=0 ms | Participant=P02
1436,IBI out of range,Row 1436 | Timestamp: 1710812049186 ms | PPG(Green=1823659, Red=1823659, Ir=1823659) | ACC(X=-2.28727865219116, Y=-9.13953399658203, Z=2.94591903686523) | HR=83 bpm | IBI=0 ms | Participant=P02
1437,IBI out of range,Row 1437 | Timestamp: 1710812049227 ms | PPG(Green=1821595, Red=1821595, Ir=1821595) | ACC(X=-2.24656271934509, Y=-8.91439914703369, Z=3.02974605560303) | HR=83 bpm | IBI=0 ms | Participant=P02
1438,IBI out of range,Row 1438 | Timestamp: 1710812049267 ms | PPG(Green=1820491, Red=1820491, Ir=1820491) | ACC(X=-2.45972275733948, Y=-9.07726287841797, Z=3.10878300666809) | HR=83 bpm | IBI=0 ms | Participant=P02
1439,IBI out of range,Row 1439 | Timestamp: 1710812049307 ms | PPG(Green=1820429, Red=1820429, Ir=1820429) | ACC(X=-2.35673522949219, Y=-9.05331230163574, Z=3.08962249755859) | HR=82 bpm | IBI=0 ms | Participant=P02
1440,IBI out of range,Row 1440 | Timestamp: 1710812049347 ms | PPG(Green=1820411, Red=1820411, Ir=1820411) | ACC(X=-2.28727865219116, Y=-9.12276935577393, Z=2.93154883384705) | HR=82 bpm | IBI=0 ms | Participant=P02
1441,IBI out of range,Row 1441 | Timestamp: 1710812049387 ms | PPG(Green=1819992, Red=1819992, Ir=1819992) | ACC(X=-2.28488349914551, Y=-8.94793033599854, Z=2.97705483436584) | HR=81 bpm | IBI=0 ms | Participant=P02
1442,IBI out of range,Row 1442 | Timestamp: 1710812049428 ms | PPG(Green=1819308, Red=1819308, Ir=1819308) | ACC(X=-2.40463638305664, Y=-8.99104118347168, Z=2.92196846008301) | HR=81 bpm | IBI=0 ms | Participant=P02
1443,IBI out of range,Row 1443 | Timestamp: 1710812049467 ms | PPG(Green=1818859, Red=1818859, Ir=1818859) | ACC(X=-2.29206871986389, Y=-9.05810260772705, Z=2.92915368080139) | HR=80 bpm | IBI=0 ms | Participant=P02
1444,IBI out of range,Row 1444 | Timestamp: 1710812049507 ms | PPG(Green=1818903, Red=1818903, Ir=1818903) | ACC(X=-2.33757495880127, Y=-9.16827487945557, Z=3.04890656471252) | HR=80 bpm | IBI=0 ms | Participant=P02
1445,IBI out of range,Row 1445 | Timestamp: 1710812049547 ms | PPG(Green=1819567, Red=1819567, Ir=1819567) | ACC(X=-2.34715509414673, Y=-9.10360813140869, Z=3.0513014793396) | HR=79 bpm | IBI=0 ms | Participant=P02
1446,IBI out of range,Row 1446 | Timestamp: 1710812049588 ms | PPG(Green=1820659, Red=1820659, Ir=1820659) | ACC(X=-2.40224146842957, Y=-8.87847328186035, Z=3.10638785362244) | HR=79 bpm | IBI=0 ms | Participant=P02
1447,IBI out of range,Row 1447 | Timestamp: 1710812049628 ms | PPG(Green=1821881, Red=1821881, Ir=1821881) | ACC(X=-2.32799458503723, Y=-9.06768226623535, Z=3.12315320968628) | HR=78 bpm | IBI=0 ms | Participant=P02
1448,IBI out of range,Row 1448 | Timestamp: 1710812049668 ms | PPG(Green=1823179, Red=1823179, Ir=1823179) | ACC(X=-2.37350058555603, Y=-8.98146057128906, Z=2.93633890151978) | HR=78 bpm | IBI=0 ms | Participant=P02
1449,IBI out of range,Row 1449 | Timestamp: 1710812049708 ms | PPG(Green=1824757, Red=1824757, Ir=1824757) | ACC(X=-2.42140173912048, Y=-8.98146057128906, Z=3.04172134399414) | HR=78 bpm | IBI=0 ms | Participant=P02
1450,IBI out of range,Row 1450 | Timestamp: 1710812049748 ms | PPG(Green=1826515, Red=1826515, Ir=1826515) | ACC(X=-2.28967380523682, Y=-9.13713932037354, Z=3.00100541114807) | HR=78 bpm | IBI=0 ms | Participant=P02
1451,IBI out of range,Row 1451 | Timestamp: 1710812049788 ms | PPG(Green=1827784, Red=1827784, Ir=1827784) | ACC(X=-2.26572322845459, Y=-9.06768226623535, Z=2.90520310401917) | HR=79 bpm | IBI=0 ms | Participant=P02
1452,IBI out of range,Row 1452 | Timestamp: 1710812049829 ms | PPG(Green=1825726, Red=1825726, Ir=1825726) | ACC(X=-2.36152529716492, Y=-8.97906589508057, Z=3.05609178543091) | HR=79 bpm | IBI=0 ms | Participant=P02
1453,IBI out of range,Row 1453 | Timestamp: 1710812049869 ms | PPG(Green=1821600, Red=1821600, Ir=1821600) | ACC(X=-2.44295740127563, Y=-8.85691738128662, Z=3.06327676773071) | HR=79 bpm | IBI=0 ms | Participant=P02
1454,IBI out of range,Row 1454 | Timestamp: 1710812049909 ms | PPG(Green=1817867, Red=1817867, Ir=1817867) | ACC(X=-2.33278465270996, Y=-9.16827487945557, Z=2.87885761260986) | HR=80 bpm | IBI=0 ms | Participant=P02
1455,IBI out of range,Row 1455 | Timestamp: 1710812049949 ms | PPG(Green=1815776, Red=1815776, Ir=1815776) | ACC(X=-2.30883407592773, Y=-9.1012134552002, Z=3.06567192077637) | HR=80 bpm | IBI=0 ms | Participant=P02
1456,IBI out of range,Row 1456 | Timestamp: 1710812049989 ms | PPG(Green=1815155, Red=1815155, Ir=1815155) | ACC(X=-2.39745116233826, Y=-9.03175735473633, Z=3.0704619884491) | HR=80 bpm | IBI=0 ms | Participant=P02
1457,IBI out of range,Row 1457 | Timestamp: 1710812050030 ms | PPG(Green=1815569, Red=1815569, Ir=1815569) | ACC(X=-2.40463638305664, Y=-9.14432430267334, Z=2.88125252723694) | HR=80 bpm | IBI=0 ms | Participant=P02
1458,IBI out of range,Row 1458 | Timestamp: 1710812050069 ms | PPG(Green=1816374, Red=1816374, Ir=1816374) | ACC(X=-2.39505624771118, Y=-8.99104118347168, Z=2.97226476669312) | HR=80 bpm | IBI=0 ms | Participant=P02
1459,IBI out of range,Row 1459 | Timestamp: 1710812050112 ms | PPG(Green=1817292, Red=1817292, Ir=1817292) | ACC(X=-2.3687105178833, Y=-9.04373168945312, Z=3.04890656471252) | HR=80 bpm | IBI=0 ms | Participant=P02
1460,IBI out of range,Row 1460 | Timestamp: 1710812050149 ms | PPG(Green=1817421, Red=1817421, Ir=1817421) | ACC(X=-2.41661167144775, Y=-9.10360813140869, Z=3.03932619094849) | HR=81 bpm | IBI=0 ms | Participant=P02
1461,IBI out of range,Row 1461 | Timestamp: 1710812050189 ms | PPG(Green=1817652, Red=1817652, Ir=1817652) | ACC(X=-2.3878710269928, Y=-9.14911460876465, Z=2.98424005508423) | HR=81 bpm | IBI=0 ms | Participant=P02
1462,IBI out of range,Row 1462 | Timestamp: 1710812050230 ms | PPG(Green=1817991, Red=1817991, Ir=1817991) | ACC(X=-2.42379689216614, Y=-9.00062084197998, Z=2.96268439292908) | HR=80 bpm | IBI=0 ms | Participant=P02
1463,IBI out of range,Row 1463 | Timestamp: 1710812050270 ms | PPG(Green=1819075, Red=1819075, Ir=1819075) | ACC(X=-2.34475994110107, Y=-9.12755870819092, Z=3.03693127632141) | HR=80 bpm | IBI=0 ms | Participant=P02
1464,IBI out of range,Row 1464 | Timestamp: 1710812050310 ms | PPG(Green=1820539, Red=1820539, Ir=1820539) | ACC(X=-2.35673522949219, Y=-9.06768226623535, Z=2.78545045852661) | HR=81 bpm | IBI=0 ms | Participant=P02
1465,IBI out of range,Row 1465 | Timestamp: 1710812050350 ms | PPG(Green=1822376, Red=1822376, Ir=1822376) | ACC(X=-2.51001882553101, Y=-8.86170768737793, Z=3.01298069953919) | HR=81 bpm | IBI=0 ms | Participant=P02
1466,IBI out of range,Row 1466 | Timestamp: 1710812050390 ms | PPG(Green=1824469, Red=1824469, Ir=1824469) | ACC(X=-2.30643916130066, Y=-9.1083984375, Z=3.11836314201355) | HR=81 bpm | IBI=0 ms | Participant=P02
1467,IBI out of range,Row 1467 | Timestamp: 1710812050431 ms | PPG(Green=1826829, Red=1826829, Ir=1826829) | ACC(X=-2.4333770275116, Y=-8.94314002990723, Z=3.0704619884491) | HR=81 bpm | IBI=0 ms | Participant=P02
1468,IBI out of range,Row 1468 | Timestamp: 1710812050471 ms | PPG(Green=1829079, Red=1829079, Ir=1829079) | ACC(X=-2.42140173912048, Y=-9.05331230163574, Z=2.89801788330078) | HR=81 bpm | IBI=0 ms | Participant=P02
1469,IBI out of range,Row 1469 | Timestamp: 1710812050511 ms | PPG(Green=1831271, Red=1831271, Ir=1831271) | ACC(X=-2.37350058555603, Y=-9.0078067779541, Z=2.99382019042969) | HR=81 bpm | IBI=0 ms | Participant=P02
1470,IBI out of range,Row 1470 | Timestamp: 1710812050551 ms | PPG(Green=1833406, Red=1833406, Ir=1833406) | ACC(X=-2.3687105178833, Y=-9.11318874359131, Z=2.98424005508423) | HR=81 bpm | IBI=0 ms | Participant=P02
1471,IBI out of range,Row 1471 | Timestamp: 1710812050591 ms | PPG(Green=1832123, Red=1832123, Ir=1832123) | ACC(X=-2.35434031486511, Y=-9.0102014541626, Z=2.98903012275696) | HR=81 bpm | IBI=0 ms | Participant=P02
1472,IBI out of range,Row 1472 | Timestamp: 1710812050632 ms | PPG(Green=1829023, Red=1829023, Ir=1829023) | ACC(X=-2.342365026474, Y=-8.96469497680664, Z=3.0249559879303) | HR=81 bpm | IBI=0 ms | Participant=P02
1473,IBI out of range,Row 1473 | Timestamp: 1710812050671 ms | PPG(Green=1825982, Red=1825982, Ir=1825982) | ACC(X=-2.3495500087738, Y=-9.07486820220947, Z=3.00340056419373) | HR=81 bpm | IBI=0 ms | Participant=P02
1474,IBI out of range,Row 1474 | Timestamp: 1710812050711 ms | PPG(Green=1824547, Red=1824547, Ir=1824547) | ACC(X=-2.3495500087738, Y=-9.01978206634522, Z=3.01298069953919) | HR=81 bpm | IBI=0 ms | Participant=P02
1475,IBI out of range,Row 1475 | Timestamp: 1710812050751 ms | PPG(Green=1824244, Red=1824244, Ir=1824244) | ACC(X=-2.31601929664612, Y=-8.98864555358887, Z=3.08243727684021) | HR=81 bpm | IBI=0 ms | Participant=P02
1476,IBI out of range,Row 1476 | Timestamp: 1710812050792 ms | PPG(Green=1824829, Red=1824829, Ir=1824829) | ACC(X=-2.30164909362793, Y=-9.06049728393555, Z=3.04411649703979) | HR=81 bpm | IBI=0 ms | Participant=P02
1477,IBI out of range,Row 1477 | Timestamp: 1710812050832 ms | PPG(Green=1825809, Red=1825809, Ir=1825809) | ACC(X=-2.37589573860169, Y=-9.09642314910889, Z=3.05609178543091) | HR=82 bpm | IBI=0 ms | Participant=P02
1478,IBI out of range,Row 1478 | Timestamp: 1710812050872 ms | PPG(Green=1826659, Red=1826659, Ir=1826659) | ACC(X=-2.39745116233826, Y=-9.08444786071777, Z=3.03453612327576) | HR=82 bpm | IBI=0 ms | Participant=P02
1479,IBI out of range,Row 1479 | Timestamp: 1710812050912 ms | PPG(Green=1826935, Red=1826935, Ir=1826935) | ACC(X=-2.33278465270996, Y=-9.1155834197998, Z=3.06088185310364) | HR=81 bpm | IBI=0 ms | Participant=P02
1480,IBI out of range,Row 1480 | Timestamp: 1710812050952 ms | PPG(Green=1827030, Red=1827030, Ir=1827030) | ACC(X=-2.30883407592773, Y=-9.0988187789917, Z=2.98184490203857) | HR=81 bpm | IBI=0 ms | Participant=P02
1481,IBI out of range,Row 1481 | Timestamp: 1710812050992 ms | PPG(Green=1827575, Red=1827575, Ir=1827575) | ACC(X=-2.40463638305664, Y=-9.06289291381836, Z=3.0704619884491) | HR=82 bpm | IBI=0 ms | Participant=P02
1482,IBI out of range,Row 1482 | Timestamp: 1710812051033 ms | PPG(Green=1828778, Red=1828778, Ir=1828778) | ACC(X=-2.38308095932007, Y=-9.04852199554443, Z=3.02016592025757) | HR=82 bpm | IBI=0 ms | Participant=P02
1483,IBI out of range,Row 1483 | Timestamp: 1710812051073 ms | PPG(Green=1831781, Red=1831781, Ir=1831781) | ACC(X=-2.26332807540894, Y=-9.15390491485596, Z=3.19979500770569) | HR=82 bpm | IBI=0 ms | Participant=P02
1484,IBI out of range,Row 1484 | Timestamp: 1710812051113 ms | PPG(Green=1835214, Red=1835214, Ir=1835214) | ACC(X=-2.26093292236328, Y=-9.24731159210205, Z=3.26206660270691) | HR=82 bpm | IBI=0 ms | Participant=P02
1485,IBI out of range,Row 1485 | Timestamp: 1710812051153 ms | PPG(Green=1839363, Red=1839363, Ir=1839363) | ACC(X=-2.56510519981384, Y=-8.65573310852051, Z=2.84053659439087) | HR=82 bpm | IBI=0 ms | Participant=P02
1486,IBI out of range,Row 1486 | Timestamp: 1710812051193 ms | PPG(Green=1844196, Red=1844196, Ir=1844196) | ACC(X=-2.4333770275116, Y=-8.67968368530273, Z=3.13512849807739) | HR=82 bpm | IBI=0 ms | Participant=P02
1487,IBI out of range,Row 1487 | Timestamp: 1710812051234 ms | PPG(Green=1851403, Red=1851403, Ir=1851403) | ACC(X=-2.47409296035767, Y=-8.90242385864258, Z=3.22374558448792) | HR=82 bpm | IBI=0 ms | Participant=P02
1488,IBI out of range,Row 1488 | Timestamp: 1710812051273 ms | PPG(Green=1850620, Red=1850620, Ir=1850620) | ACC(X=-2.43816709518433, Y=-8.94793033599854, Z=3.2309308052063) | HR=82 bpm | IBI=0 ms | Participant=P02
1489,IBI out of range,Row 1489 | Timestamp: 1710812051313 ms | PPG(Green=1846584, Red=1846584, Ir=1846584) | ACC(X=-2.33757495880127, Y=-9.0988187789917, Z=3.27404189109802) | HR=83 bpm | IBI=0 ms | Participant=P02
1490,IBI out of range,Row 1490 | Timestamp: 1710812051353 ms | PPG(Green=1842496, Red=1842496, Ir=1842496) | ACC(X=-2.43577218055725, Y=-9.06049728393555, Z=3.21895551681519) | HR=84 bpm | IBI=0 ms | Participant=P02
1491,IBI out of range,Row 1491 | Timestamp: 1710812051393 ms | PPG(Green=1839627, Red=1839627, Ir=1839627) | ACC(X=-2.39505624771118, Y=-9.00062084197998, Z=3.15907907485962) | HR=85 bpm | IBI=0 ms | Participant=P02
1492,IBI out of range,Row 1492 | Timestamp: 1710812051434 ms | PPG(Green=1838167, Red=1838167, Ir=1838167) | ACC(X=-2.31122922897339, Y=-9.03175735473633, Z=3.29559731483459) | HR=85 bpm | IBI=0 ms | Participant=P02
1493,IBI out of range,Row 1493 | Timestamp: 1710812051473 ms | PPG(Green=1837660, Red=1837660, Ir=1837660) | ACC(X=-2.33757495880127, Y=-8.85691738128662, Z=3.19500494003296) | HR=85 bpm | IBI=0 ms | Participant=P02
1494,IBI out of range,Row 1494 | Timestamp: 1710812051513 ms | PPG(Green=1837918, Red=1837918, Ir=1837918) | ACC(X=-2.35913038253784, Y=-8.84015274047852, Z=3.30517745018005) | HR=86 bpm | IBI=0 ms | Participant=P02
1495,IBI out of range,Row 1495 | Timestamp: 1710812051554 ms | PPG(Green=1837911, Red=1837911, Ir=1837911) | ACC(X=-2.36631560325623, Y=-9.01259613037109, Z=3.26446151733398) | HR=86 bpm | IBI=0 ms | Participant=P02
1496,IBI out of range,Row 1496 | Timestamp: 1710812051593 ms | PPG(Green=1837650, Red=1837650, Ir=1837650) | ACC(X=-2.35434031486511, Y=-8.95032501220703, Z=3.23572087287903) | HR=86 bpm | IBI=0 ms | Participant=P02
1497,IBI out of range,Row 1497 | Timestamp: 1710812051634 ms | PPG(Green=1837128, Red=1837128, Ir=1837128) | ACC(X=-2.37350058555603, Y=-8.93834972381592, Z=3.21895551681519) | HR=86 bpm | IBI=0 ms | Participant=P02
1498,IBI out of range,Row 1498 | Timestamp: 1710812051674 ms | PPG(Green=1836915, Red=1836915, Ir=1836915) | ACC(X=-2.35673522949219, Y=-9.02457141876221, Z=3.29799246788025) | HR=86 bpm | IBI=0 ms | Participant=P02
1499,IBI out of range,Row 1499 | Timestamp: 1710812051714 ms | PPG(Green=1837175, Red=1837175, Ir=1837175) | ACC(X=-2.37110567092896, Y=-8.95990562438965, Z=3.23811602592468) | HR=86 bpm | IBI=0 ms | Participant=P02
1500,IBI out of range,Row 1500 | Timestamp: 1710812051754 ms | PPG(Green=1837970, Red=1837970, Ir=1837970) | ACC(X=-2.31362438201904, Y=-9.00062084197998, Z=3.23572087287903) | HR=86 bpm | IBI=0 ms | Participant=P02
1501,IBI out of range,Row 1501 | Timestamp: 1710812051794 ms | PPG(Green=1838938, Red=1838938, Ir=1838938) | ACC(X=-2.32799458503723, Y=-8.88326358795166, Z=3.1926097869873) | HR=86 bpm | IBI=0 ms | Participant=P02
1502,IBI out of range,Row 1502 | Timestamp: 1710812051835 ms | PPG(Green=1840141, Red=1840141, Ir=1840141) | ACC(X=-2.30643916130066, Y=-9.06528759002686, Z=3.32912802696228) | HR=87 bpm | IBI=0 ms | Participant=P02
1503,IBI out of range,Row 1503 | Timestamp: 1710812051874 ms | PPG(Green=1841433, Red=1841433, Ir=1841433) | ACC(X=-2.29206871986389, Y=-8.77548599243164, Z=3.29320216178894) | HR=87 bpm | IBI=0 ms | Participant=P02
1504,IBI out of range,Row 1504 | Timestamp: 1710812051914 ms | PPG(Green=1842460, Red=1842460, Ir=1842460) | ACC(X=-2.3878710269928, Y=-8.89523887634277, Z=3.24051094055176) | HR=87 bpm | IBI=0 ms | Participant=P02
1505,IBI out of range,Row 1505 | Timestamp: 1710812051954 ms | PPG(Green=1844117, Red=1844117, Ir=1844117) | ACC(X=-2.30164909362793, Y=-8.99343585968018, Z=3.24769616127014) | HR=87 bpm | IBI=0 ms | Participant=P02
1506,IBI out of range,Row 1506 | Timestamp: 1710812051994 ms | PPG(Green=1844177, Red=1844177, Ir=1844177) | ACC(X=-2.31841444969177, Y=-9.04133701324463, Z=3.31475782394409) | HR=87 bpm | IBI=0 ms | Participant=P02
1507,IBI out of range,Row 1507 | Timestamp: 1710812052035 ms | PPG(Green=1841024, Red=1841024, Ir=1841024) | ACC(X=-2.30164909362793, Y=-8.93834972381592, Z=3.28122687339783) | HR=86 bpm | IBI=0 ms | Participant=P02
1508,IBI out of range,Row 1508 | Timestamp: 1710812052075 ms | PPG(Green=1837265, Red=1837265, Ir=1837265) | ACC(X=-2.33996987342834, Y=-8.88086795806885, Z=3.29559731483459) | HR=86 bpm | IBI=0 ms | Participant=P02
1509,IBI out of range,Row 1509 | Timestamp: 1710812052115 ms | PPG(Green=1834577, Red=1834577, Ir=1834577) | ACC(X=-2.35673522949219, Y=-8.95271968841553, Z=3.31715273857117) | HR=86 bpm | IBI=0 ms | Participant=P02
1510,IBI out of range,Row 1510 | Timestamp: 1710812052155 ms | PPG(Green=1833085, Red=1833085, Ir=1833085) | ACC(X=-2.28727865219116, Y=-8.87607860565186, Z=3.31954789161682) | HR=86 bpm | IBI=0 ms | Participant=P02
1511,IBI out of range,Row 1511 | Timestamp: 1710812052195 ms | PPG(Green=1832548, Red=1832548, Ir=1832548) | ACC(X=-2.35434031486511, Y=-8.95511531829834, Z=3.24530124664307) | HR=87 bpm | IBI=0 ms | Participant=P02
1512,IBI out of range,Row 1512 | Timestamp: 1710812052236 ms | PPG(Green=1832821, Red=1832821, Ir=1832821) | ACC(X=-2.37589573860169, Y=-8.90002918243408, Z=3.33631324768066) | HR=87 bpm | IBI=0 ms | Participant=P02
1513,IBI out of range,Row 1513 | Timestamp: 1710812052275 ms | PPG(Green=1833175, Red=1833175, Ir=1833175) | ACC(X=-2.38308095932007, Y=-8.96948528289795, Z=3.26206660270691) | HR=87 bpm | IBI=0 ms | Participant=P02
1514,IBI out of range,Row 1514 | Timestamp: 1710812052315 ms | PPG(Green=1833334, Red=1833334, Ir=1833334) | ACC(X=-2.3232045173645, Y=-8.98864555358887, Z=3.2500913143158) | HR=87 bpm | IBI=0 ms | Participant=P02
1515,IBI out of range,Row 1515 | Timestamp: 1710812052355 ms | PPG(Green=1833097, Red=1833097, Ir=1833097) | ACC(X=-2.33278465270996, Y=-8.88565826416016, Z=3.35068368911743) | HR=87 bpm | IBI=0 ms | Participant=P02
1516,IBI out of range,Row 1516 | Timestamp: 1710812052396 ms | PPG(Green=1832989, Red=1832989, Ir=1832989) | ACC(X=-2.33757495880127, Y=-8.95271968841553, Z=3.31475782394409) | HR=87 bpm | IBI=0 ms | Participant=P02
1517,IBI out of range,Row 1517 | Timestamp: 1710812052436 ms | PPG(Green=1833492, Red=1833492, Ir=1833492) | ACC(X=-2.32559967041016, Y=-8.8305721282959, Z=3.29559731483459) | HR=87 bpm | IBI=0 ms | Participant=P02
1518,IBI out of range,Row 1518 | Timestamp: 1710812052476 ms | PPG(Green=1834267, Red=1834267, Ir=1834267) | ACC(X=-2.33517980575562, Y=-8.919189453125, Z=3.28122687339783) | HR=87 bpm | IBI=0 ms | Participant=P02
1519,IBI out of range,Row 1519 | Timestamp: 1710812052516 ms | PPG(Green=1835456, Red=1835456, Ir=1835456) | ACC(X=-2.32080936431885, Y=-8.86649799346924, Z=3.29080724716186) | HR=87 bpm | IBI=0 ms | Participant=P02
1520,IBI out of range,Row 1520 | Timestamp: 1710812052556 ms | PPG(Green=1836811, Red=1836811, Ir=1836811) | ACC(X=-2.37589573860169, Y=-8.84733772277832, Z=3.34110331535339) | HR=87 bpm | IBI=0 ms | Participant=P02
1521,IBI out of range,Row 1521 | Timestamp: 1710812052596 ms | PPG(Green=1838283, Red=1838283, Ir=1838283) | ACC(X=-2.35194516181946, Y=-8.90002918243408, Z=3.372239112854) | HR=87 bpm | IBI=0 ms | Participant=P02
1522,IBI out of range,Row 1522 | Timestamp: 1710812052637 ms | PPG(Green=1839835, Red=1839835, Ir=1839835) | ACC(X=-2.38547587394714, Y=-8.86889266967773, Z=3.26206660270691) | HR=87 bpm | IBI=0 ms | Participant=P02
1523,IBI out of range,Row 1523 | Timestamp: 1710812052676 ms | PPG(Green=1841393, Red=1841393, Ir=1841393) | ACC(X=-2.41182160377502, Y=-8.93355941772461, Z=3.27883195877075) | HR=88 bpm | IBI=0 ms | Participant=P02
1524,IBI out of range,Row 1524 | Timestamp: 1710812052716 ms | PPG(Green=1842875, Red=1842875, Ir=1842875) | ACC(X=-2.26332807540894, Y=-8.95271968841553, Z=3.28841209411621) | HR=88 bpm | IBI=0 ms | Participant=P02
1525,IBI out of range,Row 1525 | Timestamp: 1710812052756 ms | PPG(Green=1841369, Red=1841369, Ir=1841369) | ACC(X=-2.29446387290955, Y=-8.89044857025146, Z=3.29080724716186) | HR=88 bpm | IBI=0 ms | Participant=P02
1526,IBI out of range,Row 1526 | Timestamp: 1710812052796 ms | PPG(Green=1837835, Red=1837835, Ir=1837835) | ACC(X=-2.32799458503723, Y=-8.92397975921631, Z=3.30996775627136) | HR=90 bpm | IBI=0 ms | Participant=P02
1527,IBI out of range,Row 1527 | Timestamp: 1710812052837 ms | PPG(Green=1834808, Red=1834808, Ir=1834808) | ACC(X=-2.34715509414673, Y=-8.93355941772461, Z=3.26446151733398) | HR=91 bpm | IBI=0 ms | Participant=P02
1528,IBI out of range,Row 1528 | Timestamp: 1710812052877 ms | PPG(Green=1833193, Red=1833193, Ir=1833193) | ACC(X=-2.33278465270996, Y=-8.97667026519775, Z=3.37702918052673) | HR=92 bpm | IBI=0 ms | Participant=P02
1529,IBI out of range,Row 1529 | Timestamp: 1710812052917 ms | PPG(Green=1832384, Red=1832384, Ir=1832384) | ACC(X=-2.28488349914551, Y=-8.89044857025146, Z=3.31715273857117) | HR=92 bpm | IBI=0 ms | Participant=P02
1530,IBI out of range,Row 1530 | Timestamp: 1710812052957 ms | PPG(Green=1832425, Red=1832425, Ir=1832425) | ACC(X=-2.342365026474, Y=-8.87128829956055, Z=3.24769616127014) | HR=93 bpm | IBI=0 ms | Participant=P02
1531,IBI out of range,Row 1531 | Timestamp: 1710812052997 ms | PPG(Green=1832966, Red=1832966, Ir=1832966) | ACC(X=-2.32080936431885, Y=-8.99583148956299, Z=3.20458507537842) | HR=94 bpm | IBI=0 ms | Participant=P02
1532,IBI out of range,Row 1532 | Timestamp: 1710812053038 ms | PPG(Green=1833316, Red=1833316, Ir=1833316) | ACC(X=-2.30883407592773, Y=-8.96469497680664, Z=3.2117702960968) | HR=94 bpm | IBI=0 ms | Participant=P02
1533,IBI out of range,Row 1533 | Timestamp: 1710812053077 ms | PPG(Green=1833174, Red=1833174, Ir=1833174) | ACC(X=-2.31841444969177, Y=-9.01978206634522, Z=3.27164673805237) | HR=94 bpm | IBI=0 ms | Participant=P02
1534,IBI out of range,Row 1534 | Timestamp: 1710812053117 ms | PPG(Green=1833098, Red=1833098, Ir=1833098) | ACC(X=-2.30883407592773, Y=-8.98146057128906, Z=3.26206660270691) | HR=94 bpm | IBI=0 ms | Participant=P02
1535,IBI out of range,Row 1535 | Timestamp: 1710812053157 ms | PPG(Green=1833352, Red=1833352, Ir=1833352) | ACC(X=-2.33996987342834, Y=-8.87128829956055, Z=3.23811602592468) | HR=93 bpm | IBI=0 ms | Participant=P02
1536,IBI out of range,Row 1536 | Timestamp: 1710812053197 ms | PPG(Green=1834023, Red=1834023, Ir=1834023) | ACC(X=-2.32799458503723, Y=-8.89523887634277, Z=3.2309308052063) | HR=93 bpm | IBI=0 ms | Participant=P02
1537,IBI out of range,Row 1537 | Timestamp: 1710812053238 ms | PPG(Green=1834981, Red=1834981, Ir=1834981) | ACC(X=-2.33996987342834, Y=-9.04852199554443, Z=3.34828853607178) | HR=92 bpm | IBI=0 ms | Participant=P02
1538,IBI out of range,Row 1538 | Timestamp: 1710812053278 ms | PPG(Green=1836379, Red=1836379, Ir=1836379) | ACC(X=-2.33757495880127, Y=-8.94553470611572, Z=3.31715273857117) | HR=92 bpm | IBI=0 ms | Participant=P02
1539,IBI out of range,Row 1539 | Timestamp: 1710812053318 ms | PPG(Green=1837806, Red=1837806, Ir=1837806) | ACC(X=-2.28967380523682, Y=-8.95271968841553, Z=3.24769616127014) | HR=92 bpm | IBI=0 ms | Participant=P02
1540,IBI out of range,Row 1540 | Timestamp: 1710812053358 ms | PPG(Green=1839328, Red=1839328, Ir=1839328) | ACC(X=-2.34475994110107, Y=-8.90721416473389, Z=3.26685667037964) | HR=92 bpm | IBI=0 ms | Participant=P02
1541,IBI out of range,Row 1541 | Timestamp: 1710812053398 ms | PPG(Green=1840932, Red=1840932, Ir=1840932) | ACC(X=-2.31601929664612, Y=-8.95032501220703, Z=3.19500494003296) | HR=92 bpm | IBI=0 ms | Participant=P02
1542,IBI out of range,Row 1542 | Timestamp: 1710812053439 ms | PPG(Green=1842519, Red=1842519, Ir=1842519) | ACC(X=-2.37350058555603, Y=-8.95750999450684, Z=3.21895551681519) | HR=92 bpm | IBI=0 ms | Participant=P02
1543,IBI out of range,Row 1543 | Timestamp: 1710812053478 ms | PPG(Green=1843911, Red=1843911, Ir=1843911) | ACC(X=-2.31362438201904, Y=-9.02936172485352, Z=3.2764368057251) | HR=92 bpm | IBI=0 ms | Participant=P02
1544,IBI out of range,Row 1544 | Timestamp: 1710812053518 ms | PPG(Green=1842220, Red=1842220, Ir=1842220) | ACC(X=-2.342365026474, Y=-9.0173864364624, Z=3.20698022842407) | HR=92 bpm | IBI=0 ms | Participant=P02
1545,IBI out of range,Row 1545 | Timestamp: 1710812053558 ms | PPG(Green=1838850, Red=1838850, Ir=1838850) | ACC(X=-2.35673522949219, Y=-8.9263744354248, Z=3.27883195877075) | HR=92 bpm | IBI=0 ms | Participant=P02
1546,IBI out of range,Row 1546 | Timestamp: 1710812053598 ms | PPG(Green=1836175, Red=1836175, Ir=1836175) | ACC(X=-2.33278465270996, Y=-8.97188091278076, Z=3.29799246788025) | HR=92 bpm | IBI=0 ms | Participant=P02
1547,IBI out of range,Row 1547 | Timestamp: 1710812053639 ms | PPG(Green=1834622, Red=1834622, Ir=1834622) | ACC(X=-2.29925394058228, Y=-9.02457141876221, Z=3.22614073753357) | HR=92 bpm | IBI=0 ms | Participant=P02
1548,IBI out of range,Row 1548 | Timestamp: 1710812053679 ms | PPG(Green=1834090, Red=1834090, Ir=1834090) | ACC(X=-2.38547587394714, Y=-8.95032501220703, Z=3.2500913143158) | HR=92 bpm | IBI=0 ms | Participant=P02
1549,IBI out of range,Row 1549 | Timestamp: 1710812053719 ms | PPG(Green=1834305, Red=1834305, Ir=1834305) | ACC(X=-2.36392045021057, Y=-8.98864555358887, Z=3.31475782394409) | HR=92 bpm | IBI=0 ms | Participant=P02
1550,IBI out of range,Row 1550 | Timestamp: 1710812053759 ms | PPG(Green=1834786, Red=1834786, Ir=1834786) | ACC(X=-2.30883407592773, Y=-8.99822616577148, Z=3.24769616127014) | HR=92 bpm | IBI=0 ms | Participant=P02
1551,IBI out of range,Row 1551 | Timestamp: 1710812053799 ms | PPG(Green=1835092, Red=1835092, Ir=1835092) | ACC(X=-2.28009343147278, Y=-8.96469497680664, Z=3.22374558448792) | HR=92 bpm | IBI=0 ms | Participant=P02
1552,IBI out of range,Row 1552 | Timestamp: 1710812053840 ms | PPG(Green=1835011, Red=1835011, Ir=1835011) | ACC(X=-2.35673522949219, Y=-8.93116474151611, Z=3.22374558448792) | HR=92 bpm | IBI=0 ms | Participant=P02
1553,IBI out of range,Row 1553 | Timestamp: 1710812053879 ms | PPG(Green=1834738, Red=1834738, Ir=1834738) | ACC(X=-2.33757495880127, Y=-9.05091762542725, Z=3.2117702960968) | HR=91 bpm | IBI=0 ms | Participant=P02
1554,IBI out of range,Row 1554 | Timestamp: 1710812053919 ms | PPG(Green=1835068, Red=1835068, Ir=1835068) | ACC(X=-2.30164909362793, Y=-8.97906589508057, Z=3.25488138198853) | HR=91 bpm | IBI=0 ms | Participant=P02
1555,IBI out of range,Row 1555 | Timestamp: 1710812053959 ms | PPG(Green=1835696, Red=1835696, Ir=1835696) | ACC(X=-2.28967380523682, Y=-8.86170768737793, Z=3.28122687339783) | HR=91 bpm | IBI=0 ms | Participant=P02
1556,IBI out of range,Row 1556 | Timestamp: 1710812053999 ms | PPG(Green=1836742, Red=1836742, Ir=1836742) | ACC(X=-2.38547587394714, Y=-8.92397975921631, Z=3.17105436325073) | HR=90 bpm | IBI=0 ms | Participant=P02
1557,IBI out of range,Row 1557 | Timestamp: 1710812054040 ms | PPG(Green=1837993, Red=1837993, Ir=1837993) | ACC(X=-2.30164909362793, Y=-9.02696704864502, Z=3.25248622894287) | HR=90 bpm | IBI=0 ms | Participant=P02
1558,IBI out of range,Row 1558 | Timestamp: 1710812054080 ms | PPG(Green=1839395, Red=1839395, Ir=1839395) | ACC(X=-2.30164909362793, Y=-8.93116474151611, Z=3.29080724716186) | HR=89 bpm | IBI=0 ms | Participant=P02
1559,IBI out of range,Row 1559 | Timestamp: 1710812054120 ms | PPG(Green=1840742, Red=1840742, Ir=1840742) | ACC(X=-2.39026618003845, Y=-8.90721416473389, Z=3.25488138198853) | HR=90 bpm | IBI=0 ms | Participant=P02
1560,IBI out of range,Row 1560 | Timestamp: 1710812054160 ms | PPG(Green=1842314, Red=1842314, Ir=1842314) | ACC(X=-2.42858695983887, Y=-8.99822616577148, Z=3.29080724716186) | HR=90 bpm | IBI=0 ms | Participant=P02
1561,IBI out of range,Row 1561 | Timestamp: 1710812054200 ms | PPG(Green=1843836, Red=1843836, Ir=1843836) | ACC(X=-2.304044008255, Y=-9.00541114807129, Z=3.28362202644348) | HR=90 bpm | IBI=0 ms | Participant=P02
1562,IBI out of range,Row 1562 | Timestamp: 1710812054241 ms | PPG(Green=1843940, Red=1843940, Ir=1843940) | ACC(X=-2.26093292236328, Y=-9.03654670715332, Z=3.31715273857117) | HR=89 bpm | IBI=0 ms | Participant=P02
1563,IBI out of range,Row 1563 | Timestamp: 1710812054280 ms | PPG(Green=1841169, Red=1841169, Ir=1841169) | ACC(X=-2.28727865219116, Y=-8.90481853485107, Z=3.31236267089844) | HR=86 bpm | IBI=0 ms | Participant=P02
1564,IBI out of range,Row 1564 | Timestamp: 1710812054320 ms | PPG(Green=1838133, Red=1838133, Ir=1838133) | ACC(X=-2.41900682449341, Y=-9.03654670715332, Z=3.33631324768066) | HR=86 bpm | IBI=0 ms | Participant=P02
1565,IBI out of range,Row 1565 | Timestamp: 1710812054360 ms | PPG(Green=1836148, Red=1836148, Ir=1836148) | ACC(X=-2.35194516181946, Y=-8.89763355255127, Z=3.28122687339783) | HR=85 bpm | IBI=0 ms | Participant=P02
1566,IBI out of range,Row 1566 | Timestamp: 1710812054400 ms | PPG(Green=1835303, Red=1835303, Ir=1835303) | ACC(X=-2.35194516181946, Y=-8.94314002990723, Z=3.28601717948914) | HR=85 bpm | IBI=0 ms | Participant=P02
1567,IBI out of range,Row 1567 | Timestamp: 1710812054441 ms | PPG(Green=1835479, Red=1835479, Ir=1835479) | ACC(X=-2.30643916130066, Y=-8.82578182220459, Z=3.35068368911743) | HR=85 bpm | IBI=0 ms | Participant=P02
1568,IBI out of range,Row 1568 | Timestamp: 1710812054481 ms | PPG(Green=1836042, Red=1836042, Ir=1836042) | ACC(X=-2.38068580627441, Y=-8.919189453125, Z=3.41295504570007) | HR=85 bpm | IBI=0 ms | Participant=P02
1569,IBI out of range,Row 1569 | Timestamp: 1710812054521 ms | PPG(Green=1836792, Red=1836792, Ir=1836792) | ACC(X=-2.32559967041016, Y=-8.88565826416016, Z=3.30517745018005) | HR=86 bpm | IBI=0 ms | Participant=P02
1570,IBI out of range,Row 1570 | Timestamp: 1710812054561 ms | PPG(Green=1836916, Red=1836916, Ir=1836916) | ACC(X=-2.2776985168457, Y=-8.95032501220703, Z=3.32194304466248) | HR=86 bpm | IBI=0 ms | Participant=P02
1571,IBI out of range,Row 1571 | Timestamp: 1710812054601 ms | PPG(Green=1836736, Red=1836736, Ir=1836736) | ACC(X=-2.28248858451843, Y=-8.87368297576904, Z=3.30996775627136) | HR=86 bpm | IBI=0 ms | Participant=P02
1572,IBI out of range,Row 1572 | Timestamp: 1710812054642 ms | PPG(Green=1836992, Red=1836992, Ir=1836992) | ACC(X=-2.35673522949219, Y=-8.84254741668701, Z=3.32194304466248) | HR=86 bpm | IBI=0 ms | Participant=P02
1573,IBI out of range,Row 1573 | Timestamp: 1710812054681 ms | PPG(Green=1837576, Red=1837576, Ir=1837576) | ACC(X=-2.28967380523682, Y=-8.86170768737793, Z=3.34589338302612) | HR=87 bpm | IBI=0 ms | Participant=P02
1574,IBI out of range,Row 1574 | Timestamp: 1710812054721 ms | PPG(Green=1838713, Red=1838713, Ir=1838713) | ACC(X=-2.3232045173645, Y=-9.00301647186279, Z=3.36984395980835) | HR=86 bpm | IBI=0 ms | Participant=P02
1575,IBI out of range,Row 1575 | Timestamp: 1710812054761 ms | PPG(Green=1840040, Red=1840040, Ir=1840040) | ACC(X=-2.32799458503723, Y=-8.98625087738037, Z=3.30278253555298) | HR=86 bpm | IBI=0 ms | Participant=P02
1576,IBI out of range,Row 1576 | Timestamp: 1710812054802 ms | PPG(Green=1841664, Red=1841664, Ir=1841664) | ACC(X=-2.39266109466553, Y=-8.89523887634277, Z=3.41295504570007) | HR=87 bpm | IBI=0 ms | Participant=P02
1577,IBI out of range,Row 1577 | Timestamp: 1710812054842 ms | PPG(Green=1843316, Red=1843316, Ir=1843316) | ACC(X=-2.27051329612732, Y=-8.84973239898682, Z=3.49199199676514) | HR=88 bpm | IBI=0 ms | Participant=P02
1578,IBI out of range,Row 1578 | Timestamp: 1710812054882 ms | PPG(Green=1844912, Red=1844912, Ir=1844912) | ACC(X=-2.35673522949219, Y=-8.79704093933105, Z=3.33391809463501) | HR=88 bpm | IBI=0 ms | Participant=P02
1579,IBI out of range,Row 1579 | Timestamp: 1710812054922 ms | PPG(Green=1846600, Red=1846600, Ir=1846600) | ACC(X=-2.44774746894836, Y=-8.98385620117188, Z=3.34110331535339) | HR=88 bpm | IBI=0 ms | Participant=P02
1580,IBI out of range,Row 1580 | Timestamp: 1710812054962 ms | PPG(Green=1848443, Red=1848443, Ir=1848443) | ACC(X=-2.37110567092896, Y=-9.06528759002686, Z=3.32194304466248) | HR=89 bpm | IBI=0 ms | Participant=P02
1581,IBI out of range,Row 1581 | Timestamp: 1710812055002 ms | PPG(Green=1848226, Red=1848226, Ir=1848226) | ACC(X=-2.36152529716492, Y=-8.89044857025146, Z=3.39618968963623) | HR=90 bpm | IBI=0 ms | Participant=P02
1582,IBI out of range,Row 1582 | Timestamp: 1710812055043 ms | PPG(Green=1845529, Red=1845529, Ir=1845529) | ACC(X=-2.32559967041016, Y=-8.92397975921631, Z=3.39618968963623) | HR=91 bpm | IBI=0 ms | Participant=P02
1583,IBI out of range,Row 1583 | Timestamp: 1710812055082 ms | PPG(Green=1842465, Red=1842465, Ir=1842465) | ACC(X=-2.35913038253784, Y=-8.94553470611572, Z=3.36744904518127) | HR=90 bpm | IBI=0 ms | Participant=P02
1585,IBI out of range,Row 1585 | Timestamp: 1710812055162 ms | PPG(Green=1839828, Red=1839828, Ir=1839828) | ACC(X=-2.39266109466553, Y=-8.93834972381592, Z=3.36984395980835) | HR=88 bpm | IBI=0 ms | Participant=P02
1586,IBI out of range,Row 1586 | Timestamp: 1710812055202 ms | PPG(Green=1839790, Red=1839790, Ir=1839790) | ACC(X=-2.30643916130066, Y=-8.88326358795166, Z=3.42732548713684) | HR=87 bpm | IBI=0 ms | Participant=P02
1587,IBI out of range,Row 1587 | Timestamp: 1710812055243 ms | PPG(Green=1840281, Red=1840281, Ir=1840281) | ACC(X=-2.33278465270996, Y=-8.97427558898926, Z=3.38900446891785) | HR=86 bpm | IBI=0 ms | Participant=P02
1588,IBI out of range,Row 1588 | Timestamp: 1710812055283 ms | PPG(Green=1840660, Red=1840660, Ir=1840660) | ACC(X=-2.33038973808289, Y=-8.98146057128906, Z=3.36026382446289) | HR=85 bpm | IBI=0 ms | Participant=P02
1589,IBI out of range,Row 1589 | Timestamp: 1710812055323 ms | PPG(Green=1840969, Red=1840969, Ir=1840969) | ACC(X=-2.37350058555603, Y=-8.89763355255127, Z=3.33870840072632) | HR=84 bpm | IBI=0 ms | Participant=P02
1590,IBI out of range,Row 1590 | Timestamp: 1710812055363 ms | PPG(Green=1840695, Red=1840695, Ir=1840695) | ACC(X=-2.33038973808289, Y=-8.80662155151367, Z=3.35786867141724) | HR=82 bpm | IBI=0 ms | Participant=P02
1591,IBI out of range,Row 1591 | Timestamp: 1710812055403 ms | PPG(Green=1841067, Red=1841067, Ir=1841067) | ACC(X=-2.34715509414673, Y=-8.93355941772461, Z=3.35786867141724) | HR=81 bpm | IBI=0 ms | Participant=P02
1592,IBI out of range,Row 1592 | Timestamp: 1710812055444 ms | PPG(Green=1841783, Red=1841783, Ir=1841783) | ACC(X=-2.36152529716492, Y=-8.78506565093994, Z=3.4560661315918) | HR=81 bpm | IBI=0 ms | Participant=P02
1593,IBI out of range,Row 1593 | Timestamp: 1710812055483 ms | PPG(Green=1842766, Red=1842766, Ir=1842766) | ACC(X=-2.29925394058228, Y=-8.96469497680664, Z=3.36505389213562) | HR=82 bpm | IBI=0 ms | Participant=P02
1594,IBI out of range,Row 1594 | Timestamp: 1710812055524 ms | PPG(Green=1844107, Red=1844107, Ir=1844107) | ACC(X=-2.342365026474, Y=-9.01978206634522, Z=3.33391809463501) | HR=83 bpm | IBI=0 ms | Participant=P02
1595,IBI out of range,Row 1595 | Timestamp: 1710812055564 ms | PPG(Green=1845494, Red=1845494, Ir=1845494) | ACC(X=-2.3495500087738, Y=-8.81141185760498, Z=3.34589338302612) | HR=83 bpm | IBI=0 ms | Participant=P02
1596,IBI out of range,Row 1596 | Timestamp: 1710812055604 ms | PPG(Green=1847180, Red=1847180, Ir=1847180) | ACC(X=-2.33517980575562, Y=-8.98625087738037, Z=3.41535019874573) | HR=82 bpm | IBI=0 ms | Participant=P02
1597,IBI out of range,Row 1597 | Timestamp: 1710812055645 ms | PPG(Green=1848785, Red=1848785, Ir=1848785) | ACC(X=-2.36392045021057, Y=-8.87847328186035, Z=3.28601717948914) | HR=80 bpm | IBI=0 ms | Participant=P02
1598,IBI out of range,Row 1598 | Timestamp: 1710812055684 ms | PPG(Green=1850400, Red=1850400, Ir=1850400) | ACC(X=-2.37350058555603, Y=-8.8281774520874, Z=3.34110331535339) | HR=80 bpm | IBI=0 ms | Participant=P02
1599,IBI out of range,Row 1599 | Timestamp: 1710812055724 ms | PPG(Green=1852100, Red=1852100, Ir=1852100) | ACC(X=-2.28248858451843, Y=-8.94553470611572, Z=3.40097975730896) | HR=79 bpm | IBI=0 ms | Participant=P02
1600,IBI out of range,Row 1600 | Timestamp: 1710812055764 ms | PPG(Green=1853248, Red=1853248, Ir=1853248) | ACC(X=-2.28009343147278, Y=-9.00301647186279, Z=3.36744904518127) | HR=79 bpm | IBI=0 ms | Participant=P02
1601,IBI out of range,Row 1601 | Timestamp: 1710812055804 ms | PPG(Green=1851600, Red=1851600, Ir=1851600) | ACC(X=-2.33996987342834, Y=-8.84973239898682, Z=3.36505389213562) | HR=79 bpm | IBI=0 ms | Participant=P02
1602,IBI out of range,Row 1602 | Timestamp: 1710812055845 ms | PPG(Green=1848625, Red=1848625, Ir=1848625) | ACC(X=-2.37589573860169, Y=-8.76111507415771, Z=3.30038738250732) | HR=80 bpm | IBI=0 ms | Participant=P02
1603,IBI out of range,Row 1603 | Timestamp: 1710812055885 ms | PPG(Green=1846363, Red=1846363, Ir=1846363) | ACC(X=-2.33517980575562, Y=-8.9263744354248, Z=3.36744904518127) | HR=80 bpm | IBI=0 ms | Participant=P02
1604,IBI out of range,Row 1604 | Timestamp: 1710812055925 ms | PPG(Green=1845219, Red=1845219, Ir=1845219) | ACC(X=-2.31122922897339, Y=-9.02457141876221, Z=3.38900446891785) | HR=81 bpm | IBI=0 ms | Participant=P02
1605,IBI out of range,Row 1605 | Timestamp: 1710812055965 ms | PPG(Green=1845007, Red=1845007, Ir=1845007) | ACC(X=-2.3687105178833, Y=-8.86410331726074, Z=3.37463426589966) | HR=81 bpm | IBI=0 ms | Participant=P02
1606,IBI out of range,Row 1606 | Timestamp: 1710812056005 ms | PPG(Green=1845308, Red=1845308, Ir=1845308) | ACC(X=-2.25374794006348, Y=-8.95271968841553, Z=3.35307860374451) | HR=82 bpm | IBI=0 ms | Participant=P02
1607,IBI out of range,Row 1607 | Timestamp: 1710812056046 ms | PPG(Green=1845927, Red=1845927, Ir=1845927) | ACC(X=-2.25853800773621, Y=-9.0078067779541, Z=3.27404189109802) | HR=82 bpm | IBI=0 ms | Participant=P02
1608,IBI out of range,Row 1608 | Timestamp: 1710812056085 ms | PPG(Green=1846232, Red=1846232, Ir=1846232) | ACC(X=-2.40942645072937, Y=-8.90242385864258, Z=3.36026382446289) | HR=83 bpm | IBI=0 ms | Participant=P02
1609,IBI out of range,Row 1609 | Timestamp: 1710812056125 ms | PPG(Green=1846251, Red=1846251, Ir=1846251) | ACC(X=-2.34715509414673, Y=-8.84254741668701, Z=3.38181924819946) | HR=82 bpm | IBI=0 ms | Participant=P02
1610,IBI out of range,Row 1610 | Timestamp: 1710812056165 ms | PPG(Green=1846388, Red=1846388, Ir=1846388) | ACC(X=-2.304044008255, Y=-8.97188091278076, Z=3.27883195877075) | HR=82 bpm | IBI=0 ms | Participant=P02
1611,IBI out of range,Row 1611 | Timestamp: 1710812056205 ms | PPG(Green=1846811, Red=1846811, Ir=1846811) | ACC(X=-2.39505624771118, Y=-9.08444786071777, Z=3.36505389213562) | HR=81 bpm | IBI=0 ms | Participant=P02
1612,IBI out of range,Row 1612 | Timestamp: 1710812056246 ms | PPG(Green=1847924, Red=1847924, Ir=1847924) | ACC(X=-2.30643916130066, Y=-8.7491397857666, Z=3.34828853607178) | HR=81 bpm | IBI=0 ms | Participant=P02
1613,IBI out of range,Row 1613 | Timestamp: 1710812056286 ms | PPG(Green=1849134, Red=1849134, Ir=1849134) | ACC(X=-2.25135278701782, Y=-9.00062084197998, Z=3.4824116230011) | HR=80 bpm | IBI=0 ms | Participant=P02
1614,IBI out of range,Row 1614 | Timestamp: 1710812056326 ms | PPG(Green=1850618, Red=1850618, Ir=1850618) | ACC(X=-2.2776985168457, Y=-9.24252223968506, Z=3.44169569015503) | HR=79 bpm | IBI=0 ms | Participant=P02
1615,IBI out of range,Row 1615 | Timestamp: 1710812056366 ms | PPG(Green=1852206, Red=1852206, Ir=1852206) | ACC(X=-2.31841444969177, Y=-8.74674510955811, Z=3.15428900718689) | HR=78 bpm | IBI=0 ms | Participant=P02
1616,IBI out of range,Row 1616 | Timestamp: 1710812056406 ms | PPG(Green=1853635, Red=1853635, Ir=1853635) | ACC(X=-2.26572322845459, Y=-8.67728900909424, Z=3.42253518104553) | HR=77 bpm | IBI=0 ms | Participant=P02
1617,IBI out of range,Row 1617 | Timestamp: 1710812056447 ms | PPG(Green=1854720, Red=1854720, Ir=1854720) | ACC(X=-2.31362438201904, Y=-8.8377571105957, Z=3.34589338302612) | HR=76 bpm | IBI=0 ms | Participant=P02
1618,IBI out of range,Row 1618 | Timestamp: 1710812056486 ms | PPG(Green=1854925, Red=1854925, Ir=1854925) | ACC(X=-2.33996987342834, Y=-8.96469497680664, Z=3.30757260322571) | HR=76 bpm | IBI=0 ms | Participant=P02
1619,IBI out of range,Row 1619 | Timestamp: 1710812056526 ms | PPG(Green=1855494, Red=1855494, Ir=1855494) | ACC(X=-2.27290821075439, Y=-9.2808427810669, Z=3.44648575782776) | HR=76 bpm | IBI=0 ms | Participant=P02
1620,IBI out of range,Row 1620 | Timestamp: 1710812056567 ms | PPG(Green=1856179, Red=1856179, Ir=1856179) | ACC(X=-2.08609390258789, Y=-9.17067050933838, Z=3.41295504570007) | HR=76 bpm | IBI=0 ms | Participant=P02
1621,IBI out of range,Row 1621 | Timestamp: 1710812056607 ms | PPG(Green=1853968, Red=1853968, Ir=1853968) | ACC(X=-2.22500729560852, Y=-8.87607860565186, Z=3.19979500770569) | HR=75 bpm | IBI=0 ms | Participant=P02
1622,IBI out of range,Row 1622 | Timestamp: 1710812056648 ms | PPG(Green=1850225, Red=1850225, Ir=1850225) | ACC(X=-2.34475994110107, Y=-8.61741256713867, Z=3.47762155532837) | HR=74 bpm | IBI=0 ms | Participant=P02
1623,IBI out of range,Row 1623 | Timestamp: 1710812056687 ms | PPG(Green=1846919, Red=1846919, Ir=1846919) | ACC(X=-2.22500729560852, Y=-8.59585666656494, Z=3.51833748817444) | HR=74 bpm | IBI=0 ms | Participant=P02
1624,IBI out of range,Row 1624 | Timestamp: 1710812056727 ms | PPG(Green=1845285, Red=1845285, Ir=1845285) | ACC(X=-2.28727865219116, Y=-8.86889266967773, Z=3.21656036376953) | HR=73 bpm | IBI=0 ms | Participant=P02
1625,IBI out of range,Row 1625 | Timestamp: 1710812056767 ms | PPG(Green=1844531, Red=1844531, Ir=1844531) | ACC(X=-2.26811814308167, Y=-9.08444786071777, Z=3.56863379478455) | HR=73 bpm | IBI=0 ms | Participant=P02
1626,IBI out of range,Row 1626 | Timestamp: 1710812056807 ms | PPG(Green=1844804, Red=1844804, Ir=1844804) | ACC(X=-2.19147634506226, Y=-9.09642314910889, Z=3.51833748817444) | HR=74 bpm | IBI=0 ms | Participant=P02
1627,IBI out of range,Row 1627 | Timestamp: 1710812056848 ms | PPG(Green=1845475, Red=1845475, Ir=1845475) | ACC(X=-2.17710614204407, Y=-8.95750999450684, Z=3.47522664070129) | HR=74 bpm | IBI=0 ms | Participant=P02
1628,IBI out of range,Row 1628 | Timestamp: 1710812056888 ms | PPG(Green=1845868, Red=1845868, Ir=1845868) | ACC(X=-2.2776985168457, Y=-8.76830101013184, Z=3.372239112854) | HR=74 bpm | IBI=0 ms | Participant=P02
1629,IBI out of range,Row 1629 | Timestamp: 1710812056928 ms | PPG(Green=1846352, Red=1846352, Ir=1846352) | ACC(X=-2.24416756629944, Y=-8.90481853485107, Z=3.58539915084839) | HR=75 bpm | IBI=0 ms | Participant=P02
1630,IBI out of range,Row 1630 | Timestamp: 1710812056968 ms | PPG(Green=1847094, Red=1847094, Ir=1847094) | ACC(X=-2.27051329612732, Y=-8.84733772277832, Z=3.53510284423828) | HR=74 bpm | IBI=0 ms | Participant=P02
1631,IBI out of range,Row 1631 | Timestamp: 1710812057008 ms | PPG(Green=1848618, Red=1848618, Ir=1848618) | ACC(X=-2.26332807540894, Y=-8.97427558898926, Z=3.49917697906494) | HR=75 bpm | IBI=0 ms | Participant=P02
1632,IBI out of range,Row 1632 | Timestamp: 1710812057049 ms | PPG(Green=1850662, Red=1850662, Ir=1850662) | ACC(X=-2.28248858451843, Y=-8.92397975921631, Z=3.52312755584717) | HR=74 bpm | IBI=0 ms | Participant=P02
1633,IBI out of range,Row 1633 | Timestamp: 1710812057088 ms | PPG(Green=1853423, Red=1853423, Ir=1853423) | ACC(X=-2.26572322845459, Y=-8.81620216369629, Z=3.25488138198853) | HR=74 bpm | IBI=0 ms | Participant=P02
1634,IBI out of range,Row 1634 | Timestamp: 1710812057128 ms | PPG(Green=1856813, Red=1856813, Ir=1856813) | ACC(X=-2.304044008255, Y=-8.9215841293335, Z=3.38421440124512) | HR=73 bpm | IBI=0 ms | Participant=P02
1635,IBI out of range,Row 1635 | Timestamp: 1710812057168 ms | PPG(Green=1859963, Red=1859963, Ir=1859963) | ACC(X=-2.22500729560852, Y=-8.99822616577148, Z=3.40816497802734) | HR=72 bpm | IBI=0 ms | Participant=P02
1636,IBI out of range,Row 1636 | Timestamp: 1710812057209 ms | PPG(Green=1862770, Red=1862770, Ir=1862770) | ACC(X=-2.21542692184448, Y=-8.90960884094238, Z=3.48720169067383) | HR=72 bpm | IBI=0 ms | Participant=P02
1637,IBI out of range,Row 1637 | Timestamp: 1710812057249 ms | PPG(Green=1865001, Red=1865001, Ir=1865001) | ACC(X=-2.24895787239075, Y=-8.86410331726074, Z=3.43211555480957) | HR=71 bpm | IBI=0 ms | Participant=P02
1638,IBI out of range,Row 1638 | Timestamp: 1710812057289 ms | PPG(Green=1867251, Red=1867251, Ir=1867251) | ACC(X=-2.41182160377502, Y=-8.9263744354248, Z=3.40576982498169) | HR=71 bpm | IBI=0 ms | Participant=P02
1639,IBI out of range,Row 1639 | Timestamp: 1710812057329 ms | PPG(Green=1869334, Red=1869334, Ir=1869334) | ACC(X=-2.17471098899841, Y=-8.93355941772461, Z=3.4177451133728) | HR=72 bpm | IBI=0 ms | Participant=P02
1640,IBI out of range,Row 1640 | Timestamp: 1710812057369 ms | PPG(Green=1871279, Red=1871279, Ir=1871279) | ACC(X=-2.28488349914551, Y=-8.95271968841553, Z=3.43451046943665) | HR=73 bpm | IBI=0 ms | Participant=P02
1641,IBI out of range,Row 1641 | Timestamp: 1710812057409 ms | PPG(Green=1870957, Red=1870957, Ir=1870957) | ACC(X=-2.30164909362793, Y=-8.9120044708252, Z=3.51115226745605) | HR=74 bpm | IBI=0 ms | Participant=P02
1642,IBI out of range,Row 1642 | Timestamp: 1710812057450 ms | PPG(Green=1868653, Red=1868653, Ir=1868653) | ACC(X=-2.24177265167236, Y=-8.91439914703369, Z=3.34110331535339) | HR=73 bpm | IBI=0 ms | Participant=P02
1643,IBI out of range,Row 1643 | Timestamp: 1710812057489 ms | PPG(Green=1866678, Red=1866678, Ir=1866678) | ACC(X=-2.31122922897339, Y=-8.88805389404297, Z=3.45846104621887) | HR=72 bpm | IBI=0 ms | Participant=P02
1644,IBI out of range,Row 1644 | Timestamp: 1710812057530 ms | PPG(Green=1865821, Red=1865821, Ir=1865821) | ACC(X=-2.28248858451843, Y=-8.85931301116943, Z=3.46325135231018) | HR=71 bpm | IBI=0 ms | Participant=P02
1645,IBI out of range,Row 1645 | Timestamp: 1710812057570 ms | PPG(Green=1865682, Red=1865682, Ir=1865682) | ACC(X=-2.22500729560852, Y=-8.84015274047852, Z=3.35547375679016) | HR=71 bpm | IBI=0 ms | Participant=P02
1646,IBI out of range,Row 1646 | Timestamp: 1710812057610 ms | PPG(Green=1866276, Red=1866276, Ir=1866276) | ACC(X=-2.31122922897339, Y=-8.86649799346924, Z=3.40816497802734) | HR=71 bpm | IBI=0 ms | Participant=P02
1647,IBI out of range,Row 1647 | Timestamp: 1710812057651 ms | PPG(Green=1867376, Red=1867376, Ir=1867376) | ACC(X=-2.304044008255, Y=-8.86410331726074, Z=3.43211555480957) | HR=71 bpm | IBI=0 ms | Participant=P02
1648,IBI out of range,Row 1648 | Timestamp: 1710812057690 ms | PPG(Green=1868130, Red=1868130, Ir=1868130) | ACC(X=-2.26332807540894, Y=-8.94074440002441, Z=3.42014026641846) | HR=71 bpm | IBI=0 ms | Participant=P02
1649,IBI out of range,Row 1649 | Timestamp: 1710812057730 ms | PPG(Green=1868158, Red=1868158, Ir=1868158) | ACC(X=-2.30164909362793, Y=-8.93355941772461, Z=3.41295504570007) | HR=71 bpm | IBI=0 ms | Participant=P02
1650,IBI out of range,Row 1650 | Timestamp: 1710812057770 ms | PPG(Green=1868098, Red=1868098, Ir=1868098) | ACC(X=-2.32559967041016, Y=-8.95750999450684, Z=3.40337491035461) | HR=72 bpm | IBI=0 ms | Participant=P02
1651,IBI out of range,Row 1651 | Timestamp: 1710812057811 ms | PPG(Green=1868442, Red=1868442, Ir=1868442) | ACC(X=-2.26093292236328, Y=-8.86649799346924, Z=3.41535019874573) | HR=72 bpm | IBI=0 ms | Participant=P02
1652,IBI out of range,Row 1652 | Timestamp: 1710812057851 ms | PPG(Green=1869017, Red=1869017, Ir=1869017) | ACC(X=-2.21063685417175, Y=-8.919189453125, Z=3.40097975730896) | HR=72 bpm | IBI=0 ms | Participant=P02
1653,IBI out of range,Row 1653 | Timestamp: 1710812057891 ms | PPG(Green=1869786, Red=1869786, Ir=1869786) | ACC(X=-2.24656271934509, Y=-8.84494209289551, Z=3.42014026641846) | HR=73 bpm | IBI=0 ms | Participant=P02
1654,IBI out of range,Row 1654 | Timestamp: 1710812057931 ms | PPG(Green=1870934, Red=1870934, Ir=1870934) | ACC(X=-2.16513085365295, Y=-8.84494209289551, Z=3.52791786193848) | HR=73 bpm | IBI=0 ms | Participant=P02
1655,IBI out of range,Row 1655 | Timestamp: 1710812057971 ms | PPG(Green=1872471, Red=1872471, Ir=1872471) | ACC(X=-2.23698258399963, Y=-9.25210189819336, Z=3.39858484268188) | HR=74 bpm | IBI=0 ms | Participant=P02
1656,IBI out of range,Row 1656 | Timestamp: 1710812058011 ms | PPG(Green=1874060, Red=1874060, Ir=1874060) | ACC(X=-2.09327912330627, Y=-8.94314002990723, Z=3.48001670837402) | HR=74 bpm | IBI=0 ms | Participant=P02
1657,IBI out of range,Row 1657 | Timestamp: 1710812058052 ms | PPG(Green=1875597, Red=1875597, Ir=1875597) | ACC(X=-2.07411861419678, Y=-9.27605247497559, Z=3.32433795928955) | HR=74 bpm | IBI=0 ms | Participant=P02
1658,IBI out of range,Row 1658 | Timestamp: 1710812058092 ms | PPG(Green=1877099, Red=1877099, Ir=1877099) | ACC(X=-2.14836549758911, Y=-9.48921298980713, Z=2.82616639137268) | HR=74 bpm | IBI=0 ms | Participant=P02
1659,IBI out of range,Row 1659 | Timestamp: 1710812058132 ms | PPG(Green=1878790, Red=1878790, Ir=1878790) | ACC(X=-2.10285925865173, Y=-9.08444786071777, Z=2.55073475837708) | HR=74 bpm | IBI=0 ms | Participant=P02
1660,IBI out of range,Row 1660 | Timestamp: 1710812058172 ms | PPG(Green=1880609, Red=1880609, Ir=1880609) | ACC(X=-1.85137844085693, Y=-10.6388397216797, Z=2.4142165184021) | HR=73 bpm | IBI=0 ms | Participant=P02
1661,IBI out of range,Row 1661 | Timestamp: 1710812058212 ms | PPG(Green=1880320, Red=1880320, Ir=1880320) | ACC(X=-1.36278700828552, Y=-10.3107166290283, Z=1.90167462825775) | HR=73 bpm | IBI=0 ms | Participant=P02
1662,IBI out of range,Row 1662 | Timestamp: 1710812058253 ms | PPG(Green=1878487, Red=1878487, Ir=1878487) | ACC(X=-0.289801806211472, Y=-10.1837787628174, Z=1.97113120555878) | HR=73 bpm | IBI=0 ms | Participant=P02
1663,IBI out of range,Row 1663 | Timestamp: 1710812058292 ms | PPG(Green=1877300, Red=1877300, Ir=1877300) | ACC(X=-2.04298281669617, Y=-9.01259613037109, Z=1.3388364315033) | HR=73 bpm | IBI=0 ms | Participant=P02
1664,IBI out of range,Row 1664 | Timestamp: 1710812058332 ms | PPG(Green=1876985, Red=1876985, Ir=1876985) | ACC(X=-1.91364991664886, Y=-9.43173122406006, Z=0.699356436729431) | HR=74 bpm | IBI=0 ms | Participant=P02
1665,IBI out of range,Row 1665 | Timestamp: 1710812058372 ms | PPG(Green=1877780, Red=1877780, Ir=1877780) | ACC(X=-2.342365026474, Y=-8.06654930114746, Z=1.26698470115662) | HR=74 bpm | IBI=0 ms | Participant=P02
1666,IBI out of range,Row 1666 | Timestamp: 1710812058412 ms | PPG(Green=1879361, Red=1879361, Ir=1879361) | ACC(X=-2.93394374847412, Y=-6.86662626266479, Z=1.72444045543671) | HR=73 bpm | IBI=0 ms | Participant=P02
1667,IBI out of range,Row 1667 | Timestamp: 1710812058453 ms | PPG(Green=1880728, Red=1880728, Ir=1880728) | ACC(X=-2.82616639137268, Y=-7.89171028137207, Z=2.09327912330627) | HR=73 bpm | IBI=0 ms | Participant=P02
1668,IBI out of range,Row 1668 | Timestamp: 1710812058493 ms | PPG(Green=1881926, Red=1881926, Ir=1881926) | ACC(X=-5.09428453445435, Y=-6.57921934127808, Z=2.43577218055725) | HR=73 bpm | IBI=0 ms | Participant=P02
1669,IBI out of range,Row 1669 | Timestamp: 1710812058533 ms | PPG(Green=1882003, Red=1882003, Ir=1882003) | ACC(X=-4.23685455322266, Y=-7.3767728805542, Z=3.8488552570343) | HR=72 bpm | IBI=0 ms | Participant=P02
1670,IBI out of range,Row 1670 | Timestamp: 1710812058573 ms | PPG(Green=1881734, Red=1881734, Ir=1881734) | ACC(X=-5.34337043762207, Y=-7.41030406951904, Z=3.92310214042664) | HR=73 bpm | IBI=0 ms | Participant=P02
1671,IBI out of range,Row 1671 | Timestamp: 1710812058613 ms | PPG(Green=1880917, Red=1880917, Ir=1880917) | ACC(X=-4.22727394104004, Y=-7.00074911117554, Z=4.03806495666504) | HR=73 bpm | IBI=0 ms | Participant=P02
1672,IBI out of range,Row 1672 | Timestamp: 1710812058654 ms | PPG(Green=1879922, Red=1879922, Ir=1879922) | ACC(X=-3.83687996864319, Y=-6.81153964996338, Z=5.02482795715332) | HR=74 bpm | IBI=0 ms | Participant=P02
1673,IBI out of range,Row 1673 | Timestamp: 1710812058693 ms | PPG(Green=1880211, Red=1880211, Ir=1880211) | ACC(X=-2.7998206615448, Y=-7.30252647399902, Z=5.54216003417969) | HR=74 bpm | IBI=0 ms | Participant=P02
1674,IBI out of range,Row 1674 | Timestamp: 1710812058733 ms | PPG(Green=1881246, Red=1881246, Ir=1881246) | ACC(X=-2.73275899887085, Y=-7.82464838027954, Z=4.94579124450684) | HR=74 bpm | IBI=0 ms | Participant=P02
1675,IBI out of range,Row 1675 | Timestamp: 1710812058773 ms | PPG(Green=1882177, Red=1882177, Ir=1882177) | ACC(X=-2.9794499874115, Y=-11.2423934936523, Z=3.32433795928955) | HR=74 bpm | IBI=0 ms | Participant=P02
1676,IBI out of range,Row 1676 | Timestamp: 1710812058813 ms | PPG(Green=1883722, Red=1883722, Ir=1883722) | ACC(X=-2.22261214256287, Y=-9.31916332244873, Z=3.45846104621887) | HR=74 bpm | IBI=0 ms | Participant=P02
1677,IBI out of range,Row 1677 | Timestamp: 1710812058854 ms | PPG(Green=1884651, Red=1884651, Ir=1884651) | ACC(X=-2.51959919929504, Y=-12.4423170089722, Z=2.49804353713989) | HR=74 bpm | IBI=0 ms | Participant=P02
1678,IBI out of range,Row 1678 | Timestamp: 1710812058893 ms | PPG(Green=1886641, Red=1886641, Ir=1886641) | ACC(X=-2.05735325813293, Y=-6.8738112449646, Z=4.60090303421021) | HR=74 bpm | IBI=0 ms | Participant=P02
1679,IBI out of range,Row 1679 | Timestamp: 1710812058933 ms | PPG(Green=1887391, Red=1887391, Ir=1887391) | ACC(X=-2.55073475837708, Y=-4.97213649749756, Z=4.80448293685913) | HR=75 bpm | IBI=0 ms | Participant=P02
1680,IBI out of range,Row 1680 | Timestamp: 1710812058973 ms | PPG(Green=1886893, Red=1886893, Ir=1886893) | ACC(X=-1.96394610404968, Y=-5.60203647613525, Z=4.5122857093811) | HR=75 bpm | IBI=0 ms | Participant=P02
1681,IBI out of range,Row 1681 | Timestamp: 1710812059014 ms | PPG(Green=1885420, Red=1885420, Ir=1885420) | ACC(X=-1.30051553249359, Y=-7.76716709136963, Z=3.02735090255737) | HR=75 bpm | IBI=0 ms | Participant=P02
1682,IBI out of range,Row 1682 | Timestamp: 1710812059054 ms | PPG(Green=1882662, Red=1882662, Ir=1882662) | ACC(X=-0.107777528464794, Y=-10.4304695129395, Z=3.07764720916748) | HR=74 bpm | IBI=0 ms | Participant=P02
1683,IBI out of range,Row 1683 | Timestamp: 1710812059094 ms | PPG(Green=1879939, Red=1879939, Ir=1879939) | ACC(X=-0.603554129600525, Y=-8.85452270507813, Z=3.96142292022705) | HR=73 bpm | IBI=0 ms | Participant=P02
1684,IBI out of range,Row 1684 | Timestamp: 1710812059134 ms | PPG(Green=1878704, Red=1878704, Ir=1878704) | ACC(X=0.105382472276688, Y=-13.6374502182007, Z=1.04663956165314) | HR=73 bpm | IBI=0 ms | Participant=P02
1685,IBI out of range,Row 1685 | Timestamp: 1710812059174 ms | PPG(Green=1879034, Red=1879034, Ir=1879034) | ACC(X=0.967602729797363, Y=-13.6302652359009, Z=-1.5903172492981) | HR=72 bpm | IBI=0 ms | Participant=P02
1686,IBI out of range,Row 1686 | Timestamp: 1710812059214 ms | PPG(Green=1882180, Red=1882180, Ir=1882180) | ACC(X=1.32686114311218, Y=-8.57430076599121, Z=-0.141308307647705) | HR=73 bpm | IBI=0 ms | Participant=P02
1687,IBI out of range,Row 1687 | Timestamp: 1710812059255 ms | PPG(Green=1887251, Red=1887251, Ir=1887251) | ACC(X=1.79389703273773, Y=-6.27983713150024, Z=-0.792763590812683) | HR=73 bpm | IBI=0 ms | Participant=P02
1688,IBI out of range,Row 1688 | Timestamp: 1710812059294 ms | PPG(Green=1890033, Red=1890033, Ir=1890033) | ACC(X=2.75191950798035, Y=-8.81620216369629, Z=-3.68359637260437) | HR=74 bpm | IBI=0 ms | Participant=P02
1689,IBI out of range,Row 1689 | Timestamp: 1710812059334 ms | PPG(Green=1889416, Red=1889416, Ir=1889416) | ACC(X=2.77826523780823, Y=-9.63770580291748, Z=-6.54089832305908) | HR=74 bpm | IBI=0 ms | Participant=P02
1690,IBI out of range,Row 1690 | Timestamp: 1710812059374 ms | PPG(Green=1888600, Red=1888600, Ir=1888600) | ACC(X=3.68120145797729, Y=-10.5933332443237, Z=-8.46652317047119) | HR=74 bpm | IBI=0 ms | Participant=P02
1691,IBI out of range,Row 1691 | Timestamp: 1710812059414 ms | PPG(Green=1888215, Red=1888215, Ir=1888215) | ACC(X=3.23572087287903, Y=-8.82578182220459, Z=-7.41269874572754) | HR=74 bpm | IBI=0 ms | Participant=P02
1692,IBI out of range,Row 1692 | Timestamp: 1710812059455 ms | PPG(Green=1888357, Red=1888357, Ir=1888357) | ACC(X=2.88604259490967, Y=-7.55400705337524, Z=-3.80095410346985) | HR=74 bpm | IBI=0 ms | Participant=P02
1693,IBI out of range,Row 1693 | Timestamp: 1710812059495 ms | PPG(Green=1891570, Red=1891570, Ir=1891570) | ACC(X=2.47169804573059, Y=-8.13600540161133, Z=-3.08243727684021) | HR=75 bpm | IBI=0 ms | Participant=P02
1694,IBI out of range,Row 1694 | Timestamp: 1710812059535 ms | PPG(Green=1899354, Red=1899354, Ir=1899354) | ACC(X=2.14597034454346, Y=-8.93355941772461, Z=-3.24051094055176) | HR=75 bpm | IBI=0 ms | Participant=P02
1695,IBI out of range,Row 1695 | Timestamp: 1710812059575 ms | PPG(Green=1903802, Red=1903802, Ir=1903802) | ACC(X=2.12920498847961, Y=-9.1155834197998, Z=-3.8680157661438) | HR=75 bpm | IBI=0 ms | Participant=P02
1696,IBI out of range,Row 1696 | Timestamp: 1710812059615 ms | PPG(Green=1906313, Red=1906313, Ir=1906313) | ACC(X=2.24177265167236, Y=-8.57190608978271, Z=-4.0476450920105) | HR=75 bpm | IBI=0 ms | Participant=P02
1697,IBI out of range,Row 1697 | Timestamp: 1710812059656 ms | PPG(Green=1910873, Red=1910873, Ir=1910873) | ACC(X=2.1818962097168, Y=-8.77309036254883, Z=-3.86083054542542) | HR=75 bpm | IBI=0 ms | Participant=P02
1698,IBI out of range,Row 1698 | Timestamp: 1710812059695 ms | PPG(Green=1917596, Red=1917596, Ir=1917596) | ACC(X=2.20584678649902, Y=-9.06528759002686, Z=-3.76023817062378) | HR=75 bpm | IBI=0 ms | Participant=P02
1699,IBI out of range,Row 1699 | Timestamp: 1710812059735 ms | PPG(Green=1923366, Red=1923366, Ir=1923366) | ACC(X=2.20105671882629, Y=-8.91439914703369, Z=-3.65246057510376) | HR=75 bpm | IBI=0 ms | Participant=P02
1700,IBI out of range,Row 1700 | Timestamp: 1710812059775 ms | PPG(Green=1927352, Red=1927352, Ir=1927352) | ACC(X=2.06932854652405, Y=-8.89284324645996, Z=-3.4369056224823) | HR=75 bpm | IBI=0 ms | Participant=P02
1701,IBI out of range,Row 1701 | Timestamp: 1710812059815 ms | PPG(Green=1929663, Red=1929663, Ir=1929663) | ACC(X=2.11243963241577, Y=-8.8305721282959, Z=-3.44409084320068) | HR=76 bpm | IBI=0 ms | Participant=P02
1702,IBI out of range,Row 1702 | Timestamp: 1710812059856 ms | PPG(Green=1931573, Red=1931573, Ir=1931573) | ACC(X=2.17471098899841, Y=-8.79943656921387, Z=-3.48720169067383) | HR=76 bpm | IBI=0 ms | Participant=P02
1703,IBI out of range,Row 1703 | Timestamp: 1710812059895 ms | PPG(Green=1933750, Red=1933750, Ir=1933750) | ACC(X=2.22261214256287, Y=-8.94553470611572, Z=-3.71233701705933) | HR=75 bpm | IBI=0 ms | Participant=P02
1704,IBI out of range,Row 1704 | Timestamp: 1710812059935 ms | PPG(Green=1936580, Red=1936580, Ir=1936580) | ACC(X=2.07890868186951, Y=-8.85931301116943, Z=-3.75065803527832) | HR=75 bpm | IBI=0 ms | Participant=P02
1705,IBI out of range,Row 1705 | Timestamp: 1710812059976 ms | PPG(Green=1939297, Red=1939297, Ir=1939297) | ACC(X=2.03340268135071, Y=-8.83296680450439, Z=-3.6883864402771) | HR=75 bpm | IBI=0 ms | Participant=P02
1706,IBI out of range,Row 1706 | Timestamp: 1710812060016 ms | PPG(Green=1942671, Red=1942671, Ir=1942671) | ACC(X=2.05974841117859, Y=-8.9215841293335, Z=-3.45846104621887) | HR=74 bpm | IBI=0 ms | Participant=P02
1707,IBI out of range,Row 1707 | Timestamp: 1710812060056 ms | PPG(Green=1946122, Red=1946122, Ir=1946122) | ACC(X=2.01663732528686, Y=-8.93355941772461, Z=-3.58779406547546) | HR=73 bpm | IBI=0 ms | Participant=P02
1708,IBI out of range,Row 1708 | Timestamp: 1710812060096 ms | PPG(Green=1948492, Red=1948492, Ir=1948492) | ACC(X=1.99029171466827, Y=-8.93355941772461, Z=-3.82490468025208) | HR=73 bpm | IBI=0 ms | Participant=P02
1709,IBI out of range,Row 1709 | Timestamp: 1710812060136 ms | PPG(Green=1950429, Red=1950429, Ir=1950429) | ACC(X=2.136390209198, Y=-8.83296680450439, Z=-3.69796681404114) | HR=73 bpm | IBI=0 ms | Participant=P02
1710,IBI out of range,Row 1710 | Timestamp: 1710812060176 ms | PPG(Green=1952273, Red=1952273, Ir=1952273) | ACC(X=2.16513085365295, Y=-8.88805389404297, Z=-3.83208990097046) | HR=74 bpm | IBI=0 ms | Participant=P02
1711,IBI out of range,Row 1711 | Timestamp: 1710812060216 ms | PPG(Green=1954287, Red=1954287, Ir=1954287) | ACC(X=1.96873617172241, Y=-8.9287691116333, Z=-3.95663285255432) | HR=75 bpm | IBI=0 ms | Participant=P02
1712,IBI out of range,Row 1712 | Timestamp: 1710812060257 ms | PPG(Green=1956670, Red=1956670, Ir=1956670) | ACC(X=2.04777312278748, Y=-8.90721416473389, Z=-3.70515203475952) | HR=75 bpm | IBI=0 ms | Participant=P02
1713,IBI out of range,Row 1713 | Timestamp: 1710812060296 ms | PPG(Green=1958945, Red=1958945, Ir=1958945) | ACC(X=1.92323017120361, Y=-8.75153541564941, Z=-3.64527559280396) | HR=75 bpm | IBI=0 ms | Participant=P02
1714,IBI out of range,Row 1714 | Timestamp: 1710812060336 ms | PPG(Green=1961691, Red=1961691, Ir=1961691) | ACC(X=1.88251411914825, Y=-8.88326358795166, Z=-3.62132501602173) | HR=75 bpm | IBI=0 ms | Participant=P02
1715,IBI out of range,Row 1715 | Timestamp: 1710812060376 ms | PPG(Green=1964312, Red=1964312, Ir=1964312) | ACC(X=1.93999552726746, Y=-8.78506565093994, Z=-3.76023817062378) | HR=74 bpm | IBI=0 ms | Participant=P02
1716,IBI out of range,Row 1716 | Timestamp: 1710812060417 ms | PPG(Green=1966777, Red=1966777, Ir=1966777) | ACC(X=2.00466203689575, Y=-9.00541114807129, Z=-3.89675641059875) | HR=73 bpm | IBI=0 ms | Participant=P02
1717,IBI out of range,Row 1717 | Timestamp: 1710812060457 ms | PPG(Green=1969203, Red=1969203, Ir=1969203) | ACC(X=2.15555047988892, Y=-8.85452270507813, Z=-3.5518684387207) | HR=72 bpm | IBI=0 ms | Participant=P02
1718,IBI out of range,Row 1718 | Timestamp: 1710812060497 ms | PPG(Green=1969960, Red=1969960, Ir=1969960) | ACC(X=2.15555047988892, Y=-8.79225158691406, Z=-3.54947328567505) | HR=71 bpm | IBI=0 ms | Participant=P02
1719,IBI out of range,Row 1719 | Timestamp: 1710812060537 ms | PPG(Green=1968677, Red=1968677, Ir=1968677) | ACC(X=2.10525441169739, Y=-9.01499176025391, Z=-3.88957118988037) | HR=72 bpm | IBI=0 ms | Participant=P02
1720,IBI out of range,Row 1720 | Timestamp: 1710812060577 ms | PPG(Green=1967499, Red=1967499, Ir=1967499) | ACC(X=1.995081782341, Y=-8.8305721282959, Z=-3.69078159332275) | HR=72 bpm | IBI=0 ms | Participant=P02
1721,IBI out of range,Row 1721 | Timestamp: 1710812060617 ms | PPG(Green=1966608, Red=1966608, Ir=1966608) | ACC(X=1.93520545959473, Y=-8.88326358795166, Z=-3.62851023674011) | HR=74 bpm | IBI=0 ms | Participant=P02
1722,IBI out of range,Row 1722 | Timestamp: 1710812060658 ms | PPG(Green=1966630, Red=1966630, Ir=1966630) | ACC(X=1.9112548828125, Y=-8.96230030059814, Z=-3.75544810295105) | HR=75 bpm | IBI=0 ms | Participant=P02
1723,IBI out of range,Row 1723 | Timestamp: 1710812060697 ms | PPG(Green=1967559, Red=1967559, Ir=1967559) | ACC(X=1.99987196922302, Y=-8.90242385864258, Z=-3.63809037208557) | HR=75 bpm | IBI=0 ms | Participant=P02
1724,IBI out of range,Row 1724 | Timestamp: 1710812060737 ms | PPG(Green=1968723, Red=1968723, Ir=1968723) | ACC(X=2.05735325813293, Y=-8.90721416473389, Z=-3.58060908317566) | HR=75 bpm | IBI=0 ms | Participant=P02
1725,IBI out of range,Row 1725 | Timestamp: 1710812060777 ms | PPG(Green=1970011, Red=1970011, Ir=1970011) | ACC(X=1.9759213924408, Y=-8.85691738128662, Z=-3.69317674636841) | HR=75 bpm | IBI=0 ms | Participant=P02
1726,IBI out of range,Row 1726 | Timestamp: 1710812060818 ms | PPG(Green=1970732, Red=1970732, Ir=1970732) | ACC(X=2.01424217224121, Y=-8.87128829956055, Z=-3.76023817062378) | HR=75 bpm | IBI=0 ms | Participant=P02
1727,IBI out of range,Row 1727 | Timestamp: 1710812060858 ms | PPG(Green=1971197, Red=1971197, Ir=1971197) | ACC(X=2.03100776672363, Y=-8.88086795806885, Z=-3.69078159332275) | HR=74 bpm | IBI=0 ms | Participant=P02
1728,IBI out of range,Row 1728 | Timestamp: 1710812060898 ms | PPG(Green=1972090, Red=1972090, Ir=1972090) | ACC(X=1.93520545959473, Y=-8.87607860565186, Z=-3.72910237312317) | HR=74 bpm | IBI=0 ms | Participant=P02
1729,IBI out of range,Row 1729 | Timestamp: 1710812060938 ms | PPG(Green=1973255, Red=1973255, Ir=1973255) | ACC(X=2.00466203689575, Y=-8.94074440002441, Z=-3.66443586349487) | HR=73 bpm | IBI=0 ms | Participant=P02
1730,IBI out of range,Row 1730 | Timestamp: 1710812060978 ms | PPG(Green=1974782, Red=1974782, Ir=1974782) | ACC(X=2.03819274902344, Y=-8.81859683990479, Z=-3.69317674636841) | HR=74 bpm | IBI=0 ms | Participant=P02
1731,IBI out of range,Row 1731 | Timestamp: 1710812061018 ms | PPG(Green=1976629, Red=1976629, Ir=1976629) | ACC(X=1.9759213924408, Y=-8.84973239898682, Z=-3.72191739082336) | HR=75 bpm | IBI=0 ms | Participant=P02
1732,IBI out of range,Row 1732 | Timestamp: 1710812061059 ms | PPG(Green=1978671, Red=1978671, Ir=1978671) | ACC(X=1.96394610404968, Y=-8.86170768737793, Z=-3.73628759384155) | HR=76 bpm | IBI=0 ms | Participant=P02
1733,IBI out of range,Row 1733 | Timestamp: 1710812061098 ms | PPG(Green=1980518, Red=1980518, Ir=1980518) | ACC(X=1.89927959442139, Y=-8.95511531829834, Z=-3.76742339134216) | HR=76 bpm | IBI=0 ms | Participant=P02
1734,IBI out of range,Row 1734 | Timestamp: 1710812061138 ms | PPG(Green=1982518, Red=1982518, Ir=1982518) | ACC(X=1.93760049343109, Y=-8.85212802886963, Z=-3.76263332366943) | HR=76 bpm | IBI=0 ms | Participant=P02
1735,IBI out of range,Row 1735 | Timestamp: 1710812061178 ms | PPG(Green=1984450, Red=1984450, Ir=1984450) | ACC(X=1.96634113788605, Y=-8.84015274047852, Z=-3.76502823829651) | HR=76 bpm | IBI=0 ms | Participant=P02
1736,IBI out of range,Row 1736 | Timestamp: 1710812061218 ms | PPG(Green=1985787, Red=1985787, Ir=1985787) | ACC(X=1.97831642627716, Y=-8.88086795806885, Z=-3.76981854438782) | HR=75 bpm | IBI=0 ms | Participant=P02
1737,IBI out of range,Row 1737 | Timestamp: 1710812061259 ms | PPG(Green=1984609, Red=1984609, Ir=1984609) | ACC(X=1.98310649394989, Y=-8.81141185760498, Z=-3.68120145797729) | HR=74 bpm | IBI=0 ms | Participant=P02
1738,IBI out of range,Row 1738 | Timestamp: 1710812061299 ms | PPG(Green=1982375, Red=1982375, Ir=1982375) | ACC(X=1.9567608833313, Y=-8.93355941772461, Z=-3.76023817062378) | HR=74 bpm | IBI=0 ms | Participant=P02
1739,IBI out of range,Row 1739 | Timestamp: 1710812061339 ms | PPG(Green=1980826, Red=1980826, Ir=1980826) | ACC(X=1.95436584949493, Y=-8.90002918243408, Z=-3.57102870941162) | HR=73 bpm | IBI=0 ms | Participant=P02
1740,IBI out of range,Row 1740 | Timestamp: 1710812061379 ms | PPG(Green=1979746, Red=1979746, Ir=1979746) | ACC(X=1.88011908531189, Y=-8.97188091278076, Z=-3.7578432559967) | HR=73 bpm | IBI=0 ms | Participant=P02
1741,IBI out of range,Row 1741 | Timestamp: 1710812061419 ms | PPG(Green=1979497, Red=1979497, Ir=1979497) | ACC(X=2.05256319046021, Y=-8.95271968841553, Z=-3.40097975730896) | HR=74 bpm | IBI=0 ms | Participant=P02
1742,IBI out of range,Row 1742 | Timestamp: 1710812061460 ms | PPG(Green=1979518, Red=1979518, Ir=1979518) | ACC(X=2.02142739295959, Y=-8.92397975921631, Z=-3.52552270889282) | HR=74 bpm | IBI=0 ms | Participant=P02
1743,IBI out of range,Row 1743 | Timestamp: 1710812061499 ms | PPG(Green=1979941, Red=1979941, Ir=1979941) | ACC(X=2.00466203689575, Y=-8.97667026519775, Z=-3.50875735282898) | HR=75 bpm | IBI=0 ms | Participant=P02
1744,IBI out of range,Row 1744 | Timestamp: 1710812061539 ms | PPG(Green=1980367, Red=1980367, Ir=1980367) | ACC(X=1.97831642627716, Y=-9.03894233703613, Z=-3.48480677604675) | HR=76 bpm | IBI=0 ms | Participant=P02
1745,IBI out of range,Row 1745 | Timestamp: 1710812061579 ms | PPG(Green=1980495, Red=1980495, Ir=1980495) | ACC(X=2.02861261367798, Y=-9.07486820220947, Z=-3.23811602592468) | HR=76 bpm | IBI=0 ms | Participant=P02
1746,IBI out of range,Row 1746 | Timestamp: 1710812061620 ms | PPG(Green=1980974, Red=1980974, Ir=1980974) | ACC(X=1.92562520503998, Y=-8.85212802886963, Z=-3.02974605560303) | HR=76 bpm | IBI=0 ms | Participant=P02
1747,IBI out of range,Row 1747 | Timestamp: 1710812061661 ms | PPG(Green=1982716, Red=1982716, Ir=1982716) | ACC(X=2.00945210456848, Y=-9.09163284301758, Z=-3.57102870941162) | HR=75 bpm | IBI=0 ms | Participant=P02
1748,IBI out of range,Row 1748 | Timestamp: 1710812061700 ms | PPG(Green=1984425, Red=1984425, Ir=1984425) | ACC(X=2.136390209198, Y=-8.80183124542236, Z=-3.38900446891785) | HR=74 bpm | IBI=0 ms | Participant=P02
1749,IBI out of range,Row 1749 | Timestamp: 1710812061740 ms | PPG(Green=1984820, Red=1984820, Ir=1984820) | ACC(X=2.2082417011261, Y=-8.82578182220459, Z=-3.28122687339783) | HR=73 bpm | IBI=0 ms | Participant=P02
1750,IBI out of range,Row 1750 | Timestamp: 1710812061780 ms | PPG(Green=1985907, Red=1985907, Ir=1985907) | ACC(X=2.1172297000885, Y=-9.11079406738281, Z=-3.49917697906494) | HR=73 bpm | IBI=0 ms | Participant=P02
1751,IBI out of range,Row 1751 | Timestamp: 1710812061820 ms | PPG(Green=1986989, Red=1986989, Ir=1986989) | ACC(X=2.1172297000885, Y=-8.97906589508057, Z=-3.60934972763062) | HR=73 bpm | IBI=0 ms | Participant=P02
1752,IBI out of range,Row 1752 | Timestamp: 1710812061861 ms | PPG(Green=1986987, Red=1986987, Ir=1986987) | ACC(X=2.02142739295959, Y=-9.00541114807129, Z=-3.31715273857117) | HR=74 bpm | IBI=0 ms | Participant=P02
1753,IBI out of range,Row 1753 | Timestamp: 1710812061900 ms | PPG(Green=1987020, Red=1987020, Ir=1987020) | ACC(X=2.04777312278748, Y=-8.95750999450684, Z=-3.4177451133728) | HR=74 bpm | IBI=0 ms | Participant=P02
1754,IBI out of range,Row 1754 | Timestamp: 1710812061940 ms | PPG(Green=1987759, Red=1987759, Ir=1987759) | ACC(X=2.04777312278748, Y=-8.97906589508057, Z=-3.47762155532837) | HR=74 bpm | IBI=0 ms | Participant=P02
1755,IBI out of range,Row 1755 | Timestamp: 1710812061981 ms | PPG(Green=1987595, Red=1987595, Ir=1987595) | ACC(X=2.08130383491516, Y=-8.9215841293335, Z=-3.46564626693726) | HR=74 bpm | IBI=0 ms | Participant=P02
1756,IBI out of range,Row 1756 | Timestamp: 1710812062021 ms | PPG(Green=1985172, Red=1985172, Ir=1985172) | ACC(X=2.13399505615234, Y=-9.00541114807129, Z=-3.55665850639343) | HR=73 bpm | IBI=0 ms | Participant=P02
1757,IBI out of range,Row 1757 | Timestamp: 1710812062062 ms | PPG(Green=1982696, Red=1982696, Ir=1982696) | ACC(X=2.10525441169739, Y=-8.89044857025146, Z=-3.48720169067383) | HR=73 bpm | IBI=0 ms | Participant=P02
1758,IBI out of range,Row 1758 | Timestamp: 1710812062101 ms | PPG(Green=1981140, Red=1981140, Ir=1981140) | ACC(X=2.03819274902344, Y=-8.90481853485107, Z=-3.48480677604675) | HR=73 bpm | IBI=0 ms | Participant=P02
1759,IBI out of range,Row 1759 | Timestamp: 1710812062141 ms | PPG(Green=1980553, Red=1980553, Ir=1980553) | ACC(X=1.98071146011353, Y=-8.88326358795166, Z=-3.53031277656555) | HR=72 bpm | IBI=0 ms | Participant=P02
1760,IBI out of range,Row 1760 | Timestamp: 1710812062181 ms | PPG(Green=1980809, Red=1980809, Ir=1980809) | ACC(X=2.04537796974182, Y=-8.9120044708252, Z=-3.65006566047669) | HR=73 bpm | IBI=0 ms | Participant=P02
1761,IBI out of range,Row 1761 | Timestamp: 1710812062221 ms | PPG(Green=1981306, Red=1981306, Ir=1981306) | ACC(X=2.12920498847961, Y=-8.99822616577148, Z=-3.57102870941162) | HR=73 bpm | IBI=0 ms | Participant=P02
1762,IBI out of range,Row 1762 | Timestamp: 1710812062262 ms | PPG(Green=1981836, Red=1981836, Ir=1981836) | ACC(X=2.15315556526184, Y=-8.89284324645996, Z=-3.51594257354736) | HR=74 bpm | IBI=0 ms | Participant=P02
1763,IBI out of range,Row 1763 | Timestamp: 1710812062301 ms | PPG(Green=1982468, Red=1982468, Ir=1982468) | ACC(X=2.13399505615234, Y=-8.90242385864258, Z=-3.58300399780273) | HR=74 bpm | IBI=0 ms | Participant=P02
1764,IBI out of range,Row 1764 | Timestamp: 1710812062342 ms | PPG(Green=1982773, Red=1982773, Ir=1982773) | ACC(X=2.18429136276245, Y=-8.97667026519775, Z=-3.5518684387207) | HR=75 bpm | IBI=0 ms | Participant=P02
1765,IBI out of range,Row 1765 | Timestamp: 1710812062382 ms | PPG(Green=1983109, Red=1983109, Ir=1983109) | ACC(X=2.09088397026062, Y=-8.98146057128906, Z=-3.57581877708435) | HR=74 bpm | IBI=0 ms | Participant=P02
1766,IBI out of range,Row 1766 | Timestamp: 1710812062422 ms | PPG(Green=1983749, Red=1983749, Ir=1983749) | ACC(X=2.12441492080688, Y=-8.88086795806885, Z=-3.55665850639343) | HR=74 bpm | IBI=0 ms | Participant=P02
1767,IBI out of range,Row 1767 | Timestamp: 1710812062463 ms | PPG(Green=1984764, Red=1984764, Ir=1984764) | ACC(X=2.08609390258789, Y=-8.86170768737793, Z=-3.58779406547546) | HR=73 bpm | IBI=0 ms | Participant=P02
1768,IBI out of range,Row 1768 | Timestamp: 1710812062502 ms | PPG(Green=1986275, Red=1986275, Ir=1986275) | ACC(X=2.08609390258789, Y=-8.84015274047852, Z=-3.66443586349487) | HR=73 bpm | IBI=0 ms | Participant=P02
1769,IBI out of range,Row 1769 | Timestamp: 1710812062542 ms | PPG(Green=1987850, Red=1987850, Ir=1987850) | ACC(X=2.10764932632446, Y=-8.87368297576904, Z=-3.69557166099548) | HR=73 bpm | IBI=0 ms | Participant=P02
1770,IBI out of range,Row 1770 | Timestamp: 1710812062582 ms | PPG(Green=1989561, Red=1989561, Ir=1989561) | ACC(X=2.17231607437134, Y=-8.88326358795166, Z=-3.69557166099548) | HR=73 bpm | IBI=0 ms | Participant=P02
1771,IBI out of range,Row 1771 | Timestamp: 1710812062622 ms | PPG(Green=1991350, Red=1991350, Ir=1991350) | ACC(X=2.22979736328125, Y=-8.91439914703369, Z=-3.68599152565002) | HR=73 bpm | IBI=0 ms | Participant=P02
1772,IBI out of range,Row 1772 | Timestamp: 1710812062663 ms | PPG(Green=1993200, Red=1993200, Ir=1993200) | ACC(X=2.136390209198, Y=-8.78027629852295, Z=-3.67401623725891) | HR=73 bpm | IBI=0 ms | Participant=P02
1773,IBI out of range,Row 1773 | Timestamp: 1710812062703 ms | PPG(Green=1994897, Red=1994897, Ir=1994897) | ACC(X=2.15315556526184, Y=-8.90242385864258, Z=-3.68120145797729) | HR=73 bpm | IBI=0 ms | Participant=P02
1774,IBI out of range,Row 1774 | Timestamp: 1710812062743 ms | PPG(Green=1996415, Red=1996415, Ir=1996415) | ACC(X=2.19866156578064, Y=-8.84973239898682, Z=-3.63569521903992) | HR=73 bpm | IBI=0 ms | Participant=P02
1775,IBI out of range,Row 1775 | Timestamp: 1710812062783 ms | PPG(Green=1995618, Red=1995618, Ir=1995618) | ACC(X=2.23698258399963, Y=-8.90002918243408, Z=-3.65725088119507) | HR=73 bpm | IBI=0 ms | Participant=P02
1776,IBI out of range,Row 1776 | Timestamp: 1710812062823 ms | PPG(Green=1993616, Red=1993616, Ir=1993616) | ACC(X=2.13878512382507, Y=-8.80662155151367, Z=-3.6237199306488) | HR=74 bpm | IBI=0 ms | Participant=P02
1777,IBI out of range,Row 1777 | Timestamp: 1710812062864 ms | PPG(Green=1991852, Red=1991852, Ir=1991852) | ACC(X=2.15555047988892, Y=-8.93116474151611, Z=-3.60455965995789) | HR=74 bpm | IBI=0 ms | Participant=P02
1778,IBI out of range,Row 1778 | Timestamp: 1710812062903 ms | PPG(Green=1991389, Red=1991389, Ir=1991389) | ACC(X=2.13878512382507, Y=-8.84733772277832, Z=-3.63569521903992) | HR=75 bpm | IBI=0 ms | Participant=P02
1779,IBI out of range,Row 1779 | Timestamp: 1710812062943 ms | PPG(Green=1991558, Red=1991558, Ir=1991558) | ACC(X=2.15076041221619, Y=-8.86889266967773, Z=-3.61892986297607) | HR=75 bpm | IBI=0 ms | Participant=P02
1780,IBI out of range,Row 1780 | Timestamp: 1710812062984 ms | PPG(Green=1992108, Red=1992108, Ir=1992108) | ACC(X=2.16992092132568, Y=-8.85691738128662, Z=-3.6620409488678) | HR=75 bpm | IBI=0 ms | Participant=P02
1781,IBI out of range,Row 1781 | Timestamp: 1710812063024 ms | PPG(Green=1993212, Red=1993212, Ir=1993212) | ACC(X=2.17950105667114, Y=-8.90002918243408, Z=-3.66922616958618) | HR=75 bpm | IBI=0 ms | Participant=P02
1782,IBI out of range,Row 1782 | Timestamp: 1710812063064 ms | PPG(Green=1993990, Red=1993990, Ir=1993990) | ACC(X=2.15076041221619, Y=-8.84015274047852, Z=-3.67880630493164) | HR=75 bpm | IBI=0 ms | Participant=P02
1783,IBI out of range,Row 1783 | Timestamp: 1710812063104 ms | PPG(Green=1994302, Red=1994302, Ir=1994302) | ACC(X=2.13878512382507, Y=-8.78746128082275, Z=-3.69557166099548) | HR=76 bpm | IBI=0 ms | Participant=P02
1784,IBI out of range,Row 1784 | Timestamp: 1710812063144 ms | PPG(Green=1994644, Red=1994644, Ir=1994644) | ACC(X=2.14836549758911, Y=-8.84015274047852, Z=-3.61174464225769) | HR=76 bpm | IBI=0 ms | Participant=P02
1785,IBI out of range,Row 1785 | Timestamp: 1710812063184 ms | PPG(Green=1995209, Red=1995209, Ir=1995209) | ACC(X=2.20584678649902, Y=-8.80901622772217, Z=-3.75544810295105) | HR=76 bpm | IBI=0 ms | Participant=P02
1786,IBI out of range,Row 1786 | Timestamp: 1710812063224 ms | PPG(Green=1996276, Red=1996276, Ir=1996276) | ACC(X=2.27290821075439, Y=-8.81620216369629, Z=-3.72431230545044) | HR=76 bpm | IBI=0 ms | Participant=P02
1787,IBI out of range,Row 1787 | Timestamp: 1710812063265 ms | PPG(Green=1997253, Red=1997253, Ir=1997253) | ACC(X=2.19387149810791, Y=-8.8281774520874, Z=-3.72191739082336) | HR=76 bpm | IBI=0 ms | Participant=P02
1788,IBI out of range,Row 1788 | Timestamp: 1710812063305 ms | PPG(Green=1998564, Red=1998564, Ir=1998564) | ACC(X=2.18668627738953, Y=-8.81380653381348, Z=-3.66922616958618) | HR=76 bpm | IBI=0 ms | Participant=P02
1789,IBI out of range,Row 1789 | Timestamp: 1710812063345 ms | PPG(Green=2000078, Red=2000078, Ir=2000078) | ACC(X=2.22021698951721, Y=-8.83296680450439, Z=-3.71712732315063) | HR=76 bpm | IBI=0 ms | Participant=P02
1790,IBI out of range,Row 1790 | Timestamp: 1710812063385 ms | PPG(Green=2001559, Red=2001559, Ir=2001559) | ACC(X=2.17950105667114, Y=-8.79225158691406, Z=-3.67401623725891) | HR=77 bpm | IBI=0 ms | Participant=P02
1791,IBI out of range,Row 1791 | Timestamp: 1710812063425 ms | PPG(Green=2003016, Red=2003016, Ir=2003016) | ACC(X=2.18668627738953, Y=-8.78267097473145, Z=-3.76981854438782) | HR=77 bpm | IBI=0 ms | Participant=P02
1792,IBI out of range,Row 1792 | Timestamp: 1710812063466 ms | PPG(Green=2004353, Red=2004353, Ir=2004353) | ACC(X=2.26093292236328, Y=-8.81620216369629, Z=-3.72670745849609) | HR=77 bpm | IBI=0 ms | Participant=P02
1793,IBI out of range,Row 1793 | Timestamp: 1710812063505 ms | PPG(Green=2005014, Red=2005014, Ir=2005014) | ACC(X=2.342365026474, Y=-8.86410331726074, Z=-3.71712732315063) | HR=77 bpm | IBI=0 ms | Participant=P02
1794,IBI out of range,Row 1794 | Timestamp: 1710812063546 ms | PPG(Green=2003217, Red=2003217, Ir=2003217) | ACC(X=2.29446387290955, Y=-8.80662155151367, Z=-3.7075469493866) | HR=77 bpm | IBI=0 ms | Participant=P02
1795,IBI out of range,Row 1795 | Timestamp: 1710812063586 ms | PPG(Green=2001303, Red=2001303, Ir=2001303) | ACC(X=2.19387149810791, Y=-8.83296680450439, Z=-3.79855918884277) | HR=77 bpm | IBI=0 ms | Participant=P02
1796,IBI out of range,Row 1796 | Timestamp: 1710812063626 ms | PPG(Green=2000180, Red=2000180, Ir=2000180) | ACC(X=2.16034078598022, Y=-8.84973239898682, Z=-3.74586796760559) | HR=77 bpm | IBI=0 ms | Participant=P02
1797,IBI out of range,Row 1797 | Timestamp: 1710812063667 ms | PPG(Green=2000125, Red=2000125, Ir=2000125) | ACC(X=2.13878512382507, Y=-8.81141185760498, Z=-3.69317674636841) | HR=78 bpm | IBI=0 ms | Participant=P02
1798,IBI out of range,Row 1798 | Timestamp: 1710812063706 ms | PPG(Green=2000562, Red=2000562, Ir=2000562) | ACC(X=2.2776985168457, Y=-8.86170768737793, Z=-3.69557166099548) | HR=78 bpm | IBI=0 ms | Participant=P02
1799,IBI out of range,Row 1799 | Timestamp: 1710812063746 ms | PPG(Green=2001691, Red=2001691, Ir=2001691) | ACC(X=2.24656271934509, Y=-8.80662155151367, Z=-3.78418874740601) | HR=79 bpm | IBI=0 ms | Participant=P02
1800,IBI out of range,Row 1800 | Timestamp: 1710812063785 ms | PPG(Green=2002643, Red=2002643, Ir=2002643) | ACC(X=2.16992092132568, Y=-8.79464626312256, Z=-3.78418874740601) | HR=79 bpm | IBI=0 ms | Participant=P02
1801,IBI out of range,Row 1801 | Timestamp: 1710812063826 ms | PPG(Green=2003440, Red=2003440, Ir=2003440) | ACC(X=2.18429136276245, Y=-8.76590538024902, Z=-3.76502823829651) | HR=79 bpm | IBI=0 ms | Participant=P02
1802,IBI out of range,Row 1802 | Timestamp: 1710812063866 ms | PPG(Green=2003604, Red=2003604, Ir=2003604) | ACC(X=2.21542692184448, Y=-8.80183124542236, Z=-3.72431230545044) | HR=79 bpm | IBI=0 ms | Participant=P02
1803,IBI out of range,Row 1803 | Timestamp: 1710812063906 ms | PPG(Green=2004249, Red=2004249, Ir=2004249) | ACC(X=2.16992092132568, Y=-8.87847328186035, Z=-3.79616403579712) | HR=79 bpm | IBI=0 ms | Participant=P02
1804,IBI out of range,Row 1804 | Timestamp: 1710812063946 ms | PPG(Green=2005099, Red=2005099, Ir=2005099) | ACC(X=2.13878512382507, Y=-8.84254741668701, Z=-3.72431230545044) | HR=79 bpm | IBI=0 ms | Participant=P02
1805,IBI out of range,Row 1805 | Timestamp: 1710812063986 ms | PPG(Green=2006050, Red=2006050, Ir=2006050) | ACC(X=2.19387149810791, Y=-8.82578182220459, Z=-3.67880630493164) | HR=80 bpm | IBI=0 ms | Participant=P02
1806,IBI out of range,Row 1806 | Timestamp: 1710812064026 ms | PPG(Green=2007417, Red=2007417, Ir=2007417) | ACC(X=2.13878512382507, Y=-8.78027629852295, Z=-3.78418874740601) | HR=80 bpm | IBI=0 ms | Participant=P02
1807,IBI out of range,Row 1807 | Timestamp: 1710812064067 ms | PPG(Green=2008920, Red=2008920, Ir=2008920) | ACC(X=2.16513085365295, Y=-8.86410331726074, Z=-3.76981854438782) | HR=80 bpm | IBI=0 ms | Participant=P02
1808,IBI out of range,Row 1808 | Timestamp: 1710812064106 ms | PPG(Green=2010477, Red=2010477, Ir=2010477) | ACC(X=2.13878512382507, Y=-8.77069568634033, Z=-3.76263332366943) | HR=80 bpm | IBI=0 ms | Participant=P02
1809,IBI out of range,Row 1809 | Timestamp: 1710812064146 ms | PPG(Green=2012143, Red=2012143, Ir=2012143) | ACC(X=2.1435751914978, Y=-8.81380653381348, Z=-3.82011461257935) | HR=80 bpm | IBI=0 ms | Participant=P02
1810,IBI out of range,Row 1810 | Timestamp: 1710812064187 ms | PPG(Green=2013751, Red=2013751, Ir=2013751) | ACC(X=2.14597034454346, Y=-8.76351070404053, Z=-3.76981854438782) | HR=80 bpm | IBI=0 ms | Participant=P02
1811,IBI out of range,Row 1811 | Timestamp: 1710812064227 ms | PPG(Green=2013908, Red=2013908, Ir=2013908) | ACC(X=2.20345163345337, Y=-8.81620216369629, Z=-3.76981854438782) | HR=80 bpm | IBI=0 ms | Participant=P02
1812,IBI out of range,Row 1812 | Timestamp: 1710812064268 ms | PPG(Green=2011959, Red=2011959, Ir=2011959) | ACC(X=2.11483454704285, Y=-8.81859683990479, Z=-3.70994210243225) | HR=80 bpm | IBI=0 ms | Participant=P02
1813,IBI out of range,Row 1813 | Timestamp: 1710812064307 ms | PPG(Green=2010201, Red=2010201, Ir=2010201) | ACC(X=2.16992092132568, Y=-8.85452270507813, Z=-3.72670745849609) | HR=80 bpm | IBI=0 ms | Participant=P02
1814,IBI out of range,Row 1814 | Timestamp: 1710812064347 ms | PPG(Green=2009355, Red=2009355, Ir=2009355) | ACC(X=2.09088397026062, Y=-8.80901622772217, Z=-3.73868274688721) | HR=79 bpm | IBI=0 ms | Participant=P02
1815,IBI out of range,Row 1815 | Timestamp: 1710812064387 ms | PPG(Green=2009404, Red=2009404, Ir=2009404) | ACC(X=2.05256319046021, Y=-8.88086795806885, Z=-3.79616403579712) | HR=79 bpm | IBI=0 ms | Participant=P02
1816,IBI out of range,Row 1816 | Timestamp: 1710812064428 ms | PPG(Green=2010246, Red=2010246, Ir=2010246) | ACC(X=2.05495810508728, Y=-8.89523887634277, Z=-3.70275688171387) | HR=79 bpm | IBI=0 ms | Participant=P02
1817,IBI out of range,Row 1817 | Timestamp: 1710812064468 ms | PPG(Green=2011405, Red=2011405, Ir=2011405) | ACC(X=2.09327912330627, Y=-8.80422687530518, Z=-3.71233701705933) | HR=80 bpm | IBI=0 ms | Participant=P02
1818,IBI out of range,Row 1818 | Timestamp: 1710812064508 ms | PPG(Green=2012559, Red=2012559, Ir=2012559) | ACC(X=2.05735325813293, Y=-8.83296680450439, Z=-3.63569521903992) | HR=80 bpm | IBI=0 ms | Participant=P02
1819,IBI out of range,Row 1819 | Timestamp: 1710812064548 ms | PPG(Green=2013235, Red=2013235, Ir=2013235) | ACC(X=2.1435751914978, Y=-8.80183124542236, Z=-3.69557166099548) | HR=80 bpm | IBI=0 ms | Participant=P02
1820,IBI out of range,Row 1820 | Timestamp: 1710812064588 ms | PPG(Green=2013747, Red=2013747, Ir=2013747) | ACC(X=2.15315556526184, Y=-8.84973239898682, Z=-3.7530529499054) | HR=80 bpm | IBI=0 ms | Participant=P02
1821,IBI out of range,Row 1821 | Timestamp: 1710812064628 ms | PPG(Green=2014233, Red=2014233, Ir=2014233) | ACC(X=2.11962461471558, Y=-8.85212802886963, Z=-3.75065803527832) | HR=80 bpm | IBI=0 ms | Participant=P02
1822,IBI out of range,Row 1822 | Timestamp: 1710812064669 ms | PPG(Green=2014994, Red=2014994, Ir=2014994) | ACC(X=2.12441492080688, Y=-8.9120044708252, Z=-3.72191739082336) | HR=80 bpm | IBI=0 ms | Participant=P02
1823,IBI out of range,Row 1823 | Timestamp: 1710812064708 ms | PPG(Green=2016175, Red=2016175, Ir=2016175) | ACC(X=2.08848905563354, Y=-8.89284324645996, Z=-3.68120145797729) | HR=81 bpm | IBI=0 ms | Participant=P02
1824,IBI out of range,Row 1824 | Timestamp: 1710812064749 ms | PPG(Green=2017415, Red=2017415, Ir=2017415) | ACC(X=2.11483454704285, Y=-8.77788066864014, Z=-3.66443586349487) | HR=81 bpm | IBI=0 ms | Participant=P02
1825,IBI out of range,Row 1825 | Timestamp: 1710812064789 ms | PPG(Green=2018922, Red=2018922, Ir=2018922) | ACC(X=2.09327912330627, Y=-8.86410331726074, Z=-3.74586796760559) | HR=81 bpm | IBI=0 ms | Participant=P02
1826,IBI out of range,Row 1826 | Timestamp: 1710812064829 ms | PPG(Green=2020478, Red=2020478, Ir=2020478) | ACC(X=2.14118027687073, Y=-8.84015274047852, Z=-3.73868274688721) | HR=81 bpm | IBI=0 ms | Participant=P02
1827,IBI out of range,Row 1827 | Timestamp: 1710812064870 ms | PPG(Green=2022014, Red=2022014, Ir=2022014) | ACC(X=2.18908143043518, Y=-8.83536243438721, Z=-3.68120145797729) | HR=80 bpm | IBI=0 ms | Participant=P02
1828,IBI out of range,Row 1828 | Timestamp: 1710812064909 ms | PPG(Green=2023384, Red=2023384, Ir=2023384) | ACC(X=2.14836549758911, Y=-8.90481853485107, Z=-3.67162108421326) | HR=81 bpm | IBI=0 ms | Participant=P02
1829,IBI out of range,Row 1829 | Timestamp: 1710812064949 ms | PPG(Green=2024443, Red=2024443, Ir=2024443) | ACC(X=2.03340268135071, Y=-8.84733772277832, Z=-3.74107766151428) | HR=81 bpm | IBI=0 ms | Participant=P02
1830,IBI out of range,Row 1830 | Timestamp: 1710812064989 ms | PPG(Green=2022735, Red=2022735, Ir=2022735) | ACC(X=2.16034078598022, Y=-8.8377571105957, Z=-3.76502823829651) | HR=81 bpm | IBI=0 ms | Participant=P02
1831,IBI out of range,Row 1831 | Timestamp: 1710812065030 ms | PPG(Green=2020621, Red=2020621, Ir=2020621) | ACC(X=2.11004447937012, Y=-8.82099151611328, Z=-3.68120145797729) | HR=81 bpm | IBI=0 ms | Participant=P02
1832,IBI out of range,Row 1832 | Timestamp: 1710812065070 ms | PPG(Green=2019065, Red=2019065, Ir=2019065) | ACC(X=2.10764932632446, Y=-8.88086795806885, Z=-3.76742339134216) | HR=81 bpm | IBI=0 ms | Participant=P02
1833,IBI out of range,Row 1833 | Timestamp: 1710812065110 ms | PPG(Green=2018507, Red=2018507, Ir=2018507) | ACC(X=2.08130383491516, Y=-8.81620216369629, Z=-3.69796681404114) | HR=80 bpm | IBI=0 ms | Participant=P02
1834,IBI out of range,Row 1834 | Timestamp: 1710812065150 ms | PPG(Green=2018567, Red=2018567, Ir=2018567) | ACC(X=2.09567427635193, Y=-8.83536243438721, Z=-3.66922616958618) | HR=80 bpm | IBI=0 ms | Participant=P02
1835,IBI out of range,Row 1835 | Timestamp: 1710812065190 ms | PPG(Green=2019090, Red=2019090, Ir=2019090) | ACC(X=2.11483454704285, Y=-8.86170768737793, Z=-3.72910237312317) | HR=80 bpm | IBI=0 ms | Participant=P02
1836,IBI out of range,Row 1836 | Timestamp: 1710812065230 ms | PPG(Green=2019905, Red=2019905, Ir=2019905) | ACC(X=2.12920498847961, Y=-8.8305721282959, Z=-3.74347281455994) | HR=80 bpm | IBI=0 ms | Participant=P02
1837,IBI out of range,Row 1837 | Timestamp: 1710812065271 ms | PPG(Green=2020584, Red=2020584, Ir=2020584) | ACC(X=2.11483454704285, Y=-8.85691738128662, Z=-3.71473217010498) | HR=80 bpm | IBI=0 ms | Participant=P02
1838,IBI out of range,Row 1838 | Timestamp: 1710812065311 ms | PPG(Green=2020678, Red=2020678, Ir=2020678) | ACC(X=2.06693339347839, Y=-8.79943656921387, Z=-3.74347281455994) | HR=79 bpm | IBI=0 ms | Participant=P02
1839,IBI out of range,Row 1839 | Timestamp: 1710812065351 ms | PPG(Green=2020978, Red=2020978, Ir=2020978) | ACC(X=2.13159990310669, Y=-8.84733772277832, Z=-3.72910237312317) | HR=79 bpm | IBI=0 ms | Participant=P02
1840,IBI out of range,Row 1840 | Timestamp: 1710812065391 ms | PPG(Green=2022407, Red=2022407, Ir=2022407) | ACC(X=2.08609390258789, Y=-8.87368297576904, Z=-3.73628759384155) | HR=78 bpm | IBI=0 ms | Participant=P02
1841,IBI out of range,Row 1841 | Timestamp: 1710812065431 ms | PPG(Green=2023659, Red=2023659, Ir=2023659) | ACC(X=2.08130383491516, Y=-8.86170768737793, Z=-3.72191739082336) | HR=78 bpm | IBI=0 ms | Participant=P02
1842,IBI out of range,Row 1842 | Timestamp: 1710812065472 ms | PPG(Green=2024828, Red=2024828, Ir=2024828) | ACC(X=2.1435751914978, Y=-8.87368297576904, Z=-3.74347281455994) | HR=77 bpm | IBI=0 ms | Participant=P02
1843,IBI out of range,Row 1843 | Timestamp: 1710812065511 ms | PPG(Green=2026224, Red=2026224, Ir=2026224) | ACC(X=2.05974841117859, Y=-8.80422687530518, Z=-3.73868274688721) | HR=77 bpm | IBI=0 ms | Participant=P02
1844,IBI out of range,Row 1844 | Timestamp: 1710812065551 ms | PPG(Green=2027635, Red=2027635, Ir=2027635) | ACC(X=2.09567427635193, Y=-8.84015274047852, Z=-3.78418874740601) | HR=78 bpm | IBI=0 ms | Participant=P02
1845,IBI out of range,Row 1845 | Timestamp: 1710812065591 ms | PPG(Green=2029053, Red=2029053, Ir=2029053) | ACC(X=2.08369898796082, Y=-8.84494209289551, Z=-3.70036172866821) | HR=78 bpm | IBI=0 ms | Participant=P02
1846,IBI out of range,Row 1846 | Timestamp: 1710812065631 ms | PPG(Green=2030608, Red=2030608, Ir=2030608) | ACC(X=2.17471098899841, Y=-8.79704093933105, Z=-3.7075469493866) | HR=79 bpm | IBI=0 ms | Participant=P02
1847,IBI out of range,Row 1847 | Timestamp: 1710812065672 ms | PPG(Green=2031405, Red=2031405, Ir=2031405) | ACC(X=2.13159990310669, Y=-8.85691738128662, Z=-3.71712732315063) | HR=80 bpm | IBI=0 ms | Participant=P02
1848,IBI out of range,Row 1848 | Timestamp: 1710812065711 ms | PPG(Green=2029725, Red=2029725, Ir=2029725) | ACC(X=2.12680983543396, Y=-8.84494209289551, Z=-3.72431230545044) | HR=79 bpm | IBI=0 ms | Participant=P02
1849,IBI out of range,Row 1849 | Timestamp: 1710812065751 ms | PPG(Green=2027490, Red=2027490, Ir=2027490) | ACC(X=2.10285925865173, Y=-8.87368297576904, Z=-3.70994210243225) | HR=79 bpm | IBI=0 ms | Participant=P02
1850,IBI out of range,Row 1850 | Timestamp: 1710812065792 ms | PPG(Green=2025958, Red=2025958, Ir=2025958) | ACC(X=2.06453847885132, Y=-8.83536243438721, Z=-3.67401623725891) | HR=78 bpm | IBI=0 ms | Participant=P02
1851,IBI out of range,Row 1851 | Timestamp: 1710812065832 ms | PPG(Green=2025308, Red=2025308, Ir=2025308) | ACC(X=2.08130383491516, Y=-8.77309036254883, Z=-3.79855918884277) | HR=78 bpm | IBI=0 ms | Participant=P02
1852,IBI out of range,Row 1852 | Timestamp: 1710812065873 ms | PPG(Green=2025497, Red=2025497, Ir=2025497) | ACC(X=2.08130383491516, Y=-8.92397975921631, Z=-3.70994210243225) | HR=77 bpm | IBI=0 ms | Participant=P02
1853,IBI out of range,Row 1853 | Timestamp: 1710812065912 ms | PPG(Green=2025895, Red=2025895, Ir=2025895) | ACC(X=2.11962461471558, Y=-8.78506565093994, Z=-3.73868274688721) | HR=77 bpm | IBI=0 ms | Participant=P02
1854,IBI out of range,Row 1854 | Timestamp: 1710812065952 ms | PPG(Green=2026646, Red=2026646, Ir=2026646) | ACC(X=2.08130383491516, Y=-8.80422687530518, Z=-3.69796681404114) | HR=78 bpm | IBI=0 ms | Participant=P02
1855,IBI out of range,Row 1855 | Timestamp: 1710812065992 ms | PPG(Green=2027092, Red=2027092, Ir=2027092) | ACC(X=2.07890868186951, Y=-8.84494209289551, Z=-3.72910237312317) | HR=78 bpm | IBI=0 ms | Participant=P02
1856,IBI out of range,Row 1856 | Timestamp: 1710812066032 ms | PPG(Green=2027429, Red=2027429, Ir=2027429) | ACC(X=2.14118027687073, Y=-8.78985595703125, Z=-3.74347281455994) | HR=78 bpm | IBI=0 ms | Participant=P02
1857,IBI out of range,Row 1857 | Timestamp: 1710812066073 ms | PPG(Green=2027469, Red=2027469, Ir=2027469) | ACC(X=2.15315556526184, Y=-8.89763355255127, Z=-3.70036172866821) | HR=77 bpm | IBI=0 ms | Participant=P02
1858,IBI out of range,Row 1858 | Timestamp: 1710812066112 ms | PPG(Green=2027986, Red=2027986, Ir=2027986) | ACC(X=2.04777312278748, Y=-8.88805389404297, Z=-3.73389267921448) | HR=76 bpm | IBI=0 ms | Participant=P02
1859,IBI out of range,Row 1859 | Timestamp: 1710812066152 ms | PPG(Green=2028749, Red=2028749, Ir=2028749) | ACC(X=2.08609390258789, Y=-8.81620216369629, Z=-3.73149752616882) | HR=76 bpm | IBI=0 ms | Participant=P02
1860,IBI out of range,Row 1860 | Timestamp: 1710812066192 ms | PPG(Green=2029874, Red=2029874, Ir=2029874) | ACC(X=2.05495810508728, Y=-8.90721416473389, Z=-3.81532454490662) | HR=76 bpm | IBI=0 ms | Participant=P02
1861,IBI out of range,Row 1861 | Timestamp: 1710812066233 ms | PPG(Green=2031042, Red=2031042, Ir=2031042) | ACC(X=2.14836549758911, Y=-8.71800422668457, Z=-3.70515203475952) | HR=76 bpm | IBI=0 ms | Participant=P02
1862,IBI out of range,Row 1862 | Timestamp: 1710812066273 ms | PPG(Green=2032189, Red=2032189, Ir=2032189) | ACC(X=2.13159990310669, Y=-8.80662155151367, Z=-3.78658390045166) | HR=76 bpm | IBI=0 ms | Participant=P02
1863,IBI out of range,Row 1863 | Timestamp: 1710812066313 ms | PPG(Green=2033611, Red=2033611, Ir=2033611) | ACC(X=2.09088397026062, Y=-8.8377571105957, Z=-3.72431230545044) | HR=76 bpm | IBI=0 ms | Participant=P02
1864,IBI out of range,Row 1864 | Timestamp: 1710812066353 ms | PPG(Green=2034932, Red=2034932, Ir=2034932) | ACC(X=2.11962461471558, Y=-8.8377571105957, Z=-3.78179383277893) | HR=76 bpm | IBI=0 ms | Participant=P02
1865,IBI out of range,Row 1865 | Timestamp: 1710812066393 ms | PPG(Green=2036239, Red=2036239, Ir=2036239) | ACC(X=2.07890868186951, Y=-8.84733772277832, Z=-3.72431230545044) | HR=75 bpm | IBI=0 ms | Participant=P02
1866,IBI out of range,Row 1866 | Timestamp: 1710812066433 ms | PPG(Green=2037631, Red=2037631, Ir=2037631) | ACC(X=2.12920498847961, Y=-8.81859683990479, Z=-3.73628759384155) | HR=75 bpm | IBI=0 ms | Participant=P02
1867,IBI out of range,Row 1867 | Timestamp: 1710812066474 ms | PPG(Green=2038499, Red=2038499, Ir=2038499) | ACC(X=2.15315556526184, Y=-8.8281774520874, Z=-3.67641115188599) | HR=74 bpm | IBI=0 ms | Participant=P02
1868,IBI out of range,Row 1868 | Timestamp: 1710812066513 ms | PPG(Green=2036821, Red=2036821, Ir=2036821) | ACC(X=2.06214332580566, Y=-8.82338714599609, Z=-3.70036172866821) | HR=74 bpm | IBI=0 ms | Participant=P02
1869,IBI out of range,Row 1869 | Timestamp: 1710812066553 ms | PPG(Green=2034550, Red=2034550, Ir=2034550) | ACC(X=2.18429136276245, Y=-8.84254741668701, Z=-3.76502823829651) | HR=74 bpm | IBI=0 ms | Participant=P02
1870,IBI out of range,Row 1870 | Timestamp: 1710812066594 ms | PPG(Green=2033034, Red=2033034, Ir=2033034) | ACC(X=2.1172297000885, Y=-8.82099151611328, Z=-3.76981854438782) | HR=74 bpm | IBI=0 ms | Participant=P02
1871,IBI out of range,Row 1871 | Timestamp: 1710812066634 ms | PPG(Green=2032557, Red=2032557, Ir=2032557) | ACC(X=2.09567427635193, Y=-8.84254741668701, Z=-3.75544810295105) | HR=73 bpm | IBI=0 ms | Participant=P02
1872,IBI out of range,Row 1872 | Timestamp: 1710812066674 ms | PPG(Green=2032765, Red=2032765, Ir=2032765) | ACC(X=2.11004447937012, Y=-8.8281774520874, Z=-3.77221345901489) | HR=73 bpm | IBI=0 ms | Participant=P02
1873,IBI out of range,Row 1873 | Timestamp: 1710812066714 ms | PPG(Green=2033371, Red=2033371, Ir=2033371) | ACC(X=2.08130383491516, Y=-8.80183124542236, Z=-3.83927512168884) | HR=73 bpm | IBI=0 ms | Participant=P02
1874,IBI out of range,Row 1874 | Timestamp: 1710812066754 ms | PPG(Green=2034216, Red=2034216, Ir=2034216) | ACC(X=2.15555047988892, Y=-8.8281774520874, Z=-3.75544810295105) | HR=72 bpm | IBI=0 ms | Participant=P02
1875,IBI out of range,Row 1875 | Timestamp: 1710812066794 ms | PPG(Green=2034790, Red=2034790, Ir=2034790) | ACC(X=2.11243963241577, Y=-8.86170768737793, Z=-3.76742339134216) | HR=73 bpm | IBI=0 ms | Participant=P02
1876,IBI out of range,Row 1876 | Timestamp: 1710812066834 ms | PPG(Green=2035020, Red=2035020, Ir=2035020) | ACC(X=2.05256319046021, Y=-8.78506565093994, Z=-3.7578432559967) | HR=73 bpm | IBI=0 ms | Participant=P02
1877,IBI out of range,Row 1877 | Timestamp: 1710812066875 ms | PPG(Green=2035527, Red=2035527, Ir=2035527) | ACC(X=2.12201976776123, Y=-8.84015274047852, Z=-3.77221345901489) | HR=74 bpm | IBI=0 ms | Participant=P02
1878,IBI out of range,Row 1878 | Timestamp: 1710812066914 ms | PPG(Green=2036112, Red=2036112, Ir=2036112) | ACC(X=2.13159990310669, Y=-8.80662155151367, Z=-3.73628759384155) | HR=75 bpm | IBI=0 ms | Participant=P02
1879,IBI out of range,Row 1879 | Timestamp: 1710812066954 ms | PPG(Green=2036950, Red=2036950, Ir=2036950) | ACC(X=2.14836549758911, Y=-8.79225158691406, Z=-3.71233701705933) | HR=75 bpm | IBI=0 ms | Participant=P02
1880,IBI out of range,Row 1880 | Timestamp: 1710812066994 ms | PPG(Green=2038216, Red=2038216, Ir=2038216) | ACC(X=2.15794563293457, Y=-8.78985595703125, Z=-3.81771945953369) | HR=75 bpm | IBI=0 ms | Participant=P02
1881,IBI out of range,Row 1881 | Timestamp: 1710812067035 ms | PPG(Green=2039434, Red=2039434, Ir=2039434) | ACC(X=2.10046434402466, Y=-8.90002918243408, Z=-3.82729983329773) | HR=74 bpm | IBI=0 ms | Participant=P02
1882,IBI out of range,Row 1882 | Timestamp: 1710812067075 ms | PPG(Green=2040858, Red=2040858, Ir=2040858) | ACC(X=2.11243963241577, Y=-8.84494209289551, Z=-3.78418874740601) | HR=74 bpm | IBI=0 ms | Participant=P02
1883,IBI out of range,Row 1883 | Timestamp: 1710812067115 ms | PPG(Green=2042233, Red=2042233, Ir=2042233) | ACC(X=2.13878512382507, Y=-8.79225158691406, Z=-3.79616403579712) | HR=73 bpm | IBI=0 ms | Participant=P02
1884,IBI out of range,Row 1884 | Timestamp: 1710812067155 ms | PPG(Green=2043657, Red=2043657, Ir=2043657) | ACC(X=2.10525441169739, Y=-8.77548599243164, Z=-3.74347281455994) | HR=73 bpm | IBI=0 ms | Participant=P02
1885,IBI out of range,Row 1885 | Timestamp: 1710812067195 ms | PPG(Green=2044909, Red=2044909, Ir=2044909) | ACC(X=2.12680983543396, Y=-8.86170768737793, Z=-3.78418874740601) | HR=74 bpm | IBI=0 ms | Participant=P02
1886,IBI out of range,Row 1886 | Timestamp: 1710812067235 ms | PPG(Green=2046432, Red=2046432, Ir=2046432) | ACC(X=2.16513085365295, Y=-8.75632572174072, Z=-3.80095410346985) | HR=75 bpm | IBI=0 ms | Participant=P02
1887,IBI out of range,Row 1887 | Timestamp: 1710812067276 ms | PPG(Green=2047926, Red=2047926, Ir=2047926) | ACC(X=2.1172297000885, Y=-8.76830101013184, Z=-3.76023817062378) | HR=75 bpm | IBI=0 ms | Participant=P02
1888,IBI out of range,Row 1888 | Timestamp: 1710812067315 ms | PPG(Green=2047854, Red=2047854, Ir=2047854) | ACC(X=2.13878512382507, Y=-8.84254741668701, Z=-3.78179383277893) | HR=76 bpm | IBI=0 ms | Participant=P02
1889,IBI out of range,Row 1889 | Timestamp: 1710812067355 ms | PPG(Green=2045923, Red=2045923, Ir=2045923) | ACC(X=2.15794563293457, Y=-8.78985595703125, Z=-3.76742339134216) | HR=76 bpm | IBI=0 ms | Participant=P02
1890,IBI out of range,Row 1890 | Timestamp: 1710812067395 ms | PPG(Green=2043953, Red=2043953, Ir=2043953) | ACC(X=2.1172297000885, Y=-8.80662155151367, Z=-3.79376888275146) | HR=76 bpm | IBI=0 ms | Participant=P02
1891,IBI out of range,Row 1891 | Timestamp: 1710812067436 ms | PPG(Green=2042926, Red=2042926, Ir=2042926) | ACC(X=2.12680983543396, Y=-8.84733772277832, Z=-3.80813932418823) | HR=75 bpm | IBI=0 ms | Participant=P02
1892,IBI out of range,Row 1892 | Timestamp: 1710812067476 ms | PPG(Green=2042704, Red=2042704, Ir=2042704) | ACC(X=2.07651376724243, Y=-8.81620216369629, Z=-3.78418874740601) | HR=75 bpm | IBI=0 ms | Participant=P02
1893,IBI out of range,Row 1893 | Timestamp: 1710812067516 ms | PPG(Green=2043311, Red=2043311, Ir=2043311) | ACC(X=2.12920498847961, Y=-8.78746128082275, Z=-3.8033492565155) | HR=75 bpm | IBI=0 ms | Participant=P02
1894,IBI out of range,Row 1894 | Timestamp: 1710812067556 ms | PPG(Green=2044045, Red=2044045, Ir=2044045) | ACC(X=2.06693339347839, Y=-8.8305721282959, Z=-3.86083054542542) | HR=76 bpm | IBI=0 ms | Participant=P02
1895,IBI out of range,Row 1895 | Timestamp: 1710812067596 ms | PPG(Green=2044876, Red=2044876, Ir=2044876) | ACC(X=2.15794563293457, Y=-8.80662155151367, Z=-3.79616403579712) | HR=77 bpm | IBI=0 ms | Participant=P02
1896,IBI out of range,Row 1896 | Timestamp: 1710812067636 ms | PPG(Green=2045189, Red=2045189, Ir=2045189) | ACC(X=2.12441492080688, Y=-8.79704093933105, Z=-3.81292939186096) | HR=77 bpm | IBI=0 ms | Participant=P02
1897,IBI out of range,Row 1897 | Timestamp: 1710812067677 ms | PPG(Green=2045410, Red=2045410, Ir=2045410) | ACC(X=2.1818962097168, Y=-8.80662155151367, Z=-3.77700352668762) | HR=77 bpm | IBI=0 ms | Participant=P02
1898,IBI out of range,Row 1898 | Timestamp: 1710812067716 ms | PPG(Green=2045646, Red=2045646, Ir=2045646) | ACC(X=2.10764932632446, Y=-8.77309036254883, Z=-3.77700352668762) | HR=76 bpm | IBI=0 ms | Participant=P02
1899,IBI out of range,Row 1899 | Timestamp: 1710812067756 ms | PPG(Green=2046300, Red=2046300, Ir=2046300) | ACC(X=2.14597034454346, Y=-8.83296680450439, Z=-3.76263332366943) | HR=75 bpm | IBI=0 ms | Participant=P02
1900,IBI out of range,Row 1900 | Timestamp: 1710812067797 ms | PPG(Green=2047126, Red=2047126, Ir=2047126) | ACC(X=2.1172297000885, Y=-8.81620216369629, Z=-3.80095410346985) | HR=75 bpm | IBI=0 ms | Participant=P02
1901,IBI out of range,Row 1901 | Timestamp: 1710812067836 ms | PPG(Green=2048178, Red=2048178, Ir=2048178) | ACC(X=2.11962461471558, Y=-8.78985595703125, Z=-3.82011461257935) | HR=75 bpm | IBI=0 ms | Participant=P02
1902,IBI out of range,Row 1902 | Timestamp: 1710812067877 ms | PPG(Green=2049457, Red=2049457, Ir=2049457) | ACC(X=2.1627357006073, Y=-8.83536243438721, Z=-3.79855918884277) | HR=75 bpm | IBI=0 ms | Participant=P02
1903,IBI out of range,Row 1903 | Timestamp: 1710812067917 ms | PPG(Green=2050724, Red=2050724, Ir=2050724) | ACC(X=2.14597034454346, Y=-8.7491397857666, Z=-3.83208990097046) | HR=75 bpm | IBI=0 ms | Participant=P02
1904,IBI out of range,Row 1904 | Timestamp: 1710812067957 ms | PPG(Green=2052031, Red=2052031, Ir=2052031) | ACC(X=2.17471098899841, Y=-8.82099151611328, Z=-3.77700352668762) | HR=75 bpm | IBI=0 ms | Participant=P02
1905,IBI out of range,Row 1905 | Timestamp: 1710812067997 ms | PPG(Green=2053364, Red=2053364, Ir=2053364) | ACC(X=2.11483454704285, Y=-8.80662155151367, Z=-3.82490468025208) | HR=75 bpm | IBI=0 ms | Participant=P02
1906,IBI out of range,Row 1906 | Timestamp: 1710812068037 ms | PPG(Green=2054555, Red=2054555, Ir=2054555) | ACC(X=2.16992092132568, Y=-8.72519016265869, Z=-3.76981854438782) | HR=76 bpm | IBI=0 ms | Participant=P02
1907,IBI out of range,Row 1907 | Timestamp: 1710812068078 ms | PPG(Green=2055947, Red=2055947, Ir=2055947) | ACC(X=2.17950105667114, Y=-8.7371654510498, Z=-3.84646034240723) | HR=76 bpm | IBI=0 ms | Participant=P02
1908,IBI out of range,Row 1908 | Timestamp: 1710812068117 ms | PPG(Green=2056955, Red=2056955, Ir=2056955) | ACC(X=2.16752576828003, Y=-8.76590538024902, Z=-3.77939867973328) | HR=76 bpm | IBI=0 ms | Participant=P02
1909,IBI out of range,Row 1909 | Timestamp: 1710812068157 ms | PPG(Green=2055641, Red=2055641, Ir=2055641) | ACC(X=2.19626641273499, Y=-8.81620216369629, Z=-3.79855918884277) | HR=76 bpm | IBI=0 ms | Participant=P02
1910,IBI out of range,Row 1910 | Timestamp: 1710812068197 ms | PPG(Green=2053495, Red=2053495, Ir=2053495) | ACC(X=2.10046434402466, Y=-8.71081924438477, Z=-3.79137396812439) | HR=76 bpm | IBI=0 ms | Participant=P02
1911,IBI out of range,Row 1911 | Timestamp: 1710812068237 ms | PPG(Green=2051820, Red=2051820, Ir=2051820) | ACC(X=2.14836549758911, Y=-8.80901622772217, Z=-3.77939867973328) | HR=76 bpm | IBI=0 ms | Participant=P02
1912,IBI out of range,Row 1912 | Timestamp: 1710812068278 ms | PPG(Green=2051104, Red=2051104, Ir=2051104) | ACC(X=2.17950105667114, Y=-8.78746128082275, Z=-3.81053447723389) | HR=75 bpm | IBI=0 ms | Participant=P02
1913,IBI out of range,Row 1913 | Timestamp: 1710812068318 ms | PPG(Green=2051244, Red=2051244, Ir=2051244) | ACC(X=2.19147634506226, Y=-8.79464626312256, Z=-3.79137396812439) | HR=74 bpm | IBI=0 ms | Participant=P02
1914,IBI out of range,Row 1914 | Timestamp: 1710812068358 ms | PPG(Green=2051792, Red=2051792, Ir=2051792) | ACC(X=2.16752576828003, Y=-8.78746128082275, Z=-3.83927512168884) | HR=75 bpm | IBI=0 ms | Participant=P02
1915,IBI out of range,Row 1915 | Timestamp: 1710812068398 ms | PPG(Green=2052647, Red=2052647, Ir=2052647) | ACC(X=2.18908143043518, Y=-8.73476982116699, Z=-3.7578432559967) | HR=76 bpm | IBI=0 ms | Participant=P02
1916,IBI out of range,Row 1916 | Timestamp: 1710812068438 ms | PPG(Green=2053118, Red=2053118, Ir=2053118) | ACC(X=2.18668627738953, Y=-8.75153541564941, Z=-3.83927512168884) | HR=76 bpm | IBI=0 ms | Participant=P02
1917,IBI out of range,Row 1917 | Timestamp: 1710812068479 ms | PPG(Green=2053260, Red=2053260, Ir=2053260) | ACC(X=2.17950105667114, Y=-8.79943656921387, Z=-3.81532454490662) | HR=76 bpm | IBI=0 ms | Participant=P02
1918,IBI out of range,Row 1918 | Timestamp: 1710812068518 ms | PPG(Green=2053217, Red=2053217, Ir=2053217) | ACC(X=2.24177265167236, Y=-8.7419548034668, Z=-3.79376888275146) | HR=77 bpm | IBI=0 ms | Participant=P02
1919,IBI out of range,Row 1919 | Timestamp: 1710812068558 ms | PPG(Green=2053531, Red=2053531, Ir=2053531) | ACC(X=2.17710614204407, Y=-8.76590538024902, Z=-3.84406518936157) | HR=78 bpm | IBI=0 ms | Participant=P02
1920,IBI out of range,Row 1920 | Timestamp: 1710812068598 ms | PPG(Green=2053964, Red=2053964, Ir=2053964) | ACC(X=2.20584678649902, Y=-8.86889266967773, Z=-3.86083054542542) | HR=79 bpm | IBI=0 ms | Participant=P02
1921,IBI out of range,Row 1921 | Timestamp: 1710812068639 ms | PPG(Green=2054665, Red=2054665, Ir=2054665) | ACC(X=2.21063685417175, Y=-8.81141185760498, Z=-3.84646034240723) | HR=80 bpm | IBI=0 ms | Participant=P02
1922,IBI out of range,Row 1922 | Timestamp: 1710812068679 ms | PPG(Green=2055539, Red=2055539, Ir=2055539) | ACC(X=2.21063685417175, Y=-8.80422687530518, Z=-3.86083054542542) | HR=80 bpm | IBI=0 ms | Participant=P02
1923,IBI out of range,Row 1923 | Timestamp: 1710812068719 ms | PPG(Green=2056508, Red=2056508, Ir=2056508) | ACC(X=2.21782207489014, Y=-8.82099151611328, Z=-3.83208990097046) | HR=81 bpm | IBI=0 ms | Participant=P02
1924,IBI out of range,Row 1924 | Timestamp: 1710812068759 ms | PPG(Green=2057582, Red=2057582, Ir=2057582) | ACC(X=2.21782207489014, Y=-8.76111507415771, Z=-3.82490468025208) | HR=82 bpm | IBI=0 ms | Participant=P02
1925,IBI out of range,Row 1925 | Timestamp: 1710812068799 ms | PPG(Green=2058668, Red=2058668, Ir=2058668) | ACC(X=2.28488349914551, Y=-8.80662155151367, Z=-3.80574417114258) | HR=83 bpm | IBI=0 ms | Participant=P02
1926,IBI out of range,Row 1926 | Timestamp: 1710812068839 ms | PPG(Green=2059597, Red=2059597, Ir=2059597) | ACC(X=2.31601929664612, Y=-8.73476982116699, Z=-3.76263332366943) | HR=83 bpm | IBI=0 ms | Participant=P02
1927,IBI out of range,Row 1927 | Timestamp: 1710812068880 ms | PPG(Green=2060873, Red=2060873, Ir=2060873) | ACC(X=2.28009343147278, Y=-8.77788066864014, Z=-3.78418874740601) | HR=84 bpm | IBI=0 ms | Participant=P02
1928,IBI out of range,Row 1928 | Timestamp: 1710812068919 ms | PPG(Green=2061291, Red=2061291, Ir=2061291) | ACC(X=2.26332807540894, Y=-8.7323751449585, Z=-3.85364532470703) | HR=85 bpm | IBI=0 ms | Participant=P02
1929,IBI out of range,Row 1929 | Timestamp: 1710812068959 ms | PPG(Green=2059741, Red=2059741, Ir=2059741) | ACC(X=2.2776985168457, Y=-8.7395601272583, Z=-3.86562061309815) | HR=85 bpm | IBI=0 ms | Participant=P02
1930,HeartRate out of range,Row 1930 | Timestamp: 1710812068999 ms | PPG(Green=2057606, Red=2057606, Ir=2057606) | ACC(X=2.20105671882629, Y=-8.7395601272583, Z=-3.8296947479248) | HR=0 bpm | IBI=0 ms | Participant=P02
1931,HeartRate out of range,Row 1931 | Timestamp: 1710812069039 ms | PPG(Green=2055829, Red=2055829, Ir=2055829) | ACC(X=2.23937749862671, Y=-8.76830101013184, Z=-3.87041091918945) | HR=0 bpm | IBI=0 ms | Participant=P02
1932,HeartRate out of range,Row 1932 | Timestamp: 1710812069080 ms | PPG(Green=2055066, Red=2055066, Ir=2055066) | ACC(X=2.24656271934509, Y=-8.77548599243164, Z=-3.84646034240723) | HR=0 bpm | IBI=0 ms | Participant=P02
1933,HeartRate out of range,Row 1933 | Timestamp: 1710812069120 ms | PPG(Green=2055155, Red=2055155, Ir=2055155) | ACC(X=2.32799458503723, Y=-8.71321487426758, Z=-3.83687996864319) | HR=0 bpm | IBI=0 ms | Participant=P02
1934,HeartRate out of range,Row 1934 | Timestamp: 1710812069160 ms | PPG(Green=2055593, Red=2055593, Ir=2055593) | ACC(X=2.26572322845459, Y=-8.68926429748535, Z=-3.88478112220764) | HR=0 bpm | IBI=0 ms | Participant=P02
1935,HeartRate out of range,Row 1935 | Timestamp: 1710812069200 ms | PPG(Green=2056222, Red=2056222, Ir=2056222) | ACC(X=2.27051329612732, Y=-8.71321487426758, Z=-3.84167003631592) | HR=0 bpm | IBI=0 ms | Participant=P02
1936,HeartRate out of range,Row 1936 | Timestamp: 1710812069240 ms | PPG(Green=2056640, Red=2056640, Ir=2056640) | ACC(X=2.28009343147278, Y=-8.67489337921143, Z=-3.82490468025208) | HR=0 bpm | IBI=0 ms | Participant=P02
1937,HeartRate out of range,Row 1937 | Timestamp: 1710812069281 ms | PPG(Green=2056669, Red=2056669, Ir=2056669) | ACC(X=2.24416756629944, Y=-8.67489337921143, Z=-3.87999105453491) | HR=0 bpm | IBI=669 ms | Participant=P02
1938,HeartRate out of range,Row 1938 | Timestamp: 1710812069320 ms | PPG(Green=2056601, Red=2056601, Ir=2056601) | ACC(X=2.24895787239075, Y=-8.7491397857666, Z=-3.85604047775269) | HR=0 bpm | IBI=0 ms | Participant=P02
1939,HeartRate out of range,Row 1939 | Timestamp: 1710812069360 ms | PPG(Green=2056566, Red=2056566, Ir=2056566) | ACC(X=2.28727865219116, Y=-8.7395601272583, Z=-3.83687996864319) | HR=0 bpm | IBI=0 ms | Participant=P02
1940,IBI out of range,Row 1940 | Timestamp: 1710812069400 ms | PPG(Green=2056883, Red=2056883, Ir=2056883) | ACC(X=2.36631560325623, Y=-8.66770839691162, Z=-3.84406518936157) | HR=86 bpm | IBI=0 ms | Participant=P02
1941,IBI out of range,Row 1941 | Timestamp: 1710812069441 ms | PPG(Green=2057571, Red=2057571, Ir=2057571) | ACC(X=2.25135278701782, Y=-8.76351070404053, Z=-3.89915156364441) | HR=86 bpm | IBI=0 ms | Participant=P02
1942,HeartRate out of range,Row 1942 | Timestamp: 1710812069481 ms | PPG(Green=2058338, Red=2058338, Ir=2058338) | ACC(X=2.24177265167236, Y=-8.74674510955811, Z=-3.92789220809936) | HR=0 bpm | IBI=0 ms | Participant=P02
1943,HeartRate out of range,Row 1943 | Timestamp: 1710812069521 ms | PPG(Green=2059290, Red=2059290, Ir=2059290) | ACC(X=2.28967380523682, Y=-8.70123958587646, Z=-3.8943612575531) | HR=0 bpm | IBI=0 ms | Participant=P02
1944,HeartRate out of range,Row 1944 | Timestamp: 1710812069561 ms | PPG(Green=2060258, Red=2060258, Ir=2060258) | ACC(X=2.31362438201904, Y=-8.65573310852051, Z=-3.87041091918945) | HR=0 bpm | IBI=0 ms | Participant=P02
1945,HeartRate out of range,Row 1945 | Timestamp: 1710812069601 ms | PPG(Green=2061201, Red=2061201, Ir=2061201) | ACC(X=2.29925394058228, Y=-8.67968368530273, Z=-3.84646034240723) | HR=0 bpm | IBI=0 ms | Participant=P02
1946,HeartRate out of range,Row 1946 | Timestamp: 1710812069641 ms | PPG(Green=2062148, Red=2062148, Ir=2062148) | ACC(X=2.29446387290955, Y=-8.7371654510498, Z=-3.8680157661438) | HR=0 bpm | IBI=0 ms | Participant=P02
1947,HeartRate out of range,Row 1947 | Timestamp: 1710812069682 ms | PPG(Green=2061577, Red=2061577, Ir=2061577) | ACC(X=2.30883407592773, Y=-8.68686866760254, Z=-3.89196634292603) | HR=0 bpm | IBI=0 ms | Participant=P02
1948,HeartRate out of range,Row 1948 | Timestamp: 1710812069721 ms | PPG(Green=2059224, Red=2059224, Ir=2059224) | ACC(X=2.35434031486511, Y=-8.71800422668457, Z=-3.82729983329773) | HR=0 bpm | IBI=0 ms | Participant=P02
1949,HeartRate out of range,Row 1949 | Timestamp: 1710812069761 ms | PPG(Green=2056675, Red=2056675, Ir=2056675) | ACC(X=2.31362438201904, Y=-8.69644927978516, Z=-3.87041091918945) | HR=0 bpm | IBI=821 ms | Participant=P02
1950,HeartRate out of range,Row 1950 | Timestamp: 1710812069801 ms | PPG(Green=2055246, Red=2055246, Ir=2055246) | ACC(X=2.24416756629944, Y=-8.70363426208496, Z=-3.81532454490662) | HR=0 bpm | IBI=0 ms | Participant=P02
1951,HeartRate out of range,Row 1951 | Timestamp: 1710812069842 ms | PPG(Green=2054524, Red=2054524, Ir=2054524) | ACC(X=2.26811814308167, Y=-8.62459754943848, Z=-3.85364532470703) | HR=0 bpm | IBI=0 ms | Participant=P02
1952,HeartRate out of range,Row 1952 | Timestamp: 1710812069882 ms | PPG(Green=2054677, Red=2054677, Ir=2054677) | ACC(X=2.24656271934509, Y=-8.72519016265869, Z=-3.90394163131714) | HR=0 bpm | IBI=0 ms | Participant=P02
1953,HeartRate out of range,Row 1953 | Timestamp: 1710812069922 ms | PPG(Green=2055107, Red=2055107, Ir=2055107) | ACC(X=2.31362438201904, Y=-8.70842456817627, Z=-3.91112685203552) | HR=0 bpm | IBI=0 ms | Participant=P02
1954,HeartRate out of range,Row 1954 | Timestamp: 1710812069962 ms | PPG(Green=2055489, Red=2055489, Ir=2055489) | ACC(X=2.26572322845459, Y=-8.76590538024902, Z=-3.94226241111755) | HR=0 bpm | IBI=0 ms | Participant=P02
1955,HeartRate out of range,Row 1955 | Timestamp: 1710812070002 ms | PPG(Green=2055466, Red=2055466, Ir=2055466) | ACC(X=2.25135278701782, Y=-8.75393009185791, Z=-3.87999105453491) | HR=0 bpm | IBI=0 ms | Participant=P02
1956,HeartRate out of range,Row 1956 | Timestamp: 1710812070042 ms | PPG(Green=2055048, Red=2055048, Ir=2055048) | ACC(X=2.30164909362793, Y=-8.68926429748535, Z=-3.95184278488159) | HR=0 bpm | IBI=0 ms | Participant=P02
1957,HeartRate out of range,Row 1957 | Timestamp: 1710812070083 ms | PPG(Green=2055048, Red=2055048, Ir=2055048) | ACC(X=2.27051329612732, Y=-8.70842456817627, Z=-3.87759590148926) | HR=0 bpm | IBI=0 ms | Participant=P02
1958,HeartRate out of range,Row 1958 | Timestamp: 1710812070122 ms | PPG(Green=2055245, Red=2055245, Ir=2055245) | ACC(X=2.16752576828003, Y=-8.77309036254883, Z=-3.82729983329773) | HR=0 bpm | IBI=0 ms | Participant=P02
1959,HeartRate out of range,Row 1959 | Timestamp: 1710812070162 ms | PPG(Green=2055763, Red=2055763, Ir=2055763) | ACC(X=2.28248858451843, Y=-8.72997951507568, Z=-3.93507742881775) | HR=0 bpm | IBI=0 ms | Participant=P02
1960,HeartRate out of range,Row 1960 | Timestamp: 1710812070203 ms | PPG(Green=2056695, Red=2056695, Ir=2056695) | ACC(X=2.30883407592773, Y=-8.72519016265869, Z=-3.88478112220764) | HR=0 bpm | IBI=0 ms | Participant=P02
1961,HeartRate out of range,Row 1961 | Timestamp: 1710812070243 ms | PPG(Green=2057522, Red=2057522, Ir=2057522) | ACC(X=2.23219227790833, Y=-8.7491397857666, Z=-3.92789220809936) | HR=0 bpm | IBI=0 ms | Participant=P02
1962,HeartRate out of range,Row 1962 | Timestamp: 1710812070283 ms | PPG(Green=2058383, Red=2058383, Ir=2058383) | ACC(X=2.32080936431885, Y=-8.61501693725586, Z=-3.94465756416321) | HR=0 bpm | IBI=0 ms | Participant=P02
1963,HeartRate out of range,Row 1963 | Timestamp: 1710812070323 ms | PPG(Green=2059455, Red=2059455, Ir=2059455) | ACC(X=2.21542692184448, Y=-8.70363426208496, Z=-3.9135217666626) | HR=0 bpm | IBI=0 ms | Participant=P02
1964,HeartRate out of range,Row 1964 | Timestamp: 1710812070363 ms | PPG(Green=2060286, Red=2060286, Ir=2060286) | ACC(X=2.24177265167236, Y=-8.73476982116699, Z=-3.94705247879028) | HR=0 bpm | IBI=0 ms | Participant=P02
1965,HeartRate out of range,Row 1965 | Timestamp: 1710812070403 ms | PPG(Green=2059010, Red=2059010, Ir=2059010) | ACC(X=2.23937749862671, Y=-8.71560955047607, Z=-3.92070698738098) | HR=0 bpm | IBI=0 ms | Participant=P02
1966,HeartRate out of range,Row 1966 | Timestamp: 1710812070443 ms | PPG(Green=2056149, Red=2056149, Ir=2056149) | ACC(X=2.22261214256287, Y=-8.75393009185791, Z=-3.84406518936157) | HR=0 bpm | IBI=0 ms | Participant=P02
1967,HeartRate out of range,Row 1967 | Timestamp: 1710812070484 ms | PPG(Green=2053406, Red=2053406, Ir=2053406) | ACC(X=2.24656271934509, Y=-8.76830101013184, Z=-3.85364532470703) | HR=0 bpm | IBI=0 ms | Participant=P02
1968,HeartRate out of range,Row 1968 | Timestamp: 1710812070524 ms | PPG(Green=2051865, Red=2051865, Ir=2051865) | ACC(X=2.23937749862671, Y=-8.67968368530273, Z=-3.94705247879028) | HR=0 bpm | IBI=0 ms | Participant=P02
1969,HeartRate out of range,Row 1969 | Timestamp: 1710812070564 ms | PPG(Green=2051220, Red=2051220, Ir=2051220) | ACC(X=2.20584678649902, Y=-8.70602893829346, Z=-3.91112685203552) | HR=0 bpm | IBI=0 ms | Participant=P02
1970,HeartRate out of range,Row 1970 | Timestamp: 1710812070604 ms | PPG(Green=2051374, Red=2051374, Ir=2051374) | ACC(X=2.23458743095398, Y=-8.74674510955811, Z=-3.92070698738098) | HR=0 bpm | IBI=0 ms | Participant=P02
1971,HeartRate out of range,Row 1971 | Timestamp: 1710812070644 ms | PPG(Green=2051852, Red=2051852, Ir=2051852) | ACC(X=2.21303200721741, Y=-8.75153541564941, Z=-3.90873169898987) | HR=0 bpm | IBI=0 ms | Participant=P02
1972,HeartRate out of range,Row 1972 | Timestamp: 1710812070685 ms | PPG(Green=2051976, Red=2051976, Ir=2051976) | ACC(X=2.22500729560852, Y=-8.75632572174072, Z=-3.92549705505371) | HR=0 bpm | IBI=0 ms | Participant=P02
1973,HeartRate out of range,Row 1973 | Timestamp: 1710812070724 ms | PPG(Green=2051714, Red=2051714, Ir=2051714) | ACC(X=2.1627357006073, Y=-8.74435043334961, Z=-3.95663285255432) | HR=0 bpm | IBI=0 ms | Participant=P02
1974,HeartRate out of range,Row 1974 | Timestamp: 1710812070764 ms | PPG(Green=2051272, Red=2051272, Ir=2051272) | ACC(X=2.21303200721741, Y=-8.7491397857666, Z=-3.87041091918945) | HR=0 bpm | IBI=0 ms | Participant=P02
1975,HeartRate out of range,Row 1975 | Timestamp: 1710812070804 ms | PPG(Green=2051142, Red=2051142, Ir=2051142) | ACC(X=2.26811814308167, Y=-8.75393009185791, Z=-3.94705247879028) | HR=0 bpm | IBI=0 ms | Participant=P02
1976,HeartRate out of range,Row 1976 | Timestamp: 1710812070844 ms | PPG(Green=2051587, Red=2051587, Ir=2051587) | ACC(X=2.23219227790833, Y=-8.69644927978516, Z=-3.92549705505371) | HR=0 bpm | IBI=0 ms | Participant=P02
1977,HeartRate out of range,Row 1977 | Timestamp: 1710812070885 ms | PPG(Green=2052081, Red=2052081, Ir=2052081) | ACC(X=2.16752576828003, Y=-8.71321487426758, Z=-3.90873169898987) | HR=0 bpm | IBI=0 ms | Participant=P02
1978,HeartRate out of range,Row 1978 | Timestamp: 1710812070925 ms | PPG(Green=2052932, Red=2052932, Ir=2052932) | ACC(X=2.19147634506226, Y=-8.77548599243164, Z=-3.93986749649048) | HR=0 bpm | IBI=0 ms | Participant=P02
1979,HeartRate out of range,Row 1979 | Timestamp: 1710812070965 ms | PPG(Green=2053957, Red=2053957, Ir=2053957) | ACC(X=2.1818962097168, Y=-8.76590538024902, Z=-3.98058342933655) | HR=0 bpm | IBI=0 ms | Participant=P02
1980,HeartRate out of range,Row 1980 | Timestamp: 1710812071005 ms | PPG(Green=2054871, Red=2054871, Ir=2054871) | ACC(X=2.20345163345337, Y=-8.80422687530518, Z=-3.96381807327271) | HR=0 bpm | IBI=0 ms | Participant=P02
1981,HeartRate out of range,Row 1981 | Timestamp: 1710812071045 ms | PPG(Green=2055918, Red=2055918, Ir=2055918) | ACC(X=2.24895787239075, Y=-8.69884395599365, Z=-3.90873169898987) | HR=0 bpm | IBI=0 ms | Participant=P02
1982,HeartRate out of range,Row 1982 | Timestamp: 1710812071086 ms | PPG(Green=2057000, Red=2057000, Ir=2057000) | ACC(X=2.24895787239075, Y=-8.72519016265869, Z=-3.93507742881775) | HR=0 bpm | IBI=0 ms | Participant=P02
1983,HeartRate out of range,Row 1983 | Timestamp: 1710812071125 ms | PPG(Green=2056048, Red=2056048, Ir=2056048) | ACC(X=2.30883407592773, Y=-8.75153541564941, Z=-3.88238596916199) | HR=0 bpm | IBI=0 ms | Participant=P02
1984,HeartRate out of range,Row 1984 | Timestamp: 1710812071165 ms | PPG(Green=2052835, Red=2052835, Ir=2052835) | ACC(X=2.19626641273499, Y=-8.69884395599365, Z=-3.9135217666626) | HR=0 bpm | IBI=0 ms | Participant=P02
1985,HeartRate out of range,Row 1985 | Timestamp: 1710812071205 ms | PPG(Green=2049101, Red=2049101, Ir=2049101) | ACC(X=2.23458743095398, Y=-8.71560955047607, Z=-3.90154647827148) | HR=0 bpm | IBI=0 ms | Participant=P02
1986,HeartRate out of range,Row 1986 | Timestamp: 1710812071245 ms | PPG(Green=2046561, Red=2046561, Ir=2046561) | ACC(X=2.23937749862671, Y=-8.69165897369385, Z=-3.91112685203552) | HR=0 bpm | IBI=0 ms | Participant=P02
1987,HeartRate out of range,Row 1987 | Timestamp: 1710812071286 ms | PPG(Green=2045416, Red=2045416, Ir=2045416) | ACC(X=2.19387149810791, Y=-8.75153541564941, Z=-3.9590277671814) | HR=0 bpm | IBI=0 ms | Participant=P02
1988,HeartRate out of range,Row 1988 | Timestamp: 1710812071326 ms | PPG(Green=2044498, Red=2044498, Ir=2044498) | ACC(X=2.1435751914978, Y=-8.78506565093994, Z=-3.87759590148926) | HR=0 bpm | IBI=0 ms | Participant=P02
1989,HeartRate out of range,Row 1989 | Timestamp: 1710812071366 ms | PPG(Green=2044405, Red=2044405, Ir=2044405) | ACC(X=2.26093292236328, Y=-8.7491397857666, Z=-3.92789220809936) | HR=0 bpm | IBI=0 ms | Participant=P02
1990,HeartRate out of range,Row 1990 | Timestamp: 1710812071406 ms | PPG(Green=2044219, Red=2044219, Ir=2044219) | ACC(X=2.15076041221619, Y=-8.68686866760254, Z=-3.87999105453491) | HR=0 bpm | IBI=0 ms | Participant=P02
1991,HeartRate out of range,Row 1991 | Timestamp: 1710812071446 ms | PPG(Green=2043494, Red=2043494, Ir=2043494) | ACC(X=2.25374794006348, Y=-8.7371654510498, Z=-3.93747234344482) | HR=0 bpm | IBI=0 ms | Participant=P02
1992,IBI out of range,Row 1992 | Timestamp: 1710812071487 ms | PPG(Green=2042553, Red=2042553, Ir=2042553) | ACC(X=2.16992092132568, Y=-8.72758483886719, Z=-3.89915156364441) | HR=80 bpm | IBI=0 ms | Participant=P02
1993,IBI out of range,Row 1993 | Timestamp: 1710812071526 ms | PPG(Green=2042014, Red=2042014, Ir=2042014) | ACC(X=2.18908143043518, Y=-8.79704093933105, Z=-3.87999105453491) | HR=80 bpm | IBI=0 ms | Participant=P02
1994,IBI out of range,Row 1994 | Timestamp: 1710812071566 ms | PPG(Green=2041843, Red=2041843, Ir=2041843) | ACC(X=2.26093292236328, Y=-8.76111507415771, Z=-3.89675641059875) | HR=79 bpm | IBI=0 ms | Participant=P02
1995,IBI out of range,Row 1995 | Timestamp: 1710812071606 ms | PPG(Green=2041893, Red=2041893, Ir=2041893) | ACC(X=2.19387149810791, Y=-8.68447399139404, Z=-3.91112685203552) | HR=78 bpm | IBI=0 ms | Participant=P02
1996,HeartRate out of range,Row 1996 | Timestamp: 1710812071647 ms | PPG(Green=2042494, Red=2042494, Ir=2042494) | ACC(X=2.18429136276245, Y=-8.72039985656738, Z=-3.94944763183594) | HR=0 bpm | IBI=0 ms | Participant=P02
1997,HeartRate out of range,Row 1997 | Timestamp: 1710812071687 ms | PPG(Green=2043213, Red=2043213, Ir=2043213) | ACC(X=2.15555047988892, Y=-8.66770839691162, Z=-3.9135217666626) | HR=0 bpm | IBI=0 ms | Participant=P02
1998,HeartRate out of range,Row 1998 | Timestamp: 1710812071727 ms | PPG(Green=2044016, Red=2044016, Ir=2044016) | ACC(X=2.22261214256287, Y=-8.74435043334961, Z=-3.92549705505371) | HR=0 bpm | IBI=0 ms | Participant=P02
1999,HeartRate out of range,Row 1999 | Timestamp: 1710812071767 ms | PPG(Green=2044969, Red=2044969, Ir=2044969) | ACC(X=2.21542692184448, Y=-8.74435043334961, Z=-3.93507742881775) | HR=0 bpm | IBI=0 ms | Participant=P02
2000,IBI out of range,Row 2000 | Timestamp: 1710812071807 ms | PPG(Green=2045684, Red=2045684, Ir=2045684) | ACC(X=2.17471098899841, Y=-8.71800422668457, Z=-3.87999105453491) | HR=79 bpm | IBI=0 ms | Participant=P02
2001,IBI out of range,Row 2001 | Timestamp: 1710812071847 ms | PPG(Green=2046625, Red=2046625, Ir=2046625) | ACC(X=2.18668627738953, Y=-8.71321487426758, Z=-3.84406518936157) | HR=79 bpm | IBI=0 ms | Participant=P02
2002,IBI out of range,Row 2002 | Timestamp: 1710812071888 ms | PPG(Green=2046217, Red=2046217, Ir=2046217) | ACC(X=2.30164909362793, Y=-8.70842456817627, Z=-3.94226241111755) | HR=79 bpm | IBI=0 ms | Participant=P02
2003,IBI out of range,Row 2003 | Timestamp: 1710812071927 ms | PPG(Green=2042793, Red=2042793, Ir=2042793) | ACC(X=2.16513085365295, Y=-8.67010307312012, Z=-3.9326822757721) | HR=79 bpm | IBI=0 ms | Participant=P02
2004,HeartRate out of range,Row 2004 | Timestamp: 1710812071967 ms | PPG(Green=2038637, Red=2038637, Ir=2038637) | ACC(X=2.18429136276245, Y=-8.72519016265869, Z=-3.9326822757721) | HR=0 bpm | IBI=0 ms | Participant=P02
2005,HeartRate out of range,Row 2005 | Timestamp: 1710812072008 ms | PPG(Green=2035673, Red=2035673, Ir=2035673) | ACC(X=2.27290821075439, Y=-8.70363426208496, Z=-3.92549705505371) | HR=0 bpm | IBI=0 ms | Participant=P02
2006,HeartRate out of range,Row 2006 | Timestamp: 1710812072048 ms | PPG(Green=2033821, Red=2033821, Ir=2033821) | ACC(X=2.24895787239075, Y=-8.72997951507568, Z=-3.93028712272644) | HR=0 bpm | IBI=0 ms | Participant=P02
2007,HeartRate out of range,Row 2007 | Timestamp: 1710812072088 ms | PPG(Green=2032712, Red=2032712, Ir=2032712) | ACC(X=2.23698258399963, Y=-8.70602893829346, Z=-3.92070698738098) | HR=0 bpm | IBI=0 ms | Participant=P02
2008,HeartRate out of range,Row 2008 | Timestamp: 1710812072128 ms | PPG(Green=2032305, Red=2032305, Ir=2032305) | ACC(X=2.16513085365295, Y=-8.7371654510498, Z=-3.88478112220764) | HR=0 bpm | IBI=0 ms | Participant=P02
2009,HeartRate out of range,Row 2009 | Timestamp: 1710812072168 ms | PPG(Green=2031939, Red=2031939, Ir=2031939) | ACC(X=2.18908143043518, Y=-8.71560955047607, Z=-3.89196634292603) | HR=0 bpm | IBI=0 ms | Participant=P02
2010,HeartRate out of range,Row 2010 | Timestamp: 1710812072208 ms | PPG(Green=2031211, Red=2031211, Ir=2031211) | ACC(X=2.23219227790833, Y=-8.74435043334961, Z=-3.88478112220764) | HR=0 bpm | IBI=0 ms | Participant=P02
2011,HeartRate out of range,Row 2011 | Timestamp: 1710812072248 ms | PPG(Green=2030177, Red=2030177, Ir=2030177) | ACC(X=2.21063685417175, Y=-8.78267097473145, Z=-3.88238596916199) | HR=0 bpm | IBI=0 ms | Participant=P02
2012,HeartRate out of range,Row 2012 | Timestamp: 1710812072289 ms | PPG(Green=2029456, Red=2029456, Ir=2029456) | ACC(X=2.25135278701782, Y=-8.76830101013184, Z=-3.90154647827148) | HR=0 bpm | IBI=0 ms | Participant=P02
2013,HeartRate out of range,Row 2013 | Timestamp: 1710812072328 ms | PPG(Green=2028998, Red=2028998, Ir=2028998) | ACC(X=2.26093292236328, Y=-8.74435043334961, Z=-3.86083054542542) | HR=0 bpm | IBI=0 ms | Participant=P02
2014,HeartRate out of range,Row 2014 | Timestamp: 1710812072369 ms | PPG(Green=2029088, Red=2029088, Ir=2029088) | ACC(X=2.23937749862671, Y=-8.74435043334961, Z=-3.87759590148926) | HR=0 bpm | IBI=0 ms | Participant=P02
2015,HeartRate out of range,Row 2015 | Timestamp: 1710812072409 ms | PPG(Green=2029662, Red=2029662, Ir=2029662) | ACC(X=2.2082417011261, Y=-8.71560955047607, Z=-3.96381807327271) | HR=0 bpm | IBI=0 ms | Participant=P02
2016,HeartRate out of range,Row 2016 | Timestamp: 1710812072449 ms | PPG(Green=2030159, Red=2030159, Ir=2030159) | ACC(X=2.17231607437134, Y=-8.79464626312256, Z=-3.87041091918945) | HR=0 bpm | IBI=0 ms | Participant=P02
2017,HeartRate out of range,Row 2017 | Timestamp: 1710812072490 ms | PPG(Green=2030942, Red=2030942, Ir=2030942) | ACC(X=2.17950105667114, Y=-8.7395601272583, Z=-3.94944763183594) | HR=0 bpm | IBI=0 ms | Participant=P02
2018,HeartRate out of range,Row 2018 | Timestamp: 1710812072529 ms | PPG(Green=2031919, Red=2031919, Ir=2031919) | ACC(X=2.17471098899841, Y=-8.70842456817627, Z=-3.92789220809936) | HR=0 bpm | IBI=0 ms | Participant=P02
2019,HeartRate out of range,Row 2019 | Timestamp: 1710812072569 ms | PPG(Green=2032699, Red=2032699, Ir=2032699) | ACC(X=2.19866156578064, Y=-8.75632572174072, Z=-3.97818827629089) | HR=0 bpm | IBI=0 ms | Participant=P02
2020,HeartRate out of range,Row 2020 | Timestamp: 1710812072609 ms | PPG(Green=2033685, Red=2033685, Ir=2033685) | ACC(X=2.18429136276245, Y=-8.80183124542236, Z=-3.93028712272644) | HR=0 bpm | IBI=0 ms | Participant=P02
2021,HeartRate out of range,Row 2021 | Timestamp: 1710812072649 ms | PPG(Green=2034722, Red=2034722, Ir=2034722) | ACC(X=2.15555047988892, Y=-8.66052341461182, Z=-3.92789220809936) | HR=0 bpm | IBI=0 ms | Participant=P02
2022,HeartRate out of range,Row 2022 | Timestamp: 1710812072690 ms | PPG(Green=2035644, Red=2035644, Ir=2035644) | ACC(X=2.22261214256287, Y=-8.68447399139404, Z=-3.8943612575531) | HR=0 bpm | IBI=0 ms | Participant=P02
2023,HeartRate out of range,Row 2023 | Timestamp: 1710812072730 ms | PPG(Green=2035204, Red=2035204, Ir=2035204) | ACC(X=2.18908143043518, Y=-8.75632572174072, Z=-3.92310214042664) | HR=0 bpm | IBI=0 ms | Participant=P02
2024,HeartRate out of range,Row 2024 | Timestamp: 1710812072770 ms | PPG(Green=2031840, Red=2031840, Ir=2031840) | ACC(X=2.23458743095398, Y=-8.68447399139404, Z=-3.89196634292603) | HR=0 bpm | IBI=0 ms | Participant=P02
2025,HeartRate out of range,Row 2025 | Timestamp: 1710812072810 ms | PPG(Green=2028078, Red=2028078, Ir=2028078) | ACC(X=2.18668627738953, Y=-8.70363426208496, Z=-3.90394163131714) | HR=0 bpm | IBI=0 ms | Participant=P02
2026,HeartRate out of range,Row 2026 | Timestamp: 1710812072850 ms | PPG(Green=2025404, Red=2025404, Ir=2025404) | ACC(X=2.22500729560852, Y=-8.7395601272583, Z=-3.97100305557251) | HR=0 bpm | IBI=0 ms | Participant=P02
2027,HeartRate out of range,Row 2027 | Timestamp: 1710812072891 ms | PPG(Green=2023950, Red=2023950, Ir=2023950) | ACC(X=2.16752576828003, Y=-8.71081924438477, Z=-3.97100305557251) | HR=0 bpm | IBI=0 ms | Participant=P02
2028,IBI out of range,Row 2028 | Timestamp: 1710812072930 ms | PPG(Green=2022971, Red=2022971, Ir=2022971) | ACC(X=2.20584678649902, Y=-8.74435043334961, Z=-3.91831183433533) | HR=80 bpm | IBI=0 ms | Participant=P02
2029,IBI out of range,Row 2029 | Timestamp: 1710812072970 ms | PPG(Green=2022754, Red=2022754, Ir=2022754) | ACC(X=2.21542692184448, Y=-8.72519016265869, Z=-3.94465756416321) | HR=80 bpm | IBI=0 ms | Participant=P02
2030,IBI out of range,Row 2030 | Timestamp: 1710812073010 ms | PPG(Green=2022800, Red=2022800, Ir=2022800) | ACC(X=2.19147634506226, Y=-8.66770839691162, Z=-3.92310214042664) | HR=80 bpm | IBI=0 ms | Participant=P02
2031,HeartRate out of range,Row 2031 | Timestamp: 1710812073050 ms | PPG(Green=2022210, Red=2022210, Ir=2022210) | ACC(X=2.23219227790833, Y=-8.72758483886719, Z=-3.87999105453491) | HR=0 bpm | IBI=0 ms | Participant=P02
2032,IBI out of range,Row 2032 | Timestamp: 1710812073091 ms | PPG(Green=2021417, Red=2021417, Ir=2021417) | ACC(X=2.2082417011261, Y=-8.6509428024292, Z=-3.91112685203552) | HR=79 bpm | IBI=0 ms | Participant=P02
2033,HeartRate out of range,Row 2033 | Timestamp: 1710812073131 ms | PPG(Green=2020828, Red=2020828, Ir=2020828) | ACC(X=2.21303200721741, Y=-8.70842456817627, Z=-3.95663285255432) | HR=0 bpm | IBI=0 ms | Participant=P02
2034,HeartRate out of range,Row 2034 | Timestamp: 1710812073171 ms | PPG(Green=2020701, Red=2020701, Ir=2020701) | ACC(X=2.17471098899841, Y=-8.70842456817627, Z=-3.98537349700928) | HR=0 bpm | IBI=0 ms | Participant=P02
2035,HeartRate out of range,Row 2035 | Timestamp: 1710812073211 ms | PPG(Green=2020872, Red=2020872, Ir=2020872) | ACC(X=2.27051329612732, Y=-8.7419548034668, Z=-3.92549705505371) | HR=0 bpm | IBI=0 ms | Participant=P02
2036,IBI out of range,Row 2036 | Timestamp: 1710812073251 ms | PPG(Green=2021567, Red=2021567, Ir=2021567) | ACC(X=2.26811814308167, Y=-8.69165897369385, Z=-3.87520098686218) | HR=79 bpm | IBI=0 ms | Participant=P02
2037,IBI out of range,Row 2037 | Timestamp: 1710812073292 ms | PPG(Green=2022253, Red=2022253, Ir=2022253) | ACC(X=2.21542692184448, Y=-8.74435043334961, Z=-3.97339820861816) | HR=80 bpm | IBI=0 ms | Participant=P02
2038,IBI out of range,Row 2038 | Timestamp: 1710812073331 ms | PPG(Green=2023088, Red=2023088, Ir=2023088) | ACC(X=2.24177265167236, Y=-8.70363426208496, Z=-3.94226241111755) | HR=79 bpm | IBI=0 ms | Participant=P02
2039,IBI out of range,Row 2039 | Timestamp: 1710812073371 ms | PPG(Green=2023836, Red=2023836, Ir=2023836) | ACC(X=2.27051329612732, Y=-8.68926429748535, Z=-3.91591691970825) | HR=78 bpm | IBI=0 ms | Participant=P02
2040,IBI out of range,Row 2040 | Timestamp: 1710812073411 ms | PPG(Green=2025010, Red=2025010, Ir=2025010) | ACC(X=2.19147634506226, Y=-8.73476982116699, Z=-3.90633654594421) | HR=78 bpm | IBI=0 ms | Participant=P02
2041,IBI out of range,Row 2041 | Timestamp: 1710812073451 ms | PPG(Green=2025989, Red=2025989, Ir=2025989) | ACC(X=2.20584678649902, Y=-8.78267097473145, Z=-3.99734878540039) | HR=78 bpm | IBI=0 ms | Participant=P02
2042,IBI out of range,Row 2042 | Timestamp: 1710812073492 ms | PPG(Green=2027089, Red=2027089, Ir=2027089) | ACC(X=2.28488349914551, Y=-8.72997951507568, Z=-3.90394163131714) | HR=78 bpm | IBI=0 ms | Participant=P02
2043,IBI out of range,Row 2043 | Timestamp: 1710812073531 ms | PPG(Green=2028203, Red=2028203, Ir=2028203) | ACC(X=2.2082417011261, Y=-8.67010307312012, Z=-3.8871762752533) | HR=79 bpm | IBI=0 ms | Participant=P02
2044,IBI out of range,Row 2044 | Timestamp: 1710812073571 ms | PPG(Green=2029314, Red=2029314, Ir=2029314) | ACC(X=2.1627357006073, Y=-8.74435043334961, Z=-3.92070698738098) | HR=79 bpm | IBI=0 ms | Participant=P02
2045,HeartRate out of range,Row 2045 | Timestamp: 1710812073611 ms | PPG(Green=2027640, Red=2027640, Ir=2027640) | ACC(X=2.22979736328125, Y=-8.71321487426758, Z=-3.95663285255432) | HR=0 bpm | IBI=0 ms | Participant=P02
2046,HeartRate out of range,Row 2046 | Timestamp: 1710812073652 ms | PPG(Green=2024451, Red=2024451, Ir=2024451) | ACC(X=2.26093292236328, Y=-8.68447399139404, Z=-3.92549705505371) | HR=0 bpm | IBI=0 ms | Participant=P02
2047,HeartRate out of range,Row 2047 | Timestamp: 1710812073693 ms | PPG(Green=2021560, Red=2021560, Ir=2021560) | ACC(X=2.19387149810791, Y=-8.75153541564941, Z=-3.93028712272644) | HR=0 bpm | IBI=0 ms | Participant=P02
2048,IBI out of range,Row 2048 | Timestamp: 1710812073732 ms | PPG(Green=2019954, Red=2019954, Ir=2019954) | ACC(X=2.26811814308167, Y=-8.72279453277588, Z=-3.8943612575531) | HR=78 bpm | IBI=0 ms | Participant=P02
2049,IBI out of range,Row 2049 | Timestamp: 1710812073772 ms | PPG(Green=2019211, Red=2019211, Ir=2019211) | ACC(X=2.29685878753662, Y=-8.69644927978516, Z=-3.95423769950867) | HR=77 bpm | IBI=0 ms | Participant=P02
2050,IBI out of range,Row 2050 | Timestamp: 1710812073812 ms | PPG(Green=2019360, Red=2019360, Ir=2019360) | ACC(X=2.26332807540894, Y=-8.72997951507568, Z=-3.91112685203552) | HR=78 bpm | IBI=0 ms | Participant=P02
2051,HeartRate out of range,Row 2051 | Timestamp: 1710812073852 ms | PPG(Green=2019972, Red=2019972, Ir=2019972) | ACC(X=2.28009343147278, Y=-8.7371654510498, Z=-3.9135217666626) | HR=0 bpm | IBI=0 ms | Participant=P02
2052,HeartRate out of range,Row 2052 | Timestamp: 1710812073893 ms | PPG(Green=2019954, Red=2019954, Ir=2019954) | ACC(X=2.25614285469055, Y=-8.68447399139404, Z=-3.91112685203552) | HR=0 bpm | IBI=0 ms | Participant=P02
2053,HeartRate out of range,Row 2053 | Timestamp: 1710812073932 ms | PPG(Green=2019479, Red=2019479, Ir=2019479) | ACC(X=2.22979736328125, Y=-8.75872039794922, Z=-3.87999105453491) | HR=0 bpm | IBI=0 ms | Participant=P02
2054,HeartRate out of range,Row 2054 | Timestamp: 1710812073972 ms | PPG(Green=2018978, Red=2018978, Ir=2018978) | ACC(X=2.24895787239075, Y=-8.69165897369385, Z=-3.93028712272644) | HR=0 bpm | IBI=0 ms | Participant=P02
2055,HeartRate out of range,Row 2055 | Timestamp: 1710812074012 ms | PPG(Green=2019024, Red=2019024, Ir=2019024) | ACC(X=2.25374794006348, Y=-8.70602893829346, Z=-3.9135217666626) | HR=0 bpm | IBI=0 ms | Participant=P02
2056,HeartRate out of range,Row 2056 | Timestamp: 1710812074053 ms | PPG(Green=2019250, Red=2019250, Ir=2019250) | ACC(X=2.27051329612732, Y=-8.71321487426758, Z=-3.97818827629089) | HR=0 bpm | IBI=0 ms | Participant=P02
2057,HeartRate out of range,Row 2057 | Timestamp: 1710812074093 ms | PPG(Green=2019865, Red=2019865, Ir=2019865) | ACC(X=2.18908143043518, Y=-8.72519016265869, Z=-3.93986749649048) | HR=0 bpm | IBI=0 ms | Participant=P02
2058,HeartRate out of range,Row 2058 | Timestamp: 1710812074133 ms | PPG(Green=2020910, Red=2020910, Ir=2020910) | ACC(X=2.24656271934509, Y=-8.68926429748535, Z=-3.95663285255432) | HR=0 bpm | IBI=0 ms | Participant=P02
2059,IBI out of range,Row 2059 | Timestamp: 1710812074173 ms | PPG(Green=2021795, Red=2021795, Ir=2021795) | ACC(X=2.24177265167236, Y=-8.67249870300293, Z=-3.94465756416321) | HR=76 bpm | IBI=0 ms | Participant=P02
2060,HeartRate out of range,Row 2060 | Timestamp: 1710812074213 ms | PPG(Green=2022878, Red=2022878, Ir=2022878) | ACC(X=2.24895787239075, Y=-8.6509428024292, Z=-3.91112685203552) | HR=0 bpm | IBI=0 ms | Participant=P02
2061,HeartRate out of range,Row 2061 | Timestamp: 1710812074253 ms | PPG(Green=2024012, Red=2024012, Ir=2024012) | ACC(X=2.28967380523682, Y=-8.71800422668457, Z=-3.98776865005493) | HR=0 bpm | IBI=0 ms | Participant=P02
2062,HeartRate out of range,Row 2062 | Timestamp: 1710812074294 ms | PPG(Green=2025162, Red=2025162, Ir=2025162) | ACC(X=2.1818962097168, Y=-8.75393009185791, Z=-4.0093240737915) | HR=0 bpm | IBI=0 ms | Participant=P02
2063,IBI out of range,Row 2063 | Timestamp: 1710812074333 ms | PPG(Green=2026193, Red=2026193, Ir=2026193) | ACC(X=2.25374794006348, Y=-8.69884395599365, Z=-3.87280583381653) | HR=77 bpm | IBI=0 ms | Participant=P02
2064,HeartRate out of range,Row 2064 | Timestamp: 1710812074373 ms | PPG(Green=2027481, Red=2027481, Ir=2027481) | ACC(X=2.21303200721741, Y=-8.72997951507568, Z=-3.98537349700928) | HR=0 bpm | IBI=0 ms | Participant=P02
2065,IBI out of range,Row 2065 | Timestamp: 1710812074413 ms | PPG(Green=2027976, Red=2027976, Ir=2027976) | ACC(X=2.27530336380005, Y=-8.67489337921143, Z=-3.90633654594421) | HR=77 bpm | IBI=0 ms | Participant=P02
2066,IBI out of range,Row 2066 | Timestamp: 1710812074453 ms | PPG(Green=2025657, Red=2025657, Ir=2025657) | ACC(X=2.2274022102356, Y=-8.6509428024292, Z=-4.02369451522827) | HR=76 bpm | IBI=0 ms | Participant=P02
2067,IBI out of range,Row 2067 | Timestamp: 1710812074494 ms | PPG(Green=2022720, Red=2022720, Ir=2022720) | ACC(X=2.31601929664612, Y=-8.71321487426758, Z=-3.95663285255432) | HR=77 bpm | IBI=0 ms | Participant=P02
2068,IBI out of range,Row 2068 | Timestamp: 1710812074534 ms | PPG(Green=2020554, Red=2020554, Ir=2020554) | ACC(X=2.19387149810791, Y=-8.7323751449585, Z=-3.89196634292603) | HR=77 bpm | IBI=0 ms | Participant=P02
2069,IBI out of range,Row 2069 | Timestamp: 1710812074574 ms | PPG(Green=2019642, Red=2019642, Ir=2019642) | ACC(X=2.23219227790833, Y=-8.7491397857666, Z=-3.96860814094543) | HR=75 bpm | IBI=0 ms | Participant=P02
2070,IBI out of range,Row 2070 | Timestamp: 1710812074614 ms | PPG(Green=2019579, Red=2019579, Ir=2019579) | ACC(X=2.26332807540894, Y=-8.69165897369385, Z=-3.95184278488159) | HR=75 bpm | IBI=0 ms | Participant=P02
2071,IBI out of range,Row 2071 | Timestamp: 1710812074654 ms | PPG(Green=2020196, Red=2020196, Ir=2020196) | ACC(X=2.23698258399963, Y=-8.7491397857666, Z=-3.92310214042664) | HR=77 bpm | IBI=0 ms | Participant=P02
2072,HeartRate out of range,Row 2072 | Timestamp: 1710812074694 ms | PPG(Green=2020902, Red=2020902, Ir=2020902) | ACC(X=2.29446387290955, Y=-8.7419548034668, Z=-3.8943612575531) | HR=0 bpm | IBI=0 ms | Participant=P02
2073,IBI out of range,Row 2073 | Timestamp: 1710812074734 ms | PPG(Green=2021188, Red=2021188, Ir=2021188) | ACC(X=2.22021698951721, Y=-8.74435043334961, Z=-3.87520098686218) | HR=78 bpm | IBI=0 ms | Participant=P02
2074,HeartRate out of range,Row 2074 | Timestamp: 1710812074774 ms | PPG(Green=2021031, Red=2021031, Ir=2021031) | ACC(X=2.2776985168457, Y=-8.72279453277588, Z=-3.92310214042664) | HR=0 bpm | IBI=0 ms | Participant=P02
2075,HeartRate out of range,Row 2075 | Timestamp: 1710812074814 ms | PPG(Green=2020926, Red=2020926, Ir=2020926) | ACC(X=2.20345163345337, Y=-8.72279453277588, Z=-3.9326822757721) | HR=0 bpm | IBI=0 ms | Participant=P02
2076,HeartRate out of range,Row 2076 | Timestamp: 1710812074854 ms | PPG(Green=2021417, Red=2021417, Ir=2021417) | ACC(X=2.20584678649902, Y=-8.70842456817627, Z=-3.87999105453491) | HR=0 bpm | IBI=0 ms | Participant=P02
2077,HeartRate out of range,Row 2077 | Timestamp: 1710812074895 ms | PPG(Green=2022113, Red=2022113, Ir=2022113) | ACC(X=2.19387149810791, Y=-8.70363426208496, Z=-3.99495363235474) | HR=0 bpm | IBI=0 ms | Participant=P02
2078,HeartRate out of range,Row 2078 | Timestamp: 1710812074934 ms | PPG(Green=2023214, Red=2023214, Ir=2023214) | ACC(X=2.21782207489014, Y=-8.74435043334961, Z=-3.9326822757721) | HR=0 bpm | IBI=0 ms | Participant=P02
2079,IBI out of range,Row 2079 | Timestamp: 1710812074974 ms | PPG(Green=2024294, Red=2024294, Ir=2024294) | ACC(X=2.2274022102356, Y=-8.74435043334961, Z=-3.92310214042664) | HR=75 bpm | IBI=0 ms | Participant=P02
2080,IBI out of range,Row 2080 | Timestamp: 1710812075015 ms | PPG(Green=2025663, Red=2025663, Ir=2025663) | ACC(X=2.21303200721741, Y=-8.71321487426758, Z=-3.99495363235474) | HR=77 bpm | IBI=0 ms | Participant=P02
2081,HeartRate out of range,Row 2081 | Timestamp: 1710812075054 ms | PPG(Green=2027024, Red=2027024, Ir=2027024) | ACC(X=2.17710614204407, Y=-8.78746128082275, Z=-3.99016356468201) | HR=0 bpm | IBI=0 ms | Participant=P02
2082,HeartRate out of range,Row 2082 | Timestamp: 1710812075095 ms | PPG(Green=2028378, Red=2028378, Ir=2028378) | ACC(X=2.24656271934509, Y=-8.72997951507568, Z=-3.98537349700928) | HR=0 bpm | IBI=0 ms | Participant=P02
2083,IBI out of range,Row 2083 | Timestamp: 1710812075135 ms | PPG(Green=2029800, Red=2029800, Ir=2029800) | ACC(X=2.24656271934509, Y=-8.75632572174072, Z=-3.90154647827148) | HR=79 bpm | IBI=0 ms | Participant=P02
2084,IBI out of range,Row 2084 | Timestamp: 1710812075175 ms | PPG(Green=2031261, Red=2031261, Ir=2031261) | ACC(X=2.25614285469055, Y=-8.7419548034668, Z=-3.9590277671814) | HR=78 bpm | IBI=0 ms | Participant=P02
2085,IBI out of range,Row 2085 | Timestamp: 1710812075215 ms | PPG(Green=2031450, Red=2031450, Ir=2031450) | ACC(X=2.28727865219116, Y=-8.73476982116699, Z=-3.94465756416321) | HR=78 bpm | IBI=0 ms | Participant=P02
2086,IBI out of range,Row 2086 | Timestamp: 1710812075255 ms | PPG(Green=2029058, Red=2029058, Ir=2029058) | ACC(X=2.23458743095398, Y=-8.77309036254883, Z=-3.93507742881775) | HR=78 bpm | IBI=0 ms | Participant=P02
2087,IBI out of range,Row 2087 | Timestamp: 1710812075296 ms | PPG(Green=2026403, Red=2026403, Ir=2026403) | ACC(X=2.20105671882629, Y=-8.72997951507568, Z=-3.9135217666626) | HR=78 bpm | IBI=0 ms | Participant=P02
2088,IBI out of range,Row 2088 | Timestamp: 1710812075335 ms | PPG(Green=2024678, Red=2024678, Ir=2024678) | ACC(X=2.2274022102356, Y=-8.72279453277588, Z=-3.95184278488159) | HR=79 bpm | IBI=0 ms | Participant=P02
2089,IBI out of range,Row 2089 | Timestamp: 1710812075375 ms | PPG(Green=2024081, Red=2024081, Ir=2024081) | ACC(X=2.25135278701782, Y=-8.69644927978516, Z=-3.95184278488159) | HR=78 bpm | IBI=0 ms | Participant=P02
2090,IBI out of range,Row 2090 | Timestamp: 1710812075415 ms | PPG(Green=2024305, Red=2024305, Ir=2024305) | ACC(X=2.17950105667114, Y=-8.74674510955811, Z=-3.94465756416321) | HR=78 bpm | IBI=0 ms | Participant=P02
2091,IBI out of range,Row 2091 | Timestamp: 1710812075455 ms | PPG(Green=2025119, Red=2025119, Ir=2025119) | ACC(X=2.20105671882629, Y=-8.7419548034668, Z=-3.95423769950867) | HR=77 bpm | IBI=0 ms | Participant=P02
2092,IBI out of range,Row 2092 | Timestamp: 1710812075496 ms | PPG(Green=2025915, Red=2025915, Ir=2025915) | ACC(X=2.25374794006348, Y=-8.71560955047607, Z=-3.95423769950867) | HR=78 bpm | IBI=0 ms | Participant=P02
2093,IBI out of range,Row 2093 | Timestamp: 1710812075536 ms | PPG(Green=2026205, Red=2026205, Ir=2026205) | ACC(X=2.29206871986389, Y=-8.72758483886719, Z=-3.93747234344482) | HR=78 bpm | IBI=0 ms | Participant=P02
2094,IBI out of range,Row 2094 | Timestamp: 1710812075576 ms | PPG(Green=2026113, Red=2026113, Ir=2026113) | ACC(X=2.2082417011261, Y=-8.67968368530273, Z=-3.90633654594421) | HR=77 bpm | IBI=0 ms | Participant=P02
2095,IBI out of range,Row 2095 | Timestamp: 1710812075616 ms | PPG(Green=2026342, Red=2026342, Ir=2026342) | ACC(X=2.15555047988892, Y=-8.7395601272583, Z=-3.9326822757721) | HR=78 bpm | IBI=0 ms | Participant=P02
2096,IBI out of range,Row 2096 | Timestamp: 1710812075656 ms | PPG(Green=2026775, Red=2026775, Ir=2026775) | ACC(X=2.17471098899841, Y=-8.66291809082031, Z=-3.92070698738098) | HR=78 bpm | IBI=0 ms | Participant=P02
2097,IBI out of range,Row 2097 | Timestamp: 1710812075697 ms | PPG(Green=2027770, Red=2027770, Ir=2027770) | ACC(X=2.1818962097168, Y=-8.72039985656738, Z=-3.96142292022705) | HR=78 bpm | IBI=0 ms | Participant=P02
2098,IBI out of range,Row 2098 | Timestamp: 1710812075736 ms | PPG(Green=2028989, Red=2028989, Ir=2028989) | ACC(X=2.2274022102356, Y=-8.73476982116699, Z=-3.97339820861816) | HR=78 bpm | IBI=0 ms | Participant=P02
2099,IBI out of range,Row 2099 | Timestamp: 1710812075776 ms | PPG(Green=2030171, Red=2030171, Ir=2030171) | ACC(X=2.26811814308167, Y=-8.69165897369385, Z=-3.93986749649048) | HR=78 bpm | IBI=0 ms | Participant=P02
2100,IBI out of range,Row 2100 | Timestamp: 1710812075817 ms | PPG(Green=2031724, Red=2031724, Ir=2031724) | ACC(X=2.18668627738953, Y=-8.76590538024902, Z=-3.90633654594421) | HR=79 bpm | IBI=0 ms | Participant=P02
2101,IBI out of range,Row 2101 | Timestamp: 1710812075858 ms | PPG(Green=2033241, Red=2033241, Ir=2033241) | ACC(X=2.23219227790833, Y=-8.77309036254883, Z=-3.93028712272644) | HR=78 bpm | IBI=0 ms | Participant=P02
2102,IBI out of range,Row 2102 | Timestamp: 1710812075898 ms | PPG(Green=2034673, Red=2034673, Ir=2034673) | ACC(X=2.17710614204407, Y=-8.70602893829346, Z=-3.94226241111755) | HR=79 bpm | IBI=0 ms | Participant=P02
2103,IBI out of range,Row 2103 | Timestamp: 1710812075938 ms | PPG(Green=2036157, Red=2036157, Ir=2036157) | ACC(X=2.21063685417175, Y=-8.69644927978516, Z=-3.94944763183594) | HR=79 bpm | IBI=0 ms | Participant=P02
2104,IBI out of range,Row 2104 | Timestamp: 1710812075978 ms | PPG(Green=2037636, Red=2037636, Ir=2037636) | ACC(X=2.21542692184448, Y=-8.76590538024902, Z=-3.94944763183594) | HR=79 bpm | IBI=0 ms | Participant=P02
2105,IBI out of range,Row 2105 | Timestamp: 1710812076018 ms | PPG(Green=2038913, Red=2038913, Ir=2038913) | ACC(X=2.19147634506226, Y=-8.75393009185791, Z=-3.93507742881775) | HR=80 bpm | IBI=0 ms | Participant=P02
2106,IBI out of range,Row 2106 | Timestamp: 1710812076058 ms | PPG(Green=2037957, Red=2037957, Ir=2037957) | ACC(X=2.17710614204407, Y=-8.7323751449585, Z=-3.92549705505371) | HR=79 bpm | IBI=0 ms | Participant=P02
2107,IBI out of range,Row 2107 | Timestamp: 1710812076099 ms | PPG(Green=2035159, Red=2035159, Ir=2035159) | ACC(X=2.22500729560852, Y=-8.7323751449585, Z=-3.96142292022705) | HR=79 bpm | IBI=0 ms | Participant=P02
2108,IBI out of range,Row 2108 | Timestamp: 1710812076138 ms | PPG(Green=2032370, Red=2032370, Ir=2032370) | ACC(X=2.18668627738953, Y=-8.67728900909424, Z=-3.94705247879028) | HR=80 bpm | IBI=0 ms | Participant=P02
2109,IBI out of range,Row 2109 | Timestamp: 1710812076178 ms | PPG(Green=2030821, Red=2030821, Ir=2030821) | ACC(X=2.20584678649902, Y=-8.7371654510498, Z=-3.90873169898987) | HR=80 bpm | IBI=0 ms | Participant=P02
2110,IBI out of range,Row 2110 | Timestamp: 1710812076218 ms | PPG(Green=2030269, Red=2030269, Ir=2030269) | ACC(X=2.19626641273499, Y=-8.70363426208496, Z=-3.86322569847107) | HR=79 bpm | IBI=0 ms | Participant=P02
2111,HeartRate out of range,Row 2111 | Timestamp: 1710812076258 ms | PPG(Green=2030414, Red=2030414, Ir=2030414) | ACC(X=2.27051329612732, Y=-8.69165897369385, Z=-3.91831183433533) | HR=0 bpm | IBI=0 ms | Participant=P02
2112,IBI out of range,Row 2112 | Timestamp: 1710812076299 ms | PPG(Green=2030854, Red=2030854, Ir=2030854) | ACC(X=2.25135278701782, Y=-8.69165897369385, Z=-3.91112685203552) | HR=80 bpm | IBI=0 ms | Participant=P02
2113,IBI out of range,Row 2113 | Timestamp: 1710812076339 ms | PPG(Green=2031304, Red=2031304, Ir=2031304) | ACC(X=2.21542692184448, Y=-8.69644927978516, Z=-3.91831183433533) | HR=81 bpm | IBI=0 ms | Participant=P02
2114,HeartRate out of range,Row 2114 | Timestamp: 1710812076379 ms | PPG(Green=2031226, Red=2031226, Ir=2031226) | ACC(X=2.21782207489014, Y=-8.77069568634033, Z=-3.93028712272644) | HR=0 bpm | IBI=0 ms | Participant=P02
2115,IBI out of range,Row 2115 | Timestamp: 1710812076419 ms | PPG(Green=2031135, Red=2031135, Ir=2031135) | ACC(X=2.20584678649902, Y=-8.78746128082275, Z=-3.92549705505371) | HR=79 bpm | IBI=0 ms | Participant=P02
2116,IBI out of range,Row 2116 | Timestamp: 1710812076459 ms | PPG(Green=2031035, Red=2031035, Ir=2031035) | ACC(X=2.14836549758911, Y=-8.70602893829346, Z=-3.93507742881775) | HR=80 bpm | IBI=0 ms | Participant=P02
2117,HeartRate out of range,Row 2117 | Timestamp: 1710812076500 ms | PPG(Green=2031372, Red=2031372, Ir=2031372) | ACC(X=2.22979736328125, Y=-8.72758483886719, Z=-3.87759590148926) | HR=0 bpm | IBI=0 ms | Participant=P02
2118,HeartRate out of range,Row 2118 | Timestamp: 1710812076539 ms | PPG(Green=2032221, Red=2032221, Ir=2032221) | ACC(X=2.16513085365295, Y=-8.80422687530518, Z=-3.91831183433533) | HR=0 bpm | IBI=0 ms | Participant=P02
2119,HeartRate out of range,Row 2119 | Timestamp: 1710812076579 ms | PPG(Green=2033387, Red=2033387, Ir=2033387) | ACC(X=2.23698258399963, Y=-8.72997951507568, Z=-3.97579336166382) | HR=0 bpm | IBI=0 ms | Participant=P02
2120,HeartRate out of range,Row 2120 | Timestamp: 1710812076619 ms | PPG(Green=2034561, Red=2034561, Ir=2034561) | ACC(X=2.28248858451843, Y=-8.68686866760254, Z=-3.90633654594421) | HR=0 bpm | IBI=0 ms | Participant=P02
2121,HeartRate out of range,Row 2121 | Timestamp: 1710812076659 ms | PPG(Green=2035892, Red=2035892, Ir=2035892) | ACC(X=2.21303200721741, Y=-8.71081924438477, Z=-3.92789220809936) | HR=0 bpm | IBI=0 ms | Participant=P02
2122,IBI out of range,Row 2122 | Timestamp: 1710812076700 ms | PPG(Green=2037206, Red=2037206, Ir=2037206) | ACC(X=2.17231607437134, Y=-8.69644927978516, Z=-3.93747234344482) | HR=78 bpm | IBI=0 ms | Participant=P02
2123,IBI out of range,Row 2123 | Timestamp: 1710812076740 ms | PPG(Green=2038420, Red=2038420, Ir=2038420) | ACC(X=2.18908143043518, Y=-8.72039985656738, Z=-3.96142292022705) | HR=77 bpm | IBI=0 ms | Participant=P02
2124,IBI out of range,Row 2124 | Timestamp: 1710812076780 ms | PPG(Green=2039875, Red=2039875, Ir=2039875) | ACC(X=2.1818962097168, Y=-8.75153541564941, Z=-3.91591691970825) | HR=77 bpm | IBI=0 ms | Participant=P02
2125,IBI out of range,Row 2125 | Timestamp: 1710812076820 ms | PPG(Green=2041234, Red=2041234, Ir=2041234) | ACC(X=2.22021698951721, Y=-8.67249870300293, Z=-3.92310214042664) | HR=78 bpm | IBI=0 ms | Participant=P02
2126,IBI out of range,Row 2126 | Timestamp: 1710812076860 ms | PPG(Green=2042686, Red=2042686, Ir=2042686) | ACC(X=2.24416756629944, Y=-8.75153541564941, Z=-3.89915156364441) | HR=78 bpm | IBI=0 ms | Participant=P02
2127,IBI out of range,Row 2127 | Timestamp: 1710812076901 ms | PPG(Green=2043379, Red=2043379, Ir=2043379) | ACC(X=2.25853800773621, Y=-8.7491397857666, Z=-3.84646034240723) | HR=78 bpm | IBI=0 ms | Participant=P02
2128,IBI out of range,Row 2128 | Timestamp: 1710812076940 ms | PPG(Green=2041410, Red=2041410, Ir=2041410) | ACC(X=2.25135278701782, Y=-8.78027629852295, Z=-3.95663285255432) | HR=79 bpm | IBI=0 ms | Participant=P02
2129,IBI out of range,Row 2129 | Timestamp: 1710812076980 ms | PPG(Green=2038337, Red=2038337, Ir=2038337) | ACC(X=2.21542692184448, Y=-8.69884395599365, Z=-3.94944763183594) | HR=79 bpm | IBI=0 ms | Participant=P02
2130,IBI out of range,Row 2130 | Timestamp: 1710812077020 ms | PPG(Green=2036140, Red=2036140, Ir=2036140) | ACC(X=2.22261214256287, Y=-8.85212802886963, Z=-3.93028712272644) | HR=79 bpm | IBI=0 ms | Participant=P02
2131,IBI out of range,Row 2131 | Timestamp: 1710812077061 ms | PPG(Green=2035048, Red=2035048, Ir=2035048) | ACC(X=2.11483454704285, Y=-8.76830101013184, Z=-3.90633654594421) | HR=79 bpm | IBI=0 ms | Participant=P02
2132,IBI out of range,Row 2132 | Timestamp: 1710812077101 ms | PPG(Green=2034797, Red=2034797, Ir=2034797) | ACC(X=2.17471098899841, Y=-8.69165897369385, Z=-3.88957118988037) | HR=80 bpm | IBI=0 ms | Participant=P02
2133,IBI out of range,Row 2133 | Timestamp: 1710812077141 ms | PPG(Green=2035216, Red=2035216, Ir=2035216) | ACC(X=2.21782207489014, Y=-8.64375782012939, Z=-3.90873169898987) | HR=81 bpm | IBI=0 ms | Participant=P02
2134,IBI out of range,Row 2134 | Timestamp: 1710812077181 ms | PPG(Green=2035744, Red=2035744, Ir=2035744) | ACC(X=2.23937749862671, Y=-8.79225158691406, Z=-3.91591691970825) | HR=81 bpm | IBI=0 ms | Participant=P02
2135,IBI out of range,Row 2135 | Timestamp: 1710812077221 ms | PPG(Green=2035945, Red=2035945, Ir=2035945) | ACC(X=2.22021698951721, Y=-8.77309036254883, Z=-3.90633654594421) | HR=81 bpm | IBI=0 ms | Participant=P02
2136,IBI out of range,Row 2136 | Timestamp: 1710812077261 ms | PPG(Green=2035787, Red=2035787, Ir=2035787) | ACC(X=2.16034078598022, Y=-8.65573310852051, Z=-3.87759590148926) | HR=81 bpm | IBI=0 ms | Participant=P02
2137,IBI out of range,Row 2137 | Timestamp: 1710812077302 ms | PPG(Green=2035698, Red=2035698, Ir=2035698) | ACC(X=2.25614285469055, Y=-8.74674510955811, Z=-3.90633654594421) | HR=81 bpm | IBI=0 ms | Participant=P02
2138,IBI out of range,Row 2138 | Timestamp: 1710812077341 ms | PPG(Green=2035983, Red=2035983, Ir=2035983) | ACC(X=2.23937749862671, Y=-8.69165897369385, Z=-3.92310214042664) | HR=81 bpm | IBI=0 ms | Participant=P02
2139,IBI out of range,Row 2139 | Timestamp: 1710812077381 ms | PPG(Green=2036623, Red=2036623, Ir=2036623) | ACC(X=2.21063685417175, Y=-8.79704093933105, Z=-3.97818827629089) | HR=81 bpm | IBI=0 ms | Participant=P02
2140,IBI out of range,Row 2140 | Timestamp: 1710812077422 ms | PPG(Green=2037456, Red=2037456, Ir=2037456) | ACC(X=2.10525441169739, Y=-8.69884395599365, Z=-3.94226241111755) | HR=81 bpm | IBI=0 ms | Participant=P02
2141,IBI out of range,Row 2141 | Timestamp: 1710812077462 ms | PPG(Green=2038491, Red=2038491, Ir=2038491) | ACC(X=2.23937749862671, Y=-8.71321487426758, Z=-3.95423769950867) | HR=81 bpm | IBI=0 ms | Participant=P02
2142,IBI out of range,Row 2142 | Timestamp: 1710812077502 ms | PPG(Green=2039755, Red=2039755, Ir=2039755) | ACC(X=2.21782207489014, Y=-8.7419548034668, Z=-3.93507742881775) | HR=81 bpm | IBI=0 ms | Participant=P02
2143,IBI out of range,Row 2143 | Timestamp: 1710812077542 ms | PPG(Green=2041120, Red=2041120, Ir=2041120) | ACC(X=2.16752576828003, Y=-8.75872039794922, Z=-3.90633654594421) | HR=81 bpm | IBI=0 ms | Participant=P02
2144,IBI out of range,Row 2144 | Timestamp: 1710812077582 ms | PPG(Green=2042393, Red=2042393, Ir=2042393) | ACC(X=2.25135278701782, Y=-8.71081924438477, Z=-3.93986749649048) | HR=81 bpm | IBI=0 ms | Participant=P02
2145,IBI out of range,Row 2145 | Timestamp: 1710812077622 ms | PPG(Green=2043735, Red=2043735, Ir=2043735) | ACC(X=2.21303200721741, Y=-8.71321487426758, Z=-3.97100305557251) | HR=81 bpm | IBI=0 ms | Participant=P02
2146,IBI out of range,Row 2146 | Timestamp: 1710812077662 ms | PPG(Green=2045001, Red=2045001, Ir=2045001) | ACC(X=2.28488349914551, Y=-8.71560955047607, Z=-3.94944763183594) | HR=81 bpm | IBI=0 ms | Participant=P02
2147,IBI out of range,Row 2147 | Timestamp: 1710812077703 ms | PPG(Green=2046474, Red=2046474, Ir=2046474) | ACC(X=2.21303200721741, Y=-8.71800422668457, Z=-3.92549705505371) | HR=80 bpm | IBI=0 ms | Participant=P02
2148,IBI out of range,Row 2148 | Timestamp: 1710812077742 ms | PPG(Green=2047798, Red=2047798, Ir=2047798) | ACC(X=2.19866156578064, Y=-8.71321487426758, Z=-3.94465756416321) | HR=80 bpm | IBI=0 ms | Participant=P02
2149,IBI out of range,Row 2149 | Timestamp: 1710812077783 ms | PPG(Green=2047635, Red=2047635, Ir=2047635) | ACC(X=2.2082417011261, Y=-8.72039985656738, Z=-3.93747234344482) | HR=80 bpm | IBI=0 ms | Participant=P02
2150,IBI out of range,Row 2150 | Timestamp: 1710812077823 ms | PPG(Green=2045165, Red=2045165, Ir=2045165) | ACC(X=2.20345163345337, Y=-8.74674510955811, Z=-3.92070698738098) | HR=80 bpm | IBI=0 ms | Participant=P02
2151,IBI out of range,Row 2151 | Timestamp: 1710812077863 ms | PPG(Green=2042389, Red=2042389, Ir=2042389) | ACC(X=2.2274022102356, Y=-8.73476982116699, Z=-3.97100305557251) | HR=80 bpm | IBI=0 ms | Participant=P02
2152,IBI out of range,Row 2152 | Timestamp: 1710812077904 ms | PPG(Green=2040636, Red=2040636, Ir=2040636) | ACC(X=2.24416756629944, Y=-8.70602893829346, Z=-3.8943612575531) | HR=80 bpm | IBI=0 ms | Participant=P02
2153,IBI out of range,Row 2153 | Timestamp: 1710812077943 ms | PPG(Green=2039903, Red=2039903, Ir=2039903) | ACC(X=2.19866156578064, Y=-8.71800422668457, Z=-3.9590277671814) | HR=80 bpm | IBI=0 ms | Participant=P02
2154,IBI out of range,Row 2154 | Timestamp: 1710812077983 ms | PPG(Green=2039967, Red=2039967, Ir=2039967) | ACC(X=2.25374794006348, Y=-8.66770839691162, Z=-3.88957118988037) | HR=80 bpm | IBI=0 ms | Participant=P02
2155,IBI out of range,Row 2155 | Timestamp: 1710812078023 ms | PPG(Green=2040596, Red=2040596, Ir=2040596) | ACC(X=2.18429136276245, Y=-8.71321487426758, Z=-3.93747234344482) | HR=80 bpm | IBI=0 ms | Participant=P02
2156,IBI out of range,Row 2156 | Timestamp: 1710812078063 ms | PPG(Green=2041296, Red=2041296, Ir=2041296) | ACC(X=2.14597034454346, Y=-8.68686866760254, Z=-3.9135217666626) | HR=80 bpm | IBI=0 ms | Participant=P02
2157,IBI out of range,Row 2157 | Timestamp: 1710812078104 ms | PPG(Green=2041389, Red=2041389, Ir=2041389) | ACC(X=2.21303200721741, Y=-8.67968368530273, Z=-3.9135217666626) | HR=80 bpm | IBI=0 ms | Participant=P02
2158,IBI out of range,Row 2158 | Timestamp: 1710812078144 ms | PPG(Green=2041092, Red=2041092, Ir=2041092) | ACC(X=2.24656271934509, Y=-8.73476982116699, Z=-3.92549705505371) | HR=80 bpm | IBI=0 ms | Participant=P02
2159,IBI out of range,Row 2159 | Timestamp: 1710812078184 ms | PPG(Green=2041131, Red=2041131, Ir=2041131) | ACC(X=2.2274022102356, Y=-8.73476982116699, Z=-3.93507742881775) | HR=80 bpm | IBI=0 ms | Participant=P02
2160,IBI out of range,Row 2160 | Timestamp: 1710812078224 ms | PPG(Green=2041339, Red=2041339, Ir=2041339) | ACC(X=2.25853800773621, Y=-8.76111507415771, Z=-3.92549705505371) | HR=80 bpm | IBI=0 ms | Participant=P02
2161,IBI out of range,Row 2161 | Timestamp: 1710812078264 ms | PPG(Green=2042135, Red=2042135, Ir=2042135) | ACC(X=2.25135278701782, Y=-8.68686866760254, Z=-3.89196634292603) | HR=80 bpm | IBI=0 ms | Participant=P02
2162,IBI out of range,Row 2162 | Timestamp: 1710812078305 ms | PPG(Green=2042897, Red=2042897, Ir=2042897) | ACC(X=2.21782207489014, Y=-8.76590538024902, Z=-3.92310214042664) | HR=80 bpm | IBI=0 ms | Participant=P02
2163,IBI out of range,Row 2163 | Timestamp: 1710812078344 ms | PPG(Green=2043900, Red=2043900, Ir=2043900) | ACC(X=2.23937749862671, Y=-8.77069568634033, Z=-3.92310214042664) | HR=79 bpm | IBI=0 ms | Participant=P02
2164,IBI out of range,Row 2164 | Timestamp: 1710812078384 ms | PPG(Green=2045098, Red=2045098, Ir=2045098) | ACC(X=2.27530336380005, Y=-8.72758483886719, Z=-3.98297834396362) | HR=77 bpm | IBI=0 ms | Participant=P02
2165,IBI out of range,Row 2165 | Timestamp: 1710812078424 ms | PPG(Green=2046140, Red=2046140, Ir=2046140) | ACC(X=2.30643916130066, Y=-8.78027629852295, Z=-3.89196634292603) | HR=76 bpm | IBI=0 ms | Participant=P02
2166,IBI out of range,Row 2166 | Timestamp: 1710812078464 ms | PPG(Green=2047523, Red=2047523, Ir=2047523) | ACC(X=2.14597034454346, Y=-8.75872039794922, Z=-3.97818827629089) | HR=74 bpm | IBI=0 ms | Participant=P02
2167,IBI out of range,Row 2167 | Timestamp: 1710812078505 ms | PPG(Green=2048739, Red=2048739, Ir=2048739) | ACC(X=2.2082417011261, Y=-8.77069568634033, Z=-3.93986749649048) | HR=74 bpm | IBI=0 ms | Participant=P02
2168,IBI out of range,Row 2168 | Timestamp: 1710812078545 ms | PPG(Green=2049866, Red=2049866, Ir=2049866) | ACC(X=2.18908143043518, Y=-8.67728900909424, Z=-3.94465756416321) | HR=73 bpm | IBI=0 ms | Participant=P02
2169,IBI out of range,Row 2169 | Timestamp: 1710812078585 ms | PPG(Green=2051230, Red=2051230, Ir=2051230) | ACC(X=2.19866156578064, Y=-8.66291809082031, Z=-3.97339820861816) | HR=73 bpm | IBI=0 ms | Participant=P02
2170,IBI out of range,Row 2170 | Timestamp: 1710812078625 ms | PPG(Green=2052458, Red=2052458, Ir=2052458) | ACC(X=2.26093292236328, Y=-8.74674510955811, Z=-3.96381807327271) | HR=73 bpm | IBI=0 ms | Participant=P02
2171,IBI out of range,Row 2171 | Timestamp: 1710812078665 ms | PPG(Green=2051653, Red=2051653, Ir=2051653) | ACC(X=2.28967380523682, Y=-8.68686866760254, Z=-3.95184278488159) | HR=73 bpm | IBI=0 ms | Participant=P02
2172,IBI out of range,Row 2172 | Timestamp: 1710812078706 ms | PPG(Green=2048985, Red=2048985, Ir=2048985) | ACC(X=2.29206871986389, Y=-8.69405364990234, Z=-3.8943612575531) | HR=73 bpm | IBI=0 ms | Participant=P02
2173,IBI out of range,Row 2173 | Timestamp: 1710812078745 ms | PPG(Green=2046522, Red=2046522, Ir=2046522) | ACC(X=2.27290821075439, Y=-8.75632572174072, Z=-3.96381807327271) | HR=72 bpm | IBI=0 ms | Participant=P02
2174,IBI out of range,Row 2174 | Timestamp: 1710812078785 ms | PPG(Green=2045140, Red=2045140, Ir=2045140) | ACC(X=2.26572322845459, Y=-8.61980724334717, Z=-3.96381807327271) | HR=72 bpm | IBI=0 ms | Participant=P02
2175,IBI out of range,Row 2175 | Timestamp: 1710812078825 ms | PPG(Green=2044727, Red=2044727, Ir=2044727) | ACC(X=2.24895787239075, Y=-8.67968368530273, Z=-3.99974393844604) | HR=72 bpm | IBI=0 ms | Participant=P02
2176,IBI out of range,Row 2176 | Timestamp: 1710812078866 ms | PPG(Green=2045110, Red=2045110, Ir=2045110) | ACC(X=2.3232045173645, Y=-8.67728900909424, Z=-3.93747234344482) | HR=72 bpm | IBI=0 ms | Participant=P02
2177,IBI out of range,Row 2177 | Timestamp: 1710812078906 ms | PPG(Green=2046007, Red=2046007, Ir=2046007) | ACC(X=2.25135278701782, Y=-8.7419548034668, Z=-3.96381807327271) | HR=72 bpm | IBI=0 ms | Participant=P02
2178,IBI out of range,Row 2178 | Timestamp: 1710812078946 ms | PPG(Green=2046473, Red=2046473, Ir=2046473) | ACC(X=2.30883407592773, Y=-8.67728900909424, Z=-3.91591691970825) | HR=73 bpm | IBI=0 ms | Participant=P02
2179,IBI out of range,Row 2179 | Timestamp: 1710812078986 ms | PPG(Green=2046512, Red=2046512, Ir=2046512) | ACC(X=2.304044008255, Y=-8.74674510955811, Z=-3.97339820861816) | HR=73 bpm | IBI=0 ms | Participant=P02
2180,IBI out of range,Row 2180 | Timestamp: 1710812079026 ms | PPG(Green=2046383, Red=2046383, Ir=2046383) | ACC(X=2.28727865219116, Y=-8.76351070404053, Z=-3.94226241111755) | HR=74 bpm | IBI=0 ms | Participant=P02
2181,IBI out of range,Row 2181 | Timestamp: 1710812079066 ms | PPG(Green=2046240, Red=2046240, Ir=2046240) | ACC(X=2.28967380523682, Y=-8.64615249633789, Z=-3.98297834396362) | HR=74 bpm | IBI=0 ms | Participant=P02
2182,IBI out of range,Row 2182 | Timestamp: 1710812079107 ms | PPG(Green=2046425, Red=2046425, Ir=2046425) | ACC(X=2.31362438201904, Y=-8.75153541564941, Z=-3.99255871772766) | HR=73 bpm | IBI=0 ms | Participant=P02
2183,IBI out of range,Row 2183 | Timestamp: 1710812079146 ms | PPG(Green=2046889, Red=2046889, Ir=2046889) | ACC(X=2.26811814308167, Y=-8.68926429748535, Z=-3.92070698738098) | HR=73 bpm | IBI=0 ms | Participant=P02
2184,IBI out of range,Row 2184 | Timestamp: 1710812079186 ms | PPG(Green=2047882, Red=2047882, Ir=2047882) | ACC(X=2.29446387290955, Y=-8.75872039794922, Z=-3.93507742881775) | HR=72 bpm | IBI=0 ms | Participant=P02
2185,IBI out of range,Row 2185 | Timestamp: 1710812079227 ms | PPG(Green=2048805, Red=2048805, Ir=2048805) | ACC(X=2.27290821075439, Y=-8.68207836151123, Z=-3.93747234344482) | HR=71 bpm | IBI=0 ms | Participant=P02
2186,IBI out of range,Row 2186 | Timestamp: 1710812079267 ms | PPG(Green=2049981, Red=2049981, Ir=2049981) | ACC(X=2.30164909362793, Y=-8.7323751449585, Z=-3.94705247879028) | HR=71 bpm | IBI=0 ms | Participant=P02
2187,IBI out of range,Row 2187 | Timestamp: 1710812079308 ms | PPG(Green=2051017, Red=2051017, Ir=2051017) | ACC(X=2.28009343147278, Y=-8.72279453277588, Z=-4.01171922683716) | HR=71 bpm | IBI=0 ms | Participant=P02
2188,IBI out of range,Row 2188 | Timestamp: 1710812079347 ms | PPG(Green=2052301, Red=2052301, Ir=2052301) | ACC(X=2.26572322845459, Y=-8.7323751449585, Z=-3.88238596916199) | HR=71 bpm | IBI=0 ms | Participant=P02
2189,IBI out of range,Row 2189 | Timestamp: 1710812079387 ms | PPG(Green=2053562, Red=2053562, Ir=2053562) | ACC(X=2.18668627738953, Y=-8.66052341461182, Z=-3.97818827629089) | HR=72 bpm | IBI=0 ms | Participant=P02
2190,IBI out of range,Row 2190 | Timestamp: 1710812079427 ms | PPG(Green=2054907, Red=2054907, Ir=2054907) | ACC(X=2.29446387290955, Y=-8.66291809082031, Z=-3.90154647827148) | HR=73 bpm | IBI=0 ms | Participant=P02
2191,IBI out of range,Row 2191 | Timestamp: 1710812079467 ms | PPG(Green=2055436, Red=2055436, Ir=2055436) | ACC(X=2.25853800773621, Y=-8.68207836151123, Z=-3.98058342933655) | HR=73 bpm | IBI=0 ms | Participant=P02
2192,IBI out of range,Row 2192 | Timestamp: 1710812079508 ms | PPG(Green=2053546, Red=2053546, Ir=2053546) | ACC(X=2.21782207489014, Y=-8.67728900909424, Z=-3.95663285255432) | HR=73 bpm | IBI=0 ms | Participant=P02
2193,IBI out of range,Row 2193 | Timestamp: 1710812079548 ms | PPG(Green=2051029, Red=2051029, Ir=2051029) | ACC(X=2.2776985168457, Y=-8.71560955047607, Z=-3.88478112220764) | HR=73 bpm | IBI=0 ms | Participant=P02
2194,IBI out of range,Row 2194 | Timestamp: 1710812079588 ms | PPG(Green=2049119, Red=2049119, Ir=2049119) | ACC(X=2.23219227790833, Y=-8.7323751449585, Z=-3.98537349700928) | HR=73 bpm | IBI=0 ms | Participant=P02
2195,IBI out of range,Row 2195 | Timestamp: 1710812079628 ms | PPG(Green=2048364, Red=2048364, Ir=2048364) | ACC(X=2.22979736328125, Y=-8.71560955047607, Z=-3.94465756416321) | HR=72 bpm | IBI=0 ms | Participant=P02
2196,IBI out of range,Row 2196 | Timestamp: 1710812079668 ms | PPG(Green=2048334, Red=2048334, Ir=2048334) | ACC(X=2.26332807540894, Y=-8.67489337921143, Z=-3.9326822757721) | HR=72 bpm | IBI=0 ms | Participant=P02
2197,IBI out of range,Row 2197 | Timestamp: 1710812079709 ms | PPG(Green=2049178, Red=2049178, Ir=2049178) | ACC(X=2.20105671882629, Y=-8.70602893829346, Z=-3.90394163131714) | HR=73 bpm | IBI=0 ms | Participant=P02
2198,IBI out of range,Row 2198 | Timestamp: 1710812079748 ms | PPG(Green=2050015, Red=2050015, Ir=2050015) | ACC(X=2.17950105667114, Y=-8.66770839691162, Z=-3.91112685203552) | HR=73 bpm | IBI=0 ms | Participant=P02
2199,IBI out of range,Row 2199 | Timestamp: 1710812079788 ms | PPG(Green=2050489, Red=2050489, Ir=2050489) | ACC(X=2.23937749862671, Y=-8.68686866760254, Z=-3.96381807327271) | HR=74 bpm | IBI=0 ms | Participant=P02
2200,IBI out of range,Row 2200 | Timestamp: 1710812079829 ms | PPG(Green=2050522, Red=2050522, Ir=2050522) | ACC(X=2.26572322845459, Y=-8.72039985656738, Z=-3.93028712272644) | HR=74 bpm | IBI=0 ms | Participant=P02
2201,IBI out of range,Row 2201 | Timestamp: 1710812079869 ms | PPG(Green=2050668, Red=2050668, Ir=2050668) | ACC(X=2.26332807540894, Y=-8.74435043334961, Z=-3.9326822757721) | HR=75 bpm | IBI=0 ms | Participant=P02
2202,IBI out of range,Row 2202 | Timestamp: 1710812079909 ms | PPG(Green=2050915, Red=2050915, Ir=2050915) | ACC(X=2.25853800773621, Y=-8.69405364990234, Z=-3.89675641059875) | HR=74 bpm | IBI=0 ms | Participant=P02
2203,IBI out of range,Row 2203 | Timestamp: 1710812079949 ms | PPG(Green=2051626, Red=2051626, Ir=2051626) | ACC(X=2.24177265167236, Y=-8.75632572174072, Z=-3.92070698738098) | HR=74 bpm | IBI=0 ms | Participant=P02
2204,IBI out of range,Row 2204 | Timestamp: 1710812079989 ms | PPG(Green=2052484, Red=2052484, Ir=2052484) | ACC(X=2.23219227790833, Y=-8.71321487426758, Z=-3.96142292022705) | HR=74 bpm | IBI=0 ms | Participant=P02
2205,IBI out of range,Row 2205 | Timestamp: 1710812080029 ms | PPG(Green=2053727, Red=2053727, Ir=2053727) | ACC(X=2.25374794006348, Y=-8.69884395599365, Z=-3.98058342933655) | HR=73 bpm | IBI=0 ms | Participant=P02
2206,IBI out of range,Row 2206 | Timestamp: 1710812080069 ms | PPG(Green=2054980, Red=2054980, Ir=2054980) | ACC(X=2.23698258399963, Y=-8.63657283782959, Z=-3.92549705505371) | HR=73 bpm | IBI=0 ms | Participant=P02
2207,IBI out of range,Row 2207 | Timestamp: 1710812080110 ms | PPG(Green=2056295, Red=2056295, Ir=2056295) | ACC(X=2.1627357006073, Y=-8.70842456817627, Z=-3.99974393844604) | HR=73 bpm | IBI=0 ms | Participant=P02
2208,IBI out of range,Row 2208 | Timestamp: 1710812080149 ms | PPG(Green=2057673, Red=2057673, Ir=2057673) | ACC(X=2.26811814308167, Y=-8.76111507415771, Z=-3.94944763183594) | HR=73 bpm | IBI=0 ms | Participant=P02
2209,IBI out of range,Row 2209 | Timestamp: 1710812080190 ms | PPG(Green=2058941, Red=2058941, Ir=2058941) | ACC(X=2.30643916130066, Y=-8.65573310852051, Z=-3.94705247879028) | HR=74 bpm | IBI=0 ms | Participant=P02
2210,IBI out of range,Row 2210 | Timestamp: 1710812080230 ms | PPG(Green=2060289, Red=2060289, Ir=2060289) | ACC(X=2.19387149810791, Y=-8.78506565093994, Z=-3.96142292022705) | HR=74 bpm | IBI=0 ms | Participant=P02
2211,IBI out of range,Row 2211 | Timestamp: 1710812080270 ms | PPG(Green=2060963, Red=2060963, Ir=2060963) | ACC(X=2.22500729560852, Y=-8.7323751449585, Z=-3.97818827629089) | HR=74 bpm | IBI=0 ms | Participant=P02
2212,IBI out of range,Row 2212 | Timestamp: 1710812080311 ms | PPG(Green=2058593, Red=2058593, Ir=2058593) | ACC(X=2.20105671882629, Y=-8.68207836151123, Z=-3.96860814094543) | HR=74 bpm | IBI=0 ms | Participant=P02
2213,IBI out of range,Row 2213 | Timestamp: 1710812080350 ms | PPG(Green=2055355, Red=2055355, Ir=2055355) | ACC(X=2.23219227790833, Y=-8.71081924438477, Z=-3.93028712272644) | HR=73 bpm | IBI=0 ms | Participant=P02
2214,IBI out of range,Row 2214 | Timestamp: 1710812080390 ms | PPG(Green=2052554, Red=2052554, Ir=2052554) | ACC(X=2.27290821075439, Y=-8.68447399139404, Z=-3.9326822757721) | HR=73 bpm | IBI=0 ms | Participant=P02
2215,IBI out of range,Row 2215 | Timestamp: 1710812080430 ms | PPG(Green=2051235, Red=2051235, Ir=2051235) | ACC(X=2.23219227790833, Y=-8.74674510955811, Z=-3.95423769950867) | HR=73 bpm | IBI=0 ms | Participant=P02
2216,IBI out of range,Row 2216 | Timestamp: 1710812080470 ms | PPG(Green=2050997, Red=2050997, Ir=2050997) | ACC(X=2.31841444969177, Y=-8.71081924438477, Z=-3.96860814094543) | HR=73 bpm | IBI=0 ms | Participant=P02
2217,IBI out of range,Row 2217 | Timestamp: 1710812080511 ms | PPG(Green=2051259, Red=2051259, Ir=2051259) | ACC(X=2.21782207489014, Y=-8.69884395599365, Z=-3.86562061309815) | HR=73 bpm | IBI=0 ms | Participant=P02
2218,IBI out of range,Row 2218 | Timestamp: 1710812080551 ms | PPG(Green=2051494, Red=2051494, Ir=2051494) | ACC(X=2.23219227790833, Y=-8.7419548034668, Z=-3.87999105453491) | HR=73 bpm | IBI=0 ms | Participant=P02
2219,IBI out of range,Row 2219 | Timestamp: 1710812080591 ms | PPG(Green=2051113, Red=2051113, Ir=2051113) | ACC(X=2.24416756629944, Y=-8.67968368530273, Z=-3.87280583381653) | HR=73 bpm | IBI=0 ms | Participant=P02
2220,IBI out of range,Row 2220 | Timestamp: 1710812080631 ms | PPG(Green=2050553, Red=2050553, Ir=2050553) | ACC(X=2.2274022102356, Y=-8.69644927978516, Z=-3.94944763183594) | HR=73 bpm | IBI=0 ms | Participant=P02
2221,IBI out of range,Row 2221 | Timestamp: 1710812080671 ms | PPG(Green=2050434, Red=2050434, Ir=2050434) | ACC(X=2.24895787239075, Y=-8.71800422668457, Z=-3.8680157661438) | HR=73 bpm | IBI=0 ms | Participant=P02
2222,IBI out of range,Row 2222 | Timestamp: 1710812080712 ms | PPG(Green=2050803, Red=2050803, Ir=2050803) | ACC(X=2.15315556526184, Y=-8.69644927978516, Z=-4.0045337677002) | HR=74 bpm | IBI=0 ms | Participant=P02
2223,IBI out of range,Row 2223 | Timestamp: 1710812080751 ms | PPG(Green=2051333, Red=2051333, Ir=2051333) | ACC(X=2.25853800773621, Y=-8.71081924438477, Z=-3.94226241111755) | HR=74 bpm | IBI=0 ms | Participant=P02
2224,IBI out of range,Row 2224 | Timestamp: 1710812080791 ms | PPG(Green=2052244, Red=2052244, Ir=2052244) | ACC(X=2.25853800773621, Y=-8.7323751449585, Z=-3.96381807327271) | HR=75 bpm | IBI=0 ms | Participant=P02
2225,IBI out of range,Row 2225 | Timestamp: 1710812080831 ms | PPG(Green=2053304, Red=2053304, Ir=2053304) | ACC(X=2.24895787239075, Y=-8.7371654510498, Z=-3.93507742881775) | HR=75 bpm | IBI=0 ms | Participant=P02
2226,IBI out of range,Row 2226 | Timestamp: 1710812080871 ms | PPG(Green=2054437, Red=2054437, Ir=2054437) | ACC(X=2.1435751914978, Y=-8.69884395599365, Z=-3.93986749649048) | HR=75 bpm | IBI=0 ms | Participant=P02
2227,IBI out of range,Row 2227 | Timestamp: 1710812080912 ms | PPG(Green=2055580, Red=2055580, Ir=2055580) | ACC(X=2.1818962097168, Y=-8.69644927978516, Z=-3.91112685203552) | HR=75 bpm | IBI=0 ms | Participant=P02
2228,IBI out of range,Row 2228 | Timestamp: 1710812080951 ms | PPG(Green=2056671, Red=2056671, Ir=2056671) | ACC(X=2.2274022102356, Y=-8.73476982116699, Z=-3.97100305557251) | HR=75 bpm | IBI=0 ms | Participant=P02
2229,IBI out of range,Row 2229 | Timestamp: 1710812080991 ms | PPG(Green=2057780, Red=2057780, Ir=2057780) | ACC(X=2.22261214256287, Y=-8.63417720794678, Z=-3.94944763183594) | HR=75 bpm | IBI=0 ms | Participant=P02
2230,IBI out of range,Row 2230 | Timestamp: 1710812081032 ms | PPG(Green=2059011, Red=2059011, Ir=2059011) | ACC(X=2.22500729560852, Y=-8.66770839691162, Z=-3.95663285255432) | HR=75 bpm | IBI=0 ms | Participant=P02
2231,IBI out of range,Row 2231 | Timestamp: 1710812081072 ms | PPG(Green=2058783, Red=2058783, Ir=2058783) | ACC(X=2.28727865219116, Y=-8.77069568634033, Z=-3.93507742881775) | HR=75 bpm | IBI=0 ms | Participant=P02
2232,IBI out of range,Row 2232 | Timestamp: 1710812081112 ms | PPG(Green=2055582, Red=2055582, Ir=2055582) | ACC(X=2.1818962097168, Y=-8.68207836151123, Z=-3.97579336166382) | HR=75 bpm | IBI=0 ms | Participant=P02
2233,IBI out of range,Row 2233 | Timestamp: 1710812081152 ms | PPG(Green=2051702, Red=2051702, Ir=2051702) | ACC(X=2.23698258399963, Y=-8.69644927978516, Z=-3.93986749649048) | HR=75 bpm | IBI=0 ms | Participant=P02
2234,IBI out of range,Row 2234 | Timestamp: 1710812081192 ms | PPG(Green=2049106, Red=2049106, Ir=2049106) | ACC(X=2.17471098899841, Y=-8.68207836151123, Z=-3.97339820861816) | HR=75 bpm | IBI=0 ms | Participant=P02
2235,IBI out of range,Row 2235 | Timestamp: 1710812081232 ms | PPG(Green=2047594, Red=2047594, Ir=2047594) | ACC(X=2.31362438201904, Y=-8.7395601272583, Z=-3.94226241111755) | HR=76 bpm | IBI=0 ms | Participant=P02
2236,IBI out of range,Row 2236 | Timestamp: 1710812081272 ms | PPG(Green=2046928, Red=2046928, Ir=2046928) | ACC(X=2.23219227790833, Y=-8.76111507415771, Z=-3.96142292022705) | HR=76 bpm | IBI=0 ms | Participant=P02
2237,IBI out of range,Row 2237 | Timestamp: 1710812081313 ms | PPG(Green=2046942, Red=2046942, Ir=2046942) | ACC(X=2.25374794006348, Y=-8.68686866760254, Z=-3.96621298789978) | HR=77 bpm | IBI=0 ms | Participant=P02
2238,IBI out of range,Row 2238 | Timestamp: 1710812081352 ms | PPG(Green=2047075, Red=2047075, Ir=2047075) | ACC(X=2.25374794006348, Y=-8.72758483886719, Z=-3.87520098686218) | HR=77 bpm | IBI=0 ms | Participant=P02
2239,IBI out of range,Row 2239 | Timestamp: 1710812081392 ms | PPG(Green=2046695, Red=2046695, Ir=2046695) | ACC(X=2.23937749862671, Y=-8.74435043334961, Z=-3.9590277671814) | HR=78 bpm | IBI=0 ms | Participant=P02
2240,IBI out of range,Row 2240 | Timestamp: 1710812081432 ms | PPG(Green=2046044, Red=2046044, Ir=2046044) | ACC(X=2.23219227790833, Y=-8.67489337921143, Z=-3.88957118988037) | HR=78 bpm | IBI=0 ms | Participant=P02
2241,IBI out of range,Row 2241 | Timestamp: 1710812081472 ms | PPG(Green=2045509, Red=2045509, Ir=2045509) | ACC(X=2.19147634506226, Y=-8.70602893829346, Z=-3.96142292022705) | HR=78 bpm | IBI=0 ms | Participant=P02
2242,IBI out of range,Row 2242 | Timestamp: 1710812081513 ms | PPG(Green=2045265, Red=2045265, Ir=2045265) | ACC(X=2.20105671882629, Y=-8.72279453277588, Z=-3.94465756416321) | HR=78 bpm | IBI=0 ms | Participant=P02
2243,IBI out of range,Row 2243 | Timestamp: 1710812081553 ms | PPG(Green=2045549, Red=2045549, Ir=2045549) | ACC(X=2.25374794006348, Y=-8.68926429748535, Z=-3.88238596916199) | HR=78 bpm | IBI=0 ms | Participant=P02
2244,IBI out of range,Row 2244 | Timestamp: 1710812081593 ms | PPG(Green=2046228, Red=2046228, Ir=2046228) | ACC(X=2.21063685417175, Y=-8.67968368530273, Z=-3.93028712272644) | HR=78 bpm | IBI=0 ms | Participant=P02
2245,IBI out of range,Row 2245 | Timestamp: 1710812081633 ms | PPG(Green=2046939, Red=2046939, Ir=2046939) | ACC(X=2.1818962097168, Y=-8.72279453277588, Z=-3.90873169898987) | HR=78 bpm | IBI=0 ms | Participant=P02
2246,IBI out of range,Row 2246 | Timestamp: 1710812081673 ms | PPG(Green=2047850, Red=2047850, Ir=2047850) | ACC(X=2.19626641273499, Y=-8.70123958587646, Z=-3.89675641059875) | HR=78 bpm | IBI=0 ms | Participant=P02
2247,IBI out of range,Row 2247 | Timestamp: 1710812081714 ms | PPG(Green=2049010, Red=2049010, Ir=2049010) | ACC(X=2.17231607437134, Y=-8.7395601272583, Z=-3.95663285255432) | HR=78 bpm | IBI=0 ms | Participant=P02
2248,IBI out of range,Row 2248 | Timestamp: 1710812081753 ms | PPG(Green=2049979, Red=2049979, Ir=2049979) | ACC(X=2.21063685417175, Y=-8.73476982116699, Z=-3.91112685203552) | HR=78 bpm | IBI=0 ms | Participant=P02
2249,IBI out of range,Row 2249 | Timestamp: 1710812081793 ms | PPG(Green=2051155, Red=2051155, Ir=2051155) | ACC(X=2.19626641273499, Y=-8.67968368530273, Z=-3.91831183433533) | HR=78 bpm | IBI=0 ms | Participant=P02
2250,IBI out of range,Row 2250 | Timestamp: 1710812081833 ms | PPG(Green=2052204, Red=2052204, Ir=2052204) | ACC(X=2.2274022102356, Y=-8.67968368530273, Z=-3.91831183433533) | HR=79 bpm | IBI=0 ms | Participant=P02
2251,IBI out of range,Row 2251 | Timestamp: 1710812081874 ms | PPG(Green=2050708, Red=2050708, Ir=2050708) | ACC(X=2.2082417011261, Y=-8.70602893829346, Z=-3.93507742881775) | HR=79 bpm | IBI=0 ms | Participant=P02
2252,IBI out of range,Row 2252 | Timestamp: 1710812081914 ms | PPG(Green=2047080, Red=2047080, Ir=2047080) | ACC(X=2.17710614204407, Y=-8.7323751449585, Z=-3.93747234344482) | HR=78 bpm | IBI=0 ms | Participant=P02
2253,IBI out of range,Row 2253 | Timestamp: 1710812081954 ms | PPG(Green=2043345, Red=2043345, Ir=2043345) | ACC(X=2.22979736328125, Y=-8.69405364990234, Z=-3.96621298789978) | HR=78 bpm | IBI=0 ms | Participant=P02
2254,IBI out of range,Row 2254 | Timestamp: 1710812081994 ms | PPG(Green=2040916, Red=2040916, Ir=2040916) | ACC(X=2.22261214256287, Y=-8.71560955047607, Z=-3.98058342933655) | HR=78 bpm | IBI=0 ms | Participant=P02
2255,IBI out of range,Row 2255 | Timestamp: 1710812082034 ms | PPG(Green=2039757, Red=2039757, Ir=2039757) | ACC(X=2.2274022102356, Y=-8.71560955047607, Z=-4.0021390914917) | HR=78 bpm | IBI=0 ms | Participant=P02
2256,IBI out of range,Row 2256 | Timestamp: 1710812082074 ms | PPG(Green=2039455, Red=2039455, Ir=2039455) | ACC(X=2.24895787239075, Y=-8.74435043334961, Z=-3.97339820861816) | HR=78 bpm | IBI=0 ms | Participant=P02
2257,IBI out of range,Row 2257 | Timestamp: 1710812082115 ms | PPG(Green=2039646, Red=2039646, Ir=2039646) | ACC(X=2.25374794006348, Y=-8.69644927978516, Z=-3.90633654594421) | HR=77 bpm | IBI=0 ms | Participant=P02
2258,IBI out of range,Row 2258 | Timestamp: 1710812082154 ms | PPG(Green=2039707, Red=2039707, Ir=2039707) | ACC(X=2.22500729560852, Y=-8.81380653381348, Z=-3.96621298789978) | HR=77 bpm | IBI=0 ms | Participant=P02
2259,IBI out of range,Row 2259 | Timestamp: 1710812082194 ms | PPG(Green=2039223, Red=2039223, Ir=2039223) | ACC(X=2.29685878753662, Y=-8.72758483886719, Z=-3.90873169898987) | HR=76 bpm | IBI=0 ms | Participant=P02
2260,IBI out of range,Row 2260 | Timestamp: 1710812082234 ms | PPG(Green=2038430, Red=2038430, Ir=2038430) | ACC(X=2.27051329612732, Y=-8.74674510955811, Z=-3.96621298789978) | HR=76 bpm | IBI=0 ms | Participant=P02
2261,IBI out of range,Row 2261 | Timestamp: 1710812082274 ms | PPG(Green=2038025, Red=2038025, Ir=2038025) | ACC(X=2.19866156578064, Y=-8.71800422668457, Z=-3.99734878540039) | HR=76 bpm | IBI=0 ms | Participant=P02
2262,IBI out of range,Row 2262 | Timestamp: 1710812082315 ms | PPG(Green=2038004, Red=2038004, Ir=2038004) | ACC(X=2.23219227790833, Y=-8.76590538024902, Z=-3.92789220809936) | HR=77 bpm | IBI=0 ms | Participant=P02
2263,IBI out of range,Row 2263 | Timestamp: 1710812082355 ms | PPG(Green=2038215, Red=2038215, Ir=2038215) | ACC(X=2.28488349914551, Y=-8.67249870300293, Z=-3.94705247879028) | HR=78 bpm | IBI=0 ms | Participant=P02
2264,IBI out of range,Row 2264 | Timestamp: 1710812082395 ms | PPG(Green=2038872, Red=2038872, Ir=2038872) | ACC(X=2.25614285469055, Y=-8.69405364990234, Z=-3.91112685203552) | HR=79 bpm | IBI=0 ms | Participant=P02
2265,IBI out of range,Row 2265 | Timestamp: 1710812082435 ms | PPG(Green=2039721, Red=2039721, Ir=2039721) | ACC(X=2.20584678649902, Y=-8.7395601272583, Z=-3.92310214042664) | HR=80 bpm | IBI=0 ms | Participant=P02
2266,IBI out of range,Row 2266 | Timestamp: 1710812082475 ms | PPG(Green=2040792, Red=2040792, Ir=2040792) | ACC(X=2.24416756629944, Y=-8.75393009185791, Z=-3.96142292022705) | HR=80 bpm | IBI=0 ms | Participant=P02
2267,IBI out of range,Row 2267 | Timestamp: 1710812082516 ms | PPG(Green=2041610, Red=2041610, Ir=2041610) | ACC(X=2.22021698951721, Y=-8.6485481262207, Z=-4.01411437988281) | HR=80 bpm | IBI=0 ms | Participant=P02
2268,IBI out of range,Row 2268 | Timestamp: 1710812082555 ms | PPG(Green=2042762, Red=2042762, Ir=2042762) | ACC(X=2.21782207489014, Y=-8.66531372070313, Z=-3.93986749649048) | HR=81 bpm | IBI=0 ms | Participant=P02
2269,IBI out of range,Row 2269 | Timestamp: 1710812082595 ms | PPG(Green=2043304, Red=2043304, Ir=2043304) | ACC(X=2.29685878753662, Y=-8.67728900909424, Z=-3.95184278488159) | HR=81 bpm | IBI=0 ms | Participant=P02
2270,IBI out of range,Row 2270 | Timestamp: 1710812082635 ms | PPG(Green=2040935, Red=2040935, Ir=2040935) | ACC(X=2.28248858451843, Y=-8.68447399139404, Z=-3.94226241111755) | HR=82 bpm | IBI=0 ms | Participant=P02
2271,IBI out of range,Row 2271 | Timestamp: 1710812082675 ms | PPG(Green=2037068, Red=2037068, Ir=2037068) | ACC(X=2.26572322845459, Y=-8.77069568634033, Z=-3.93747234344482) | HR=82 bpm | IBI=0 ms | Participant=P02
2272,IBI out of range,Row 2272 | Timestamp: 1710812082716 ms | PPG(Green=2033615, Red=2033615, Ir=2033615) | ACC(X=2.23458743095398, Y=-8.67968368530273, Z=-3.90633654594421) | HR=82 bpm | IBI=0 ms | Participant=P02
2273,IBI out of range,Row 2273 | Timestamp: 1710812082755 ms | PPG(Green=2031653, Red=2031653, Ir=2031653) | ACC(X=2.24177265167236, Y=-8.71321487426758, Z=-3.87999105453491) | HR=81 bpm | IBI=0 ms | Participant=P02
2274,IBI out of range,Row 2274 | Timestamp: 1710812082796 ms | PPG(Green=2030747, Red=2030747, Ir=2030747) | ACC(X=2.27290821075439, Y=-8.68686866760254, Z=-3.93986749649048) | HR=81 bpm | IBI=0 ms | Participant=P02
2275,IBI out of range,Row 2275 | Timestamp: 1710812082836 ms | PPG(Green=2030778, Red=2030778, Ir=2030778) | ACC(X=2.25135278701782, Y=-8.62220191955566, Z=-3.95663285255432) | HR=81 bpm | IBI=0 ms | Participant=P02
2276,IBI out of range,Row 2276 | Timestamp: 1710812082876 ms | PPG(Green=2031202, Red=2031202, Ir=2031202) | ACC(X=2.27530336380005, Y=-8.71560955047607, Z=-3.93747234344482) | HR=81 bpm | IBI=0 ms | Participant=P02
2277,IBI out of range,Row 2277 | Timestamp: 1710812082917 ms | PPG(Green=2031096, Red=2031096, Ir=2031096) | ACC(X=2.2274022102356, Y=-8.61980724334717, Z=-3.88478112220764) | HR=81 bpm | IBI=0 ms | Participant=P02
2278,IBI out of range,Row 2278 | Timestamp: 1710812082956 ms | PPG(Green=2030666, Red=2030666, Ir=2030666) | ACC(X=2.24177265167236, Y=-8.64375782012939, Z=-3.93986749649048) | HR=80 bpm | IBI=0 ms | Participant=P02
2279,IBI out of range,Row 2279 | Timestamp: 1710812082996 ms | PPG(Green=2029787, Red=2029787, Ir=2029787) | ACC(X=2.28248858451843, Y=-8.72279453277588, Z=-3.92789220809936) | HR=80 bpm | IBI=0 ms | Participant=P02
2280,IBI out of range,Row 2280 | Timestamp: 1710812083036 ms | PPG(Green=2029407, Red=2029407, Ir=2029407) | ACC(X=2.27530336380005, Y=-8.66770839691162, Z=-3.97818827629089) | HR=79 bpm | IBI=0 ms | Participant=P02
2281,IBI out of range,Row 2281 | Timestamp: 1710812083076 ms | PPG(Green=2029414, Red=2029414, Ir=2029414) | ACC(X=2.32799458503723, Y=-8.61262226104736, Z=-3.90154647827148) | HR=79 bpm | IBI=0 ms | Participant=P02
2282,IBI out of range,Row 2282 | Timestamp: 1710812083117 ms | PPG(Green=2029965, Red=2029965, Ir=2029965) | ACC(X=2.29925394058228, Y=-8.70123958587646, Z=-3.87041091918945) | HR=79 bpm | IBI=0 ms | Participant=P02
2283,IBI out of range,Row 2283 | Timestamp: 1710812083156 ms | PPG(Green=2030734, Red=2030734, Ir=2030734) | ACC(X=2.29206871986389, Y=-8.658127784729, Z=-3.94226241111755) | HR=78 bpm | IBI=0 ms | Participant=P02
2284,IBI out of range,Row 2284 | Timestamp: 1710812083197 ms | PPG(Green=2031626, Red=2031626, Ir=2031626) | ACC(X=2.28248858451843, Y=-8.72997951507568, Z=-4.0021390914917) | HR=78 bpm | IBI=0 ms | Participant=P02
2285,IBI out of range,Row 2285 | Timestamp: 1710812083237 ms | PPG(Green=2032558, Red=2032558, Ir=2032558) | ACC(X=2.21782207489014, Y=-8.71321487426758, Z=-3.95663285255432) | HR=78 bpm | IBI=0 ms | Participant=P02
2286,IBI out of range,Row 2286 | Timestamp: 1710812083277 ms | PPG(Green=2033488, Red=2033488, Ir=2033488) | ACC(X=2.24416756629944, Y=-8.70123958587646, Z=-3.94944763183594) | HR=79 bpm | IBI=0 ms | Participant=P02
2287,IBI out of range,Row 2287 | Timestamp: 1710812083318 ms | PPG(Green=2034659, Red=2034659, Ir=2034659) | ACC(X=2.29925394058228, Y=-8.63657283782959, Z=-3.87999105453491) | HR=79 bpm | IBI=0 ms | Participant=P02
2288,IBI out of range,Row 2288 | Timestamp: 1710812083357 ms | PPG(Green=2033363, Red=2033363, Ir=2033363) | ACC(X=2.29925394058228, Y=-8.66770839691162, Z=-3.96142292022705) | HR=79 bpm | IBI=0 ms | Participant=P02
2289,IBI out of range,Row 2289 | Timestamp: 1710812083397 ms | PPG(Green=2029704, Red=2029704, Ir=2029704) | ACC(X=2.20584678649902, Y=-8.67010307312012, Z=-3.90394163131714) | HR=79 bpm | IBI=0 ms | Participant=P02
2290,IBI out of range,Row 2290 | Timestamp: 1710812083437 ms | PPG(Green=2026087, Red=2026087, Ir=2026087) | ACC(X=2.29685878753662, Y=-8.71081924438477, Z=-3.99974393844604) | HR=79 bpm | IBI=0 ms | Participant=P02
2291,IBI out of range,Row 2291 | Timestamp: 1710812083477 ms | PPG(Green=2023886, Red=2023886, Ir=2023886) | ACC(X=2.29446387290955, Y=-8.69165897369385, Z=-3.94226241111755) | HR=79 bpm | IBI=0 ms | Participant=P02
2292,IBI out of range,Row 2292 | Timestamp: 1710812083518 ms | PPG(Green=2022735, Red=2022735, Ir=2022735) | ACC(X=2.32799458503723, Y=-8.72519016265869, Z=-3.93507742881775) | HR=80 bpm | IBI=0 ms | Participant=P02
2293,IBI out of range,Row 2293 | Timestamp: 1710812083558 ms | PPG(Green=2022749, Red=2022749, Ir=2022749) | ACC(X=2.29925394058228, Y=-8.70123958587646, Z=-3.97100305557251) | HR=79 bpm | IBI=0 ms | Participant=P02
2294,IBI out of range,Row 2294 | Timestamp: 1710812083598 ms | PPG(Green=2023172, Red=2023172, Ir=2023172) | ACC(X=2.3232045173645, Y=-8.67010307312012, Z=-3.99495363235474) | HR=79 bpm | IBI=0 ms | Participant=P02
2295,IBI out of range,Row 2295 | Timestamp: 1710812083638 ms | PPG(Green=2023297, Red=2023297, Ir=2023297) | ACC(X=2.28009343147278, Y=-8.75872039794922, Z=-3.96142292022705) | HR=79 bpm | IBI=0 ms | Participant=P02
2296,IBI out of range,Row 2296 | Timestamp: 1710812083678 ms | PPG(Green=2022955, Red=2022955, Ir=2022955) | ACC(X=2.32799458503723, Y=-8.64615249633789, Z=-3.95184278488159) | HR=78 bpm | IBI=0 ms | Participant=P02
2297,IBI out of range,Row 2297 | Timestamp: 1710812083718 ms | PPG(Green=2022247, Red=2022247, Ir=2022247) | ACC(X=2.29685878753662, Y=-8.70602893829346, Z=-4.01890420913696) | HR=79 bpm | IBI=0 ms | Participant=P02
2298,IBI out of range,Row 2298 | Timestamp: 1710812083758 ms | PPG(Green=2021780, Red=2021780, Ir=2021780) | ACC(X=2.21542692184448, Y=-8.69884395599365, Z=-3.9135217666626) | HR=78 bpm | IBI=0 ms | Participant=P02
2299,IBI out of range,Row 2299 | Timestamp: 1710812083798 ms | PPG(Green=2021862, Red=2021862, Ir=2021862) | ACC(X=2.28488349914551, Y=-8.6413631439209, Z=-3.90873169898987) | HR=78 bpm | IBI=0 ms | Participant=P02
2300,IBI out of range,Row 2300 | Timestamp: 1710812083838 ms | PPG(Green=2022414, Red=2022414, Ir=2022414) | ACC(X=2.2082417011261, Y=-8.68686866760254, Z=-3.94465756416321) | HR=78 bpm | IBI=0 ms | Participant=P02
2301,IBI out of range,Row 2301 | Timestamp: 1710812083878 ms | PPG(Green=2023275, Red=2023275, Ir=2023275) | ACC(X=2.27290821075439, Y=-8.6485481262207, Z=-3.93986749649048) | HR=78 bpm | IBI=0 ms | Participant=P02
2302,IBI out of range,Row 2302 | Timestamp: 1710812083919 ms | PPG(Green=2024424, Red=2024424, Ir=2024424) | ACC(X=2.21303200721741, Y=-8.76351070404053, Z=-4.0045337677002) | HR=77 bpm | IBI=0 ms | Participant=P02
2303,IBI out of range,Row 2303 | Timestamp: 1710812083958 ms | PPG(Green=2025361, Red=2025361, Ir=2025361) | ACC(X=2.23219227790833, Y=-8.6413631439209, Z=-3.93507742881775) | HR=76 bpm | IBI=0 ms | Participant=P02
2304,IBI out of range,Row 2304 | Timestamp: 1710812083999 ms | PPG(Green=2026564, Red=2026564, Ir=2026564) | ACC(X=2.2776985168457, Y=-8.65333843231201, Z=-3.9590277671814) | HR=77 bpm | IBI=0 ms | Participant=P02
2305,IBI out of range,Row 2305 | Timestamp: 1710812084039 ms | PPG(Green=2027915, Red=2027915, Ir=2027915) | ACC(X=2.2776985168457, Y=-8.71081924438477, Z=-3.98058342933655) | HR=77 bpm | IBI=0 ms | Participant=P02
2306,IBI out of range,Row 2306 | Timestamp: 1710812084079 ms | PPG(Green=2026402, Red=2026402, Ir=2026402) | ACC(X=2.30883407592773, Y=-8.68686866760254, Z=-3.97579336166382) | HR=77 bpm | IBI=0 ms | Participant=P02
2307,IBI out of range,Row 2307 | Timestamp: 1710812084119 ms | PPG(Green=2022778, Red=2022778, Ir=2022778) | ACC(X=2.23458743095398, Y=-8.71081924438477, Z=-3.93747234344482) | HR=77 bpm | IBI=0 ms | Participant=P02
2308,IBI out of range,Row 2308 | Timestamp: 1710812084159 ms | PPG(Green=2019052, Red=2019052, Ir=2019052) | ACC(X=2.3232045173645, Y=-8.67249870300293, Z=-3.98058342933655) | HR=77 bpm | IBI=0 ms | Participant=P02
2309,IBI out of range,Row 2309 | Timestamp: 1710812084199 ms | PPG(Green=2016645, Red=2016645, Ir=2016645) | ACC(X=2.22500729560852, Y=-8.71800422668457, Z=-3.9326822757721) | HR=76 bpm | IBI=0 ms | Participant=P02
2310,IBI out of range,Row 2310 | Timestamp: 1710812084239 ms | PPG(Green=2015619, Red=2015619, Ir=2015619) | ACC(X=2.21063685417175, Y=-8.69165897369385, Z=-3.98058342933655) | HR=76 bpm | IBI=0 ms | Participant=P02
2311,IBI out of range,Row 2311 | Timestamp: 1710812084279 ms | PPG(Green=2015509, Red=2015509, Ir=2015509) | ACC(X=2.24177265167236, Y=-8.69165897369385, Z=-3.99734878540039) | HR=76 bpm | IBI=0 ms | Participant=P02
2312,IBI out of range,Row 2312 | Timestamp: 1710812084320 ms | PPG(Green=2016054, Red=2016054, Ir=2016054) | ACC(X=2.29446387290955, Y=-8.70363426208496, Z=-3.94226241111755) | HR=75 bpm | IBI=0 ms | Participant=P02
2313,IBI out of range,Row 2313 | Timestamp: 1710812084360 ms | PPG(Green=2016241, Red=2016241, Ir=2016241) | ACC(X=2.2776985168457, Y=-8.72519016265869, Z=-3.91591691970825) | HR=76 bpm | IBI=0 ms | Participant=P02
2314,IBI out of range,Row 2314 | Timestamp: 1710812084400 ms | PPG(Green=2015902, Red=2015902, Ir=2015902) | ACC(X=2.2274022102356, Y=-8.70602893829346, Z=-3.91591691970825) | HR=76 bpm | IBI=0 ms | Participant=P02
2315,IBI out of range,Row 2315 | Timestamp: 1710812084440 ms | PPG(Green=2015269, Red=2015269, Ir=2015269) | ACC(X=2.26572322845459, Y=-8.69884395599365, Z=-3.99255871772766) | HR=77 bpm | IBI=0 ms | Participant=P02
2316,IBI out of range,Row 2316 | Timestamp: 1710812084480 ms | PPG(Green=2014948, Red=2014948, Ir=2014948) | ACC(X=2.24416756629944, Y=-8.62459754943848, Z=-3.99495363235474) | HR=76 bpm | IBI=0 ms | Participant=P02
2317,IBI out of range,Row 2317 | Timestamp: 1710812084521 ms | PPG(Green=2015219, Red=2015219, Ir=2015219) | ACC(X=2.23698258399963, Y=-8.66052341461182, Z=-3.97579336166382) | HR=76 bpm | IBI=0 ms | Participant=P02
2318,IBI out of range,Row 2318 | Timestamp: 1710812084560 ms | PPG(Green=2015761, Red=2015761, Ir=2015761) | ACC(X=2.27290821075439, Y=-8.72279453277588, Z=-3.96381807327271) | HR=76 bpm | IBI=0 ms | Participant=P02
2319,IBI out of range,Row 2319 | Timestamp: 1710812084600 ms | PPG(Green=2016715, Red=2016715, Ir=2016715) | ACC(X=2.23698258399963, Y=-8.72758483886719, Z=-3.97579336166382) | HR=78 bpm | IBI=0 ms | Participant=P02
2320,IBI out of range,Row 2320 | Timestamp: 1710812084640 ms | PPG(Green=2017953, Red=2017953, Ir=2017953) | ACC(X=2.24177265167236, Y=-8.65573310852051, Z=-3.9326822757721) | HR=76 bpm | IBI=0 ms | Participant=P02
2321,IBI out of range,Row 2321 | Timestamp: 1710812084680 ms | PPG(Green=2019092, Red=2019092, Ir=2019092) | ACC(X=2.25135278701782, Y=-8.78746128082275, Z=-4.01171922683716) | HR=77 bpm | IBI=0 ms | Participant=P02
2322,IBI out of range,Row 2322 | Timestamp: 1710812084721 ms | PPG(Green=2020449, Red=2020449, Ir=2020449) | ACC(X=2.23698258399963, Y=-8.66531372070313, Z=-3.93028712272644) | HR=78 bpm | IBI=0 ms | Participant=P02
2323,IBI out of range,Row 2323 | Timestamp: 1710812084761 ms | PPG(Green=2021765, Red=2021765, Ir=2021765) | ACC(X=2.27290821075439, Y=-8.67489337921143, Z=-3.97100305557251) | HR=78 bpm | IBI=0 ms | Participant=P02
2324,IBI out of range,Row 2324 | Timestamp: 1710812084801 ms | PPG(Green=2021787, Red=2021787, Ir=2021787) | ACC(X=2.24177265167236, Y=-8.78267097473145, Z=-3.99255871772766) | HR=78 bpm | IBI=0 ms | Participant=P02
2325,IBI out of range,Row 2325 | Timestamp: 1710812084841 ms | PPG(Green=2018195, Red=2018195, Ir=2018195) | ACC(X=2.21782207489014, Y=-8.68686866760254, Z=-3.97100305557251) | HR=78 bpm | IBI=0 ms | Participant=P02
2326,IBI out of range,Row 2326 | Timestamp: 1710812084881 ms | PPG(Green=2013578, Red=2013578, Ir=2013578) | ACC(X=2.26093292236328, Y=-8.68686866760254, Z=-3.94705247879028) | HR=76 bpm | IBI=0 ms | Participant=P02
2327,IBI out of range,Row 2327 | Timestamp: 1710812084922 ms | PPG(Green=2010036, Red=2010036, Ir=2010036) | ACC(X=2.22021698951721, Y=-8.67968368530273, Z=-3.98297834396362) | HR=78 bpm | IBI=0 ms | Participant=P02
2328,IBI out of range,Row 2328 | Timestamp: 1710812084961 ms | PPG(Green=2007976, Red=2007976, Ir=2007976) | ACC(X=2.22979736328125, Y=-8.75632572174072, Z=-3.9590277671814) | HR=78 bpm | IBI=0 ms | Participant=P02
2329,IBI out of range,Row 2329 | Timestamp: 1710812085001 ms | PPG(Green=2007056, Red=2007056, Ir=2007056) | ACC(X=2.2274022102356, Y=-8.71800422668457, Z=-3.98058342933655) | HR=77 bpm | IBI=0 ms | Participant=P02
2330,IBI out of range,Row 2330 | Timestamp: 1710812085041 ms | PPG(Green=2006900, Red=2006900, Ir=2006900) | ACC(X=2.24177265167236, Y=-8.67728900909424, Z=-4.02608966827393) | HR=77 bpm | IBI=0 ms | Participant=P02
2331,IBI out of range,Row 2331 | Timestamp: 1710812085082 ms | PPG(Green=2006825, Red=2006825, Ir=2006825) | ACC(X=2.21542692184448, Y=-8.71560955047607, Z=-4.02369451522827) | HR=77 bpm | IBI=0 ms | Participant=P02
2332,IBI out of range,Row 2332 | Timestamp: 1710812085122 ms | PPG(Green=2006503, Red=2006503, Ir=2006503) | ACC(X=2.2274022102356, Y=-8.71800422668457, Z=-3.87280583381653) | HR=77 bpm | IBI=0 ms | Participant=P02
2333,IBI out of range,Row 2333 | Timestamp: 1710812085162 ms | PPG(Green=2005575, Red=2005575, Ir=2005575) | ACC(X=2.25135278701782, Y=-8.67968368530273, Z=-3.94465756416321) | HR=77 bpm | IBI=0 ms | Participant=P02
2334,HeartRate out of range,Row 2334 | Timestamp: 1710812085202 ms | PPG(Green=2004911, Red=2004911, Ir=2004911) | ACC(X=2.25135278701782, Y=-8.66531372070313, Z=-3.92789220809936) | HR=0 bpm | IBI=0 ms | Participant=P02
2335,HeartRate out of range,Row 2335 | Timestamp: 1710812085242 ms | PPG(Green=2004682, Red=2004682, Ir=2004682) | ACC(X=2.24895787239075, Y=-8.74435043334961, Z=-3.9326822757721) | HR=0 bpm | IBI=0 ms | Participant=P02
2336,IBI out of range,Row 2336 | Timestamp: 1710812085282 ms | PPG(Green=2005104, Red=2005104, Ir=2005104) | ACC(X=2.26572322845459, Y=-8.71800422668457, Z=-3.99255871772766) | HR=77 bpm | IBI=0 ms | Participant=P02
2337,IBI out of range,Row 2337 | Timestamp: 1710812085323 ms | PPG(Green=2005790, Red=2005790, Ir=2005790) | ACC(X=2.23219227790833, Y=-8.70123958587646, Z=-3.96621298789978) | HR=80 bpm | IBI=0 ms | Participant=P02
2338,IBI out of range,Row 2338 | Timestamp: 1710812085362 ms | PPG(Green=2006760, Red=2006760, Ir=2006760) | ACC(X=2.24177265167236, Y=-8.63657283782959, Z=-3.96381807327271) | HR=79 bpm | IBI=0 ms | Participant=P02
2339,IBI out of range,Row 2339 | Timestamp: 1710812085402 ms | PPG(Green=2007887, Red=2007887, Ir=2007887) | ACC(X=2.2082417011261, Y=-8.7419548034668, Z=-3.98776865005493) | HR=79 bpm | IBI=0 ms | Participant=P02
2340,IBI out of range,Row 2340 | Timestamp: 1710812085443 ms | PPG(Green=2009081, Red=2009081, Ir=2009081) | ACC(X=2.22021698951721, Y=-8.7395601272583, Z=-3.99255871772766) | HR=78 bpm | IBI=0 ms | Participant=P02
2341,IBI out of range,Row 2341 | Timestamp: 1710812085483 ms | PPG(Green=2010183, Red=2010183, Ir=2010183) | ACC(X=2.28009343147278, Y=-8.67010307312012, Z=-3.97100305557251) | HR=78 bpm | IBI=0 ms | Participant=P02
2342,IBI out of range,Row 2342 | Timestamp: 1710812085523 ms | PPG(Green=2011595, Red=2011595, Ir=2011595) | ACC(X=2.24177265167236, Y=-8.67489337921143, Z=-3.96621298789978) | HR=77 bpm | IBI=0 ms | Participant=P02
2343,IBI out of range,Row 2343 | Timestamp: 1710812085563 ms | PPG(Green=2012474, Red=2012474, Ir=2012474) | ACC(X=2.25374794006348, Y=-8.69644927978516, Z=-3.8680157661438) | HR=76 bpm | IBI=0 ms | Participant=P02
2344,IBI out of range,Row 2344 | Timestamp: 1710812085603 ms | PPG(Green=2010123, Red=2010123, Ir=2010123) | ACC(X=2.19866156578064, Y=-8.68447399139404, Z=-3.92789220809936) | HR=75 bpm | IBI=0 ms | Participant=P02
2345,IBI out of range,Row 2345 | Timestamp: 1710812085643 ms | PPG(Green=2005468, Red=2005468, Ir=2005468) | ACC(X=2.20345163345337, Y=-8.75872039794922, Z=-3.90394163131714) | HR=77 bpm | IBI=0 ms | Participant=P02
2346,IBI out of range,Row 2346 | Timestamp: 1710812085683 ms | PPG(Green=2001271, Red=2001271, Ir=2001271) | ACC(X=2.22021698951721, Y=-8.72279453277588, Z=-3.9326822757721) | HR=77 bpm | IBI=0 ms | Participant=P02
2347,IBI out of range,Row 2347 | Timestamp: 1710812085724 ms | PPG(Green=1998574, Red=1998574, Ir=1998574) | ACC(X=2.30643916130066, Y=-8.7419548034668, Z=-3.89915156364441) | HR=78 bpm | IBI=0 ms | Participant=P02
2348,IBI out of range,Row 2348 | Timestamp: 1710812085763 ms | PPG(Green=1997310, Red=1997310, Ir=1997310) | ACC(X=2.30883407592773, Y=-8.70363426208496, Z=-3.96381807327271) | HR=77 bpm | IBI=0 ms | Participant=P02
2349,IBI out of range,Row 2349 | Timestamp: 1710812085804 ms | PPG(Green=1996783, Red=1996783, Ir=1996783) | ACC(X=2.23219227790833, Y=-8.70842456817627, Z=-3.99495363235474) | HR=77 bpm | IBI=0 ms | Participant=P02
2350,IBI out of range,Row 2350 | Timestamp: 1710812085844 ms | PPG(Green=1996679, Red=1996679, Ir=1996679) | ACC(X=2.29206871986389, Y=-8.69644927978516, Z=-3.92070698738098) | HR=77 bpm | IBI=0 ms | Participant=P02
2351,IBI out of range,Row 2351 | Timestamp: 1710812085884 ms | PPG(Green=1996491, Red=1996491, Ir=1996491) | ACC(X=2.22261214256287, Y=-8.658127784729, Z=-3.93028712272644) | HR=78 bpm | IBI=0 ms | Participant=P02
2352,IBI out of range,Row 2352 | Timestamp: 1710812085925 ms | PPG(Green=1995873, Red=1995873, Ir=1995873) | ACC(X=2.26093292236328, Y=-8.78027629852295, Z=-3.89196634292603) | HR=78 bpm | IBI=0 ms | Participant=P02
2353,IBI out of range,Row 2353 | Timestamp: 1710812085964 ms | PPG(Green=1994996, Red=1994996, Ir=1994996) | ACC(X=2.25135278701782, Y=-8.7491397857666, Z=-3.93028712272644) | HR=78 bpm | IBI=0 ms | Participant=P02
2354,IBI out of range,Row 2354 | Timestamp: 1710812086004 ms | PPG(Green=1994687, Red=1994687, Ir=1994687) | ACC(X=2.26332807540894, Y=-8.71321487426758, Z=-3.9135217666626) | HR=77 bpm | IBI=0 ms | Participant=P02
2355,IBI out of range,Row 2355 | Timestamp: 1710812086044 ms | PPG(Green=1994904, Red=1994904, Ir=1994904) | ACC(X=2.23937749862671, Y=-8.7395601272583, Z=-3.92070698738098) | HR=76 bpm | IBI=0 ms | Participant=P02
2356,IBI out of range,Row 2356 | Timestamp: 1710812086085 ms | PPG(Green=1995587, Red=1995587, Ir=1995587) | ACC(X=2.21782207489014, Y=-8.72758483886719, Z=-3.92789220809936) | HR=77 bpm | IBI=0 ms | Participant=P02
2357,IBI out of range,Row 2357 | Timestamp: 1710812086125 ms | PPG(Green=1996730, Red=1996730, Ir=1996730) | ACC(X=2.21782207489014, Y=-8.67489337921143, Z=-3.95423769950867) | HR=77 bpm | IBI=0 ms | Participant=P02
2358,IBI out of range,Row 2358 | Timestamp: 1710812086165 ms | PPG(Green=1997857, Red=1997857, Ir=1997857) | ACC(X=2.28727865219116, Y=-8.71560955047607, Z=-3.9326822757721) | HR=76 bpm | IBI=0 ms | Participant=P02
2359,IBI out of range,Row 2359 | Timestamp: 1710812086205 ms | PPG(Green=1999263, Red=1999263, Ir=1999263) | ACC(X=2.27051329612732, Y=-8.68926429748535, Z=-3.94226241111755) | HR=76 bpm | IBI=0 ms | Participant=P02
2360,IBI out of range,Row 2360 | Timestamp: 1710812086245 ms | PPG(Green=2000624, Red=2000624, Ir=2000624) | ACC(X=2.21782207489014, Y=-8.66770839691162, Z=-3.92789220809936) | HR=77 bpm | IBI=0 ms | Participant=P02
2361,IBI out of range,Row 2361 | Timestamp: 1710812086285 ms | PPG(Green=2002008, Red=2002008, Ir=2002008) | ACC(X=2.25374794006348, Y=-8.72519016265869, Z=-3.97818827629089) | HR=76 bpm | IBI=0 ms | Participant=P02
2362,IBI out of range,Row 2362 | Timestamp: 1710812086326 ms | PPG(Green=2003524, Red=2003524, Ir=2003524) | ACC(X=2.23698258399963, Y=-8.67249870300293, Z=-3.91112685203552) | HR=76 bpm | IBI=0 ms | Participant=P02
2363,IBI out of range,Row 2363 | Timestamp: 1710812086365 ms | PPG(Green=2005013, Red=2005013, Ir=2005013) | ACC(X=2.23937749862671, Y=-8.73476982116699, Z=-3.93028712272644) | HR=77 bpm | IBI=0 ms | Participant=P02
2364,IBI out of range,Row 2364 | Timestamp: 1710812086405 ms | PPG(Green=2004694, Red=2004694, Ir=2004694) | ACC(X=2.27530336380005, Y=-8.75393009185791, Z=-3.89675641059875) | HR=76 bpm | IBI=0 ms | Participant=P02
2365,IBI out of range,Row 2365 | Timestamp: 1710812086446 ms | PPG(Green=2001075, Red=2001075, Ir=2001075) | ACC(X=2.20105671882629, Y=-8.70363426208496, Z=-3.9590277671814) | HR=77 bpm | IBI=0 ms | Participant=P02
2366,IBI out of range,Row 2366 | Timestamp: 1710812086486 ms | PPG(Green=1996719, Red=1996719, Ir=1996719) | ACC(X=2.19387149810791, Y=-8.70842456817627, Z=-3.85604047775269) | HR=77 bpm | IBI=0 ms | Participant=P02
2367,IBI out of range,Row 2367 | Timestamp: 1710812086526 ms | PPG(Green=1993757, Red=1993757, Ir=1993757) | ACC(X=2.16992092132568, Y=-8.68686866760254, Z=-3.94465756416321) | HR=77 bpm | IBI=0 ms | Participant=P02
2368,IBI out of range,Row 2368 | Timestamp: 1710812086566 ms | PPG(Green=1992322, Red=1992322, Ir=1992322) | ACC(X=2.19626641273499, Y=-8.70363426208496, Z=-3.90873169898987) | HR=77 bpm | IBI=0 ms | Participant=P02
2369,IBI out of range,Row 2369 | Timestamp: 1710812086606 ms | PPG(Green=1991819, Red=1991819, Ir=1991819) | ACC(X=2.28009343147278, Y=-8.7395601272583, Z=-3.93747234344482) | HR=77 bpm | IBI=0 ms | Participant=P02
2370,IBI out of range,Row 2370 | Timestamp: 1710812086646 ms | PPG(Green=1991883, Red=1991883, Ir=1991883) | ACC(X=2.27051329612732, Y=-8.7371654510498, Z=-3.85843563079834) | HR=77 bpm | IBI=0 ms | Participant=P02
2371,IBI out of range,Row 2371 | Timestamp: 1710812086686 ms | PPG(Green=1992077, Red=1992077, Ir=1992077) | ACC(X=2.27530336380005, Y=-8.67010307312012, Z=-3.8943612575531) | HR=76 bpm | IBI=0 ms | Participant=P02
2372,IBI out of range,Row 2372 | Timestamp: 1710812086727 ms | PPG(Green=1991996, Red=1991996, Ir=1991996) | ACC(X=2.26572322845459, Y=-8.72039985656738, Z=-3.87759590148926) | HR=77 bpm | IBI=0 ms | Participant=P02
2373,IBI out of range,Row 2373 | Timestamp: 1710812086766 ms | PPG(Green=1991375, Red=1991375, Ir=1991375) | ACC(X=2.28488349914551, Y=-8.69165897369385, Z=-3.93028712272644) | HR=76 bpm | IBI=0 ms | Participant=P02
2374,IBI out of range,Row 2374 | Timestamp: 1710812086806 ms | PPG(Green=1991091, Red=1991091, Ir=1991091) | ACC(X=2.26332807540894, Y=-8.75872039794922, Z=-3.89196634292603) | HR=77 bpm | IBI=0 ms | Participant=P02
2375,IBI out of range,Row 2375 | Timestamp: 1710812086846 ms | PPG(Green=1991385, Red=1991385, Ir=1991385) | ACC(X=2.304044008255, Y=-8.69884395599365, Z=-3.94944763183594) | HR=77 bpm | IBI=0 ms | Participant=P02
2376,IBI out of range,Row 2376 | Timestamp: 1710812086887 ms | PPG(Green=1992060, Red=1992060, Ir=1992060) | ACC(X=2.26811814308167, Y=-8.7323751449585, Z=-3.95663285255432) | HR=76 bpm | IBI=0 ms | Participant=P02
2377,IBI out of range,Row 2377 | Timestamp: 1710812086928 ms | PPG(Green=1993206, Red=1993206, Ir=1993206) | ACC(X=2.29206871986389, Y=-8.69644927978516, Z=-3.95423769950867) | HR=79 bpm | IBI=0 ms | Participant=P02
2378,IBI out of range,Row 2378 | Timestamp: 1710812086967 ms | PPG(Green=1994482, Red=1994482, Ir=1994482) | ACC(X=2.23219227790833, Y=-8.72279453277588, Z=-3.94465756416321) | HR=78 bpm | IBI=0 ms | Participant=P02
2379,IBI out of range,Row 2379 | Timestamp: 1710812087007 ms | PPG(Green=1996043, Red=1996043, Ir=1996043) | ACC(X=2.20345163345337, Y=-8.72519016265869, Z=-3.90633654594421) | HR=78 bpm | IBI=0 ms | Participant=P02
2380,IBI out of range,Row 2380 | Timestamp: 1710812087047 ms | PPG(Green=1997583, Red=1997583, Ir=1997583) | ACC(X=2.23458743095398, Y=-8.69165897369385, Z=-3.84646034240723) | HR=78 bpm | IBI=0 ms | Participant=P02
2381,IBI out of range,Row 2381 | Timestamp: 1710812087087 ms | PPG(Green=1999227, Red=1999227, Ir=1999227) | ACC(X=2.25614285469055, Y=-8.72039985656738, Z=-3.98776865005493) | HR=78 bpm | IBI=0 ms | Participant=P02
2382,IBI out of range,Row 2382 | Timestamp: 1710812087128 ms | PPG(Green=2000972, Red=2000972, Ir=2000972) | ACC(X=2.21063685417175, Y=-8.7395601272583, Z=-3.98537349700928) | HR=77 bpm | IBI=0 ms | Participant=P02
2383,IBI out of range,Row 2383 | Timestamp: 1710812087168 ms | PPG(Green=2002549, Red=2002549, Ir=2002549) | ACC(X=2.31122922897339, Y=-8.68926429748535, Z=-3.9135217666626) | HR=77 bpm | IBI=0 ms | Participant=P02
2384,IBI out of range,Row 2384 | Timestamp: 1710812087208 ms | PPG(Green=2004254, Red=2004254, Ir=2004254) | ACC(X=2.26572322845459, Y=-8.71560955047607, Z=-3.91831183433533) | HR=77 bpm | IBI=0 ms | Participant=P02
2385,IBI out of range,Row 2385 | Timestamp: 1710812087248 ms | PPG(Green=2005459, Red=2005459, Ir=2005459) | ACC(X=2.28248858451843, Y=-8.7419548034668, Z=-3.92070698738098) | HR=76 bpm | IBI=0 ms | Participant=P02
2386,IBI out of range,Row 2386 | Timestamp: 1710812087288 ms | PPG(Green=2003315, Red=2003315, Ir=2003315) | ACC(X=2.25374794006348, Y=-8.67010307312012, Z=-3.92789220809936) | HR=76 bpm | IBI=0 ms | Participant=P02
2387,IBI out of range,Row 2387 | Timestamp: 1710812087329 ms | PPG(Green=1999428, Red=1999428, Ir=1999428) | ACC(X=2.25374794006348, Y=-8.6413631439209, Z=-3.91591691970825) | HR=76 bpm | IBI=0 ms | Participant=P02
2388,IBI out of range,Row 2388 | Timestamp: 1710812087368 ms | PPG(Green=1996401, Red=1996401, Ir=1996401) | ACC(X=2.24416756629944, Y=-8.69165897369385, Z=-3.96621298789978) | HR=75 bpm | IBI=0 ms | Participant=P02
2389,IBI out of range,Row 2389 | Timestamp: 1710812087409 ms | PPG(Green=1994863, Red=1994863, Ir=1994863) | ACC(X=2.23219227790833, Y=-8.75632572174072, Z=-3.94705247879028) | HR=75 bpm | IBI=0 ms | Participant=P02
2390,IBI out of range,Row 2390 | Timestamp: 1710812087449 ms | PPG(Green=1994590, Red=1994590, Ir=1994590) | ACC(X=2.24656271934509, Y=-8.6485481262207, Z=-3.98058342933655) | HR=76 bpm | IBI=0 ms | Participant=P02
2391,IBI out of range,Row 2391 | Timestamp: 1710812087489 ms | PPG(Green=1995034, Red=1995034, Ir=1995034) | ACC(X=2.25614285469055, Y=-8.70842456817627, Z=-3.95184278488159) | HR=77 bpm | IBI=0 ms | Participant=P02
2392,IBI out of range,Row 2392 | Timestamp: 1710812087530 ms | PPG(Green=1996010, Red=1996010, Ir=1996010) | ACC(X=2.26811814308167, Y=-8.69165897369385, Z=-3.90394163131714) | HR=78 bpm | IBI=0 ms | Participant=P02
2393,IBI out of range,Row 2393 | Timestamp: 1710812087569 ms | PPG(Green=1996226, Red=1996226, Ir=1996226) | ACC(X=2.30164909362793, Y=-8.67968368530273, Z=-3.98297834396362) | HR=78 bpm | IBI=0 ms | Participant=P02
2394,IBI out of range,Row 2394 | Timestamp: 1710812087609 ms | PPG(Green=1995945, Red=1995945, Ir=1995945) | ACC(X=2.26332807540894, Y=-8.69884395599365, Z=-3.96860814094543) | HR=78 bpm | IBI=0 ms | Participant=P02
2395,IBI out of range,Row 2395 | Timestamp: 1710812087650 ms | PPG(Green=1995832, Red=1995832, Ir=1995832) | ACC(X=2.31601929664612, Y=-8.67010307312012, Z=-3.96142292022705) | HR=78 bpm | IBI=0 ms | Participant=P02
2396,IBI out of range,Row 2396 | Timestamp: 1710812087690 ms | PPG(Green=1996077, Red=1996077, Ir=1996077) | ACC(X=2.31362438201904, Y=-8.68447399139404, Z=-3.95663285255432) | HR=78 bpm | IBI=0 ms | Participant=P02
2397,IBI out of range,Row 2397 | Timestamp: 1710812087730 ms | PPG(Green=1996714, Red=1996714, Ir=1996714) | ACC(X=2.33038973808289, Y=-8.6509428024292, Z=-3.93028712272644) | HR=77 bpm | IBI=0 ms | Participant=P02
2398,IBI out of range,Row 2398 | Timestamp: 1710812087770 ms | PPG(Green=1997686, Red=1997686, Ir=1997686) | ACC(X=2.28488349914551, Y=-8.77548599243164, Z=-3.92070698738098) | HR=78 bpm | IBI=0 ms | Participant=P02
2399,IBI out of range,Row 2399 | Timestamp: 1710812087810 ms | PPG(Green=1999076, Red=1999076, Ir=1999076) | ACC(X=2.32080936431885, Y=-8.66291809082031, Z=-3.91112685203552) | HR=79 bpm | IBI=0 ms | Participant=P02
2400,IBI out of range,Row 2400 | Timestamp: 1710812087850 ms | PPG(Green=2000440, Red=2000440, Ir=2000440) | ACC(X=2.26332807540894, Y=-8.69165897369385, Z=-3.96860814094543) | HR=79 bpm | IBI=0 ms | Participant=P02
2401,IBI out of range,Row 2401 | Timestamp: 1710812087890 ms | PPG(Green=2002208, Red=2002208, Ir=2002208) | ACC(X=2.29446387290955, Y=-8.70602893829346, Z=-3.95663285255432) | HR=79 bpm | IBI=0 ms | Participant=P02
2402,IBI out of range,Row 2402 | Timestamp: 1710812087931 ms | PPG(Green=2003882, Red=2003882, Ir=2003882) | ACC(X=2.25135278701782, Y=-8.66770839691162, Z=-3.90873169898987) | HR=80 bpm | IBI=0 ms | Participant=P02
2403,IBI out of range,Row 2403 | Timestamp: 1710812087970 ms | PPG(Green=2005391, Red=2005391, Ir=2005391) | ACC(X=2.26572322845459, Y=-8.72519016265869, Z=-3.97818827629089) | HR=79 bpm | IBI=0 ms | Participant=P02
2404,IBI out of range,Row 2404 | Timestamp: 1710812088010 ms | PPG(Green=2007186, Red=2007186, Ir=2007186) | ACC(X=2.26332807540894, Y=-8.7395601272583, Z=-3.97100305557251) | HR=79 bpm | IBI=0 ms | Participant=P02
2405,IBI out of range,Row 2405 | Timestamp: 1710812088050 ms | PPG(Green=2008713, Red=2008713, Ir=2008713) | ACC(X=2.26572322845459, Y=-8.67010307312012, Z=-3.93986749649048) | HR=79 bpm | IBI=0 ms | Participant=P02
2406,IBI out of range,Row 2406 | Timestamp: 1710812088090 ms | PPG(Green=2010664, Red=2010664, Ir=2010664) | ACC(X=2.31122922897339, Y=-8.68686866760254, Z=-3.9590277671814) | HR=78 bpm | IBI=0 ms | Participant=P02
2407,IBI out of range,Row 2407 | Timestamp: 1710812088131 ms | PPG(Green=2011831, Red=2011831, Ir=2011831) | ACC(X=2.25135278701782, Y=-8.67968368530273, Z=-3.97818827629089) | HR=77 bpm | IBI=0 ms | Participant=P02
2408,IBI out of range,Row 2408 | Timestamp: 1710812088170 ms | PPG(Green=2009806, Red=2009806, Ir=2009806) | ACC(X=2.30883407592773, Y=-8.67728900909424, Z=-3.94226241111755) | HR=78 bpm | IBI=0 ms | Participant=P02
2409,IBI out of range,Row 2409 | Timestamp: 1710812088211 ms | PPG(Green=2006728, Red=2006728, Ir=2006728) | ACC(X=2.27530336380005, Y=-8.71800422668457, Z=-3.94705247879028) | HR=78 bpm | IBI=0 ms | Participant=P02
2410,IBI out of range,Row 2410 | Timestamp: 1710812088251 ms | PPG(Green=2004226, Red=2004226, Ir=2004226) | ACC(X=2.31841444969177, Y=-8.68447399139404, Z=-3.93028712272644) | HR=78 bpm | IBI=0 ms | Participant=P02
2411,IBI out of range,Row 2411 | Timestamp: 1710812088291 ms | PPG(Green=2003352, Red=2003352, Ir=2003352) | ACC(X=2.21782207489014, Y=-8.68926429748535, Z=-3.97579336166382) | HR=78 bpm | IBI=0 ms | Participant=P02
2412,IBI out of range,Row 2412 | Timestamp: 1710812088332 ms | PPG(Green=2003387, Red=2003387, Ir=2003387) | ACC(X=2.32799458503723, Y=-8.70363426208496, Z=-3.95663285255432) | HR=78 bpm | IBI=0 ms | Participant=P02
2413,IBI out of range,Row 2413 | Timestamp: 1710812088371 ms | PPG(Green=2004364, Red=2004364, Ir=2004364) | ACC(X=2.37589573860169, Y=-8.67010307312012, Z=-3.87520098686218) | HR=79 bpm | IBI=0 ms | Participant=P02
2414,IBI out of range,Row 2414 | Timestamp: 1710812088411 ms | PPG(Green=2005525, Red=2005525, Ir=2005525) | ACC(X=2.30643916130066, Y=-8.61262226104736, Z=-3.96381807327271) | HR=79 bpm | IBI=0 ms | Participant=P02
2415,IBI out of range,Row 2415 | Timestamp: 1710812088451 ms | PPG(Green=2006277, Red=2006277, Ir=2006277) | ACC(X=2.42140173912048, Y=-8.73476982116699, Z=-4.00692892074585) | HR=78 bpm | IBI=0 ms | Participant=P02
2416,IBI out of range,Row 2416 | Timestamp: 1710812088491 ms | PPG(Green=2006305, Red=2006305, Ir=2006305) | ACC(X=2.31362438201904, Y=-8.66052341461182, Z=-3.88478112220764) | HR=78 bpm | IBI=0 ms | Participant=P02
2417,IBI out of range,Row 2417 | Timestamp: 1710812088532 ms | PPG(Green=2006241, Red=2006241, Ir=2006241) | ACC(X=2.28009343147278, Y=-8.66770839691162, Z=-3.99255871772766) | HR=79 bpm | IBI=0 ms | Participant=P02
2418,IBI out of range,Row 2418 | Timestamp: 1710812088571 ms | PPG(Green=2006766, Red=2006766, Ir=2006766) | ACC(X=2.2082417011261, Y=-8.74435043334961, Z=-3.96860814094543) | HR=79 bpm | IBI=0 ms | Participant=P02
2419,IBI out of range,Row 2419 | Timestamp: 1710812088612 ms | PPG(Green=2007490, Red=2007490, Ir=2007490) | ACC(X=2.31122922897339, Y=-8.77788066864014, Z=-3.99495363235474) | HR=78 bpm | IBI=0 ms | Participant=P02
2420,IBI out of range,Row 2420 | Timestamp: 1710812088652 ms | PPG(Green=2008539, Red=2008539, Ir=2008539) | ACC(X=2.31122922897339, Y=-8.66770839691162, Z=-3.92549705505371) | HR=78 bpm | IBI=0 ms | Participant=P02
2421,IBI out of range,Row 2421 | Timestamp: 1710812088692 ms | PPG(Green=2010008, Red=2010008, Ir=2010008) | ACC(X=2.30164909362793, Y=-8.67010307312012, Z=-3.99016356468201) | HR=79 bpm | IBI=0 ms | Participant=P02
2422,IBI out of range,Row 2422 | Timestamp: 1710812088733 ms | PPG(Green=2011599, Red=2011599, Ir=2011599) | ACC(X=2.29446387290955, Y=-8.63417720794678, Z=-3.98537349700928) | HR=79 bpm | IBI=0 ms | Participant=P02
2423,IBI out of range,Row 2423 | Timestamp: 1710812088772 ms | PPG(Green=2013168, Red=2013168, Ir=2013168) | ACC(X=2.33996987342834, Y=-8.73476982116699, Z=-3.94465756416321) | HR=78 bpm | IBI=0 ms | Participant=P02
2424,IBI out of range,Row 2424 | Timestamp: 1710812088812 ms | PPG(Green=2014808, Red=2014808, Ir=2014808) | ACC(X=2.34475994110107, Y=-8.68447399139404, Z=-4.01171922683716) | HR=78 bpm | IBI=0 ms | Participant=P02
2425,IBI out of range,Row 2425 | Timestamp: 1710812088852 ms | PPG(Green=2016319, Red=2016319, Ir=2016319) | ACC(X=2.28727865219116, Y=-8.63417720794678, Z=-3.94705247879028) | HR=77 bpm | IBI=0 ms | Participant=P02
2426,IBI out of range,Row 2426 | Timestamp: 1710812088892 ms | PPG(Green=2017927, Red=2017927, Ir=2017927) | ACC(X=2.35673522949219, Y=-8.63657283782959, Z=-3.97100305557251) | HR=76 bpm | IBI=0 ms | Participant=P02
2427,IBI out of range,Row 2427 | Timestamp: 1710812088933 ms | PPG(Green=2019632, Red=2019632, Ir=2019632) | ACC(X=2.35194516181946, Y=-8.63417720794678, Z=-4.06680536270142) | HR=74 bpm | IBI=0 ms | Participant=P02
2428,IBI out of range,Row 2428 | Timestamp: 1710812088972 ms | PPG(Green=2020310, Red=2020310, Ir=2020310) | ACC(X=2.29925394058228, Y=-8.68686866760254, Z=-3.96860814094543) | HR=74 bpm | IBI=0 ms | Participant=P02
2429,IBI out of range,Row 2429 | Timestamp: 1710812089012 ms | PPG(Green=2017895, Red=2017895, Ir=2017895) | ACC(X=2.37350058555603, Y=-8.68926429748535, Z=-3.94705247879028) | HR=76 bpm | IBI=0 ms | Participant=P02
2430,IBI out of range,Row 2430 | Timestamp: 1710812089053 ms | PPG(Green=2015215, Red=2015215, Ir=2015215) | ACC(X=2.28967380523682, Y=-8.67728900909424, Z=-3.92549705505371) | HR=75 bpm | IBI=0 ms | Participant=P02
2431,IBI out of range,Row 2431 | Timestamp: 1710812089093 ms | PPG(Green=2013064, Red=2013064, Ir=2013064) | ACC(X=2.38547587394714, Y=-8.62220191955566, Z=-3.88478112220764) | HR=77 bpm | IBI=0 ms | Participant=P02
2432,IBI out of range,Row 2432 | Timestamp: 1710812089133 ms | PPG(Green=2012187, Red=2012187, Ir=2012187) | ACC(X=2.29925394058228, Y=-8.65573310852051, Z=-4.0021390914917) | HR=77 bpm | IBI=0 ms | Participant=P02
2433,IBI out of range,Row 2433 | Timestamp: 1710812089173 ms | PPG(Green=2012493, Red=2012493, Ir=2012493) | ACC(X=2.30883407592773, Y=-8.63896751403809, Z=-3.99016356468201) | HR=77 bpm | IBI=0 ms | Participant=P02
2434,IBI out of range,Row 2434 | Timestamp: 1710812089213 ms | PPG(Green=2013400, Red=2013400, Ir=2013400) | ACC(X=2.30883407592773, Y=-8.71321487426758, Z=-3.9590277671814) | HR=78 bpm | IBI=0 ms | Participant=P02
2435,IBI out of range,Row 2435 | Timestamp: 1710812089253 ms | PPG(Green=2014525, Red=2014525, Ir=2014525) | ACC(X=2.35673522949219, Y=-8.71560955047607, Z=-4.03566980361938) | HR=77 bpm | IBI=0 ms | Participant=P02
2436,IBI out of range,Row 2436 | Timestamp: 1710812089293 ms | PPG(Green=2015234, Red=2015234, Ir=2015234) | ACC(X=2.34475994110107, Y=-8.67010307312012, Z=-3.99016356468201) | HR=77 bpm | IBI=0 ms | Participant=P02
2437,IBI out of range,Row 2437 | Timestamp: 1710812089334 ms | PPG(Green=2015237, Red=2015237, Ir=2015237) | ACC(X=2.30643916130066, Y=-8.73476982116699, Z=-3.98537349700928) | HR=77 bpm | IBI=0 ms | Participant=P02
2438,IBI out of range,Row 2438 | Timestamp: 1710812089373 ms | PPG(Green=2015505, Red=2015505, Ir=2015505) | ACC(X=2.31122922897339, Y=-8.6413631439209, Z=-3.97100305557251) | HR=77 bpm | IBI=0 ms | Participant=P02
2439,IBI out of range,Row 2439 | Timestamp: 1710812089413 ms | PPG(Green=2015778, Red=2015778, Ir=2015778) | ACC(X=2.32559967041016, Y=-8.67728900909424, Z=-4.0045337677002) | HR=78 bpm | IBI=0 ms | Participant=P02
2440,IBI out of range,Row 2440 | Timestamp: 1710812089454 ms | PPG(Green=2016637, Red=2016637, Ir=2016637) | ACC(X=2.33038973808289, Y=-8.65333843231201, Z=-3.92310214042664) | HR=79 bpm | IBI=0 ms | Participant=P02
2441,IBI out of range,Row 2441 | Timestamp: 1710812089494 ms | PPG(Green=2017810, Red=2017810, Ir=2017810) | ACC(X=2.31841444969177, Y=-8.69165897369385, Z=-4.06680536270142) | HR=78 bpm | IBI=0 ms | Participant=P02
2442,IBI out of range,Row 2442 | Timestamp: 1710812089534 ms | PPG(Green=2019193, Red=2019193, Ir=2019193) | ACC(X=2.35673522949219, Y=-8.66770839691162, Z=-4.05004024505615) | HR=77 bpm | IBI=0 ms | Participant=P02
2443,IBI out of range,Row 2443 | Timestamp: 1710812089574 ms | PPG(Green=2020627, Red=2020627, Ir=2020627) | ACC(X=2.34715509414673, Y=-8.70363426208496, Z=-4.06201553344727) | HR=77 bpm | IBI=0 ms | Participant=P02
2444,IBI out of range,Row 2444 | Timestamp: 1710812089614 ms | PPG(Green=2022189, Red=2022189, Ir=2022189) | ACC(X=2.33278465270996, Y=-8.62699222564697, Z=-3.98776865005493) | HR=76 bpm | IBI=0 ms | Participant=P02
2445,IBI out of range,Row 2445 | Timestamp: 1710812089654 ms | PPG(Green=2023736, Red=2023736, Ir=2023736) | ACC(X=2.33038973808289, Y=-8.56951141357422, Z=-4.0093240737915) | HR=75 bpm | IBI=0 ms | Participant=P02
2446,IBI out of range,Row 2446 | Timestamp: 1710812089694 ms | PPG(Green=2025477, Red=2025477, Ir=2025477) | ACC(X=2.36152529716492, Y=-8.60304164886475, Z=-4.02369451522827) | HR=75 bpm | IBI=0 ms | Participant=P02
2447,IBI out of range,Row 2447 | Timestamp: 1710812089735 ms | PPG(Green=2026824, Red=2026824, Ir=2026824) | ACC(X=2.342365026474, Y=-8.68686866760254, Z=-4.00692892074585) | HR=74 bpm | IBI=0 ms | Participant=P02
2448,IBI out of range,Row 2448 | Timestamp: 1710812089774 ms | PPG(Green=2025337, Red=2025337, Ir=2025337) | ACC(X=2.33517980575562, Y=-8.67010307312012, Z=-4.09075593948364) | HR=73 bpm | IBI=0 ms | Participant=P02
2449,IBI out of range,Row 2449 | Timestamp: 1710812089814 ms | PPG(Green=2022363, Red=2022363, Ir=2022363) | ACC(X=2.28248858451843, Y=-8.61741256713867, Z=-4.04285478591919) | HR=73 bpm | IBI=0 ms | Participant=P02
2450,IBI out of range,Row 2450 | Timestamp: 1710812089854 ms | PPG(Green=2019813, Red=2019813, Ir=2019813) | ACC(X=2.35194516181946, Y=-8.61741256713867, Z=-3.92789220809936) | HR=75 bpm | IBI=0 ms | Participant=P02
2451,IBI out of range,Row 2451 | Timestamp: 1710812089895 ms | PPG(Green=2018249, Red=2018249, Ir=2018249) | ACC(X=2.34475994110107, Y=-8.63417720794678, Z=-4.02608966827393) | HR=75 bpm | IBI=0 ms | Participant=P02
2452,IBI out of range,Row 2452 | Timestamp: 1710812089935 ms | PPG(Green=2018022, Red=2018022, Ir=2018022) | ACC(X=2.31122922897339, Y=-8.65573310852051, Z=-4.0931510925293) | HR=75 bpm | IBI=0 ms | Participant=P02
2453,IBI out of range,Row 2453 | Timestamp: 1710812089975 ms | PPG(Green=2018620, Red=2018620, Ir=2018620) | ACC(X=2.36631560325623, Y=-8.66291809082031, Z=-3.99495363235474) | HR=75 bpm | IBI=0 ms | Participant=P02
2454,IBI out of range,Row 2454 | Timestamp: 1710812090015 ms | PPG(Green=2019683, Red=2019683, Ir=2019683) | ACC(X=2.31122922897339, Y=-8.60304164886475, Z=-4.0476450920105) | HR=76 bpm | IBI=0 ms | Participant=P02
2455,IBI out of range,Row 2455 | Timestamp: 1710812090055 ms | PPG(Green=2020436, Red=2020436, Ir=2020436) | ACC(X=2.30883407592773, Y=-8.62938785552979, Z=-4.01650905609131) | HR=76 bpm | IBI=0 ms | Participant=P02
2456,IBI out of range,Row 2456 | Timestamp: 1710812090095 ms | PPG(Green=2020513, Red=2020513, Ir=2020513) | ACC(X=2.36631560325623, Y=-8.67249870300293, Z=-4.03566980361938) | HR=76 bpm | IBI=0 ms | Participant=P02
2457,IBI out of range,Row 2457 | Timestamp: 1710812090136 ms | PPG(Green=2020435, Red=2020435, Ir=2020435) | ACC(X=2.28248858451843, Y=-8.66052341461182, Z=-4.06680536270142) | HR=75 bpm | IBI=0 ms | Participant=P02
2458,IBI out of range,Row 2458 | Timestamp: 1710812090175 ms | PPG(Green=2020331, Red=2020331, Ir=2020331) | ACC(X=2.28967380523682, Y=-8.658127784729, Z=-4.06441020965576) | HR=76 bpm | IBI=0 ms | Participant=P02
2459,IBI out of range,Row 2459 | Timestamp: 1710812090215 ms | PPG(Green=2020967, Red=2020967, Ir=2020967) | ACC(X=2.28727865219116, Y=-8.66052341461182, Z=-4.01650905609131) | HR=76 bpm | IBI=0 ms | Participant=P02
2460,IBI out of range,Row 2460 | Timestamp: 1710812090255 ms | PPG(Green=2021904, Red=2021904, Ir=2021904) | ACC(X=2.33517980575562, Y=-8.67249870300293, Z=-4.07399034500122) | HR=76 bpm | IBI=0 ms | Participant=P02
2461,IBI out of range,Row 2461 | Timestamp: 1710812090296 ms | PPG(Green=2023113, Red=2023113, Ir=2023113) | ACC(X=2.29685878753662, Y=-8.69884395599365, Z=-4.02848434448242) | HR=78 bpm | IBI=0 ms | Participant=P02
2462,IBI out of range,Row 2462 | Timestamp: 1710812090336 ms | PPG(Green=2024473, Red=2024473, Ir=2024473) | ACC(X=2.304044008255, Y=-8.71321487426758, Z=-4.05962038040161) | HR=79 bpm | IBI=0 ms | Participant=P02
2463,IBI out of range,Row 2463 | Timestamp: 1710812090376 ms | PPG(Green=2025774, Red=2025774, Ir=2025774) | ACC(X=2.36152529716492, Y=-8.61741256713867, Z=-3.99974393844604) | HR=80 bpm | IBI=0 ms | Participant=P02
2464,IBI out of range,Row 2464 | Timestamp: 1710812090416 ms | PPG(Green=2027181, Red=2027181, Ir=2027181) | ACC(X=2.28248858451843, Y=-8.64615249633789, Z=-4.03806495666504) | HR=80 bpm | IBI=0 ms | Participant=P02
2465,IBI out of range,Row 2465 | Timestamp: 1710812090456 ms | PPG(Green=2028762, Red=2028762, Ir=2028762) | ACC(X=2.32559967041016, Y=-8.68207836151123, Z=-4.03087949752808) | HR=80 bpm | IBI=0 ms | Participant=P02
2466,IBI out of range,Row 2466 | Timestamp: 1710812090496 ms | PPG(Green=2028723, Red=2028723, Ir=2028723) | ACC(X=2.25374794006348, Y=-8.69405364990234, Z=-4.02608966827393) | HR=80 bpm | IBI=0 ms | Participant=P02
2467,IBI out of range,Row 2467 | Timestamp: 1710812090537 ms | PPG(Green=2025724, Red=2025724, Ir=2025724) | ACC(X=2.29446387290955, Y=-8.67489337921143, Z=-4.05243492126465) | HR=79 bpm | IBI=0 ms | Participant=P02
2468,IBI out of range,Row 2468 | Timestamp: 1710812090576 ms | PPG(Green=2021971, Red=2021971, Ir=2021971) | ACC(X=2.23698258399963, Y=-8.61980724334717, Z=-3.99255871772766) | HR=79 bpm | IBI=0 ms | Participant=P02
2469,IBI out of range,Row 2469 | Timestamp: 1710812090616 ms | PPG(Green=2019205, Red=2019205, Ir=2019205) | ACC(X=2.31362438201904, Y=-8.67728900909424, Z=-4.06441020965576) | HR=79 bpm | IBI=0 ms | Participant=P02
2470,IBI out of range,Row 2470 | Timestamp: 1710812090656 ms | PPG(Green=2017932, Red=2017932, Ir=2017932) | ACC(X=2.3232045173645, Y=-8.66052341461182, Z=-4.05243492126465) | HR=79 bpm | IBI=0 ms | Participant=P02
2471,IBI out of range,Row 2471 | Timestamp: 1710812090696 ms | PPG(Green=2017581, Red=2017581, Ir=2017581) | ACC(X=2.34475994110107, Y=-8.63417720794678, Z=-4.0045337677002) | HR=79 bpm | IBI=0 ms | Participant=P02
2472,IBI out of range,Row 2472 | Timestamp: 1710812090737 ms | PPG(Green=2018088, Red=2018088, Ir=2018088) | ACC(X=2.26332807540894, Y=-8.64615249633789, Z=-3.99016356468201) | HR=79 bpm | IBI=0 ms | Participant=P02
2473,IBI out of range,Row 2473 | Timestamp: 1710812090777 ms | PPG(Green=2018488, Red=2018488, Ir=2018488) | ACC(X=2.28248858451843, Y=-8.61741256713867, Z=-4.01411437988281) | HR=79 bpm | IBI=0 ms | Participant=P02
2474,IBI out of range,Row 2474 | Timestamp: 1710812090817 ms | PPG(Green=2018375, Red=2018375, Ir=2018375) | ACC(X=2.26093292236328, Y=-8.67728900909424, Z=-4.07399034500122) | HR=79 bpm | IBI=0 ms | Participant=P02
2475,IBI out of range,Row 2475 | Timestamp: 1710812090857 ms | PPG(Green=2017717, Red=2017717, Ir=2017717) | ACC(X=2.31362438201904, Y=-8.69165897369385, Z=-4.01411437988281) | HR=79 bpm | IBI=0 ms | Participant=P02
2476,IBI out of range,Row 2476 | Timestamp: 1710812090897 ms | PPG(Green=2017296, Red=2017296, Ir=2017296) | ACC(X=2.30164909362793, Y=-8.6413631439209, Z=-4.04285478591919) | HR=79 bpm | IBI=0 ms | Participant=P02
2477,IBI out of range,Row 2477 | Timestamp: 1710812090938 ms | PPG(Green=2017333, Red=2017333, Ir=2017333) | ACC(X=2.30643916130066, Y=-8.66770839691162, Z=-4.05962038040161) | HR=79 bpm | IBI=0 ms | Participant=P02
2478,IBI out of range,Row 2478 | Timestamp: 1710812090977 ms | PPG(Green=2017869, Red=2017869, Ir=2017869) | ACC(X=2.26093292236328, Y=-8.67010307312012, Z=-3.96860814094543) | HR=79 bpm | IBI=0 ms | Participant=P02
2479,IBI out of range,Row 2479 | Timestamp: 1710812091017 ms | PPG(Green=2018780, Red=2018780, Ir=2018780) | ACC(X=2.35434031486511, Y=-8.67010307312012, Z=-3.98297834396362) | HR=79 bpm | IBI=0 ms | Participant=P02
2480,IBI out of range,Row 2480 | Timestamp: 1710812091057 ms | PPG(Green=2019876, Red=2019876, Ir=2019876) | ACC(X=2.27290821075439, Y=-8.62459754943848, Z=-4.01890420913696) | HR=79 bpm | IBI=0 ms | Participant=P02
2481,IBI out of range,Row 2481 | Timestamp: 1710812091097 ms | PPG(Green=2020843, Red=2020843, Ir=2020843) | ACC(X=2.27530336380005, Y=-8.68686866760254, Z=-4.01890420913696) | HR=79 bpm | IBI=0 ms | Participant=P02
2482,IBI out of range,Row 2482 | Timestamp: 1710812091138 ms | PPG(Green=2022087, Red=2022087, Ir=2022087) | ACC(X=2.27051329612732, Y=-8.6509428024292, Z=-3.99255871772766) | HR=79 bpm | IBI=0 ms | Participant=P02
2483,IBI out of range,Row 2483 | Timestamp: 1710812091178 ms | PPG(Green=2023437, Red=2023437, Ir=2023437) | ACC(X=2.304044008255, Y=-8.63178253173828, Z=-4.01890420913696) | HR=78 bpm | IBI=0 ms | Participant=P02
2484,IBI out of range,Row 2484 | Timestamp: 1710812091218 ms | PPG(Green=2024463, Red=2024463, Ir=2024463) | ACC(X=2.30164909362793, Y=-8.69165897369385, Z=-4.0045337677002) | HR=78 bpm | IBI=0 ms | Participant=P02
2485,IBI out of range,Row 2485 | Timestamp: 1710812091258 ms | PPG(Green=2022622, Red=2022622, Ir=2022622) | ACC(X=2.3232045173645, Y=-8.6413631439209, Z=-3.99016356468201) | HR=77 bpm | IBI=0 ms | Participant=P02
2486,IBI out of range,Row 2486 | Timestamp: 1710812091298 ms | PPG(Green=2018048, Red=2018048, Ir=2018048) | ACC(X=2.26572322845459, Y=-8.63178253173828, Z=-4.07638549804688) | HR=76 bpm | IBI=0 ms | Participant=P02
2487,IBI out of range,Row 2487 | Timestamp: 1710812091339 ms | PPG(Green=2013391, Red=2013391, Ir=2013391) | ACC(X=2.2776985168457, Y=-8.60064697265625, Z=-3.99016356468201) | HR=75 bpm | IBI=0 ms | Participant=P02
2488,IBI out of range,Row 2488 | Timestamp: 1710812091378 ms | PPG(Green=2010199, Red=2010199, Ir=2010199) | ACC(X=2.21782207489014, Y=-8.68447399139404, Z=-3.97818827629089) | HR=75 bpm | IBI=0 ms | Participant=P02
2489,IBI out of range,Row 2489 | Timestamp: 1710812091418 ms | PPG(Green=2008295, Red=2008295, Ir=2008295) | ACC(X=2.25614285469055, Y=-8.6485481262207, Z=-4.0045337677002) | HR=75 bpm | IBI=0 ms | Participant=P02
2490,IBI out of range,Row 2490 | Timestamp: 1710812091458 ms | PPG(Green=2007266, Red=2007266, Ir=2007266) | ACC(X=2.28009343147278, Y=-8.61262226104736, Z=-3.97100305557251) | HR=76 bpm | IBI=0 ms | Participant=P02
2491,IBI out of range,Row 2491 | Timestamp: 1710812091498 ms | PPG(Green=2006906, Red=2006906, Ir=2006906) | ACC(X=2.23698258399963, Y=-8.6509428024292, Z=-3.99495363235474) | HR=75 bpm | IBI=0 ms | Participant=P02
2492,IBI out of range,Row 2492 | Timestamp: 1710812091539 ms | PPG(Green=2006189, Red=2006189, Ir=2006189) | ACC(X=2.27290821075439, Y=-8.6509428024292, Z=-4.02129936218262) | HR=75 bpm | IBI=0 ms | Participant=P02
2493,IBI out of range,Row 2493 | Timestamp: 1710812091579 ms | PPG(Green=2005103, Red=2005103, Ir=2005103) | ACC(X=2.32559967041016, Y=-8.69644927978516, Z=-4.04524993896484) | HR=75 bpm | IBI=0 ms | Participant=P02
2494,IBI out of range,Row 2494 | Timestamp: 1710812091619 ms | PPG(Green=2003825, Red=2003825, Ir=2003825) | ACC(X=2.24656271934509, Y=-8.66291809082031, Z=-3.97818827629089) | HR=74 bpm | IBI=0 ms | Participant=P02
2495,IBI out of range,Row 2495 | Timestamp: 1710812091659 ms | PPG(Green=2002878, Red=2002878, Ir=2002878) | ACC(X=2.25853800773621, Y=-8.66291809082031, Z=-4.09794092178345) | HR=75 bpm | IBI=0 ms | Participant=P02
2496,IBI out of range,Row 2496 | Timestamp: 1710812091699 ms | PPG(Green=2002615, Red=2002615, Ir=2002615) | ACC(X=2.28727865219116, Y=-8.61501693725586, Z=-4.02848434448242) | HR=75 bpm | IBI=0 ms | Participant=P02
2497,IBI out of range,Row 2497 | Timestamp: 1710812091740 ms | PPG(Green=2002741, Red=2002741, Ir=2002741) | ACC(X=2.23937749862671, Y=-8.61262226104736, Z=-4.0021390914917) | HR=75 bpm | IBI=0 ms | Participant=P02
2498,IBI out of range,Row 2498 | Timestamp: 1710812091779 ms | PPG(Green=2003265, Red=2003265, Ir=2003265) | ACC(X=2.28248858451843, Y=-8.66291809082031, Z=-4.02608966827393) | HR=74 bpm | IBI=0 ms | Participant=P02
2500,IBI out of range,Row 2500 | Timestamp: 1710812091859 ms | PPG(Green=2004777, Red=2004777, Ir=2004777) | ACC(X=2.29446387290955, Y=-8.70602893829346, Z=-3.99495363235474) | HR=74 bpm | IBI=0 ms | Participant=P02
2501,IBI out of range,Row 2501 | Timestamp: 1710812091899 ms | PPG(Green=2005843, Red=2005843, Ir=2005843) | ACC(X=2.23458743095398, Y=-8.70842456817627, Z=-3.99974393844604) | HR=75 bpm | IBI=0 ms | Participant=P02
2502,IBI out of range,Row 2502 | Timestamp: 1710812091940 ms | PPG(Green=2006635, Red=2006635, Ir=2006635) | ACC(X=2.29446387290955, Y=-8.62459754943848, Z=-3.94705247879028) | HR=76 bpm | IBI=0 ms | Participant=P02
2503,IBI out of range,Row 2503 | Timestamp: 1710812091980 ms | PPG(Green=2007637, Red=2007637, Ir=2007637) | ACC(X=2.38068580627441, Y=-8.69644927978516, Z=-3.99495363235474) | HR=76 bpm | IBI=0 ms | Participant=P02
2504,IBI out of range,Row 2504 | Timestamp: 1710812092020 ms | PPG(Green=2007186, Red=2007186, Ir=2007186) | ACC(X=2.29206871986389, Y=-8.60064697265625, Z=-3.99016356468201) | HR=76 bpm | IBI=0 ms | Participant=P02
2505,IBI out of range,Row 2505 | Timestamp: 1710812092060 ms | PPG(Green=2002693, Red=2002693, Ir=2002693) | ACC(X=2.32559967041016, Y=-8.67968368530273, Z=-3.96860814094543) | HR=76 bpm | IBI=0 ms | Participant=P02
2506,IBI out of range,Row 2506 | Timestamp: 1710812092100 ms | PPG(Green=1997219, Red=1997219, Ir=1997219) | ACC(X=2.28248858451843, Y=-8.63657283782959, Z=-3.96621298789978) | HR=76 bpm | IBI=0 ms | Participant=P02
2507,IBI out of range,Row 2507 | Timestamp: 1710812092141 ms | PPG(Green=1992963, Red=1992963, Ir=1992963) | ACC(X=2.22021698951721, Y=-8.68686866760254, Z=-4.02848434448242) | HR=76 bpm | IBI=0 ms | Participant=P02
2508,IBI out of range,Row 2508 | Timestamp: 1710812092180 ms | PPG(Green=1990275, Red=1990275, Ir=1990275) | ACC(X=2.25853800773621, Y=-8.69405364990234, Z=-3.99016356468201) | HR=76 bpm | IBI=0 ms | Participant=P02
2509,IBI out of range,Row 2509 | Timestamp: 1710812092220 ms | PPG(Green=1988523, Red=1988523, Ir=1988523) | ACC(X=2.25853800773621, Y=-8.74674510955811, Z=-4.01411437988281) | HR=76 bpm | IBI=0 ms | Participant=P02
2510,IBI out of range,Row 2510 | Timestamp: 1710812092260 ms | PPG(Green=1987563, Red=1987563, Ir=1987563) | ACC(X=2.33517980575562, Y=-8.66531372070313, Z=-4.0021390914917) | HR=77 bpm | IBI=0 ms | Participant=P02
2511,IBI out of range,Row 2511 | Timestamp: 1710812092301 ms | PPG(Green=1986810, Red=1986810, Ir=1986810) | ACC(X=2.31601929664612, Y=-8.72758483886719, Z=-3.94944763183594) | HR=77 bpm | IBI=0 ms | Participant=P02
2512,IBI out of range,Row 2512 | Timestamp: 1710812092341 ms | PPG(Green=1985574, Red=1985574, Ir=1985574) | ACC(X=2.22021698951721, Y=-8.6509428024292, Z=-4.05243492126465) | HR=76 bpm | IBI=0 ms | Participant=P02
2513,IBI out of range,Row 2513 | Timestamp: 1710812092381 ms | PPG(Green=1984176, Red=1984176, Ir=1984176) | ACC(X=2.24177265167236, Y=-8.65333843231201, Z=-4.03806495666504) | HR=76 bpm | IBI=0 ms | Participant=P02
2514,IBI out of range,Row 2514 | Timestamp: 1710812092421 ms | PPG(Green=1983135, Red=1983135, Ir=1983135) | ACC(X=2.21782207489014, Y=-8.61262226104736, Z=-4.0021390914917) | HR=75 bpm | IBI=0 ms | Participant=P02
2515,IBI out of range,Row 2515 | Timestamp: 1710812092461 ms | PPG(Green=1982396, Red=1982396, Ir=1982396) | ACC(X=2.22500729560852, Y=-8.64615249633789, Z=-4.0476450920105) | HR=75 bpm | IBI=0 ms | Participant=P02
2516,IBI out of range,Row 2516 | Timestamp: 1710812092501 ms | PPG(Green=1982654, Red=1982654, Ir=1982654) | ACC(X=2.19626641273499, Y=-8.63178253173828, Z=-4.02608966827393) | HR=75 bpm | IBI=0 ms | Participant=P02
2517,IBI out of range,Row 2517 | Timestamp: 1710812092542 ms | PPG(Green=1983152, Red=1983152, Ir=1983152) | ACC(X=2.2776985168457, Y=-8.68926429748535, Z=-4.02369451522827) | HR=74 bpm | IBI=0 ms | Participant=P02
2518,IBI out of range,Row 2518 | Timestamp: 1710812092581 ms | PPG(Green=1983993, Red=1983993, Ir=1983993) | ACC(X=2.28727865219116, Y=-8.66052341461182, Z=-4.02848434448242) | HR=74 bpm | IBI=0 ms | Participant=P02
2519,IBI out of range,Row 2519 | Timestamp: 1710812092621 ms | PPG(Green=1984841, Red=1984841, Ir=1984841) | ACC(X=2.26093292236328, Y=-8.59825134277344, Z=-4.05722522735596) | HR=74 bpm | IBI=0 ms | Participant=P02
2520,IBI out of range,Row 2520 | Timestamp: 1710812092662 ms | PPG(Green=1985745, Red=1985745, Ir=1985745) | ACC(X=2.28009343147278, Y=-8.65573310852051, Z=-4.08117580413818) | HR=74 bpm | IBI=0 ms | Participant=P02
2521,IBI out of range,Row 2521 | Timestamp: 1710812092702 ms | PPG(Green=1986689, Red=1986689, Ir=1986689) | ACC(X=2.20345163345337, Y=-8.68686866760254, Z=-4.08357095718384) | HR=74 bpm | IBI=0 ms | Participant=P02
2522,IBI out of range,Row 2522 | Timestamp: 1710812092742 ms | PPG(Green=1987727, Red=1987727, Ir=1987727) | ACC(X=2.28248858451843, Y=-8.60543727874756, Z=-4.0093240737915) | HR=75 bpm | IBI=0 ms | Participant=P02
2523,IBI out of range,Row 2523 | Timestamp: 1710812092782 ms | PPG(Green=1988870, Red=1988870, Ir=1988870) | ACC(X=2.29685878753662, Y=-8.66291809082031, Z=-4.03327465057373) | HR=75 bpm | IBI=0 ms | Participant=P02
2524,IBI out of range,Row 2524 | Timestamp: 1710812092822 ms | PPG(Green=1989916, Red=1989916, Ir=1989916) | ACC(X=2.27290821075439, Y=-8.63178253173828, Z=-4.01890420913696) | HR=76 bpm | IBI=0 ms | Participant=P02
2525,IBI out of range,Row 2525 | Timestamp: 1710812092862 ms | PPG(Green=1987823, Red=1987823, Ir=1987823) | ACC(X=2.27051329612732, Y=-8.64615249633789, Z=-4.03566980361938) | HR=76 bpm | IBI=0 ms | Participant=P02
2526,IBI out of range,Row 2526 | Timestamp: 1710812092902 ms | PPG(Green=1982803, Red=1982803, Ir=1982803) | ACC(X=2.28967380523682, Y=-8.6485481262207, Z=-3.96142292022705) | HR=76 bpm | IBI=0 ms | Participant=P02
2527,IBI out of range,Row 2527 | Timestamp: 1710812092943 ms | PPG(Green=1977818, Red=1977818, Ir=1977818) | ACC(X=2.29925394058228, Y=-8.61501693725586, Z=-4.0045337677002) | HR=75 bpm | IBI=0 ms | Participant=P02
2528,IBI out of range,Row 2528 | Timestamp: 1710812092982 ms | PPG(Green=1974456, Red=1974456, Ir=1974456) | ACC(X=2.29925394058228, Y=-8.7371654510498, Z=-4.01650905609131) | HR=75 bpm | IBI=0 ms | Participant=P02
2529,IBI out of range,Row 2529 | Timestamp: 1710812093023 ms | PPG(Green=1972543, Red=1972543, Ir=1972543) | ACC(X=2.29206871986389, Y=-8.70363426208496, Z=-4.03327465057373) | HR=76 bpm | IBI=0 ms | Participant=P02
2530,IBI out of range,Row 2530 | Timestamp: 1710812093063 ms | PPG(Green=1971253, Red=1971253, Ir=1971253) | ACC(X=2.28727865219116, Y=-8.67249870300293, Z=-4.03806495666504) | HR=76 bpm | IBI=0 ms | Participant=P02
2531,IBI out of range,Row 2531 | Timestamp: 1710812093103 ms | PPG(Green=1970724, Red=1970724, Ir=1970724) | ACC(X=2.304044008255, Y=-8.63178253173828, Z=-4.05004024505615) | HR=76 bpm | IBI=0 ms | Participant=P02
2532,IBI out of range,Row 2532 | Timestamp: 1710812093144 ms | PPG(Green=1969811, Red=1969811, Ir=1969811) | ACC(X=2.28009343147278, Y=-8.69165897369385, Z=-4.03806495666504) | HR=76 bpm | IBI=0 ms | Participant=P02
2533,IBI out of range,Row 2533 | Timestamp: 1710812093183 ms | PPG(Green=1968634, Red=1968634, Ir=1968634) | ACC(X=2.29685878753662, Y=-8.70842456817627, Z=-3.99734878540039) | HR=76 bpm | IBI=0 ms | Participant=P02
2534,IBI out of range,Row 2534 | Timestamp: 1710812093223 ms | PPG(Green=1967399, Red=1967399, Ir=1967399) | ACC(X=2.35673522949219, Y=-8.67249870300293, Z=-3.99495363235474) | HR=76 bpm | IBI=0 ms | Participant=P02
2535,IBI out of range,Row 2535 | Timestamp: 1710812093263 ms | PPG(Green=1966623, Red=1966623, Ir=1966623) | ACC(X=2.28727865219116, Y=-8.67249870300293, Z=-3.99016356468201) | HR=76 bpm | IBI=0 ms | Participant=P02
2536,IBI out of range,Row 2536 | Timestamp: 1710812093304 ms | PPG(Green=1966500, Red=1966500, Ir=1966500) | ACC(X=2.32799458503723, Y=-8.64375782012939, Z=-4.01650905609131) | HR=77 bpm | IBI=0 ms | Participant=P02
2537,IBI out of range,Row 2537 | Timestamp: 1710812093344 ms | PPG(Green=1966995, Red=1966995, Ir=1966995) | ACC(X=2.27290821075439, Y=-8.69884395599365, Z=-4.02848434448242) | HR=77 bpm | IBI=0 ms | Participant=P02
2538,IBI out of range,Row 2538 | Timestamp: 1710812093384 ms | PPG(Green=1967751, Red=1967751, Ir=1967751) | ACC(X=2.27051329612732, Y=-8.67489337921143, Z=-4.0093240737915) | HR=76 bpm | IBI=0 ms | Participant=P02
2539,IBI out of range,Row 2539 | Timestamp: 1710812093424 ms | PPG(Green=1968592, Red=1968592, Ir=1968592) | ACC(X=2.23219227790833, Y=-8.69644927978516, Z=-4.03327465057373) | HR=76 bpm | IBI=0 ms | Participant=P02
2540,IBI out of range,Row 2540 | Timestamp: 1710812093464 ms | PPG(Green=1969629, Red=1969629, Ir=1969629) | ACC(X=2.28009343147278, Y=-8.62938785552979, Z=-4.02848434448242) | HR=75 bpm | IBI=0 ms | Participant=P02
2541,IBI out of range,Row 2541 | Timestamp: 1710812093504 ms | PPG(Green=1970642, Red=1970642, Ir=1970642) | ACC(X=2.29446387290955, Y=-8.7395601272583, Z=-3.97100305557251) | HR=75 bpm | IBI=0 ms | Participant=P02
2542,IBI out of range,Row 2542 | Timestamp: 1710812093545 ms | PPG(Green=1971873, Red=1971873, Ir=1971873) | ACC(X=2.30643916130066, Y=-8.67728900909424, Z=-4.03327465057373) | HR=74 bpm | IBI=0 ms | Participant=P02
2543,IBI out of range,Row 2543 | Timestamp: 1710812093584 ms | PPG(Green=1973135, Red=1973135, Ir=1973135) | ACC(X=2.25135278701782, Y=-8.58148670196533, Z=-4.05004024505615) | HR=74 bpm | IBI=0 ms | Participant=P02
2544,IBI out of range,Row 2544 | Timestamp: 1710812093624 ms | PPG(Green=1974413, Red=1974413, Ir=1974413) | ACC(X=2.27530336380005, Y=-8.61741256713867, Z=-4.04285478591919) | HR=74 bpm | IBI=0 ms | Participant=P02
2545,IBI out of range,Row 2545 | Timestamp: 1710812093665 ms | PPG(Green=1975939, Red=1975939, Ir=1975939) | ACC(X=2.29925394058228, Y=-8.68926429748535, Z=-3.99495363235474) | HR=74 bpm | IBI=0 ms | Participant=P02
2546,IBI out of range,Row 2546 | Timestamp: 1710812093705 ms | PPG(Green=1975179, Red=1975179, Ir=1975179) | ACC(X=2.29685878753662, Y=-8.62699222564697, Z=-4.08357095718384) | HR=74 bpm | IBI=0 ms | Participant=P02
2547,IBI out of range,Row 2547 | Timestamp: 1710812093745 ms | PPG(Green=1970799, Red=1970799, Ir=1970799) | ACC(X=2.24416756629944, Y=-8.66770839691162, Z=-3.96142292022705) | HR=74 bpm | IBI=0 ms | Participant=P02
2548,IBI out of range,Row 2548 | Timestamp: 1710812093785 ms | PPG(Green=1966177, Red=1966177, Ir=1966177) | ACC(X=2.26572322845459, Y=-8.69165897369385, Z=-3.95663285255432) | HR=75 bpm | IBI=0 ms | Participant=P02
2549,IBI out of range,Row 2549 | Timestamp: 1710812093825 ms | PPG(Green=1962896, Red=1962896, Ir=1962896) | ACC(X=2.28009343147278, Y=-8.65573310852051, Z=-3.97579336166382) | HR=75 bpm | IBI=0 ms | Participant=P02
2550,IBI out of range,Row 2550 | Timestamp: 1710812093865 ms | PPG(Green=1961262, Red=1961262, Ir=1961262) | ACC(X=2.29925394058228, Y=-8.69405364990234, Z=-4.01650905609131) | HR=75 bpm | IBI=0 ms | Participant=P02
2551,IBI out of range,Row 2551 | Timestamp: 1710812093905 ms | PPG(Green=1960528, Red=1960528, Ir=1960528) | ACC(X=2.25374794006348, Y=-8.64615249633789, Z=-4.02369451522827) | HR=75 bpm | IBI=0 ms | Participant=P02
2552,IBI out of range,Row 2552 | Timestamp: 1710812093946 ms | PPG(Green=1960395, Red=1960395, Ir=1960395) | ACC(X=2.26572322845459, Y=-8.71800422668457, Z=-3.98297834396362) | HR=76 bpm | IBI=0 ms | Participant=P02
2553,IBI out of range,Row 2553 | Timestamp: 1710812093986 ms | PPG(Green=1960159, Red=1960159, Ir=1960159) | ACC(X=2.26811814308167, Y=-8.64375782012939, Z=-3.97339820861816) | HR=75 bpm | IBI=0 ms | Participant=P02
2554,IBI out of range,Row 2554 | Timestamp: 1710812094026 ms | PPG(Green=1959334, Red=1959334, Ir=1959334) | ACC(X=2.23219227790833, Y=-8.66052341461182, Z=-3.98058342933655) | HR=75 bpm | IBI=0 ms | Participant=P02
2555,IBI out of range,Row 2555 | Timestamp: 1710812094066 ms | PPG(Green=1958298, Red=1958298, Ir=1958298) | ACC(X=2.28967380523682, Y=-8.66531372070313, Z=-4.03087949752808) | HR=75 bpm | IBI=0 ms | Participant=P02
2556,IBI out of range,Row 2556 | Timestamp: 1710812094106 ms | PPG(Green=1957866, Red=1957866, Ir=1957866) | ACC(X=2.31362438201904, Y=-8.72039985656738, Z=-3.99016356468201) | HR=76 bpm | IBI=0 ms | Participant=P02
2557,IBI out of range,Row 2557 | Timestamp: 1710812094147 ms | PPG(Green=1958047, Red=1958047, Ir=1958047) | ACC(X=2.29685878753662, Y=-8.6509428024292, Z=-3.99734878540039) | HR=76 bpm | IBI=0 ms | Participant=P02
2558,IBI out of range,Row 2558 | Timestamp: 1710812094186 ms | PPG(Green=1958570, Red=1958570, Ir=1958570) | ACC(X=2.28248858451843, Y=-8.67489337921143, Z=-4.01890420913696) | HR=77 bpm | IBI=0 ms | Participant=P02
2559,IBI out of range,Row 2559 | Timestamp: 1710812094226 ms | PPG(Green=1959758, Red=1959758, Ir=1959758) | ACC(X=2.21542692184448, Y=-8.66531372070313, Z=-4.02848434448242) | HR=77 bpm | IBI=0 ms | Participant=P02
2560,IBI out of range,Row 2560 | Timestamp: 1710812094267 ms | PPG(Green=1960948, Red=1960948, Ir=1960948) | ACC(X=2.31122922897339, Y=-8.66531372070313, Z=-3.98776865005493) | HR=77 bpm | IBI=0 ms | Participant=P02
2561,IBI out of range,Row 2561 | Timestamp: 1710812094307 ms | PPG(Green=1962275, Red=1962275, Ir=1962275) | ACC(X=2.26811814308167, Y=-8.69644927978516, Z=-3.99495363235474) | HR=77 bpm | IBI=0 ms | Participant=P02
2562,IBI out of range,Row 2562 | Timestamp: 1710812094347 ms | PPG(Green=1963668, Red=1963668, Ir=1963668) | ACC(X=2.29685878753662, Y=-8.7371654510498, Z=-3.98297834396362) | HR=78 bpm | IBI=0 ms | Participant=P02
2563,IBI out of range,Row 2563 | Timestamp: 1710812094387 ms | PPG(Green=1965108, Red=1965108, Ir=1965108) | ACC(X=2.32559967041016, Y=-8.69644927978516, Z=-4.0931510925293) | HR=78 bpm | IBI=0 ms | Participant=P02
2564,IBI out of range,Row 2564 | Timestamp: 1710812094427 ms | PPG(Green=1966658, Red=1966658, Ir=1966658) | ACC(X=2.2776985168457, Y=-8.71560955047607, Z=-3.98776865005493) | HR=79 bpm | IBI=0 ms | Participant=P02
2565,IBI out of range,Row 2565 | Timestamp: 1710812094467 ms | PPG(Green=1968166, Red=1968166, Ir=1968166) | ACC(X=2.29685878753662, Y=-8.658127784729, Z=-4.05004024505615) | HR=79 bpm | IBI=0 ms | Participant=P02
2566,IBI out of range,Row 2566 | Timestamp: 1710812094507 ms | PPG(Green=1970023, Red=1970023, Ir=1970023) | ACC(X=2.26811814308167, Y=-8.59346199035645, Z=-4.01411437988281) | HR=78 bpm | IBI=0 ms | Participant=P02
2567,IBI out of range,Row 2567 | Timestamp: 1710812094548 ms | PPG(Green=1971629, Red=1971629, Ir=1971629) | ACC(X=2.342365026474, Y=-8.6485481262207, Z=-3.94465756416321) | HR=77 bpm | IBI=0 ms | Participant=P02
2568,IBI out of range,Row 2568 | Timestamp: 1710812094587 ms | PPG(Green=1969804, Red=1969804, Ir=1969804) | ACC(X=2.22500729560852, Y=-8.65333843231201, Z=-4.03327465057373) | HR=77 bpm | IBI=0 ms | Participant=P02
2569,IBI out of range,Row 2569 | Timestamp: 1710812094628 ms | PPG(Green=1965522, Red=1965522, Ir=1965522) | ACC(X=2.26332807540894, Y=-8.64375782012939, Z=-4.01650905609131) | HR=77 bpm | IBI=0 ms | Participant=P02
2570,IBI out of range,Row 2570 | Timestamp: 1710812094668 ms | PPG(Green=1961737, Red=1961737, Ir=1961737) | ACC(X=2.30164909362793, Y=-8.6485481262207, Z=-4.04285478591919) | HR=77 bpm | IBI=0 ms | Participant=P02
2571,IBI out of range,Row 2571 | Timestamp: 1710812094708 ms | PPG(Green=1959569, Red=1959569, Ir=1959569) | ACC(X=2.26332807540894, Y=-8.68926429748535, Z=-4.00692892074585) | HR=77 bpm | IBI=0 ms | Participant=P02
2572,IBI out of range,Row 2572 | Timestamp: 1710812094749 ms | PPG(Green=1958740, Red=1958740, Ir=1958740) | ACC(X=2.27290821075439, Y=-8.66052341461182, Z=-4.0021390914917) | HR=77 bpm | IBI=0 ms | Participant=P02
2573,IBI out of range,Row 2573 | Timestamp: 1710812094788 ms | PPG(Green=1959002, Red=1959002, Ir=1959002) | ACC(X=2.28488349914551, Y=-8.6509428024292, Z=-4.0021390914917) | HR=77 bpm | IBI=0 ms | Participant=P02
2574,IBI out of range,Row 2574 | Timestamp: 1710812094828 ms | PPG(Green=1959521, Red=1959521, Ir=1959521) | ACC(X=2.29206871986389, Y=-8.6509428024292, Z=-4.05004024505615) | HR=78 bpm | IBI=0 ms | Participant=P02
2575,IBI out of range,Row 2575 | Timestamp: 1710812094869 ms | PPG(Green=1959394, Red=1959394, Ir=1959394) | ACC(X=2.27051329612732, Y=-8.6413631439209, Z=-4.00692892074585) | HR=78 bpm | IBI=0 ms | Participant=P02
2576,IBI out of range,Row 2576 | Timestamp: 1710812094909 ms | PPG(Green=1958900, Red=1958900, Ir=1958900) | ACC(X=2.29925394058228, Y=-8.65333843231201, Z=-4.01171922683716) | HR=79 bpm | IBI=0 ms | Participant=P02
2577,IBI out of range,Row 2577 | Timestamp: 1710812094949 ms | PPG(Green=1958529, Red=1958529, Ir=1958529) | ACC(X=2.27530336380005, Y=-8.66531372070313, Z=-4.04285478591919) | HR=79 bpm | IBI=0 ms | Participant=P02
2578,IBI out of range,Row 2578 | Timestamp: 1710812094989 ms | PPG(Green=1959296, Red=1959296, Ir=1959296) | ACC(X=2.26332807540894, Y=-8.70602893829346, Z=-4.03087949752808) | HR=79 bpm | IBI=0 ms | Participant=P02
2579,IBI out of range,Row 2579 | Timestamp: 1710812095029 ms | PPG(Green=1960505, Red=1960505, Ir=1960505) | ACC(X=2.27051329612732, Y=-8.67010307312012, Z=-4.01890420913696) | HR=79 bpm | IBI=0 ms | Participant=P02
2580,IBI out of range,Row 2580 | Timestamp: 1710812095069 ms | PPG(Green=1961960, Red=1961960, Ir=1961960) | ACC(X=2.30643916130066, Y=-8.66531372070313, Z=-4.01171922683716) | HR=79 bpm | IBI=0 ms | Participant=P02
2581,IBI out of range,Row 2581 | Timestamp: 1710812095109 ms | PPG(Green=1963586, Red=1963586, Ir=1963586) | ACC(X=2.3232045173645, Y=-8.72758483886719, Z=-4.09794092178345) | HR=79 bpm | IBI=0 ms | Participant=P02
2582,IBI out of range,Row 2582 | Timestamp: 1710812095150 ms | PPG(Green=1965194, Red=1965194, Ir=1965194) | ACC(X=2.27290821075439, Y=-8.66531372070313, Z=-4.02369451522827) | HR=79 bpm | IBI=0 ms | Participant=P02
2583,IBI out of range,Row 2583 | Timestamp: 1710812095189 ms | PPG(Green=1966737, Red=1966737, Ir=1966737) | ACC(X=2.30643916130066, Y=-8.67249870300293, Z=-4.01650905609131) | HR=79 bpm | IBI=0 ms | Participant=P02
2584,IBI out of range,Row 2584 | Timestamp: 1710812095229 ms | PPG(Green=1968430, Red=1968430, Ir=1968430) | ACC(X=2.31122922897339, Y=-8.63657283782959, Z=-3.9326822757721) | HR=79 bpm | IBI=0 ms | Participant=P02
2585,IBI out of range,Row 2585 | Timestamp: 1710812095269 ms | PPG(Green=1970123, Red=1970123, Ir=1970123) | ACC(X=2.28967380523682, Y=-8.69644927978516, Z=-4.02369451522827) | HR=79 bpm | IBI=0 ms | Participant=P02
2586,IBI out of range,Row 2586 | Timestamp: 1710812095309 ms | PPG(Green=1972029, Red=1972029, Ir=1972029) | ACC(X=2.28727865219116, Y=-8.69165897369385, Z=-3.94226241111755) | HR=79 bpm | IBI=0 ms | Participant=P02
2587,IBI out of range,Row 2587 | Timestamp: 1710812095350 ms | PPG(Green=1973923, Red=1973923, Ir=1973923) | ACC(X=2.26811814308167, Y=-8.62699222564697, Z=-4.0021390914917) | HR=79 bpm | IBI=0 ms | Participant=P02
2588,IBI out of range,Row 2588 | Timestamp: 1710812095390 ms | PPG(Green=1974876, Red=1974876, Ir=1974876) | ACC(X=2.33278465270996, Y=-8.68686866760254, Z=-4.01171922683716) | HR=79 bpm | IBI=0 ms | Participant=P02
2589,IBI out of range,Row 2589 | Timestamp: 1710812095430 ms | PPG(Green=1971927, Red=1971927, Ir=1971927) | ACC(X=2.35434031486511, Y=-8.67010307312012, Z=-4.05243492126465) | HR=80 bpm | IBI=0 ms | Participant=P02
2590,IBI out of range,Row 2590 | Timestamp: 1710812095470 ms | PPG(Green=1968168, Red=1968168, Ir=1968168) | ACC(X=2.31362438201904, Y=-8.6509428024292, Z=-4.02848434448242) | HR=80 bpm | IBI=0 ms | Participant=P02
2591,IBI out of range,Row 2591 | Timestamp: 1710812095510 ms | PPG(Green=1965588, Red=1965588, Ir=1965588) | ACC(X=2.34475994110107, Y=-8.69405364990234, Z=-4.0021390914917) | HR=80 bpm | IBI=0 ms | Participant=P02
2592,IBI out of range,Row 2592 | Timestamp: 1710812095551 ms | PPG(Green=1964533, Red=1964533, Ir=1964533) | ACC(X=2.3232045173645, Y=-8.66531372070313, Z=-3.99974393844604) | HR=81 bpm | IBI=0 ms | Participant=P02
2593,IBI out of range,Row 2593 | Timestamp: 1710812095590 ms | PPG(Green=1964624, Red=1964624, Ir=1964624) | ACC(X=2.24895787239075, Y=-8.71321487426758, Z=-3.97100305557251) | HR=83 bpm | IBI=0 ms | Participant=P02
2594,IBI out of range,Row 2594 | Timestamp: 1710812095630 ms | PPG(Green=1965402, Red=1965402, Ir=1965402) | ACC(X=2.342365026474, Y=-8.69884395599365, Z=-4.04285478591919) | HR=83 bpm | IBI=0 ms | Participant=P02
2595,IBI out of range,Row 2595 | Timestamp: 1710812095670 ms | PPG(Green=1966285, Red=1966285, Ir=1966285) | ACC(X=2.29206871986389, Y=-8.70842456817627, Z=-4.00692892074585) | HR=83 bpm | IBI=0 ms | Participant=P02
2596,IBI out of range,Row 2596 | Timestamp: 1710812095710 ms | PPG(Green=1966261, Red=1966261, Ir=1966261) | ACC(X=2.32080936431885, Y=-8.62459754943848, Z=-3.94226241111755) | HR=83 bpm | IBI=0 ms | Participant=P02
2597,IBI out of range,Row 2597 | Timestamp: 1710812095751 ms | PPG(Green=1966005, Red=1966005, Ir=1966005) | ACC(X=2.27530336380005, Y=-8.59346199035645, Z=-3.96142292022705) | HR=83 bpm | IBI=0 ms | Participant=P02
2598,IBI out of range,Row 2598 | Timestamp: 1710812095791 ms | PPG(Green=1966056, Red=1966056, Ir=1966056) | ACC(X=2.23937749862671, Y=-8.67249870300293, Z=-3.99255871772766) | HR=84 bpm | IBI=0 ms | Participant=P02
2599,IBI out of range,Row 2599 | Timestamp: 1710812095831 ms | PPG(Green=1966617, Red=1966617, Ir=1966617) | ACC(X=2.22979736328125, Y=-8.61262226104736, Z=-4.00692892074585) | HR=85 bpm | IBI=0 ms | Participant=P02
2600,IBI out of range,Row 2600 | Timestamp: 1710812095871 ms | PPG(Green=1967774, Red=1967774, Ir=1967774) | ACC(X=2.33038973808289, Y=-8.66770839691162, Z=-3.93747234344482) | HR=86 bpm | IBI=0 ms | Participant=P02
2601,IBI out of range,Row 2601 | Timestamp: 1710812095911 ms | PPG(Green=1969133, Red=1969133, Ir=1969133) | ACC(X=2.32559967041016, Y=-8.6509428024292, Z=-3.99255871772766) | HR=86 bpm | IBI=0 ms | Participant=P02
2602,IBI out of range,Row 2602 | Timestamp: 1710812095952 ms | PPG(Green=1970826, Red=1970826, Ir=1970826) | ACC(X=2.304044008255, Y=-8.62220191955566, Z=-3.98776865005493) | HR=87 bpm | IBI=0 ms | Participant=P02
2603,IBI out of range,Row 2603 | Timestamp: 1710812095991 ms | PPG(Green=1972518, Red=1972518, Ir=1972518) | ACC(X=2.37350058555603, Y=-8.60543727874756, Z=-4.01890420913696) | HR=88 bpm | IBI=0 ms | Participant=P02
2604,HeartRate out of range,Row 2604 | Timestamp: 1710812096031 ms | PPG(Green=1974136, Red=1974136, Ir=1974136) | ACC(X=2.32799458503723, Y=-8.67010307312012, Z=-3.94465756416321) | HR=0 bpm | IBI=0 ms | Participant=P02
2605,IBI out of range,Row 2605 | Timestamp: 1710812096071 ms | PPG(Green=1975825, Red=1975825, Ir=1975825) | ACC(X=2.29685878753662, Y=-8.70363426208496, Z=-4.0021390914917) | HR=89 bpm | IBI=0 ms | Participant=P02
2606,IBI out of range,Row 2606 | Timestamp: 1710812096111 ms | PPG(Green=1977569, Red=1977569, Ir=1977569) | ACC(X=2.33757495880127, Y=-8.71081924438477, Z=-4.04045963287354) | HR=88 bpm | IBI=0 ms | Participant=P02
2607,IBI out of range,Row 2607 | Timestamp: 1710812096152 ms | PPG(Green=1979478, Red=1979478, Ir=1979478) | ACC(X=2.30164909362793, Y=-8.62938785552979, Z=-3.98297834396362) | HR=88 bpm | IBI=0 ms | Participant=P02
2608,HeartRate out of range,Row 2608 | Timestamp: 1710812096192 ms | PPG(Green=1981350, Red=1981350, Ir=1981350) | ACC(X=2.32559967041016, Y=-8.6485481262207, Z=-3.95423769950867) | HR=0 bpm | IBI=0 ms | Participant=P02
2609,HeartRate out of range,Row 2609 | Timestamp: 1710812096231 ms | PPG(Green=1982921, Red=1982921, Ir=1982921) | ACC(X=2.28727865219116, Y=-8.66052341461182, Z=-3.97339820861816) | HR=0 bpm | IBI=0 ms | Participant=P02
2610,HeartRate out of range,Row 2610 | Timestamp: 1710812096272 ms | PPG(Green=1981327, Red=1981327, Ir=1981327) | ACC(X=2.36152529716492, Y=-8.64615249633789, Z=-3.99974393844604) | HR=0 bpm | IBI=0 ms | Participant=P02
2611,HeartRate out of range,Row 2611 | Timestamp: 1710812096312 ms | PPG(Green=1977852, Red=1977852, Ir=1977852) | ACC(X=2.29446387290955, Y=-8.67010307312012, Z=-3.95423769950867) | HR=0 bpm | IBI=0 ms | Participant=P02
2612,HeartRate out of range,Row 2612 | Timestamp: 1710812096353 ms | PPG(Green=1975140, Red=1975140, Ir=1975140) | ACC(X=2.24895787239075, Y=-8.65333843231201, Z=-3.98776865005493) | HR=0 bpm | IBI=0 ms | Participant=P02
2613,HeartRate out of range,Row 2613 | Timestamp: 1710812096392 ms | PPG(Green=1974025, Red=1974025, Ir=1974025) | ACC(X=2.35194516181946, Y=-8.67489337921143, Z=-4.0021390914917) | HR=0 bpm | IBI=0 ms | Participant=P02
2614,HeartRate out of range,Row 2614 | Timestamp: 1710812096432 ms | PPG(Green=1974038, Red=1974038, Ir=1974038) | ACC(X=2.27290821075439, Y=-8.62938785552979, Z=-3.99255871772766) | HR=0 bpm | IBI=0 ms | Participant=P02
2615,HeartRate out of range,Row 2615 | Timestamp: 1710812096472 ms | PPG(Green=1974885, Red=1974885, Ir=1974885) | ACC(X=2.31841444969177, Y=-8.658127784729, Z=-4.0021390914917) | HR=0 bpm | IBI=0 ms | Participant=P02
2616,IBI out of range,Row 2616 | Timestamp: 1710812096512 ms | PPG(Green=1975983, Red=1975983, Ir=1975983) | ACC(X=2.28727865219116, Y=-8.66052341461182, Z=-3.98297834396362) | HR=95 bpm | IBI=0 ms | Participant=P02
2617,IBI out of range,Row 2617 | Timestamp: 1710812096553 ms | PPG(Green=1976638, Red=1976638, Ir=1976638) | ACC(X=2.2776985168457, Y=-8.67249870300293, Z=-4.0045337677002) | HR=94 bpm | IBI=0 ms | Participant=P02
2618,IBI out of range,Row 2618 | Timestamp: 1710812096592 ms | PPG(Green=1976555, Red=1976555, Ir=1976555) | ACC(X=2.31362438201904, Y=-8.65333843231201, Z=-3.99974393844604) | HR=93 bpm | IBI=0 ms | Participant=P02
2619,IBI out of range,Row 2619 | Timestamp: 1710812096632 ms | PPG(Green=1976567, Red=1976567, Ir=1976567) | ACC(X=2.33996987342834, Y=-8.66531372070313, Z=-4.01171922683716) | HR=93 bpm | IBI=0 ms | Participant=P02
2620,HeartRate out of range,Row 2620 | Timestamp: 1710812096673 ms | PPG(Green=1977080, Red=1977080, Ir=1977080) | ACC(X=2.342365026474, Y=-8.61741256713867, Z=-3.99734878540039) | HR=0 bpm | IBI=0 ms | Participant=P02
2621,HeartRate out of range,Row 2621 | Timestamp: 1710812096713 ms | PPG(Green=1978014, Red=1978014, Ir=1978014) | ACC(X=2.33517980575562, Y=-8.68447399139404, Z=-3.96621298789978) | HR=0 bpm | IBI=0 ms | Participant=P02
2622,HeartRate out of range,Row 2622 | Timestamp: 1710812096753 ms | PPG(Green=1979444, Red=1979444, Ir=1979444) | ACC(X=2.31841444969177, Y=-8.63896751403809, Z=-4.02129936218262) | HR=0 bpm | IBI=0 ms | Participant=P02
2623,HeartRate out of range,Row 2623 | Timestamp: 1710812096793 ms | PPG(Green=1981115, Red=1981115, Ir=1981115) | ACC(X=2.35434031486511, Y=-8.67968368530273, Z=-3.96621298789978) | HR=0 bpm | IBI=0 ms | Participant=P02
2624,HeartRate out of range,Row 2624 | Timestamp: 1710812096833 ms | PPG(Green=1982712, Red=1982712, Ir=1982712) | ACC(X=2.40224146842957, Y=-8.63178253173828, Z=-4.0548300743103) | HR=0 bpm | IBI=0 ms | Participant=P02
2625,IBI out of range,Row 2625 | Timestamp: 1710812096873 ms | PPG(Green=1984426, Red=1984426, Ir=1984426) | ACC(X=2.28967380523682, Y=-8.66052341461182, Z=-3.96142292022705) | HR=90 bpm | IBI=0 ms | Participant=P02
2626,IBI out of range,Row 2626 | Timestamp: 1710812096913 ms | PPG(Green=1986410, Red=1986410, Ir=1986410) | ACC(X=2.38068580627441, Y=-8.64615249633789, Z=-3.97579336166382) | HR=90 bpm | IBI=0 ms | Participant=P02
2627,IBI out of range,Row 2627 | Timestamp: 1710812096954 ms | PPG(Green=1988103, Red=1988103, Ir=1988103) | ACC(X=2.3232045173645, Y=-8.69165897369385, Z=-4.03087949752808) | HR=89 bpm | IBI=0 ms | Participant=P02
2628,IBI out of range,Row 2628 | Timestamp: 1710812096993 ms | PPG(Green=1989786, Red=1989786, Ir=1989786) | ACC(X=2.31841444969177, Y=-8.61980724334717, Z=-3.97818827629089) | HR=89 bpm | IBI=0 ms | Participant=P02
2629,IBI out of range,Row 2629 | Timestamp: 1710812097033 ms | PPG(Green=1991768, Red=1991768, Ir=1991768) | ACC(X=2.39984631538391, Y=-8.67249870300293, Z=-3.97579336166382) | HR=88 bpm | IBI=0 ms | Participant=P02
2630,IBI out of range,Row 2630 | Timestamp: 1710812097073 ms | PPG(Green=1993264, Red=1993264, Ir=1993264) | ACC(X=2.2776985168457, Y=-8.70363426208496, Z=-4.03566980361938) | HR=88 bpm | IBI=0 ms | Participant=P02
2631,IBI out of range,Row 2631 | Timestamp: 1710812097114 ms | PPG(Green=1991329, Red=1991329, Ir=1991329) | ACC(X=2.3495500087738, Y=-8.61501693725586, Z=-4.01890420913696) | HR=88 bpm | IBI=0 ms | Participant=P02
2632,IBI out of range,Row 2632 | Timestamp: 1710812097155 ms | PPG(Green=1987957, Red=1987957, Ir=1987957) | ACC(X=2.33038973808289, Y=-8.69884395599365, Z=-4.0093240737915) | HR=87 bpm | IBI=0 ms | Participant=P02
2633,IBI out of range,Row 2633 | Timestamp: 1710812097194 ms | PPG(Green=1985327, Red=1985327, Ir=1985327) | ACC(X=2.342365026474, Y=-8.68207836151123, Z=-4.00692892074585) | HR=87 bpm | IBI=0 ms | Participant=P02
2634,IBI out of range,Row 2634 | Timestamp: 1710812097234 ms | PPG(Green=1984150, Red=1984150, Ir=1984150) | ACC(X=2.31122922897339, Y=-8.67728900909424, Z=-3.96860814094543) | HR=87 bpm | IBI=0 ms | Participant=P02
2635,IBI out of range,Row 2635 | Timestamp: 1710812097274 ms | PPG(Green=1984111, Red=1984111, Ir=1984111) | ACC(X=2.33038973808289, Y=-8.68686866760254, Z=-4.00692892074585) | HR=87 bpm | IBI=0 ms | Participant=P02
2636,IBI out of range,Row 2636 | Timestamp: 1710812097314 ms | PPG(Green=1985126, Red=1985126, Ir=1985126) | ACC(X=2.29446387290955, Y=-8.6509428024292, Z=-4.0045337677002) | HR=86 bpm | IBI=0 ms | Participant=P02
2637,IBI out of range,Row 2637 | Timestamp: 1710812097355 ms | PPG(Green=1986323, Red=1986323, Ir=1986323) | ACC(X=2.37350058555603, Y=-8.65573310852051, Z=-3.96381807327271) | HR=86 bpm | IBI=0 ms | Participant=P02
2638,IBI out of range,Row 2638 | Timestamp: 1710812097394 ms | PPG(Green=1986829, Red=1986829, Ir=1986829) | ACC(X=2.28967380523682, Y=-8.69884395599365, Z=-3.92549705505371) | HR=86 bpm | IBI=0 ms | Participant=P02
2639,IBI out of range,Row 2639 | Timestamp: 1710812097434 ms | PPG(Green=1986792, Red=1986792, Ir=1986792) | ACC(X=2.32080936431885, Y=-8.67728900909424, Z=-4.03087949752808) | HR=87 bpm | IBI=0 ms | Participant=P02
2640,IBI out of range,Row 2640 | Timestamp: 1710812097474 ms | PPG(Green=1986893, Red=1986893, Ir=1986893) | ACC(X=2.33517980575562, Y=-8.69405364990234, Z=-4.01171922683716) | HR=87 bpm | IBI=0 ms | Participant=P02
2641,IBI out of range,Row 2641 | Timestamp: 1710812097515 ms | PPG(Green=1987230, Red=1987230, Ir=1987230) | ACC(X=2.33038973808289, Y=-8.68686866760254, Z=-3.94465756416321) | HR=87 bpm | IBI=0 ms | Participant=P02
2642,IBI out of range,Row 2642 | Timestamp: 1710812097555 ms | PPG(Green=1988318, Red=1988318, Ir=1988318) | ACC(X=2.2776985168457, Y=-8.68926429748535, Z=-3.98297834396362) | HR=88 bpm | IBI=0 ms | Participant=P02
2643,IBI out of range,Row 2643 | Timestamp: 1710812097595 ms | PPG(Green=1989729, Red=1989729, Ir=1989729) | ACC(X=2.28009343147278, Y=-8.64375782012939, Z=-4.05962038040161) | HR=89 bpm | IBI=0 ms | Participant=P02
2644,IBI out of range,Row 2644 | Timestamp: 1710812097635 ms | PPG(Green=1991280, Red=1991280, Ir=1991280) | ACC(X=2.31362438201904, Y=-8.65333843231201, Z=-3.98776865005493) | HR=89 bpm | IBI=0 ms | Participant=P02
2645,IBI out of range,Row 2645 | Timestamp: 1710812097675 ms | PPG(Green=1992974, Red=1992974, Ir=1992974) | ACC(X=2.28967380523682, Y=-8.61980724334717, Z=-4.01411437988281) | HR=90 bpm | IBI=0 ms | Participant=P02
2646,IBI out of range,Row 2646 | Timestamp: 1710812097715 ms | PPG(Green=1994814, Red=1994814, Ir=1994814) | ACC(X=2.26572322845459, Y=-8.66291809082031, Z=-4.04524993896484) | HR=90 bpm | IBI=0 ms | Participant=P02
2647,IBI out of range,Row 2647 | Timestamp: 1710812097756 ms | PPG(Green=1996719, Red=1996719, Ir=1996719) | ACC(X=2.31841444969177, Y=-8.67010307312012, Z=-4.01650905609131) | HR=90 bpm | IBI=0 ms | Participant=P02
2648,IBI out of range,Row 2648 | Timestamp: 1710812097795 ms | PPG(Green=1998468, Red=1998468, Ir=1998468) | ACC(X=2.32559967041016, Y=-8.65333843231201, Z=-4.01890420913696) | HR=90 bpm | IBI=0 ms | Participant=P02
2649,IBI out of range,Row 2649 | Timestamp: 1710812097835 ms | PPG(Green=2000136, Red=2000136, Ir=2000136) | ACC(X=2.34475994110107, Y=-8.65573310852051, Z=-4.02608966827393) | HR=91 bpm | IBI=0 ms | Participant=P02
2650,IBI out of range,Row 2650 | Timestamp: 1710812097875 ms | PPG(Green=2002007, Red=2002007, Ir=2002007) | ACC(X=2.28009343147278, Y=-8.63657283782959, Z=-3.99255871772766) | HR=91 bpm | IBI=0 ms | Participant=P02
2651,IBI out of range,Row 2651 | Timestamp: 1710812097915 ms | PPG(Green=2002408, Red=2002408, Ir=2002408) | ACC(X=2.40942645072937, Y=-8.72279453277588, Z=-4.01171922683716) | HR=91 bpm | IBI=0 ms | Participant=P02
2652,IBI out of range,Row 2652 | Timestamp: 1710812097956 ms | PPG(Green=1999037, Red=1999037, Ir=1999037) | ACC(X=2.38068580627441, Y=-8.67968368530273, Z=-3.99255871772766) | HR=90 bpm | IBI=0 ms | Participant=P02
2653,IBI out of range,Row 2653 | Timestamp: 1710812097996 ms | PPG(Green=1995000, Red=1995000, Ir=1995000) | ACC(X=2.29446387290955, Y=-8.64375782012939, Z=-3.99016356468201) | HR=90 bpm | IBI=0 ms | Participant=P02
2654,IBI out of range,Row 2654 | Timestamp: 1710812098036 ms | PPG(Green=1992160, Red=1992160, Ir=1992160) | ACC(X=2.29685878753662, Y=-8.6485481262207, Z=-4.0045337677002) | HR=89 bpm | IBI=0 ms | Participant=P02
2655,IBI out of range,Row 2655 | Timestamp: 1710812098076 ms | PPG(Green=1990967, Red=1990967, Ir=1990967) | ACC(X=2.26093292236328, Y=-8.69644927978516, Z=-3.99734878540039) | HR=89 bpm | IBI=0 ms | Participant=P02
2656,IBI out of range,Row 2656 | Timestamp: 1710812098116 ms | PPG(Green=1990688, Red=1990688, Ir=1990688) | ACC(X=2.34475994110107, Y=-8.64615249633789, Z=-4.01650905609131) | HR=89 bpm | IBI=0 ms | Participant=P02
2657,IBI out of range,Row 2657 | Timestamp: 1710812098157 ms | PPG(Green=1991173, Red=1991173, Ir=1991173) | ACC(X=2.33757495880127, Y=-8.71321487426758, Z=-4.05722522735596) | HR=89 bpm | IBI=0 ms | Participant=P02
2658,IBI out of range,Row 2658 | Timestamp: 1710812098196 ms | PPG(Green=1991723, Red=1991723, Ir=1991723) | ACC(X=2.304044008255, Y=-8.71560955047607, Z=-4.01650905609131) | HR=88 bpm | IBI=0 ms | Participant=P02
2659,IBI out of range,Row 2659 | Timestamp: 1710812098236 ms | PPG(Green=1991665, Red=1991665, Ir=1991665) | ACC(X=2.29925394058228, Y=-8.64375782012939, Z=-3.96621298789978) | HR=88 bpm | IBI=0 ms | Participant=P02
2660,IBI out of range,Row 2660 | Timestamp: 1710812098276 ms | PPG(Green=1991195, Red=1991195, Ir=1991195) | ACC(X=2.31362438201904, Y=-8.69165897369385, Z=-3.94944763183594) | HR=87 bpm | IBI=0 ms | Participant=P02
2661,IBI out of range,Row 2661 | Timestamp: 1710812098316 ms | PPG(Green=1991006, Red=1991006, Ir=1991006) | ACC(X=2.28248858451843, Y=-8.59106636047363, Z=-4.01171922683716) | HR=87 bpm | IBI=0 ms | Participant=P02
2662,IBI out of range,Row 2662 | Timestamp: 1710812098357 ms | PPG(Green=1991263, Red=1991263, Ir=1991263) | ACC(X=2.26572322845459, Y=-8.62699222564697, Z=-3.96381807327271) | HR=88 bpm | IBI=0 ms | Participant=P02
2663,IBI out of range,Row 2663 | Timestamp: 1710812098397 ms | PPG(Green=1992194, Red=1992194, Ir=1992194) | ACC(X=2.30643916130066, Y=-8.67968368530273, Z=-4.06920051574707) | HR=89 bpm | IBI=0 ms | Participant=P02
2664,IBI out of range,Row 2664 | Timestamp: 1710812098437 ms | PPG(Green=1993333, Red=1993333, Ir=1993333) | ACC(X=2.24656271934509, Y=-8.63417720794678, Z=-3.97579336166382) | HR=88 bpm | IBI=0 ms | Participant=P02
2665,IBI out of range,Row 2665 | Timestamp: 1710812098477 ms | PPG(Green=1994779, Red=1994779, Ir=1994779) | ACC(X=2.35434031486511, Y=-8.7323751449585, Z=-3.99016356468201) | HR=89 bpm | IBI=0 ms | Participant=P02
2666,IBI out of range,Row 2666 | Timestamp: 1710812098517 ms | PPG(Green=1996241, Red=1996241, Ir=1996241) | ACC(X=2.30883407592773, Y=-8.61741256713867, Z=-4.03327465057373) | HR=89 bpm | IBI=0 ms | Participant=P02
2667,IBI out of range,Row 2667 | Timestamp: 1710812098558 ms | PPG(Green=1997839, Red=1997839, Ir=1997839) | ACC(X=2.29446387290955, Y=-8.69644927978516, Z=-3.94944763183594) | HR=89 bpm | IBI=0 ms | Participant=P02
2668,IBI out of range,Row 2668 | Timestamp: 1710812098597 ms | PPG(Green=1999378, Red=1999378, Ir=1999378) | ACC(X=2.33757495880127, Y=-8.71321487426758, Z=-3.92549705505371) | HR=89 bpm | IBI=0 ms | Participant=P02
2669,IBI out of range,Row 2669 | Timestamp: 1710812098637 ms | PPG(Green=2000960, Red=2000960, Ir=2000960) | ACC(X=2.342365026474, Y=-8.67489337921143, Z=-3.98058342933655) | HR=89 bpm | IBI=0 ms | Participant=P02
2670,IBI out of range,Row 2670 | Timestamp: 1710812098677 ms | PPG(Green=2002486, Red=2002486, Ir=2002486) | ACC(X=2.35434031486511, Y=-8.6509428024292, Z=-3.94944763183594) | HR=89 bpm | IBI=0 ms | Participant=P02
2671,IBI out of range,Row 2671 | Timestamp: 1710812098718 ms | PPG(Green=2004129, Red=2004129, Ir=2004129) | ACC(X=2.304044008255, Y=-8.66531372070313, Z=-3.94226241111755) | HR=89 bpm | IBI=0 ms | Participant=P02
2672,IBI out of range,Row 2672 | Timestamp: 1710812098758 ms | PPG(Green=2004461, Red=2004461, Ir=2004461) | ACC(X=2.33038973808289, Y=-8.65573310852051, Z=-3.87999105453491) | HR=90 bpm | IBI=0 ms | Participant=P02
2673,IBI out of range,Row 2673 | Timestamp: 1710812098798 ms | PPG(Green=2000606, Red=2000606, Ir=2000606) | ACC(X=2.29685878753662, Y=-8.6413631439209, Z=-4.02369451522827) | HR=90 bpm | IBI=0 ms | Participant=P02
2674,IBI out of range,Row 2674 | Timestamp: 1710812098838 ms | PPG(Green=1996113, Red=1996113, Ir=1996113) | ACC(X=2.31122922897339, Y=-8.67249870300293, Z=-3.94226241111755) | HR=90 bpm | IBI=0 ms | Participant=P02
2675,IBI out of range,Row 2675 | Timestamp: 1710812098878 ms | PPG(Green=1992741, Red=1992741, Ir=1992741) | ACC(X=2.2776985168457, Y=-8.68447399139404, Z=-3.97579336166382) | HR=90 bpm | IBI=0 ms | Participant=P02
2676,IBI out of range,Row 2676 | Timestamp: 1710812098918 ms | PPG(Green=1991136, Red=1991136, Ir=1991136) | ACC(X=2.25374794006348, Y=-8.63657283782959, Z=-3.96142292022705) | HR=90 bpm | IBI=0 ms | Participant=P02
2677,IBI out of range,Row 2677 | Timestamp: 1710812098959 ms | PPG(Green=1990527, Red=1990527, Ir=1990527) | ACC(X=2.3232045173645, Y=-8.658127784729, Z=-3.99495363235474) | HR=90 bpm | IBI=0 ms | Participant=P02
2678,IBI out of range,Row 2678 | Timestamp: 1710812098998 ms | PPG(Green=1990570, Red=1990570, Ir=1990570) | ACC(X=2.35913038253784, Y=-8.65333843231201, Z=-3.95184278488159) | HR=90 bpm | IBI=0 ms | Participant=P02
2679,IBI out of range,Row 2679 | Timestamp: 1710812099038 ms | PPG(Green=1990695, Red=1990695, Ir=1990695) | ACC(X=2.3232045173645, Y=-8.71081924438477, Z=-3.89675641059875) | HR=89 bpm | IBI=0 ms | Participant=P02
2680,IBI out of range,Row 2680 | Timestamp: 1710812099079 ms | PPG(Green=1990389, Red=1990389, Ir=1990389) | ACC(X=2.37350058555603, Y=-8.6509428024292, Z=-3.93747234344482) | HR=89 bpm | IBI=0 ms | Participant=P02
2681,IBI out of range,Row 2681 | Timestamp: 1710812099119 ms | PPG(Green=1989481, Red=1989481, Ir=1989481) | ACC(X=2.36631560325623, Y=-8.62938785552979, Z=-4.0021390914917) | HR=89 bpm | IBI=0 ms | Participant=P02
2682,IBI out of range,Row 2682 | Timestamp: 1710812099160 ms | PPG(Green=1988979, Red=1988979, Ir=1988979) | ACC(X=2.26332807540894, Y=-8.69165897369385, Z=-3.96621298789978) | HR=89 bpm | IBI=0 ms | Participant=P02
2683,IBI out of range,Row 2683 | Timestamp: 1710812099199 ms | PPG(Green=1989051, Red=1989051, Ir=1989051) | ACC(X=2.32080936431885, Y=-8.68207836151123, Z=-3.96621298789978) | HR=90 bpm | IBI=0 ms | Participant=P02
2684,IBI out of range,Row 2684 | Timestamp: 1710812099239 ms | PPG(Green=1989584, Red=1989584, Ir=1989584) | ACC(X=2.34715509414673, Y=-8.67728900909424, Z=-3.96142292022705) | HR=90 bpm | IBI=0 ms | Participant=P02
2685,IBI out of range,Row 2685 | Timestamp: 1710812099279 ms | PPG(Green=1990434, Red=1990434, Ir=1990434) | ACC(X=2.29446387290955, Y=-8.69165897369385, Z=-4.01171922683716) | HR=90 bpm | IBI=0 ms | Participant=P02
2686,IBI out of range,Row 2686 | Timestamp: 1710812099319 ms | PPG(Green=1991634, Red=1991634, Ir=1991634) | ACC(X=2.304044008255, Y=-8.64615249633789, Z=-3.92549705505371) | HR=90 bpm | IBI=0 ms | Participant=P02
2687,IBI out of range,Row 2687 | Timestamp: 1710812099360 ms | PPG(Green=1992965, Red=1992965, Ir=1992965) | ACC(X=2.31601929664612, Y=-8.62699222564697, Z=-3.98537349700928) | HR=90 bpm | IBI=0 ms | Participant=P02
2688,IBI out of range,Row 2688 | Timestamp: 1710812099399 ms | PPG(Green=1994409, Red=1994409, Ir=1994409) | ACC(X=2.29925394058228, Y=-8.67010307312012, Z=-3.96381807327271) | HR=90 bpm | IBI=0 ms | Participant=P02
2689,IBI out of range,Row 2689 | Timestamp: 1710812099440 ms | PPG(Green=1995769, Red=1995769, Ir=1995769) | ACC(X=2.27290821075439, Y=-8.7323751449585, Z=-3.95663285255432) | HR=91 bpm | IBI=0 ms | Participant=P02
2690,IBI out of range,Row 2690 | Timestamp: 1710812099480 ms | PPG(Green=1997117, Red=1997117, Ir=1997117) | ACC(X=2.31122922897339, Y=-8.69644927978516, Z=-4.03087949752808) | HR=91 bpm | IBI=0 ms | Participant=P02
2691,IBI out of range,Row 2691 | Timestamp: 1710812099520 ms | PPG(Green=1998646, Red=1998646, Ir=1998646) | ACC(X=2.32559967041016, Y=-8.658127784729, Z=-3.92070698738098) | HR=90 bpm | IBI=0 ms | Participant=P02
2692,IBI out of range,Row 2692 | Timestamp: 1710812099561 ms | PPG(Green=2000232, Red=2000232, Ir=2000232) | ACC(X=2.34475994110107, Y=-8.67968368530273, Z=-4.0021390914917) | HR=90 bpm | IBI=0 ms | Participant=P02
2693,IBI out of range,Row 2693 | Timestamp: 1710812099600 ms | PPG(Green=2000657, Red=2000657, Ir=2000657) | ACC(X=2.30643916130066, Y=-8.68926429748535, Z=-3.92070698738098) | HR=90 bpm | IBI=0 ms | Participant=P02
2694,IBI out of range,Row 2694 | Timestamp: 1710812099640 ms | PPG(Green=1996954, Red=1996954, Ir=1996954) | ACC(X=2.33278465270996, Y=-8.6509428024292, Z=-3.97818827629089) | HR=89 bpm | IBI=0 ms | Participant=P02
2695,IBI out of range,Row 2695 | Timestamp: 1710812099680 ms | PPG(Green=1992181, Red=1992181, Ir=1992181) | ACC(X=2.32799458503723, Y=-8.69644927978516, Z=-3.98776865005493) | HR=88 bpm | IBI=0 ms | Participant=P02
2696,IBI out of range,Row 2696 | Timestamp: 1710812099720 ms | PPG(Green=1988589, Red=1988589, Ir=1988589) | ACC(X=2.3232045173645, Y=-8.6413631439209, Z=-4.01171922683716) | HR=88 bpm | IBI=0 ms | Participant=P02
2697,IBI out of range,Row 2697 | Timestamp: 1710812099761 ms | PPG(Green=1986821, Red=1986821, Ir=1986821) | ACC(X=2.28727865219116, Y=-8.67968368530273, Z=-3.9326822757721) | HR=88 bpm | IBI=0 ms | Participant=P02
2698,IBI out of range,Row 2698 | Timestamp: 1710812099801 ms | PPG(Green=1986081, Red=1986081, Ir=1986081) | ACC(X=2.27530336380005, Y=-8.67489337921143, Z=-3.99016356468201) | HR=89 bpm | IBI=0 ms | Participant=P02
2699,IBI out of range,Row 2699 | Timestamp: 1710812099841 ms | PPG(Green=1986299, Red=1986299, Ir=1986299) | ACC(X=2.33038973808289, Y=-8.71560955047607, Z=-3.96142292022705) | HR=89 bpm | IBI=0 ms | Participant=P02
2700,IBI out of range,Row 2700 | Timestamp: 1710812099881 ms | PPG(Green=1986501, Red=1986501, Ir=1986501) | ACC(X=2.27051329612732, Y=-8.72279453277588, Z=-3.99734878540039) | HR=89 bpm | IBI=0 ms | Participant=P02
2701,IBI out of range,Row 2701 | Timestamp: 1710812099921 ms | PPG(Green=1986196, Red=1986196, Ir=1986196) | ACC(X=2.28727865219116, Y=-8.62459754943848, Z=-3.99734878540039) | HR=88 bpm | IBI=0 ms | Participant=P02
2702,IBI out of range,Row 2702 | Timestamp: 1710812099962 ms | PPG(Green=1985109, Red=1985109, Ir=1985109) | ACC(X=2.33757495880127, Y=-8.67010307312012, Z=-3.93986749649048) | HR=88 bpm | IBI=0 ms | Participant=P02
2703,IBI out of range,Row 2703 | Timestamp: 1710812100001 ms | PPG(Green=1984508, Red=1984508, Ir=1984508) | ACC(X=2.29685878753662, Y=-8.658127784729, Z=-4.0045337677002) | HR=88 bpm | IBI=0 ms | Participant=P02
2704,IBI out of range,Row 2704 | Timestamp: 1710812100041 ms | PPG(Green=1984292, Red=1984292, Ir=1984292) | ACC(X=2.30164909362793, Y=-8.62938785552979, Z=-3.99016356468201) | HR=87 bpm | IBI=0 ms | Participant=P02
2705,IBI out of range,Row 2705 | Timestamp: 1710812100081 ms | PPG(Green=1984781, Red=1984781, Ir=1984781) | ACC(X=2.31122922897339, Y=-8.66770839691162, Z=-4.0093240737915) | HR=86 bpm | IBI=0 ms | Participant=P02
2706,IBI out of range,Row 2706 | Timestamp: 1710812100122 ms | PPG(Green=1985696, Red=1985696, Ir=1985696) | ACC(X=2.342365026474, Y=-8.63657283782959, Z=-3.94944763183594) | HR=86 bpm | IBI=0 ms | Participant=P02
2707,IBI out of range,Row 2707 | Timestamp: 1710812100163 ms | PPG(Green=1986901, Red=1986901, Ir=1986901) | ACC(X=2.28727865219116, Y=-8.72758483886719, Z=-3.97339820861816) | HR=85 bpm | IBI=0 ms | Participant=P02
2708,IBI out of range,Row 2708 | Timestamp: 1710812100202 ms | PPG(Green=1988148, Red=1988148, Ir=1988148) | ACC(X=2.27051329612732, Y=-8.62938785552979, Z=-4.02129936218262) | HR=85 bpm | IBI=0 ms | Participant=P02
2709,IBI out of range,Row 2709 | Timestamp: 1710812100242 ms | PPG(Green=1989544, Red=1989544, Ir=1989544) | ACC(X=2.31841444969177, Y=-8.67489337921143, Z=-3.95423769950867) | HR=84 bpm | IBI=0 ms | Participant=P02
2710,IBI out of range,Row 2710 | Timestamp: 1710812100282 ms | PPG(Green=1990791, Red=1990791, Ir=1990791) | ACC(X=2.36152529716492, Y=-8.60064697265625, Z=-3.96142292022705) | HR=84 bpm | IBI=0 ms | Participant=P02
2711,IBI out of range,Row 2711 | Timestamp: 1710812100322 ms | PPG(Green=1992226, Red=1992226, Ir=1992226) | ACC(X=2.32080936431885, Y=-8.70123958587646, Z=-4.03806495666504) | HR=83 bpm | IBI=0 ms | Participant=P02
2712,IBI out of range,Row 2712 | Timestamp: 1710812100363 ms | PPG(Green=1993659, Red=1993659, Ir=1993659) | ACC(X=2.33278465270996, Y=-8.61741256713867, Z=-3.94226241111755) | HR=84 bpm | IBI=0 ms | Participant=P02
2713,IBI out of range,Row 2713 | Timestamp: 1710812100403 ms | PPG(Green=1995182, Red=1995182, Ir=1995182) | ACC(X=2.33038973808289, Y=-8.70363426208496, Z=-3.97579336166382) | HR=84 bpm | IBI=0 ms | Participant=P02
2714,IBI out of range,Row 2714 | Timestamp: 1710812100443 ms | PPG(Green=1995833, Red=1995833, Ir=1995833) | ACC(X=2.37589573860169, Y=-8.67728900909424, Z=-3.98537349700928) | HR=84 bpm | IBI=0 ms | Participant=P02
2715,IBI out of range,Row 2715 | Timestamp: 1710812100483 ms | PPG(Green=1992221, Red=1992221, Ir=1992221) | ACC(X=2.27051329612732, Y=-8.6413631439209, Z=-4.08596563339233) | HR=84 bpm | IBI=0 ms | Participant=P02
2716,IBI out of range,Row 2716 | Timestamp: 1710812100523 ms | PPG(Green=1987354, Red=1987354, Ir=1987354) | ACC(X=2.34475994110107, Y=-8.67489337921143, Z=-3.89196634292603) | HR=85 bpm | IBI=0 ms | Participant=P02
2717,IBI out of range,Row 2717 | Timestamp: 1710812100564 ms | PPG(Green=1983818, Red=1983818, Ir=1983818) | ACC(X=2.32080936431885, Y=-8.69165897369385, Z=-3.97339820861816) | HR=85 bpm | IBI=0 ms | Participant=P02
2718,IBI out of range,Row 2718 | Timestamp: 1710812100603 ms | PPG(Green=1982053, Red=1982053, Ir=1982053) | ACC(X=2.30164909362793, Y=-8.61501693725586, Z=-3.95663285255432) | HR=86 bpm | IBI=0 ms | Participant=P02
2719,IBI out of range,Row 2719 | Timestamp: 1710812100643 ms | PPG(Green=1981397, Red=1981397, Ir=1981397) | ACC(X=2.26811814308167, Y=-8.66531372070313, Z=-3.99734878540039) | HR=85 bpm | IBI=0 ms | Participant=P02
2720,IBI out of range,Row 2720 | Timestamp: 1710812100683 ms | PPG(Green=1981724, Red=1981724, Ir=1981724) | ACC(X=2.28248858451843, Y=-8.67728900909424, Z=-4.03087949752808) | HR=85 bpm | IBI=0 ms | Participant=P02
2721,IBI out of range,Row 2721 | Timestamp: 1710812100723 ms | PPG(Green=1981915, Red=1981915, Ir=1981915) | ACC(X=2.34715509414673, Y=-8.67968368530273, Z=-3.99016356468201) | HR=85 bpm | IBI=0 ms | Participant=P02
2722,IBI out of range,Row 2722 | Timestamp: 1710812100764 ms | PPG(Green=1981508, Red=1981508, Ir=1981508) | ACC(X=2.3232045173645, Y=-8.70842456817627, Z=-3.97818827629089) | HR=85 bpm | IBI=0 ms | Participant=P02
2723,IBI out of range,Row 2723 | Timestamp: 1710812100804 ms | PPG(Green=1980448, Red=1980448, Ir=1980448) | ACC(X=2.25614285469055, Y=-8.64375782012939, Z=-3.99255871772766) | HR=84 bpm | IBI=0 ms | Participant=P02
2724,IBI out of range,Row 2724 | Timestamp: 1710812100844 ms | PPG(Green=1979706, Red=1979706, Ir=1979706) | ACC(X=2.28488349914551, Y=-8.658127784729, Z=-4.02848434448242) | HR=85 bpm | IBI=0 ms | Participant=P02
2725,IBI out of range,Row 2725 | Timestamp: 1710812100884 ms | PPG(Green=1979557, Red=1979557, Ir=1979557) | ACC(X=2.29206871986389, Y=-8.66770839691162, Z=-3.99974393844604) | HR=85 bpm | IBI=0 ms | Participant=P02
2726,IBI out of range,Row 2726 | Timestamp: 1710812100924 ms | PPG(Green=1980142, Red=1980142, Ir=1980142) | ACC(X=2.24177265167236, Y=-8.67010307312012, Z=-4.0021390914917) | HR=85 bpm | IBI=0 ms | Participant=P02
2727,IBI out of range,Row 2727 | Timestamp: 1710812100965 ms | PPG(Green=1980992, Red=1980992, Ir=1980992) | ACC(X=2.29446387290955, Y=-8.64615249633789, Z=-3.97339820861816) | HR=86 bpm | IBI=0 ms | Participant=P02
2728,IBI out of range,Row 2728 | Timestamp: 1710812101005 ms | PPG(Green=1982249, Red=1982249, Ir=1982249) | ACC(X=2.30164909362793, Y=-8.68926429748535, Z=-4.02129936218262) | HR=86 bpm | IBI=0 ms | Participant=P02
2729,IBI out of range,Row 2729 | Timestamp: 1710812101045 ms | PPG(Green=1983522, Red=1983522, Ir=1983522) | ACC(X=2.29685878753662, Y=-8.65573310852051, Z=-4.02608966827393) | HR=86 bpm | IBI=0 ms | Participant=P02
2730,IBI out of range,Row 2730 | Timestamp: 1710812101085 ms | PPG(Green=1984979, Red=1984979, Ir=1984979) | ACC(X=2.31601929664612, Y=-8.66531372070313, Z=-3.99974393844604) | HR=87 bpm | IBI=0 ms | Participant=P02
2731,IBI out of range,Row 2731 | Timestamp: 1710812101125 ms | PPG(Green=1986274, Red=1986274, Ir=1986274) | ACC(X=2.25374794006348, Y=-8.66052341461182, Z=-3.97818827629089) | HR=87 bpm | IBI=0 ms | Participant=P02
2732,IBI out of range,Row 2732 | Timestamp: 1710812101166 ms | PPG(Green=1987613, Red=1987613, Ir=1987613) | ACC(X=2.33278465270996, Y=-8.6509428024292, Z=-3.9590277671814) | HR=86 bpm | IBI=0 ms | Participant=P02
2733,IBI out of range,Row 2733 | Timestamp: 1710812101205 ms | PPG(Green=1988997, Red=1988997, Ir=1988997) | ACC(X=2.37589573860169, Y=-8.69405364990234, Z=-3.96381807327271) | HR=86 bpm | IBI=0 ms | Participant=P02
2734,IBI out of range,Row 2734 | Timestamp: 1710812101245 ms | PPG(Green=1990490, Red=1990490, Ir=1990490) | ACC(X=2.36152529716492, Y=-8.69644927978516, Z=-3.94465756416321) | HR=86 bpm | IBI=0 ms | Participant=P02
2735,IBI out of range,Row 2735 | Timestamp: 1710812101286 ms | PPG(Green=1989538, Red=1989538, Ir=1989538) | ACC(X=2.32080936431885, Y=-8.66291809082031, Z=-4.03327465057373) | HR=86 bpm | IBI=0 ms | Participant=P02
2736,IBI out of range,Row 2736 | Timestamp: 1710812101326 ms | PPG(Green=1985032, Red=1985032, Ir=1985032) | ACC(X=2.26811814308167, Y=-8.69165897369385, Z=-4.02129936218262) | HR=86 bpm | IBI=0 ms | Participant=P02
2737,IBI out of range,Row 2737 | Timestamp: 1710812101367 ms | PPG(Green=1980258, Red=1980258, Ir=1980258) | ACC(X=2.24895787239075, Y=-8.63657283782959, Z=-3.98058342933655) | HR=87 bpm | IBI=0 ms | Participant=P02
2738,IBI out of range,Row 2738 | Timestamp: 1710812101406 ms | PPG(Green=1977329, Red=1977329, Ir=1977329) | ACC(X=2.29685878753662, Y=-8.71321487426758, Z=-3.8943612575531) | HR=87 bpm | IBI=0 ms | Participant=P02
2739,IBI out of range,Row 2739 | Timestamp: 1710812101446 ms | PPG(Green=1975895, Red=1975895, Ir=1975895) | ACC(X=2.30643916130066, Y=-8.71560955047607, Z=-3.99734878540039) | HR=87 bpm | IBI=0 ms | Participant=P02
2740,IBI out of range,Row 2740 | Timestamp: 1710812101486 ms | PPG(Green=1975646, Red=1975646, Ir=1975646) | ACC(X=2.27290821075439, Y=-8.67968368530273, Z=-3.97818827629089) | HR=87 bpm | IBI=0 ms | Participant=P02
2741,IBI out of range,Row 2741 | Timestamp: 1710812101526 ms | PPG(Green=1975895, Red=1975895, Ir=1975895) | ACC(X=2.24895787239075, Y=-8.6509428024292, Z=-3.96142292022705) | HR=87 bpm | IBI=0 ms | Participant=P02
2742,IBI out of range,Row 2742 | Timestamp: 1710812101567 ms | PPG(Green=1975763, Red=1975763, Ir=1975763) | ACC(X=2.31841444969177, Y=-8.72519016265869, Z=-3.95663285255432) | HR=87 bpm | IBI=0 ms | Participant=P02
2743,IBI out of range,Row 2743 | Timestamp: 1710812101607 ms | PPG(Green=1974861, Red=1974861, Ir=1974861) | ACC(X=2.30164909362793, Y=-8.6413631439209, Z=-3.9326822757721) | HR=87 bpm | IBI=0 ms | Participant=P02
2744,IBI out of range,Row 2744 | Timestamp: 1710812101647 ms | PPG(Green=1973821, Red=1973821, Ir=1973821) | ACC(X=2.25853800773621, Y=-8.67728900909424, Z=-3.98297834396362) | HR=88 bpm | IBI=0 ms | Participant=P02
2745,IBI out of range,Row 2745 | Timestamp: 1710812101687 ms | PPG(Green=1973146, Red=1973146, Ir=1973146) | ACC(X=2.25614285469055, Y=-8.67968368530273, Z=-4.01650905609131) | HR=88 bpm | IBI=0 ms | Participant=P02
2746,IBI out of range,Row 2746 | Timestamp: 1710812101727 ms | PPG(Green=1973204, Red=1973204, Ir=1973204) | ACC(X=2.342365026474, Y=-8.67489337921143, Z=-4.02129936218262) | HR=88 bpm | IBI=0 ms | Participant=P02
2747,IBI out of range,Row 2747 | Timestamp: 1710812101768 ms | PPG(Green=1974014, Red=1974014, Ir=1974014) | ACC(X=2.26332807540894, Y=-8.67489337921143, Z=-3.99974393844604) | HR=89 bpm | IBI=0 ms | Participant=P02
2748,IBI out of range,Row 2748 | Timestamp: 1710812101808 ms | PPG(Green=1975078, Red=1975078, Ir=1975078) | ACC(X=2.32080936431885, Y=-8.60783195495605, Z=-3.98297834396362) | HR=89 bpm | IBI=0 ms | Participant=P02
2749,IBI out of range,Row 2749 | Timestamp: 1710812101848 ms | PPG(Green=1976192, Red=1976192, Ir=1976192) | ACC(X=2.30164909362793, Y=-8.67489337921143, Z=-4.00692892074585) | HR=89 bpm | IBI=0 ms | Participant=P02
2750,IBI out of range,Row 2750 | Timestamp: 1710812101888 ms | PPG(Green=1977374, Red=1977374, Ir=1977374) | ACC(X=2.3687105178833, Y=-8.67010307312012, Z=-3.96860814094543) | HR=89 bpm | IBI=0 ms | Participant=P02
2751,IBI out of range,Row 2751 | Timestamp: 1710812101928 ms | PPG(Green=1978817, Red=1978817, Ir=1978817) | ACC(X=2.25374794006348, Y=-8.66770839691162, Z=-3.98058342933655) | HR=89 bpm | IBI=0 ms | Participant=P02
2752,IBI out of range,Row 2752 | Timestamp: 1710812101969 ms | PPG(Green=1979982, Red=1979982, Ir=1979982) | ACC(X=2.26332807540894, Y=-8.75153541564941, Z=-4.06680536270142) | HR=89 bpm | IBI=0 ms | Participant=P02
2753,IBI out of range,Row 2753 | Timestamp: 1710812102008 ms | PPG(Green=1981341, Red=1981341, Ir=1981341) | ACC(X=2.3232045173645, Y=-8.65573310852051, Z=-3.96621298789978) | HR=89 bpm | IBI=0 ms | Participant=P02
2754,IBI out of range,Row 2754 | Timestamp: 1710812102048 ms | PPG(Green=1982676, Red=1982676, Ir=1982676) | ACC(X=2.31841444969177, Y=-8.61262226104736, Z=-3.97579336166382) | HR=88 bpm | IBI=0 ms | Participant=P02
2755,IBI out of range,Row 2755 | Timestamp: 1710812102088 ms | PPG(Green=1983846, Red=1983846, Ir=1983846) | ACC(X=2.33517980575562, Y=-8.66770839691162, Z=-3.92070698738098) | HR=89 bpm | IBI=0 ms | Participant=P02
2756,IBI out of range,Row 2756 | Timestamp: 1710812102128 ms | PPG(Green=1981259, Red=1981259, Ir=1981259) | ACC(X=2.33757495880127, Y=-8.64615249633789, Z=-3.98776865005493) | HR=89 bpm | IBI=0 ms | Participant=P02
2757,IBI out of range,Row 2757 | Timestamp: 1710812102169 ms | PPG(Green=1976302, Red=1976302, Ir=1976302) | ACC(X=2.32080936431885, Y=-8.6413631439209, Z=-3.99734878540039) | HR=89 bpm | IBI=0 ms | Participant=P02
2758,IBI out of range,Row 2758 | Timestamp: 1710812102209 ms | PPG(Green=1972060, Red=1972060, Ir=1972060) | ACC(X=2.28009343147278, Y=-8.67010307312012, Z=-3.98297834396362) | HR=90 bpm | IBI=0 ms | Participant=P02
2759,IBI out of range,Row 2759 | Timestamp: 1710812102249 ms | PPG(Green=1969706, Red=1969706, Ir=1969706) | ACC(X=2.342365026474, Y=-8.68447399139404, Z=-3.92549705505371) | HR=90 bpm | IBI=0 ms | Participant=P02
2760,IBI out of range,Row 2760 | Timestamp: 1710812102289 ms | PPG(Green=1968693, Red=1968693, Ir=1968693) | ACC(X=2.28727865219116, Y=-8.65573310852051, Z=-4.01171922683716) | HR=90 bpm | IBI=0 ms | Participant=P02
2761,IBI out of range,Row 2761 | Timestamp: 1710812102329 ms | PPG(Green=1968849, Red=1968849, Ir=1968849) | ACC(X=2.37829089164734, Y=-8.61980724334717, Z=-4.00692892074585) | HR=90 bpm | IBI=0 ms | Participant=P02
2762,IBI out of range,Row 2762 | Timestamp: 1710812102369 ms | PPG(Green=1969026, Red=1969026, Ir=1969026) | ACC(X=2.36152529716492, Y=-8.66052341461182, Z=-4.0045337677002) | HR=89 bpm | IBI=0 ms | Participant=P02
2763,IBI out of range,Row 2763 | Timestamp: 1710812102409 ms | PPG(Green=1968456, Red=1968456, Ir=1968456) | ACC(X=2.31122922897339, Y=-8.66291809082031, Z=-4.01171922683716) | HR=89 bpm | IBI=0 ms | Participant=P02
2764,IBI out of range,Row 2764 | Timestamp: 1710812102449 ms | PPG(Green=1967474, Red=1967474, Ir=1967474) | ACC(X=2.28248858451843, Y=-8.68447399139404, Z=-3.97579336166382) | HR=89 bpm | IBI=0 ms | Participant=P02
2765,IBI out of range,Row 2765 | Timestamp: 1710812102489 ms | PPG(Green=1966568, Red=1966568, Ir=1966568) | ACC(X=2.33278465270996, Y=-8.66531372070313, Z=-3.97579336166382) | HR=89 bpm | IBI=0 ms | Participant=P02
2766,IBI out of range,Row 2766 | Timestamp: 1710812102529 ms | PPG(Green=1966206, Red=1966206, Ir=1966206) | ACC(X=2.342365026474, Y=-8.67249870300293, Z=-3.97818827629089) | HR=90 bpm | IBI=0 ms | Participant=P02
2767,IBI out of range,Row 2767 | Timestamp: 1710812102570 ms | PPG(Green=1966574, Red=1966574, Ir=1966574) | ACC(X=2.304044008255, Y=-8.61022663116455, Z=-3.98537349700928) | HR=90 bpm | IBI=0 ms | Participant=P02
2768,IBI out of range,Row 2768 | Timestamp: 1710812102609 ms | PPG(Green=1967367, Red=1967367, Ir=1967367) | ACC(X=2.27051329612732, Y=-8.68926429748535, Z=-3.94226241111755) | HR=91 bpm | IBI=0 ms | Participant=P02
2769,IBI out of range,Row 2769 | Timestamp: 1710812102649 ms | PPG(Green=1968525, Red=1968525, Ir=1968525) | ACC(X=2.35913038253784, Y=-8.6485481262207, Z=-3.98537349700928) | HR=91 bpm | IBI=0 ms | Participant=P02
2770,IBI out of range,Row 2770 | Timestamp: 1710812102690 ms | PPG(Green=1969716, Red=1969716, Ir=1969716) | ACC(X=2.33517980575562, Y=-8.67249870300293, Z=-4.06680536270142) | HR=91 bpm | IBI=0 ms | Participant=P02
2771,IBI out of range,Row 2771 | Timestamp: 1710812102729 ms | PPG(Green=1970819, Red=1970819, Ir=1970819) | ACC(X=2.34475994110107, Y=-8.68926429748535, Z=-3.94226241111755) | HR=91 bpm | IBI=0 ms | Participant=P02
2772,IBI out of range,Row 2772 | Timestamp: 1710812102770 ms | PPG(Green=1972038, Red=1972038, Ir=1972038) | ACC(X=2.33038973808289, Y=-8.7371654510498, Z=-4.03087949752808) | HR=90 bpm | IBI=0 ms | Participant=P02
2773,IBI out of range,Row 2773 | Timestamp: 1710812102810 ms | PPG(Green=1973302, Red=1973302, Ir=1973302) | ACC(X=2.29446387290955, Y=-8.63178253173828, Z=-3.96621298789978) | HR=90 bpm | IBI=0 ms | Participant=P02
2774,IBI out of range,Row 2774 | Timestamp: 1710812102850 ms | PPG(Green=1974485, Red=1974485, Ir=1974485) | ACC(X=2.33038973808289, Y=-8.6485481262207, Z=-4.01650905609131) | HR=90 bpm | IBI=0 ms | Participant=P02
2775,IBI out of range,Row 2775 | Timestamp: 1710812102890 ms | PPG(Green=1976115, Red=1976115, Ir=1976115) | ACC(X=2.36152529716492, Y=-8.63657283782959, Z=-3.99734878540039) | HR=89 bpm | IBI=0 ms | Participant=P02
2776,IBI out of range,Row 2776 | Timestamp: 1710812102930 ms | PPG(Green=1975378, Red=1975378, Ir=1975378) | ACC(X=2.42140173912048, Y=-8.67249870300293, Z=-4.01411437988281) | HR=88 bpm | IBI=0 ms | Participant=P02
2777,IBI out of range,Row 2777 | Timestamp: 1710812102971 ms | PPG(Green=1971186, Red=1971186, Ir=1971186) | ACC(X=2.38308095932007, Y=-8.66291809082031, Z=-3.89675641059875) | HR=88 bpm | IBI=0 ms | Participant=P02
2778,IBI out of range,Row 2778 | Timestamp: 1710812103010 ms | PPG(Green=1966749, Red=1966749, Ir=1966749) | ACC(X=2.30883407592773, Y=-8.6509428024292, Z=-3.93507742881775) | HR=87 bpm | IBI=0 ms | Participant=P02
2779,IBI out of range,Row 2779 | Timestamp: 1710812103050 ms | PPG(Green=1964028, Red=1964028, Ir=1964028) | ACC(X=2.31362438201904, Y=-8.66052341461182, Z=-3.98537349700928) | HR=87 bpm | IBI=0 ms | Participant=P02
2780,IBI out of range,Row 2780 | Timestamp: 1710812103090 ms | PPG(Green=1962775, Red=1962775, Ir=1962775) | ACC(X=2.30883407592773, Y=-8.658127784729, Z=-4.01411437988281) | HR=87 bpm | IBI=0 ms | Participant=P02
2781,IBI out of range,Row 2781 | Timestamp: 1710812103130 ms | PPG(Green=1962626, Red=1962626, Ir=1962626) | ACC(X=2.39984631538391, Y=-8.6485481262207, Z=-4.04285478591919) | HR=87 bpm | IBI=0 ms | Participant=P02
2782,IBI out of range,Row 2782 | Timestamp: 1710812103171 ms | PPG(Green=1963259, Red=1963259, Ir=1963259) | ACC(X=2.35194516181946, Y=-8.65333843231201, Z=-3.90394163131714) | HR=87 bpm | IBI=0 ms | Participant=P02
2783,IBI out of range,Row 2783 | Timestamp: 1710812103210 ms | PPG(Green=1963150, Red=1963150, Ir=1963150) | ACC(X=2.41900682449341, Y=-8.66531372070313, Z=-3.94705247879028) | HR=87 bpm | IBI=0 ms | Participant=P02
2784,IBI out of range,Row 2784 | Timestamp: 1710812103251 ms | PPG(Green=1962262, Red=1962262, Ir=1962262) | ACC(X=2.37110567092896, Y=-8.62220191955566, Z=-4.01411437988281) | HR=87 bpm | IBI=0 ms | Participant=P02
2785,IBI out of range,Row 2785 | Timestamp: 1710812103291 ms | PPG(Green=1961310, Red=1961310, Ir=1961310) | ACC(X=2.34475994110107, Y=-8.61262226104736, Z=-3.91831183433533) | HR=88 bpm | IBI=0 ms | Participant=P02
2786,IBI out of range,Row 2786 | Timestamp: 1710812103331 ms | PPG(Green=1960906, Red=1960906, Ir=1960906) | ACC(X=2.32080936431885, Y=-8.6509428024292, Z=-3.94465756416321) | HR=89 bpm | IBI=0 ms | Participant=P02
2787,IBI out of range,Row 2787 | Timestamp: 1710812103371 ms | PPG(Green=1960932, Red=1960932, Ir=1960932) | ACC(X=2.40942645072937, Y=-8.67728900909424, Z=-3.97339820861816) | HR=90 bpm | IBI=0 ms | Participant=P02
2788,IBI out of range,Row 2788 | Timestamp: 1710812103411 ms | PPG(Green=1961689, Red=1961689, Ir=1961689) | ACC(X=2.36631560325623, Y=-8.658127784729, Z=-3.99255871772766) | HR=92 bpm | IBI=0 ms | Participant=P02
2789,IBI out of range,Row 2789 | Timestamp: 1710812103451 ms | PPG(Green=1962737, Red=1962737, Ir=1962737) | ACC(X=2.31122922897339, Y=-8.63178253173828, Z=-4.01411437988281) | HR=92 bpm | IBI=0 ms | Participant=P02
2790,IBI out of range,Row 2790 | Timestamp: 1710812103491 ms | PPG(Green=1964082, Red=1964082, Ir=1964082) | ACC(X=2.38068580627441, Y=-8.63178253173828, Z=-4.03087949752808) | HR=92 bpm | IBI=0 ms | Participant=P02
2791,IBI out of range,Row 2791 | Timestamp: 1710812103531 ms | PPG(Green=1965209, Red=1965209, Ir=1965209) | ACC(X=2.36152529716492, Y=-8.64375782012939, Z=-4.0093240737915) | HR=92 bpm | IBI=0 ms | Participant=P02
2792,IBI out of range,Row 2792 | Timestamp: 1710812103572 ms | PPG(Green=1966448, Red=1966448, Ir=1966448) | ACC(X=2.32080936431885, Y=-8.67968368530273, Z=-4.06441020965576) | HR=91 bpm | IBI=0 ms | Participant=P02
2793,IBI out of range,Row 2793 | Timestamp: 1710812103611 ms | PPG(Green=1967827, Red=1967827, Ir=1967827) | ACC(X=2.46451282501221, Y=-8.69405364990234, Z=-4.0021390914917) | HR=90 bpm | IBI=0 ms | Participant=P02
2794,IBI out of range,Row 2794 | Timestamp: 1710812103651 ms | PPG(Green=1969216, Red=1969216, Ir=1969216) | ACC(X=2.35434031486511, Y=-8.59585666656494, Z=-3.93747234344482) | HR=90 bpm | IBI=0 ms | Participant=P02
2795,IBI out of range,Row 2795 | Timestamp: 1710812103691 ms | PPG(Green=1970529, Red=1970529, Ir=1970529) | ACC(X=2.34475994110107, Y=-8.62938785552979, Z=-3.96142292022705) | HR=90 bpm | IBI=0 ms | Participant=P02
2796,IBI out of range,Row 2796 | Timestamp: 1710812103731 ms | PPG(Green=1968849, Red=1968849, Ir=1968849) | ACC(X=2.44774746894836, Y=-8.62220191955566, Z=-4.02608966827393) | HR=90 bpm | IBI=0 ms | Participant=P02
2797,IBI out of range,Row 2797 | Timestamp: 1710812103772 ms | PPG(Green=1964277, Red=1964277, Ir=1964277) | ACC(X=2.32799458503723, Y=-8.63657283782959, Z=-3.93028712272644) | HR=89 bpm | IBI=0 ms | Participant=P02
2798,IBI out of range,Row 2798 | Timestamp: 1710812103812 ms | PPG(Green=1960095, Red=1960095, Ir=1960095) | ACC(X=2.37110567092896, Y=-8.62938785552979, Z=-3.99734878540039) | HR=89 bpm | IBI=0 ms | Participant=P02
2799,IBI out of range,Row 2799 | Timestamp: 1710812103852 ms | PPG(Green=1957711, Red=1957711, Ir=1957711) | ACC(X=2.41900682449341, Y=-8.54795551300049, Z=-4.02848434448242) | HR=88 bpm | IBI=0 ms | Participant=P02
2800,IBI out of range,Row 2800 | Timestamp: 1710812103892 ms | PPG(Green=1956807, Red=1956807, Ir=1956807) | ACC(X=2.37829089164734, Y=-8.63178253173828, Z=-4.01171922683716) | HR=88 bpm | IBI=0 ms | Participant=P02
2801,IBI out of range,Row 2801 | Timestamp: 1710812103932 ms | PPG(Green=1956889, Red=1956889, Ir=1956889) | ACC(X=2.33757495880127, Y=-8.62699222564697, Z=-3.96621298789978) | HR=86 bpm | IBI=0 ms | Participant=P02
2802,IBI out of range,Row 2802 | Timestamp: 1710812103973 ms | PPG(Green=1957448, Red=1957448, Ir=1957448) | ACC(X=2.42379689216614, Y=-8.63417720794678, Z=-3.95184278488159) | HR=85 bpm | IBI=0 ms | Participant=P02
2803,IBI out of range,Row 2803 | Timestamp: 1710812104012 ms | PPG(Green=1957525, Red=1957525, Ir=1957525) | ACC(X=2.31601929664612, Y=-8.59585666656494, Z=-3.96860814094543) | HR=84 bpm | IBI=0 ms | Participant=P02
2804,IBI out of range,Row 2804 | Timestamp: 1710812104052 ms | PPG(Green=1956652, Red=1956652, Ir=1956652) | ACC(X=2.40463638305664, Y=-8.64375782012939, Z=-3.98776865005493) | HR=82 bpm | IBI=0 ms | Participant=P02
2805,IBI out of range,Row 2805 | Timestamp: 1710812104092 ms | PPG(Green=1955917, Red=1955917, Ir=1955917) | ACC(X=2.41661167144775, Y=-8.68207836151123, Z=-3.93507742881775) | HR=80 bpm | IBI=0 ms | Participant=P02
2806,IBI out of range,Row 2806 | Timestamp: 1710812104132 ms | PPG(Green=1955718, Red=1955718, Ir=1955718) | ACC(X=2.39984631538391, Y=-8.65573310852051, Z=-3.95663285255432) | HR=80 bpm | IBI=0 ms | Participant=P02
2807,IBI out of range,Row 2807 | Timestamp: 1710812104173 ms | PPG(Green=1956185, Red=1956185, Ir=1956185) | ACC(X=2.2776985168457, Y=-8.67968368530273, Z=-4.03327465057373) | HR=80 bpm | IBI=0 ms | Participant=P02
2808,IBI out of range,Row 2808 | Timestamp: 1710812104213 ms | PPG(Green=1957239, Red=1957239, Ir=1957239) | ACC(X=2.35673522949219, Y=-8.68207836151123, Z=-3.99016356468201) | HR=80 bpm | IBI=0 ms | Participant=P02
2809,IBI out of range,Row 2809 | Timestamp: 1710812104253 ms | PPG(Green=1958654, Red=1958654, Ir=1958654) | ACC(X=2.30883407592773, Y=-8.67728900909424, Z=-3.97579336166382) | HR=80 bpm | IBI=0 ms | Participant=P02
2810,IBI out of range,Row 2810 | Timestamp: 1710812104293 ms | PPG(Green=1960187, Red=1960187, Ir=1960187) | ACC(X=2.29446387290955, Y=-8.61980724334717, Z=-3.98537349700928) | HR=79 bpm | IBI=0 ms | Participant=P02
2811,IBI out of range,Row 2811 | Timestamp: 1710812104333 ms | PPG(Green=1961725, Red=1961725, Ir=1961725) | ACC(X=2.32080936431885, Y=-8.658127784729, Z=-4.07878065109253) | HR=78 bpm | IBI=0 ms | Participant=P02
2812,IBI out of range,Row 2812 | Timestamp: 1710812104374 ms | PPG(Green=1963211, Red=1963211, Ir=1963211) | ACC(X=2.29925394058228, Y=-8.66052341461182, Z=-3.94944763183594) | HR=78 bpm | IBI=0 ms | Participant=P02
2813,IBI out of range,Row 2813 | Timestamp: 1710812104413 ms | PPG(Green=1964735, Red=1964735, Ir=1964735) | ACC(X=2.37110567092896, Y=-8.67489337921143, Z=-3.99495363235474) | HR=77 bpm | IBI=0 ms | Participant=P02
2814,IBI out of range,Row 2814 | Timestamp: 1710812104453 ms | PPG(Green=1966463, Red=1966463, Ir=1966463) | ACC(X=2.36631560325623, Y=-8.67010307312012, Z=-3.99495363235474) | HR=77 bpm | IBI=0 ms | Participant=P02
2815,IBI out of range,Row 2815 | Timestamp: 1710812104493 ms | PPG(Green=1965413, Red=1965413, Ir=1965413) | ACC(X=2.3878710269928, Y=-8.68207836151123, Z=-3.94465756416321) | HR=76 bpm | IBI=0 ms | Participant=P02
2816,IBI out of range,Row 2816 | Timestamp: 1710812104533 ms | PPG(Green=1960748, Red=1960748, Ir=1960748) | ACC(X=2.35194516181946, Y=-8.60783195495605, Z=-3.96381807327271) | HR=77 bpm | IBI=0 ms | Participant=P02
2817,IBI out of range,Row 2817 | Timestamp: 1710812104574 ms | PPG(Green=1956115, Red=1956115, Ir=1956115) | ACC(X=2.33757495880127, Y=-8.63417720794678, Z=-3.97100305557251) | HR=77 bpm | IBI=0 ms | Participant=P02
2818,IBI out of range,Row 2818 | Timestamp: 1710812104614 ms | PPG(Green=1953332, Red=1953332, Ir=1953332) | ACC(X=2.31122922897339, Y=-8.70363426208496, Z=-3.97100305557251) | HR=77 bpm | IBI=0 ms | Participant=P02
2819,IBI out of range,Row 2819 | Timestamp: 1710812104654 ms | PPG(Green=1952095, Red=1952095, Ir=1952095) | ACC(X=2.29446387290955, Y=-8.68926429748535, Z=-3.97579336166382) | HR=77 bpm | IBI=0 ms | Participant=P02
2820,IBI out of range,Row 2820 | Timestamp: 1710812104694 ms | PPG(Green=1951727, Red=1951727, Ir=1951727) | ACC(X=2.3495500087738, Y=-8.68207836151123, Z=-4.00692892074585) | HR=77 bpm | IBI=0 ms | Participant=P02
2821,IBI out of range,Row 2821 | Timestamp: 1710812104734 ms | PPG(Green=1952098, Red=1952098, Ir=1952098) | ACC(X=2.31601929664612, Y=-8.67968368530273, Z=-3.98058342933655) | HR=77 bpm | IBI=0 ms | Participant=P02
2822,IBI out of range,Row 2822 | Timestamp: 1710812104775 ms | PPG(Green=1952317, Red=1952317, Ir=1952317) | ACC(X=2.33996987342834, Y=-8.63178253173828, Z=-4.0045337677002) | HR=77 bpm | IBI=0 ms | Participant=P02
2823,IBI out of range,Row 2823 | Timestamp: 1710812104814 ms | PPG(Green=1951725, Red=1951725, Ir=1951725) | ACC(X=2.25853800773621, Y=-8.6413631439209, Z=-3.97579336166382) | HR=77 bpm | IBI=0 ms | Participant=P02
2824,IBI out of range,Row 2824 | Timestamp: 1710812104854 ms | PPG(Green=1950868, Red=1950868, Ir=1950868) | ACC(X=2.3687105178833, Y=-8.70842456817627, Z=-3.97818827629089) | HR=76 bpm | IBI=0 ms | Participant=P02
2825,IBI out of range,Row 2825 | Timestamp: 1710812104894 ms | PPG(Green=1950751, Red=1950751, Ir=1950751) | ACC(X=2.35913038253784, Y=-8.6485481262207, Z=-3.95184278488159) | HR=77 bpm | IBI=0 ms | Participant=P02
2826,IBI out of range,Row 2826 | Timestamp: 1710812104934 ms | PPG(Green=1951314, Red=1951314, Ir=1951314) | ACC(X=2.33278465270996, Y=-8.6509428024292, Z=-3.97579336166382) | HR=78 bpm | IBI=0 ms | Participant=P02
2827,IBI out of range,Row 2827 | Timestamp: 1710812104975 ms | PPG(Green=1952374, Red=1952374, Ir=1952374) | ACC(X=2.31841444969177, Y=-8.62938785552979, Z=-3.98297834396362) | HR=78 bpm | IBI=0 ms | Participant=P02
2828,IBI out of range,Row 2828 | Timestamp: 1710812105014 ms | PPG(Green=1953693, Red=1953693, Ir=1953693) | ACC(X=2.37589573860169, Y=-8.68447399139404, Z=-3.97818827629089) | HR=78 bpm | IBI=0 ms | Participant=P02
2829,IBI out of range,Row 2829 | Timestamp: 1710812105055 ms | PPG(Green=1955254, Red=1955254, Ir=1955254) | ACC(X=2.28488349914551, Y=-8.66531372070313, Z=-4.01650905609131) | HR=78 bpm | IBI=0 ms | Participant=P02
2830,IBI out of range,Row 2830 | Timestamp: 1710812105095 ms | PPG(Green=1957045, Red=1957045, Ir=1957045) | ACC(X=2.29206871986389, Y=-8.6509428024292, Z=-3.97339820861816) | HR=78 bpm | IBI=0 ms | Participant=P02
2831,IBI out of range,Row 2831 | Timestamp: 1710812105135 ms | PPG(Green=1958747, Red=1958747, Ir=1958747) | ACC(X=2.33278465270996, Y=-8.64375782012939, Z=-3.99016356468201) | HR=77 bpm | IBI=0 ms | Participant=P02
2832,IBI out of range,Row 2832 | Timestamp: 1710812105176 ms | PPG(Green=1960360, Red=1960360, Ir=1960360) | ACC(X=2.39505624771118, Y=-8.63657283782959, Z=-4.02369451522827) | HR=78 bpm | IBI=0 ms | Participant=P02
2833,IBI out of range,Row 2833 | Timestamp: 1710812105215 ms | PPG(Green=1962206, Red=1962206, Ir=1962206) | ACC(X=2.34715509414673, Y=-8.62220191955566, Z=-3.97818827629089) | HR=78 bpm | IBI=0 ms | Participant=P02
2834,IBI out of range,Row 2834 | Timestamp: 1710812105255 ms | PPG(Green=1963036, Red=1963036, Ir=1963036) | ACC(X=2.28967380523682, Y=-8.65573310852051, Z=-4.0093240737915) | HR=79 bpm | IBI=0 ms | Participant=P02
2835,IBI out of range,Row 2835 | Timestamp: 1710812105295 ms | PPG(Green=1959369, Red=1959369, Ir=1959369) | ACC(X=2.38308095932007, Y=-8.6413631439209, Z=-3.99255871772766) | HR=79 bpm | IBI=0 ms | Participant=P02
2836,IBI out of range,Row 2836 | Timestamp: 1710812105335 ms | PPG(Green=1954018, Red=1954018, Ir=1954018) | ACC(X=2.25853800773621, Y=-8.70602893829346, Z=-3.96621298789978) | HR=79 bpm | IBI=0 ms | Participant=P02
2837,IBI out of range,Row 2837 | Timestamp: 1710812105376 ms | PPG(Green=1949775, Red=1949775, Ir=1949775) | ACC(X=2.32559967041016, Y=-8.63657283782959, Z=-4.03806495666504) | HR=78 bpm | IBI=0 ms | Participant=P02
2838,IBI out of range,Row 2838 | Timestamp: 1710812105415 ms | PPG(Green=1947671, Red=1947671, Ir=1947671) | ACC(X=2.42858695983887, Y=-8.70602893829346, Z=-3.95663285255432) | HR=78 bpm | IBI=0 ms | Participant=P02
2839,IBI out of range,Row 2839 | Timestamp: 1710812105456 ms | PPG(Green=1946498, Red=1946498, Ir=1946498) | ACC(X=2.33278465270996, Y=-8.6485481262207, Z=-3.98058342933655) | HR=78 bpm | IBI=0 ms | Participant=P02
2840,IBI out of range,Row 2840 | Timestamp: 1710812105496 ms | PPG(Green=1946273, Red=1946273, Ir=1946273) | ACC(X=2.35434031486511, Y=-8.61980724334717, Z=-4.0093240737915) | HR=79 bpm | IBI=0 ms | Participant=P02
2841,IBI out of range,Row 2841 | Timestamp: 1710812105536 ms | PPG(Green=1946270, Red=1946270, Ir=1946270) | ACC(X=2.342365026474, Y=-8.69644927978516, Z=-4.01171922683716) | HR=79 bpm | IBI=0 ms | Participant=P02
2842,IBI out of range,Row 2842 | Timestamp: 1710812105577 ms | PPG(Green=1945849, Red=1945849, Ir=1945849) | ACC(X=2.38547587394714, Y=-8.72519016265869, Z=-3.96381807327271) | HR=79 bpm | IBI=0 ms | Participant=P02
2843,IBI out of range,Row 2843 | Timestamp: 1710812105616 ms | PPG(Green=1944988, Red=1944988, Ir=1944988) | ACC(X=2.31122922897339, Y=-8.67249870300293, Z=-4.07399034500122) | HR=79 bpm | IBI=0 ms | Participant=P02
2844,IBI out of range,Row 2844 | Timestamp: 1710812105656 ms | PPG(Green=1944393, Red=1944393, Ir=1944393) | ACC(X=2.37829089164734, Y=-8.68207836151123, Z=-3.92789220809936) | HR=79 bpm | IBI=0 ms | Participant=P02
2845,IBI out of range,Row 2845 | Timestamp: 1710812105696 ms | PPG(Green=1944447, Red=1944447, Ir=1944447) | ACC(X=2.3232045173645, Y=-8.60064697265625, Z=-3.9590277671814) | HR=79 bpm | IBI=0 ms | Participant=P02
2846,IBI out of range,Row 2846 | Timestamp: 1710812105736 ms | PPG(Green=1945208, Red=1945208, Ir=1945208) | ACC(X=2.28967380523682, Y=-8.66770839691162, Z=-3.95184278488159) | HR=79 bpm | IBI=0 ms | Participant=P02
2847,IBI out of range,Row 2847 | Timestamp: 1710812105777 ms | PPG(Green=1946414, Red=1946414, Ir=1946414) | ACC(X=2.342365026474, Y=-8.66291809082031, Z=-4.03087949752808) | HR=78 bpm | IBI=0 ms | Participant=P02
2848,IBI out of range,Row 2848 | Timestamp: 1710812105817 ms | PPG(Green=1948040, Red=1948040, Ir=1948040) | ACC(X=2.36392045021057, Y=-8.6413631439209, Z=-3.96142292022705) | HR=78 bpm | IBI=0 ms | Participant=P02
2849,IBI out of range,Row 2849 | Timestamp: 1710812105857 ms | PPG(Green=1949734, Red=1949734, Ir=1949734) | ACC(X=2.28488349914551, Y=-8.61980724334717, Z=-4.01890420913696) | HR=79 bpm | IBI=0 ms | Participant=P02
2850,IBI out of range,Row 2850 | Timestamp: 1710812105897 ms | PPG(Green=1951465, Red=1951465, Ir=1951465) | ACC(X=2.35434031486511, Y=-8.67728900909424, Z=-3.97100305557251) | HR=79 bpm | IBI=0 ms | Participant=P02
2851,IBI out of range,Row 2851 | Timestamp: 1710812105937 ms | PPG(Green=1953246, Red=1953246, Ir=1953246) | ACC(X=2.31841444969177, Y=-8.68447399139404, Z=-4.03566980361938) | HR=79 bpm | IBI=0 ms | Participant=P02
2852,IBI out of range,Row 2852 | Timestamp: 1710812105978 ms | PPG(Green=1955021, Red=1955021, Ir=1955021) | ACC(X=2.37350058555603, Y=-8.66770839691162, Z=-4.03327465057373) | HR=79 bpm | IBI=0 ms | Participant=P02
2853,IBI out of range,Row 2853 | Timestamp: 1710812106017 ms | PPG(Green=1956867, Red=1956867, Ir=1956867) | ACC(X=2.35194516181946, Y=-8.63417720794678, Z=-3.99734878540039) | HR=79 bpm | IBI=0 ms | Participant=P02
2854,IBI out of range,Row 2854 | Timestamp: 1710812106057 ms | PPG(Green=1958959, Red=1958959, Ir=1958959) | ACC(X=2.32080936431885, Y=-8.68686866760254, Z=-3.97100305557251) | HR=79 bpm | IBI=0 ms | Participant=P02
2855,IBI out of range,Row 2855 | Timestamp: 1710812106097 ms | PPG(Green=1957708, Red=1957708, Ir=1957708) | ACC(X=2.31841444969177, Y=-8.67968368530273, Z=-4.02848434448242) | HR=79 bpm | IBI=0 ms | Participant=P02
2856,IBI out of range,Row 2856 | Timestamp: 1710812106137 ms | PPG(Green=1953001, Red=1953001, Ir=1953001) | ACC(X=2.24416756629944, Y=-8.63657283782959, Z=-3.97579336166382) | HR=79 bpm | IBI=0 ms | Participant=P02
2857,IBI out of range,Row 2857 | Timestamp: 1710812106178 ms | PPG(Green=1948418, Red=1948418, Ir=1948418) | ACC(X=2.29446387290955, Y=-8.65573310852051, Z=-3.99255871772766) | HR=78 bpm | IBI=0 ms | Participant=P02
2858,IBI out of range,Row 2858 | Timestamp: 1710812106218 ms | PPG(Green=1945795, Red=1945795, Ir=1945795) | ACC(X=2.24895787239075, Y=-8.68686866760254, Z=-3.9590277671814) | HR=78 bpm | IBI=0 ms | Participant=P02
2859,IBI out of range,Row 2859 | Timestamp: 1710812106258 ms | PPG(Green=1944691, Red=1944691, Ir=1944691) | ACC(X=2.33038973808289, Y=-8.62220191955566, Z=-3.98776865005493) | HR=77 bpm | IBI=0 ms | Participant=P02
2860,IBI out of range,Row 2860 | Timestamp: 1710812106298 ms | PPG(Green=1944381, Red=1944381, Ir=1944381) | ACC(X=2.32799458503723, Y=-8.61741256713867, Z=-3.99255871772766) | HR=77 bpm | IBI=0 ms | Participant=P02
2861,IBI out of range,Row 2861 | Timestamp: 1710812106338 ms | PPG(Green=1944755, Red=1944755, Ir=1944755) | ACC(X=2.29925394058228, Y=-8.6509428024292, Z=-3.97579336166382) | HR=77 bpm | IBI=0 ms | Participant=P02
2862,IBI out of range,Row 2862 | Timestamp: 1710812106379 ms | PPG(Green=1944844, Red=1944844, Ir=1944844) | ACC(X=2.35913038253784, Y=-8.60304164886475, Z=-3.9590277671814) | HR=77 bpm | IBI=0 ms | Participant=P02
2863,IBI out of range,Row 2863 | Timestamp: 1710812106418 ms | PPG(Green=1944531, Red=1944531, Ir=1944531) | ACC(X=2.29685878753662, Y=-8.64375782012939, Z=-4.0045337677002) | HR=77 bpm | IBI=0 ms | Participant=P02
2864,IBI out of range,Row 2864 | Timestamp: 1710812106458 ms | PPG(Green=1944009, Red=1944009, Ir=1944009) | ACC(X=2.33517980575562, Y=-8.70602893829346, Z=-4.02848434448242) | HR=77 bpm | IBI=0 ms | Participant=P02
2865,IBI out of range,Row 2865 | Timestamp: 1710812106498 ms | PPG(Green=1944020, Red=1944020, Ir=1944020) | ACC(X=2.32559967041016, Y=-8.62699222564697, Z=-3.96621298789978) | HR=78 bpm | IBI=0 ms | Participant=P02
2866,IBI out of range,Row 2866 | Timestamp: 1710812106539 ms | PPG(Green=1944770, Red=1944770, Ir=1944770) | ACC(X=2.33996987342834, Y=-8.68447399139404, Z=-3.99255871772766) | HR=79 bpm | IBI=0 ms | Participant=P02
2867,IBI out of range,Row 2867 | Timestamp: 1710812106579 ms | PPG(Green=1946006, Red=1946006, Ir=1946006) | ACC(X=2.28967380523682, Y=-8.64375782012939, Z=-3.96381807327271) | HR=79 bpm | IBI=0 ms | Participant=P02
2868,IBI out of range,Row 2868 | Timestamp: 1710812106619 ms | PPG(Green=1947662, Red=1947662, Ir=1947662) | ACC(X=2.26332807540894, Y=-8.6413631439209, Z=-3.97818827629089) | HR=79 bpm | IBI=0 ms | Participant=P02
2869,IBI out of range,Row 2869 | Timestamp: 1710812106659 ms | PPG(Green=1949506, Red=1949506, Ir=1949506) | ACC(X=2.36631560325623, Y=-8.6413631439209, Z=-3.9326822757721) | HR=78 bpm | IBI=0 ms | Participant=P02
2870,IBI out of range,Row 2870 | Timestamp: 1710812106699 ms | PPG(Green=1951275, Red=1951275, Ir=1951275) | ACC(X=2.304044008255, Y=-8.67249870300293, Z=-4.0548300743103) | HR=78 bpm | IBI=0 ms | Participant=P02
2871,IBI out of range,Row 2871 | Timestamp: 1710812106739 ms | PPG(Green=1953122, Red=1953122, Ir=1953122) | ACC(X=2.23458743095398, Y=-8.62459754943848, Z=-4.0045337677002) | HR=77 bpm | IBI=0 ms | Participant=P02
2872,IBI out of range,Row 2872 | Timestamp: 1710812106780 ms | PPG(Green=1955085, Red=1955085, Ir=1955085) | ACC(X=2.35913038253784, Y=-8.76590538024902, Z=-4.02848434448242) | HR=77 bpm | IBI=0 ms | Participant=P02
2873,IBI out of range,Row 2873 | Timestamp: 1710812106819 ms | PPG(Green=1957080, Red=1957080, Ir=1957080) | ACC(X=2.32559967041016, Y=-8.61501693725586, Z=-3.99255871772766) | HR=76 bpm | IBI=0 ms | Participant=P02
2874,IBI out of range,Row 2874 | Timestamp: 1710812106859 ms | PPG(Green=1959153, Red=1959153, Ir=1959153) | ACC(X=2.30643916130066, Y=-8.61980724334717, Z=-3.96860814094543) | HR=77 bpm | IBI=0 ms | Participant=P02
2875,IBI out of range,Row 2875 | Timestamp: 1710812106900 ms | PPG(Green=1961299, Red=1961299, Ir=1961299) | ACC(X=2.35434031486511, Y=-8.658127784729, Z=-3.95423769950867) | HR=76 bpm | IBI=0 ms | Participant=P02
2876,IBI out of range,Row 2876 | Timestamp: 1710812106940 ms | PPG(Green=1961197, Red=1961197, Ir=1961197) | ACC(X=2.35194516181946, Y=-8.67968368530273, Z=-4.01890420913696) | HR=76 bpm | IBI=0 ms | Participant=P02
2877,IBI out of range,Row 2877 | Timestamp: 1710812106980 ms | PPG(Green=1957236, Red=1957236, Ir=1957236) | ACC(X=2.32080936431885, Y=-8.6509428024292, Z=-4.03087949752808) | HR=76 bpm | IBI=0 ms | Participant=P02
2878,IBI out of range,Row 2878 | Timestamp: 1710812107020 ms | PPG(Green=1953040, Red=1953040, Ir=1953040) | ACC(X=2.37829089164734, Y=-8.64615249633789, Z=-4.01171922683716) | HR=77 bpm | IBI=0 ms | Participant=P02
2879,IBI out of range,Row 2879 | Timestamp: 1710812107060 ms | PPG(Green=1950664, Red=1950664, Ir=1950664) | ACC(X=2.28009343147278, Y=-8.6509428024292, Z=-3.93028712272644) | HR=77 bpm | IBI=0 ms | Participant=P02
2880,IBI out of range,Row 2880 | Timestamp: 1710812107100 ms | PPG(Green=1949772, Red=1949772, Ir=1949772) | ACC(X=2.33038973808289, Y=-8.61501693725586, Z=-3.96621298789978) | HR=77 bpm | IBI=0 ms | Participant=P02
2881,IBI out of range,Row 2881 | Timestamp: 1710812107140 ms | PPG(Green=1949949, Red=1949949, Ir=1949949) | ACC(X=2.35434031486511, Y=-8.69884395599365, Z=-3.97100305557251) | HR=77 bpm | IBI=0 ms | Participant=P02
2882,IBI out of range,Row 2882 | Timestamp: 1710812107181 ms | PPG(Green=1950748, Red=1950748, Ir=1950748) | ACC(X=2.32799458503723, Y=-8.67249870300293, Z=-3.96860814094543) | HR=77 bpm | IBI=0 ms | Participant=P02
2883,IBI out of range,Row 2883 | Timestamp: 1710812107221 ms | PPG(Green=1951292, Red=1951292, Ir=1951292) | ACC(X=2.3687105178833, Y=-8.68926429748535, Z=-3.96381807327271) | HR=77 bpm | IBI=0 ms | Participant=P02
2884,IBI out of range,Row 2884 | Timestamp: 1710812107261 ms | PPG(Green=1951291, Red=1951291, Ir=1951291) | ACC(X=2.33038973808289, Y=-8.68926429748535, Z=-4.0093240737915) | HR=77 bpm | IBI=0 ms | Participant=P02
2885,IBI out of range,Row 2885 | Timestamp: 1710812107301 ms | PPG(Green=1950988, Red=1950988, Ir=1950988) | ACC(X=2.39984631538391, Y=-8.69165897369385, Z=-3.96381807327271) | HR=77 bpm | IBI=0 ms | Participant=P02
2886,IBI out of range,Row 2886 | Timestamp: 1710812107341 ms | PPG(Green=1951234, Red=1951234, Ir=1951234) | ACC(X=2.28248858451843, Y=-8.65333843231201, Z=-4.06680536270142) | HR=77 bpm | IBI=0 ms | Participant=P02
2887,IBI out of range,Row 2887 | Timestamp: 1710812107382 ms | PPG(Green=1952078, Red=1952078, Ir=1952078) | ACC(X=2.35913038253784, Y=-8.72758483886719, Z=-3.98776865005493) | HR=77 bpm | IBI=0 ms | Participant=P02
2888,IBI out of range,Row 2888 | Timestamp: 1710812107421 ms | PPG(Green=1953364, Red=1953364, Ir=1953364) | ACC(X=2.3232045173645, Y=-8.67249870300293, Z=-3.98058342933655) | HR=76 bpm | IBI=0 ms | Participant=P02
2889,IBI out of range,Row 2889 | Timestamp: 1710812107461 ms | PPG(Green=1955245, Red=1955245, Ir=1955245) | ACC(X=2.33517980575562, Y=-8.68686866760254, Z=-3.99495363235474) | HR=77 bpm | IBI=0 ms | Participant=P02
2890,IBI out of range,Row 2890 | Timestamp: 1710812107502 ms | PPG(Green=1957080, Red=1957080, Ir=1957080) | ACC(X=2.35913038253784, Y=-8.65573310852051, Z=-3.94226241111755) | HR=77 bpm | IBI=0 ms | Participant=P02
2891,IBI out of range,Row 2891 | Timestamp: 1710812107542 ms | PPG(Green=1959040, Red=1959040, Ir=1959040) | ACC(X=2.29685878753662, Y=-8.68447399139404, Z=-3.99974393844604) | HR=77 bpm | IBI=0 ms | Participant=P02
2892,IBI out of range,Row 2892 | Timestamp: 1710812107582 ms | PPG(Green=1960849, Red=1960849, Ir=1960849) | ACC(X=2.31122922897339, Y=-8.67968368530273, Z=-3.96381807327271) | HR=77 bpm | IBI=0 ms | Participant=P02
2893,IBI out of range,Row 2893 | Timestamp: 1710812107622 ms | PPG(Green=1962960, Red=1962960, Ir=1962960) | ACC(X=2.29206871986389, Y=-8.60543727874756, Z=-4.03806495666504) | HR=77 bpm | IBI=0 ms | Participant=P02
2894,IBI out of range,Row 2894 | Timestamp: 1710812107662 ms | PPG(Green=1965128, Red=1965128, Ir=1965128) | ACC(X=2.34475994110107, Y=-8.66291809082031, Z=-3.96381807327271) | HR=77 bpm | IBI=0 ms | Participant=P02
2895,IBI out of range,Row 2895 | Timestamp: 1710812107702 ms | PPG(Green=1967140, Red=1967140, Ir=1967140) | ACC(X=2.35434031486511, Y=-8.70363426208496, Z=-3.98297834396362) | HR=77 bpm | IBI=0 ms | Participant=P02
2896,IBI out of range,Row 2896 | Timestamp: 1710812107742 ms | PPG(Green=1969301, Red=1969301, Ir=1969301) | ACC(X=2.33996987342834, Y=-8.6485481262207, Z=-3.94944763183594) | HR=77 bpm | IBI=0 ms | Participant=P02
2897,IBI out of range,Row 2897 | Timestamp: 1710812107783 ms | PPG(Green=1970738, Red=1970738, Ir=1970738) | ACC(X=2.33996987342834, Y=-8.67489337921143, Z=-4.01650905609131) | HR=77 bpm | IBI=0 ms | Participant=P02
2898,IBI out of range,Row 2898 | Timestamp: 1710812107823 ms | PPG(Green=1967963, Red=1967963, Ir=1967963) | ACC(X=2.28727865219116, Y=-8.66052341461182, Z=-4.01890420913696) | HR=77 bpm | IBI=0 ms | Participant=P02
2899,IBI out of range,Row 2899 | Timestamp: 1710812107863 ms | PPG(Green=1964309, Red=1964309, Ir=1964309) | ACC(X=2.29446387290955, Y=-8.61022663116455, Z=-3.99495363235474) | HR=77 bpm | IBI=0 ms | Participant=P02
2900,IBI out of range,Row 2900 | Timestamp: 1710812107903 ms | PPG(Green=1961705, Red=1961705, Ir=1961705) | ACC(X=2.33038973808289, Y=-8.67249870300293, Z=-3.99734878540039) | HR=77 bpm | IBI=0 ms | Participant=P02
2901,IBI out of range,Row 2901 | Timestamp: 1710812107943 ms | PPG(Green=1960890, Red=1960890, Ir=1960890) | ACC(X=2.29685878753662, Y=-8.63896751403809, Z=-4.02129936218262) | HR=77 bpm | IBI=0 ms | Participant=P02
2902,IBI out of range,Row 2902 | Timestamp: 1710812107984 ms | PPG(Green=1961237, Red=1961237, Ir=1961237) | ACC(X=2.2776985168457, Y=-8.64375782012939, Z=-3.99255871772766) | HR=77 bpm | IBI=0 ms | Participant=P02
2903,IBI out of range,Row 2903 | Timestamp: 1710812108023 ms | PPG(Green=1962188, Red=1962188, Ir=1962188) | ACC(X=2.29685878753662, Y=-8.67010307312012, Z=-4.04524993896484) | HR=77 bpm | IBI=0 ms | Participant=P02
2904,IBI out of range,Row 2904 | Timestamp: 1710812108066 ms | PPG(Green=1963363, Red=1963363, Ir=1963363) | ACC(X=2.30883407592773, Y=-8.66291809082031, Z=-3.98058342933655) | HR=77 bpm | IBI=0 ms | Participant=P02
2905,IBI out of range,Row 2905 | Timestamp: 1710812108103 ms | PPG(Green=1963851, Red=1963851, Ir=1963851) | ACC(X=2.32559967041016, Y=-8.69165897369385, Z=-3.93986749649048) | HR=77 bpm | IBI=0 ms | Participant=P02
2906,IBI out of range,Row 2906 | Timestamp: 1710812108144 ms | PPG(Green=1963889, Red=1963889, Ir=1963889) | ACC(X=2.30164909362793, Y=-8.68686866760254, Z=-4.04285478591919) | HR=77 bpm | IBI=0 ms | Participant=P02
2907,IBI out of range,Row 2907 | Timestamp: 1710812108184 ms | PPG(Green=1964119, Red=1964119, Ir=1964119) | ACC(X=2.3232045173645, Y=-8.67489337921143, Z=-3.98776865005493) | HR=77 bpm | IBI=0 ms | Participant=P02
2908,IBI out of range,Row 2908 | Timestamp: 1710812108224 ms | PPG(Green=1965039, Red=1965039, Ir=1965039) | ACC(X=2.32799458503723, Y=-8.6413631439209, Z=-3.96621298789978) | HR=78 bpm | IBI=0 ms | Participant=P02
2909,IBI out of range,Row 2909 | Timestamp: 1710812108264 ms | PPG(Green=1966197, Red=1966197, Ir=1966197) | ACC(X=2.35434031486511, Y=-8.61022663116455, Z=-4.0093240737915) | HR=78 bpm | IBI=0 ms | Participant=P02
2910,IBI out of range,Row 2910 | Timestamp: 1710812108304 ms | PPG(Green=1968029, Red=1968029, Ir=1968029) | ACC(X=2.27290821075439, Y=-8.66531372070313, Z=-3.96860814094543) | HR=78 bpm | IBI=0 ms | Participant=P02
2911,IBI out of range,Row 2911 | Timestamp: 1710812108344 ms | PPG(Green=1969902, Red=1969902, Ir=1969902) | ACC(X=2.37350058555603, Y=-8.63417720794678, Z=-3.95423769950867) | HR=77 bpm | IBI=0 ms | Participant=P02
2912,IBI out of range,Row 2912 | Timestamp: 1710812108385 ms | PPG(Green=1971795, Red=1971795, Ir=1971795) | ACC(X=2.28967380523682, Y=-8.62699222564697, Z=-3.97100305557251) | HR=76 bpm | IBI=0 ms | Participant=P02
2913,IBI out of range,Row 2913 | Timestamp: 1710812108425 ms | PPG(Green=1973944, Red=1973944, Ir=1973944) | ACC(X=2.38547587394714, Y=-8.60064697265625, Z=-3.94226241111755) | HR=77 bpm | IBI=0 ms | Participant=P02
2914,IBI out of range,Row 2914 | Timestamp: 1710812108465 ms | PPG(Green=1975931, Red=1975931, Ir=1975931) | ACC(X=2.30883407592773, Y=-8.67489337921143, Z=-4.01171922683716) | HR=78 bpm | IBI=0 ms | Participant=P02
2915,IBI out of range,Row 2915 | Timestamp: 1710812108505 ms | PPG(Green=1977844, Red=1977844, Ir=1977844) | ACC(X=2.35913038253784, Y=-8.63178253173828, Z=-4.03087949752808) | HR=77 bpm | IBI=0 ms | Participant=P02
2916,IBI out of range,Row 2916 | Timestamp: 1710812108545 ms | PPG(Green=1979973, Red=1979973, Ir=1979973) | ACC(X=2.39026618003845, Y=-8.60783195495605, Z=-3.99974393844604) | HR=76 bpm | IBI=0 ms | Participant=P02
2917,IBI out of range,Row 2917 | Timestamp: 1710812108586 ms | PPG(Green=1982156, Red=1982156, Ir=1982156) | ACC(X=2.28488349914551, Y=-8.61501693725586, Z=-4.04285478591919) | HR=75 bpm | IBI=0 ms | Participant=P02
2918,IBI out of range,Row 2918 | Timestamp: 1710812108625 ms | PPG(Green=1983691, Red=1983691, Ir=1983691) | ACC(X=2.39505624771118, Y=-8.67010307312012, Z=-4.00692892074585) | HR=74 bpm | IBI=0 ms | Participant=P02
2919,IBI out of range,Row 2919 | Timestamp: 1710812108665 ms | PPG(Green=1981503, Red=1981503, Ir=1981503) | ACC(X=2.42140173912048, Y=-8.63657283782959, Z=-3.99495363235474) | HR=75 bpm | IBI=0 ms | Participant=P02
2920,IBI out of range,Row 2920 | Timestamp: 1710812108706 ms | PPG(Green=1978233, Red=1978233, Ir=1978233) | ACC(X=2.28248858451843, Y=-8.59346199035645, Z=-3.99495363235474) | HR=76 bpm | IBI=0 ms | Participant=P02
2921,IBI out of range,Row 2921 | Timestamp: 1710812108746 ms | PPG(Green=1975797, Red=1975797, Ir=1975797) | ACC(X=2.32080936431885, Y=-8.61022663116455, Z=-3.94226241111755) | HR=76 bpm | IBI=0 ms | Participant=P02
2922,IBI out of range,Row 2922 | Timestamp: 1710812108787 ms | PPG(Green=1975261, Red=1975261, Ir=1975261) | ACC(X=2.31841444969177, Y=-8.67968368530273, Z=-4.02608966827393) | HR=77 bpm | IBI=0 ms | Participant=P02
2923,IBI out of range,Row 2923 | Timestamp: 1710812108826 ms | PPG(Green=1975651, Red=1975651, Ir=1975651) | ACC(X=2.24656271934509, Y=-8.67728900909424, Z=-3.98297834396362) | HR=79 bpm | IBI=0 ms | Participant=P02
2924,IBI out of range,Row 2924 | Timestamp: 1710812108866 ms | PPG(Green=1976812, Red=1976812, Ir=1976812) | ACC(X=2.37350058555603, Y=-8.67489337921143, Z=-4.03327465057373) | HR=81 bpm | IBI=0 ms | Participant=P02
2925,IBI out of range,Row 2925 | Timestamp: 1710812108906 ms | PPG(Green=1978195, Red=1978195, Ir=1978195) | ACC(X=2.39266109466553, Y=-8.62459754943848, Z=-4.02848434448242) | HR=82 bpm | IBI=0 ms | Participant=P02
2926,IBI out of range,Row 2926 | Timestamp: 1710812108946 ms | PPG(Green=1978648, Red=1978648, Ir=1978648) | ACC(X=2.37829089164734, Y=-8.63896751403809, Z=-4.0021390914917) | HR=81 bpm | IBI=0 ms | Participant=P02
2927,IBI out of range,Row 2927 | Timestamp: 1710812108987 ms | PPG(Green=1978880, Red=1978880, Ir=1978880) | ACC(X=2.39984631538391, Y=-8.66052341461182, Z=-3.96381807327271) | HR=80 bpm | IBI=0 ms | Participant=P02
2928,IBI out of range,Row 2928 | Timestamp: 1710812109027 ms | PPG(Green=1979082, Red=1979082, Ir=1979082) | ACC(X=2.34715509414673, Y=-8.69644927978516, Z=-3.98776865005493) | HR=81 bpm | IBI=0 ms | Participant=P02
2929,IBI out of range,Row 2929 | Timestamp: 1710812109067 ms | PPG(Green=1979795, Red=1979795, Ir=1979795) | ACC(X=2.34475994110107, Y=-8.63178253173828, Z=-3.98058342933655) | HR=81 bpm | IBI=0 ms | Participant=P02
2930,IBI out of range,Row 2930 | Timestamp: 1710812109107 ms | PPG(Green=1981035, Red=1981035, Ir=1981035) | ACC(X=2.39745116233826, Y=-8.64375782012939, Z=-4.01650905609131) | HR=82 bpm | IBI=0 ms | Participant=P02
2931,IBI out of range,Row 2931 | Timestamp: 1710812109147 ms | PPG(Green=1982643, Red=1982643, Ir=1982643) | ACC(X=2.33517980575562, Y=-8.64615249633789, Z=-3.95663285255432) | HR=83 bpm | IBI=0 ms | Participant=P02
2932,IBI out of range,Row 2932 | Timestamp: 1710812109188 ms | PPG(Green=1984369, Red=1984369, Ir=1984369) | ACC(X=2.32799458503723, Y=-8.61501693725586, Z=-4.0045337677002) | HR=83 bpm | IBI=0 ms | Participant=P02
2933,IBI out of range,Row 2933 | Timestamp: 1710812109227 ms | PPG(Green=1986380, Red=1986380, Ir=1986380) | ACC(X=2.33278465270996, Y=-8.68686866760254, Z=-3.95663285255432) | HR=83 bpm | IBI=0 ms | Participant=P02
2934,IBI out of range,Row 2934 | Timestamp: 1710812109267 ms | PPG(Green=1989956, Red=1989956, Ir=1989956) | ACC(X=2.33278465270996, Y=-8.70602893829346, Z=-4.0093240737915) | HR=84 bpm | IBI=0 ms | Participant=P02
2935,IBI out of range,Row 2935 | Timestamp: 1710812109307 ms | PPG(Green=1991882, Red=1991882, Ir=1991882) | ACC(X=2.31601929664612, Y=-8.63657283782959, Z=-3.94465756416321) | HR=84 bpm | IBI=0 ms | Participant=P02
2936,IBI out of range,Row 2936 | Timestamp: 1710812109347 ms | PPG(Green=1993844, Red=1993844, Ir=1993844) | ACC(X=2.38308095932007, Y=-8.63417720794678, Z=-3.97579336166382) | HR=84 bpm | IBI=0 ms | Participant=P02
2937,IBI out of range,Row 2937 | Timestamp: 1710812109388 ms | PPG(Green=1995668, Red=1995668, Ir=1995668) | ACC(X=2.37829089164734, Y=-8.6485481262207, Z=-4.02848434448242) | HR=84 bpm | IBI=0 ms | Participant=P02
2938,IBI out of range,Row 2938 | Timestamp: 1710812109428 ms | PPG(Green=1994616, Red=1994616, Ir=1994616) | ACC(X=2.4142165184021, Y=-8.57430076599121, Z=-3.98058342933655) | HR=83 bpm | IBI=0 ms | Participant=P02
2939,IBI out of range,Row 2939 | Timestamp: 1710812109468 ms | PPG(Green=1991704, Red=1991704, Ir=1991704) | ACC(X=2.40703153610229, Y=-8.67249870300293, Z=-4.01411437988281) | HR=84 bpm | IBI=0 ms | Participant=P02
2940,IBI out of range,Row 2940 | Timestamp: 1710812109508 ms | PPG(Green=1989226, Red=1989226, Ir=1989226) | ACC(X=2.39026618003845, Y=-8.66291809082031, Z=-3.95663285255432) | HR=85 bpm | IBI=0 ms | Participant=P02
2941,IBI out of range,Row 2941 | Timestamp: 1710812109548 ms | PPG(Green=1988394, Red=1988394, Ir=1988394) | ACC(X=2.39026618003845, Y=-8.62699222564697, Z=-3.99734878540039) | HR=86 bpm | IBI=0 ms | Participant=P02
2942,IBI out of range,Row 2942 | Timestamp: 1710812109589 ms | PPG(Green=1988662, Red=1988662, Ir=1988662) | ACC(X=2.3232045173645, Y=-8.62938785552979, Z=-4.0476450920105) | HR=87 bpm | IBI=0 ms | Participant=P02
2943,IBI out of range,Row 2943 | Timestamp: 1710812109628 ms | PPG(Green=1989801, Red=1989801, Ir=1989801) | ACC(X=2.37829089164734, Y=-8.62699222564697, Z=-4.02848434448242) | HR=88 bpm | IBI=0 ms | Participant=P02
2944,IBI out of range,Row 2944 | Timestamp: 1710812109668 ms | PPG(Green=1991410, Red=1991410, Ir=1991410) | ACC(X=2.40942645072937, Y=-8.63896751403809, Z=-4.0045337677002) | HR=88 bpm | IBI=0 ms | Participant=P02
2945,IBI out of range,Row 2945 | Timestamp: 1710812109708 ms | PPG(Green=1992290, Red=1992290, Ir=1992290) | ACC(X=2.31841444969177, Y=-8.69644927978516, Z=-4.0021390914917) | HR=88 bpm | IBI=0 ms | Participant=P02
2946,IBI out of range,Row 2946 | Timestamp: 1710812109748 ms | PPG(Green=1992686, Red=1992686, Ir=1992686) | ACC(X=2.36392045021057, Y=-8.62699222564697, Z=-3.97818827629089) | HR=88 bpm | IBI=0 ms | Participant=P02
2947,IBI out of range,Row 2947 | Timestamp: 1710812109789 ms | PPG(Green=1992871, Red=1992871, Ir=1992871) | ACC(X=2.40463638305664, Y=-8.69405364990234, Z=-4.0093240737915) | HR=88 bpm | IBI=0 ms | Participant=P02
2948,IBI out of range,Row 2948 | Timestamp: 1710812109829 ms | PPG(Green=1993459, Red=1993459, Ir=1993459) | ACC(X=2.37589573860169, Y=-8.63417720794678, Z=-3.97100305557251) | HR=89 bpm | IBI=0 ms | Participant=P02
2949,IBI out of range,Row 2949 | Timestamp: 1710812109869 ms | PPG(Green=1994538, Red=1994538, Ir=1994538) | ACC(X=2.36631560325623, Y=-8.62699222564697, Z=-3.96142292022705) | HR=89 bpm | IBI=0 ms | Participant=P02
2950,IBI out of range,Row 2950 | Timestamp: 1710812109909 ms | PPG(Green=1995901, Red=1995901, Ir=1995901) | ACC(X=2.3687105178833, Y=-8.65573310852051, Z=-4.01890420913696) | HR=89 bpm | IBI=0 ms | Participant=P02
2951,IBI out of range,Row 2951 | Timestamp: 1710812109949 ms | PPG(Green=1997689, Red=1997689, Ir=1997689) | ACC(X=2.34715509414673, Y=-8.59346199035645, Z=-3.95663285255432) | HR=89 bpm | IBI=0 ms | Participant=P02
2952,IBI out of range,Row 2952 | Timestamp: 1710812109990 ms | PPG(Green=1999490, Red=1999490, Ir=1999490) | ACC(X=2.31122922897339, Y=-8.70123958587646, Z=-3.96621298789978) | HR=89 bpm | IBI=0 ms | Participant=P02
2953,IBI out of range,Row 2953 | Timestamp: 1710812110029 ms | PPG(Green=2001359, Red=2001359, Ir=2001359) | ACC(X=2.42140173912048, Y=-8.6485481262207, Z=-4.0045337677002) | HR=89 bpm | IBI=0 ms | Participant=P02
2954,IBI out of range,Row 2954 | Timestamp: 1710812110069 ms | PPG(Green=2003252, Red=2003252, Ir=2003252) | ACC(X=2.34715509414673, Y=-8.67728900909424, Z=-3.99734878540039) | HR=89 bpm | IBI=0 ms | Participant=P02
2955,IBI out of range,Row 2955 | Timestamp: 1710812110109 ms | PPG(Green=2005065, Red=2005065, Ir=2005065) | ACC(X=2.39266109466553, Y=-8.61980724334717, Z=-3.92549705505371) | HR=88 bpm | IBI=0 ms | Participant=P02
2956,IBI out of range,Row 2956 | Timestamp: 1710812110150 ms | PPG(Green=2006870, Red=2006870, Ir=2006870) | ACC(X=2.33038973808289, Y=-8.66052341461182, Z=-4.00692892074585) | HR=89 bpm | IBI=0 ms | Participant=P02
2957,IBI out of range,Row 2957 | Timestamp: 1710812110190 ms | PPG(Green=2007480, Red=2007480, Ir=2007480) | ACC(X=2.33038973808289, Y=-8.71800422668457, Z=-3.99255871772766) | HR=89 bpm | IBI=0 ms | Participant=P02
2958,IBI out of range,Row 2958 | Timestamp: 1710812110230 ms | PPG(Green=2004460, Red=2004460, Ir=2004460) | ACC(X=2.35434031486511, Y=-8.70842456817627, Z=-3.94705247879028) | HR=89 bpm | IBI=0 ms | Participant=P02
2959,IBI out of range,Row 2959 | Timestamp: 1710812110273 ms | PPG(Green=2001458, Red=2001458, Ir=2001458) | ACC(X=2.32559967041016, Y=-8.66052341461182, Z=-3.95423769950867) | HR=89 bpm | IBI=0 ms | Participant=P02
2960,IBI out of range,Row 2960 | Timestamp: 1710812110310 ms | PPG(Green=1999570, Red=1999570, Ir=1999570) | ACC(X=2.35673522949219, Y=-8.658127784729, Z=-3.98297834396362) | HR=90 bpm | IBI=0 ms | Participant=P02
2961,IBI out of range,Row 2961 | Timestamp: 1710812110350 ms | PPG(Green=1999200, Red=1999200, Ir=1999200) | ACC(X=2.342365026474, Y=-8.68447399139404, Z=-4.02129936218262) | HR=90 bpm | IBI=0 ms | Participant=P02
2962,IBI out of range,Row 2962 | Timestamp: 1710812110391 ms | PPG(Green=1999880, Red=1999880, Ir=1999880) | ACC(X=2.35434031486511, Y=-8.61741256713867, Z=-4.01650905609131) | HR=90 bpm | IBI=0 ms | Participant=P02
2963,IBI out of range,Row 2963 | Timestamp: 1710812110430 ms | PPG(Green=2001298, Red=2001298, Ir=2001298) | ACC(X=2.28727865219116, Y=-8.70123958587646, Z=-3.97818827629089) | HR=90 bpm | IBI=0 ms | Participant=P02
2964,IBI out of range,Row 2964 | Timestamp: 1710812110470 ms | PPG(Green=2002416, Red=2002416, Ir=2002416) | ACC(X=2.3495500087738, Y=-8.64615249633789, Z=-3.98537349700928) | HR=90 bpm | IBI=0 ms | Participant=P02
2965,IBI out of range,Row 2965 | Timestamp: 1710812110510 ms | PPG(Green=2002915, Red=2002915, Ir=2002915) | ACC(X=2.26572322845459, Y=-8.64615249633789, Z=-3.99255871772766) | HR=91 bpm | IBI=0 ms | Participant=P02
2966,IBI out of range,Row 2966 | Timestamp: 1710812110550 ms | PPG(Green=2003004, Red=2003004, Ir=2003004) | ACC(X=2.32559967041016, Y=-8.68926429748535, Z=-4.0021390914917) | HR=91 bpm | IBI=0 ms | Participant=P02
2967,IBI out of range,Row 2967 | Timestamp: 1710812110591 ms | PPG(Green=2003332, Red=2003332, Ir=2003332) | ACC(X=2.35194516181946, Y=-8.58867168426514, Z=-4.0093240737915) | HR=91 bpm | IBI=0 ms | Participant=P02
2968,IBI out of range,Row 2968 | Timestamp: 1710812110631 ms | PPG(Green=2004125, Red=2004125, Ir=2004125) | ACC(X=2.28488349914551, Y=-8.69405364990234, Z=-4.01171922683716) | HR=90 bpm | IBI=0 ms | Participant=P02
2969,IBI out of range,Row 2969 | Timestamp: 1710812110671 ms | PPG(Green=2005354, Red=2005354, Ir=2005354) | ACC(X=2.29206871986389, Y=-8.68207836151123, Z=-3.99016356468201) | HR=90 bpm | IBI=0 ms | Participant=P02
2970,IBI out of range,Row 2970 | Timestamp: 1710812110711 ms | PPG(Green=2006859, Red=2006859, Ir=2006859) | ACC(X=2.39984631538391, Y=-8.69405364990234, Z=-4.02129936218262) | HR=90 bpm | IBI=0 ms | Participant=P02
2971,IBI out of range,Row 2971 | Timestamp: 1710812110751 ms | PPG(Green=2008609, Red=2008609, Ir=2008609) | ACC(X=2.31601929664612, Y=-8.67728900909424, Z=-4.02848434448242) | HR=90 bpm | IBI=0 ms | Participant=P02
2972,IBI out of range,Row 2972 | Timestamp: 1710812110792 ms | PPG(Green=2010352, Red=2010352, Ir=2010352) | ACC(X=2.32559967041016, Y=-8.63657283782959, Z=-3.99495363235474) | HR=90 bpm | IBI=0 ms | Participant=P02
2973,IBI out of range,Row 2973 | Timestamp: 1710812110831 ms | PPG(Green=2012134, Red=2012134, Ir=2012134) | ACC(X=2.31841444969177, Y=-8.62699222564697, Z=-3.99016356468201) | HR=90 bpm | IBI=0 ms | Participant=P02
2974,IBI out of range,Row 2974 | Timestamp: 1710812110871 ms | PPG(Green=2013797, Red=2013797, Ir=2013797) | ACC(X=2.3687105178833, Y=-8.64375782012939, Z=-3.98776865005493) | HR=90 bpm | IBI=0 ms | Participant=P02
2975,IBI out of range,Row 2975 | Timestamp: 1710812110911 ms | PPG(Green=2015533, Red=2015533, Ir=2015533) | ACC(X=2.31362438201904, Y=-8.64375782012939, Z=-3.98297834396362) | HR=90 bpm | IBI=0 ms | Participant=P02
2976,IBI out of range,Row 2976 | Timestamp: 1710812110951 ms | PPG(Green=2016830, Red=2016830, Ir=2016830) | ACC(X=2.3232045173645, Y=-8.59825134277344, Z=-4.01411437988281) | HR=91 bpm | IBI=0 ms | Participant=P02
2977,IBI out of range,Row 2977 | Timestamp: 1710812110992 ms | PPG(Green=2014656, Red=2014656, Ir=2014656) | ACC(X=2.29446387290955, Y=-8.62459754943848, Z=-4.03806495666504) | HR=91 bpm | IBI=0 ms | Participant=P02
2978,IBI out of range,Row 2978 | Timestamp: 1710812111032 ms | PPG(Green=2010530, Red=2010530, Ir=2010530) | ACC(X=2.30883407592773, Y=-8.58867168426514, Z=-4.01411437988281) | HR=91 bpm | IBI=0 ms | Participant=P02
2979,IBI out of range,Row 2979 | Timestamp: 1710812111072 ms | PPG(Green=2007297, Red=2007297, Ir=2007297) | ACC(X=2.31122922897339, Y=-8.66291809082031, Z=-3.98297834396362) | HR=91 bpm | IBI=0 ms | Participant=P02
2980,IBI out of range,Row 2980 | Timestamp: 1710812111112 ms | PPG(Green=2005555, Red=2005555, Ir=2005555) | ACC(X=2.342365026474, Y=-8.68926429748535, Z=-3.99016356468201) | HR=91 bpm | IBI=0 ms | Participant=P02
2981,IBI out of range,Row 2981 | Timestamp: 1710812111152 ms | PPG(Green=2005154, Red=2005154, Ir=2005154) | ACC(X=2.27530336380005, Y=-8.70602893829346, Z=-4.03327465057373) | HR=91 bpm | IBI=0 ms | Participant=P02
2982,IBI out of range,Row 2982 | Timestamp: 1710812111193 ms | PPG(Green=2005522, Red=2005522, Ir=2005522) | ACC(X=2.35194516181946, Y=-8.61501693725586, Z=-3.96381807327271) | HR=91 bpm | IBI=0 ms | Participant=P02
2983,IBI out of range,Row 2983 | Timestamp: 1710812111232 ms | PPG(Green=2006111, Red=2006111, Ir=2006111) | ACC(X=2.33517980575562, Y=-8.68926429748535, Z=-3.95184278488159) | HR=91 bpm | IBI=0 ms | Participant=P02
2984,IBI out of range,Row 2984 | Timestamp: 1710812111272 ms | PPG(Green=2006327, Red=2006327, Ir=2006327) | ACC(X=2.35194516181946, Y=-8.70363426208496, Z=-3.98058342933655) | HR=91 bpm | IBI=0 ms | Participant=P02
2985,IBI out of range,Row 2985 | Timestamp: 1710812111312 ms | PPG(Green=2005827, Red=2005827, Ir=2005827) | ACC(X=2.32080936431885, Y=-8.6509428024292, Z=-4.00692892074585) | HR=91 bpm | IBI=0 ms | Participant=P02
2986,IBI out of range,Row 2986 | Timestamp: 1710812111353 ms | PPG(Green=2005505, Red=2005505, Ir=2005505) | ACC(X=2.33038973808289, Y=-8.63178253173828, Z=-3.98297834396362) | HR=91 bpm | IBI=0 ms | Participant=P02
2987,IBI out of range,Row 2987 | Timestamp: 1710812111393 ms | PPG(Green=2005590, Red=2005590, Ir=2005590) | ACC(X=2.33038973808289, Y=-8.70123958587646, Z=-3.96381807327271) | HR=90 bpm | IBI=0 ms | Participant=P02
2988,IBI out of range,Row 2988 | Timestamp: 1710812111433 ms | PPG(Green=2006248, Red=2006248, Ir=2006248) | ACC(X=2.35673522949219, Y=-8.61741256713867, Z=-3.96621298789978) | HR=91 bpm | IBI=0 ms | Participant=P02
2989,IBI out of range,Row 2989 | Timestamp: 1710812111473 ms | PPG(Green=2007399, Red=2007399, Ir=2007399) | ACC(X=2.35194516181946, Y=-8.6509428024292, Z=-3.91831183433533) | HR=90 bpm | IBI=0 ms | Participant=P02
2990,IBI out of range,Row 2990 | Timestamp: 1710812111513 ms | PPG(Green=2008595, Red=2008595, Ir=2008595) | ACC(X=2.37350058555603, Y=-8.62699222564697, Z=-4.03566980361938) | HR=90 bpm | IBI=0 ms | Participant=P02
2991,IBI out of range,Row 2991 | Timestamp: 1710812111553 ms | PPG(Green=2009922, Red=2009922, Ir=2009922) | ACC(X=2.304044008255, Y=-8.66052341461182, Z=-4.02129936218262) | HR=90 bpm | IBI=0 ms | Participant=P02
2992,IBI out of range,Row 2992 | Timestamp: 1710812111594 ms | PPG(Green=2011317, Red=2011317, Ir=2011317) | ACC(X=2.304044008255, Y=-8.68926429748535, Z=-3.94944763183594) | HR=89 bpm | IBI=0 ms | Participant=P02
2993,IBI out of range,Row 2993 | Timestamp: 1710812111633 ms | PPG(Green=2012779, Red=2012779, Ir=2012779) | ACC(X=2.33278465270996, Y=-8.67010307312012, Z=-4.05722522735596) | HR=89 bpm | IBI=0 ms | Participant=P02
2994,IBI out of range,Row 2994 | Timestamp: 1710812111673 ms | PPG(Green=2014149, Red=2014149, Ir=2014149) | ACC(X=2.36152529716492, Y=-8.65333843231201, Z=-3.96142292022705) | HR=90 bpm | IBI=0 ms | Participant=P02
2995,IBI out of range,Row 2995 | Timestamp: 1710812111714 ms | PPG(Green=2015784, Red=2015784, Ir=2015784) | ACC(X=2.33757495880127, Y=-8.68447399139404, Z=-3.99255871772766) | HR=90 bpm | IBI=0 ms | Participant=P02
2996,IBI out of range,Row 2996 | Timestamp: 1710812111754 ms | PPG(Green=2016189, Red=2016189, Ir=2016189) | ACC(X=2.36152529716492, Y=-8.70363426208496, Z=-3.92789220809936) | HR=90 bpm | IBI=0 ms | Participant=P02
2997,IBI out of range,Row 2997 | Timestamp: 1710812111794 ms | PPG(Green=2012722, Red=2012722, Ir=2012722) | ACC(X=2.3495500087738, Y=-8.66531372070313, Z=-4.03327465057373) | HR=89 bpm | IBI=0 ms | Participant=P02
2998,IBI out of range,Row 2998 | Timestamp: 1710812111834 ms | PPG(Green=2008290, Red=2008290, Ir=2008290) | ACC(X=2.30883407592773, Y=-8.71321487426758, Z=-3.95423769950867) | HR=90 bpm | IBI=0 ms | Participant=P02
2999,IBI out of range,Row 2999 | Timestamp: 1710812111874 ms | PPG(Green=2005234, Red=2005234, Ir=2005234) | ACC(X=2.32080936431885, Y=-8.6413631439209, Z=-3.94465756416321) | HR=90 bpm | IBI=0 ms | Participant=P02
3000,IBI out of range,Row 3000 | Timestamp: 1710812111914 ms | PPG(Green=2003628, Red=2003628, Ir=2003628) | ACC(X=2.34715509414673, Y=-8.67249870300293, Z=-4.01171922683716) | HR=90 bpm | IBI=0 ms | Participant=P02
3001,IBI out of range,Row 3001 | Timestamp: 1710812111954 ms | PPG(Green=2003172, Red=2003172, Ir=2003172) | ACC(X=2.34715509414673, Y=-8.64615249633789, Z=-4.01650905609131) | HR=90 bpm | IBI=0 ms | Participant=P02
3002,IBI out of range,Row 3002 | Timestamp: 1710812111995 ms | PPG(Green=2003468, Red=2003468, Ir=2003468) | ACC(X=2.36392045021057, Y=-8.66291809082031, Z=-3.90394163131714) | HR=90 bpm | IBI=0 ms | Participant=P02
3003,IBI out of range,Row 3003 | Timestamp: 1710812112034 ms | PPG(Green=2003781, Red=2003781, Ir=2003781) | ACC(X=2.29446387290955, Y=-8.69405364990234, Z=-3.98297834396362) | HR=90 bpm | IBI=0 ms | Participant=P02
3004,IBI out of range,Row 3004 | Timestamp: 1710812112074 ms | PPG(Green=2003590, Red=2003590, Ir=2003590) | ACC(X=2.35194516181946, Y=-8.70363426208496, Z=-3.99255871772766) | HR=90 bpm | IBI=0 ms | Participant=P02
3005,IBI out of range,Row 3005 | Timestamp: 1710812112114 ms | PPG(Green=2002838, Red=2002838, Ir=2002838) | ACC(X=2.33996987342834, Y=-8.72758483886719, Z=-4.01890420913696) | HR=90 bpm | IBI=0 ms | Participant=P02
3006,IBI out of range,Row 3006 | Timestamp: 1710812112155 ms | PPG(Green=2002687, Red=2002687, Ir=2002687) | ACC(X=2.30643916130066, Y=-8.68686866760254, Z=-3.99016356468201) | HR=90 bpm | IBI=0 ms | Participant=P02
3007,IBI out of range,Row 3007 | Timestamp: 1710812112196 ms | PPG(Green=2002822, Red=2002822, Ir=2002822) | ACC(X=2.35194516181946, Y=-8.68926429748535, Z=-3.95423769950867) | HR=90 bpm | IBI=0 ms | Participant=P02
3008,IBI out of range,Row 3008 | Timestamp: 1710812112235 ms | PPG(Green=2003270, Red=2003270, Ir=2003270) | ACC(X=2.342365026474, Y=-8.6509428024292, Z=-3.96381807327271) | HR=90 bpm | IBI=0 ms | Participant=P02
3009,IBI out of range,Row 3009 | Timestamp: 1710812112275 ms | PPG(Green=2004494, Red=2004494, Ir=2004494) | ACC(X=2.28967380523682, Y=-8.74674510955811, Z=-3.95423769950867) | HR=90 bpm | IBI=0 ms | Participant=P02
3010,IBI out of range,Row 3010 | Timestamp: 1710812112315 ms | PPG(Green=2005582, Red=2005582, Ir=2005582) | ACC(X=2.36152529716492, Y=-8.72039985656738, Z=-3.96860814094543) | HR=90 bpm | IBI=0 ms | Participant=P02
3011,IBI out of range,Row 3011 | Timestamp: 1710812112355 ms | PPG(Green=2007051, Red=2007051, Ir=2007051) | ACC(X=2.33517980575562, Y=-8.61262226104736, Z=-3.99255871772766) | HR=90 bpm | IBI=0 ms | Participant=P02
3012,IBI out of range,Row 3012 | Timestamp: 1710812112396 ms | PPG(Green=2008407, Red=2008407, Ir=2008407) | ACC(X=2.27290821075439, Y=-8.66052341461182, Z=-3.92549705505371) | HR=90 bpm | IBI=0 ms | Participant=P02
3013,IBI out of range,Row 3013 | Timestamp: 1710812112436 ms | PPG(Green=2009848, Red=2009848, Ir=2009848) | ACC(X=2.33038973808289, Y=-8.658127784729, Z=-3.97339820861816) | HR=90 bpm | IBI=0 ms | Participant=P02
3014,IBI out of range,Row 3014 | Timestamp: 1710812112476 ms | PPG(Green=2011313, Red=2011313, Ir=2011313) | ACC(X=2.41661167144775, Y=-8.66770839691162, Z=-3.92789220809936) | HR=90 bpm | IBI=0 ms | Participant=P02
3015,IBI out of range,Row 3015 | Timestamp: 1710812112516 ms | PPG(Green=2012768, Red=2012768, Ir=2012768) | ACC(X=2.25853800773621, Y=-8.62220191955566, Z=-3.92549705505371) | HR=90 bpm | IBI=0 ms | Participant=P02
3016,IBI out of range,Row 3016 | Timestamp: 1710812112556 ms | PPG(Green=2013207, Red=2013207, Ir=2013207) | ACC(X=2.39266109466553, Y=-8.66052341461182, Z=-3.9590277671814) | HR=90 bpm | IBI=0 ms | Participant=P02
3017,IBI out of range,Row 3017 | Timestamp: 1710812112597 ms | PPG(Green=2009725, Red=2009725, Ir=2009725) | ACC(X=2.33517980575562, Y=-8.6485481262207, Z=-3.99974393844604) | HR=91 bpm | IBI=0 ms | Participant=P02
3018,IBI out of range,Row 3018 | Timestamp: 1710812112636 ms | PPG(Green=2005362, Red=2005362, Ir=2005362) | ACC(X=2.30883407592773, Y=-8.61262226104736, Z=-3.9135217666626) | HR=91 bpm | IBI=0 ms | Participant=P02
3019,IBI out of range,Row 3019 | Timestamp: 1710812112676 ms | PPG(Green=2002344, Red=2002344, Ir=2002344) | ACC(X=2.30164909362793, Y=-8.68207836151123, Z=-3.93986749649048) | HR=91 bpm | IBI=0 ms | Participant=P02
3020,IBI out of range,Row 3020 | Timestamp: 1710812112716 ms | PPG(Green=2001031, Red=2001031, Ir=2001031) | ACC(X=2.29925394058228, Y=-8.65573310852051, Z=-3.92549705505371) | HR=91 bpm | IBI=0 ms | Participant=P02
3021,IBI out of range,Row 3021 | Timestamp: 1710812112756 ms | PPG(Green=2000715, Red=2000715, Ir=2000715) | ACC(X=2.304044008255, Y=-8.61741256713867, Z=-4.03566980361938) | HR=91 bpm | IBI=0 ms | Participant=P02
3022,IBI out of range,Row 3022 | Timestamp: 1710812112797 ms | PPG(Green=2001115, Red=2001115, Ir=2001115) | ACC(X=2.36152529716492, Y=-8.70123958587646, Z=-3.91591691970825) | HR=91 bpm | IBI=0 ms | Participant=P02
3023,IBI out of range,Row 3023 | Timestamp: 1710812112837 ms | PPG(Green=2001401, Red=2001401, Ir=2001401) | ACC(X=2.37350058555603, Y=-8.67249870300293, Z=-3.98776865005493) | HR=91 bpm | IBI=0 ms | Participant=P02
3024,IBI out of range,Row 3024 | Timestamp: 1710812112877 ms | PPG(Green=2001211, Red=2001211, Ir=2001211) | ACC(X=2.31362438201904, Y=-8.60304164886475, Z=-3.98776865005493) | HR=91 bpm | IBI=0 ms | Participant=P02
3025,IBI out of range,Row 3025 | Timestamp: 1710812112917 ms | PPG(Green=2000646, Red=2000646, Ir=2000646) | ACC(X=2.36152529716492, Y=-8.69644927978516, Z=-3.98297834396362) | HR=92 bpm | IBI=0 ms | Participant=P02
3026,IBI out of range,Row 3026 | Timestamp: 1710812112957 ms | PPG(Green=2000183, Red=2000183, Ir=2000183) | ACC(X=2.38308095932007, Y=-8.6509428024292, Z=-3.97100305557251) | HR=92 bpm | IBI=0 ms | Participant=P02
3027,IBI out of range,Row 3027 | Timestamp: 1710812112998 ms | PPG(Green=2000323, Red=2000323, Ir=2000323) | ACC(X=2.33517980575562, Y=-8.61741256713867, Z=-3.98058342933655) | HR=91 bpm | IBI=0 ms | Participant=P02
3028,IBI out of range,Row 3028 | Timestamp: 1710812113037 ms | PPG(Green=2001016, Red=2001016, Ir=2001016) | ACC(X=2.38068580627441, Y=-8.66770839691162, Z=-3.96142292022705) | HR=91 bpm | IBI=0 ms | Participant=P02
3029,IBI out of range,Row 3029 | Timestamp: 1710812113077 ms | PPG(Green=2002058, Red=2002058, Ir=2002058) | ACC(X=2.34715509414673, Y=-8.68207836151123, Z=-3.94226241111755) | HR=92 bpm | IBI=0 ms | Participant=P02
3030,IBI out of range,Row 3030 | Timestamp: 1710812113117 ms | PPG(Green=2003263, Red=2003263, Ir=2003263) | ACC(X=2.34715509414673, Y=-8.63896751403809, Z=-3.99016356468201) | HR=91 bpm | IBI=0 ms | Participant=P02
3031,IBI out of range,Row 3031 | Timestamp: 1710812113157 ms | PPG(Green=2004626, Red=2004626, Ir=2004626) | ACC(X=2.36152529716492, Y=-8.67728900909424, Z=-3.97100305557251) | HR=91 bpm | IBI=0 ms | Participant=P02
3032,IBI out of range,Row 3032 | Timestamp: 1710812113198 ms | PPG(Green=2006076, Red=2006076, Ir=2006076) | ACC(X=2.38547587394714, Y=-8.66052341461182, Z=-4.04045963287354) | HR=91 bpm | IBI=0 ms | Participant=P02
3033,IBI out of range,Row 3033 | Timestamp: 1710812113237 ms | PPG(Green=2007384, Red=2007384, Ir=2007384) | ACC(X=2.39745116233826, Y=-8.72519016265869, Z=-3.96621298789978) | HR=90 bpm | IBI=0 ms | Participant=P02
3034,IBI out of range,Row 3034 | Timestamp: 1710812113278 ms | PPG(Green=2008909, Red=2008909, Ir=2008909) | ACC(X=2.37589573860169, Y=-8.57430076599121, Z=-3.9590277671814) | HR=90 bpm | IBI=0 ms | Participant=P02
3035,IBI out of range,Row 3035 | Timestamp: 1710812113318 ms | PPG(Green=2010410, Red=2010410, Ir=2010410) | ACC(X=2.37829089164734, Y=-8.67968368530273, Z=-3.92310214042664) | HR=90 bpm | IBI=0 ms | Participant=P02
3036,IBI out of range,Row 3036 | Timestamp: 1710812113358 ms | PPG(Green=2010891, Red=2010891, Ir=2010891) | ACC(X=2.36631560325623, Y=-8.68686866760254, Z=-3.93028712272644) | HR=90 bpm | IBI=0 ms | Participant=P02
3037,IBI out of range,Row 3037 | Timestamp: 1710812113399 ms | PPG(Green=2007933, Red=2007933, Ir=2007933) | ACC(X=2.38547587394714, Y=-8.66052341461182, Z=-3.9590277671814) | HR=90 bpm | IBI=0 ms | Participant=P02
3038,IBI out of range,Row 3038 | Timestamp: 1710812113438 ms | PPG(Green=2004126, Red=2004126, Ir=2004126) | ACC(X=2.35913038253784, Y=-8.68686866760254, Z=-3.96142292022705) | HR=90 bpm | IBI=0 ms | Participant=P02
3039,IBI out of range,Row 3039 | Timestamp: 1710812113478 ms | PPG(Green=2001476, Red=2001476, Ir=2001476) | ACC(X=2.3687105178833, Y=-8.68207836151123, Z=-4.02129936218262) | HR=90 bpm | IBI=0 ms | Participant=P02
3040,IBI out of range,Row 3040 | Timestamp: 1710812113518 ms | PPG(Green=2000367, Red=2000367, Ir=2000367) | ACC(X=2.40224146842957, Y=-8.69884395599365, Z=-3.90394163131714) | HR=90 bpm | IBI=0 ms | Participant=P02
3041,IBI out of range,Row 3041 | Timestamp: 1710812113558 ms | PPG(Green=2000342, Red=2000342, Ir=2000342) | ACC(X=2.37589573860169, Y=-8.68447399139404, Z=-3.95663285255432) | HR=90 bpm | IBI=0 ms | Participant=P02
3042,IBI out of range,Row 3042 | Timestamp: 1710812113599 ms | PPG(Green=2001090, Red=2001090, Ir=2001090) | ACC(X=2.33517980575562, Y=-8.66052341461182, Z=-3.98297834396362) | HR=90 bpm | IBI=0 ms | Participant=P02
3043,IBI out of range,Row 3043 | Timestamp: 1710812113639 ms | PPG(Green=2001818, Red=2001818, Ir=2001818) | ACC(X=2.3687105178833, Y=-8.67249870300293, Z=-3.88478112220764) | HR=90 bpm | IBI=0 ms | Participant=P02
3044,IBI out of range,Row 3044 | Timestamp: 1710812113679 ms | PPG(Green=2001673, Red=2001673, Ir=2001673) | ACC(X=2.36631560325623, Y=-8.67489337921143, Z=-3.96381807327271) | HR=89 bpm | IBI=0 ms | Participant=P02
3045,IBI out of range,Row 3045 | Timestamp: 1710812113719 ms | PPG(Green=2001026, Red=2001026, Ir=2001026) | ACC(X=2.42619180679321, Y=-8.62459754943848, Z=-3.97579336166382) | HR=89 bpm | IBI=0 ms | Participant=P02
3046,IBI out of range,Row 3046 | Timestamp: 1710812113759 ms | PPG(Green=2000969, Red=2000969, Ir=2000969) | ACC(X=2.42140173912048, Y=-8.62938785552979, Z=-4.03806495666504) | HR=89 bpm | IBI=0 ms | Participant=P02
3047,IBI out of range,Row 3047 | Timestamp: 1710812113800 ms | PPG(Green=2001031, Red=2001031, Ir=2001031) | ACC(X=2.3687105178833, Y=-8.67010307312012, Z=-3.9590277671814) | HR=88 bpm | IBI=0 ms | Participant=P02
3048,IBI out of range,Row 3048 | Timestamp: 1710812113839 ms | PPG(Green=2001756, Red=2001756, Ir=2001756) | ACC(X=2.39026618003845, Y=-8.57430076599121, Z=-3.96142292022705) | HR=88 bpm | IBI=0 ms | Participant=P02
3049,IBI out of range,Row 3049 | Timestamp: 1710812113879 ms | PPG(Green=2003024, Red=2003024, Ir=2003024) | ACC(X=2.37350058555603, Y=-8.62459754943848, Z=-3.98297834396362) | HR=88 bpm | IBI=0 ms | Participant=P02
3050,IBI out of range,Row 3050 | Timestamp: 1710812113919 ms | PPG(Green=2004321, Red=2004321, Ir=2004321) | ACC(X=2.39745116233826, Y=-8.66770839691162, Z=-3.94705247879028) | HR=88 bpm | IBI=0 ms | Participant=P02
3051,IBI out of range,Row 3051 | Timestamp: 1710812113960 ms | PPG(Green=2005526, Red=2005526, Ir=2005526) | ACC(X=2.3878710269928, Y=-8.63896751403809, Z=-3.93986749649048) | HR=88 bpm | IBI=0 ms | Participant=P02
3052,IBI out of range,Row 3052 | Timestamp: 1710812114001 ms | PPG(Green=2007093, Red=2007093, Ir=2007093) | ACC(X=2.39745116233826, Y=-8.69644927978516, Z=-3.95423769950867) | HR=88 bpm | IBI=0 ms | Participant=P02
3053,IBI out of range,Row 3053 | Timestamp: 1710812114040 ms | PPG(Green=2008553, Red=2008553, Ir=2008553) | ACC(X=2.34475994110107, Y=-8.60543727874756, Z=-3.99734878540039) | HR=88 bpm | IBI=0 ms | Participant=P02
3054,IBI out of range,Row 3054 | Timestamp: 1710812114080 ms | PPG(Green=2010124, Red=2010124, Ir=2010124) | ACC(X=2.37829089164734, Y=-8.6485481262207, Z=-3.99495363235474) | HR=88 bpm | IBI=0 ms | Participant=P02
3055,IBI out of range,Row 3055 | Timestamp: 1710812114120 ms | PPG(Green=2011182, Red=2011182, Ir=2011182) | ACC(X=2.37829089164734, Y=-8.70842456817627, Z=-3.94226241111755) | HR=88 bpm | IBI=0 ms | Participant=P02
3056,IBI out of range,Row 3056 | Timestamp: 1710812114160 ms | PPG(Green=2008941, Red=2008941, Ir=2008941) | ACC(X=2.3687105178833, Y=-8.66291809082031, Z=-4.06680536270142) | HR=87 bpm | IBI=0 ms | Participant=P02
3057,IBI out of range,Row 3057 | Timestamp: 1710812114201 ms | PPG(Green=2005421, Red=2005421, Ir=2005421) | ACC(X=2.36631560325623, Y=-8.62459754943848, Z=-3.96142292022705) | HR=87 bpm | IBI=0 ms | Participant=P02
3058,IBI out of range,Row 3058 | Timestamp: 1710812114241 ms | PPG(Green=2002767, Red=2002767, Ir=2002767) | ACC(X=2.41661167144775, Y=-8.69405364990234, Z=-4.01890420913696) | HR=87 bpm | IBI=0 ms | Participant=P02
3059,IBI out of range,Row 3059 | Timestamp: 1710812114281 ms | PPG(Green=2001911, Red=2001911, Ir=2001911) | ACC(X=2.35434031486511, Y=-8.62220191955566, Z=-3.90873169898987) | HR=87 bpm | IBI=0 ms | Participant=P02
3060,IBI out of range,Row 3060 | Timestamp: 1710812114321 ms | PPG(Green=2001973, Red=2001973, Ir=2001973) | ACC(X=2.23219227790833, Y=-8.63178253173828, Z=-4.04524993896484) | HR=86 bpm | IBI=0 ms | Participant=P02
3061,IBI out of range,Row 3061 | Timestamp: 1710812114361 ms | PPG(Green=2002925, Red=2002925, Ir=2002925) | ACC(X=2.21542692184448, Y=-8.80662155151367, Z=-3.94944763183594) | HR=86 bpm | IBI=0 ms | Participant=P02
3062,IBI out of range,Row 3062 | Timestamp: 1710812114402 ms | PPG(Green=2003943, Red=2003943, Ir=2003943) | ACC(X=2.33757495880127, Y=-8.7395601272583, Z=-4.02129936218262) | HR=87 bpm | IBI=0 ms | Participant=P02
3063,IBI out of range,Row 3063 | Timestamp: 1710812114441 ms | PPG(Green=2004468, Red=2004468, Ir=2004468) | ACC(X=2.55312991142273, Y=-8.49286937713623, Z=-4.09554624557495) | HR=86 bpm | IBI=0 ms | Participant=P02
3064,IBI out of range,Row 3064 | Timestamp: 1710812114481 ms | PPG(Green=2004578, Red=2004578, Ir=2004578) | ACC(X=2.41661167144775, Y=-8.57430076599121, Z=-4.07638549804688) | HR=86 bpm | IBI=0 ms | Participant=P02
3065,IBI out of range,Row 3065 | Timestamp: 1710812114521 ms | PPG(Green=2004644, Red=2004644, Ir=2004644) | ACC(X=2.24177265167236, Y=-8.69644927978516, Z=-3.89675641059875) | HR=86 bpm | IBI=0 ms | Participant=P02
3066,IBI out of range,Row 3066 | Timestamp: 1710812114562 ms | PPG(Green=2004809, Red=2004809, Ir=2004809) | ACC(X=2.20345163345337, Y=-8.76111507415771, Z=-3.96142292022705) | HR=86 bpm | IBI=0 ms | Participant=P02
3067,IBI out of range,Row 3067 | Timestamp: 1710812114603 ms | PPG(Green=2005777, Red=2005777, Ir=2005777) | ACC(X=2.32559967041016, Y=-8.68686866760254, Z=-3.84167003631592) | HR=86 bpm | IBI=0 ms | Participant=P02
3068,IBI out of range,Row 3068 | Timestamp: 1710812114642 ms | PPG(Green=2007414, Red=2007414, Ir=2007414) | ACC(X=2.33517980575562, Y=-8.62459754943848, Z=-3.88238596916199) | HR=87 bpm | IBI=0 ms | Participant=P02
3069,IBI out of range,Row 3069 | Timestamp: 1710812114682 ms | PPG(Green=2009173, Red=2009173, Ir=2009173) | ACC(X=2.3232045173645, Y=-8.6509428024292, Z=-3.96621298789978) | HR=87 bpm | IBI=0 ms | Participant=P02
3070,IBI out of range,Row 3070 | Timestamp: 1710812114722 ms | PPG(Green=2010890, Red=2010890, Ir=2010890) | ACC(X=2.35913038253784, Y=-8.75632572174072, Z=-4.03087949752808) | HR=87 bpm | IBI=0 ms | Participant=P02
3071,IBI out of range,Row 3071 | Timestamp: 1710812114762 ms | PPG(Green=2012395, Red=2012395, Ir=2012395) | ACC(X=2.33038973808289, Y=-8.63896751403809, Z=-4.14105224609375) | HR=87 bpm | IBI=0 ms | Participant=P02
3072,IBI out of range,Row 3072 | Timestamp: 1710812114803 ms | PPG(Green=2013830, Red=2013830, Ir=2013830) | ACC(X=2.28248858451843, Y=-8.71560955047607, Z=-4.06441020965576) | HR=87 bpm | IBI=0 ms | Participant=P02
3073,IBI out of range,Row 3073 | Timestamp: 1710812114843 ms | PPG(Green=2015287, Red=2015287, Ir=2015287) | ACC(X=2.28009343147278, Y=-8.61022663116455, Z=-4.04524993896484) | HR=86 bpm | IBI=0 ms | Participant=P02
3074,IBI out of range,Row 3074 | Timestamp: 1710812114883 ms | PPG(Green=2016754, Red=2016754, Ir=2016754) | ACC(X=2.42140173912048, Y=-8.61022663116455, Z=-3.95663285255432) | HR=87 bpm | IBI=0 ms | Participant=P02
3075,IBI out of range,Row 3075 | Timestamp: 1710812114923 ms | PPG(Green=2016102, Red=2016102, Ir=2016102) | ACC(X=2.44774746894836, Y=-8.66531372070313, Z=-3.98537349700928) | HR=87 bpm | IBI=0 ms | Participant=P02
3076,IBI out of range,Row 3076 | Timestamp: 1710812114963 ms | PPG(Green=2012945, Red=2012945, Ir=2012945) | ACC(X=2.34715509414673, Y=-8.66770839691162, Z=-3.96381807327271) | HR=87 bpm | IBI=0 ms | Participant=P02
3077,IBI out of range,Row 3077 | Timestamp: 1710812115004 ms | PPG(Green=2009915, Red=2009915, Ir=2009915) | ACC(X=2.38308095932007, Y=-8.70602893829346, Z=-3.92070698738098) | HR=86 bpm | IBI=0 ms | Participant=P02
3078,IBI out of range,Row 3078 | Timestamp: 1710812115043 ms | PPG(Green=2008502, Red=2008502, Ir=2008502) | ACC(X=2.36392045021057, Y=-8.71560955047607, Z=-3.89675641059875) | HR=87 bpm | IBI=0 ms | Participant=P02
3079,IBI out of range,Row 3079 | Timestamp: 1710812115083 ms | PPG(Green=2008412, Red=2008412, Ir=2008412) | ACC(X=2.25614285469055, Y=-8.658127784729, Z=-3.97818827629089) | HR=86 bpm | IBI=0 ms | Participant=P02
3080,IBI out of range,Row 3080 | Timestamp: 1710812115123 ms | PPG(Green=2009041, Red=2009041, Ir=2009041) | ACC(X=2.36152529716492, Y=-8.6509428024292, Z=-4.0021390914917) | HR=86 bpm | IBI=0 ms | Participant=P02
3081,IBI out of range,Row 3081 | Timestamp: 1710812115164 ms | PPG(Green=2009937, Red=2009937, Ir=2009937) | ACC(X=2.33517980575562, Y=-8.63896751403809, Z=-3.99016356468201) | HR=86 bpm | IBI=0 ms | Participant=P02
3082,IBI out of range,Row 3082 | Timestamp: 1710812115205 ms | PPG(Green=2010556, Red=2010556, Ir=2010556) | ACC(X=2.29206871986389, Y=-8.71560955047607, Z=-3.95423769950867) | HR=86 bpm | IBI=0 ms | Participant=P02
3083,IBI out of range,Row 3083 | Timestamp: 1710812115244 ms | PPG(Green=2010438, Red=2010438, Ir=2010438) | ACC(X=2.35434031486511, Y=-8.66770839691162, Z=-3.96860814094543) | HR=86 bpm | IBI=0 ms | Participant=P02
3084,IBI out of range,Row 3084 | Timestamp: 1710812115284 ms | PPG(Green=2009871, Red=2009871, Ir=2009871) | ACC(X=2.3495500087738, Y=-8.69644927978516, Z=-4.01650905609131) | HR=87 bpm | IBI=0 ms | Participant=P02
3085,IBI out of range,Row 3085 | Timestamp: 1710812115324 ms | PPG(Green=2009790, Red=2009790, Ir=2009790) | ACC(X=2.31601929664612, Y=-8.70363426208496, Z=-4.01650905609131) | HR=87 bpm | IBI=0 ms | Participant=P02
3086,IBI out of range,Row 3086 | Timestamp: 1710812115364 ms | PPG(Green=2009980, Red=2009980, Ir=2009980) | ACC(X=2.33278465270996, Y=-8.68447399139404, Z=-3.94465756416321) | HR=86 bpm | IBI=0 ms | Participant=P02
3087,IBI out of range,Row 3087 | Timestamp: 1710812115405 ms | PPG(Green=2010874, Red=2010874, Ir=2010874) | ACC(X=2.38547587394714, Y=-8.70363426208496, Z=-3.98776865005493) | HR=84 bpm | IBI=0 ms | Participant=P02
3088,HeartRate out of range,Row 3088 | Timestamp: 1710812115445 ms | PPG(Green=2011907, Red=2011907, Ir=2011907) | ACC(X=2.30883407592773, Y=-8.66770839691162, Z=-3.95184278488159) | HR=0 bpm | IBI=0 ms | Participant=P02
3089,IBI out of range,Row 3089 | Timestamp: 1710812115485 ms | PPG(Green=2013310, Red=2013310, Ir=2013310) | ACC(X=2.304044008255, Y=-8.68207836151123, Z=-3.97818827629089) | HR=85 bpm | IBI=0 ms | Participant=P02
3090,IBI out of range,Row 3090 | Timestamp: 1710812115525 ms | PPG(Green=2014646, Red=2014646, Ir=2014646) | ACC(X=2.31841444969177, Y=-8.658127784729, Z=-3.92070698738098) | HR=84 bpm | IBI=0 ms | Participant=P02
3091,IBI out of range,Row 3091 | Timestamp: 1710812115565 ms | PPG(Green=2016185, Red=2016185, Ir=2016185) | ACC(X=2.33517980575562, Y=-8.70602893829346, Z=-3.97818827629089) | HR=83 bpm | IBI=0 ms | Participant=P02
3092,IBI out of range,Row 3092 | Timestamp: 1710812115606 ms | PPG(Green=2017535, Red=2017535, Ir=2017535) | ACC(X=2.37829089164734, Y=-8.66531372070313, Z=-3.9135217666626) | HR=82 bpm | IBI=0 ms | Participant=P02
3093,IBI out of range,Row 3093 | Timestamp: 1710812115645 ms | PPG(Green=2018915, Red=2018915, Ir=2018915) | ACC(X=2.39745116233826, Y=-8.62699222564697, Z=-3.99016356468201) | HR=81 bpm | IBI=0 ms | Participant=P02
3094,IBI out of range,Row 3094 | Timestamp: 1710812115685 ms | PPG(Green=2020327, Red=2020327, Ir=2020327) | ACC(X=2.37350058555603, Y=-8.60543727874756, Z=-3.94705247879028) | HR=80 bpm | IBI=0 ms | Participant=P02
3095,IBI out of range,Row 3095 | Timestamp: 1710812115725 ms | PPG(Green=2018579, Red=2018579, Ir=2018579) | ACC(X=2.32080936431885, Y=-8.69165897369385, Z=-3.95423769950867) | HR=79 bpm | IBI=0 ms | Participant=P02
3096,IBI out of range,Row 3096 | Timestamp: 1710812115766 ms | PPG(Green=2014533, Red=2014533, Ir=2014533) | ACC(X=2.28248858451843, Y=-8.68207836151123, Z=-3.98776865005493) | HR=79 bpm | IBI=0 ms | Participant=P02
3097,IBI out of range,Row 3097 | Timestamp: 1710812115807 ms | PPG(Green=2010785, Red=2010785, Ir=2010785) | ACC(X=2.35673522949219, Y=-8.67728900909424, Z=-3.9590277671814) | HR=79 bpm | IBI=0 ms | Participant=P02
3098,IBI out of range,Row 3098 | Timestamp: 1710812115846 ms | PPG(Green=2008733, Red=2008733, Ir=2008733) | ACC(X=2.36152529716492, Y=-8.68686866760254, Z=-3.93747234344482) | HR=79 bpm | IBI=0 ms | Participant=P02
3099,IBI out of range,Row 3099 | Timestamp: 1710812115886 ms | PPG(Green=2008102, Red=2008102, Ir=2008102) | ACC(X=2.30643916130066, Y=-8.69644927978516, Z=-3.9590277671814) | HR=79 bpm | IBI=0 ms | Participant=P02
3100,IBI out of range,Row 3100 | Timestamp: 1710812115926 ms | PPG(Green=2008044, Red=2008044, Ir=2008044) | ACC(X=2.38308095932007, Y=-8.66052341461182, Z=-4.0045337677002) | HR=79 bpm | IBI=0 ms | Participant=P02
3101,IBI out of range,Row 3101 | Timestamp: 1710812115966 ms | PPG(Green=2008460, Red=2008460, Ir=2008460) | ACC(X=2.3495500087738, Y=-8.67489337921143, Z=-3.93028712272644) | HR=79 bpm | IBI=0 ms | Participant=P02
3102,IBI out of range,Row 3102 | Timestamp: 1710812116007 ms | PPG(Green=2008716, Red=2008716, Ir=2008716) | ACC(X=2.28727865219116, Y=-8.66531372070313, Z=-3.92070698738098) | HR=79 bpm | IBI=0 ms | Participant=P02
3103,IBI out of range,Row 3103 | Timestamp: 1710812116047 ms | PPG(Green=2008401, Red=2008401, Ir=2008401) | ACC(X=2.37110567092896, Y=-8.6485481262207, Z=-3.96860814094543) | HR=79 bpm | IBI=0 ms | Participant=P02
3104,IBI out of range,Row 3104 | Timestamp: 1710812116087 ms | PPG(Green=2007769, Red=2007769, Ir=2007769) | ACC(X=2.40942645072937, Y=-8.66531372070313, Z=-3.98537349700928) | HR=78 bpm | IBI=0 ms | Participant=P02
3105,IBI out of range,Row 3105 | Timestamp: 1710812116127 ms | PPG(Green=2007791, Red=2007791, Ir=2007791) | ACC(X=2.342365026474, Y=-8.71081924438477, Z=-3.95663285255432) | HR=78 bpm | IBI=0 ms | Participant=P02
3106,IBI out of range,Row 3106 | Timestamp: 1710812116167 ms | PPG(Green=2008485, Red=2008485, Ir=2008485) | ACC(X=2.39505624771118, Y=-8.658127784729, Z=-3.9326822757721) | HR=78 bpm | IBI=0 ms | Participant=P02
3107,IBI out of range,Row 3107 | Timestamp: 1710812116208 ms | PPG(Green=2009520, Red=2009520, Ir=2009520) | ACC(X=2.35913038253784, Y=-8.66531372070313, Z=-4.00692892074585) | HR=77 bpm | IBI=0 ms | Participant=P02
3108,IBI out of range,Row 3108 | Timestamp: 1710812116247 ms | PPG(Green=2010625, Red=2010625, Ir=2010625) | ACC(X=2.37350058555603, Y=-8.6485481262207, Z=-3.94944763183594) | HR=76 bpm | IBI=0 ms | Participant=P02
3109,IBI out of range,Row 3109 | Timestamp: 1710812116287 ms | PPG(Green=2012166, Red=2012166, Ir=2012166) | ACC(X=2.33278465270996, Y=-8.658127784729, Z=-3.94226241111755) | HR=75 bpm | IBI=0 ms | Participant=P02
3110,IBI out of range,Row 3110 | Timestamp: 1710812116327 ms | PPG(Green=2013540, Red=2013540, Ir=2013540) | ACC(X=2.40703153610229, Y=-8.62938785552979, Z=-3.92310214042664) | HR=75 bpm | IBI=0 ms | Participant=P02
3111,IBI out of range,Row 3111 | Timestamp: 1710812116367 ms | PPG(Green=2015041, Red=2015041, Ir=2015041) | ACC(X=2.45253753662109, Y=-8.65333843231201, Z=-4.04045963287354) | HR=75 bpm | IBI=0 ms | Participant=P02
3112,IBI out of range,Row 3112 | Timestamp: 1710812116408 ms | PPG(Green=2016565, Red=2016565, Ir=2016565) | ACC(X=2.35673522949219, Y=-8.67489337921143, Z=-3.96142292022705) | HR=76 bpm | IBI=0 ms | Participant=P02
3113,IBI out of range,Row 3113 | Timestamp: 1710812116448 ms | PPG(Green=2018066, Red=2018066, Ir=2018066) | ACC(X=2.37589573860169, Y=-8.64615249633789, Z=-3.93028712272644) | HR=76 bpm | IBI=0 ms | Participant=P02
3114,IBI out of range,Row 3114 | Timestamp: 1710812116488 ms | PPG(Green=2019603, Red=2019603, Ir=2019603) | ACC(X=2.31601929664612, Y=-8.67010307312012, Z=-3.95184278488159) | HR=75 bpm | IBI=0 ms | Participant=P02
3115,IBI out of range,Row 3115 | Timestamp: 1710812116528 ms | PPG(Green=2018677, Red=2018677, Ir=2018677) | ACC(X=2.34715509414673, Y=-8.71321487426758, Z=-3.94705247879028) | HR=74 bpm | IBI=0 ms | Participant=P02
3116,IBI out of range,Row 3116 | Timestamp: 1710812116568 ms | PPG(Green=2014817, Red=2014817, Ir=2014817) | ACC(X=2.304044008255, Y=-8.62699222564697, Z=-3.96381807327271) | HR=75 bpm | IBI=0 ms | Participant=P02
3117,IBI out of range,Row 3117 | Timestamp: 1710812116609 ms | PPG(Green=2011203, Red=2011203, Ir=2011203) | ACC(X=2.32799458503723, Y=-8.71321487426758, Z=-3.90873169898987) | HR=75 bpm | IBI=0 ms | Participant=P02
3118,IBI out of range,Row 3118 | Timestamp: 1710812116648 ms | PPG(Green=2009136, Red=2009136, Ir=2009136) | ACC(X=2.342365026474, Y=-8.66291809082031, Z=-3.95423769950867) | HR=74 bpm | IBI=0 ms | Participant=P02
3119,IBI out of range,Row 3119 | Timestamp: 1710812116688 ms | PPG(Green=2008565, Red=2008565, Ir=2008565) | ACC(X=2.35913038253784, Y=-8.74674510955811, Z=-3.96142292022705) | HR=75 bpm | IBI=0 ms | Participant=P02
3120,IBI out of range,Row 3120 | Timestamp: 1710812116728 ms | PPG(Green=2008568, Red=2008568, Ir=2008568) | ACC(X=2.31122922897339, Y=-8.63657283782959, Z=-3.98537349700928) | HR=75 bpm | IBI=0 ms | Participant=P02
3121,IBI out of range,Row 3121 | Timestamp: 1710812116768 ms | PPG(Green=2009187, Red=2009187, Ir=2009187) | ACC(X=2.37589573860169, Y=-8.67968368530273, Z=-3.95184278488159) | HR=75 bpm | IBI=0 ms | Participant=P02
3122,IBI out of range,Row 3122 | Timestamp: 1710812116809 ms | PPG(Green=2009594, Red=2009594, Ir=2009594) | ACC(X=2.37589573860169, Y=-8.64375782012939, Z=-3.96860814094543) | HR=75 bpm | IBI=0 ms | Participant=P02
3123,IBI out of range,Row 3123 | Timestamp: 1710812116849 ms | PPG(Green=2009589, Red=2009589, Ir=2009589) | ACC(X=2.34475994110107, Y=-8.63417720794678, Z=-3.94944763183594) | HR=74 bpm | IBI=0 ms | Participant=P02
3124,IBI out of range,Row 3124 | Timestamp: 1710812116889 ms | PPG(Green=2009097, Red=2009097, Ir=2009097) | ACC(X=2.40463638305664, Y=-8.65573310852051, Z=-3.98058342933655) | HR=74 bpm | IBI=0 ms | Participant=P02
3125,IBI out of range,Row 3125 | Timestamp: 1710812116929 ms | PPG(Green=2009129, Red=2009129, Ir=2009129) | ACC(X=2.30643916130066, Y=-8.69405364990234, Z=-3.92549705505371) | HR=74 bpm | IBI=0 ms | Participant=P02
3126,IBI out of range,Row 3126 | Timestamp: 1710812116969 ms | PPG(Green=2009592, Red=2009592, Ir=2009592) | ACC(X=2.40463638305664, Y=-8.63178253173828, Z=-3.96381807327271) | HR=73 bpm | IBI=0 ms | Participant=P02
3127,IBI out of range,Row 3127 | Timestamp: 1710812117010 ms | PPG(Green=2010673, Red=2010673, Ir=2010673) | ACC(X=2.40224146842957, Y=-8.68207836151123, Z=-3.97579336166382) | HR=73 bpm | IBI=0 ms | Participant=P02
3128,IBI out of range,Row 3128 | Timestamp: 1710812117049 ms | PPG(Green=2011804, Red=2011804, Ir=2011804) | ACC(X=2.29925394058228, Y=-8.65573310852051, Z=-3.99255871772766) | HR=72 bpm | IBI=0 ms | Participant=P02
3129,IBI out of range,Row 3129 | Timestamp: 1710812117089 ms | PPG(Green=2013406, Red=2013406, Ir=2013406) | ACC(X=2.38068580627441, Y=-8.70602893829346, Z=-3.94465756416321) | HR=71 bpm | IBI=0 ms | Participant=P02
3130,IBI out of range,Row 3130 | Timestamp: 1710812117129 ms | PPG(Green=2014877, Red=2014877, Ir=2014877) | ACC(X=2.32080936431885, Y=-8.63657283782959, Z=-3.95663285255432) | HR=71 bpm | IBI=0 ms | Participant=P02
3131,IBI out of range,Row 3131 | Timestamp: 1710812117169 ms | PPG(Green=2016497, Red=2016497, Ir=2016497) | ACC(X=2.32080936431885, Y=-8.70842456817627, Z=-3.94465756416321) | HR=70 bpm | IBI=0 ms | Participant=P02
3132,IBI out of range,Row 3132 | Timestamp: 1710812117210 ms | PPG(Green=2018107, Red=2018107, Ir=2018107) | ACC(X=2.26093292236328, Y=-8.69405364990234, Z=-3.92310214042664) | HR=70 bpm | IBI=0 ms | Participant=P02
3133,IBI out of range,Row 3133 | Timestamp: 1710812117250 ms | PPG(Green=2019571, Red=2019571, Ir=2019571) | ACC(X=2.36631560325623, Y=-8.61022663116455, Z=-3.99016356468201) | HR=70 bpm | IBI=0 ms | Participant=P02
3134,IBI out of range,Row 3134 | Timestamp: 1710812117290 ms | PPG(Green=2021136, Red=2021136, Ir=2021136) | ACC(X=2.37589573860169, Y=-8.68207836151123, Z=-3.94465756416321) | HR=70 bpm | IBI=0 ms | Participant=P02
3135,IBI out of range,Row 3135 | Timestamp: 1710812117330 ms | PPG(Green=2021724, Red=2021724, Ir=2021724) | ACC(X=2.39984631538391, Y=-8.70123958587646, Z=-4.01411437988281) | HR=70 bpm | IBI=0 ms | Participant=P02
3136,IBI out of range,Row 3136 | Timestamp: 1710812117370 ms | PPG(Green=2018693, Red=2018693, Ir=2018693) | ACC(X=2.36392045021057, Y=-8.63896751403809, Z=-4.0093240737915) | HR=69 bpm | IBI=0 ms | Participant=P02
3137,IBI out of range,Row 3137 | Timestamp: 1710812117411 ms | PPG(Green=2015067, Red=2015067, Ir=2015067) | ACC(X=2.35913038253784, Y=-8.69884395599365, Z=-3.98776865005493) | HR=69 bpm | IBI=0 ms | Participant=P02
3138,IBI out of range,Row 3138 | Timestamp: 1710812117450 ms | PPG(Green=2012601, Red=2012601, Ir=2012601) | ACC(X=2.32799458503723, Y=-8.68926429748535, Z=-3.97100305557251) | HR=69 bpm | IBI=0 ms | Participant=P02
3139,IBI out of range,Row 3139 | Timestamp: 1710812117490 ms | PPG(Green=2011717, Red=2011717, Ir=2011717) | ACC(X=2.42858695983887, Y=-8.66291809082031, Z=-3.94944763183594) | HR=69 bpm | IBI=0 ms | Participant=P02
3140,IBI out of range,Row 3140 | Timestamp: 1710812117530 ms | PPG(Green=2011774, Red=2011774, Ir=2011774) | ACC(X=2.24656271934509, Y=-8.6485481262207, Z=-4.0021390914917) | HR=69 bpm | IBI=0 ms | Participant=P02
3141,IBI out of range,Row 3141 | Timestamp: 1710812117570 ms | PPG(Green=2012541, Red=2012541, Ir=2012541) | ACC(X=2.342365026474, Y=-8.69405364990234, Z=-3.98058342933655) | HR=69 bpm | IBI=0 ms | Participant=P02
3142,IBI out of range,Row 3142 | Timestamp: 1710812117611 ms | PPG(Green=2013445, Red=2013445, Ir=2013445) | ACC(X=2.39266109466553, Y=-8.70363426208496, Z=-3.92789220809936) | HR=69 bpm | IBI=0 ms | Participant=P02
3143,IBI out of range,Row 3143 | Timestamp: 1710812117651 ms | PPG(Green=2013529, Red=2013529, Ir=2013529) | ACC(X=2.40463638305664, Y=-8.64375782012939, Z=-3.93986749649048) | HR=70 bpm | IBI=0 ms | Participant=P02
3144,IBI out of range,Row 3144 | Timestamp: 1710812117691 ms | PPG(Green=2013368, Red=2013368, Ir=2013368) | ACC(X=2.37589573860169, Y=-8.68447399139404, Z=-3.97579336166382) | HR=71 bpm | IBI=0 ms | Participant=P02
3145,IBI out of range,Row 3145 | Timestamp: 1710812117731 ms | PPG(Green=2013224, Red=2013224, Ir=2013224) | ACC(X=2.37589573860169, Y=-8.658127784729, Z=-4.00692892074585) | HR=72 bpm | IBI=0 ms | Participant=P02
3146,IBI out of range,Row 3146 | Timestamp: 1710812117771 ms | PPG(Green=2013691, Red=2013691, Ir=2013691) | ACC(X=2.33517980575562, Y=-8.67728900909424, Z=-3.91112685203552) | HR=73 bpm | IBI=0 ms | Participant=P02
3147,IBI out of range,Row 3147 | Timestamp: 1710812117812 ms | PPG(Green=2014522, Red=2014522, Ir=2014522) | ACC(X=2.35673522949219, Y=-8.68207836151123, Z=-3.95423769950867) | HR=75 bpm | IBI=0 ms | Participant=P02
3148,IBI out of range,Row 3148 | Timestamp: 1710812117851 ms | PPG(Green=2015899, Red=2015899, Ir=2015899) | ACC(X=2.31841444969177, Y=-8.658127784729, Z=-4.03327465057373) | HR=75 bpm | IBI=0 ms | Participant=P02
3149,IBI out of range,Row 3149 | Timestamp: 1710812117891 ms | PPG(Green=2017332, Red=2017332, Ir=2017332) | ACC(X=2.32799458503723, Y=-8.66770839691162, Z=-4.00692892074585) | HR=75 bpm | IBI=0 ms | Participant=P02
3150,IBI out of range,Row 3150 | Timestamp: 1710812117931 ms | PPG(Green=2018921, Red=2018921, Ir=2018921) | ACC(X=2.31841444969177, Y=-8.67249870300293, Z=-3.96381807327271) | HR=74 bpm | IBI=0 ms | Participant=P02
3151,IBI out of range,Row 3151 | Timestamp: 1710812117972 ms | PPG(Green=2020478, Red=2020478, Ir=2020478) | ACC(X=2.28248858451843, Y=-8.68686866760254, Z=-4.0021390914917) | HR=74 bpm | IBI=0 ms | Participant=P02
3152,IBI out of range,Row 3152 | Timestamp: 1710812118012 ms | PPG(Green=2022084, Red=2022084, Ir=2022084) | ACC(X=2.32799458503723, Y=-8.71800422668457, Z=-3.99016356468201) | HR=73 bpm | IBI=0 ms | Participant=P02
3153,IBI out of range,Row 3153 | Timestamp: 1710812118052 ms | PPG(Green=2023681, Red=2023681, Ir=2023681) | ACC(X=2.33757495880127, Y=-8.64615249633789, Z=-3.97579336166382) | HR=72 bpm | IBI=0 ms | Participant=P02
3154,IBI out of range,Row 3154 | Timestamp: 1710812118092 ms | PPG(Green=2025415, Red=2025415, Ir=2025415) | ACC(X=2.43098211288452, Y=-8.61741256713867, Z=-3.92789220809936) | HR=71 bpm | IBI=0 ms | Participant=P02
3155,IBI out of range,Row 3155 | Timestamp: 1710812118132 ms | PPG(Green=2026405, Red=2026405, Ir=2026405) | ACC(X=2.39266109466553, Y=-8.68447399139404, Z=-3.98776865005493) | HR=70 bpm | IBI=0 ms | Participant=P02
3156,IBI out of range,Row 3156 | Timestamp: 1710812118172 ms | PPG(Green=2023942, Red=2023942, Ir=2023942) | ACC(X=2.38308095932007, Y=-8.61262226104736, Z=-3.99255871772766) | HR=70 bpm | IBI=0 ms | Participant=P02
3157,IBI out of range,Row 3157 | Timestamp: 1710812118213 ms | PPG(Green=2020561, Red=2020561, Ir=2020561) | ACC(X=2.37110567092896, Y=-8.67489337921143, Z=-3.94226241111755) | HR=69 bpm | IBI=0 ms | Participant=P02
3158,IBI out of range,Row 3158 | Timestamp: 1710812118252 ms | PPG(Green=2018095, Red=2018095, Ir=2018095) | ACC(X=2.35434031486511, Y=-8.68926429748535, Z=-3.94465756416321) | HR=69 bpm | IBI=0 ms | Participant=P02
3159,IBI out of range,Row 3159 | Timestamp: 1710812118292 ms | PPG(Green=2017464, Red=2017464, Ir=2017464) | ACC(X=2.31362438201904, Y=-8.72279453277588, Z=-3.99255871772766) | HR=68 bpm | IBI=0 ms | Participant=P02
3160,IBI out of range,Row 3160 | Timestamp: 1710812118333 ms | PPG(Green=2017558, Red=2017558, Ir=2017558) | ACC(X=2.34715509414673, Y=-8.62220191955566, Z=-4.03566980361938) | HR=69 bpm | IBI=0 ms | Participant=P02
3161,IBI out of range,Row 3161 | Timestamp: 1710812118373 ms | PPG(Green=2018803, Red=2018803, Ir=2018803) | ACC(X=2.29925394058228, Y=-8.64615249633789, Z=-3.95184278488159) | HR=69 bpm | IBI=0 ms | Participant=P02
3162,IBI out of range,Row 3162 | Timestamp: 1710812118413 ms | PPG(Green=2019847, Red=2019847, Ir=2019847) | ACC(X=2.33996987342834, Y=-8.67010307312012, Z=-4.01171922683716) | HR=69 bpm | IBI=0 ms | Participant=P02
3163,IBI out of range,Row 3163 | Timestamp: 1710812118453 ms | PPG(Green=2020262, Red=2020262, Ir=2020262) | ACC(X=2.34475994110107, Y=-8.69644927978516, Z=-3.95663285255432) | HR=69 bpm | IBI=0 ms | Participant=P02
3164,HeartRate out of range,Row 3164 | Timestamp: 1710812118493 ms | PPG(Green=2020267, Red=2020267, Ir=2020267) | ACC(X=2.39026618003845, Y=-8.70602893829346, Z=-4.03087949752808) | HR=0 bpm | IBI=0 ms | Participant=P02
3165,IBI out of range,Row 3165 | Timestamp: 1710812118533 ms | PPG(Green=2020201, Red=2020201, Ir=2020201) | ACC(X=2.33278465270996, Y=-8.68926429748535, Z=-4.00692892074585) | HR=68 bpm | IBI=0 ms | Participant=P02
3166,IBI out of range,Row 3166 | Timestamp: 1710812118573 ms | PPG(Green=2020675, Red=2020675, Ir=2020675) | ACC(X=2.24416756629944, Y=-8.64375782012939, Z=-3.95184278488159) | HR=68 bpm | IBI=0 ms | Participant=P02
3167,IBI out of range,Row 3167 | Timestamp: 1710812118614 ms | PPG(Green=2021665, Red=2021665, Ir=2021665) | ACC(X=2.29925394058228, Y=-8.65573310852051, Z=-3.96860814094543) | HR=69 bpm | IBI=0 ms | Participant=P02
3168,IBI out of range,Row 3168 | Timestamp: 1710812118653 ms | PPG(Green=2022966, Red=2022966, Ir=2022966) | ACC(X=2.31841444969177, Y=-8.64615249633789, Z=-3.98297834396362) | HR=70 bpm | IBI=0 ms | Participant=P02
3169,IBI out of range,Row 3169 | Timestamp: 1710812118693 ms | PPG(Green=2024486, Red=2024486, Ir=2024486) | ACC(X=2.33278465270996, Y=-8.6485481262207, Z=-3.97818827629089) | HR=70 bpm | IBI=0 ms | Participant=P02
3170,IBI out of range,Row 3170 | Timestamp: 1710812118733 ms | PPG(Green=2026090, Red=2026090, Ir=2026090) | ACC(X=2.33757495880127, Y=-8.62938785552979, Z=-3.94705247879028) | HR=70 bpm | IBI=0 ms | Participant=P02
3171,IBI out of range,Row 3171 | Timestamp: 1710812118774 ms | PPG(Green=2027852, Red=2027852, Ir=2027852) | ACC(X=2.31841444969177, Y=-8.70842456817627, Z=-3.9590277671814) | HR=71 bpm | IBI=0 ms | Participant=P02
3172,IBI out of range,Row 3172 | Timestamp: 1710812118814 ms | PPG(Green=2029315, Red=2029315, Ir=2029315) | ACC(X=2.32799458503723, Y=-8.71081924438477, Z=-3.97579336166382) | HR=70 bpm | IBI=0 ms | Participant=P02
3173,IBI out of range,Row 3173 | Timestamp: 1710812118854 ms | PPG(Green=2030879, Red=2030879, Ir=2030879) | ACC(X=2.31841444969177, Y=-8.65573310852051, Z=-3.94705247879028) | HR=71 bpm | IBI=0 ms | Participant=P02
3174,IBI out of range,Row 3174 | Timestamp: 1710812118894 ms | PPG(Green=2032454, Red=2032454, Ir=2032454) | ACC(X=2.33278465270996, Y=-8.70363426208496, Z=-3.97818827629089) | HR=70 bpm | IBI=0 ms | Participant=P02
3175,IBI out of range,Row 3175 | Timestamp: 1710812118934 ms | PPG(Green=2033796, Red=2033796, Ir=2033796) | ACC(X=2.36631560325623, Y=-8.658127784729, Z=-3.94944763183594) | HR=69 bpm | IBI=0 ms | Participant=P02
3176,IBI out of range,Row 3176 | Timestamp: 1710812118974 ms | PPG(Green=2031921, Red=2031921, Ir=2031921) | ACC(X=2.342365026474, Y=-8.69884395599365, Z=-3.99495363235474) | HR=69 bpm | IBI=0 ms | Participant=P02
3177,IBI out of range,Row 3177 | Timestamp: 1710812119015 ms | PPG(Green=2028118, Red=2028118, Ir=2028118) | ACC(X=2.3878710269928, Y=-8.62699222564697, Z=-3.92789220809936) | HR=69 bpm | IBI=0 ms | Participant=P02
3178,IBI out of range,Row 3178 | Timestamp: 1710812119055 ms | PPG(Green=2024848, Red=2024848, Ir=2024848) | ACC(X=2.29206871986389, Y=-8.66291809082031, Z=-4.01650905609131) | HR=69 bpm | IBI=0 ms | Participant=P02
3179,IBI out of range,Row 3179 | Timestamp: 1710812119095 ms | PPG(Green=2023161, Red=2023161, Ir=2023161) | ACC(X=2.32080936431885, Y=-8.66770839691162, Z=-3.93028712272644) | HR=70 bpm | IBI=0 ms | Participant=P02
3180,IBI out of range,Row 3180 | Timestamp: 1710812119135 ms | PPG(Green=2022584, Red=2022584, Ir=2022584) | ACC(X=2.35673522949219, Y=-8.67968368530273, Z=-3.95663285255432) | HR=70 bpm | IBI=0 ms | Participant=P02
3181,IBI out of range,Row 3181 | Timestamp: 1710812119175 ms | PPG(Green=2022942, Red=2022942, Ir=2022942) | ACC(X=2.304044008255, Y=-8.72758483886719, Z=-3.87759590148926) | HR=70 bpm | IBI=0 ms | Participant=P02
3182,IBI out of range,Row 3182 | Timestamp: 1710812119216 ms | PPG(Green=2023631, Red=2023631, Ir=2023631) | ACC(X=2.33996987342834, Y=-8.71321487426758, Z=-3.96142292022705) | HR=70 bpm | IBI=0 ms | Participant=P02
3183,IBI out of range,Row 3183 | Timestamp: 1710812119255 ms | PPG(Green=2023771, Red=2023771, Ir=2023771) | ACC(X=2.33517980575562, Y=-8.67968368530273, Z=-3.9590277671814) | HR=69 bpm | IBI=0 ms | Participant=P02
3184,IBI out of range,Row 3184 | Timestamp: 1710812119295 ms | PPG(Green=2023066, Red=2023066, Ir=2023066) | ACC(X=2.30164909362793, Y=-8.63417720794678, Z=-3.97818827629089) | HR=69 bpm | IBI=0 ms | Participant=P02
3185,IBI out of range,Row 3185 | Timestamp: 1710812119335 ms | PPG(Green=2022424, Red=2022424, Ir=2022424) | ACC(X=2.342365026474, Y=-8.61741256713867, Z=-3.94944763183594) | HR=68 bpm | IBI=0 ms | Participant=P02
3186,IBI out of range,Row 3186 | Timestamp: 1710812119375 ms | PPG(Green=2022219, Red=2022219, Ir=2022219) | ACC(X=2.33757495880127, Y=-8.68207836151123, Z=-3.97339820861816) | HR=69 bpm | IBI=0 ms | Participant=P02
3187,IBI out of range,Row 3187 | Timestamp: 1710812119416 ms | PPG(Green=2022592, Red=2022592, Ir=2022592) | ACC(X=2.31362438201904, Y=-8.66052341461182, Z=-3.94705247879028) | HR=69 bpm | IBI=0 ms | Participant=P02
3188,IBI out of range,Row 3188 | Timestamp: 1710812119456 ms | PPG(Green=2023320, Red=2023320, Ir=2023320) | ACC(X=2.29685878753662, Y=-8.68686866760254, Z=-3.95184278488159) | HR=69 bpm | IBI=0 ms | Participant=P02
3189,IBI out of range,Row 3189 | Timestamp: 1710812119496 ms | PPG(Green=2024212, Red=2024212, Ir=2024212) | ACC(X=2.36152529716492, Y=-8.67010307312012, Z=-3.97818827629089) | HR=70 bpm | IBI=0 ms | Participant=P02
3190,IBI out of range,Row 3190 | Timestamp: 1710812119536 ms | PPG(Green=2025341, Red=2025341, Ir=2025341) | ACC(X=2.33757495880127, Y=-8.67010307312012, Z=-3.99974393844604) | HR=70 bpm | IBI=0 ms | Participant=P02
3191,IBI out of range,Row 3191 | Timestamp: 1710812119576 ms | PPG(Green=2026593, Red=2026593, Ir=2026593) | ACC(X=2.342365026474, Y=-8.65573310852051, Z=-3.99016356468201) | HR=71 bpm | IBI=0 ms | Participant=P02
3192,IBI out of range,Row 3192 | Timestamp: 1710812119617 ms | PPG(Green=2027779, Red=2027779, Ir=2027779) | ACC(X=2.25374794006348, Y=-8.66052341461182, Z=-4.03087949752808) | HR=71 bpm | IBI=0 ms | Participant=P02
3193,IBI out of range,Row 3193 | Timestamp: 1710812119657 ms | PPG(Green=2029062, Red=2029062, Ir=2029062) | ACC(X=2.342365026474, Y=-8.658127784729, Z=-3.97100305557251) | HR=71 bpm | IBI=0 ms | Participant=P02
3194,IBI out of range,Row 3194 | Timestamp: 1710812119696 ms | PPG(Green=2030498, Red=2030498, Ir=2030498) | ACC(X=2.39026618003845, Y=-8.61262226104736, Z=-3.94705247879028) | HR=70 bpm | IBI=0 ms | Participant=P02
3195,IBI out of range,Row 3195 | Timestamp: 1710812119737 ms | PPG(Green=2031470, Red=2031470, Ir=2031470) | ACC(X=2.40463638305664, Y=-8.6509428024292, Z=-3.95184278488159) | HR=70 bpm | IBI=0 ms | Participant=P02
3196,IBI out of range,Row 3196 | Timestamp: 1710812119777 ms | PPG(Green=2029247, Red=2029247, Ir=2029247) | ACC(X=2.37829089164734, Y=-8.64615249633789, Z=-4.0021390914917) | HR=70 bpm | IBI=0 ms | Participant=P02
3197,IBI out of range,Row 3197 | Timestamp: 1710812119818 ms | PPG(Green=2025005, Red=2025005, Ir=2025005) | ACC(X=2.3687105178833, Y=-8.63178253173828, Z=-3.92070698738098) | HR=70 bpm | IBI=0 ms | Participant=P02
3198,IBI out of range,Row 3198 | Timestamp: 1710812119857 ms | PPG(Green=2021502, Red=2021502, Ir=2021502) | ACC(X=2.35194516181946, Y=-8.72758483886719, Z=-3.95184278488159) | HR=70 bpm | IBI=0 ms | Participant=P02
3199,IBI out of range,Row 3199 | Timestamp: 1710812119897 ms | PPG(Green=2019426, Red=2019426, Ir=2019426) | ACC(X=2.35673522949219, Y=-8.69165897369385, Z=-3.95663285255432) | HR=69 bpm | IBI=0 ms | Participant=P02
3200,IBI out of range,Row 3200 | Timestamp: 1710812119937 ms | PPG(Green=2018565, Red=2018565, Ir=2018565) | ACC(X=2.35434031486511, Y=-8.65573310852051, Z=-3.92310214042664) | HR=69 bpm | IBI=0 ms | Participant=P02
3201,IBI out of range,Row 3201 | Timestamp: 1710812119977 ms | PPG(Green=2018617, Red=2018617, Ir=2018617) | ACC(X=2.34715509414673, Y=-8.62220191955566, Z=-3.93028712272644) | HR=68 bpm | IBI=0 ms | Participant=P02
3202,IBI out of range,Row 3202 | Timestamp: 1710812120018 ms | PPG(Green=2018741, Red=2018741, Ir=2018741) | ACC(X=2.39984631538391, Y=-8.6509428024292, Z=-3.9326822757721) | HR=67 bpm | IBI=0 ms | Participant=P02
3203,IBI out of range,Row 3203 | Timestamp: 1710812120058 ms | PPG(Green=2018269, Red=2018269, Ir=2018269) | ACC(X=2.42379689216614, Y=-8.66052341461182, Z=-3.97100305557251) | HR=68 bpm | IBI=0 ms | Participant=P02
3204,IBI out of range,Row 3204 | Timestamp: 1710812120098 ms | PPG(Green=2017071, Red=2017071, Ir=2017071) | ACC(X=2.39505624771118, Y=-8.63896751403809, Z=-3.97579336166382) | HR=68 bpm | IBI=0 ms | Participant=P02
3205,IBI out of range,Row 3205 | Timestamp: 1710812120138 ms | PPG(Green=2016066, Red=2016066, Ir=2016066) | ACC(X=2.44056224822998, Y=-8.68686866760254, Z=-3.96142292022705) | HR=67 bpm | IBI=0 ms | Participant=P02
3206,IBI out of range,Row 3206 | Timestamp: 1710812120178 ms | PPG(Green=2015512, Red=2015512, Ir=2015512) | ACC(X=2.39745116233826, Y=-8.64615249633789, Z=-3.98537349700928) | HR=68 bpm | IBI=0 ms | Participant=P02
3207,IBI out of range,Row 3207 | Timestamp: 1710812120219 ms | PPG(Green=2015388, Red=2015388, Ir=2015388) | ACC(X=2.45493268966675, Y=-8.70842456817627, Z=-3.95423769950867) | HR=69 bpm | IBI=0 ms | Participant=P02
3208,IBI out of range,Row 3208 | Timestamp: 1710812120258 ms | PPG(Green=2015727, Red=2015727, Ir=2015727) | ACC(X=2.46211767196655, Y=-8.66291809082031, Z=-3.96381807327271) | HR=70 bpm | IBI=0 ms | Participant=P02
3209,IBI out of range,Row 3209 | Timestamp: 1710812120298 ms | PPG(Green=2016489, Red=2016489, Ir=2016489) | ACC(X=2.38068580627441, Y=-8.61980724334717, Z=-4.0476450920105) | HR=73 bpm | IBI=0 ms | Participant=P02
3210,IBI out of range,Row 3210 | Timestamp: 1710812120339 ms | PPG(Green=2017308, Red=2017308, Ir=2017308) | ACC(X=2.44056224822998, Y=-8.61022663116455, Z=-4.06920051574707) | HR=72 bpm | IBI=0 ms | Participant=P02
3211,IBI out of range,Row 3211 | Timestamp: 1710812120379 ms | PPG(Green=2018049, Red=2018049, Ir=2018049) | ACC(X=2.36152529716492, Y=-8.71081924438477, Z=-3.9135217666626) | HR=72 bpm | IBI=0 ms | Participant=P02
3212,IBI out of range,Row 3212 | Timestamp: 1710812120420 ms | PPG(Green=2018954, Red=2018954, Ir=2018954) | ACC(X=2.42379689216614, Y=-8.59106636047363, Z=-3.96860814094543) | HR=74 bpm | IBI=0 ms | Participant=P02
3213,IBI out of range,Row 3213 | Timestamp: 1710812120459 ms | PPG(Green=2019929, Red=2019929, Ir=2019929) | ACC(X=2.39505624771118, Y=-8.66770839691162, Z=-3.98537349700928) | HR=75 bpm | IBI=0 ms | Participant=P02
3214,IBI out of range,Row 3214 | Timestamp: 1710812120499 ms | PPG(Green=2020534, Red=2020534, Ir=2020534) | ACC(X=2.37829089164734, Y=-8.68926429748535, Z=-3.94944763183594) | HR=74 bpm | IBI=0 ms | Participant=P02
3215,IBI out of range,Row 3215 | Timestamp: 1710812120539 ms | PPG(Green=2017980, Red=2017980, Ir=2017980) | ACC(X=2.40224146842957, Y=-8.68207836151123, Z=-3.95423769950867) | HR=74 bpm | IBI=0 ms | Participant=P02
3216,IBI out of range,Row 3216 | Timestamp: 1710812120579 ms | PPG(Green=2013955, Red=2013955, Ir=2013955) | ACC(X=2.31601929664612, Y=-8.62220191955566, Z=-3.92789220809936) | HR=73 bpm | IBI=0 ms | Participant=P02
3217,IBI out of range,Row 3217 | Timestamp: 1710812120620 ms | PPG(Green=2010400, Red=2010400, Ir=2010400) | ACC(X=2.36152529716492, Y=-8.67968368530273, Z=-3.97579336166382) | HR=73 bpm | IBI=0 ms | Participant=P02
3218,IBI out of range,Row 3218 | Timestamp: 1710812120660 ms | PPG(Green=2008603, Red=2008603, Ir=2008603) | ACC(X=2.3495500087738, Y=-8.59825134277344, Z=-3.94944763183594) | HR=75 bpm | IBI=0 ms | Participant=P02
3219,IBI out of range,Row 3219 | Timestamp: 1710812120700 ms | PPG(Green=2008075, Red=2008075, Ir=2008075) | ACC(X=2.38068580627441, Y=-8.58867168426514, Z=-3.94465756416321) | HR=75 bpm | IBI=0 ms | Participant=P02
3220,IBI out of range,Row 3220 | Timestamp: 1710812120740 ms | PPG(Green=2008476, Red=2008476, Ir=2008476) | ACC(X=2.32080936431885, Y=-8.69405364990234, Z=-4.05004024505615) | HR=76 bpm | IBI=0 ms | Participant=P02
3221,IBI out of range,Row 3221 | Timestamp: 1710812120780 ms | PPG(Green=2008824, Red=2008824, Ir=2008824) | ACC(X=2.32080936431885, Y=-8.68207836151123, Z=-4.03327465057373) | HR=77 bpm | IBI=0 ms | Participant=P02
3222,IBI out of range,Row 3222 | Timestamp: 1710812120821 ms | PPG(Green=2008497, Red=2008497, Ir=2008497) | ACC(X=2.37589573860169, Y=-8.68926429748535, Z=-4.02848434448242) | HR=77 bpm | IBI=0 ms | Participant=P02
3224,IBI out of range,Row 3224 | Timestamp: 1710812120901 ms | PPG(Green=2006961, Red=2006961, Ir=2006961) | ACC(X=2.3687105178833, Y=-8.68447399139404, Z=-3.94944763183594) | HR=80 bpm | IBI=0 ms | Participant=P02
3225,IBI out of range,Row 3225 | Timestamp: 1710812120941 ms | PPG(Green=2006757, Red=2006757, Ir=2006757) | ACC(X=2.37589573860169, Y=-8.67728900909424, Z=-3.97818827629089) | HR=82 bpm | IBI=0 ms | Participant=P02
3226,IBI out of range,Row 3226 | Timestamp: 1710812120981 ms | PPG(Green=2007249, Red=2007249, Ir=2007249) | ACC(X=2.3232045173645, Y=-8.65573310852051, Z=-4.0045337677002) | HR=84 bpm | IBI=0 ms | Participant=P02
3227,IBI out of range,Row 3227 | Timestamp: 1710812121022 ms | PPG(Green=2008076, Red=2008076, Ir=2008076) | ACC(X=2.26332807540894, Y=-8.63657283782959, Z=-4.04045963287354) | HR=87 bpm | IBI=0 ms | Participant=P02
3228,IBI out of range,Row 3228 | Timestamp: 1710812121061 ms | PPG(Green=2009207, Red=2009207, Ir=2009207) | ACC(X=2.28009343147278, Y=-8.66770839691162, Z=-4.02369451522827) | HR=90 bpm | IBI=0 ms | Participant=P02
3229,IBI out of range,Row 3229 | Timestamp: 1710812121101 ms | PPG(Green=2010428, Red=2010428, Ir=2010428) | ACC(X=2.33757495880127, Y=-8.6509428024292, Z=-4.01171922683716) | HR=93 bpm | IBI=0 ms | Participant=P02
3230,HeartRate out of range,Row 3230 | Timestamp: 1710812121141 ms | PPG(Green=2011633, Red=2011633, Ir=2011633) | ACC(X=2.42379689216614, Y=-8.658127784729, Z=-4.01171922683716) | HR=0 bpm | IBI=0 ms | Participant=P02
3231,HeartRate out of range,Row 3231 | Timestamp: 1710812121181 ms | PPG(Green=2012932, Red=2012932, Ir=2012932) | ACC(X=2.39745116233826, Y=-8.67728900909424, Z=-3.96142292022705) | HR=0 bpm | IBI=0 ms | Participant=P02
3232,HeartRate out of range,Row 3232 | Timestamp: 1710812121222 ms | PPG(Green=2014127, Red=2014127, Ir=2014127) | ACC(X=2.32080936431885, Y=-8.69884395599365, Z=-4.02129936218262) | HR=0 bpm | IBI=0 ms | Participant=P02
3233,HeartRate out of range,Row 3233 | Timestamp: 1710812121262 ms | PPG(Green=2012185, Red=2012185, Ir=2012185) | ACC(X=2.36392045021057, Y=-8.69644927978516, Z=-4.01650905609131) | HR=0 bpm | IBI=0 ms | Participant=P02
3234,HeartRate out of range,Row 3234 | Timestamp: 1710812121302 ms | PPG(Green=2007544, Red=2007544, Ir=2007544) | ACC(X=2.36631560325623, Y=-8.6509428024292, Z=-3.98297834396362) | HR=0 bpm | IBI=0 ms | Participant=P02
3235,HeartRate out of range,Row 3235 | Timestamp: 1710812121342 ms | PPG(Green=2003259, Red=2003259, Ir=2003259) | ACC(X=2.31601929664612, Y=-8.63417720794678, Z=-3.98058342933655) | HR=0 bpm | IBI=0 ms | Participant=P02
3236,HeartRate out of range,Row 3236 | Timestamp: 1710812121382 ms | PPG(Green=2000852, Red=2000852, Ir=2000852) | ACC(X=2.29925394058228, Y=-8.65573310852051, Z=-4.01890420913696) | HR=0 bpm | IBI=0 ms | Participant=P02
3237,HeartRate out of range,Row 3237 | Timestamp: 1710812121423 ms | PPG(Green=1999782, Red=1999782, Ir=1999782) | ACC(X=2.3232045173645, Y=-8.61022663116455, Z=-4.02129936218262) | HR=0 bpm | IBI=0 ms | Participant=P02
3238,HeartRate out of range,Row 3238 | Timestamp: 1710812121463 ms | PPG(Green=1999622, Red=1999622, Ir=1999622) | ACC(X=2.26811814308167, Y=-8.69644927978516, Z=-3.96621298789978) | HR=0 bpm | IBI=0 ms | Participant=P02
3239,IBI out of range,Row 3239 | Timestamp: 1710812121503 ms | PPG(Green=1999718, Red=1999718, Ir=1999718) | ACC(X=2.24416756629944, Y=-8.70602893829346, Z=-3.96621298789978) | HR=108 bpm | IBI=0 ms | Participant=P02
3240,HeartRate out of range,Row 3240 | Timestamp: 1710812121543 ms | PPG(Green=1999364, Red=1999364, Ir=1999364) | ACC(X=2.3878710269928, Y=-8.68926429748535, Z=-4.0021390914917) | HR=0 bpm | IBI=0 ms | Participant=P02
3241,HeartRate out of range,Row 3241 | Timestamp: 1710812121583 ms | PPG(Green=1998223, Red=1998223, Ir=1998223) | ACC(X=2.304044008255, Y=-8.72758483886719, Z=-3.99974393844604) | HR=0 bpm | IBI=0 ms | Participant=P02
3242,HeartRate out of range,Row 3242 | Timestamp: 1710812121624 ms | PPG(Green=1997451, Red=1997451, Ir=1997451) | ACC(X=2.31362438201904, Y=-8.61022663116455, Z=-3.96621298789978) | HR=0 bpm | IBI=0 ms | Participant=P02
3243,HeartRate out of range,Row 3243 | Timestamp: 1710812121663 ms | PPG(Green=1997034, Red=1997034, Ir=1997034) | ACC(X=2.29206871986389, Y=-8.67249870300293, Z=-3.97339820861816) | HR=0 bpm | IBI=0 ms | Participant=P02
3244,HeartRate out of range,Row 3244 | Timestamp: 1710812121704 ms | PPG(Green=1997297, Red=1997297, Ir=1997297) | ACC(X=2.28727865219116, Y=-8.66531372070313, Z=-3.97100305557251) | HR=0 bpm | IBI=0 ms | Participant=P02
3245,HeartRate out of range,Row 3245 | Timestamp: 1710812121744 ms | PPG(Green=1998077, Red=1998077, Ir=1998077) | ACC(X=2.35434031486511, Y=-8.69405364990234, Z=-4.00692892074585) | HR=0 bpm | IBI=0 ms | Participant=P02
3246,HeartRate out of range,Row 3246 | Timestamp: 1710812121784 ms | PPG(Green=1998994, Red=1998994, Ir=1998994) | ACC(X=2.27530336380005, Y=-8.64615249633789, Z=-3.97339820861816) | HR=0 bpm | IBI=0 ms | Participant=P02
3247,HeartRate out of range,Row 3247 | Timestamp: 1710812121825 ms | PPG(Green=2000094, Red=2000094, Ir=2000094) | ACC(X=2.32559967041016, Y=-8.69884395599365, Z=-3.98297834396362) | HR=0 bpm | IBI=0 ms | Participant=P02
3248,HeartRate out of range,Row 3248 | Timestamp: 1710812121864 ms | PPG(Green=2001271, Red=2001271, Ir=2001271) | ACC(X=2.30883407592773, Y=-8.68686866760254, Z=-4.03806495666504) | HR=0 bpm | IBI=0 ms | Participant=P02
3249,IBI out of range,Row 3249 | Timestamp: 1710812121904 ms | PPG(Green=2002365, Red=2002365, Ir=2002365) | ACC(X=2.37350058555603, Y=-8.66770839691162, Z=-4.02129936218262) | HR=117 bpm | IBI=0 ms | Participant=P02
3250,IBI out of range,Row 3250 | Timestamp: 1710812121944 ms | PPG(Green=2003567, Red=2003567, Ir=2003567) | ACC(X=2.30883407592773, Y=-8.66291809082031, Z=-3.93028712272644) | HR=118 bpm | IBI=0 ms | Participant=P02
3251,IBI out of range,Row 3251 | Timestamp: 1710812121985 ms | PPG(Green=2004749, Red=2004749, Ir=2004749) | ACC(X=2.37829089164734, Y=-8.69165897369385, Z=-3.94226241111755) | HR=119 bpm | IBI=0 ms | Participant=P02
3252,HeartRate out of range,Row 3252 | Timestamp: 1710812122025 ms | PPG(Green=2002674, Red=2002674, Ir=2002674) | ACC(X=2.32799458503723, Y=-8.69884395599365, Z=-4.02608966827393) | HR=0 bpm | IBI=0 ms | Participant=P02
3253,HeartRate out of range,Row 3253 | Timestamp: 1710812122065 ms | PPG(Green=1997773, Red=1997773, Ir=1997773) | ACC(X=2.33996987342834, Y=-8.69405364990234, Z=-3.90633654594421) | HR=0 bpm | IBI=0 ms | Participant=P02
3254,HeartRate out of range,Row 3254 | Timestamp: 1710812122105 ms | PPG(Green=1993052, Red=1993052, Ir=1993052) | ACC(X=2.30643916130066, Y=-8.658127784729, Z=-3.92070698738098) | HR=0 bpm | IBI=0 ms | Participant=P02
3255,IBI out of range,Row 3255 | Timestamp: 1710812122145 ms | PPG(Green=1990149, Red=1990149, Ir=1990149) | ACC(X=2.25614285469055, Y=-8.7323751449585, Z=-3.9326822757721) | HR=121 bpm | IBI=0 ms | Participant=P02
3256,HeartRate out of range,Row 3256 | Timestamp: 1710812122185 ms | PPG(Green=1988603, Red=1988603, Ir=1988603) | ACC(X=2.29446387290955, Y=-8.67728900909424, Z=-4.00692892074585) | HR=0 bpm | IBI=0 ms | Participant=P02
3257,HeartRate out of range,Row 3257 | Timestamp: 1710812122226 ms | PPG(Green=1987825, Red=1987825, Ir=1987825) | ACC(X=2.30643916130066, Y=-8.67968368530273, Z=-3.98537349700928) | HR=0 bpm | IBI=0 ms | Participant=P02
3258,HeartRate out of range,Row 3258 | Timestamp: 1710812122266 ms | PPG(Green=1987440, Red=1987440, Ir=1987440) | ACC(X=2.39745116233826, Y=-8.63417720794678, Z=-4.01411437988281) | HR=0 bpm | IBI=0 ms | Participant=P02
3259,HeartRate out of range,Row 3259 | Timestamp: 1710812122306 ms | PPG(Green=1986998, Red=1986998, Ir=1986998) | ACC(X=2.34475994110107, Y=-8.70123958587646, Z=-3.93747234344482) | HR=0 bpm | IBI=0 ms | Participant=P02
3260,HeartRate out of range,Row 3260 | Timestamp: 1710812122346 ms | PPG(Green=1985870, Red=1985870, Ir=1985870) | ACC(X=2.33996987342834, Y=-8.70602893829346, Z=-3.99255871772766) | HR=0 bpm | IBI=0 ms | Participant=P02
3261,HeartRate out of range,Row 3261 | Timestamp: 1710812122386 ms | PPG(Green=1984116, Red=1984116, Ir=1984116) | ACC(X=2.28727865219116, Y=-8.68686866760254, Z=-3.95663285255432) | HR=0 bpm | IBI=0 ms | Participant=P02
3262,HeartRate out of range,Row 3262 | Timestamp: 1710812122427 ms | PPG(Green=1984282, Red=1984282, Ir=1984282) | ACC(X=2.31362438201904, Y=-8.6509428024292, Z=-4.0045337677002) | HR=0 bpm | IBI=0 ms | Participant=P02
3263,HeartRate out of range,Row 3263 | Timestamp: 1710812122466 ms | PPG(Green=1984910, Red=1984910, Ir=1984910) | ACC(X=2.33278465270996, Y=-8.67010307312012, Z=-3.93747234344482) | HR=0 bpm | IBI=0 ms | Participant=P02
3264,HeartRate out of range,Row 3264 | Timestamp: 1710812122506 ms | PPG(Green=1985788, Red=1985788, Ir=1985788) | ACC(X=2.37110567092896, Y=-8.6509428024292, Z=-3.98297834396362) | HR=0 bpm | IBI=0 ms | Participant=P02
3265,HeartRate out of range,Row 3265 | Timestamp: 1710812122546 ms | PPG(Green=1986686, Red=1986686, Ir=1986686) | ACC(X=2.29206871986389, Y=-8.64375782012939, Z=-3.94705247879028) | HR=0 bpm | IBI=0 ms | Participant=P02
3266,HeartRate out of range,Row 3266 | Timestamp: 1710812122586 ms | PPG(Green=1987867, Red=1987867, Ir=1987867) | ACC(X=2.31841444969177, Y=-8.67489337921143, Z=-3.99255871772766) | HR=0 bpm | IBI=0 ms | Participant=P02
3267,HeartRate out of range,Row 3267 | Timestamp: 1710812122627 ms | PPG(Green=1988992, Red=1988992, Ir=1988992) | ACC(X=2.28727865219116, Y=-8.68926429748535, Z=-3.99495363235474) | HR=0 bpm | IBI=0 ms | Participant=P02
3268,HeartRate out of range,Row 3268 | Timestamp: 1710812122667 ms | PPG(Green=1990161, Red=1990161, Ir=1990161) | ACC(X=2.32559967041016, Y=-8.72279453277588, Z=-3.95663285255432) | HR=0 bpm | IBI=0 ms | Participant=P02
3269,HeartRate out of range,Row 3269 | Timestamp: 1710812122707 ms | PPG(Green=1991507, Red=1991507, Ir=1991507) | ACC(X=2.32559967041016, Y=-8.59825134277344, Z=-3.94226241111755) | HR=0 bpm | IBI=0 ms | Participant=P02
3270,HeartRate out of range,Row 3270 | Timestamp: 1710812122747 ms | PPG(Green=1992656, Red=1992656, Ir=1992656) | ACC(X=2.37829089164734, Y=-8.64615249633789, Z=-3.95184278488159) | HR=0 bpm | IBI=0 ms | Participant=P02
3271,HeartRate out of range,Row 3271 | Timestamp: 1710812122787 ms | PPG(Green=1990297, Red=1990297, Ir=1990297) | ACC(X=2.29206871986389, Y=-8.68686866760254, Z=-3.9326822757721) | HR=0 bpm | IBI=0 ms | Participant=P02
3272,HeartRate out of range,Row 3272 | Timestamp: 1710812122827 ms | PPG(Green=1985477, Red=1985477, Ir=1985477) | ACC(X=2.35194516181946, Y=-8.71081924438477, Z=-3.99255871772766) | HR=0 bpm | IBI=0 ms | Participant=P02
3273,HeartRate out of range,Row 3273 | Timestamp: 1710812122867 ms | PPG(Green=1981350, Red=1981350, Ir=1981350) | ACC(X=2.32799458503723, Y=-8.64615249633789, Z=-3.93986749649048) | HR=0 bpm | IBI=0 ms | Participant=P02
3274,HeartRate out of range,Row 3274 | Timestamp: 1710812122907 ms | PPG(Green=1978902, Red=1978902, Ir=1978902) | ACC(X=2.37110567092896, Y=-8.72039985656738, Z=-3.98776865005493) | HR=0 bpm | IBI=0 ms | Participant=P02
3275,HeartRate out of range,Row 3275 | Timestamp: 1710812122947 ms | PPG(Green=1977593, Red=1977593, Ir=1977593) | ACC(X=2.30643916130066, Y=-8.62220191955566, Z=-4.0045337677002) | HR=0 bpm | IBI=0 ms | Participant=P02
3276,HeartRate out of range,Row 3276 | Timestamp: 1710812122987 ms | PPG(Green=1977077, Red=1977077, Ir=1977077) | ACC(X=2.37110567092896, Y=-8.64615249633789, Z=-4.03087949752808) | HR=0 bpm | IBI=0 ms | Participant=P02
3277,HeartRate out of range,Row 3277 | Timestamp: 1710812123028 ms | PPG(Green=1976932, Red=1976932, Ir=1976932) | ACC(X=2.35673522949219, Y=-8.63417720794678, Z=-3.99734878540039) | HR=0 bpm | IBI=0 ms | Participant=P02
3278,HeartRate out of range,Row 3278 | Timestamp: 1710812123067 ms | PPG(Green=1976528, Red=1976528, Ir=1976528) | ACC(X=2.39266109466553, Y=-8.67489337921143, Z=-3.95663285255432) | HR=0 bpm | IBI=0 ms | Participant=P02
3279,HeartRate out of range,Row 3279 | Timestamp: 1710812123107 ms | PPG(Green=1975588, Red=1975588, Ir=1975588) | ACC(X=2.32799458503723, Y=-8.68207836151123, Z=-3.97818827629089) | HR=0 bpm | IBI=0 ms | Participant=P02
3280,HeartRate out of range,Row 3280 | Timestamp: 1710812123148 ms | PPG(Green=1974642, Red=1974642, Ir=1974642) | ACC(X=2.28727865219116, Y=-8.72997951507568, Z=-3.9590277671814) | HR=0 bpm | IBI=0 ms | Participant=P02
3281,HeartRate out of range,Row 3281 | Timestamp: 1710812123188 ms | PPG(Green=1974442, Red=1974442, Ir=1974442) | ACC(X=2.37110567092896, Y=-8.71081924438477, Z=-3.95423769950867) | HR=0 bpm | IBI=0 ms | Participant=P02
3282,HeartRate out of range,Row 3282 | Timestamp: 1710812123228 ms | PPG(Green=1974945, Red=1974945, Ir=1974945) | ACC(X=2.37110567092896, Y=-8.67489337921143, Z=-3.97100305557251) | HR=0 bpm | IBI=0 ms | Participant=P02
3283,HeartRate out of range,Row 3283 | Timestamp: 1710812123268 ms | PPG(Green=1975761, Red=1975761, Ir=1975761) | ACC(X=2.3232045173645, Y=-8.66770839691162, Z=-4.0021390914917) | HR=0 bpm | IBI=0 ms | Participant=P02
3284,HeartRate out of range,Row 3284 | Timestamp: 1710812123308 ms | PPG(Green=1976679, Red=1976679, Ir=1976679) | ACC(X=2.33996987342834, Y=-8.68926429748535, Z=-3.94465756416321) | HR=0 bpm | IBI=0 ms | Participant=P02
3285,HeartRate out of range,Row 3285 | Timestamp: 1710812123348 ms | PPG(Green=1978019, Red=1978019, Ir=1978019) | ACC(X=2.36152529716492, Y=-8.65333843231201, Z=-3.89675641059875) | HR=0 bpm | IBI=0 ms | Participant=P02
3286,HeartRate out of range,Row 3286 | Timestamp: 1710812123388 ms | PPG(Green=1979246, Red=1979246, Ir=1979246) | ACC(X=2.36392045021057, Y=-8.64375782012939, Z=-3.97818827629089) | HR=0 bpm | IBI=0 ms | Participant=P02
3287,HeartRate out of range,Row 3287 | Timestamp: 1710812123429 ms | PPG(Green=1980528, Red=1980528, Ir=1980528) | ACC(X=2.33038973808289, Y=-8.63417720794678, Z=-3.91591691970825) | HR=0 bpm | IBI=0 ms | Participant=P02
3288,HeartRate out of range,Row 3288 | Timestamp: 1710812123468 ms | PPG(Green=1981905, Red=1981905, Ir=1981905) | ACC(X=2.43098211288452, Y=-8.64375782012939, Z=-3.99495363235474) | HR=0 bpm | IBI=0 ms | Participant=P02
3289,HeartRate out of range,Row 3289 | Timestamp: 1710812123508 ms | PPG(Green=1983274, Red=1983274, Ir=1983274) | ACC(X=2.37589573860169, Y=-8.66291809082031, Z=-3.95423769950867) | HR=0 bpm | IBI=0 ms | Participant=P02
3290,HeartRate out of range,Row 3290 | Timestamp: 1710812123549 ms | PPG(Green=1984832, Red=1984832, Ir=1984832) | ACC(X=2.37350058555603, Y=-8.6509428024292, Z=-3.97339820861816) | HR=0 bpm | IBI=0 ms | Participant=P02
3291,HeartRate out of range,Row 3291 | Timestamp: 1710812123589 ms | PPG(Green=1986340, Red=1986340, Ir=1986340) | ACC(X=2.37350058555603, Y=-8.66770839691162, Z=-3.96860814094543) | HR=0 bpm | IBI=0 ms | Participant=P02
3292,HeartRate out of range,Row 3292 | Timestamp: 1710812123629 ms | PPG(Green=1984946, Red=1984946, Ir=1984946) | ACC(X=2.47648811340332, Y=-8.6413631439209, Z=-4.00692892074585) | HR=0 bpm | IBI=0 ms | Participant=P02
3293,HeartRate out of range,Row 3293 | Timestamp: 1710812123669 ms | PPG(Green=1980659, Red=1980659, Ir=1980659) | ACC(X=2.342365026474, Y=-8.62699222564697, Z=-4.02129936218262) | HR=0 bpm | IBI=0 ms | Participant=P02
3294,HeartRate out of range,Row 3294 | Timestamp: 1710812123709 ms | PPG(Green=1976925, Red=1976925, Ir=1976925) | ACC(X=2.32799458503723, Y=-8.60783195495605, Z=-3.97100305557251) | HR=0 bpm | IBI=0 ms | Participant=P02
3295,HeartRate out of range,Row 3295 | Timestamp: 1710812123749 ms | PPG(Green=1975088, Red=1975088, Ir=1975088) | ACC(X=2.35673522949219, Y=-8.64615249633789, Z=-3.92789220809936) | HR=0 bpm | IBI=0 ms | Participant=P02
3296,HeartRate out of range,Row 3296 | Timestamp: 1710812123789 ms | PPG(Green=1974226, Red=1974226, Ir=1974226) | ACC(X=2.39266109466553, Y=-8.67728900909424, Z=-3.97818827629089) | HR=0 bpm | IBI=0 ms | Participant=P02
3297,HeartRate out of range,Row 3297 | Timestamp: 1710812123830 ms | PPG(Green=1974416, Red=1974416, Ir=1974416) | ACC(X=2.37829089164734, Y=-8.64375782012939, Z=-3.98776865005493) | HR=0 bpm | IBI=0 ms | Participant=P02
3298,HeartRate out of range,Row 3298 | Timestamp: 1710812123869 ms | PPG(Green=1975019, Red=1975019, Ir=1975019) | ACC(X=2.29446387290955, Y=-8.68207836151123, Z=-3.99255871772766) | HR=0 bpm | IBI=0 ms | Participant=P02
3299,HeartRate out of range,Row 3299 | Timestamp: 1710812123909 ms | PPG(Green=1975054, Red=1975054, Ir=1975054) | ACC(X=2.304044008255, Y=-8.658127784729, Z=-4.03327465057373) | HR=0 bpm | IBI=0 ms | Participant=P02
3300,HeartRate out of range,Row 3300 | Timestamp: 1710812123949 ms | PPG(Green=1974334, Red=1974334, Ir=1974334) | ACC(X=2.36392045021057, Y=-8.63657283782959, Z=-3.99495363235474) | HR=0 bpm | IBI=0 ms | Participant=P02
3301,HeartRate out of range,Row 3301 | Timestamp: 1710812123990 ms | PPG(Green=1973925, Red=1973925, Ir=1973925) | ACC(X=2.37350058555603, Y=-8.65573310852051, Z=-4.07638549804688) | HR=0 bpm | IBI=0 ms | Participant=P02
3302,HeartRate out of range,Row 3302 | Timestamp: 1710812124030 ms | PPG(Green=1974043, Red=1974043, Ir=1974043) | ACC(X=2.36392045021057, Y=-8.64615249633789, Z=-3.97818827629089) | HR=0 bpm | IBI=0 ms | Participant=P02
3303,HeartRate out of range,Row 3303 | Timestamp: 1710812124070 ms | PPG(Green=1974940, Red=1974940, Ir=1974940) | ACC(X=2.34715509414673, Y=-8.658127784729, Z=-3.92070698738098) | HR=0 bpm | IBI=0 ms | Participant=P02
3304,HeartRate out of range,Row 3304 | Timestamp: 1710812124110 ms | PPG(Green=1976111, Red=1976111, Ir=1976111) | ACC(X=2.30883407592773, Y=-8.70842456817627, Z=-4.0045337677002) | HR=0 bpm | IBI=0 ms | Participant=P02
3305,HeartRate out of range,Row 3305 | Timestamp: 1710812124150 ms | PPG(Green=1977507, Red=1977507, Ir=1977507) | ACC(X=2.31601929664612, Y=-8.71321487426758, Z=-4.02608966827393) | HR=0 bpm | IBI=0 ms | Participant=P02
3306,HeartRate out of range,Row 3306 | Timestamp: 1710812124190 ms | PPG(Green=1979162, Red=1979162, Ir=1979162) | ACC(X=2.342365026474, Y=-8.62699222564697, Z=-4.02848434448242) | HR=0 bpm | IBI=0 ms | Participant=P02
3307,HeartRate out of range,Row 3307 | Timestamp: 1710812124231 ms | PPG(Green=1980796, Red=1980796, Ir=1980796) | ACC(X=2.31841444969177, Y=-8.65333843231201, Z=-3.95423769950867) | HR=0 bpm | IBI=0 ms | Participant=P02
3308,HeartRate out of range,Row 3308 | Timestamp: 1710812124270 ms | PPG(Green=1982472, Red=1982472, Ir=1982472) | ACC(X=2.304044008255, Y=-8.66052341461182, Z=-4.04045963287354) | HR=0 bpm | IBI=0 ms | Participant=P02
3309,HeartRate out of range,Row 3309 | Timestamp: 1710812124310 ms | PPG(Green=1984087, Red=1984087, Ir=1984087) | ACC(X=2.29685878753662, Y=-8.66770839691162, Z=-4.01890420913696) | HR=0 bpm | IBI=0 ms | Participant=P02
3310,HeartRate out of range,Row 3310 | Timestamp: 1710812124351 ms | PPG(Green=1985727, Red=1985727, Ir=1985727) | ACC(X=2.3495500087738, Y=-8.67968368530273, Z=-4.00692892074585) | HR=0 bpm | IBI=0 ms | Participant=P02
3311,HeartRate out of range,Row 3311 | Timestamp: 1710812124390 ms | PPG(Green=1987099, Red=1987099, Ir=1987099) | ACC(X=2.30643916130066, Y=-8.63178253173828, Z=-4.04285478591919) | HR=0 bpm | IBI=0 ms | Participant=P02
3312,HeartRate out of range,Row 3312 | Timestamp: 1710812124431 ms | PPG(Green=1985953, Red=1985953, Ir=1985953) | ACC(X=2.304044008255, Y=-8.69165897369385, Z=-3.94465756416321) | HR=0 bpm | IBI=0 ms | Participant=P02
3313,HeartRate out of range,Row 3313 | Timestamp: 1710812124471 ms | PPG(Green=1982132, Red=1982132, Ir=1982132) | ACC(X=2.31362438201904, Y=-8.62938785552979, Z=-4.0045337677002) | HR=0 bpm | IBI=0 ms | Participant=P02
3314,HeartRate out of range,Row 3314 | Timestamp: 1710812124511 ms | PPG(Green=1979220, Red=1979220, Ir=1979220) | ACC(X=2.26572322845459, Y=-8.67010307312012, Z=-3.93507742881775) | HR=0 bpm | IBI=0 ms | Participant=P02
3315,HeartRate out of range,Row 3315 | Timestamp: 1710812124551 ms | PPG(Green=1978116, Red=1978116, Ir=1978116) | ACC(X=2.26811814308167, Y=-8.64375782012939, Z=-3.98537349700928) | HR=0 bpm | IBI=0 ms | Participant=P02
3316,HeartRate out of range,Row 3316 | Timestamp: 1710812124591 ms | PPG(Green=1978546, Red=1978546, Ir=1978546) | ACC(X=2.35434031486511, Y=-8.75153541564941, Z=-4.0021390914917) | HR=0 bpm | IBI=0 ms | Participant=P02
3317,HeartRate out of range,Row 3317 | Timestamp: 1710812124632 ms | PPG(Green=1979779, Red=1979779, Ir=1979779) | ACC(X=2.30883407592773, Y=-8.67728900909424, Z=-3.94705247879028) | HR=0 bpm | IBI=0 ms | Participant=P02
3318,HeartRate out of range,Row 3318 | Timestamp: 1710812124671 ms | PPG(Green=1981604, Red=1981604, Ir=1981604) | ACC(X=2.30164909362793, Y=-8.66770839691162, Z=-3.99495363235474) | HR=0 bpm | IBI=0 ms | Participant=P02
3319,HeartRate out of range,Row 3319 | Timestamp: 1710812124711 ms | PPG(Green=1983357, Red=1983357, Ir=1983357) | ACC(X=2.31601929664612, Y=-8.60064697265625, Z=-3.9326822757721) | HR=0 bpm | IBI=0 ms | Participant=P02
3320,HeartRate out of range,Row 3320 | Timestamp: 1710812124751 ms | PPG(Green=1984724, Red=1984724, Ir=1984724) | ACC(X=2.44056224822998, Y=-8.67968368530273, Z=-4.02369451522827) | HR=0 bpm | IBI=0 ms | Participant=P02
3321,HeartRate out of range,Row 3321 | Timestamp: 1710812124792 ms | PPG(Green=1985890, Red=1985890, Ir=1985890) | ACC(X=2.29925394058228, Y=-8.71560955047607, Z=-3.92310214042664) | HR=0 bpm | IBI=0 ms | Participant=P02
3322,HeartRate out of range,Row 3322 | Timestamp: 1710812124832 ms | PPG(Green=1987380, Red=1987380, Ir=1987380) | ACC(X=2.21782207489014, Y=-8.658127784729, Z=-3.94465756416321) | HR=0 bpm | IBI=0 ms | Participant=P02
3323,HeartRate out of range,Row 3323 | Timestamp: 1710812124872 ms | PPG(Green=1989467, Red=1989467, Ir=1989467) | ACC(X=2.38068580627441, Y=-8.68447399139404, Z=-3.94944763183594) | HR=0 bpm | IBI=0 ms | Participant=P02
3324,HeartRate out of range,Row 3324 | Timestamp: 1710812124912 ms | PPG(Green=1992334, Red=1992334, Ir=1992334) | ACC(X=2.33996987342834, Y=-8.60064697265625, Z=-3.97100305557251) | HR=0 bpm | IBI=0 ms | Participant=P02
3325,HeartRate out of range,Row 3325 | Timestamp: 1710812124952 ms | PPG(Green=1995648, Red=1995648, Ir=1995648) | ACC(X=2.30643916130066, Y=-8.71321487426758, Z=-3.8680157661438) | HR=0 bpm | IBI=0 ms | Participant=P02
3326,HeartRate out of range,Row 3326 | Timestamp: 1710812124992 ms | PPG(Green=1999270, Red=1999270, Ir=1999270) | ACC(X=2.38308095932007, Y=-8.67968368530273, Z=-3.86562061309815) | HR=0 bpm | IBI=0 ms | Participant=P02
3327,HeartRate out of range,Row 3327 | Timestamp: 1710812125033 ms | PPG(Green=2002812, Red=2002812, Ir=2002812) | ACC(X=2.3687105178833, Y=-8.66531372070313, Z=-3.95423769950867) | HR=0 bpm | IBI=0 ms | Participant=P02
3328,HeartRate out of range,Row 3328 | Timestamp: 1710812125073 ms | PPG(Green=2006338, Red=2006338, Ir=2006338) | ACC(X=2.35673522949219, Y=-8.81620216369629, Z=-3.99495363235474) | HR=0 bpm | IBI=0 ms | Participant=P02
3329,HeartRate out of range,Row 3329 | Timestamp: 1710812125113 ms | PPG(Green=2009826, Red=2009826, Ir=2009826) | ACC(X=2.31122922897339, Y=-8.77548599243164, Z=-3.91591691970825) | HR=0 bpm | IBI=0 ms | Participant=P02
3330,HeartRate out of range,Row 3330 | Timestamp: 1710812125153 ms | PPG(Green=2013160, Red=2013160, Ir=2013160) | ACC(X=2.31841444969177, Y=-8.75153541564941, Z=-3.90633654594421) | HR=0 bpm | IBI=0 ms | Participant=P02
3331,HeartRate out of range,Row 3331 | Timestamp: 1710812125193 ms | PPG(Green=2016474, Red=2016474, Ir=2016474) | ACC(X=2.33757495880127, Y=-8.69644927978516, Z=-3.82729983329773) | HR=0 bpm | IBI=0 ms | Participant=P02
3332,HeartRate out of range,Row 3332 | Timestamp: 1710812125234 ms | PPG(Green=2019507, Red=2019507, Ir=2019507) | ACC(X=2.304044008255, Y=-8.70602893829346, Z=-3.87759590148926) | HR=0 bpm | IBI=0 ms | Participant=P02
3333,HeartRate out of range,Row 3333 | Timestamp: 1710812125273 ms | PPG(Green=2019416, Red=2019416, Ir=2019416) | ACC(X=2.43098211288452, Y=-8.72279453277588, Z=-3.9326822757721) | HR=0 bpm | IBI=0 ms | Participant=P02
3334,HeartRate out of range,Row 3334 | Timestamp: 1710812125313 ms | PPG(Green=2016391, Red=2016391, Ir=2016391) | ACC(X=2.4333770275116, Y=-8.7491397857666, Z=-3.94226241111755) | HR=0 bpm | IBI=0 ms | Participant=P02
3335,HeartRate out of range,Row 3335 | Timestamp: 1710812125353 ms | PPG(Green=2013561, Red=2013561, Ir=2013561) | ACC(X=2.3878710269928, Y=-8.58148670196533, Z=-3.93507742881775) | HR=0 bpm | IBI=0 ms | Participant=P02
3336,HeartRate out of range,Row 3336 | Timestamp: 1710812125393 ms | PPG(Green=2012681, Red=2012681, Ir=2012681) | ACC(X=2.28967380523682, Y=-8.64375782012939, Z=-3.78179383277893) | HR=0 bpm | IBI=0 ms | Participant=P02
3337,HeartRate out of range,Row 3337 | Timestamp: 1710812125434 ms | PPG(Green=2012755, Red=2012755, Ir=2012755) | ACC(X=2.29446387290955, Y=-8.74674510955811, Z=-3.8943612575531) | HR=0 bpm | IBI=0 ms | Participant=P02
3338,HeartRate out of range,Row 3338 | Timestamp: 1710812125474 ms | PPG(Green=2013554, Red=2013554, Ir=2013554) | ACC(X=2.32080936431885, Y=-8.72039985656738, Z=-3.90394163131714) | HR=0 bpm | IBI=0 ms | Participant=P02
3339,HeartRate out of range,Row 3339 | Timestamp: 1710812125514 ms | PPG(Green=2014718, Red=2014718, Ir=2014718) | ACC(X=2.35434031486511, Y=-8.61980724334717, Z=-3.97579336166382) | HR=0 bpm | IBI=0 ms | Participant=P02
3340,HeartRate out of range,Row 3340 | Timestamp: 1710812125554 ms | PPG(Green=2015514, Red=2015514, Ir=2015514) | ACC(X=2.40224146842957, Y=-8.71321487426758, Z=-3.92070698738098) | HR=0 bpm | IBI=0 ms | Participant=P02
3341,HeartRate out of range,Row 3341 | Timestamp: 1710812125594 ms | PPG(Green=2015798, Red=2015798, Ir=2015798) | ACC(X=2.34475994110107, Y=-8.71560955047607, Z=-3.88478112220764) | HR=0 bpm | IBI=0 ms | Participant=P02
3342,HeartRate out of range,Row 3342 | Timestamp: 1710812125635 ms | PPG(Green=2016254, Red=2016254, Ir=2016254) | ACC(X=2.29925394058228, Y=-8.658127784729, Z=-3.83927512168884) | HR=0 bpm | IBI=0 ms | Participant=P02
3343,HeartRate out of range,Row 3343 | Timestamp: 1710812125674 ms | PPG(Green=2017400, Red=2017400, Ir=2017400) | ACC(X=2.37829089164734, Y=-8.68926429748535, Z=-3.89675641059875) | HR=0 bpm | IBI=0 ms | Participant=P02
3344,HeartRate out of range,Row 3344 | Timestamp: 1710812125714 ms | PPG(Green=2019504, Red=2019504, Ir=2019504) | ACC(X=2.31841444969177, Y=-8.72279453277588, Z=-3.81053447723389) | HR=0 bpm | IBI=0 ms | Participant=P02
3345,HeartRate out of range,Row 3345 | Timestamp: 1710812125754 ms | PPG(Green=2021847, Red=2021847, Ir=2021847) | ACC(X=2.28967380523682, Y=-8.72039985656738, Z=-3.79855918884277) | HR=0 bpm | IBI=0 ms | Participant=P02
3346,HeartRate out of range,Row 3346 | Timestamp: 1710812125794 ms | PPG(Green=2023837, Red=2023837, Ir=2023837) | ACC(X=2.23219227790833, Y=-8.77309036254883, Z=-3.8488552570343) | HR=0 bpm | IBI=0 ms | Participant=P02
3347,HeartRate out of range,Row 3347 | Timestamp: 1710812125835 ms | PPG(Green=2025650, Red=2025650, Ir=2025650) | ACC(X=2.28488349914551, Y=-8.7419548034668, Z=-3.82729983329773) | HR=0 bpm | IBI=0 ms | Participant=P02
3348,HeartRate out of range,Row 3348 | Timestamp: 1710812125875 ms | PPG(Green=2027142, Red=2027142, Ir=2027142) | ACC(X=2.4333770275116, Y=-8.70123958587646, Z=-3.93028712272644) | HR=0 bpm | IBI=0 ms | Participant=P02
3349,HeartRate out of range,Row 3349 | Timestamp: 1710812125915 ms | PPG(Green=2028517, Red=2028517, Ir=2028517) | ACC(X=2.44774746894836, Y=-8.65573310852051, Z=-3.86322569847107) | HR=0 bpm | IBI=0 ms | Participant=P02
3350,HeartRate out of range,Row 3350 | Timestamp: 1710812125955 ms | PPG(Green=2029158, Red=2029158, Ir=2029158) | ACC(X=2.37110567092896, Y=-8.65333843231201, Z=-3.89915156364441) | HR=0 bpm | IBI=0 ms | Participant=P02
3351,HeartRate out of range,Row 3351 | Timestamp: 1710812125995 ms | PPG(Green=2029461, Red=2029461, Ir=2029461) | ACC(X=2.28488349914551, Y=-8.71081924438477, Z=-3.94226241111755) | HR=0 bpm | IBI=0 ms | Participant=P02
3352,HeartRate out of range,Row 3352 | Timestamp: 1710812126036 ms | PPG(Green=2029494, Red=2029494, Ir=2029494) | ACC(X=2.3495500087738, Y=-8.7323751449585, Z=-3.92070698738098) | HR=0 bpm | IBI=0 ms | Participant=P02
3353,HeartRate out of range,Row 3353 | Timestamp: 1710812126075 ms | PPG(Green=2029542, Red=2029542, Ir=2029542) | ACC(X=2.28727865219116, Y=-8.62938785552979, Z=-3.86083054542542) | HR=0 bpm | IBI=0 ms | Participant=P02
3354,HeartRate out of range,Row 3354 | Timestamp: 1710812126115 ms | PPG(Green=2027403, Red=2027403, Ir=2027403) | ACC(X=2.36152529716492, Y=-8.69405364990234, Z=-3.88238596916199) | HR=0 bpm | IBI=0 ms | Participant=P02
3355,HeartRate out of range,Row 3355 | Timestamp: 1710812126156 ms | PPG(Green=2022375, Red=2022375, Ir=2022375) | ACC(X=2.3495500087738, Y=-8.6509428024292, Z=-3.89675641059875) | HR=0 bpm | IBI=0 ms | Participant=P02
3356,HeartRate out of range,Row 3356 | Timestamp: 1710812126196 ms | PPG(Green=2017393, Red=2017393, Ir=2017393) | ACC(X=2.40224146842957, Y=-8.71560955047607, Z=-3.8680157661438) | HR=0 bpm | IBI=0 ms | Participant=P02
3357,HeartRate out of range,Row 3357 | Timestamp: 1710812126236 ms | PPG(Green=2014165, Red=2014165, Ir=2014165) | ACC(X=2.304044008255, Y=-8.79225158691406, Z=-3.89196634292603) | HR=0 bpm | IBI=0 ms | Participant=P02
3358,HeartRate out of range,Row 3358 | Timestamp: 1710812126276 ms | PPG(Green=2011935, Red=2011935, Ir=2011935) | ACC(X=2.342365026474, Y=-8.66770839691162, Z=-3.95663285255432) | HR=0 bpm | IBI=0 ms | Participant=P02
3359,HeartRate out of range,Row 3359 | Timestamp: 1710812126316 ms | PPG(Green=2010674, Red=2010674, Ir=2010674) | ACC(X=2.36631560325623, Y=-8.658127784729, Z=-3.94944763183594) | HR=0 bpm | IBI=0 ms | Participant=P02
3360,HeartRate out of range,Row 3360 | Timestamp: 1710812126356 ms | PPG(Green=2010132, Red=2010132, Ir=2010132) | ACC(X=2.37350058555603, Y=-8.70363426208496, Z=-3.90394163131714) | HR=0 bpm | IBI=0 ms | Participant=P02
3361,HeartRate out of range,Row 3361 | Timestamp: 1710812126396 ms | PPG(Green=2009414, Red=2009414, Ir=2009414) | ACC(X=2.39745116233826, Y=-8.72758483886719, Z=-3.85125041007996) | HR=0 bpm | IBI=0 ms | Participant=P02
3362,HeartRate out of range,Row 3362 | Timestamp: 1710812126437 ms | PPG(Green=2008302, Red=2008302, Ir=2008302) | ACC(X=2.34715509414673, Y=-8.66052341461182, Z=-3.96142292022705) | HR=0 bpm | IBI=0 ms | Participant=P02
3363,HeartRate out of range,Row 3363 | Timestamp: 1710812126476 ms | PPG(Green=2007028, Red=2007028, Ir=2007028) | ACC(X=2.41182160377502, Y=-8.69884395599365, Z=-3.83927512168884) | HR=0 bpm | IBI=0 ms | Participant=P02
3364,HeartRate out of range,Row 3364 | Timestamp: 1710812126517 ms | PPG(Green=2006206, Red=2006206, Ir=2006206) | ACC(X=2.31362438201904, Y=-8.67489337921143, Z=-3.90633654594421) | HR=0 bpm | IBI=0 ms | Participant=P02
3365,HeartRate out of range,Row 3365 | Timestamp: 1710812126557 ms | PPG(Green=2006053, Red=2006053, Ir=2006053) | ACC(X=2.32559967041016, Y=-8.69405364990234, Z=-3.94226241111755) | HR=0 bpm | IBI=0 ms | Participant=P02
3366,HeartRate out of range,Row 3366 | Timestamp: 1710812126597 ms | PPG(Green=2006447, Red=2006447, Ir=2006447) | ACC(X=2.3687105178833, Y=-8.72279453277588, Z=-3.9326822757721) | HR=0 bpm | IBI=0 ms | Participant=P02
3367,HeartRate out of range,Row 3367 | Timestamp: 1710812126638 ms | PPG(Green=2007061, Red=2007061, Ir=2007061) | ACC(X=2.36152529716492, Y=-8.658127784729, Z=-3.93747234344482) | HR=0 bpm | IBI=0 ms | Participant=P02
3368,IBI out of range,Row 3368 | Timestamp: 1710812126677 ms | PPG(Green=2007870, Red=2007870, Ir=2007870) | ACC(X=2.3232045173645, Y=-8.6485481262207, Z=-3.89196634292603) | HR=138 bpm | IBI=0 ms | Participant=P02
3369,IBI out of range,Row 3369 | Timestamp: 1710812126717 ms | PPG(Green=2008723, Red=2008723, Ir=2008723) | ACC(X=2.32559967041016, Y=-8.71800422668457, Z=-3.9326822757721) | HR=138 bpm | IBI=0 ms | Participant=P02
3370,IBI out of range,Row 3370 | Timestamp: 1710812126757 ms | PPG(Green=2009788, Red=2009788, Ir=2009788) | ACC(X=2.304044008255, Y=-8.58627605438232, Z=-3.84167003631592) | HR=137 bpm | IBI=0 ms | Participant=P02
3371,IBI out of range,Row 3371 | Timestamp: 1710812126797 ms | PPG(Green=2010612, Red=2010612, Ir=2010612) | ACC(X=2.26093292236328, Y=-8.70363426208496, Z=-3.91831183433533) | HR=136 bpm | IBI=0 ms | Participant=P02
3372,IBI out of range,Row 3372 | Timestamp: 1710812126838 ms | PPG(Green=2011713, Red=2011713, Ir=2011713) | ACC(X=2.30643916130066, Y=-8.61741256713867, Z=-3.9590277671814) | HR=134 bpm | IBI=0 ms | Participant=P02
3373,IBI out of range,Row 3373 | Timestamp: 1710812126878 ms | PPG(Green=2012915, Red=2012915, Ir=2012915) | ACC(X=2.28488349914551, Y=-8.65573310852051, Z=-3.93028712272644) | HR=133 bpm | IBI=0 ms | Participant=P02
3374,IBI out of range,Row 3374 | Timestamp: 1710812126918 ms | PPG(Green=2014067, Red=2014067, Ir=2014067) | ACC(X=2.342365026474, Y=-8.67010307312012, Z=-3.96621298789978) | HR=132 bpm | IBI=0 ms | Participant=P02
3375,IBI out of range,Row 3375 | Timestamp: 1710812126958 ms | PPG(Green=2012683, Red=2012683, Ir=2012683) | ACC(X=2.36631560325623, Y=-8.65573310852051, Z=-3.99974393844604) | HR=131 bpm | IBI=0 ms | Participant=P02
3376,IBI out of range,Row 3376 | Timestamp: 1710812126998 ms | PPG(Green=2008325, Red=2008325, Ir=2008325) | ACC(X=2.3495500087738, Y=-8.63178253173828, Z=-4.01650905609131) | HR=130 bpm | IBI=0 ms | Participant=P02
3377,IBI out of range,Row 3377 | Timestamp: 1710812127039 ms | PPG(Green=2004149, Red=2004149, Ir=2004149) | ACC(X=2.28967380523682, Y=-8.71081924438477, Z=-3.94705247879028) | HR=128 bpm | IBI=0 ms | Participant=P02
3378,IBI out of range,Row 3378 | Timestamp: 1710812127078 ms | PPG(Green=2001644, Red=2001644, Ir=2001644) | ACC(X=2.25614285469055, Y=-8.71800422668457, Z=-3.89915156364441) | HR=127 bpm | IBI=0 ms | Participant=P02
3379,IBI out of range,Row 3379 | Timestamp: 1710812127118 ms | PPG(Green=2000622, Red=2000622, Ir=2000622) | ACC(X=2.33038973808289, Y=-8.61262226104736, Z=-3.96381807327271) | HR=126 bpm | IBI=0 ms | Participant=P02
3380,IBI out of range,Row 3380 | Timestamp: 1710812127158 ms | PPG(Green=2000439, Red=2000439, Ir=2000439) | ACC(X=2.342365026474, Y=-8.64615249633789, Z=-3.92070698738098) | HR=125 bpm | IBI=0 ms | Participant=P02
3381,IBI out of range,Row 3381 | Timestamp: 1710812127198 ms | PPG(Green=2000660, Red=2000660, Ir=2000660) | ACC(X=2.25853800773621, Y=-8.70123958587646, Z=-3.95184278488159) | HR=125 bpm | IBI=0 ms | Participant=P02
3382,IBI out of range,Row 3382 | Timestamp: 1710812127239 ms | PPG(Green=2000502, Red=2000502, Ir=2000502) | ACC(X=2.29685878753662, Y=-8.75393009185791, Z=-3.93986749649048) | HR=125 bpm | IBI=0 ms | Participant=P02
3383,IBI out of range,Row 3383 | Timestamp: 1710812127279 ms | PPG(Green=1999972, Red=1999972, Ir=1999972) | ACC(X=2.32559967041016, Y=-8.70602893829346, Z=-3.97339820861816) | HR=125 bpm | IBI=0 ms | Participant=P02
3384,IBI out of range,Row 3384 | Timestamp: 1710812127319 ms | PPG(Green=1999188, Red=1999188, Ir=1999188) | ACC(X=2.32080936431885, Y=-8.7371654510498, Z=-3.90394163131714) | HR=125 bpm | IBI=0 ms | Participant=P02
3385,IBI out of range,Row 3385 | Timestamp: 1710812127359 ms | PPG(Green=1999032, Red=1999032, Ir=1999032) | ACC(X=2.34715509414673, Y=-8.6485481262207, Z=-3.9135217666626) | HR=124 bpm | IBI=0 ms | Participant=P02
3386,IBI out of range,Row 3386 | Timestamp: 1710812127399 ms | PPG(Green=1999447, Red=1999447, Ir=1999447) | ACC(X=2.24416756629944, Y=-8.72279453277588, Z=-3.97339820861816) | HR=122 bpm | IBI=0 ms | Participant=P02
3387,IBI out of range,Row 3387 | Timestamp: 1710812127440 ms | PPG(Green=2000321, Red=2000321, Ir=2000321) | ACC(X=2.27051329612732, Y=-8.66291809082031, Z=-3.95423769950867) | HR=121 bpm | IBI=0 ms | Participant=P02
3388,IBI out of range,Row 3388 | Timestamp: 1710812127480 ms | PPG(Green=2001371, Red=2001371, Ir=2001371) | ACC(X=2.35434031486511, Y=-8.67010307312012, Z=-3.96142292022705) | HR=121 bpm | IBI=0 ms | Participant=P02
3389,IBI out of range,Row 3389 | Timestamp: 1710812127520 ms | PPG(Green=2002771, Red=2002771, Ir=2002771) | ACC(X=2.36631560325623, Y=-8.63178253173828, Z=-3.95663285255432) | HR=120 bpm | IBI=0 ms | Participant=P02
3390,IBI out of range,Row 3390 | Timestamp: 1710812127560 ms | PPG(Green=2004047, Red=2004047, Ir=2004047) | ACC(X=2.34475994110107, Y=-8.67728900909424, Z=-3.97579336166382) | HR=119 bpm | IBI=0 ms | Participant=P02
3391,IBI out of range,Row 3391 | Timestamp: 1710812127600 ms | PPG(Green=2005470, Red=2005470, Ir=2005470) | ACC(X=2.39984631538391, Y=-8.71081924438477, Z=-3.93028712272644) | HR=117 bpm | IBI=0 ms | Participant=P02
3392,IBI out of range,Row 3392 | Timestamp: 1710812127641 ms | PPG(Green=2006669, Red=2006669, Ir=2006669) | ACC(X=2.34715509414673, Y=-8.67249870300293, Z=-3.98537349700928) | HR=116 bpm | IBI=0 ms | Participant=P02
3393,IBI out of range,Row 3393 | Timestamp: 1710812127680 ms | PPG(Green=2008058, Red=2008058, Ir=2008058) | ACC(X=2.35673522949219, Y=-8.6509428024292, Z=-3.89196634292603) | HR=115 bpm | IBI=0 ms | Participant=P02
3394,IBI out of range,Row 3394 | Timestamp: 1710812127720 ms | PPG(Green=2009627, Red=2009627, Ir=2009627) | ACC(X=2.35913038253784, Y=-8.71081924438477, Z=-3.93986749649048) | HR=114 bpm | IBI=0 ms | Participant=P02
3395,IBI out of range,Row 3395 | Timestamp: 1710812127760 ms | PPG(Green=2010464, Red=2010464, Ir=2010464) | ACC(X=2.37829089164734, Y=-8.70123958587646, Z=-3.97339820861816) | HR=112 bpm | IBI=0 ms | Participant=P02
3396,IBI out of range,Row 3396 | Timestamp: 1710812127801 ms | PPG(Green=2007395, Red=2007395, Ir=2007395) | ACC(X=2.30643916130066, Y=-8.69644927978516, Z=-3.96860814094543) | HR=111 bpm | IBI=0 ms | Participant=P02
3397,IBI out of range,Row 3397 | Timestamp: 1710812127841 ms | PPG(Green=2003369, Red=2003369, Ir=2003369) | ACC(X=2.3232045173645, Y=-8.68207836151123, Z=-3.95184278488159) | HR=110 bpm | IBI=0 ms | Participant=P02
3398,IBI out of range,Row 3398 | Timestamp: 1710812127881 ms | PPG(Green=2000240, Red=2000240, Ir=2000240) | ACC(X=2.31601929664612, Y=-8.75393009185791, Z=-3.97339820861816) | HR=109 bpm | IBI=0 ms | Participant=P02
3399,IBI out of range,Row 3399 | Timestamp: 1710812127921 ms | PPG(Green=1998807, Red=1998807, Ir=1998807) | ACC(X=2.24416756629944, Y=-8.64615249633789, Z=-3.95423769950867) | HR=109 bpm | IBI=0 ms | Participant=P02
3400,IBI out of range,Row 3400 | Timestamp: 1710812127961 ms | PPG(Green=1998396, Red=1998396, Ir=1998396) | ACC(X=2.304044008255, Y=-8.63178253173828, Z=-4.01890420913696) | HR=109 bpm | IBI=0 ms | Participant=P02
3401,IBI out of range,Row 3401 | Timestamp: 1710812128001 ms | PPG(Green=1998868, Red=1998868, Ir=1998868) | ACC(X=2.38068580627441, Y=-8.63178253173828, Z=-3.96142292022705) | HR=108 bpm | IBI=0 ms | Participant=P02
3402,IBI out of range,Row 3402 | Timestamp: 1710812128042 ms | PPG(Green=1999434, Red=1999434, Ir=1999434) | ACC(X=2.34715509414673, Y=-8.71800422668457, Z=-3.95184278488159) | HR=108 bpm | IBI=0 ms | Participant=P02
3403,IBI out of range,Row 3403 | Timestamp: 1710812128081 ms | PPG(Green=1999174, Red=1999174, Ir=1999174) | ACC(X=2.37589573860169, Y=-8.63178253173828, Z=-3.94465756416321) | HR=107 bpm | IBI=0 ms | Participant=P02
3404,IBI out of range,Row 3404 | Timestamp: 1710812128121 ms | PPG(Green=1998600, Red=1998600, Ir=1998600) | ACC(X=2.33278465270996, Y=-8.62220191955566, Z=-3.99255871772766) | HR=107 bpm | IBI=0 ms | Participant=P02
3405,IBI out of range,Row 3405 | Timestamp: 1710812128162 ms | PPG(Green=1997991, Red=1997991, Ir=1997991) | ACC(X=2.33517980575562, Y=-8.63178253173828, Z=-3.94944763183594) | HR=106 bpm | IBI=0 ms | Participant=P02
3406,IBI out of range,Row 3406 | Timestamp: 1710812128202 ms | PPG(Green=1998077, Red=1998077, Ir=1998077) | ACC(X=2.38547587394714, Y=-8.60543727874756, Z=-3.97100305557251) | HR=106 bpm | IBI=0 ms | Participant=P02
3407,IBI out of range,Row 3407 | Timestamp: 1710812128242 ms | PPG(Green=1998633, Red=1998633, Ir=1998633) | ACC(X=2.33278465270996, Y=-8.67010307312012, Z=-3.95184278488159) | HR=105 bpm | IBI=0 ms | Participant=P02
3408,IBI out of range,Row 3408 | Timestamp: 1710812128282 ms | PPG(Green=1999671, Red=1999671, Ir=1999671) | ACC(X=2.30643916130066, Y=-8.58148670196533, Z=-3.97100305557251) | HR=104 bpm | IBI=0 ms | Participant=P02
3409,IBI out of range,Row 3409 | Timestamp: 1710812128322 ms | PPG(Green=2000875, Red=2000875, Ir=2000875) | ACC(X=2.42619180679321, Y=-8.68207836151123, Z=-4.01171922683716) | HR=103 bpm | IBI=0 ms | Participant=P02
3410,IBI out of range,Row 3410 | Timestamp: 1710812128362 ms | PPG(Green=2002238, Red=2002238, Ir=2002238) | ACC(X=2.38547587394714, Y=-8.61501693725586, Z=-3.99255871772766) | HR=103 bpm | IBI=0 ms | Participant=P02
3411,IBI out of range,Row 3411 | Timestamp: 1710812128402 ms | PPG(Green=2003436, Red=2003436, Ir=2003436) | ACC(X=2.36631560325623, Y=-8.72758483886719, Z=-3.97818827629089) | HR=102 bpm | IBI=0 ms | Participant=P02
3412,IBI out of range,Row 3412 | Timestamp: 1710812128443 ms | PPG(Green=2004817, Red=2004817, Ir=2004817) | ACC(X=2.35194516181946, Y=-8.61980724334717, Z=-3.99255871772766) | HR=102 bpm | IBI=0 ms | Participant=P02
3413,IBI out of range,Row 3413 | Timestamp: 1710812128483 ms | PPG(Green=2006261, Red=2006261, Ir=2006261) | ACC(X=2.4142165184021, Y=-8.66531372070313, Z=-4.01890420913696) | HR=101 bpm | IBI=0 ms | Participant=P02
3414,IBI out of range,Row 3414 | Timestamp: 1710812128523 ms | PPG(Green=2007584, Red=2007584, Ir=2007584) | ACC(X=2.38308095932007, Y=-8.69884395599365, Z=-3.98776865005493) | HR=100 bpm | IBI=0 ms | Participant=P02
3415,IBI out of range,Row 3415 | Timestamp: 1710812128563 ms | PPG(Green=2007841, Red=2007841, Ir=2007841) | ACC(X=2.4142165184021, Y=-8.658127784729, Z=-3.96621298789978) | HR=98 bpm | IBI=0 ms | Participant=P02
3416,IBI out of range,Row 3416 | Timestamp: 1710812128603 ms | PPG(Green=2004549, Red=2004549, Ir=2004549) | ACC(X=2.39026618003845, Y=-8.6485481262207, Z=-3.98537349700928) | HR=97 bpm | IBI=0 ms | Participant=P02
3417,IBI out of range,Row 3417 | Timestamp: 1710812128644 ms | PPG(Green=2000839, Red=2000839, Ir=2000839) | ACC(X=2.35434031486511, Y=-8.69884395599365, Z=-3.95423769950867) | HR=96 bpm | IBI=0 ms | Participant=P02
3418,IBI out of range,Row 3418 | Timestamp: 1710812128683 ms | PPG(Green=1998345, Red=1998345, Ir=1998345) | ACC(X=2.35434031486511, Y=-8.66291809082031, Z=-3.98776865005493) | HR=95 bpm | IBI=0 ms | Participant=P02
3419,IBI out of range,Row 3419 | Timestamp: 1710812128723 ms | PPG(Green=1997434, Red=1997434, Ir=1997434) | ACC(X=2.47409296035767, Y=-8.63657283782959, Z=-3.95423769950867) | HR=93 bpm | IBI=0 ms | Participant=P02
3420,IBI out of range,Row 3420 | Timestamp: 1710812128764 ms | PPG(Green=1997645, Red=1997645, Ir=1997645) | ACC(X=2.3878710269928, Y=-8.658127784729, Z=-3.95423769950867) | HR=92 bpm | IBI=0 ms | Participant=P02
3421,IBI out of range,Row 3421 | Timestamp: 1710812128804 ms | PPG(Green=1998541, Red=1998541, Ir=1998541) | ACC(X=2.36392045021057, Y=-8.62459754943848, Z=-3.96381807327271) | HR=90 bpm | IBI=0 ms | Participant=P02
3422,IBI out of range,Row 3422 | Timestamp: 1710812128845 ms | PPG(Green=1999363, Red=1999363, Ir=1999363) | ACC(X=2.44295740127563, Y=-8.67249870300293, Z=-3.99016356468201) | HR=89 bpm | IBI=0 ms | Participant=P02
3423,IBI out of range,Row 3423 | Timestamp: 1710812128884 ms | PPG(Green=1999275, Red=1999275, Ir=1999275) | ACC(X=2.40224146842957, Y=-8.62220191955566, Z=-4.01171922683716) | HR=88 bpm | IBI=0 ms | Participant=P02
3424,IBI out of range,Row 3424 | Timestamp: 1710812128924 ms | PPG(Green=1998839, Red=1998839, Ir=1998839) | ACC(X=2.39984631538391, Y=-8.67249870300293, Z=-3.97339820861816) | HR=88 bpm | IBI=0 ms | Participant=P02
3425,IBI out of range,Row 3425 | Timestamp: 1710812128964 ms | PPG(Green=1998690, Red=1998690, Ir=1998690) | ACC(X=2.4142165184021, Y=-8.61262226104736, Z=-3.99495363235474) | HR=87 bpm | IBI=0 ms | Participant=P02
3426,IBI out of range,Row 3426 | Timestamp: 1710812129004 ms | PPG(Green=1999109, Red=1999109, Ir=1999109) | ACC(X=2.40942645072937, Y=-8.69405364990234, Z=-3.97339820861816) | HR=87 bpm | IBI=0 ms | Participant=P02
3427,IBI out of range,Row 3427 | Timestamp: 1710812129045 ms | PPG(Green=1999883, Red=1999883, Ir=1999883) | ACC(X=2.3687105178833, Y=-8.63417720794678, Z=-3.97339820861816) | HR=87 bpm | IBI=0 ms | Participant=P02
3428,IBI out of range,Row 3428 | Timestamp: 1710812129085 ms | PPG(Green=2001246, Red=2001246, Ir=2001246) | ACC(X=2.34715509414673, Y=-8.62459754943848, Z=-4.00692892074585) | HR=87 bpm | IBI=0 ms | Participant=P02
3429,IBI out of range,Row 3429 | Timestamp: 1710812129125 ms | PPG(Green=2002788, Red=2002788, Ir=2002788) | ACC(X=2.32080936431885, Y=-8.68447399139404, Z=-3.99016356468201) | HR=87 bpm | IBI=0 ms | Participant=P02
3430,IBI out of range,Row 3430 | Timestamp: 1710812129165 ms | PPG(Green=2004263, Red=2004263, Ir=2004263) | ACC(X=2.29206871986389, Y=-8.66531372070313, Z=-3.99016356468201) | HR=87 bpm | IBI=0 ms | Participant=P02
3431,IBI out of range,Row 3431 | Timestamp: 1710812129205 ms | PPG(Green=2005908, Red=2005908, Ir=2005908) | ACC(X=2.3878710269928, Y=-8.63417720794678, Z=-3.97339820861816) | HR=87 bpm | IBI=0 ms | Participant=P02
3432,IBI out of range,Row 3432 | Timestamp: 1710812129246 ms | PPG(Green=2007451, Red=2007451, Ir=2007451) | ACC(X=2.39026618003845, Y=-8.63417720794678, Z=-3.98297834396362) | HR=86 bpm | IBI=0 ms | Participant=P02
3433,IBI out of range,Row 3433 | Timestamp: 1710812129285 ms | PPG(Green=2008974, Red=2008974, Ir=2008974) | ACC(X=2.37350058555603, Y=-8.67249870300293, Z=-3.96142292022705) | HR=86 bpm | IBI=0 ms | Participant=P02
3434,IBI out of range,Row 3434 | Timestamp: 1710812129325 ms | PPG(Green=2007396, Red=2007396, Ir=2007396) | ACC(X=2.44535231590271, Y=-8.63896751403809, Z=-3.97818827629089) | HR=86 bpm | IBI=0 ms | Participant=P02
3435,IBI out of range,Row 3435 | Timestamp: 1710812129365 ms | PPG(Green=2003649, Red=2003649, Ir=2003649) | ACC(X=2.31362438201904, Y=-8.68207836151123, Z=-3.98058342933655) | HR=85 bpm | IBI=0 ms | Participant=P02
3436,IBI out of range,Row 3436 | Timestamp: 1710812129405 ms | PPG(Green=2000621, Red=2000621, Ir=2000621) | ACC(X=2.33996987342834, Y=-8.63178253173828, Z=-3.98776865005493) | HR=85 bpm | IBI=0 ms | Participant=P02
3437,IBI out of range,Row 3437 | Timestamp: 1710812129446 ms | PPG(Green=1999305, Red=1999305, Ir=1999305) | ACC(X=2.32080936431885, Y=-8.67728900909424, Z=-4.0045337677002) | HR=85 bpm | IBI=0 ms | Participant=P02
3438,IBI out of range,Row 3438 | Timestamp: 1710812129486 ms | PPG(Green=1999199, Red=1999199, Ir=1999199) | ACC(X=2.28009343147278, Y=-8.67728900909424, Z=-4.05243492126465) | HR=84 bpm | IBI=0 ms | Participant=P02
3439,IBI out of range,Row 3439 | Timestamp: 1710812129526 ms | PPG(Green=2000018, Red=2000018, Ir=2000018) | ACC(X=2.30883407592773, Y=-8.6509428024292, Z=-3.99974393844604) | HR=84 bpm | IBI=0 ms | Participant=P02
3440,IBI out of range,Row 3440 | Timestamp: 1710812129566 ms | PPG(Green=2001134, Red=2001134, Ir=2001134) | ACC(X=2.31841444969177, Y=-8.66770839691162, Z=-4.01890420913696) | HR=84 bpm | IBI=0 ms | Participant=P02
3441,IBI out of range,Row 3441 | Timestamp: 1710812129606 ms | PPG(Green=2001616, Red=2001616, Ir=2001616) | ACC(X=2.29446387290955, Y=-8.68207836151123, Z=-3.98776865005493) | HR=84 bpm | IBI=0 ms | Participant=P02
3442,IBI out of range,Row 3442 | Timestamp: 1710812129647 ms | PPG(Green=2001578, Red=2001578, Ir=2001578) | ACC(X=2.3495500087738, Y=-8.66531372070313, Z=-3.98776865005493) | HR=84 bpm | IBI=0 ms | Participant=P02
3443,IBI out of range,Row 3443 | Timestamp: 1710812129686 ms | PPG(Green=2001517, Red=2001517, Ir=2001517) | ACC(X=2.40463638305664, Y=-8.68207836151123, Z=-3.9590277671814) | HR=84 bpm | IBI=0 ms | Participant=P02
3444,IBI out of range,Row 3444 | Timestamp: 1710812129726 ms | PPG(Green=2001984, Red=2001984, Ir=2001984) | ACC(X=2.33996987342834, Y=-8.69644927978516, Z=-4.02848434448242) | HR=84 bpm | IBI=0 ms | Participant=P02
3445,IBI out of range,Row 3445 | Timestamp: 1710812129766 ms | PPG(Green=2002777, Red=2002777, Ir=2002777) | ACC(X=2.33038973808289, Y=-8.69165897369385, Z=-3.96621298789978) | HR=84 bpm | IBI=0 ms | Participant=P02
3446,IBI out of range,Row 3446 | Timestamp: 1710812129806 ms | PPG(Green=2004081, Red=2004081, Ir=2004081) | ACC(X=2.31841444969177, Y=-8.63657283782959, Z=-3.96860814094543) | HR=83 bpm | IBI=0 ms | Participant=P02
3447,IBI out of range,Row 3447 | Timestamp: 1710812129847 ms | PPG(Green=2005591, Red=2005591, Ir=2005591) | ACC(X=2.29206871986389, Y=-8.61501693725586, Z=-3.98297834396362) | HR=83 bpm | IBI=0 ms | Participant=P02
3448,IBI out of range,Row 3448 | Timestamp: 1710812129887 ms | PPG(Green=2007317, Red=2007317, Ir=2007317) | ACC(X=2.33996987342834, Y=-8.69405364990234, Z=-4.0093240737915) | HR=83 bpm | IBI=0 ms | Participant=P02
3449,IBI out of range,Row 3449 | Timestamp: 1710812129927 ms | PPG(Green=2009058, Red=2009058, Ir=2009058) | ACC(X=2.32559967041016, Y=-8.67728900909424, Z=-3.97818827629089) | HR=82 bpm | IBI=0 ms | Participant=P02
3450,IBI out of range,Row 3450 | Timestamp: 1710812129967 ms | PPG(Green=2010752, Red=2010752, Ir=2010752) | ACC(X=2.35434031486511, Y=-8.61741256713867, Z=-4.00692892074585) | HR=82 bpm | IBI=0 ms | Participant=P02
3451,IBI out of range,Row 3451 | Timestamp: 1710812130007 ms | PPG(Green=2012427, Red=2012427, Ir=2012427) | ACC(X=2.38547587394714, Y=-8.62459754943848, Z=-3.95663285255432) | HR=82 bpm | IBI=0 ms | Participant=P02
3452,HeartRate out of range,Row 3452 | Timestamp: 1710812130048 ms | PPG(Green=2012775, Red=2012775, Ir=2012775) | ACC(X=2.3878710269928, Y=-8.71321487426758, Z=-3.97579336166382) | HR=0 bpm | IBI=0 ms | Participant=P02
3453,IBI out of range,Row 3453 | Timestamp: 1710812130087 ms | PPG(Green=2009331, Red=2009331, Ir=2009331) | ACC(X=2.32080936431885, Y=-8.67728900909424, Z=-4.03327465057373) | HR=83 bpm | IBI=0 ms | Participant=P02
3454,IBI out of range,Row 3454 | Timestamp: 1710812130127 ms | PPG(Green=2005107, Red=2005107, Ir=2005107) | ACC(X=2.35194516181946, Y=-8.62220191955566, Z=-3.98058342933655) | HR=84 bpm | IBI=0 ms | Participant=P02
3455,IBI out of range,Row 3455 | Timestamp: 1710812130167 ms | PPG(Green=2002253, Red=2002253, Ir=2002253) | ACC(X=2.35673522949219, Y=-8.58388137817383, Z=-3.96860814094543) | HR=83 bpm | IBI=0 ms | Participant=P02
3456,IBI out of range,Row 3456 | Timestamp: 1710812130207 ms | PPG(Green=2001136, Red=2001136, Ir=2001136) | ACC(X=2.28727865219116, Y=-8.67010307312012, Z=-3.94465756416321) | HR=84 bpm | IBI=0 ms | Participant=P02
3457,IBI out of range,Row 3457 | Timestamp: 1710812130248 ms | PPG(Green=2000951, Red=2000951, Ir=2000951) | ACC(X=2.28967380523682, Y=-8.67249870300293, Z=-4.02608966827393) | HR=82 bpm | IBI=0 ms | Participant=P02
3458,IBI out of range,Row 3458 | Timestamp: 1710812130288 ms | PPG(Green=2001362, Red=2001362, Ir=2001362) | ACC(X=2.31841444969177, Y=-8.61741256713867, Z=-3.99734878540039) | HR=81 bpm | IBI=0 ms | Participant=P02
3459,IBI out of range,Row 3459 | Timestamp: 1710812130328 ms | PPG(Green=2001987, Red=2001987, Ir=2001987) | ACC(X=2.30883407592773, Y=-8.62938785552979, Z=-3.96381807327271) | HR=80 bpm | IBI=0 ms | Participant=P02
3460,IBI out of range,Row 3460 | Timestamp: 1710812130368 ms | PPG(Green=2002022, Red=2002022, Ir=2002022) | ACC(X=2.29446387290955, Y=-8.68207836151123, Z=-3.97818827629089) | HR=78 bpm | IBI=0 ms | Participant=P02
3461,IBI out of range,Row 3461 | Timestamp: 1710812130408 ms | PPG(Green=2001518, Red=2001518, Ir=2001518) | ACC(X=2.26572322845459, Y=-8.60064697265625, Z=-3.98776865005493) | HR=78 bpm | IBI=0 ms | Participant=P02
3462,IBI out of range,Row 3462 | Timestamp: 1710812130449 ms | PPG(Green=2001233, Red=2001233, Ir=2001233) | ACC(X=2.29925394058228, Y=-8.68447399139404, Z=-3.95663285255432) | HR=77 bpm | IBI=0 ms | Participant=P02
3463,IBI out of range,Row 3463 | Timestamp: 1710812130488 ms | PPG(Green=2001562, Red=2001562, Ir=2001562) | ACC(X=2.38068580627441, Y=-8.59585666656494, Z=-3.97579336166382) | HR=77 bpm | IBI=0 ms | Participant=P02
3464,IBI out of range,Row 3464 | Timestamp: 1710812130528 ms | PPG(Green=2002489, Red=2002489, Ir=2002489) | ACC(X=2.29685878753662, Y=-8.6509428024292, Z=-4.05004024505615) | HR=76 bpm | IBI=0 ms | Participant=P02
3465,IBI out of range,Row 3465 | Timestamp: 1710812130568 ms | PPG(Green=2003862, Red=2003862, Ir=2003862) | ACC(X=2.37110567092896, Y=-8.69165897369385, Z=-3.96860814094543) | HR=75 bpm | IBI=0 ms | Participant=P02
3466,IBI out of range,Row 3466 | Timestamp: 1710812130608 ms | PPG(Green=2005231, Red=2005231, Ir=2005231) | ACC(X=2.39505624771118, Y=-8.64615249633789, Z=-3.99495363235474) | HR=75 bpm | IBI=0 ms | Participant=P02
3467,IBI out of range,Row 3467 | Timestamp: 1710812130649 ms | PPG(Green=2006910, Red=2006910, Ir=2006910) | ACC(X=2.28009343147278, Y=-8.64615249633789, Z=-4.00692892074585) | HR=75 bpm | IBI=0 ms | Participant=P02
3468,IBI out of range,Row 3468 | Timestamp: 1710812130689 ms | PPG(Green=2008564, Red=2008564, Ir=2008564) | ACC(X=2.35434031486511, Y=-8.7419548034668, Z=-3.99734878540039) | HR=75 bpm | IBI=0 ms | Participant=P02
3469,IBI out of range,Row 3469 | Timestamp: 1710812130729 ms | PPG(Green=2010048, Red=2010048, Ir=2010048) | ACC(X=2.28727865219116, Y=-8.62938785552979, Z=-3.96860814094543) | HR=76 bpm | IBI=0 ms | Participant=P02
3470,IBI out of range,Row 3470 | Timestamp: 1710812130769 ms | PPG(Green=2011715, Red=2011715, Ir=2011715) | ACC(X=2.24416756629944, Y=-8.69644927978516, Z=-3.90633654594421) | HR=75 bpm | IBI=0 ms | Participant=P02
3471,IBI out of range,Row 3471 | Timestamp: 1710812130809 ms | PPG(Green=2013129, Red=2013129, Ir=2013129) | ACC(X=2.33517980575562, Y=-8.70123958587646, Z=-3.96381807327271) | HR=76 bpm | IBI=0 ms | Participant=P02
3472,IBI out of range,Row 3472 | Timestamp: 1710812130850 ms | PPG(Green=2010877, Red=2010877, Ir=2010877) | ACC(X=2.29446387290955, Y=-8.6485481262207, Z=-3.98776865005493) | HR=75 bpm | IBI=0 ms | Participant=P02
3473,IBI out of range,Row 3473 | Timestamp: 1710812130889 ms | PPG(Green=2006454, Red=2006454, Ir=2006454) | ACC(X=2.34475994110107, Y=-8.70123958587646, Z=-4.01411437988281) | HR=75 bpm | IBI=0 ms | Participant=P02
3474,IBI out of range,Row 3474 | Timestamp: 1710812130929 ms | PPG(Green=2002755, Red=2002755, Ir=2002755) | ACC(X=2.29206871986389, Y=-8.6485481262207, Z=-3.96142292022705) | HR=75 bpm | IBI=0 ms | Participant=P02
3475,IBI out of range,Row 3475 | Timestamp: 1710812130969 ms | PPG(Green=2000914, Red=2000914, Ir=2000914) | ACC(X=2.33757495880127, Y=-8.62699222564697, Z=-3.90154647827148) | HR=75 bpm | IBI=0 ms | Participant=P02
3476,IBI out of range,Row 3476 | Timestamp: 1710812131009 ms | PPG(Green=2000371, Red=2000371, Ir=2000371) | ACC(X=2.34475994110107, Y=-8.66291809082031, Z=-3.97339820861816) | HR=75 bpm | IBI=0 ms | Participant=P02
3477,IBI out of range,Row 3477 | Timestamp: 1710812131050 ms | PPG(Green=2000392, Red=2000392, Ir=2000392) | ACC(X=2.36392045021057, Y=-8.54316520690918, Z=-4.00692892074585) | HR=76 bpm | IBI=0 ms | Participant=P02
3478,IBI out of range,Row 3478 | Timestamp: 1710812131090 ms | PPG(Green=2000922, Red=2000922, Ir=2000922) | ACC(X=2.36152529716492, Y=-8.71321487426758, Z=-4.00692892074585) | HR=76 bpm | IBI=0 ms | Participant=P02
3479,IBI out of range,Row 3479 | Timestamp: 1710812131130 ms | PPG(Green=2001031, Red=2001031, Ir=2001031) | ACC(X=2.33517980575562, Y=-8.6485481262207, Z=-3.99255871772766) | HR=76 bpm | IBI=0 ms | Participant=P02
3480,IBI out of range,Row 3480 | Timestamp: 1710812131170 ms | PPG(Green=2000672, Red=2000672, Ir=2000672) | ACC(X=2.27290821075439, Y=-8.69644927978516, Z=-3.97339820861816) | HR=76 bpm | IBI=0 ms | Participant=P02
3481,IBI out of range,Row 3481 | Timestamp: 1710812131210 ms | PPG(Green=2000140, Red=2000140, Ir=2000140) | ACC(X=2.34475994110107, Y=-8.658127784729, Z=-3.98297834396362) | HR=76 bpm | IBI=0 ms | Participant=P02
3482,IBI out of range,Row 3482 | Timestamp: 1710812131251 ms | PPG(Green=2000190, Red=2000190, Ir=2000190) | ACC(X=2.33517980575562, Y=-8.62699222564697, Z=-3.99974393844604) | HR=76 bpm | IBI=0 ms | Participant=P02
3483,IBI out of range,Row 3483 | Timestamp: 1710812131290 ms | PPG(Green=2000806, Red=2000806, Ir=2000806) | ACC(X=2.41182160377502, Y=-8.71081924438477, Z=-4.02848434448242) | HR=76 bpm | IBI=0 ms | Participant=P02
3484,IBI out of range,Row 3484 | Timestamp: 1710812131330 ms | PPG(Green=2001822, Red=2001822, Ir=2001822) | ACC(X=2.38547587394714, Y=-8.71560955047607, Z=-3.9590277671814) | HR=77 bpm | IBI=0 ms | Participant=P02
3485,IBI out of range,Row 3485 | Timestamp: 1710812131370 ms | PPG(Green=2003264, Red=2003264, Ir=2003264) | ACC(X=2.35194516181946, Y=-8.63178253173828, Z=-3.92070698738098) | HR=76 bpm | IBI=0 ms | Participant=P02
3486,IBI out of range,Row 3486 | Timestamp: 1710812131410 ms | PPG(Green=2004730, Red=2004730, Ir=2004730) | ACC(X=2.39026618003845, Y=-8.67728900909424, Z=-4.01890420913696) | HR=76 bpm | IBI=0 ms | Participant=P02
3487,IBI out of range,Row 3487 | Timestamp: 1710812131451 ms | PPG(Green=2006364, Red=2006364, Ir=2006364) | ACC(X=2.304044008255, Y=-8.67010307312012, Z=-4.0021390914917) | HR=77 bpm | IBI=0 ms | Participant=P02
3488,IBI out of range,Row 3488 | Timestamp: 1710812131490 ms | PPG(Green=2007824, Red=2007824, Ir=2007824) | ACC(X=2.3232045173645, Y=-8.67249870300293, Z=-4.02369451522827) | HR=78 bpm | IBI=0 ms | Participant=P02
3489,IBI out of range,Row 3489 | Timestamp: 1710812131531 ms | PPG(Green=2009419, Red=2009419, Ir=2009419) | ACC(X=2.26093292236328, Y=-8.60783195495605, Z=-3.99734878540039) | HR=79 bpm | IBI=0 ms | Participant=P02
3490,IBI out of range,Row 3490 | Timestamp: 1710812131571 ms | PPG(Green=2010926, Red=2010926, Ir=2010926) | ACC(X=2.26093292236328, Y=-8.59825134277344, Z=-4.05962038040161) | HR=80 bpm | IBI=0 ms | Participant=P02
3491,IBI out of range,Row 3491 | Timestamp: 1710812131611 ms | PPG(Green=2012727, Red=2012727, Ir=2012727) | ACC(X=2.29446387290955, Y=-8.68207836151123, Z=-4.11710166931152) | HR=81 bpm | IBI=0 ms | Participant=P02
3492,IBI out of range,Row 3492 | Timestamp: 1710812131652 ms | PPG(Green=2012193, Red=2012193, Ir=2012193) | ACC(X=2.33278465270996, Y=-8.59106636047363, Z=-4.0548300743103) | HR=83 bpm | IBI=0 ms | Participant=P02
3493,IBI out of range,Row 3493 | Timestamp: 1710812131691 ms | PPG(Green=2008532, Red=2008532, Ir=2008532) | ACC(X=2.28488349914551, Y=-8.68447399139404, Z=-4.03806495666504) | HR=84 bpm | IBI=0 ms | Participant=P02
3494,IBI out of range,Row 3494 | Timestamp: 1710812131731 ms | PPG(Green=2004842, Red=2004842, Ir=2004842) | ACC(X=2.32080936431885, Y=-8.61980724334717, Z=-3.94465756416321) | HR=85 bpm | IBI=0 ms | Participant=P02
3495,IBI out of range,Row 3495 | Timestamp: 1710812131771 ms | PPG(Green=2002776, Red=2002776, Ir=2002776) | ACC(X=2.29925394058228, Y=-8.68207836151123, Z=-3.9326822757721) | HR=86 bpm | IBI=0 ms | Participant=P02
3496,IBI out of range,Row 3496 | Timestamp: 1710812131811 ms | PPG(Green=2001959, Red=2001959, Ir=2001959) | ACC(X=2.29206871986389, Y=-8.62220191955566, Z=-3.94226241111755) | HR=85 bpm | IBI=0 ms | Participant=P02
3497,IBI out of range,Row 3497 | Timestamp: 1710812131852 ms | PPG(Green=2002022, Red=2002022, Ir=2002022) | ACC(X=2.35913038253784, Y=-8.74435043334961, Z=-3.99495363235474) | HR=84 bpm | IBI=0 ms | Participant=P02
3498,IBI out of range,Row 3498 | Timestamp: 1710812131891 ms | PPG(Green=2002547, Red=2002547, Ir=2002547) | ACC(X=2.23937749862671, Y=-8.65573310852051, Z=-4.0021390914917) | HR=84 bpm | IBI=0 ms | Participant=P02
3499,IBI out of range,Row 3499 | Timestamp: 1710812131932 ms | PPG(Green=2003007, Red=2003007, Ir=2003007) | ACC(X=2.29446387290955, Y=-8.6485481262207, Z=-4.03087949752808) | HR=85 bpm | IBI=0 ms | Participant=P02
3500,IBI out of range,Row 3500 | Timestamp: 1710812131972 ms | PPG(Green=2002751, Red=2002751, Ir=2002751) | ACC(X=2.37829089164734, Y=-8.658127784729, Z=-4.02369451522827) | HR=86 bpm | IBI=0 ms | Participant=P02
3501,IBI out of range,Row 3501 | Timestamp: 1710812132012 ms | PPG(Green=2002441, Red=2002441, Ir=2002441) | ACC(X=2.32559967041016, Y=-8.62699222564697, Z=-3.99495363235474) | HR=87 bpm | IBI=0 ms | Participant=P02
3502,IBI out of range,Row 3502 | Timestamp: 1710812132053 ms | PPG(Green=2002217, Red=2002217, Ir=2002217) | ACC(X=2.36392045021057, Y=-8.65573310852051, Z=-3.98297834396362) | HR=88 bpm | IBI=0 ms | Participant=P02
3503,IBI out of range,Row 3503 | Timestamp: 1710812132092 ms | PPG(Green=2002618, Red=2002618, Ir=2002618) | ACC(X=2.41182160377502, Y=-8.6413631439209, Z=-3.90633654594421) | HR=89 bpm | IBI=0 ms | Participant=P02
3504,IBI out of range,Row 3504 | Timestamp: 1710812132132 ms | PPG(Green=2003696, Red=2003696, Ir=2003696) | ACC(X=2.41900682449341, Y=-8.69165897369385, Z=-3.9135217666626) | HR=89 bpm | IBI=0 ms | Participant=P02
3505,IBI out of range,Row 3505 | Timestamp: 1710812132172 ms | PPG(Green=2004891, Red=2004891, Ir=2004891) | ACC(X=2.32559967041016, Y=-8.61741256713867, Z=-3.95663285255432) | HR=88 bpm | IBI=0 ms | Participant=P02
3506,IBI out of range,Row 3506 | Timestamp: 1710812132212 ms | PPG(Green=2006116, Red=2006116, Ir=2006116) | ACC(X=2.33038973808289, Y=-8.658127784729, Z=-3.95184278488159) | HR=88 bpm | IBI=0 ms | Participant=P02
3507,HeartRate out of range,Row 3507 | Timestamp: 1710812132253 ms | PPG(Green=2007722, Red=2007722, Ir=2007722) | ACC(X=2.28967380523682, Y=-8.60543727874756, Z=-3.95184278488159) | HR=0 bpm | IBI=0 ms | Participant=P02
3508,HeartRate out of range,Row 3508 | Timestamp: 1710812132292 ms | PPG(Green=2009048, Red=2009048, Ir=2009048) | ACC(X=2.34715509414673, Y=-8.69405364990234, Z=-3.95423769950867) | HR=0 bpm | IBI=0 ms | Participant=P02
3509,HeartRate out of range,Row 3509 | Timestamp: 1710812132332 ms | PPG(Green=2010528, Red=2010528, Ir=2010528) | ACC(X=2.37110567092896, Y=-8.72758483886719, Z=-3.95184278488159) | HR=0 bpm | IBI=0 ms | Participant=P02
3510,HeartRate out of range,Row 3510 | Timestamp: 1710812132373 ms | PPG(Green=2012080, Red=2012080, Ir=2012080) | ACC(X=2.33038973808289, Y=-8.67968368530273, Z=-3.94226241111755) | HR=0 bpm | IBI=0 ms | Participant=P02
3511,HeartRate out of range,Row 3511 | Timestamp: 1710812132413 ms | PPG(Green=2013524, Red=2013524, Ir=2013524) | ACC(X=2.41661167144775, Y=-8.63657283782959, Z=-3.94226241111755) | HR=0 bpm | IBI=0 ms | Participant=P02
3512,HeartRate out of range,Row 3512 | Timestamp: 1710812132453 ms | PPG(Green=2015161, Red=2015161, Ir=2015161) | ACC(X=2.39026618003845, Y=-8.67968368530273, Z=-3.89915156364441) | HR=0 bpm | IBI=0 ms | Participant=P02
3513,HeartRate out of range,Row 3513 | Timestamp: 1710812132493 ms | PPG(Green=2013629, Red=2013629, Ir=2013629) | ACC(X=2.37110567092896, Y=-8.66531372070313, Z=-3.95423769950867) | HR=0 bpm | IBI=0 ms | Participant=P02
3514,HeartRate out of range,Row 3514 | Timestamp: 1710812132533 ms | PPG(Green=2009745, Red=2009745, Ir=2009745) | ACC(X=2.342365026474, Y=-8.65333843231201, Z=-3.92070698738098) | HR=0 bpm | IBI=0 ms | Participant=P02
3515,IBI out of range,Row 3515 | Timestamp: 1710812132573 ms | PPG(Green=2006244, Red=2006244, Ir=2006244) | ACC(X=2.37350058555603, Y=-8.66770839691162, Z=-3.98537349700928) | HR=88 bpm | IBI=0 ms | Participant=P02
3516,IBI out of range,Row 3516 | Timestamp: 1710812132613 ms | PPG(Green=2004186, Red=2004186, Ir=2004186) | ACC(X=2.31122922897339, Y=-8.71800422668457, Z=-3.99495363235474) | HR=87 bpm | IBI=0 ms | Participant=P02
3517,HeartRate out of range,Row 3517 | Timestamp: 1710812132654 ms | PPG(Green=2003861, Red=2003861, Ir=2003861) | ACC(X=2.38547587394714, Y=-8.66531372070313, Z=-3.97579336166382) | HR=0 bpm | IBI=0 ms | Participant=P02
3518,HeartRate out of range,Row 3518 | Timestamp: 1710812132693 ms | PPG(Green=2004171, Red=2004171, Ir=2004171) | ACC(X=2.39266109466553, Y=-8.67489337921143, Z=-3.92070698738098) | HR=0 bpm | IBI=0 ms | Participant=P02
3519,HeartRate out of range,Row 3519 | Timestamp: 1710812132733 ms | PPG(Green=2004880, Red=2004880, Ir=2004880) | ACC(X=2.40224146842957, Y=-8.67968368530273, Z=-3.97339820861816) | HR=0 bpm | IBI=0 ms | Participant=P02
3520,HeartRate out of range,Row 3520 | Timestamp: 1710812132774 ms | PPG(Green=2005440, Red=2005440, Ir=2005440) | ACC(X=2.36631560325623, Y=-8.6485481262207, Z=-3.9135217666626) | HR=0 bpm | IBI=0 ms | Participant=P02
3521,IBI out of range,Row 3521 | Timestamp: 1710812132814 ms | PPG(Green=2004880, Red=2004880, Ir=2004880) | ACC(X=2.3878710269928, Y=-8.62220191955566, Z=-3.83687996864319) | HR=87 bpm | IBI=0 ms | Participant=P02
3522,HeartRate out of range,Row 3522 | Timestamp: 1710812132854 ms | PPG(Green=2004180, Red=2004180, Ir=2004180) | ACC(X=2.41900682449341, Y=-8.69165897369385, Z=-3.92310214042664) | HR=0 bpm | IBI=0 ms | Participant=P02
3523,HeartRate out of range,Row 3523 | Timestamp: 1710812132894 ms | PPG(Green=2004079, Red=2004079, Ir=2004079) | ACC(X=2.38547587394714, Y=-8.63417720794678, Z=-4.02369451522827) | HR=0 bpm | IBI=0 ms | Participant=P02
3524,HeartRate out of range,Row 3524 | Timestamp: 1710812132934 ms | PPG(Green=2004344, Red=2004344, Ir=2004344) | ACC(X=2.37110567092896, Y=-8.67010307312012, Z=-4.06920051574707) | HR=0 bpm | IBI=0 ms | Participant=P02
3525,HeartRate out of range,Row 3525 | Timestamp: 1710812132974 ms | PPG(Green=2005119, Red=2005119, Ir=2005119) | ACC(X=2.37829089164734, Y=-8.67728900909424, Z=-3.99974393844604) | HR=0 bpm | IBI=0 ms | Participant=P02
3526,HeartRate out of range,Row 3526 | Timestamp: 1710812133014 ms | PPG(Green=2006184, Red=2006184, Ir=2006184) | ACC(X=2.41182160377502, Y=-8.66531372070313, Z=-3.96621298789978) | HR=0 bpm | IBI=0 ms | Participant=P02
3527,HeartRate out of range,Row 3527 | Timestamp: 1710812133055 ms | PPG(Green=2007608, Red=2007608, Ir=2007608) | ACC(X=2.39745116233826, Y=-8.63417720794678, Z=-4.01411437988281) | HR=0 bpm | IBI=0 ms | Participant=P02
3528,HeartRate out of range,Row 3528 | Timestamp: 1710812133094 ms | PPG(Green=2008975, Red=2008975, Ir=2008975) | ACC(X=2.45493268966675, Y=-8.71560955047607, Z=-4.01171922683716) | HR=0 bpm | IBI=0 ms | Participant=P02
3529,HeartRate out of range,Row 3529 | Timestamp: 1710812133135 ms | PPG(Green=2010469, Red=2010469, Ir=2010469) | ACC(X=2.40703153610229, Y=-8.62220191955566, Z=-3.94465756416321) | HR=0 bpm | IBI=0 ms | Participant=P02
3530,HeartRate out of range,Row 3530 | Timestamp: 1710812133175 ms | PPG(Green=2011926, Red=2011926, Ir=2011926) | ACC(X=2.45732760429382, Y=-8.58148670196533, Z=-3.9135217666626) | HR=0 bpm | IBI=0 ms | Participant=P02
3531,HeartRate out of range,Row 3531 | Timestamp: 1710812133215 ms | PPG(Green=2013523, Red=2013523, Ir=2013523) | ACC(X=2.45014238357544, Y=-8.66770839691162, Z=-3.84406518936157) | HR=0 bpm | IBI=0 ms | Participant=P02
3532,HeartRate out of range,Row 3532 | Timestamp: 1710812133256 ms | PPG(Green=2014865, Red=2014865, Ir=2014865) | ACC(X=2.47169804573059, Y=-8.65573310852051, Z=-3.90394163131714) | HR=0 bpm | IBI=0 ms | Participant=P02
3533,HeartRate out of range,Row 3533 | Timestamp: 1710812133295 ms | PPG(Green=2013450, Red=2013450, Ir=2013450) | ACC(X=2.35194516181946, Y=-8.58148670196533, Z=-3.98058342933655) | HR=0 bpm | IBI=0 ms | Participant=P02
3534,HeartRate out of range,Row 3534 | Timestamp: 1710812133335 ms | PPG(Green=2009867, Red=2009867, Ir=2009867) | ACC(X=2.29925394058228, Y=-8.66291809082031, Z=-3.99495363235474) | HR=0 bpm | IBI=0 ms | Participant=P02
3535,HeartRate out of range,Row 3535 | Timestamp: 1710812133375 ms | PPG(Green=2006730, Red=2006730, Ir=2006730) | ACC(X=2.23219227790833, Y=-8.70123958587646, Z=-4.03327465057373) | HR=0 bpm | IBI=0 ms | Participant=P02
3536,HeartRate out of range,Row 3536 | Timestamp: 1710812133415 ms | PPG(Green=2005121, Red=2005121, Ir=2005121) | ACC(X=2.37110567092896, Y=-8.63417720794678, Z=-4.06441020965576) | HR=0 bpm | IBI=0 ms | Participant=P02
3537,HeartRate out of range,Row 3537 | Timestamp: 1710812133456 ms | PPG(Green=2004841, Red=2004841, Ir=2004841) | ACC(X=2.31841444969177, Y=-8.63896751403809, Z=-3.98537349700928) | HR=0 bpm | IBI=0 ms | Participant=P02
3538,HeartRate out of range,Row 3538 | Timestamp: 1710812133496 ms | PPG(Green=2005653, Red=2005653, Ir=2005653) | ACC(X=2.38068580627441, Y=-8.61501693725586, Z=-3.97339820861816) | HR=0 bpm | IBI=0 ms | Participant=P02
3539,HeartRate out of range,Row 3539 | Timestamp: 1710812133536 ms | PPG(Green=2006598, Red=2006598, Ir=2006598) | ACC(X=2.32559967041016, Y=-8.67968368530273, Z=-4.01171922683716) | HR=0 bpm | IBI=0 ms | Participant=P02
3540,IBI out of range,Row 3540 | Timestamp: 1710812133576 ms | PPG(Green=2007208, Red=2007208, Ir=2007208) | ACC(X=2.31601929664612, Y=-8.58627605438232, Z=-3.93747234344482) | HR=91 bpm | IBI=0 ms | Participant=P02
3541,IBI out of range,Row 3541 | Timestamp: 1710812133616 ms | PPG(Green=2007029, Red=2007029, Ir=2007029) | ACC(X=2.39266109466553, Y=-8.73476982116699, Z=-3.99016356468201) | HR=93 bpm | IBI=0 ms | Participant=P02
3542,HeartRate out of range,Row 3542 | Timestamp: 1710812133657 ms | PPG(Green=2006714, Red=2006714, Ir=2006714) | ACC(X=2.36631560325623, Y=-8.66531372070313, Z=-4.0021390914917) | HR=0 bpm | IBI=0 ms | Participant=P02
3543,HeartRate out of range,Row 3543 | Timestamp: 1710812133696 ms | PPG(Green=2006671, Red=2006671, Ir=2006671) | ACC(X=2.35673522949219, Y=-8.66531372070313, Z=-4.03327465057373) | HR=0 bpm | IBI=0 ms | Participant=P02
3544,HeartRate out of range,Row 3544 | Timestamp: 1710812133736 ms | PPG(Green=2006831, Red=2006831, Ir=2006831) | ACC(X=2.40224146842957, Y=-8.68447399139404, Z=-3.94705247879028) | HR=0 bpm | IBI=0 ms | Participant=P02
3545,HeartRate out of range,Row 3545 | Timestamp: 1710812133776 ms | PPG(Green=2007744, Red=2007744, Ir=2007744) | ACC(X=2.33278465270996, Y=-8.658127784729, Z=-3.93747234344482) | HR=0 bpm | IBI=0 ms | Participant=P02
3546,HeartRate out of range,Row 3546 | Timestamp: 1710812133816 ms | PPG(Green=2008543, Red=2008543, Ir=2008543) | ACC(X=2.29206871986389, Y=-8.64375782012939, Z=-3.99974393844604) | HR=0 bpm | IBI=0 ms | Participant=P02
3547,HeartRate out of range,Row 3547 | Timestamp: 1710812133857 ms | PPG(Green=2009483, Red=2009483, Ir=2009483) | ACC(X=2.33757495880127, Y=-8.67728900909424, Z=-3.9590277671814) | HR=0 bpm | IBI=0 ms | Participant=P02
3548,HeartRate out of range,Row 3548 | Timestamp: 1710812133897 ms | PPG(Green=2010510, Red=2010510, Ir=2010510) | ACC(X=2.32559967041016, Y=-8.63417720794678, Z=-3.91591691970825) | HR=0 bpm | IBI=0 ms | Participant=P02
3549,HeartRate out of range,Row 3549 | Timestamp: 1710812133937 ms | PPG(Green=2012116, Red=2012116, Ir=2012116) | ACC(X=2.29446387290955, Y=-8.70363426208496, Z=-4.02129936218262) | HR=0 bpm | IBI=0 ms | Participant=P02
3550,HeartRate out of range,Row 3550 | Timestamp: 1710812133977 ms | PPG(Green=2013982, Red=2013982, Ir=2013982) | ACC(X=2.31841444969177, Y=-8.59585666656494, Z=-3.97579336166382) | HR=0 bpm | IBI=0 ms | Participant=P02
3551,HeartRate out of range,Row 3551 | Timestamp: 1710812134017 ms | PPG(Green=2016073, Red=2016073, Ir=2016073) | ACC(X=2.28488349914551, Y=-8.66291809082031, Z=-3.96142292022705) | HR=0 bpm | IBI=0 ms | Participant=P02
3552,HeartRate out of range,Row 3552 | Timestamp: 1710812134058 ms | PPG(Green=2015842, Red=2015842, Ir=2015842) | ACC(X=2.30883407592773, Y=-8.70123958587646, Z=-3.95423769950867) | HR=0 bpm | IBI=0 ms | Participant=P02
3553,HeartRate out of range,Row 3553 | Timestamp: 1710812134097 ms | PPG(Green=2012686, Red=2012686, Ir=2012686) | ACC(X=2.33278465270996, Y=-8.68447399139404, Z=-3.94944763183594) | HR=0 bpm | IBI=0 ms | Participant=P02
3554,HeartRate out of range,Row 3554 | Timestamp: 1710812134137 ms | PPG(Green=2009507, Red=2009507, Ir=2009507) | ACC(X=2.39026618003845, Y=-8.69884395599365, Z=-3.90154647827148) | HR=0 bpm | IBI=0 ms | Participant=P02
3555,HeartRate out of range,Row 3555 | Timestamp: 1710812134177 ms | PPG(Green=2007860, Red=2007860, Ir=2007860) | ACC(X=2.32559967041016, Y=-8.66770839691162, Z=-3.87759590148926) | HR=0 bpm | IBI=0 ms | Participant=P02
3556,HeartRate out of range,Row 3556 | Timestamp: 1710812134218 ms | PPG(Green=2007580, Red=2007580, Ir=2007580) | ACC(X=2.3232045173645, Y=-8.67010307312012, Z=-3.91831183433533) | HR=0 bpm | IBI=0 ms | Participant=P02
3557,HeartRate out of range,Row 3557 | Timestamp: 1710812134258 ms | PPG(Green=2007944, Red=2007944, Ir=2007944) | ACC(X=2.28248858451843, Y=-8.61501693725586, Z=-3.9326822757721) | HR=0 bpm | IBI=0 ms | Participant=P02
3558,HeartRate out of range,Row 3558 | Timestamp: 1710812134298 ms | PPG(Green=2008954, Red=2008954, Ir=2008954) | ACC(X=2.25853800773621, Y=-8.64615249633789, Z=-3.99974393844604) | HR=0 bpm | IBI=0 ms | Participant=P02
3559,HeartRate out of range,Row 3559 | Timestamp: 1710812134338 ms | PPG(Green=2009657, Red=2009657, Ir=2009657) | ACC(X=2.28488349914551, Y=-8.59346199035645, Z=-3.99255871772766) | HR=0 bpm | IBI=0 ms | Participant=P02
3560,HeartRate out of range,Row 3560 | Timestamp: 1710812134378 ms | PPG(Green=2009769, Red=2009769, Ir=2009769) | ACC(X=2.34715509414673, Y=-8.6485481262207, Z=-3.96860814094543) | HR=0 bpm | IBI=0 ms | Participant=P02
3561,HeartRate out of range,Row 3561 | Timestamp: 1710812134418 ms | PPG(Green=2009407, Red=2009407, Ir=2009407) | ACC(X=2.38547587394714, Y=-8.71321487426758, Z=-3.92789220809936) | HR=0 bpm | IBI=0 ms | Participant=P02
3562,HeartRate out of range,Row 3562 | Timestamp: 1710812134459 ms | PPG(Green=2009428, Red=2009428, Ir=2009428) | ACC(X=2.34475994110107, Y=-8.66052341461182, Z=-3.93507742881775) | HR=0 bpm | IBI=0 ms | Participant=P02
3563,HeartRate out of range,Row 3563 | Timestamp: 1710812134498 ms | PPG(Green=2010057, Red=2010057, Ir=2010057) | ACC(X=2.28009343147278, Y=-8.68686866760254, Z=-4.01411437988281) | HR=0 bpm | IBI=0 ms | Participant=P02
3564,HeartRate out of range,Row 3564 | Timestamp: 1710812134538 ms | PPG(Green=2011147, Red=2011147, Ir=2011147) | ACC(X=2.29925394058228, Y=-8.65573310852051, Z=-3.96860814094543) | HR=0 bpm | IBI=0 ms | Participant=P02
3565,HeartRate out of range,Row 3565 | Timestamp: 1710812134579 ms | PPG(Green=2012632, Red=2012632, Ir=2012632) | ACC(X=2.32799458503723, Y=-8.6485481262207, Z=-3.98776865005493) | HR=0 bpm | IBI=0 ms | Participant=P02
3566,HeartRate out of range,Row 3566 | Timestamp: 1710812134619 ms | PPG(Green=2014180, Red=2014180, Ir=2014180) | ACC(X=2.30883407592773, Y=-8.6485481262207, Z=-3.94465756416321) | HR=0 bpm | IBI=0 ms | Participant=P02
3567,HeartRate out of range,Row 3567 | Timestamp: 1710812134659 ms | PPG(Green=2015965, Red=2015965, Ir=2015965) | ACC(X=2.36392045021057, Y=-8.63417720794678, Z=-4.0021390914917) | HR=0 bpm | IBI=0 ms | Participant=P02
3568,HeartRate out of range,Row 3568 | Timestamp: 1710812134699 ms | PPG(Green=2017590, Red=2017590, Ir=2017590) | ACC(X=2.23219227790833, Y=-8.67968368530273, Z=-4.05004024505615) | HR=0 bpm | IBI=0 ms | Participant=P02
3569,HeartRate out of range,Row 3569 | Timestamp: 1710812134739 ms | PPG(Green=2019195, Red=2019195, Ir=2019195) | ACC(X=2.28967380523682, Y=-8.62699222564697, Z=-3.98776865005493) | HR=0 bpm | IBI=0 ms | Participant=P02
3570,HeartRate out of range,Row 3570 | Timestamp: 1710812134779 ms | PPG(Green=2020902, Red=2020902, Ir=2020902) | ACC(X=2.33757495880127, Y=-8.66770839691162, Z=-3.95423769950867) | HR=0 bpm | IBI=0 ms | Participant=P02
3571,HeartRate out of range,Row 3571 | Timestamp: 1710812134819 ms | PPG(Green=2022661, Red=2022661, Ir=2022661) | ACC(X=2.29685878753662, Y=-8.61980724334717, Z=-3.94705247879028) | HR=0 bpm | IBI=0 ms | Participant=P02
3572,HeartRate out of range,Row 3572 | Timestamp: 1710812134860 ms | PPG(Green=2021658, Red=2021658, Ir=2021658) | ACC(X=2.31601929664612, Y=-8.61741256713867, Z=-4.0476450920105) | HR=0 bpm | IBI=0 ms | Participant=P02
3573,HeartRate out of range,Row 3573 | Timestamp: 1710812134899 ms | PPG(Green=2017570, Red=2017570, Ir=2017570) | ACC(X=2.342365026474, Y=-8.70602893829346, Z=-3.90633654594421) | HR=0 bpm | IBI=0 ms | Participant=P02
3574,HeartRate out of range,Row 3574 | Timestamp: 1710812134940 ms | PPG(Green=2013821, Red=2013821, Ir=2013821) | ACC(X=2.23698258399963, Y=-8.70602893829346, Z=-3.89196634292603) | HR=0 bpm | IBI=0 ms | Participant=P02
3575,HeartRate out of range,Row 3575 | Timestamp: 1710812134980 ms | PPG(Green=2011608, Red=2011608, Ir=2011608) | ACC(X=2.23937749862671, Y=-8.68686866760254, Z=-3.97579336166382) | HR=0 bpm | IBI=0 ms | Participant=P02
3576,HeartRate out of range,Row 3576 | Timestamp: 1710812135020 ms | PPG(Green=2010664, Red=2010664, Ir=2010664) | ACC(X=2.30883407592773, Y=-8.63896751403809, Z=-4.01171922683716) | HR=0 bpm | IBI=0 ms | Participant=P02
3577,HeartRate out of range,Row 3577 | Timestamp: 1710812135061 ms | PPG(Green=2010763, Red=2010763, Ir=2010763) | ACC(X=2.35194516181946, Y=-8.66531372070313, Z=-3.98537349700928) | HR=0 bpm | IBI=0 ms | Participant=P02
3578,HeartRate out of range,Row 3578 | Timestamp: 1710812135100 ms | PPG(Green=2011342, Red=2011342, Ir=2011342) | ACC(X=2.28248858451843, Y=-8.71560955047607, Z=-3.91831183433533) | HR=0 bpm | IBI=0 ms | Participant=P02
3579,HeartRate out of range,Row 3579 | Timestamp: 1710812135140 ms | PPG(Green=2011665, Red=2011665, Ir=2011665) | ACC(X=2.35434031486511, Y=-8.66052341461182, Z=-3.94705247879028) | HR=0 bpm | IBI=0 ms | Participant=P02
3580,HeartRate out of range,Row 3580 | Timestamp: 1710812135180 ms | PPG(Green=2011468, Red=2011468, Ir=2011468) | ACC(X=2.3495500087738, Y=-8.72519016265869, Z=-3.98297834396362) | HR=0 bpm | IBI=0 ms | Participant=P02
3581,HeartRate out of range,Row 3581 | Timestamp: 1710812135220 ms | PPG(Green=2010981, Red=2010981, Ir=2010981) | ACC(X=2.25614285469055, Y=-8.66291809082031, Z=-3.97100305557251) | HR=0 bpm | IBI=0 ms | Participant=P02
3582,HeartRate out of range,Row 3582 | Timestamp: 1710812135261 ms | PPG(Green=2010766, Red=2010766, Ir=2010766) | ACC(X=2.29206871986389, Y=-8.69165897369385, Z=-3.96621298789978) | HR=0 bpm | IBI=0 ms | Participant=P02
3583,HeartRate out of range,Row 3583 | Timestamp: 1710812135301 ms | PPG(Green=2011057, Red=2011057, Ir=2011057) | ACC(X=2.30643916130066, Y=-8.69165897369385, Z=-3.96381807327271) | HR=0 bpm | IBI=0 ms | Participant=P02
3584,HeartRate out of range,Row 3584 | Timestamp: 1710812135341 ms | PPG(Green=2011991, Red=2011991, Ir=2011991) | ACC(X=2.28727865219116, Y=-8.72519016265869, Z=-3.96381807327271) | HR=0 bpm | IBI=0 ms | Participant=P02
3585,HeartRate out of range,Row 3585 | Timestamp: 1710812135381 ms | PPG(Green=2013160, Red=2013160, Ir=2013160) | ACC(X=2.32080936431885, Y=-8.70602893829346, Z=-3.92310214042664) | HR=0 bpm | IBI=0 ms | Participant=P02
3586,HeartRate out of range,Row 3586 | Timestamp: 1710812135421 ms | PPG(Green=2014366, Red=2014366, Ir=2014366) | ACC(X=2.34715509414673, Y=-8.63896751403809, Z=-3.9135217666626) | HR=0 bpm | IBI=0 ms | Participant=P02
3587,HeartRate out of range,Row 3587 | Timestamp: 1710812135462 ms | PPG(Green=2015850, Red=2015850, Ir=2015850) | ACC(X=2.33278465270996, Y=-8.68447399139404, Z=-3.94944763183594) | HR=0 bpm | IBI=0 ms | Participant=P02
3588,HeartRate out of range,Row 3588 | Timestamp: 1710812135501 ms | PPG(Green=2017310, Red=2017310, Ir=2017310) | ACC(X=2.31841444969177, Y=-8.69884395599365, Z=-3.98058342933655) | HR=0 bpm | IBI=0 ms | Participant=P02
3589,HeartRate out of range,Row 3589 | Timestamp: 1710812135541 ms | PPG(Green=2018738, Red=2018738, Ir=2018738) | ACC(X=2.24656271934509, Y=-8.67489337921143, Z=-3.89196634292603) | HR=0 bpm | IBI=0 ms | Participant=P02
3590,HeartRate out of range,Row 3590 | Timestamp: 1710812135581 ms | PPG(Green=2020372, Red=2020372, Ir=2020372) | ACC(X=2.35673522949219, Y=-8.6509428024292, Z=-3.97339820861816) | HR=0 bpm | IBI=0 ms | Participant=P02
3591,HeartRate out of range,Row 3591 | Timestamp: 1710812135622 ms | PPG(Green=2021947, Red=2021947, Ir=2021947) | ACC(X=2.33996987342834, Y=-8.66052341461182, Z=-3.95184278488159) | HR=0 bpm | IBI=0 ms | Participant=P02
3592,HeartRate out of range,Row 3592 | Timestamp: 1710812135663 ms | PPG(Green=2021438, Red=2021438, Ir=2021438) | ACC(X=2.27530336380005, Y=-8.72279453277588, Z=-4.00692892074585) | HR=0 bpm | IBI=0 ms | Participant=P02
3593,HeartRate out of range,Row 3593 | Timestamp: 1710812135702 ms | PPG(Green=2017489, Red=2017489, Ir=2017489) | ACC(X=2.31601929664612, Y=-8.67489337921143, Z=-3.90154647827148) | HR=0 bpm | IBI=0 ms | Participant=P02
3594,HeartRate out of range,Row 3594 | Timestamp: 1710812135742 ms | PPG(Green=2013413, Red=2013413, Ir=2013413) | ACC(X=2.29206871986389, Y=-8.74674510955811, Z=-4.0021390914917) | HR=0 bpm | IBI=0 ms | Participant=P02
3595,HeartRate out of range,Row 3595 | Timestamp: 1710812135782 ms | PPG(Green=2010790, Red=2010790, Ir=2010790) | ACC(X=2.31122922897339, Y=-8.72758483886719, Z=-3.94226241111755) | HR=0 bpm | IBI=0 ms | Participant=P02
3596,HeartRate out of range,Row 3596 | Timestamp: 1710812135822 ms | PPG(Green=2009586, Red=2009586, Ir=2009586) | ACC(X=2.38308095932007, Y=-8.66531372070313, Z=-3.93507742881775) | HR=0 bpm | IBI=0 ms | Participant=P02
3597,HeartRate out of range,Row 3597 | Timestamp: 1710812135863 ms | PPG(Green=2009611, Red=2009611, Ir=2009611) | ACC(X=2.28727865219116, Y=-8.66291809082031, Z=-3.98297834396362) | HR=0 bpm | IBI=0 ms | Participant=P02
3598,HeartRate out of range,Row 3598 | Timestamp: 1710812135903 ms | PPG(Green=2010058, Red=2010058, Ir=2010058) | ACC(X=2.27530336380005, Y=-8.68447399139404, Z=-3.98058342933655) | HR=0 bpm | IBI=0 ms | Participant=P02
3599,HeartRate out of range,Row 3599 | Timestamp: 1710812135943 ms | PPG(Green=2010297, Red=2010297, Ir=2010297) | ACC(X=2.33278465270996, Y=-8.658127784729, Z=-3.94944763183594) | HR=0 bpm | IBI=0 ms | Participant=P02
3600,HeartRate out of range,Row 3600 | Timestamp: 1710812135983 ms | PPG(Green=2010305, Red=2010305, Ir=2010305) | ACC(X=2.24895787239075, Y=-8.69884395599365, Z=-4.01411437988281) | HR=0 bpm | IBI=0 ms | Participant=P02
3601,HeartRate out of range,Row 3601 | Timestamp: 1710812136023 ms | PPG(Green=2009622, Red=2009622, Ir=2009622) | ACC(X=2.35194516181946, Y=-8.6509428024292, Z=-3.95423769950867) | HR=0 bpm | IBI=0 ms | Participant=P02
3602,HeartRate out of range,Row 3602 | Timestamp: 1710812136064 ms | PPG(Green=2009318, Red=2009318, Ir=2009318) | ACC(X=2.36152529716492, Y=-8.67249870300293, Z=-3.9326822757721) | HR=0 bpm | IBI=0 ms | Participant=P02
3603,HeartRate out of range,Row 3603 | Timestamp: 1710812136103 ms | PPG(Green=2009668, Red=2009668, Ir=2009668) | ACC(X=2.33757495880127, Y=-8.72519016265869, Z=-4.01650905609131) | HR=0 bpm | IBI=0 ms | Participant=P02
3604,HeartRate out of range,Row 3604 | Timestamp: 1710812136143 ms | PPG(Green=2010416, Red=2010416, Ir=2010416) | ACC(X=2.27051329612732, Y=-8.6509428024292, Z=-3.9590277671814) | HR=0 bpm | IBI=0 ms | Participant=P02
3605,HeartRate out of range,Row 3605 | Timestamp: 1710812136183 ms | PPG(Green=2011509, Red=2011509, Ir=2011509) | ACC(X=2.28967380523682, Y=-8.67489337921143, Z=-3.96381807327271) | HR=0 bpm | IBI=0 ms | Participant=P02
3606,HeartRate out of range,Row 3606 | Timestamp: 1710812136224 ms | PPG(Green=2012963, Red=2012963, Ir=2012963) | ACC(X=2.35194516181946, Y=-8.65333843231201, Z=-3.95423769950867) | HR=0 bpm | IBI=0 ms | Participant=P02
3607,HeartRate out of range,Row 3607 | Timestamp: 1710812136265 ms | PPG(Green=2014386, Red=2014386, Ir=2014386) | ACC(X=2.39266109466553, Y=-8.61501693725586, Z=-3.97100305557251) | HR=0 bpm | IBI=0 ms | Participant=P02
3608,HeartRate out of range,Row 3608 | Timestamp: 1710812136304 ms | PPG(Green=2015896, Red=2015896, Ir=2015896) | ACC(X=2.33038973808289, Y=-8.62699222564697, Z=-4.04045963287354) | HR=0 bpm | IBI=0 ms | Participant=P02
3609,HeartRate out of range,Row 3609 | Timestamp: 1710812136344 ms | PPG(Green=2017505, Red=2017505, Ir=2017505) | ACC(X=2.36631560325623, Y=-8.7419548034668, Z=-3.94226241111755) | HR=0 bpm | IBI=0 ms | Participant=P02
3610,HeartRate out of range,Row 3610 | Timestamp: 1710812136384 ms | PPG(Green=2019077, Red=2019077, Ir=2019077) | ACC(X=2.31841444969177, Y=-8.69884395599365, Z=-3.98058342933655) | HR=0 bpm | IBI=0 ms | Participant=P02
3611,HeartRate out of range,Row 3611 | Timestamp: 1710812136424 ms | PPG(Green=2021513, Red=2021513, Ir=2021513) | ACC(X=2.35194516181946, Y=-8.64615249633789, Z=-3.92310214042664) | HR=0 bpm | IBI=0 ms | Participant=P02
3612,HeartRate out of range,Row 3612 | Timestamp: 1710812136465 ms | PPG(Green=2018556, Red=2018556, Ir=2018556) | ACC(X=2.33278465270996, Y=-8.67489337921143, Z=-4.00692892074585) | HR=0 bpm | IBI=0 ms | Participant=P02
3613,HeartRate out of range,Row 3613 | Timestamp: 1710812136504 ms | PPG(Green=2014514, Red=2014514, Ir=2014514) | ACC(X=2.31601929664612, Y=-8.65573310852051, Z=-3.9326822757721) | HR=0 bpm | IBI=0 ms | Participant=P02
3614,HeartRate out of range,Row 3614 | Timestamp: 1710812136544 ms | PPG(Green=2011152, Red=2011152, Ir=2011152) | ACC(X=2.28727865219116, Y=-8.6509428024292, Z=-4.01411437988281) | HR=0 bpm | IBI=0 ms | Participant=P02
3615,HeartRate out of range,Row 3615 | Timestamp: 1710812136584 ms | PPG(Green=2009562, Red=2009562, Ir=2009562) | ACC(X=2.35194516181946, Y=-8.6509428024292, Z=-3.99495363235474) | HR=0 bpm | IBI=0 ms | Participant=P02
3616,HeartRate out of range,Row 3616 | Timestamp: 1710812136625 ms | PPG(Green=2009234, Red=2009234, Ir=2009234) | ACC(X=2.35194516181946, Y=-8.62938785552979, Z=-3.97339820861816) | HR=0 bpm | IBI=0 ms | Participant=P02
3617,HeartRate out of range,Row 3617 | Timestamp: 1710812136665 ms | PPG(Green=2009810, Red=2009810, Ir=2009810) | ACC(X=2.33517980575562, Y=-8.6509428024292, Z=-3.99495363235474) | HR=0 bpm | IBI=0 ms | Participant=P02
3618,HeartRate out of range,Row 3618 | Timestamp: 1710812136705 ms | PPG(Green=2010596, Red=2010596, Ir=2010596) | ACC(X=2.28727865219116, Y=-8.64615249633789, Z=-4.00692892074585) | HR=0 bpm | IBI=0 ms | Participant=P02
3619,HeartRate out of range,Row 3619 | Timestamp: 1710812136745 ms | PPG(Green=2010548, Red=2010548, Ir=2010548) | ACC(X=2.3687105178833, Y=-8.69405364990234, Z=-3.97579336166382) | HR=0 bpm | IBI=0 ms | Participant=P02
3620,HeartRate out of range,Row 3620 | Timestamp: 1710812136785 ms | PPG(Green=2009919, Red=2009919, Ir=2009919) | ACC(X=2.35194516181946, Y=-8.69165897369385, Z=-3.97100305557251) | HR=0 bpm | IBI=0 ms | Participant=P02
3621,HeartRate out of range,Row 3621 | Timestamp: 1710812136825 ms | PPG(Green=2009368, Red=2009368, Ir=2009368) | ACC(X=2.41900682449341, Y=-8.61980724334717, Z=-3.91591691970825) | HR=0 bpm | IBI=0 ms | Participant=P02
3622,HeartRate out of range,Row 3622 | Timestamp: 1710812136866 ms | PPG(Green=2009215, Red=2009215, Ir=2009215) | ACC(X=2.39505624771118, Y=-8.67249870300293, Z=-3.99255871772766) | HR=0 bpm | IBI=0 ms | Participant=P02
3623,HeartRate out of range,Row 3623 | Timestamp: 1710812136905 ms | PPG(Green=2009753, Red=2009753, Ir=2009753) | ACC(X=2.37829089164734, Y=-8.66291809082031, Z=-3.99016356468201) | HR=0 bpm | IBI=0 ms | Participant=P02
3624,HeartRate out of range,Row 3624 | Timestamp: 1710812136945 ms | PPG(Green=2010703, Red=2010703, Ir=2010703) | ACC(X=2.35673522949219, Y=-8.60304164886475, Z=-3.98776865005493) | HR=0 bpm | IBI=0 ms | Participant=P02
3625,HeartRate out of range,Row 3625 | Timestamp: 1710812136985 ms | PPG(Green=2011685, Red=2011685, Ir=2011685) | ACC(X=2.41900682449341, Y=-8.65333843231201, Z=-3.99255871772766) | HR=0 bpm | IBI=0 ms | Participant=P02
3626,HeartRate out of range,Row 3626 | Timestamp: 1710812137025 ms | PPG(Green=2013174, Red=2013174, Ir=2013174) | ACC(X=2.35673522949219, Y=-8.67728900909424, Z=-3.93986749649048) | HR=0 bpm | IBI=0 ms | Participant=P02
3627,HeartRate out of range,Row 3627 | Timestamp: 1710812137066 ms | PPG(Green=2014345, Red=2014345, Ir=2014345) | ACC(X=2.39984631538391, Y=-8.72519016265869, Z=-4.05722522735596) | HR=0 bpm | IBI=0 ms | Participant=P02
3628,HeartRate out of range,Row 3628 | Timestamp: 1710812137106 ms | PPG(Green=2015620, Red=2015620, Ir=2015620) | ACC(X=2.35913038253784, Y=-8.67010307312012, Z=-4.05243492126465) | HR=0 bpm | IBI=0 ms | Participant=P02
3629,HeartRate out of range,Row 3629 | Timestamp: 1710812137145 ms | PPG(Green=2017117, Red=2017117, Ir=2017117) | ACC(X=2.29925394058228, Y=-8.64375782012939, Z=-3.99974393844604) | HR=0 bpm | IBI=0 ms | Participant=P02
3630,HeartRate out of range,Row 3630 | Timestamp: 1710812137186 ms | PPG(Green=2018591, Red=2018591, Ir=2018591) | ACC(X=2.35194516181946, Y=-8.60783195495605, Z=-3.93986749649048) | HR=0 bpm | IBI=0 ms | Participant=P02
3631,HeartRate out of range,Row 3631 | Timestamp: 1710812137226 ms | PPG(Green=2018355, Red=2018355, Ir=2018355) | ACC(X=2.40942645072937, Y=-8.69405364990234, Z=-3.94226241111755) | HR=0 bpm | IBI=0 ms | Participant=P02
3632,HeartRate out of range,Row 3632 | Timestamp: 1710812137266 ms | PPG(Green=2014668, Red=2014668, Ir=2014668) | ACC(X=2.42379689216614, Y=-8.61741256713867, Z=-3.97579336166382) | HR=0 bpm | IBI=0 ms | Participant=P02
3633,HeartRate out of range,Row 3633 | Timestamp: 1710812137306 ms | PPG(Green=2010925, Red=2010925, Ir=2010925) | ACC(X=2.41182160377502, Y=-8.62459754943848, Z=-4.01411437988281) | HR=0 bpm | IBI=0 ms | Participant=P02
3634,HeartRate out of range,Row 3634 | Timestamp: 1710812137346 ms | PPG(Green=2008108, Red=2008108, Ir=2008108) | ACC(X=2.33757495880127, Y=-8.65333843231201, Z=-3.99974393844604) | HR=0 bpm | IBI=0 ms | Participant=P02
3635,HeartRate out of range,Row 3635 | Timestamp: 1710812137386 ms | PPG(Green=2007150, Red=2007150, Ir=2007150) | ACC(X=2.42858695983887, Y=-8.63896751403809, Z=-3.90633654594421) | HR=0 bpm | IBI=0 ms | Participant=P02
3636,HeartRate out of range,Row 3636 | Timestamp: 1710812137426 ms | PPG(Green=2007126, Red=2007126, Ir=2007126) | ACC(X=2.38547587394714, Y=-8.58867168426514, Z=-3.94465756416321) | HR=0 bpm | IBI=0 ms | Participant=P02
3637,HeartRate out of range,Row 3637 | Timestamp: 1710812137467 ms | PPG(Green=2007795, Red=2007795, Ir=2007795) | ACC(X=2.37589573860169, Y=-8.61980724334717, Z=-4.0093240737915) | HR=0 bpm | IBI=0 ms | Participant=P02
3638,HeartRate out of range,Row 3638 | Timestamp: 1710812137507 ms | PPG(Green=2008356, Red=2008356, Ir=2008356) | ACC(X=2.41182160377502, Y=-8.69165897369385, Z=-4.01171922683716) | HR=0 bpm | IBI=0 ms | Participant=P02
3639,HeartRate out of range,Row 3639 | Timestamp: 1710812137547 ms | PPG(Green=2008063, Red=2008063, Ir=2008063) | ACC(X=2.52678418159485, Y=-8.6413631439209, Z=-3.91591691970825) | HR=0 bpm | IBI=0 ms | Participant=P02
3640,HeartRate out of range,Row 3640 | Timestamp: 1710812137587 ms | PPG(Green=2007384, Red=2007384, Ir=2007384) | ACC(X=2.43816709518433, Y=-8.59825134277344, Z=-3.95663285255432) | HR=0 bpm | IBI=0 ms | Participant=P02
3641,HeartRate out of range,Row 3641 | Timestamp: 1710812137627 ms | PPG(Green=2006906, Red=2006906, Ir=2006906) | ACC(X=2.40463638305664, Y=-8.6485481262207, Z=-3.98537349700928) | HR=0 bpm | IBI=0 ms | Participant=P02
3642,HeartRate out of range,Row 3642 | Timestamp: 1710812137668 ms | PPG(Green=2007095, Red=2007095, Ir=2007095) | ACC(X=2.45014238357544, Y=-8.658127784729, Z=-3.98537349700928) | HR=0 bpm | IBI=0 ms | Participant=P02
3643,HeartRate out of range,Row 3643 | Timestamp: 1710812137707 ms | PPG(Green=2007593, Red=2007593, Ir=2007593) | ACC(X=2.33517980575562, Y=-8.61262226104736, Z=-3.91831183433533) | HR=0 bpm | IBI=0 ms | Participant=P02
3644,HeartRate out of range,Row 3644 | Timestamp: 1710812137747 ms | PPG(Green=2008376, Red=2008376, Ir=2008376) | ACC(X=2.41661167144775, Y=-8.63178253173828, Z=-4.0548300743103) | HR=0 bpm | IBI=0 ms | Participant=P02
3645,HeartRate out of range,Row 3645 | Timestamp: 1710812137787 ms | PPG(Green=2009576, Red=2009576, Ir=2009576) | ACC(X=2.4142165184021, Y=-8.61980724334717, Z=-4.01890420913696) | HR=0 bpm | IBI=0 ms | Participant=P02
3646,HeartRate out of range,Row 3646 | Timestamp: 1710812137827 ms | PPG(Green=2010911, Red=2010911, Ir=2010911) | ACC(X=2.44774746894836, Y=-8.66052341461182, Z=-4.0548300743103) | HR=0 bpm | IBI=0 ms | Participant=P02
3647,HeartRate out of range,Row 3647 | Timestamp: 1710812137868 ms | PPG(Green=2012100, Red=2012100, Ir=2012100) | ACC(X=2.45014238357544, Y=-8.64615249633789, Z=-3.97579336166382) | HR=0 bpm | IBI=0 ms | Participant=P02
3648,HeartRate out of range,Row 3648 | Timestamp: 1710812137907 ms | PPG(Green=2013306, Red=2013306, Ir=2013306) | ACC(X=2.52678418159485, Y=-8.6413631439209, Z=-3.98297834396362) | HR=0 bpm | IBI=0 ms | Participant=P02
3649,HeartRate out of range,Row 3649 | Timestamp: 1710812137948 ms | PPG(Green=2014619, Red=2014619, Ir=2014619) | ACC(X=2.45732760429382, Y=-8.65573310852051, Z=-4.04524993896484) | HR=0 bpm | IBI=0 ms | Participant=P02
3650,HeartRate out of range,Row 3650 | Timestamp: 1710812137988 ms | PPG(Green=2012938, Red=2012938, Ir=2012938) | ACC(X=2.50283360481262, Y=-8.60064697265625, Z=-4.0021390914917) | HR=0 bpm | IBI=0 ms | Participant=P02
3651,HeartRate out of range,Row 3651 | Timestamp: 1710812138028 ms | PPG(Green=2008933, Red=2008933, Ir=2008933) | ACC(X=2.4836733341217, Y=-8.61022663116455, Z=-4.05962038040161) | HR=0 bpm | IBI=0 ms | Participant=P02
3652,HeartRate out of range,Row 3652 | Timestamp: 1710812138069 ms | PPG(Green=2005116, Red=2005116, Ir=2005116) | ACC(X=2.4142165184021, Y=-8.59585666656494, Z=-3.98058342933655) | HR=0 bpm | IBI=0 ms | Participant=P02
3653,HeartRate out of range,Row 3653 | Timestamp: 1710812138108 ms | PPG(Green=2002846, Red=2002846, Ir=2002846) | ACC(X=2.43098211288452, Y=-8.60304164886475, Z=-4.01411437988281) | HR=0 bpm | IBI=0 ms | Participant=P02
3654,HeartRate out of range,Row 3654 | Timestamp: 1710812138148 ms | PPG(Green=2001836, Red=2001836, Ir=2001836) | ACC(X=2.46690797805786, Y=-8.6485481262207, Z=-4.01411437988281) | HR=0 bpm | IBI=0 ms | Participant=P02
3655,HeartRate out of range,Row 3655 | Timestamp: 1710812138188 ms | PPG(Green=2001974, Red=2001974, Ir=2001974) | ACC(X=2.43098211288452, Y=-8.62459754943848, Z=-4.02129936218262) | HR=0 bpm | IBI=0 ms | Participant=P02
3656,HeartRate out of range,Row 3656 | Timestamp: 1710812138228 ms | PPG(Green=2002641, Red=2002641, Ir=2002641) | ACC(X=2.43816709518433, Y=-8.63178253173828, Z=-4.0476450920105) | HR=0 bpm | IBI=0 ms | Participant=P02
3657,HeartRate out of range,Row 3657 | Timestamp: 1710812138269 ms | PPG(Green=2002875, Red=2002875, Ir=2002875) | ACC(X=2.49564862251282, Y=-8.66052341461182, Z=-4.01171922683716) | HR=0 bpm | IBI=0 ms | Participant=P02
3658,HeartRate out of range,Row 3658 | Timestamp: 1710812138309 ms | PPG(Green=2002452, Red=2002452, Ir=2002452) | ACC(X=2.4836733341217, Y=-8.6485481262207, Z=-3.99016356468201) | HR=0 bpm | IBI=0 ms | Participant=P02
3659,HeartRate out of range,Row 3659 | Timestamp: 1710812138349 ms | PPG(Green=2001826, Red=2001826, Ir=2001826) | ACC(X=2.47409296035767, Y=-8.6413631439209, Z=-3.98297834396362) | HR=0 bpm | IBI=0 ms | Participant=P02
3660,HeartRate out of range,Row 3660 | Timestamp: 1710812138389 ms | PPG(Green=2001275, Red=2001275, Ir=2001275) | ACC(X=2.40224146842957, Y=-8.56472110748291, Z=-4.02608966827393) | HR=0 bpm | IBI=0 ms | Participant=P02
3661,HeartRate out of range,Row 3661 | Timestamp: 1710812138429 ms | PPG(Green=2001456, Red=2001456, Ir=2001456) | ACC(X=2.4142165184021, Y=-8.6413631439209, Z=-3.99734878540039) | HR=0 bpm | IBI=0 ms | Participant=P02
3662,HeartRate out of range,Row 3662 | Timestamp: 1710812138470 ms | PPG(Green=2002163, Red=2002163, Ir=2002163) | ACC(X=2.41182160377502, Y=-8.56472110748291, Z=-4.04524993896484) | HR=0 bpm | IBI=0 ms | Participant=P02
3663,HeartRate out of range,Row 3663 | Timestamp: 1710812138509 ms | PPG(Green=2002936, Red=2002936, Ir=2002936) | ACC(X=2.47409296035767, Y=-8.58388137817383, Z=-3.99974393844604) | HR=0 bpm | IBI=0 ms | Participant=P02
3664,HeartRate out of range,Row 3664 | Timestamp: 1710812138549 ms | PPG(Green=2004280, Red=2004280, Ir=2004280) | ACC(X=2.48127818107605, Y=-8.58148670196533, Z=-4.06680536270142) | HR=0 bpm | IBI=0 ms | Participant=P02
3665,HeartRate out of range,Row 3665 | Timestamp: 1710812138589 ms | PPG(Green=2005385, Red=2005385, Ir=2005385) | ACC(X=2.45972275733948, Y=-8.61022663116455, Z=-4.02369451522827) | HR=0 bpm | IBI=0 ms | Participant=P02
3666,HeartRate out of range,Row 3666 | Timestamp: 1710812138630 ms | PPG(Green=2006607, Red=2006607, Ir=2006607) | ACC(X=2.46211767196655, Y=-8.54795551300049, Z=-3.99734878540039) | HR=0 bpm | IBI=0 ms | Participant=P02
3667,HeartRate out of range,Row 3667 | Timestamp: 1710812138671 ms | PPG(Green=2008079, Red=2008079, Ir=2008079) | ACC(X=2.44774746894836, Y=-8.5623254776001, Z=-4.05722522735596) | HR=0 bpm | IBI=0 ms | Participant=P02
3668,HeartRate out of range,Row 3668 | Timestamp: 1710812138710 ms | PPG(Green=2007498, Red=2007498, Ir=2007498) | ACC(X=2.48846340179443, Y=-8.66291809082031, Z=-4.07399034500122) | HR=0 bpm | IBI=0 ms | Participant=P02
3669,HeartRate out of range,Row 3669 | Timestamp: 1710812138750 ms | PPG(Green=2003481, Red=2003481, Ir=2003481) | ACC(X=2.52438926696777, Y=-8.63178253173828, Z=-4.02848434448242) | HR=0 bpm | IBI=0 ms | Participant=P02
3670,HeartRate out of range,Row 3670 | Timestamp: 1710812138790 ms | PPG(Green=1998898, Red=1998898, Ir=1998898) | ACC(X=2.41900682449341, Y=-8.56951141357422, Z=-4.01890420913696) | HR=0 bpm | IBI=0 ms | Participant=P02
3671,HeartRate out of range,Row 3671 | Timestamp: 1710812138830 ms | PPG(Green=1995880, Red=1995880, Ir=1995880) | ACC(X=2.36152529716492, Y=-8.6509428024292, Z=-3.97579336166382) | HR=0 bpm | IBI=0 ms | Participant=P02
3672,HeartRate out of range,Row 3672 | Timestamp: 1710812138871 ms | PPG(Green=1994319, Red=1994319, Ir=1994319) | ACC(X=2.48606824874878, Y=-8.63417720794678, Z=-4.03327465057373) | HR=0 bpm | IBI=0 ms | Participant=P02
3673,HeartRate out of range,Row 3673 | Timestamp: 1710812138910 ms | PPG(Green=1994050, Red=1994050, Ir=1994050) | ACC(X=2.5291793346405, Y=-8.56951141357422, Z=-3.98058342933655) | HR=0 bpm | IBI=0 ms | Participant=P02
3674,HeartRate out of range,Row 3674 | Timestamp: 1710812138950 ms | PPG(Green=1994497, Red=1994497, Ir=1994497) | ACC(X=2.52678418159485, Y=-8.65573310852051, Z=-4.0093240737915) | HR=0 bpm | IBI=0 ms | Participant=P02
3675,HeartRate out of range,Row 3675 | Timestamp: 1710812138991 ms | PPG(Green=1994859, Red=1994859, Ir=1994859) | ACC(X=2.42858695983887, Y=-8.64375782012939, Z=-4.0548300743103) | HR=0 bpm | IBI=0 ms | Participant=P02
3676,HeartRate out of range,Row 3676 | Timestamp: 1710812139031 ms | PPG(Green=1994422, Red=1994422, Ir=1994422) | ACC(X=2.46930289268494, Y=-8.58627605438232, Z=-3.96381807327271) | HR=0 bpm | IBI=0 ms | Participant=P02
3677,HeartRate out of range,Row 3677 | Timestamp: 1710812139072 ms | PPG(Green=1993516, Red=1993516, Ir=1993516) | ACC(X=2.44056224822998, Y=-8.60064697265625, Z=-3.96381807327271) | HR=0 bpm | IBI=0 ms | Participant=P02
3678,HeartRate out of range,Row 3678 | Timestamp: 1710812139111 ms | PPG(Green=1993010, Red=1993010, Ir=1993010) | ACC(X=2.47409296035767, Y=-8.60304164886475, Z=-4.07159566879272) | HR=0 bpm | IBI=0 ms | Participant=P02
3679,HeartRate out of range,Row 3679 | Timestamp: 1710812139151 ms | PPG(Green=1993014, Red=1993014, Ir=1993014) | ACC(X=2.45732760429382, Y=-8.62220191955566, Z=-4.0021390914917) | HR=0 bpm | IBI=0 ms | Participant=P02
3680,IBI out of range,Row 3680 | Timestamp: 1710812139191 ms | PPG(Green=1993575, Red=1993575, Ir=1993575) | ACC(X=2.4333770275116, Y=-8.60064697265625, Z=-4.04524993896484) | HR=159 bpm | IBI=0 ms | Participant=P02
3681,IBI out of range,Row 3681 | Timestamp: 1710812139231 ms | PPG(Green=1994591, Red=1994591, Ir=1994591) | ACC(X=2.45493268966675, Y=-8.58388137817383, Z=-3.99016356468201) | HR=158 bpm | IBI=0 ms | Participant=P02
3682,IBI out of range,Row 3682 | Timestamp: 1710812139272 ms | PPG(Green=1995913, Red=1995913, Ir=1995913) | ACC(X=2.45493268966675, Y=-8.58867168426514, Z=-3.98776865005493) | HR=158 bpm | IBI=0 ms | Participant=P02
3683,IBI out of range,Row 3683 | Timestamp: 1710812139311 ms | PPG(Green=1997402, Red=1997402, Ir=1997402) | ACC(X=2.48846340179443, Y=-8.62459754943848, Z=-4.05243492126465) | HR=159 bpm | IBI=0 ms | Participant=P02
3684,IBI out of range,Row 3684 | Timestamp: 1710812139352 ms | PPG(Green=1998794, Red=1998794, Ir=1998794) | ACC(X=2.47409296035767, Y=-8.61262226104736, Z=-4.0045337677002) | HR=159 bpm | IBI=0 ms | Participant=P02
3685,IBI out of range,Row 3685 | Timestamp: 1710812139392 ms | PPG(Green=2000273, Red=2000273, Ir=2000273) | ACC(X=2.38547587394714, Y=-8.57909107208252, Z=-4.0093240737915) | HR=159 bpm | IBI=0 ms | Participant=P02
3686,IBI out of range,Row 3686 | Timestamp: 1710812139432 ms | PPG(Green=2001050, Red=2001050, Ir=2001050) | ACC(X=2.44774746894836, Y=-8.60064697265625, Z=-4.01411437988281) | HR=158 bpm | IBI=0 ms | Participant=P02
3687,IBI out of range,Row 3687 | Timestamp: 1710812139473 ms | PPG(Green=1997696, Red=1997696, Ir=1997696) | ACC(X=2.46211767196655, Y=-8.6413631439209, Z=-4.04045963287354) | HR=156 bpm | IBI=0 ms | Participant=P02
3688,IBI out of range,Row 3688 | Timestamp: 1710812139512 ms | PPG(Green=1993147, Red=1993147, Ir=1993147) | ACC(X=2.44295740127563, Y=-8.5527458190918, Z=-4.08117580413818) | HR=156 bpm | IBI=0 ms | Participant=P02
3689,IBI out of range,Row 3689 | Timestamp: 1710812139552 ms | PPG(Green=1989536, Red=1989536, Ir=1989536) | ACC(X=2.45014238357544, Y=-8.63896751403809, Z=-4.01890420913696) | HR=156 bpm | IBI=0 ms | Participant=P02
3690,IBI out of range,Row 3690 | Timestamp: 1710812139592 ms | PPG(Green=1987601, Red=1987601, Ir=1987601) | ACC(X=2.38547587394714, Y=-8.64615249633789, Z=-4.01411437988281) | HR=154 bpm | IBI=0 ms | Participant=P02
3691,IBI out of range,Row 3691 | Timestamp: 1710812139633 ms | PPG(Green=1987031, Red=1987031, Ir=1987031) | ACC(X=2.35194516181946, Y=-8.60783195495605, Z=-3.98776865005493) | HR=153 bpm | IBI=0 ms | Participant=P02
3692,IBI out of range,Row 3692 | Timestamp: 1710812139673 ms | PPG(Green=1987264, Red=1987264, Ir=1987264) | ACC(X=2.44056224822998, Y=-8.57190608978271, Z=-4.02608966827393) | HR=156 bpm | IBI=0 ms | Participant=P02
3693,IBI out of range,Row 3693 | Timestamp: 1710812139713 ms | PPG(Green=1987894, Red=1987894, Ir=1987894) | ACC(X=2.39984631538391, Y=-8.64615249633789, Z=-4.02848434448242) | HR=153 bpm | IBI=0 ms | Participant=P02
3694,HeartRate out of range,Row 3694 | Timestamp: 1710812139753 ms | PPG(Green=1987844, Red=1987844, Ir=1987844) | ACC(X=2.43098211288452, Y=-8.59825134277344, Z=-4.03327465057373) | HR=0 bpm | IBI=0 ms | Participant=P02
3696,IBI out of range,Row 3696 | Timestamp: 1710812139833 ms | PPG(Green=1986685, Red=1986685, Ir=1986685) | ACC(X=2.42379689216614, Y=-8.6413631439209, Z=-4.06920051574707) | HR=152 bpm | IBI=0 ms | Participant=P02
3697,IBI out of range,Row 3697 | Timestamp: 1710812139874 ms | PPG(Green=1986754, Red=1986754, Ir=1986754) | ACC(X=2.36152529716492, Y=-8.66291809082031, Z=-4.01890420913696) | HR=151 bpm | IBI=0 ms | Participant=P02
3698,IBI out of range,Row 3698 | Timestamp: 1710812139913 ms | PPG(Green=1987510, Red=1987510, Ir=1987510) | ACC(X=2.3878710269928, Y=-8.63417720794678, Z=-4.03806495666504) | HR=150 bpm | IBI=0 ms | Participant=P02
3699,IBI out of range,Row 3699 | Timestamp: 1710812139953 ms | PPG(Green=1988677, Red=1988677, Ir=1988677) | ACC(X=2.39745116233826, Y=-8.63417720794678, Z=-4.04285478591919) | HR=149 bpm | IBI=0 ms | Participant=P02
3700,IBI out of range,Row 3700 | Timestamp: 1710812139994 ms | PPG(Green=1990050, Red=1990050, Ir=1990050) | ACC(X=2.36631560325623, Y=-8.63417720794678, Z=-3.99016356468201) | HR=147 bpm | IBI=0 ms | Participant=P02
3701,IBI out of range,Row 3701 | Timestamp: 1710812140034 ms | PPG(Green=1991661, Red=1991661, Ir=1991661) | ACC(X=2.29685878753662, Y=-8.63657283782959, Z=-4.06680536270142) | HR=146 bpm | IBI=0 ms | Participant=P02
3702,IBI out of range,Row 3702 | Timestamp: 1710812140075 ms | PPG(Green=1993218, Red=1993218, Ir=1993218) | ACC(X=2.3495500087738, Y=-8.69405364990234, Z=-4.02369451522827) | HR=146 bpm | IBI=0 ms | Participant=P02
3703,IBI out of range,Row 3703 | Timestamp: 1710812140114 ms | PPG(Green=1994711, Red=1994711, Ir=1994711) | ACC(X=2.36631560325623, Y=-8.54556083679199, Z=-3.98537349700928) | HR=145 bpm | IBI=0 ms | Participant=P02
3704,IBI out of range,Row 3704 | Timestamp: 1710812140154 ms | PPG(Green=1996579, Red=1996579, Ir=1996579) | ACC(X=2.40463638305664, Y=-8.62220191955566, Z=-4.04285478591919) | HR=144 bpm | IBI=0 ms | Participant=P02
3705,IBI out of range,Row 3705 | Timestamp: 1710812140194 ms | PPG(Green=1997735, Red=1997735, Ir=1997735) | ACC(X=2.41900682449341, Y=-8.67010307312012, Z=-4.0476450920105) | HR=144 bpm | IBI=0 ms | Participant=P02
3706,IBI out of range,Row 3706 | Timestamp: 1710812140234 ms | PPG(Green=1994534, Red=1994534, Ir=1994534) | ACC(X=2.39026618003845, Y=-8.61741256713867, Z=-4.05004024505615) | HR=143 bpm | IBI=0 ms | Participant=P02
3707,IBI out of range,Row 3707 | Timestamp: 1710812140275 ms | PPG(Green=1989512, Red=1989512, Ir=1989512) | ACC(X=2.4142165184021, Y=-8.68447399139404, Z=-4.08596563339233) | HR=142 bpm | IBI=0 ms | Participant=P02
3708,IBI out of range,Row 3708 | Timestamp: 1710812140315 ms | PPG(Green=1985437, Red=1985437, Ir=1985437) | ACC(X=2.43577218055725, Y=-8.61501693725586, Z=-3.99016356468201) | HR=142 bpm | IBI=0 ms | Participant=P02
3709,IBI out of range,Row 3709 | Timestamp: 1710812140355 ms | PPG(Green=1983046, Red=1983046, Ir=1983046) | ACC(X=2.38068580627441, Y=-8.60304164886475, Z=-4.00692892074585) | HR=141 bpm | IBI=0 ms | Participant=P02
3710,IBI out of range,Row 3710 | Timestamp: 1710812140395 ms | PPG(Green=1982139, Red=1982139, Ir=1982139) | ACC(X=2.34475994110107, Y=-8.658127784729, Z=-4.03566980361938) | HR=140 bpm | IBI=0 ms | Participant=P02
3711,IBI out of range,Row 3711 | Timestamp: 1710812140435 ms | PPG(Green=1982019, Red=1982019, Ir=1982019) | ACC(X=2.39505624771118, Y=-8.59825134277344, Z=-4.02848434448242) | HR=139 bpm | IBI=0 ms | Participant=P02
3712,IBI out of range,Row 3712 | Timestamp: 1710812140476 ms | PPG(Green=1982274, Red=1982274, Ir=1982274) | ACC(X=2.42140173912048, Y=-8.58867168426514, Z=-3.99255871772766) | HR=138 bpm | IBI=0 ms | Participant=P02
3713,IBI out of range,Row 3713 | Timestamp: 1710812140515 ms | PPG(Green=1982368, Red=1982368, Ir=1982368) | ACC(X=2.35673522949219, Y=-8.65333843231201, Z=-4.01411437988281) | HR=137 bpm | IBI=0 ms | Participant=P02
3714,IBI out of range,Row 3714 | Timestamp: 1710812140555 ms | PPG(Green=1981448, Red=1981448, Ir=1981448) | ACC(X=2.44774746894836, Y=-8.58148670196533, Z=-4.0021390914917) | HR=136 bpm | IBI=0 ms | Participant=P02
3715,IBI out of range,Row 3715 | Timestamp: 1710812140595 ms | PPG(Green=1980888, Red=1980888, Ir=1980888) | ACC(X=2.43816709518433, Y=-8.58388137817383, Z=-4.05962038040161) | HR=135 bpm | IBI=0 ms | Participant=P02
3716,IBI out of range,Row 3716 | Timestamp: 1710812140635 ms | PPG(Green=1980781, Red=1980781, Ir=1980781) | ACC(X=2.34715509414673, Y=-8.63178253173828, Z=-4.0045337677002) | HR=134 bpm | IBI=0 ms | Participant=P02
3717,IBI out of range,Row 3717 | Timestamp: 1710812140676 ms | PPG(Green=1981201, Red=1981201, Ir=1981201) | ACC(X=2.3687105178833, Y=-8.67728900909424, Z=-3.99734878540039) | HR=133 bpm | IBI=0 ms | Participant=P02
3718,IBI out of range,Row 3718 | Timestamp: 1710812140716 ms | PPG(Green=1982352, Red=1982352, Ir=1982352) | ACC(X=2.3687105178833, Y=-8.69405364990234, Z=-4.02369451522827) | HR=132 bpm | IBI=0 ms | Participant=P02
3719,IBI out of range,Row 3719 | Timestamp: 1710812140756 ms | PPG(Green=1983583, Red=1983583, Ir=1983583) | ACC(X=2.34715509414673, Y=-8.63896751403809, Z=-3.98297834396362) | HR=131 bpm | IBI=0 ms | Participant=P02
3720,IBI out of range,Row 3720 | Timestamp: 1710812140796 ms | PPG(Green=1985113, Red=1985113, Ir=1985113) | ACC(X=2.37829089164734, Y=-8.61980724334717, Z=-3.96860814094543) | HR=131 bpm | IBI=0 ms | Participant=P02
3721,IBI out of range,Row 3721 | Timestamp: 1710812140836 ms | PPG(Green=1986580, Red=1986580, Ir=1986580) | ACC(X=2.38547587394714, Y=-8.62938785552979, Z=-4.05962038040161) | HR=130 bpm | IBI=0 ms | Participant=P02
3722,IBI out of range,Row 3722 | Timestamp: 1710812140877 ms | PPG(Green=1988275, Red=1988275, Ir=1988275) | ACC(X=2.37110567092896, Y=-8.69165897369385, Z=-3.96860814094543) | HR=128 bpm | IBI=0 ms | Participant=P02
3723,IBI out of range,Row 3723 | Timestamp: 1710812140916 ms | PPG(Green=1989857, Red=1989857, Ir=1989857) | ACC(X=2.34715509414673, Y=-8.61741256713867, Z=-4.05962038040161) | HR=128 bpm | IBI=0 ms | Participant=P02
3724,IBI out of range,Row 3724 | Timestamp: 1710812140956 ms | PPG(Green=1991605, Red=1991605, Ir=1991605) | ACC(X=2.3878710269928, Y=-8.60064697265625, Z=-4.01171922683716) | HR=128 bpm | IBI=0 ms | Participant=P02
3725,IBI out of range,Row 3725 | Timestamp: 1710812140996 ms | PPG(Green=1993373, Red=1993373, Ir=1993373) | ACC(X=2.41182160377502, Y=-8.63178253173828, Z=-4.01890420913696) | HR=128 bpm | IBI=0 ms | Participant=P02
3726,IBI out of range,Row 3726 | Timestamp: 1710812141037 ms | PPG(Green=1993949, Red=1993949, Ir=1993949) | ACC(X=2.39984631538391, Y=-8.658127784729, Z=-3.97579336166382) | HR=128 bpm | IBI=0 ms | Participant=P02
3727,IBI out of range,Row 3727 | Timestamp: 1710812141077 ms | PPG(Green=1990247, Red=1990247, Ir=1990247) | ACC(X=2.40463638305664, Y=-8.59346199035645, Z=-4.03566980361938) | HR=127 bpm | IBI=0 ms | Participant=P02
3728,IBI out of range,Row 3728 | Timestamp: 1710812141117 ms | PPG(Green=1985287, Red=1985287, Ir=1985287) | ACC(X=2.30643916130066, Y=-8.63417720794678, Z=-4.05962038040161) | HR=125 bpm | IBI=0 ms | Participant=P02
3729,IBI out of range,Row 3729 | Timestamp: 1710812141157 ms | PPG(Green=1981583, Red=1981583, Ir=1981583) | ACC(X=2.3232045173645, Y=-8.61741256713867, Z=-4.04045963287354) | HR=124 bpm | IBI=0 ms | Participant=P02
3730,IBI out of range,Row 3730 | Timestamp: 1710812141197 ms | PPG(Green=1979686, Red=1979686, Ir=1979686) | ACC(X=2.37350058555603, Y=-8.67010307312012, Z=-4.03327465057373) | HR=123 bpm | IBI=0 ms | Participant=P02
3731,IBI out of range,Row 3731 | Timestamp: 1710812141237 ms | PPG(Green=1979022, Red=1979022, Ir=1979022) | ACC(X=2.37829089164734, Y=-8.63417720794678, Z=-4.1003360748291) | HR=122 bpm | IBI=0 ms | Participant=P02
3732,IBI out of range,Row 3732 | Timestamp: 1710812141278 ms | PPG(Green=1979162, Red=1979162, Ir=1979162) | ACC(X=2.39026618003845, Y=-8.58867168426514, Z=-3.98297834396362) | HR=121 bpm | IBI=0 ms | Participant=P02
3733,IBI out of range,Row 3733 | Timestamp: 1710812141318 ms | PPG(Green=1979582, Red=1979582, Ir=1979582) | ACC(X=2.31122922897339, Y=-8.63417720794678, Z=-4.1003360748291) | HR=120 bpm | IBI=0 ms | Participant=P02
3734,IBI out of range,Row 3734 | Timestamp: 1710812141357 ms | PPG(Green=1979409, Red=1979409, Ir=1979409) | ACC(X=2.39984631538391, Y=-8.658127784729, Z=-4.06201553344727) | HR=120 bpm | IBI=0 ms | Participant=P02
3735,IBI out of range,Row 3735 | Timestamp: 1710812141398 ms | PPG(Green=1978688, Red=1978688, Ir=1978688) | ACC(X=2.39266109466553, Y=-8.65573310852051, Z=-3.99734878540039) | HR=120 bpm | IBI=0 ms | Participant=P02
3736,IBI out of range,Row 3736 | Timestamp: 1710812141438 ms | PPG(Green=1978111, Red=1978111, Ir=1978111) | ACC(X=2.38068580627441, Y=-8.63417720794678, Z=-4.02848434448242) | HR=119 bpm | IBI=0 ms | Participant=P02
3737,IBI out of range,Row 3737 | Timestamp: 1710812141478 ms | PPG(Green=1978237, Red=1978237, Ir=1978237) | ACC(X=2.39026618003845, Y=-8.63657283782959, Z=-4.02848434448242) | HR=119 bpm | IBI=0 ms | Participant=P02
3738,IBI out of range,Row 3738 | Timestamp: 1710812141518 ms | PPG(Green=1979022, Red=1979022, Ir=1979022) | ACC(X=2.42140173912048, Y=-8.62220191955566, Z=-4.05962038040161) | HR=119 bpm | IBI=0 ms | Participant=P02
3739,IBI out of range,Row 3739 | Timestamp: 1710812141558 ms | PPG(Green=1980208, Red=1980208, Ir=1980208) | ACC(X=2.36631560325623, Y=-8.68447399139404, Z=-4.01171922683716) | HR=119 bpm | IBI=0 ms | Participant=P02
3740,IBI out of range,Row 3740 | Timestamp: 1710812141598 ms | PPG(Green=1981708, Red=1981708, Ir=1981708) | ACC(X=2.304044008255, Y=-8.67968368530273, Z=-3.98297834396362) | HR=120 bpm | IBI=0 ms | Participant=P02
3741,IBI out of range,Row 3741 | Timestamp: 1710812141638 ms | PPG(Green=1983363, Red=1983363, Ir=1983363) | ACC(X=2.33996987342834, Y=-8.63178253173828, Z=-4.06201553344727) | HR=119 bpm | IBI=0 ms | Participant=P02
3742,IBI out of range,Row 3742 | Timestamp: 1710812141679 ms | PPG(Green=1984910, Red=1984910, Ir=1984910) | ACC(X=2.37829089164734, Y=-8.62938785552979, Z=-4.0476450920105) | HR=119 bpm | IBI=0 ms | Participant=P02
3743,IBI out of range,Row 3743 | Timestamp: 1710812141719 ms | PPG(Green=1986766, Red=1986766, Ir=1986766) | ACC(X=2.31601929664612, Y=-8.57909107208252, Z=-4.03806495666504) | HR=118 bpm | IBI=0 ms | Participant=P02
3744,IBI out of range,Row 3744 | Timestamp: 1710812141759 ms | PPG(Green=1988482, Red=1988482, Ir=1988482) | ACC(X=2.40703153610229, Y=-8.63896751403809, Z=-4.07399034500122) | HR=118 bpm | IBI=0 ms | Participant=P02
3745,IBI out of range,Row 3745 | Timestamp: 1710812141799 ms | PPG(Green=1990160, Red=1990160, Ir=1990160) | ACC(X=2.39505624771118, Y=-8.65573310852051, Z=-4.06680536270142) | HR=118 bpm | IBI=0 ms | Participant=P02
3746,IBI out of range,Row 3746 | Timestamp: 1710812141839 ms | PPG(Green=1992053, Red=1992053, Ir=1992053) | ACC(X=2.44056224822998, Y=-8.62220191955566, Z=-4.05243492126465) | HR=118 bpm | IBI=0 ms | Participant=P02
3747,IBI out of range,Row 3747 | Timestamp: 1710812141880 ms | PPG(Green=1994093, Red=1994093, Ir=1994093) | ACC(X=2.342365026474, Y=-8.67968368530273, Z=-4.05722522735596) | HR=119 bpm | IBI=0 ms | Participant=P02
3748,IBI out of range,Row 3748 | Timestamp: 1710812141919 ms | PPG(Green=1995385, Red=1995385, Ir=1995385) | ACC(X=2.35913038253784, Y=-8.62938785552979, Z=-3.98297834396362) | HR=119 bpm | IBI=0 ms | Participant=P02
3749,IBI out of range,Row 3749 | Timestamp: 1710812141959 ms | PPG(Green=1992714, Red=1992714, Ir=1992714) | ACC(X=2.3232045173645, Y=-8.6413631439209, Z=-4.07878065109253) | HR=119 bpm | IBI=0 ms | Participant=P02
3750,IBI out of range,Row 3750 | Timestamp: 1710812142000 ms | PPG(Green=1988207, Red=1988207, Ir=1988207) | ACC(X=2.36392045021057, Y=-8.66052341461182, Z=-3.99974393844604) | HR=118 bpm | IBI=0 ms | Participant=P02
3751,IBI out of range,Row 3751 | Timestamp: 1710812142040 ms | PPG(Green=1984425, Red=1984425, Ir=1984425) | ACC(X=2.37350058555603, Y=-8.64375782012939, Z=-4.02848434448242) | HR=118 bpm | IBI=0 ms | Participant=P02
3752,IBI out of range,Row 3752 | Timestamp: 1710812142080 ms | PPG(Green=1982749, Red=1982749, Ir=1982749) | ACC(X=2.32080936431885, Y=-8.62459754943848, Z=-4.08117580413818) | HR=118 bpm | IBI=0 ms | Participant=P02
3753,IBI out of range,Row 3753 | Timestamp: 1710812142120 ms | PPG(Green=1982265, Red=1982265, Ir=1982265) | ACC(X=2.37829089164734, Y=-8.69405364990234, Z=-4.07159566879272) | HR=118 bpm | IBI=0 ms | Participant=P02
3754,IBI out of range,Row 3754 | Timestamp: 1710812142160 ms | PPG(Green=1982580, Red=1982580, Ir=1982580) | ACC(X=2.34715509414673, Y=-8.6413631439209, Z=-4.01171922683716) | HR=118 bpm | IBI=0 ms | Participant=P02
3755,IBI out of range,Row 3755 | Timestamp: 1710812142200 ms | PPG(Green=1983305, Red=1983305, Ir=1983305) | ACC(X=2.3232045173645, Y=-8.60783195495605, Z=-4.01890420913696) | HR=118 bpm | IBI=0 ms | Participant=P02
3756,IBI out of range,Row 3756 | Timestamp: 1710812142240 ms | PPG(Green=1983646, Red=1983646, Ir=1983646) | ACC(X=2.35434031486511, Y=-8.61262226104736, Z=-4.05722522735596) | HR=117 bpm | IBI=0 ms | Participant=P02
3757,IBI out of range,Row 3757 | Timestamp: 1710812142281 ms | PPG(Green=1983241, Red=1983241, Ir=1983241) | ACC(X=2.32799458503723, Y=-8.60064697265625, Z=-4.03806495666504) | HR=117 bpm | IBI=0 ms | Participant=P02
3758,IBI out of range,Row 3758 | Timestamp: 1710812142320 ms | PPG(Green=1982990, Red=1982990, Ir=1982990) | ACC(X=2.33038973808289, Y=-8.67489337921143, Z=-4.01890420913696) | HR=117 bpm | IBI=0 ms | Participant=P02
3759,IBI out of range,Row 3759 | Timestamp: 1710812142360 ms | PPG(Green=1983183, Red=1983183, Ir=1983183) | ACC(X=2.36631560325623, Y=-8.6485481262207, Z=-4.03566980361938) | HR=117 bpm | IBI=0 ms | Participant=P02
3760,IBI out of range,Row 3760 | Timestamp: 1710812142401 ms | PPG(Green=1984094, Red=1984094, Ir=1984094) | ACC(X=2.37829089164734, Y=-8.66291809082031, Z=-4.01650905609131) | HR=117 bpm | IBI=0 ms | Participant=P02
3761,IBI out of range,Row 3761 | Timestamp: 1710812142441 ms | PPG(Green=1985236, Red=1985236, Ir=1985236) | ACC(X=2.36392045021057, Y=-8.67728900909424, Z=-4.03327465057373) | HR=116 bpm | IBI=0 ms | Participant=P02
3762,IBI out of range,Row 3762 | Timestamp: 1710812142482 ms | PPG(Green=1986904, Red=1986904, Ir=1986904) | ACC(X=2.30883407592773, Y=-8.61501693725586, Z=-3.98297834396362) | HR=116 bpm | IBI=0 ms | Participant=P02
3763,IBI out of range,Row 3763 | Timestamp: 1710812142521 ms | PPG(Green=1988540, Red=1988540, Ir=1988540) | ACC(X=2.37110567092896, Y=-8.63178253173828, Z=-4.03806495666504) | HR=115 bpm | IBI=0 ms | Participant=P02
3764,IBI out of range,Row 3764 | Timestamp: 1710812142561 ms | PPG(Green=1990323, Red=1990323, Ir=1990323) | ACC(X=2.37350058555603, Y=-8.58627605438232, Z=-4.06680536270142) | HR=114 bpm | IBI=0 ms | Participant=P02
3765,IBI out of range,Row 3765 | Timestamp: 1710812142601 ms | PPG(Green=1992135, Red=1992135, Ir=1992135) | ACC(X=2.40942645072937, Y=-8.63657283782959, Z=-4.01411437988281) | HR=114 bpm | IBI=0 ms | Participant=P02
3766,IBI out of range,Row 3766 | Timestamp: 1710812142641 ms | PPG(Green=1993912, Red=1993912, Ir=1993912) | ACC(X=2.33517980575562, Y=-8.59825134277344, Z=-4.01650905609131) | HR=114 bpm | IBI=0 ms | Participant=P02
3767,HeartRate out of range,Row 3767 | Timestamp: 1710812142682 ms | PPG(Green=1995802, Red=1995802, Ir=1995802) | ACC(X=2.40224146842957, Y=-8.70123958587646, Z=-4.01171922683716) | HR=0 bpm | IBI=0 ms | Participant=P02
3768,HeartRate out of range,Row 3768 | Timestamp: 1710812142722 ms | PPG(Green=1997722, Red=1997722, Ir=1997722) | ACC(X=2.38068580627441, Y=-8.67489337921143, Z=-4.06201553344727) | HR=0 bpm | IBI=0 ms | Participant=P02
3769,HeartRate out of range,Row 3769 | Timestamp: 1710812142762 ms | PPG(Green=1999569, Red=1999569, Ir=1999569) | ACC(X=2.42140173912048, Y=-8.61741256713867, Z=-3.99495363235474) | HR=0 bpm | IBI=0 ms | Participant=P02
3770,HeartRate out of range,Row 3770 | Timestamp: 1710812142802 ms | PPG(Green=2001728, Red=2001728, Ir=2001728) | ACC(X=2.37110567092896, Y=-8.65573310852051, Z=-4.03087949752808) | HR=0 bpm | IBI=0 ms | Participant=P02
3771,HeartRate out of range,Row 3771 | Timestamp: 1710812142842 ms | PPG(Green=2002942, Red=2002942, Ir=2002942) | ACC(X=2.41900682449341, Y=-8.68207836151123, Z=-3.95663285255432) | HR=0 bpm | IBI=0 ms | Participant=P02
3772,HeartRate out of range,Row 3772 | Timestamp: 1710812142883 ms | PPG(Green=2000465, Red=2000465, Ir=2000465) | ACC(X=2.39745116233826, Y=-8.67489337921143, Z=-4.06920051574707) | HR=0 bpm | IBI=0 ms | Participant=P02
3773,HeartRate out of range,Row 3773 | Timestamp: 1710812142922 ms | PPG(Green=1996556, Red=1996556, Ir=1996556) | ACC(X=2.32080936431885, Y=-8.64375782012939, Z=-4.0021390914917) | HR=0 bpm | IBI=0 ms | Participant=P02
3774,HeartRate out of range,Row 3774 | Timestamp: 1710812142962 ms | PPG(Green=1993628, Red=1993628, Ir=1993628) | ACC(X=2.38308095932007, Y=-8.68447399139404, Z=-4.07159566879272) | HR=0 bpm | IBI=0 ms | Participant=P02
3775,HeartRate out of range,Row 3775 | Timestamp: 1710812143003 ms | PPG(Green=1992361, Red=1992361, Ir=1992361) | ACC(X=2.33757495880127, Y=-8.61262226104736, Z=-3.99255871772766) | HR=0 bpm | IBI=0 ms | Participant=P02
3776,HeartRate out of range,Row 3776 | Timestamp: 1710812143043 ms | PPG(Green=1992273, Red=1992273, Ir=1992273) | ACC(X=2.3687105178833, Y=-8.67728900909424, Z=-4.0045337677002) | HR=0 bpm | IBI=0 ms | Participant=P02
3777,HeartRate out of range,Row 3777 | Timestamp: 1710812143084 ms | PPG(Green=1993095, Red=1993095, Ir=1993095) | ACC(X=2.33278465270996, Y=-8.61022663116455, Z=-4.01650905609131) | HR=0 bpm | IBI=0 ms | Participant=P02
3778,HeartRate out of range,Row 3778 | Timestamp: 1710812143123 ms | PPG(Green=1994132, Red=1994132, Ir=1994132) | ACC(X=2.36392045021057, Y=-8.70602893829346, Z=-3.98776865005493) | HR=0 bpm | IBI=0 ms | Participant=P02
3779,HeartRate out of range,Row 3779 | Timestamp: 1710812143163 ms | PPG(Green=1994724, Red=1994724, Ir=1994724) | ACC(X=2.33996987342834, Y=-8.60064697265625, Z=-4.08117580413818) | HR=0 bpm | IBI=0 ms | Participant=P02
3780,HeartRate out of range,Row 3780 | Timestamp: 1710812143203 ms | PPG(Green=1994679, Red=1994679, Ir=1994679) | ACC(X=2.3878710269928, Y=-8.69165897369385, Z=-3.93986749649048) | HR=0 bpm | IBI=0 ms | Participant=P02
