phoneTimestamp,duration
1712054337080,642
1712054337721,670
1712054338392,748
1712054339140,740
1712054339880,771
1712054340651,819
1712054341470,764
1712054342233,696
1712054342929,672
1712054343601,674
1712054344276,700
1712054344976,696
1712054345672,682
1712054346353,688
1712054347041,693
1712054347735,669
1712054348404,631
1712054349035,632
1712054349667,649
1712054350316,706
1712054351022,885
1712054351907,831
1712054352737,896
1712054353633,868
1712054354502,894
1712054355396,774
1712054356169,740
1712054356910,770
1712054357680,811
1712054358491,834
1712054359325,822
1712054360147,725
1712054360872,693
1712054361565,683
1712054362248,671
1712054362919,647
1712054363566,641
1712054364207,635
1712054364841,632
1712054365473,640
1712054366113,941
1712054367055,935
1712054367990,920
1712054368910,871
1712054369781,846
1712054370627,881
1712054371508,913
1712054372421,875
1712054373296,721
1712054374017,679
1712054374696,693
1712054375389,887
1712054376276,837
1712054377113,887
1712054378000,867
1712054378867,777
1712054379644,790
1712054380433,871
1712054381305,882
1712054382187,858
1712054383045,730
1712054383775,756
1712054384531,741
1712054385272,697
1712054385969,687
1712054386656,721
1712054387377,752
1712054388129,781
1712054388910,731
1712054389641,741
1712054390382,730
1712054391112,723
1712054391835,684
1712054392519,719
1712054393238,718
1712054393956,733
1712054394689,704
1712054395393,738
1712054396131,727
1712054396857,747
1712054397605,678
1712054398283,685
1712054398968,711
1712054399679,667
1712054400345,695
1712054401041,643
1712054401684,634
1712054402318,640
1712054402958,688
1712054403646,718
1712054404364,763
1712054405127,909
1712054406036,837
1712054406873,714
1712054407587,740
1712054408327,768
1712054409095,844
1712054409939,797
1712054410736,734
1712054411470,757
1712054412227,756
1712054412983,821
1712054413804,809
1712054414613,719
1712054415332,690
1712054416022,714
1712054416736,705
1712054417441,769
1712054418209,844
1712054419054,792
1712054419846,817
1712054420663,753
1712054421416,717
1712054422133,730
1712054422863,674
1712054423537,676
1712054424213,662
1712054424875,638
1712054425513,645
1712054426158,661
1712054426819,660
1712054427479,666
1712054428145,647
1712054428792,615
1712054429407,610
1712054430017,607
1712054430624,613
1712054431237,627
1712054431864,625
1712054432489,645
1712054433134,651
1712054433785,666
1712054434451,655
1712054435105,670
1712054435776,662
1712054436438,648
1712054437086,641
1712054437727,603
1712054438329,585
1712054438915,582
1712054439497,577
1712054440073,596
1712054440670,618
1712054441288,610
1712054441897,629
1712054442527,655
1712054443182,706
1712054443888,678
1712054444566,651
1712054445217,639
1712054445856,626
1712054446481,638
1712054447120,649
1712054447769,660
1712054448429,675
1712054449104,662
1712054449766,652
1712054450417,624
1712054451041,610
1712054451652,601
1712054452253,593
1712054452846,590
1712054453436,646
1712054454081,676
1712054454758,730
1712054455488,729
1712054456217,730
1712054456947,680
1712054457627,672
1712054458299,675
1712054458974,674
1712054459648,653
1712054460301,637
1712054460937,619
1712054461557,612
1712054462169,595
1712054462764,609
1712054463373,630
1712054464003,646
1712054464649,682
1712054465331,879
1712054466209,938
1712054467148,935
1712054468083,850
1712054468933,778
1712054469711,764
1712054470475,778
1712054471253,793
1712054472046,774
1712054472820,740
1712054473560,712
1712054474272,680
1712054474952,682
1712054475633,725
1712054476359,919
1712054477278,920
1712054478198,902
1712054479100,867
1712054479967,869
1712054480836,857
1712054481693,823
1712054482516,765
1712054483281,735
1712054484016,763
1712054484779,800
1712054485579,812
1712054486391,807
1712054487198,765
1712054487963,733
1712054488696,764
1712054489460,806
1712054490265,800
1712054491065,781
1712054491847,750
1712054492597,745
1712054493342,743
1712054494085,700
1712054494785,664
1712054495449,652
1712054496101,630
1712054496731,646
1712054497377,714
1712054498091,857
1712054498948,869
1712054499817,834
1712054500651,786
1712054501437,787
1712054502224,819
1712054503043,841
1712054503884,830
1712054504713,788
1712054505502,766
1712054506268,797
1712054507065,868
1712054507933,896
1712054508829,846
1712054509675,781
1712054510456,832
1712054511288,893
1712054512181,938
1712054513119,919
1712054514038,838
1712054514876,813
1712054515689,878
1712054516567,903
1712054517470,928
1712054518398,877
1712054519275,808
1712054520083,822
1712054520905,874
1712054521779,895
1712054522673,868
1712054523542,780
1712054524321,786
1712054525108,831
1712054525939,871
1712054526809,871
1712054527681,826
1712054528507,827
1712054529334,907
1712054530241,942
1712054531183,943
1712054532126,876
1712054533001,800
1712054533801,824
1712054534625,912
1712054535537,919
1712054536457,817
1712054537273,775
1712054538049,813
1712054538862,847
1712054539709,847
1712054540556,807
1712054541363,760
1712054542123,776
1712054542899,800
1712054543699,803
1712054544502,807
1712054545309,762
1712054546071,772
1712054546843,790
1712054547633,806
1712054548439,806
1712054549245,766
1712054550011,764
1712054550775,786
1712054551561,818
1712054552379,786
1712054553165,761
1712054553926,796
1712054554721,877
1712054555599,818
1712054556417,765
1712054557182,776
1712054557958,802
1712054558760,808
1712054559568,750
1712054560318,730
1712054561048,699
1712054561747,681
1712054562428,656
1712054563084,635
1712054563719,617
1712054564336,623
1712054564959,627
1712054565585,667
1712054566253,858
1712054567111,870
1712054567981,850
1712054568831,818
1712054569649,750
1712054570399,695
1712054571094,673
1712054571767,662
1712054572429,678
1712054573107,716
1712054573823,828
1712054574651,877
1712054575528,840
1712054576368,777
1712054577145,723
1712054577868,701
1712054578569,730
1712054579299,778
1712054580077,923
1712054581000,896
1712054581896,925
1712054582821,859
1712054583680,804
1712054584484,804
1712054585288,889
1712054586177,906
1712054587083,913
1712054587996,909
1712054588905,848
1712054589753,848
1712054590601,923
1712054591524,910
1712054592433,914
1712054593348,902
1712054594249,913
1712054595163,911
1712054596073,844
1712054596918,801
1712054597719,753
1712054598472,758
1712054599230,834
1712054600064,872
1712054600936,884
1712054601820,829
1712054602649,797
1712054603446,846
1712054604292,931
1712054605223,909
1712054606132,864
1712054606996,806
1712054607801,791
1712054608593,820
1712054609413,836
1712054610249,813
1712054611062,771
1712054611833,802
1712054612635,844
1712054613479,908
1712054614387,847
1712054615233,832
1712054616065,919
1712054616985,897
1712054617881,850
1712054618732,783
1712054619515,777
1712054620292,801
1712054621093,836
1712054621929,775
1712054622704,778
1712054623481,828
1712054624310,830
1712054625140,812
1712054625952,765
1712054626717,802
1712054627519,846
1712054628365,852
1712054629217,806
1712054630023,805
1712054630828,842
1712054631670,789
1712054632459,771
1712054633230,714
1712054633944,730
1712054634673,763
1712054635437,782
1712054636219,782
1712054637001,733
1712054637734,771
1712054638505,813
1712054639318,833
1712054640151,766
1712054640917,720
1712054641637,696
1712054642333,690
1712054643023,701
1712054643724,673
1712054644397,637
1712054645033,638
1712054645672,627
1712054646299,626
1712054646925,623
1712054647548,623
1712054648171,651
1712054648822,709
1712054649531,744
1712054650275,770
1712054651045,748
1712054651793,675
1712054652468,712
1712054653180,726
1712054653905,757
1712054654663,718
1712054655381,696
1712054656077,714
1712054656791,764
1712054657555,780
1712054658335,805
1712054659140,790
1712054659929,717
1712054660647,820
1712054661467,838
1712054662305,917
1712054663222,866
1712054664088,810
1712054664897,827
1712054665725,874
1712054666599,874
1712054667473,822
1712054668295,784
1712054669079,808
1712054669887,854
1712054670741,883
1712054671624,829
1712054672453,894
1712054673347,917
1712054674264,893
1712054675157,833
1712054675990,813
1712054676803,834
1712054677637,846
1712054678483,808
1712054679291,749
1712054680040,771
1712054680811,840
1712054681651,911
1712054682561,871
1712054683433,859
1712054684292,872
1712054685164,906
1712054686070,883
1712054686953,810
1712054687763,804
1712054688567,819
1712054689385,881
1712054690267,839
1712054691105,806
1712054691912,860
1712054692772,906
1712054693678,894
1712054694572,833
1712054695405,865
1712054696270,918
1712054697188,938
1712054698126,884
1712054699009,832
1712054699841,854
1712054700696,899
1712054701595,869
1712054702464,806
1712054703270,791
1712054704061,864
1712054704925,896
1712054705821,898
1712054706719,821
1712054707540,801
1712054708341,839
1712054709180,840
1712054710020,811
1712054710831,784
1712054711615,817
1712054712432,898
1712054713329,911
1712054714241,878
1712054715119,823
1712054715942,832
1712054716774,798
1712054717572,745
1712054718317,678
1712054718995,693
1712054719688,681
1712054720369,675
1712054721044,652
1712054721696,639
1712054722335,621
1712054722956,619
1712054723575,637
1712054724212,663
1712054724875,688
1712054725563,695
1712054726257,719
1712054726977,684
1712054727661,681
1712054728342,708
1712054729049,742
1712054729792,781
1712054730573,774
1712054731347,738
1712054732085,707
1712054732792,745
1712054733537,852
1712054734389,958
1712054735347,896
1712054736243,835
1712054737078,801
1712054737879,935
1712054738814,992
1712054739806,965
1712054740771,896
1712054741667,906
1712054742573,961
1712054743534,957
1712054744491,947
1712054745438,896
1712054746334,890
1712054747224,929
1712054748153,909
1712054749062,824
1712054749886,847
1712054750733,982
1712054751715,973
1712054752688,905
1712054753593,832
1712054754425,897
1712054755321,935
1712054756257,962
1712054757219,885
1712054758104,787
1712054758891,808
1712054759699,872
1712054760571,908
1712054761479,851
1712054762329,794
1712054763124,786
1712054763910,943
1712054764853,989
1712054765841,963
1712054766805,896
1712054767701,893
1712054768593,916
1712054769510,902
1712054770412,854
1712054771265,777
1712054772043,814
1712054772857,948
1712054773805,944
1712054774749,927
1712054775676,853
1712054776529,876
1712054777405,878
1712054778283,847
1712054779129,793
1712054779923,823
1712054780745,942
1712054781688,898
1712054782585,816
1712054783401,800
1712054784201,812
1712054785014,801
1712054785815,762
1712054786577,737
1712054787313,755
1712054788069,757
1712054788825,747
1712054789573,694
1712054790267,685
1712054790952,705
1712054791657,733
1712054792390,748
1712054793137,709
1712054793847,748
1712054794595,854
1712054795449,896
1712054796345,791
1712054797136,825
1712054797961,852
1712054798813,807
1712054799620,750
1712054800369,777
1712054801147,819
1712054801966,823
1712054802789,736
1712054803525,746
1712054804271,759
1712054805030,805
1712054805835,758
1712054806593,754
1712054807347,805
1712054808152,851
1712054809003,816
1712054809819,776
1712054810595,820
1712054811415,862
1712054812277,839
1712054813116,787
1712054813903,779
1712054814681,809
1712054815491,828
1712054816319,835
1712054817153,791
1712054817945,887
1712054818832,957
1712054819789,885
1712054820673,820
1712054821494,915
1712054822409,956
1712054823365,906
1712054824271,835
1712054825105,899
1712054826005,917
1712054826921,894
1712054827816,848
1712054828664,877
1712054829541,921
1712054830462,917
1712054831379,884
1712054832263,805
1712054833068,798
1712054833865,889
1712054834755,911
1712054835665,893
1712054836559,887
1712054837446,953
1712054838399,948
1712054839347,924
1712054840271,843
1712054841113,917
1712054842031,935
1712054842966,887
1712054843853,824
1712054844677,723
1712054845400,741
1712054846141,813
1712054846953,912
1712054847865,793
1712054848659,821
1712054849480,889
1712054850369,857
1712054851225,775
1712054852001,710
1712054852711,698
1712054853409,667
1712054854076,653
1712054854729,648
1712054855377,677
1712054856054,684
1712054856737,660
1712054857398,659
1712054858057,694
1712054858751,719
1712054859470,744
1712054860214,720
1712054860934,676
1712054861609,715
1712054862325,771
1712054863096,805
1712054863901,854
1712054864755,824
1712054865579,809
1712054866388,908
1712054867296,956
1712054868252,934
1712054869185,827
1712054870013,819
1712054870832,918
1712054871750,945
1712054872695,915
1712054873609,824
1712054874433,841
1712054875275,907
1712054876182,916
1712054877097,886
1712054877984,805
1712054878789,858
1712054879647,991
1712054880638,978
1712054881616,943
1712054882559,854
1712054883413,927
1712054884340,991
1712054885331,992
1712054886323,920
1712054887243,998
1712054888241,1007
1712054889248,918
1712054890166,834
1712054891000,775
1712054891775,961
1712054892736,1052
1712054893788,1066
1712054894854,980
1712054895833,1023
1712054896857,1047
1712054897904,981
1712054898885,914
1712054899799,782
1712054900581,765
1712054901345,812
1712054902158,825
1712054902983,789
1712054903772,731
1712054904503,735
1712054905238,735
1712054905973,717
1712054906689,711
1712054907401,685
1712054908086,671
1712054908757,643
1712054909400,625
1712054910025,618
1712054910643,619
1712054911262,637
1712054911899,708
1712054912607,705
1712054913312,734
1712054914046,727
1712054914773,722
1712054915495,711
1712054916206,696
1712054916902,662
1712054917564,678
1712054918241,704
1712054918945,739
1712054919685,779
1712054920464,804
1712054921268,811
1712054922079,993
1712054923072,1022
1712054924094,989
1712054925083,931
1712054926014,941
1712054926955,961
1712054927916,997
1712054928913,941
1712054929854,868
1712054930721,899
1712054931621,1036
1712054932657,999
1712054933656,923
1712054934579,909
1712054935488,964
1712054936452,935
1712054937387,884
1712054938271,852
1712054939123,942
1712054940065,955
1712054941020,934
1712054941953,855
1712054942809,833
1712054943641,888
1712054944529,935
1712054945465,862
1712054946327,852
1712054947179,897
1712054948076,909
1712054948985,856
1712054949841,720
1712054950561,690
1712054951251,655
1712054951905,665
1712054952571,663
1712054953233,655
1712054953889,637
1712054954526,613
1712054955139,623
1712054955761,602
1712054956364,598
1712054956961,590
1712054957552,598
1712054958150,595
1712054958745,589
1712054959334,575
1712054959909,567
1712054960476,565
1712054961041,568
1712054961609,576
1712054962185,596
1712054962781,624
1712054963405,637
1712054964041,641
1712054964683,653
1712054965336,627
1712054965963,610
1712054966573,598
1712054967171,591
1712054967761,604
1712054968366,621
1712054968987,695
1712054969681,660
1712054970342,722
1712054971064,657
1712054971721,646
1712054972367,663
1712054973030,726
1712054973756,778
1712054974534,697
1712054975231,715
1712054975945,645
1712054976591,639
1712054977230,624
1712054977854,641
1712054978495,695
1712054979190,763
1712054979953,693
1712054980646,666
1712054981312,641
1712054981953,629
1712054982582,624
1712054983206,613
1712054983819,597
1712054984416,584
1712054985000,572
1712054985572,567
1712054986139,575
1712054986713,582
1712054987296,596
1712054987892,608
1712054988500,635
1712054989135,634
1712054989769,638
1712054990407,623
1712054991030,616
1712054991646,609
1712054992255,611
1712054992865,597
1712054993463,616
1712054994079,633
1712054994712,668
1712054995380,666
1712054996046,649
1712054996695,688
1712054997383,965
1712054998348,918
1712054999265,788
1712055000054,798
1712055000852,841
1712055001693,831
1712055002524,827
1712055003351,756
1712055004107,686
1712055004793,707
1712055005500,829
1712055006329,840
1712055007169,756
1712055007925,741
1712055008665,675
1712055009341,660
1712055010001,646
1712055010647,659
1712055011305,688
1712055011993,708
1712055012702,684
1712055013385,648
1712055014033,643
1712055014677,651
1712055015328,705
1712055016033,755
1712055016788,785
1712055017573,715
1712055018288,671
1712055018959,654
1712055019613,667
1712055020280,705
1712055020985,771
1712055021756,736
1712055022492,701
1712055023193,662
1712055023855,694
1712055024549,698
1712055025247,744
1712055025991,749
1712055026740,740
1712055027480,694
1712055028174,687
1712055028861,737
1712055029598,742
1712055030340,768
1712055031108,774
1712055031881,748
1712055032630,685
1712055033315,756
1712055034071,770
1712055034841,780
1712055035621,771
1712055036392,688
1712055037080,668
1712055037748,685
1712055038433,693
1712055039126,695
1712055039821,690
1712055040511,696
1712055041207,658
1712055041865,693
1712055042558,691
1712055043249,695
1712055043944,691
1712055044635,653
1712055045288,636
1712055045924,645
1712055046569,645
1712055047214,676
1712055047889,684
1712055048574,692
1712055049265,664
1712055049929,738
1712055050668,760
1712055051428,795
1712055052223,798
1712055053021,723
1712055053744,775
1712055054519,771
1712055055289,700
1712055055990,662
1712055056652,666
1712055057318,681
1712055057999,725
1712055058724,678
1712055059401,685
1712055060087,646
1712055060733,635
1712055061368,617
1712055061985,595
1712055062580,630
1712055063209,652
1712055063862,738
1712055064600,758
1712055065358,738
1712055066096,766
1712055066862,840
1712055067702,894
1712055068596,810
1712055069406,737
1712055070143,758
1712055070901,823
1712055071724,874
1712055072598,763
1712055073361,785
1712055074145,818
1712055074964,741
1712055075705,713
1712055076417,796
1712055077214,906
1712055078120,872
1712055078992,855
1712055079847,800
1712055080647,813
1712055081460,801
1712055082261,795
1712055083056,723
1712055083779,735
1712055084513,726
1712055085240,725
1712055085965,669
1712055086633,639
1712055087273,619
1712055087892,604
1712055088496,605
1712055089101,602
1712055089703,686
1712055090389,872
1712055091261,852
1712055092113,787
1712055092900,698
1712055093598,672
1712055094270,706
1712055094976,729
1712055095705,749
1712055096454,729
1712055097183,680
1712055097863,632
1712055098495,632
1712055099127,678
1712055099805,776
1712055100581,902
1712055101483,818
1712055102301,771
1712055103072,851
1712055103923,937
1712055104860,941
1712055105801,909
1712055106710,808
1712055107518,843
1712055108361,867
1712055109228,867
1712055110095,793
1712055110888,805
1712055111693,874
1712055112567,906
1712055113473,797
1712055114270,876
1712055115145,902
1712055116048,905
1712055116953,787
1712055117740,809
1712055118549,840
1712055119389,848
1712055120237,765
1712055121001,704
1712055121705,725
1712055122431,724
1712055123155,665
1712055123820,667
1712055124487,638
1712055125125,615
1712055125740,636
1712055126376,664
1712055127040,720
1712055127760,767
1712055128527,746
1712055129273,676
1712055129949,649
1712055130598,654
1712055131252,681
1712055131933,793
1712055132726,917
1712055133643,849
1712055134492,863
1712055135355,792
1712055136147,805
1712055136952,881
1712055137833,877
1712055138710,871
1712055139581,807
1712055140388,831
1712055141219,844
1712055142063,855
1712055142918,780
1712055143697,877
1712055144575,917
1712055145492,842
1712055146334,764
1712055147097,785
1712055147883,795
1712055148678,792
1712055149470,741
1712055150211,778
1712055150989,791
1712055151780,801
1712055152581,757
1712055153337,780
1712055154118,822
1712055154940,836
1712055155776,791
1712055156567,730
1712055157297,763
1712055158060,764
1712055158824,775
1712055159599,721
1712055160320,717
1712055161037,745
1712055161782,771
1712055162553,806
1712055163359,727
1712055164086,741
1712055164827,776
1712055165603,868
1712055166471,759
1712055167230,778
1712055168008,792
1712055168800,771
1712055169571,690
1712055170261,667
1712055170928,638
1712055171566,618
1712055172184,601
1712055172785,624
1712055173409,643
1712055174052,692
1712055174744,657
1712055175401,615
1712055176016,595
1712055176611,581
1712055177192,568
1712055177760,566
1712055178326,590
1712055178916,614
1712055179529,635
1712055180165,629
1712055180793,619
1712055181413,616
1712055182029,611
1712055182640,600
1712055183240,587
1712055183827,576
1712055184403,554
1712055184957,551
1712055185508,549
1712055186057,546
1712055186603,544
1712055187147,533
1712055187680,524
1712055188204,537
1712055188741,557
1712055189297,664
1712055189961,840
1712055190801,792
1712055191593,800
1712055192393,786
1712055193180,759
1712055193939,732
1712055194671,674
1712055195345,674
1712055196019,651
1712055196670,667
1712055197337,681
1712055198017,639
1712055198657,650
1712055199307,679
1712055199985,703
1712055200689,694
1712055201383,686
1712055202069,640
1712055202709,652
1712055203361,673
1712055204033,680
1712055204713,694
1712055205408,669
1712055206077,635
1712055206712,650
1712055207361,665
1712055208027,679
1712055208705,691
1712055209397,680
1712055210077,657
1712055210734,657
1712055211391,627
1712055212017,623
1712055212641,631
1712055213272,639
1712055213911,646
1712055214557,642
1712055215199,641
1712055215840,638
1712055216478,631
1712055217109,614
1712055217723,626
1712055218349,643
1712055218992,630
1712055219622,632
1712055220254,661
1712055220915,676
1712055221591,729
1712055222320,682
1712055223001,697
1712055223699,682
1712055224381,668
1712055225049,631
1712055225680,626
1712055226305,616
1712055226921,623
1712055227545,657
1712055228201,663
1712055228865,739
1712055229604,731
1712055230335,856
1712055231191,729
1712055231920,675
1712055232595,662
1712055233257,664
1712055233921,699
1712055234620,733
1712055235353,777
1712055236129,749
1712055236879,720
1712055237599,715
1712055238313,687
1712055239001,683
1712055239684,678
1712055240361,656
1712055241017,694
1712055241712,710
1712055242422,764
1712055243185,733
1712055243919,714
1712055244633,741
1712055245374,729
1712055246103,729
1712055246832,714
1712055247545,721
1712055248267,771
1712055249038,1004
1712055250041,990
1712055251032,877
1712055251909,715
1712055252624,781
1712055253405,786
1712055254191,718
1712055254909,693
1712055255601,677
1712055256279,684
1712055256963,740
1712055257703,698
1712055258401,663
1712055259064,671
1712055259735,730
1712055260465,750
1712055261215,748
1712055261963,761
1712055262724,742
1712055263465,733
1712055264199,756
1712055264955,715
1712055265670,701
1712055266371,701
1712055267072,707
1712055267779,702
1712055268481,674
1712055269155,649
1712055269804,656
1712055270460,637
1712055271097,639
1712055271736,652
1712055272388,690
1712055273078,689
1712055273767,729
1712055274496,730
1712055275225,770
1712055275996,786
1712055276782,746
1712055277528,735
1712055278263,721
1712055278984,706
1712055279689,699
1712055280389,659
1712055281048,630
1712055281678,632
1712055282310,651
1712055282961,685
1712055283646,743
1712055284389,725
1712055285113,713
1712055285827,691
1712055286518,647
1712055287165,650
1712055287815,648
1712055288463,688
1712055289151,696
1712055289847,668
1712055290515,737
1712055291252,721
1712055291973,761
1712055292734,716
1712055293449,696
1712055294145,677
1712055294823,674
1712055295497,669
1712055296166,634
1712055296800,640
1712055297440,652
1712055298092,689
1712055298781,699
1712055299480,674
1712055300153,727
1712055300881,701
1712055301582,703
1712055302285,669
1712055302953,675
1712055303629,675
1712055304304,686
1712055304990,679
1712055305669,672
1712055306341,650
1712055306991,688
1712055307679,692
1712055308371,688
1712055309059,668
1712055309727,657
1712055310384,644
1712055311028,634
1712055311662,612
1712055312273,628
1712055312902,630
1712055313532,645
1712055314177,644
1712055314821,675
1712055315496,660
1712055316156,678
1712055316833,652
1712055317486,640
1712055318126,657
1712055318783,658
1712055319441,683
1712055320124,711
1712055320835,712
1712055321547,693
1712055322240,649
1712055322889,688
1712055323577,704
1712055324281,722
1712055325003,726
1712055325729,743
1712055326472,745
1712055327217,741
1712055327958,778
1712055328736,825
1712055329561,713
1712055330273,701
1712055330975,677
1712055331652,705
1712055332357,725
1712055333081,714
1712055333796,708
1712055334504,741
1712055335245,742
1712055335987,741
1712055336728,751
1712055337479,729
1712055338208,693
1712055338901,684
1712055339585,699
1712055340284,724
1712055341008,766
1712055341774,767
1712055342541,719
1712055343260,720
1712055343980,697
1712055344677,675
1712055345352,643
1712055345995,643
1712055346638,656
1712055347294,664
1712055347958,681
1712055348639,674
1712055349313,675
1712055349988,662
1712055350649,681
1712055351331,730
1712055352061,813
1712055352873,958
1712055353832,934
1712055354766,817
1712055355583,708
1712055356291,703
1712055356993,748
1712055357742,862
1712055358604,757
1712055359361,798
1712055360159,767
1712055360926,692
1712055361617,675
1712055362293,660
1712055362953,648
1712055363601,644
1712055364245,643
1712055364888,645
1712055365533,640
1712055366173,655
1712055366828,633
1712055367461,630
1712055368091,615
1712055368705,604
1712055369310,608
1712055369918,610
1712055370528,604
1712055371132,617
1712055371749,607
1712055372356,604
1712055372960,616
1712055373576,650
1712055374225,652
1712055374878,662
1712055375540,701
1712055376241,701
1712055376942,745
1712055377687,746
1712055378433,702
1712055379135,666
1712055379801,646
1712055380447,629
1712055381076,632
1712055381708,622
1712055382329,615
1712055382945,628
1712055383573,634
1712055384207,644
1712055384851,627
1712055385478,624
1712055386102,628
1712055386729,627
1712055387357,626
1712055387983,620
1712055388603,630
1712055389233,653
1712055389886,677
1712055390563,689
1712055391252,719
1712055391971,723
1712055392694,742
1712055393436,721
1712055394157,703
1712055394860,691
1712055395551,654
1712055396205,649
1712055396854,637
1712055397491,678
1712055398169,780
1712055398949,794
1712055399743,830
1712055400573,785
1712055401358,761
1712055402119,748
1712055402867,700
1712055403567,708
1712055404275,713
1712055404988,717
1712055405705,702
1712055406407,667
1712055407073,648
1712055407721,639
1712055408361,662
1712055409023,709
1712055409732,785
1712055410517,751
1712055411268,722
1712055411990,728
1712055412718,747
1712055413465,752
1712055414217,741
1712055414958,730
1712055415688,684
1712055416372,678
1712055417049,705
1712055417755,784
1712055418539,894
1712055419433,835
1712055420268,840
1712055421108,823
1712055421931,732
1712055422663,684
1712055423347,684
1712055424031,689
1712055424720,735
1712055425455,758
1712055426213,770
1712055426983,777
1712055427760,767
1712055428527,768
1712055429295,746
1712055430041,731
1712055430772,708
1712055431480,724
1712055432204,768
1712055432972,748
1712055433720,703
1712055434423,672
1712055435095,655
1712055435750,630
1712055436380,606
1712055436985,599
1712055437585,585
1712055438169,575
1712055438745,570
1712055439315,566
1712055439881,569
1712055440449,584
1712055441033,745
1712055441779,714
1712055442493,695
1712055443188,697
1712055443885,692
1712055444577,661
1712055445238,633
1712055445871,629
1712055446500,644
1712055447144,622
1712055447766,608
1712055448374,615
1712055448989,622
1712055449611,610
1712055450221,608
1712055450829,664
1712055451493,817
1712055452310,890
1712055453200,938
1712055454137,936
1712055455073,829
1712055455903,754
1712055456657,741
1712055457398,820
1712055458217,1073
1712055459291,1051
1712055460342,979
1712055461321,902
1712055462223,860
1712055463083,786
1712055463869,711
1712055464580,682
1712055465262,677
1712055465939,698
1712055466637,936
1712055467573,944
1712055468517,953
1712055469470,906
1712055470376,797
1712055471173,729
1712055471902,682
1712055472584,651
1712055473235,632
1712055473867,635
1712055474502,634
1712055475136,635
1712055475771,621
1712055476392,646
1712055477038,674
1712055477712,758
1712055478470,764
1712055479233,802
1712055480036,792
1712055480828,770
1712055481598,717
1712055482315,676
1712055482991,667
1712055483657,671
1712055484329,711
1712055485040,1033
1712055486073,1000
1712055487073,988
1712055488061,919
1712055488980,837
1712055489817,757
1712055490574,734
1712055491308,705
1712055492013,660
1712055492673,637
1712055493310,625
1712055493935,630
1712055494565,657
1712055495222,736
1712055495958,970
1712055496928,998
1712055497926,1002
1712055498928,983
1712055499911,897
1712055500808,840
1712055501648,805
1712055502453,765
1712055503217,712
1712055503929,673
1712055504603,651
1712055505254,643
1712055505897,645
1712055506542,712
1712055507254,994
1712055508248,945
1712055509193,943
1712055510136,910
1712055511046,846
1712055511892,813
1712055512705,789
1712055513494,771
1712055514265,737
1712055515001,688
1712055515689,668
1712055516358,687
1712055517045,735
1712055517780,782
1712055518561,771
1712055519333,737
1712055520070,686
1712055520756,665
1712055521421,658
1712055522079,664
1712055522743,661
1712055523404,665
1712055524069,666
1712055524735,664
1712055525399,642
1712055526041,629
1712055526670,624
1712055527294,621
1712055527915,630
1712055528545,676
1712055529221,813
1712055530033,847
1712055530881,846
1712055531727,846
1712055532573,794
1712055533367,759
1712055534126,726
1712055534852,702
1712055535553,684
1712055536238,652
1712055536889,628
1712055537518,622
1712055538140,626
1712055538766,675
1712055539441,1039
1712055540480,985
1712055541465,950
1712055542415,857
1712055543272,796
1712055544068,728
1712055544796,695
1712055545491,671
1712055546161,670
1712055546832,766
1712055547598,878
1712055548476,878
1712055549353,844
1712055550198,817
1712055551015,766
1712055551781,743
1712055552524,704
1712055553228,675
1712055553903,655
1712055554558,642
1712055555200,656
1712055555856,660
1712055556516,660
1712055557176,644
1712055557820,637
1712055558457,629
1712055559086,664
1712055559750,690
1712055560440,720
1712055561160,801
1712055561961,860
1712055562821,831
1712055563652,822
1712055564473,776
1712055565249,729
1712055565979,737
1712055566716,792
1712055567508,868
1712055568376,838
1712055569214,833
1712055570047,820
1712055570867,819
1712055571686,824
1712055572510,818
1712055573328,799
1712055574127,769
1712055574896,748
1712055575644,782
1712055576425,921
1712055577347,925
1712055578272,919
1712055579191,896
1712055580087,882
1712055580969,844
1712055581813,817
1712055582630,766
1712055583396,774
1712055584169,792
1712055584961,849
1712055585811,812
1712055586623,782
1712055587405,747
1712055588152,789
1712055588941,896
1712055589837,881
1712055590718,867
1712055591585,820
1712055592405,794
1712055593199,787
1712055593985,777
1712055594763,773
1712055595536,764
1712055596300,768
1712055597068,777
1712055597845,786
1712055598631,799
1712055599430,813
1712055600243,831
1712055601073,823
1712055601897,843
1712055602740,851
1712055603591,854
1712055604445,803
1712055605248,758
1712055606006,720
1712055606726,692
1712055607417,719
1712055608137,766
1712055608903,813
1712055609716,814
1712055610529,787
1712055611317,739
1712055612056,730
1712055612785,721
1712055613507,711
1712055614217,691
1712055614909,659
1712055615568,630
1712055616198,614
1712055616812,605
1712055617417,609
1712055618025,627
1712055618653,646
1712055619299,660
1712055619959,651
1712055620609,662
1712055621272,636
1712055621908,628
1712055622536,628
1712055623164,633
1712055623797,635
1712055624432,631
1712055625063,633
1712055625696,620
1712055626316,608
1712055626924,592
1712055627516,589
1712055628105,570
1712055628675,555
1712055629230,547
1712055629777,543
1712055630320,536
1712055630856,539
1712055631395,548
1712055631943,576
1712055632519,640
1712055633159,667
1712055633825,672
1712055634497,705
1712055635203,662
1712055635865,635
1712055636500,617
1712055637117,608
1712055637725,604
1712055638329,595
1712055638924,586
1712055639510,577
1712055640087,583
1712055640670,615
1712055641285,682
1712055641967,681
1712055642648,721
1712055643369,701
1712055644070,715
1712055644785,678
1712055645463,649
1712055646112,655
1712055646767,645
1712055647412,645
1712055648057,639
1712055648696,640
1712055649336,617
1712055649953,631
1712055650584,650
1712055651233,774
1712055652008,851
1712055652859,838
1712055653697,833
1712055654529,830
1712055655360,957
1712055656317,960
1712055657277,921
1712055658198,840
1712055659038,783
1712055659821,750
1712055660571,714
1712055661285,719
1712055662004,749
1712055662753,819
1712055663572,822
1712055664393,808
1712055665201,788
1712055665990,759
1712055666749,733
1712055667481,740
1712055668222,756
1712055668977,785
1712055669763,788
1712055670551,757
1712055671308,722
1712055672030,706
1712055672736,739
1712055673475,746
1712055674221,816
1712055675037,782
1712055675819,725
1712055676544,690
1712055677233,695
1712055677929,717
1712055678646,784
1712055679430,744
1712055680174,704
1712055680878,694
1712055681572,654
1712055682225,633
1712055682859,630
1712055683489,642
1712055684131,714
1712055684845,793
1712055685638,838
1712055686476,809
1712055687285,785
1712055688070,714
1712055688784,712
1712055689496,718
1712055690214,745
1712055690959,771
1712055691729,785
1712055692515,785
1712055693300,771
1712055694071,733
1712055694804,739
1712055695543,757
1712055696300,781
1712055697081,779
1712055697860,769
1712055698629,716
1712055699345,701
1712055700046,741
1712055700787,873
1712055701660,818
1712055702478,830
1712055703308,784
1712055704092,721
1712055704813,719
1712055705532,746
1712055706278,746
1712055707024,684
1712055707708,647
1712055708355,615
1712055708969,600
1712055709569,575
1712055710145,566
1712055710711,563
1712055711273,566
1712055711840,566
1712055712406,591
1712055712997,601
1712055713598,610
1712055714208,607
1712055714815,602
1712055715417,603
1712055716020,613
1712055716633,604
1712055717237,593
1712055717830,580
1712055718409,570
1712055718980,568
1712055719548,562
1712055720110,557
1712055720667,604
1712055721271,590
1712055721861,590
1712055722451,595
1712055723046,586
1712055723632,583
1712055724215,574
1712055724789,566
1712055725355,570
1712055725925,590
1712055726515,615
1712055727129,626
1712055727756,605
1712055728361,610
1712055728971,627
1712055729598,682
1712055730280,833
1712055731113,896
1712055732009,864
1712055732873,857
1712055733729,832
1712055734561,761
1712055735323,663
1712055735985,644
1712055736630,627
1712055737257,607
1712055737864,631
1712055738495,674
1712055739169,874
1712055740043,850
1712055740893,836
1712055741729,800
1712055742529,718
1712055743247,668
1712055743915,655
1712055744569,656
1712055745225,694
1712055745920,737
1712055746657,697
1712055747353,655
1712055748009,642
1712055748651,624
1712055749275,599
1712055749873,604
1712055750478,636
1712055751113,705
1712055751819,864
1712055752683,834
1712055753517,822
1712055754339,764
1712055755103,697
1712055755800,695
1712055756495,720
1712055757215,859
1712055758073,783
1712055758857,797
1712055759654,746
1712055760400,749
1712055761149,785
1712055761934,849
1712055762783,807
1712055763590,777
1712055764367,719
1712055765086,752
1712055765838,831
1712055766669,785
1712055767454,759
1712055768213,729
1712055768942,681
1712055769623,684
1712055770307,703
1712055771009,766
1712055771776,810
1712055772585,757
1712055773343,797
1712055774140,873
1712055775013,872
1712055775885,890
1712055776775,865
1712055777640,807
1712055778447,816
1712055779263,831
1712055780094,826
1712055780920,787
1712055781707,781
1712055782488,799
1712055783287,831
1712055784118,818
1712055784936,785
1712055785721,808
1712055786529,833
1712055787361,852
1712055788214,849
1712055789063,804
1712055789867,809
1712055790676,815
1712055791491,811
1712055792302,774
1712055793076,701
1712055793777,698
1712055794475,703
1712055795177,738
1712055795916,783
1712055796699,759
1712055797457,783
1712055798241,838
1712055799079,829
1712055799908,785
1712055800693,728
1712055801421,743
1712055802164,759
1712055802923,768
1712055803691,755
1712055804446,695
1712055805141,697
1712055805838,689
1712055806527,699
1712055807225,710
1712055807936,656
1712055808592,647
1712055809239,674
1712055809913,674
1712055810587,667
1712055811254,632
1712055811886,640
1712055812526,634
1712055813160,672
1712055813832,678
1712055814510,655
1712055815165,697
1712055815862,686
1712055816548,703
1712055817251,703
1712055817953,662
1712055818616,636
1712055819252,626
1712055819878,629
1712055820507,636
1712055821143,652
1712055821795,662
1712055822457,653
1712055823110,639
1712055823749,633
1712055824382,656
1712055825038,699
1712055825737,789
1712055826526,819
1712055827345,847
1712055828192,857
1712055829049,832
1712055829881,852
1712055830733,922
1712055831655,927
1712055832582,905
1712055833487,858
1712055834345,842
1712055835187,892
1712055836079,885
1712055836964,838
1712055837801,741
1712055838543,739
1712055839281,771
1712055840053,874
1712055840927,932
1712055841859,888
1712055842747,859
1712055843606,896
1712055844502,892
1712055845393,851
1712055846245,797
1712055847041,730
1712055847772,758
1712055848529,800
1712055849329,839
1712055850169,858
1712055851027,819
1712055851846,860
1712055852705,860
1712055853566,842
1712055854408,789
1712055855197,803
1712055856000,809
1712055856809,822
1712055857631,762
1712055858393,771
1712055859164,836
1712055860000,903
1712055860903,877
1712055861780,796
1712055862576,836
1712055863412,875
1712055864287,888
1712055865175,833
1712055866008,859
1712055866867,879
1712055867745,892
1712055868638,814
1712055869452,819
1712055870271,842
1712055871113,851
1712055871964,812
1712055872776,778
1712055873553,767
1712055874321,790
1712055875111,794
1712055875905,748
1712055876653,774
1712055877427,800
1712055878227,782
1712055879009,746
1712055879755,786
1712055880541,790
1712055881331,760
1712055882091,702
1712055882793,712
1712055883505,736
1712055884241,758
1712055884999,760
1712055885759,712
1712055886471,726
1712055887197,726
1712055887923,720
1712055888643,707
1712055889350,660
1712055890009,689
1712055890699,708
1712055891407,704
1712055892111,663
1712055892774,636
1712055893409,632
1712055894041,594
1712055894636,593
1712055895229,592
1712055895821,621
1712055896441,646
1712055897088,662
1712055897750,645
1712055898395,640
1712055899035,663
1712055899697,730
1712055900428,737
1712055901165,720
1712055901885,682
1712055902567,661
1712055903228,666
1712055903894,639
1712055904533,627
1712055905160,611
1712055905771,606
1712055906377,594
1712055906971,583
1712055907553,576
1712055908129,568
1712055908697,581
1712055909279,783
1712055910062,829
1712055910891,808
1712055911699,812
1712055912511,809
1712055913320,817
1712055914137,794
1712055914931,778
1712055915709,788
1712055916497,810
1712055917307,821
1712055918128,879
1712055919007,897
1712055919904,947
1712055920851,946
1712055921797,969
1712055922766,892
1712055923657,895
1712055924553,970
1712055925523,1000
1712055926523,954
1712055927477,830
1712055928307,683
1712055928990,664
1712055929654,640
1712055930294,614
1712055930908,642
1712055931550,642
1712055932192,617
1712055932809,622
1712055933431,629
1712055934060,631
1712055934691,668
1712055935359,648
1712055936007,649
1712055936656,677
1712055937333,693
1712055938025,688
1712055938713,669
1712055939383,647
1712055940030,647
1712055940677,659
1712055941336,641
1712055941977,633
1712055942609,615
1712055943225,630
1712055943855,614
1712055944469,613
1712055945081,636
1712055945718,634
1712055946352,631
1712055946983,624
1712055947607,617
1712055948224,604
1712055948828,600
1712055949428,602
1712055950030,601
1712055950631,601
1712055951232,588
1712055951820,589
1712055952409,585
1712055952993,580
1712055953574,571
1712055954145,573
1712055954718,572
1712055955289,576
1712055955865,571
1712055956437,577
1712055957014,582
1712055957596,582
1712055958177,580
1712055958758,573
1712055959331,571
1712055959902,561
1712055960463,555
1712055961017,555
1712055961573,554
1712055962127,557
1712055962684,561
1712055963245,563
1712055963808,561
1712055964369,561
1712055964929,558
1712055965488,555
1712055966043,550
1712055966593,544
1712055967137,543
1712055967680,541
1712055968221,545
1712055968766,553
1712055969319,558
1712055969877,550
1712055970427,554
1712055970981,558
1712055971539,562
1712055972101,576
1712055972677,578
1712055973255,580
1712055973835,581
1712055974416,600
1712055975016,615
1712055975631,621
1712055976252,629
1712055976881,631
1712055977512,621
1712055978133,602
1712055978735,590
1712055979325,583
1712055979908,581
1712055980489,575
1712055981064,570
1712055981633,570
1712055982204,574
1712055982777,590
1712055983368,632
1712055984000,652
1712055984652,637
1712055985289,605
1712055985894,596
1712055986489,581
1712055987071,575
1712055987646,575
1712055988221,577
1712055988798,590
1712055989388,601
1712055989989,613
1712055990601,615
1712055991217,640
1712055991857,638
1712055992495,615
1712055993110,641
1712055993751,624
1712055994375,613
1712055994988,597
1712055995585,599
1712055996184,587
1712055996771,586
1712055997357,587
1712055997944,603
1712055998547,668
1712055999215,667
1712055999881,666
1712056000548,627
1712056001175,617
1712056001792,638
1712056002430,675
1712056003105,664
1712056003769,610
1712056004379,606
1712056004985,598
1712056005583,579
1712056006161,575
1712056006737,605
1712056007342,617
1712056007959,624
1712056008583,657
1712056009240,630
1712056009870,663
1712056010533,688
1712056011221,722
1712056011943,765
1712056012708,747
1712056013455,738
1712056014193,699
1712056014892,734
1712056015625,744
1712056016369,787
1712056017157,746
1712056017903,733
1712056018636,699
1712056019335,662
1712056019997,682
1712056020679,693
1712056021372,681
1712056022053,670
1712056022723,648
1712056023371,726
1712056024097,761
1712056024857,788
1712056025646,771
1712056026417,725
1712056027142,715
1712056027857,684
1712056028541,654
1712056029195,658
1712056029853,658
1712056030511,659
1712056031169,646
1712056031816,657
1712056032473,639
1712056033112,652
1712056033764,646
1712056034409,615
1712056035025,602
1712056035627,603
1712056036230,595
1712056036825,604
1712056037429,592
1712056038021,592
1712056038613,604
1712056039217,624
1712056039841,616
1712056040457,633
1712056041089,648
1712056041737,621
1712056042359,609
1712056042968,583
1712056043551,569
1712056044120,563
1712056044683,555
1712056045238,535
1712056045773,537
1712056046310,535
1712056046845,540
1712056047385,545
1712056047929,558
1712056048488,564
1712056049052,568
1712056049620,561
1712056050181,531
1712056050712,522
1712056051233,518
1712056051752,521
1712056052273,533
1712056052806,534
1712056053340,523
1712056053863,519
1712056054382,521
1712056054903,540
1712056055443,570
1712056056013,604
1712056056617,652
1712056057269,688
1712056057957,644
1712056058601,634
1712056059235,671
1712056059905,666
1712056060572,632
1712056061204,607
1712056061811,583
1712056062393,585
1712056062979,581
1712056063560,579
1712056064139,576
1712056064715,578
1712056065293,576
1712056065869,587
1712056066456,589
1712056067045,581
1712056067625,579
1712056068205,581
1712056068785,592
1712056069377,600
1712056069977,617
1712056070595,609
1712056071204,609
1712056071813,613
1712056072425,613
1712056073039,644
1712056073683,658
1712056074341,739
1712056075080,670
1712056075750,692
1712056076441,709
1712056077151,717
1712056077868,724
1712056078592,710
1712056079302,714
1712056080016,663
1712056080679,636
1712056081315,630
1712056081945,638
1712056082583,617
1712056083200,644
1712056083844,689
1712056084533,670
1712056085203,689
1712056085892,694
1712056086585,691
1712056087277,627
1712056087904,604
1712056088508,590
1712056089097,608
1712056089705,639
1712056090345,656
1712056091001,670
1712056091671,644
1712056092315,674
1712056092989,691
1712056093680,704
1712056094384,681
1712056095065,705
1712056095769,700
1712056096470,713
1712056097183,713
1712056097896,644
1712056098540,653
1712056099193,671
1712056099864,706
1712056100569,738
1712056101308,678
1712056101985,638
1712056102624,627
1712056103251,652
1712056103903,910
1712056104813,934
1712056105747,937
1712056106684,898
1712056107582,795
1712056108377,820
1712056109197,807
1712056110004,893
1712056110897,941
1712056111838,938
1712056112776,779
1712056113555,680
1712056114235,663
1712056114897,754
1712056115652,1063
1712056116715,920
1712056117635,860
1712056118495,823
1712056119318,857
1712056120175,865
1712056121040,888
1712056121928,861
1712056122789,733
1712056123521,773
1712056124295,867
1712056125161,888
1712056126049,868
1712056126918,836
1712056127753,882
1712056128636,808
1712056129444,858
1712056130302,732
1712056131033,697
1712056131731,689
1712056132420,689
1712056133109,675
1712056133784,632
1712056134416,618
1712056135033,658
1712056135692,660
1712056136352,674
1712056137025,645
1712056137671,623
1712056138294,659
1712056138953,700
1712056139653,756
1712056140409,781
1712056141190,684
1712056141873,713
1712056142587,754
1712056143341,854
1712056144195,796
1712056144991,885
1712056145876,900
1712056146776,879
1712056147655,769
1712056148424,829
1712056149253,837
1712056150089,854
1712056150944,748
1712056151692,826
1712056152518,882
1712056153400,804
1712056154204,767
1712056154971,807
1712056155777,838
1712056156616,778
1712056157393,839
1712056158233,903
1712056159136,891
1712056160027,771
1712056160798,735
1712056161533,801
1712056162334,863
1712056163197,770
1712056163967,682
1712056164649,695
1712056165344,691
1712056166035,698
1712056166733,699
1712056167432,657
1712056168089,646
1712056168735,629
1712056169364,639
1712056170003,649
1712056170652,633
1712056171285,666
1712056171951,713
1712056172664,754
1712056173417,774
1712056174192,709
1712056174901,742
1712056175643,763
1712056176406,773
1712056177179,698
1712056177877,709
1712056178585,782
1712056179368,896
1712056180264,878
1712056181142,796
1712056181937,755
1712056182693,775
1712056183468,826
1712056184294,859
1712056185153,791
1712056185944,767
1712056186711,780
1712056187491,795
1712056188286,811
1712056189097,726
1712056189823,772
1712056190595,834
1712056191429,871
1712056192300,770
1712056193070,773
1712056193843,787
1712056194630,797
1712056195427,763
1712056196190,769
1712056196959,893
1712056197852,845
1712056198697,782
1712056199479,815
1712056200294,842
1712056201136,796
1712056201932,807
1712056202739,824
1712056203563,832
1712056204395,729
1712056205124,771
1712056205895,788
1712056206683,771
1712056207454,725
1712056208179,812
1712056208991,836
1712056209827,813
1712056210640,756
1712056211396,805
1712056212201,801
1712056213001,761
1712056213763,782
1712056214545,842
1712056215387,778
1712056216165,759
1712056216924,761
1712056217685,727
1712056218412,679
1712056219091,683
1712056219774,769
1712056220543,907
1712056221449,892
1712056222342,825
1712056223167,709
1712056223876,682
1712056224558,672
1712056225230,695
1712056225925,877
1712056226801,908
1712056227710,922
1712056228632,949
1712056229581,928
1712056230509,791
1712056231300,710
1712056232009,688
1712056232697,683
1712056233381,692
1712056234073,734
1712056234807,936
1712056235743,964
1712056236707,1001
1712056237708,963
1712056238671,934
1712056239605,873
1712056240478,782
1712056241260,706
1712056241966,684
1712056242649,684
1712056243334,720
1712056244054,1077
1712056245131,1051
1712056246182,1020
1712056247201,971
1712056248173,872
1712056249045,783
1712056249828,782
1712056250609,800
1712056251409,755
1712056252165,745
1712056252910,695
1712056253605,679
1712056254284,677
1712056254961,676
1712056255637,716
1712056256353,786
1712056257139,840
1712056257979,817
1712056258796,802
1712056259598,781
1712056260379,761
1712056261140,723
1712056261863,662
1712056262525,641
1712056263166,652
1712056263817,667
1712056264485,677
1712056265161,669
1712056265831,707
1712056266537,758
1712056267296,822
1712056268118,795
1712056268913,757
1712056269670,771
1712056270441,749
1712056271190,743
1712056271933,722
1712056272655,672
1712056273327,662
1712056273989,702
1712056274691,736
1712056275427,777
1712056276204,782
1712056276985,781
1712056277767,736
1712056278503,775
1712056279278,841
1712056280119,854
1712056280973,769
1712056281742,836
1712056282577,842
1712056283420,798
1712056284217,705
1712056284923,729
1712056285652,737
1712056286389,767
1712056287156,746
1712056287902,685
1712056288587,679
1712056289265,666
1712056289932,658
1712056290590,638
1712056291228,626
1712056291854,639
1712056292493,661
1712056293153,629
1712056293783,650
1712056294433,709
1712056295142,743
1712056295885,800
1712056296685,725
1712056297409,748
1712056298158,773
1712056298931,784
1712056299715,726
1712056300441,684
1712056301125,700
1712056301825,772
1712056302597,874
1712056303471,860
1712056304331,809
1712056305140,854
1712056305993,878
1712056306872,880
1712056307752,862
1712056308614,780
1712056309393,854
1712056310248,875
1712056311123,862
1712056311985,794
1712056312779,882
1712056313661,894
1712056314555,900
1712056315455,827
1712056316281,863
1712056317145,869
1712056318014,850
1712056318864,758
1712056319622,798
1712056320420,825
1712056321245,821
1712056322065,740
1712056322806,766
1712056323572,696
1712056324268,651
1712056324919,632
1712056325551,625
1712056326176,624
1712056326800,639
1712056327439,625
1712056328064,622
1712056328686,646
1712056329332,697
1712056330029,678
1712056330707,729
1712056331436,721
1712056332157,710
1712056332867,675
1712056333542,657
1712056334199,650
1712056334849,632
1712056335481,616
1712056336097,594
1712056336691,593
1712056337284,606
1712056337889,613
1712056338503,614
1712056339117,626
1712056339743,633
1712056340376,626
1712056341001,616
1712056341617,610
1712056342228,605
1712056342833,604
1712056343437,599
1712056344036,599
1712056344635,603
1712056345238,623
1712056345861,640
1712056346501,628
1712056347129,640
1712056347769,687
1712056348456,708
1712056349164,684
1712056349848,752
1712056350600,703
1712056351303,759
1712056352062,665
1712056352727,755
1712056353481,673
1712056354155,687
1712056354841,651
1712056355493,639
1712056356132,616
1712056356748,600
1712056357348,589
1712056357937,591
1712056358528,596
1712056359124,600
1712056359724,623
1712056360347,942
1712056361289,1008
1712056362297,979
1712056363276,927
1712056364203,807
1712056365009,779
1712056365789,756
1712056366545,845
1712056367390,907
1712056368297,909
1712056369206,868
1712056370073,903
1712056370977,837
1712056371814,794
1712056372608,836
1712056373444,882
1712056374326,896
1712056375222,897
1712056376119,863
1712056376982,838
1712056377820,845
1712056378665,843
1712056379508,824
1712056380332,759
1712056381091,796
1712056381887,811
1712056382697,845
1712056383543,858
1712056384401,765
1712056385166,796
1712056385961,837
1712056386799,868
1712056387667,851
1712056388518,778
1712056389296,813
1712056390109,856
1712056390965,864
1712056391829,865
1712056392694,832
1712056393526,798
1712056394324,814
1712056395137,801
1712056395939,824
1712056396763,788
1712056397551,805
1712056398356,847
1712056399203,836
1712056400039,813
1712056400852,752
1712056401604,727
1712056402331,744
1712056403075,756
1712056403831,754
1712056404585,703
1712056405288,714
1712056406001,758
1712056406760,780
1712056407540,725
1712056408265,709
1712056408974,732
1712056409705,712
1712056410417,652
1712056411070,668
1712056411737,629
1712056412367,615
1712056412982,600
1712056413582,590
1712056414172,586
1712056414758,572
1712056415329,563
1712056415893,566
1712056416459,579
1712056417038,563
1712056417601,566
1712056418167,551
1712056418718,546
1712056419264,546
1712056419809,550
1712056420360,568
1712056420928,584
1712056421512,578
1712056422089,604
1712056422694,616
1712056423310,596
1712056423905,617
1712056424523,637
1712056425160,692
1712056425852,646
1712056426497,649
1712056427147,622
1712056427769,646
1712056428415,670
1712056429085,653
1712056429737,626
1712056430364,631
1712056430995,635
1712056431630,707
1712056432337,628
1712056432965,684
1712056433649,1063
1712056434712,1057
1712056435769,1035
1712056436804,974
1712056437777,881
1712056438659,862
1712056439521,904
1712056440425,910
1712056441335,885
1712056442220,907
1712056443127,899
1712056444025,861
1712056444887,787
1712056445673,847
1712056446521,800
1712056447321,790
1712056448111,743
1712056448854,797
1712056449651,837
1712056450488,755
1712056451243,878
1712056452121,847
1712056452968,856
1712056453824,749
1712056454573,763
1712056455336,791
1712056456127,788
1712056456915,743
1712056457657,770
1712056458428,857
1712056459285,786
1712056460071,727
1712056460798,765
1712056461563,781
1712056462344,852
1712056463196,737
1712056463933,874
1712056464807,881
1712056465688,871
1712056466559,779
1712056467337,815
1712056468153,813
1712056468966,779
1712056469745,771
1712056470516,862
1712056471377,835
1712056472213,787
1712056473000,730
1712056473729,794
1712056474524,848
1712056475372,834
1712056476206,753
1712056476959,834
1712056477793,820
1712056478613,771
1712056479384,733
1712056480117,753
1712056480870,767
1712056481637,773
1712056482409,707
1712056483117,752
1712056483869,783
1712056484652,743
1712056485395,753
1712056486148,810
1712056486958,794
1712056487752,751
1712056488503,719
1712056489222,770
1712056489992,794
1712056490785,732
1712056491518,757
1712056492275,786
1712056493061,798
1712056493859,725
1712056494584,802
1712056495385,823
1712056496209,815
1712056497024,746
1712056497769,810
1712056498580,798
1712056499377,813
1712056500191,723
1712056500913,759
1712056501673,758
1712056502431,735
1712056503166,705
1712056503871,745
1712056504616,754
1712056505369,743
1712056506113,728
1712056506841,764
1712056507605,766
1712056508371,737
1712056509108,729
1712056509837,736
1712056510573,731
1712056511304,694
1712056511998,699
1712056512697,729
1712056513425,739
1712056514165,693
1712056514857,721
1712056515579,758
1712056516337,768
1712056517105,707
1712056517812,729
1712056518541,765
1712056519305,762
1712056520068,705
1712056520773,748
1712056521521,743
1712056522264,741
1712056523005,689
1712056523694,718
1712056524412,706
1712056525118,713
1712056525831,689
1712056526520,708
1712056527228,742
1712056527969,738
1712056528708,686
1712056529393,690
1712056530084,706
1712056530790,725
1712056531515,693
1712056532208,736
1712056532944,710
1712056533654,757
1712056534411,660
1712056535071,745
1712056535816,713
1712056536529,736
1712056537265,676
1712056537941,767
1712056538708,764
1712056539472,771
1712056540243,726
1712056540969,747
1712056541716,739
1712056542455,758
1712056543213,755
1712056543968,804
1712056544772,790
1712056545561,712
1712056546273,734
1712056547008,737
1712056547745,709
1712056548454,685
1712056549139,698
1712056549837,740
1712056550577,743
1712056551320,708
1712056552028,737
1712056552765,794
1712056553559,795
1712056554353,734
1712056555088,756
1712056555844,738
1712056556582,731
1712056557313,685
1712056557998,711
1712056558709,708
1712056559417,710
1712056560127,684
1712056560811,685
1712056561496,715
1712056562211,739
1712056562950,711
1712056563661,716
1712056564377,732
1712056565109,729
1712056565838,685
1712056566523,716
1712056567239,731
1712056567969,727
1712056568697,682
1712056569379,753
1712056570132,727
1712056570859,753
1712056571612,681
1712056572293,724
1712056573017,741
1712056573758,742
1712056574500,719
1712056575219,694
1712056575913,750
1712056576663,741
1712056577404,708
1712056578112,677
1712056578789,706
1712056579495,684
1712056580179,699
1712056580878,709
1712056581587,676
1712056582263,716
1712056582979,701
1712056583680,718
1712056584398,701
1712056585099,783
1712056585881,783
1712056586665,734
1712056587399,689
1712056588088,724
1712056588812,700
1712056589512,719
1712056590231,679
1712056590910,674
1712056591584,704
1712056592288,729
1712056593017,719
1712056593736,709
1712056594445,755
1712056595200,770
1712056595969,767
1712056596737,685
1712056597422,682
1712056598104,702
1712056598806,719
1712056599525,713
1712056600238,680
1712056600918,671
1712056601589,710
1712056602299,715
1712056603014,701
1712056603715,700
1712056604415,733
1712056605148,746
1712056605894,746
1712056606640,696
1712056607336,723
1712056608059,722
1712056608781,701
1712056609481,669
1712056610151,692
1712056610843,706
1712056611549,734
1712056612283,712
1712056612995,710
1712056613705,707
1712056614412,718
1712056615129,692
1712056615822,700
1712056616521,724
1712056617246,697
1712056617943,643
1712056618585,673
1712056619259,626
1712056619885,607
1712056620492,596
1712056621088,584
1712056621672,580
1712056622252,584
1712056622836,584
1712056623420,590
1712056624009,579
1712056624589,576
1712056625165,577
1712056625742,580
1712056626321,595
1712056626917,608
1712056627525,609
1712056628134,606
1712056628740,604
1712056629344,590
1712056629934,583
1712056630517,576
1712056631093,572
1712056631665,581
1712056632246,604
1712056632849,606
1712056633456,623
1712056634079,648
1712056634727,619
1712056635345,687
1712056636033,738
1712056636771,803
1712056637574,699
1712056638273,639
1712056638912,614
1712056639526,599
1712056640125,579
1712056640704,570
1712056641273,585
1712056641859,627
1712056642486,811
1712056643297,824
1712056644121,778
1712056644899,700
1712056645599,678
1712056646277,658
1712056646935,660
1712056647595,699
1712056648294,722
1712056649016,744
1712056649760,677
1712056650437,668
1712056651105,718
1712056651823,692
1712056652515,631
1712056653145,639
1712056653785,735
1712056654520,706
1712056655225,694
1712056655920,714
1712056656633,668
1712056657302,653
1712056657955,627
1712056658582,641
1712056659223,668
1712056659891,775
1712056660665,759
1712056661425,741
1712056662166,703
1712056662869,673
1712056663542,646
1712056664188,632
1712056664820,626
1712056665446,739
1712056666185,852
1712056667037,834
1712056667871,815
1712056668686,818
1712056669504,757
1712056670261,716
1712056670977,680
1712056671657,654
1712056672311,629
1712056672940,641
1712056673581,656
1712056674237,688
1712056674925,689
1712056675614,686
1712056676300,647
1712056676947,687
1712056677633,691
1712056678325,715
1712056679040,722
1712056679761,737
1712056680499,740
1712056681239,723
1712056681961,720
1712056682681,778
1712056683460,870
1712056684329,874
1712056685204,864
1712056686068,755
1712056686823,765
1712056687588,882
1712056688470,867
1712056689337,888
1712056690225,854
1712056691079,779
1712056691857,696
1712056692553,722
1712056693276,751
1712056694027,829
1712056694856,812
1712056695668,832
1712056696500,796
1712056697296,771
1712056698067,736
1712056698803,673
1712056699476,648
1712056700124,650
1712056700774,647
1712056701421,651
1712056702072,650
1712056702721,640
1712056703361,614
1712056703976,619
1712056704595,616
1712056705211,613
1712056705824,604
1712056706428,599
1712056707027,591
1712056707617,585
1712056708203,575
1712056708777,580
1712056709358,605
1712056709963,662
1712056710625,699
1712056711324,729
1712056712053,727
1712056712780,736
1712056713516,705
1712056714221,675
1712056714896,643
1712056715539,676
1712056716215,721
1712056716936,881
1712056717817,865
1712056718681,805
1712056719487,859
1712056720345,854
1712056721200,811
1712056722011,745
1712056722756,776
1712056723532,793
1712056724325,704
1712056725029,659
1712056725688,648
1712056726336,655
1712056726991,711
1712056727702,925
1712056728627,969
1712056729596,913
1712056730509,803
1712056731312,763
1712056732075,791
1712056732865,792
1712056733657,756
1712056734414,722
1712056735136,676
1712056735812,670
1712056736481,701
1712056737183,770
1712056737953,886
1712056738839,698
1712056739537,678
1712056740215,681
1712056740896,688
1712056741584,727
1712056742311,795
1712056743105,709
1712056743815,761
1712056744576,807
1712056745383,908
1712056746291,865
1712056747156,786
1712056747942,746
1712056748688,763
1712056749451,747
1712056750198,694
1712056750892,694
1712056751585,778
1712056752364,849
1712056753213,804
1712056754017,833
1712056754849,732
1712056755582,724
1712056756305,725
1712056757031,680
1712056757711,676
1712056758387,651
1712056759038,638
1712056759676,629
1712056760305,623
1712056760928,618
1712056761545,623
1712056762169,616
1712056762785,610
1712056763395,628
1712056764023,652
1712056764675,669
1712056765344,654
1712056765998,666
1712056766664,652
1712056767316,656
1712056767972,635
1712056768607,623
1712056769230,587
1712056769817,574
1712056770391,568
1712056770959,594
1712056771553,726
1712056772279,905
1712056773184,914
1712056774097,916
1712056775014,845
1712056775859,703
1712056776561,712
1712056777273,684
1712056777958,686
1712056778644,688
1712056779332,691
1712056780023,685
1712056780708,642
1712056781350,630
1712056781980,665
1712056782645,663
1712056783308,659
1712056783967,665
1712056784632,668
1712056785300,670
1712056785969,662
1712056786632,690
1712056787321,687
1712056788009,695
1712056788704,684
1712056789388,662
1712056790049,681
1712056790731,759
1712056791489,939
1712056792429,934
1712056793363,919
1712056794281,869
1712056795151,770
1712056795921,841
1712056796761,887
1712056797649,924
1712056798573,939
1712056799512,837
1712056800349,773
1712056801121,803
1712056801925,817
1712056802742,796
1712056803537,821
1712056804359,710
1712056805069,702
1712056805771,714
1712056806485,758
1712056807243,786
1712056808029,754
1712056808783,718
1712056809501,681
1712056810182,685
1712056810867,666
1712056811533,660
1712056812193,661
1712056812854,686
1712056813540,689
1712056814229,674
1712056814903,645
1712056815548,637
1712056816185,626
1712056816811,645
1712056817456,663
1712056818119,686
1712056818805,698
1712056819503,886
1712056820389,791
1712056821180,750
1712056821929,738
1712056822668,728
1712056823396,723
1712056824119,766
1712056824885,798
1712056825683,759
1712056826441,752
1712056827193,824
1712056828017,835
1712056828853,817
1712056829670,801
1712056830471,896
1712056831367,868
1712056832235,849
1712056833084,767
1712056833851,733
1712056834584,899
1712056835483,995
1712056836478,1014
1712056837492,1018
1712056838510,885
1712056839395,781
1712056840176,832
1712056841008,905
1712056841913,903
1712056842816,929
1712056843745,941
1712056844686,906
1712056845592,821
1712056846413,885
1712056847297,888
1712056848185,912
1712056849097,893
1712056849991,689
1712056850680,660
1712056851340,651
1712056851991,736
1712056852727,943
1712056853670,941
1712056854611,994
1712056855605,1011
1712056856616,956
1712056857572,945
1712056858517,938
1712056859455,877
1712056860332,803
1712056861135,807
1712056861942,823
1712056862765,829
1712056863593,834
1712056864428,938
1712056865366,965
1712056866331,967
1712056867297,949
1712056868247,858
1712056869105,861
1712056869966,888
1712056870854,885
1712056871739,879
1712056872617,864
1712056873481,834
1712056874316,757
1712056875073,720
1712056875793,794
1712056876587,817
1712056877404,818
1712056878222,820
1712056879041,748
1712056879790,700
1712056880489,691
1712056881181,739
1712056881920,787
1712056882707,813
1712056883520,859
1712056884379,876
1712056885255,875
1712056886129,849
1712056886979,806
1712056887785,799
1712056888584,753
1712056889337,694
1712056890031,744
1712056890775,887
1712056891662,904
1712056892566,908
1712056893473,870
1712056894344,871
1712056895215,908
1712056896123,877
1712056897000,757
1712056897757,815
1712056898572,902
1712056899473,898
1712056900372,867
1712056901239,735
1712056901974,815
1712056902789,900
1712056903689,911
1712056904600,930
1712056905529,819
1712056906349,834
1712056907183,869
1712056908052,881
1712056908933,784
1712056909717,799
1712056910516,869
1712056911385,834
1712056912219,815
1712056913033,770
1712056913804,877
1712056914681,853
1712056915534,861
1712056916395,794
1712056917189,771
1712056917960,813
1712056918773,835
1712056919608,858
1712056920465,741
1712056921207,777
1712056921984,813
1712056922797,825
1712056923622,804
1712056924425,747
1712056925173,774
1712056925947,830
1712056926777,849
1712056927625,776
1712056928401,772
1712056929174,795
1712056929969,774
1712056930743,747
1712056931489,684
1712056932174,747
1712056932921,796
1712056933717,877
1712056934593,750
1712056935344,776
1712056936120,822
1712056936942,850
1712056937792,815
1712056938607,712
1712056939319,759
1712056940078,727
1712056940805,763
1712056941568,730
1712056942297,778
1712056943076,887
1712056943963,802
1712056944765,757
1712056945521,730
1712056946252,746
1712056946998,732
1712056947729,724
1712056948454,687
1712056949141,715
1712056949856,720
1712056950576,763
1712056951339,749
1712056952088,744
1712056952832,828
1712056953660,835
1712056954495,863
1712056955358,751
1712056956109,816
1712056956925,894
1712056957819,788
1712056958607,728
1712056959335,784
1712056960119,801
1712056960920,854
1712056961774,829
1712056962603,731
1712056963334,856
1712056964190,836
1712056965025,843
1712056965869,755
1712056966624,857
1712056967481,877
1712056968358,859
1712056969217,791
1712056970008,887
1712056970895,887
1712056971782,849
1712056972631,836
1712056973467,804
1712056974271,761
1712056975032,689
1712056975721,729
1712056976449,740
1712056977190,739
1712056977929,692
1712056978621,639
1712056979260,627
1712056979887,633
1712056980520,638
1712056981158,629
1712056981787,634
1712056982421,624
1712056983045,596
1712056983641,603
1712056984244,621
1712056984865,625
1712056985489,617
1712056986107,606
1712056986713,584
1712056987297,577
1712056987873,573
1712056988447,570
1712056989017,569
1712056989585,565
1712056990151,563
1712056990713,561
1712056991275,564
1712056991839,558
1712056992397,562
1712056992959,564
1712056993523,570
1712056994093,566
1712056994659,562
1712056995221,552
1712056995773,542
1712056996315,537
1712056996852,536
1712056997388,556
1712056997944,612
1712056998556,710
1712056999265,721
1712056999987,731
1712057000718,743
1712057001461,749
1712057002209,741
1712057002951,679
1712057003630,686
1712057004316,847
1712057005163,798
1712057005961,818
1712057006779,814
1712057007593,909
1712057008502,896
1712057009398,850
1712057010248,849
1712057011097,824
1712057011921,746
1712057012667,722
1712057013389,750
1712057014139,788
1712057014927,790
1712057015717,763
1712057016480,777
1712057017257,792
1712057018049,795
1712057018844,771
1712057019615,753
1712057020368,699
1712057021067,658
1712057021725,616
1712057022341,613
1712057022953,605
1712057023559,640
1712057024199,816
1712057025015,796
1712057025811,771
1712057026582,747
1712057027329,747
1712057028076,764
1712057028840,784
1712057029624,770
1712057030393,730
1712057031124,683
1712057031807,667
1712057032473,657
1712057033131,650
1712057033781,640
1712057034421,620
1712057035041,608
1712057035649,610
1712057036259,604
1712057036863,643
1712057037505,711
1712057038217,708
1712057038925,771
1712057039696,736
1712057040432,721
1712057041153,707
1712057041860,666
1712057042526,646
1712057043172,620
1712057043792,602
1712057044393,590
1712057044984,584
1712057045568,574
1712057046142,565
1712057046707,569
1712057047276,585
1712057047861,584
1712057048445,577
1712057049022,573
1712057049595,565
1712057050160,556
1712057050716,540
1712057051256,532
1712057051788,525
1712057052313,519
1712057052832,523
1712057053355,524
1712057053879,549
1712057054428,746
1712057055174,872
1712057056046,890
1712057056936,973
1712057057909,1054
1712057058963,1039
1712057060001,979
1712057060981,960
1712057061941,854
1712057062795,773
1712057063568,691
1712057064259,665
1712057064924,627
1712057065551,603
1712057066153,574
1712057066728,593
1712057067321,613
1712057067934,815
1712057068749,800
1712057069549,809
1712057070358,812
1712057071169,800
1712057071969,741
1712057072711,674
1712057073385,631
1712057074016,610
1712057074625,595
1712057075221,614
1712057075835,835
1712057076670,955
1712057077625,901
1712057078526,811
1712057079337,791
1712057080128,854
1712057080982,839
1712057081821,814
1712057082635,789
1712057083424,747
1712057084171,732
1712057084903,699
1712057085601,694
1712057086296,686
1712057086982,674
1712057087656,664
1712057088320,667
1712057088987,673
1712057089660,729
1712057090389,741
1712057091129,719
1712057091849,689
1712057092537,694
1712057093232,701
1712057093933,712
1712057094645,668
1712057095313,672
1712057095985,693
1712057096678,688
1712057097366,691
1712057098057,632
1712057098689,630
1712057099319,629
1712057099948,654
1712057100601,732
1712057101334,714
1712057102048,678
1712057102726,646
1712057103372,666
1712057104038,672
1712057104710,642
1712057105352,623
1712057105975,626
1712057106601,633
1712057107233,649
1712057107883,637
1712057108520,598
1712057109118,585
1712057109703,570
1712057110273,569
1712057110841,579
1712057111421,624
1712057112045,614
1712057112659,592
1712057113251,603
1712057113854,618
1712057114472,641
1712057115113,609
1712057115721,626
1712057116348,613
1712057116961,604
1712057117565,598
1712057118163,588
1712057118751,578
1712057119329,571
1712057119900,554
1712057120454,557
1712057121011,546
1712057121557,546
1712057122103,530
1712057122633,527
1712057123160,521
1712057123681,516
1712057124197,513
1712057124710,507
1712057125217,505
1712057125721,504
1712057126225,503
1712057126729,497
1712057127225,500
1712057127726,498
1712057128224,497
1712057128721,497
1712057129217,497
1712057129715,501
1712057130216,512
1712057130728,529
1712057131257,541
1712057131798,549
1712057132347,551
1712057132897,562
1712057133460,560
1712057134020,545
1712057134565,545
1712057135110,563
1712057135673,588
1712057136261,593
1712057136854,631
1712057137485,659
1712057138144,644
1712057138788,674
1712057139462,649
1712057140111,669
1712057140780,630
1712057141409,622
1712057142032,612
1712057142644,619
1712057143263,618
1712057143881,620
1712057144501,629
1712057145129,615
1712057145745,606
1712057146351,595
1712057146945,591
1712057147537,596
1712057148133,629
1712057148761,622
1712057149384,623
1712057150007,605
1712057150612,611
1712057151223,616
1712057151839,619
1712057152457,613
1712057153071,601
1712057153672,596
1712057154268,587
1712057154855,588
1712057155443,600
1712057156043,602
1712057156645,644
1712057157289,626
1712057157915,622
1712057158537,652
1712057159189,633
1712057159822,623
1712057160445,631
1712057161076,655
1712057161731,640
1712057162371,628
1712057162999,621
1712057163620,618
1712057164238,599
1712057164837,599
1712057165436,583
1712057166019,575
1712057166593,562
1712057167156,558
1712057167713,566
1712057168280,567
1712057168847,589
1712057169436,595
1712057170031,602
1712057170633,694
1712057171327,712
1712057172039,737
1712057172776,733
1712057173509,712
1712057174221,684
1712057174905,656
1712057175561,637
1712057176198,625
1712057176823,618
1712057177441,618
1712057178059,624
1712057178683,625
1712057179308,642
1712057179950,646
1712057180596,673
1712057181269,691
1712057181960,700
1712057182660,734
1712057183393,771
1712057184165,765
1712057184929,753
1712057185683,724
1712057186407,698
1712057187105,673
1712057187777,654
1712057188432,666
1712057189097,668
1712057189766,675
1712057190441,650
1712057191091,634
1712057191725,637
1712057192361,620
1712057192982,629
1712057193611,640
1712057194251,650
1712057194901,624
1712057195525,619
1712057196144,604
1712057196748,597
1712057197345,584
1712057197929,581
1712057198510,583
1712057199093,587
1712057199680,598
1712057200278,619
1712057200897,597
1712057201494,595
1712057202089,596
1712057202685,604
1712057203289,616
1712057203905,617
1712057204521,611
1712057205133,609
1712057205742,596
1712057206337,589
1712057206927,594
1712057207521,598
1712057208119,611
1712057208729,605
1712057209335,609
1712057209944,608
1712057210552,596
1712057211148,590
1712057211737,589
1712057212327,606
1712057212933,632
1712057213565,657
1712057214222,623
1712057214845,631
1712057215476,604
1712057216080,605
1712057216685,601
1712057217286,599
1712057217885,594
1712057218479,577
1712057219056,567
1712057219623,560
1712057220183,556
1712057220739,562
1712057221301,571
1712057221872,579
1712057222451,579
1712057223030,588
1712057223617,591
1712057224209,604
1712057224813,604
1712057225417,612
1712057226029,608
1712057226637,601
1712057227238,617
1712057227855,617
1712057228472,613
1712057229085,604
1712057229689,589
1712057230278,593
1712057230871,586
1712057231457,580
1712057232037,573
1712057232609,560
1712057233169,554
1712057233724,549
1712057234273,550
1712057234823,561
1712057235384,572
1712057235956,582
1712057236537,585
1712057237123,573
1712057237696,587
1712057238283,588
1712057238871,595
1712057239465,593
1712057240059,583
1712057240641,573
1712057241215,577
1712057241792,573
1712057242365,573
1712057242937,569
1712057243507,555
1712057244062,543
1712057244605,537
1712057245142,530
1712057245672,528
1712057246200,528
1712057246728,532
1712057247260,529
1712057247789,538
1712057248327,553
1712057248880,565
1712057249445,575
1712057250020,572
1712057250592,570
1712057251161,562
1712057251724,563
1712057252287,579
1712057252865,606
1712057253472,604
1712057254076,602
1712057254678,615
1712057255293,602
1712057255895,599
1712057256494,604
1712057257097,639
1712057257737,668
1712057258405,647
1712057259052,743
1712057259795,760
1712057260555,778
1712057261333,790
1712057262123,741
1712057262864,700
1712057263564,693
1712057264257,718
1712057264975,733
1712057265708,738
1712057266446,731
1712057267177,686
1712057267863,657
1712057268520,643
1712057269163,628
1712057269791,622
1712057270413,609
1712057271022,590
1712057271612,582
1712057272193,570
1712057272764,569
1712057273333,579
1712057273912,593
1712057274505,614
1712057275119,629
1712057275748,617
1712057276365,607
1712057276972,594
1712057277566,595
1712057278161,592
1712057278753,591
1712057279344,595
1712057279939,588
1712057280527,571
1712057281097,562
1712057281660,551
1712057282211,541
1712057282752,532
1712057283284,528
1712057283812,522
1712057284334,521
1712057284855,518
1712057285373,515
1712057285888,512
1712057286400,509
1712057286909,509
1712057287417,526
1712057287944,561
1712057288505,573
1712057289078,572
1712057289649,577
1712057290227,585
1712057290812,584
1712057291396,568
1712057291964,567
1712057292531,564
1712057293095,568
1712057293663,577
1712057294240,574
1712057294814,574
1712057295388,558
1712057295945,562
1712057296508,547
1712057297055,525
1712057297580,526
1712057298105,531
1712057298637,550
1712057299187,639
1712057299825,933
1712057300759,892
1712057301651,858
1712057302509,791
1712057303300,758
1712057304057,733
1712057304791,696
1712057305487,652
1712057306139,624
1712057306763,597
1712057307360,572
1712057307932,555
1712057308487,559
1712057309046,571
1712057309617,611
1712057310228,635
1712057310863,617
1712057311480,639
1712057312119,615
1712057312734,614
1712057313348,627
1712057313975,637
1712057314612,674
1712057315286,644
1712057315929,716
1712057316646,648
1712057317294,632
1712057317926,651
1712057318577,628
1712057319205,596
1712057319801,604
1712057320405,644
1712057321049,619
1712057321668,625
1712057322293,630
1712057322923,625
1712057323548,603
1712057324151,592
1712057324743,582
1712057325325,575
1712057325900,570
1712057326470,573
1712057327043,566
1712057327609,563
1712057328172,557
1712057328729,550
1712057329279,540
1712057329819,535
1712057330353,530
1712057330884,524
1712057331408,522
1712057331929,521
1712057332451,519
1712057332969,525
1712057333495,546
1712057334041,660
1712057334701,782
1712057335483,778
1712057336261,767
1712057337028,758
1712057337785,721
1712057338507,666
1712057339173,641
1712057339814,644
1712057340457,663
1712057341121,796
1712057341917,911
1712057342828,915
1712057343743,906
1712057344649,814
1712057345463,812
1712057346275,832
1712057347107,834
1712057347941,823
1712057348764,808
1712057349572,805
1712057350377,799
1712057351176,805
1712057351981,785
1712057352766,757
1712057353523,755
1712057354278,728
1712057355006,686
1712057355692,725
1712057356417,742
1712057357159,781
1712057357940,765
1712057358705,708
1712057359413,692
1712057360105,699
1712057360804,701
1712057361505,691
1712057362196,685
1712057362881,664
1712057363545,630
1712057364175,608
1712057364783,612
1712057365395,650
1712057366045,687
1712057366732,1046
1712057367777,898
1712057368676,765
1712057369441,673
1712057370113,673
1712057370787,702
1712057371489,770
1712057372259,739
1712057372998,693
1712057373691,671
1712057374361,689
1712057375051,735
1712057375785,785
1712057376571,830
1712057377401,810
1712057378211,780
1712057378991,717
1712057379708,736
1712057380444,693
1712057381137,775
1712057381912,871
1712057382783,842
1712057383625,824
1712057384449,780
1712057385229,725
1712057385953,689
1712057386643,734
1712057387377,701
1712057388078,681
1712057388759,655
1712057389414,653
1712057390067,849
1712057390916,872
1712057391788,886
1712057392673,791
1712057393465,739
1712057394204,776
1712057394980,748
1712057395728,759
1712057396487,727
1712057397214,681
1712057397895,666
1712057398561,710
1712057399271,851
1712057400121,828
1712057400950,838
1712057401788,696
1712057402484,706
1712057403190,713
1712057403903,876
1712057404779,923
1712057405702,942
1712057406644,895
1712057407539,834
1712057408373,848
1712057409221,799
1712057410020,806
1712057410825,740
1712057411566,704
1712057412270,738
1712057413008,787
1712057413795,802
1712057414597,728
1712057415325,774
1712057416099,885
1712057416984,890
1712057417873,893
1712057418767,763
1712057419529,734
1712057420264,717
1712057420981,719
1712057421700,744
1712057422444,681
1712057423125,680
1712057423805,725
1712057424529,767
1712057425297,821
1712057426118,702
1712057426820,741
1712057427561,693
1712057428254,807
1712057429061,884
1712057429945,910
1712057430855,925
1712057431780,869
1712057432649,763
1712057433412,765
1712057434177,753
1712057434929,761
1712057435691,723
1712057436414,687
1712057437101,747
1712057437848,876
1712057438724,891
1712057439615,897
1712057440512,797
1712057441309,732
1712057442041,746
1712057442787,815
1712057443601,777
1712057444379,736
1712057445115,710
1712057445825,724
1712057446549,676
1712057447225,640
1712057447865,637
1712057448502,590
1712057449092,571
1712057449663,571
1712057450233,569
1712057450803,576
1712057451379,588
1712057451967,581
1712057452548,572
1712057453120,582
1712057453702,567
1712057454269,566
1712057454835,551
1712057455385,549
1712057455935,540
1712057456475,531
1712057457006,523
1712057457529,521
1712057458049,515
1712057458565,511
1712057459076,511
1712057459587,514
1712057460101,537
1712057460638,582
1712057461220,626
1712057461846,643
1712057462489,675
1712057463164,879
1712057464043,870
1712057464913,876
1712057465789,827
1712057466616,782
1712057467398,753
1712057468151,736
1712057468887,725
1712057469612,649
1712057470261,658
1712057470919,692
1712057471611,667
1712057472278,651
1712057472929,666
1712057473595,648
1712057474243,604
1712057474847,598
1712057475445,589
1712057476033,592
1712057476625,573
1712057477199,566
1712057477765,553
1712057478318,547
1712057478865,589
1712057479454,565
1712057480019,563
1712057480582,575
1712057481157,575
1712057481732,572
1712057482304,601
1712057482905,616
1712057483521,686
1712057484207,694
1712057484901,714
1712057485615,651
1712057486265,634
1712057486900,657
1712057487557,610
1712057488167,634
1712057488801,582
1712057489383,576
1712057489959,561
1712057490520,565
1712057491085,586
1712057491671,605
1712057492276,567
1712057492843,588
1712057493431,583
1712057494014,566
1712057494580,576
1712057495156,590
1712057495745,593
1712057496339,593
1712057496932,569
1712057497501,573
1712057498073,596
1712057498670,578
1712057499248,577
1712057499825,572
1712057500397,606
1712057501003,604
1712057501607,629
1712057502236,594
1712057502830,594
1712057503424,606
1712057504030,600
1712057504630,592
1712057505222,568
1712057505790,571
1712057506361,565
1712057506926,579
1712057507505,571
1712057508076,581
1712057508657,571
1712057509228,564
1712057509792,567
1712057510359,555
1712057510913,540
1712057511454,540
1712057511993,554
1712057512548,570
1712057513118,574
1712057513692,576
1712057514268,569
1712057514837,576
1712057515413,593
1712057516006,618
1712057516624,617
1712057517241,611
1712057517852,593
1712057518445,581
1712057519025,566
1712057519592,570
1712057520161,587
1712057520749,582
1712057521331,576
1712057521907,571
1712057522478,551
1712057523029,552
1712057523581,553
1712057524134,579
1712057524713,575
1712057525288,588
1712057525876,555
1712057526431,563
1712057526993,551
1712057527545,566
1712057528111,595
1712057528705,594
1712057529300,593
1712057529893,580
1712057530473,566
1712057531039,571
1712057531609,576
1712057532185,573
1712057532759,577
1712057533336,563
1712057533899,555
1712057534454,553
1712057535007,536
1712057535543,533
1712057536076,538
1712057536614,566
1712057537180,588
1712057537768,596
1712057538364,587
1712057538951,581
1712057539532,571
1712057540103,567
1712057540670,563
1712057541233,556
1712057541789,547
1712057542336,548
1712057542884,549
1712057543433,551
1712057543984,538
1712057544521,547
1712057545069,540
1712057545609,545
1712057546153,528
1712057546681,528
1712057547209,517
1712057547727,522
1712057548249,522
1712057548771,534
1712057549305,543
1712057549848,569
1712057550417,557
1712057550974,549
1712057551523,551
1712057552073,559
1712057552633,575
1712057553208,566
1712057553774,557
1712057554331,560
1712057554891,569
1712057555460,563
1712057556023,560
1712057556583,556
1712057557139,564
1712057557703,585
1712057558288,584
1712057558872,565
1712057559437,562
1712057559999,560
1712057560559,563
1712057561121,571
1712057561693,574
1712057562267,558
1712057562825,558
1712057563383,560
1712057563943,568
1712057564511,574
1712057565085,569
1712057565654,553
1712057566207,558
1712057566765,562
1712057567327,585
1712057567912,570
1712057568481,563
1712057569045,559
1712057569604,567
1712057570171,575
1712057570745,587
1712057571333,563
1712057571896,563
1712057572459,553
1712057573012,563
1712057573575,584
1712057574159,586
1712057574745,599
1712057575344,567
1712057575911,586
1712057576497,576
1712057577073,569
1712057577641,584
1712057578225,595
1712057578821,579
1712057579400,579
1712057579979,578
1712057580557,571
1712057581128,547
1712057581675,544
1712057582219,537
1712057582756,557
1712057583313,565
1712057583878,572
1712057584449,554
1712057585004,560
1712057585564,570
1712057586134,594
1712057586728,561
1712057587289,559
1712057587848,560
1712057588408,564
1712057588972,559
1712057589531,549
1712057590080,554
1712057590633,556
1712057591190,580
1712057591769,561
1712057592331,571
1712057592902,554
1712057593456,568
1712057594024,577
1712057594601,589
1712057595190,561
1712057595751,569
1712057596320,578
1712057596897,598
1712057597496,588
1712057598084,578
1712057598662,569
1712057599231,584
1712057599815,575
1712057600390,568
1712057600958,555
1712057601513,547
1712057602060,542
1712057602601,539
1712057603141,546
1712057603687,548
1712057604235,539
1712057604774,534
1712057605308,528
1712057605836,525
1712057606361,526
1712057606887,535
1712057607422,527
1712057607949,528
1712057608477,521
1712057608998,519
1712057609517,501
1712057610017,512
1712057610529,519
1712057611049,541
1712057611590,539
1712057612129,535
1712057612664,541
1712057613205,565
1712057613769,566
1712057614336,576
1712057614912,567
1712057615479,570
1712057616049,586
1712057616635,595
1712057617230,575
1712057617805,575
1712057618380,576
1712057618956,582
1712057619537,572
1712057620110,568
1712057620678,564
1712057621241,581
1712057621823,590
1712057622413,606
1712057623019,579
1712057623598,582
1712057624180,589
1712057624769,608
1712057625377,608
1712057625985,604
1712057626589,577
1712057627166,563
1712057627729,561
1712057628289,569
1712057628859,586
1712057629445,580
1712057630025,579
1712057630604,566
1712057631169,596
1712057631766,783
1712057632549,711
1712057633260,660
1712057633920,688
1712057634608,709
1712057635317,659
1712057635976,632
1712057636608,638
1712057637246,634
1712057637880,636
1712057638516,639
1712057639155,634
1712057639789,599
1712057640388,584
1712057640972,587
1712057641559,582
1712057642141,596
1712057642737,606
1712057643343,620
1712057643963,598
1712057644561,583
1712057645144,578
1712057645721,595
1712057646317,653
1712057646969,1004
1712057647974,902
1712057648876,881
1712057649757,886
1712057650643,807
1712057651449,715
1712057652165,636
1712057652801,606
1712057653407,574
1712057653981,563
1712057654544,605
1712057655149,888
1712057656037,912
1712057656949,864
1712057657813,771
1712057658584,819
1712057659403,1012
1712057660415,1026
1712057661441,967
1712057662408,898
1712057663305,947
1712057664253,954
1712057665207,958
1712057666165,867
1712057667032,879
1712057667911,1054
1712057668965,1023
1712057669988,820
1712057670808,727
1712057671535,952
1712057672487,993
1712057673480,888
1712057674368,813
1712057675181,851
1712057676032,895
1712057676927,792
1712057677719,719
1712057678438,868
1712057679305,860
1712057680166,865
1712057681031,730
1712057681761,839
1712057682600,823
1712057683423,817
1712057684240,722
1712057684961,853
1712057685815,824
1712057686639,837
1712057687476,745
1712057688221,881
1712057689102,896
1712057689998,821
1712057690819,740
1712057691559,784
1712057692343,757
1712057693100,722
1712057693822,804
1712057694625,814
1712057695440,790
1712057696230,719
1712057696949,811
1712057697760,769
1712057698529,726
1712057699255,673
1712057699928,737
1712057700665,840
1712057701505,754
1712057702259,758
1712057703017,830
1712057703847,777
1712057704624,708
1712057705332,800
1712057706132,840
1712057706972,813
1712057707785,716
1712057708501,803
1712057709304,805
1712057710109,817
1712057710926,691
1712057711617,739
1712057712356,888
1712057713244,861
1712057714105,765
1712057714870,734
1712057715604,741
1712057716345,755
1712057717100,915
1712057718015,965
1712057718980,905
1712057719885,838
1712057720723,855
1712057721577,827
1712057722405,722
1712057723127,725
1712057723852,783
1712057724635,803
1712057725438,747
1712057726185,956
1712057727141,944
1712057728085,836
1712057728921,851
1712057729772,847
1712057730619,742
1712057731361,735
1712057732096,977
1712057733073,945
1712057734017,853
1712057734871,914
1712057735785,940
1712057736725,843
1712057737568,783
1712057738351,822
1712057739173,806
1712057739979,800
1712057740779,911
1712057741689,955
1712057742645,953
1712057743598,803
1712057744401,767
1712057745168,721
1712057745889,660
1712057746549,652
1712057747201,628
1712057747829,606
1712057748435,597
1712057749032,604
1712057749636,613
1712057750249,591
1712057750840,582
1712057751422,579
1712057752001,566
1712057752567,555
1712057753121,552
1712057753673,533
1712057754207,523
1712057754729,515
1712057755245,504
1712057755749,496
1712057756245,495
1712057756740,488
1712057757228,496
1712057757724,508
1712057758232,514
1712057758745,524
1712057759270,540
1712057759809,563
1712057760373,606
1712057760979,825
1712057761804,655
1712057762459,734
1712057763193,703
1712057763896,677
1712057764573,668
1712057765241,610
1712057765851,600
1712057766451,616
1712057767067,646
1712057767713,613
1712057768326,623
1712057768949,622
1712057769571,616
1712057770187,593
1712057770780,597
1712057771377,598
1712057771975,587
1712057772561,573
1712057773135,574
1712057773709,581
1712057774289,574
1712057774864,566
1712057775430,565
1712057775995,564
1712057776559,566
1712057777125,555
1712057777680,545
1712057778225,540
1712057778765,536
1712057779301,534
1712057779835,527
1712057780361,519
1712057780881,512
1712057781393,510
1712057781903,507
1712057782409,497
1712057782907,497
1712057783404,488
1712057783892,479
1712057784371,478
1712057784849,474
1712057785323,472
1712057785795,473
1712057786268,469
1712057786737,476
1712057787213,479
1712057787692,471
1712057788163,466
1712057788629,467
1712057789096,466
1712057789561,465
1712057790027,462
1712057790489,458
1712057790947,455
1712057791401,456
1712057791857,455
1712057792313,453
1712057792766,460
1712057793225,463
1712057793689,464
1712057794153,456
1712057794609,458
1712057795067,455
1712057795521,452
1712057795974,457
1712057796431,453
1712057796884,456
1712057797340,450
1712057797790,447
1712057798237,451
1712057798688,454
1712057799142,455
1712057799597,456
1712057800053,446
1712057800499,446
1712057800945,451
1712057801396,453
1712057801849,455
1712057802304,448
1712057802752,449
1712057803201,452
1712057803653,450
1712057804103,455
1712057804558,451
1712057805009,452
1712057805461,453
1712057805913,452
1712057806366,451
1712057806817,448
1712057807265,447
1712057807712,449
1712057808161,448
1712057808609,446
1712057809055,446
1712057809501,438
1712057809939,438
1712057810377,437
1712057810814,437
1712057811251,443
1712057811694,438
1712057812132,442
1712057812574,436
1712057813009,431
1712057813441,434
1712057813875,434
1712057814309,436
1712057814745,429
1712057815174,425
1712057815599,429
1712057816028,420
1712057816448,423
1712057816871,421
1712057817292,421
1712057817713,417
1712057818129,416
1712057818545,412
1712057818958,414
1712057819372,413
1712057819785,409
1712057820193,403
1712057820597,402
1712057820999,412
1712057821411,409
1712057821820,410
1712057822230,408
1712057822638,401
1712057823039,409
1712057823448,408
1712057823856,408
1712057824264,403
1712057824667,406
1712057825073,407
1712057825480,408
1712057825888,408
1712057826296,402
1712057826697,402
1712057827100,403
1712057827503,406
1712057827909,404
1712057828313,402
1712057828715,402
1712057829117,403
1712057829520,404
1712057829924,398
1712057830321,399
1712057830721,394
1712057831115,399
1712057831513,396
1712057831910,399
1712057832309,393
1712057832702,396
1712057833097,397
1712057833495,399
1712057833894,401
1712057834295,396
1712057834691,398
1712057835089,398
1712057835487,403
1712057835889,404
1712057836294,399
1712057836693,399
1712057837092,406
1712057837497,406
1712057837904,402
1712057838305,404
1712057838710,399
1712057839109,404
1712057839513,400
1712057839913,404
1712057840317,396
1712057840713,399
1712057841112,402
1712057841513,401
1712057841915,401
1712057842316,396
1712057842712,401
1712057843113,401
1712057843513,400
1712057843913,394
1712057844308,396
1712057844704,398
1712057845102,404
1712057845505,399
1712057845905,395
1712057846300,402
1712057846702,400
1712057847102,402
1712057847504,396
1712057847900,397
1712057848297,390
1712057848687,397
1712057849084,396
1712057849480,399
1712057849879,393
1712057850272,392
1712057850664,395
1712057851059,395
1712057851454,398
1712057851852,396
1712057852248,391
1712057852639,392
1712057853031,398
1712057853429,398
1712057853827,400
1712057854227,397
1712057854624,396
1712057855020,401
1712057855421,398
1712057855819,402
1712057856221,395
1712057856616,398
1712057857014,396
1712057857409,402
1712057857812,398
1712057858209,398
1712057858608,392
1712057859000,395
1712057859395,396
1712057859791,400
1712057860191,397
1712057860588,394
1712057860982,396
1712057861377,396
1712057861774,399
1712057862173,396
1712057862569,396
1712057862965,391
1712057863356,392
1712057863748,395
1712057864143,396
1712057864539,395
1712057864934,395
1712057865329,394
1712057865723,395
1712057866118,398
1712057866516,395
1712057866911,396
1712057867307,393
1712057867700,395
1712057868095,394
1712057868489,398
1712057868887,390
1712057869277,397
1712057869673,392
1712057870065,387
1712057870453,384
1712057870837,388
1712057871225,389
1712057871614,394
1712057872008,390
1712057872398,388
1712057872785,389
1712057873175,392
1712057873567,394
1712057873961,393
1712057874353,391
1712057874745,389
1712057875134,394
1712057875528,395
1712057875923,392
1712057876315,391
1712057876705,395
1712057877101,396
1712057877497,395
1712057877892,394
1712057878286,389
1712057878675,396
1712057879071,393
1712057879464,394
1712057879857,385
1712057880243,385
1712057880628,387
1712057881015,393
1712057881408,388
1712057881796,386
1712057882182,388
1712057882569,388
1712057882958,389
1712057883347,384
1712057883731,386
1712057884117,384
1712057884501,391
1712057884892,385
1712057885277,382
1712057885659,382
1712057886041,387
1712057886428,388
1712057886816,388
1712057887204,387
1712057887591,387
1712057887977,392
1712057888369,388
1712057888758,388
1712057889145,384
1712057889529,391
1712057889921,389
1712057890310,385
1712057890695,379
1712057891073,385
1712057891459,386
1712057891845,391
1712057892236,387
1712057892623,388
1712057893011,391
1712057893401,390
1712057893792,391
1712057894183,387
1712057894569,391
1712057894961,391
1712057895352,392
1712057895744,385
1712057896129,386
1712057896515,389
1712057896904,394
1712057897297,387
1712057897685,391
1712057898076,394
1712057898470,393
1712057898863,396
1712057899259,392
1712057899651,393
1712057900044,392
1712057900436,393
1712057900829,391
1712057901220,396
1712057901616,397
1712057902013,397
1712057902409,400
1712057902809,405
1712057903215,411
1712057903625,417
1712057904043,411
1712057904454,416
1712057904870,420
1712057905289,420
1712057905710,419
1712057906129,421
1712057906550,420
1712057906969,419
1712057907389,425
1712057907814,422
1712057908236,424
1712057908660,424
1712057909084,429
1712057909513,430
1712057909943,428
1712057910371,429
1712057910800,426
1712057911225,426
1712057911652,427
1712057912079,432
1712057912511,422
1712057912933,422
1712057913355,423
1712057913777,426
1712057914204,426
1712057914630,428
1712057915057,425
1712057915483,427
1712057915910,426
1712057916336,425
1712057916761,426
1712057917187,423
1712057917609,422
1712057918032,418
1712057918449,412
1712057918862,409
1712057919271,409
1712057919680,414
1712057920094,414
1712057920508,421
1712057920929,423
1712057921352,427
1712057921779,427
1712057922206,436
1712057922641,450
1712057923092,460
1712057923552,468
1712057924020,474
1712057924494,472
1712057924966,467
1712057925433,469
1712057925902,474
1712057926376,479
1712057926855,479
1712057927334,473
1712057927807,471
1712057928278,476
1712057928753,481
1712057929235,480
1712057929715,473
1712057930188,473
1712057930661,476
1712057931137,481
1712057931617,490
1712057932108,489
1712057932597,485
1712057933081,483
1712057933565,489
1712057934054,495
1712057934549,500
1712057935049,489
1712057935537,484
1712057936022,485
1712057936507,489
1712057936996,496
1712057937492,499
1712057937991,491
1712057938481,492
1712057938974,497
1712057939471,506
1712057939977,505
1712057940481,496
1712057940977,496
1712057941473,502
1712057941976,509
1712057942485,514
1712057942999,505
1712057943504,501
1712057944005,506
1712057944511,512
1712057945023,519
1712057945542,513
1712057946055,506
1712057946561,505
1712057947065,513
1712057947579,521
1712057948100,516
1712057948616,509
1712057949125,512
1712057949637,521
1712057950158,525
1712057950683,511
1712057951193,510
1712057951704,518
1712057952222,523
1712057952745,517
1712057953262,506
1712057953768,508
1712057954276,514
1712057954790,522
1712057955312,521
1712057955833,516
1712057956349,526
1712057956875,534
1712057957409,537
1712057957945,515
1712057958461,510
1712057958971,512
1712057959483,515
1712057959998,500
1712057960497,497
1712057960995,491
1712057961486,481
1712057961967,481
1712057962448,474
1712057962921,467
1712057963389,465
1712057963854,470
1712057964324,476
1712057964800,475
1712057965275,473
1712057965748,466
1712057966214,481
1712057966695,483
1712057967177,479
1712057967657,474
1712057968131,465
1712057968596,468
1712057969064,471
1712057969535,484
1712057970019,484
1712057970503,483
1712057970985,499
1712057971485,535
1712057972020,591
1712057972611,693
1712057973304,704
1712057974008,535
1712057974543,520
1712057975063,512
1712057975575,537
1712057976112,560
1712057976672,564
1712057977236,547
1712057977783,535
1712057978318,546
1712057978864,560
1712057979424,573
1712057979997,578
1712057980575,562
1712057981137,547
1712057981684,551
1712057982235,574
1712057982809,600
1712057983409,583
1712057983992,568
1712057984560,582
1712057985142,615
1712057985757,618
1712057986375,578
1712057986953,580
1712057987533,614
1712057988147,635
1712057988782,600
1712057989382,599
1712057989981,626
1712057990607,649
1712057991256,604
1712057991860,603
1712057992463,632
1712057993095,628
1712057993723,585
1712057994308,598
1712057994905,625
1712057995531,624
1712057996155,582
1712057996737,579
1712057997316,601
1712057997917,580
1712057998497,565
1712057999062,542
1712057999604,533
1712058000137,539
1712058000676,571
1712058001247,572
1712058001819,568
1712058002387,592
1712058002979,618
1712058003597,607
1712058004204,576
1712058004780,605
1712058005385,613
1712058005998,610
1712058006608,576
1712058007184,604
1712058007788,622
1712058008409,635
1712058009045,592
1712058009637,618
1712058010255,625
1712058010880,644
1712058011524,603
1712058012127,625
1712058012752,637
1712058013389,649
1712058014038,602
1712058014640,625
1712058015265,624
1712058015889,620
1712058016509,587
1712058017096,614
1712058017710,619
1712058018329,630
1712058018959,591
1712058019550,624
1712058020174,632
1712058020806,646
1712058021452,622
1712058022073,626
1712058022700,638
1712058023337,601
1712058023939,611
1712058024550,614
1712058025164,615
1712058025779,578
1712058026357,593
1712058026950,599
1712058027549,602
1712058028151,584
1712058028735,594
1712058029329,596
1712058029925,613
1712058030537,610
1712058031148,634
1712058031782,596
1712058032377,560
1712058032937,552
1712058033489,560
1712058034049,546
1712058034596,540
1712058035136,525
1712058035661,507
1712058036168,508
1712058036676,498
1712058037174,500
1712058037673,508
1712058038182,506
1712058038688,506
1712058039193,508
1712058039702,509
1712058040211,511
1712058040721,509
1712058041231,506
1712058041737,502
1712058042239,500
1712058042739,495
1712058043233,492
1712058043726,489
1712058044215,478
1712058044693,472
1712058045165,477
1712058045641,479
1712058046121,496
1712058046617,497
1712058047113,516
1712058047630,511
1712058048141,540
1712058048681,522
1712058049203,514
1712058049717,508
1712058050225,514
1712058050739,526
1712058051265,543
1712058051808,527
1712058052335,516
1712058052851,523
1712058053374,524
1712058053897,521
1712058054419,520
1712058054939,520
1712058055459,511
1712058055969,507
1712058056477,452
1712058056929,571
1712058057500,514
1712058058014,491
1712058058505,485
1712058058990,487
1712058059477,484
1712058059961,483
1712058060444,477
1712058060921,471
1712058061392,473
1712058061865,469
1712058062334,466
1712058062800,462
1712058063262,459
1712058063721,451
1712058064172,438
1712058064609,447
1712058065057,443
1712058065500,437
1712058065937,433
1712058066369,437
1712058066807,439
1712058067246,428
1712058067673,430
1712058068104,430
1712058068534,427
1712058068961,429
1712058069390,418
1712058069808,426
1712058070233,428
1712058070662,420
1712058071081,422
1712058071504,416
1712058071920,424
1712058072344,424
1712058072768,416
1712058073184,415
1712058073599,412
1712058074011,420
1712058074431,415
1712058074846,413
1712058075259,409
1712058075668,412
1712058076080,410
1712058076489,413
1712058076903,406
1712058077309,408
1712058077717,407
1712058078124,407
1712058078531,405
1712058078936,406
1712058079342,403
1712058079745,404
1712058080149,401
1712058080550,401
1712058080951,399
1712058081350,403
1712058081753,397
1712058082150,396
1712058082545,390
1712058082936,392
1712058083328,389
1712058083717,388
1712058084105,392
1712058084497,389
1712058084886,382
1712058085268,377
1712058085645,382
1712058086027,384
1712058086411,382
1712058086793,379
1712058087172,377
1712058087549,382
1712058087931,377
1712058088308,380
1712058088688,371
1712058089059,373
1712058089432,370
1712058089801,375
1712058090177,372
1712058090549,372
1712058090921,368
1712058091289,374
1712058091663,372
1712058092035,373
1712058092408,369
1712058092777,373
1712058093150,374
1712058093524,371
1712058093895,372
1712058094267,367
1712058094633,366
1712058095000,367
1712058095367,368
1712058095735,369
1712058096104,370
1712058096473,368
1712058096841,368
1712058097209,369
1712058097579,369
1712058097948,370
1712058098318,364
1712058098681,365
1712058099047,360
1712058099407,368
1712058099775,363
1712058100137,368
1712058100505,359
1712058100865,360
1712058101225,356
1712058101581,362
1712058101943,359
1712058102302,360
1712058102662,355
1712058103017,362
1712058103379,355
1712058103734,359
1712058104093,356
1712058104449,362
1712058104811,359
1712058105169,356
1712058105526,354
1712058105880,356
1712058106236,359
1712058106595,355
1712058106950,356
1712058107305,354
1712058107660,354
1712058108014,357
1712058108371,356
1712058108727,353
1712058109080,353
1712058109433,354
1712058109787,356
1712058110143,351
1712058110494,352
1712058110846,354
1712058111200,354
1712058111553,350
1712058111904,351
1712058112255,352
1712058112607,353
1712058112960,349
1712058113309,350
1712058113659,347
1712058114006,354
1712058114360,352
1712058114712,351
1712058115063,346
1712058115409,348
1712058115757,346
1712058116103,351
1712058116454,348
1712058116801,347
1712058117149,344
1712058117493,346
1712058117839,343
1712058118182,348
1712058118529,346
1712058118876,349
1712058119225,345
1712058119569,344
1712058119913,341
1712058120255,347
1712058120601,343
1712058120945,346
1712058121291,343
1712058121633,343
1712058121977,342
1712058122319,342
1712058122661,342
1712058123003,345
1712058123348,342
1712058123689,343
1712058124033,340
1712058124373,341
1712058124713,342
1712058125056,343
1712058125399,341
1712058125740,339
1712058126079,338
1712058126417,341
1712058126758,343
1712058127101,340
1712058127441,337
1712058127777,339
1712058128117,338
1712058128455,341
1712058128796,341
1712058129137,336
1712058129473,337
1712058129809,338
1712058130148,342
1712058130489,336
1712058130825,339
1712058131165,333
1712058131497,336
1712058131833,335
1712058132169,340
1712058132509,339
1712058132848,340
1712058133188,336
1712058133524,338
1712058133862,332
1712058134193,337
1712058134531,335
1712058134865,341
1712058135207,334
1712058135541,337
1712058135878,331
1712058136209,340
1712058136549,336
1712058136885,337
1712058137222,332
1712058137553,338
1712058137892,334
1712058138225,337
1712058138563,333
1712058138896,334
1712058139230,332
1712058139561,338
1712058139900,335
1712058140235,335
1712058140569,333
1712058140903,333
1712058141236,332
1712058141568,335
1712058141903,337
1712058142240,334
1712058142574,334
1712058142908,332
1712058143240,331
1712058143571,332
1712058143903,334
1712058144237,334
1712058144571,331
1712058144902,327
1712058145229,331
1712058145560,335
1712058145895,334
1712058146229,331
1712058146560,330
1712058146889,331
1712058147221,334
1712058147555,333
1712058147888,332
1712058148220,327
1712058148547,332
1712058148879,331
1712058149209,333
1712058149543,329
1712058149872,328
1712058150200,327
1712058150527,330
1712058150857,330
1712058151187,329
1712058151516,325
1712058151841,326
1712058152167,325
1712058152492,328
1712058152820,329
1712058153149,326
1712058153475,325
1712058153800,322
1712058154121,325
1712058154447,326
1712058154773,329
1712058155102,325
1712058155427,328
1712058155755,325
1712058156080,326
1712058156406,323
1712058156729,327
1712058157056,327
1712058157383,323
1712058157705,323
1712058158029,325
1712058158353,326
1712058158680,328
1712058159008,327
1712058159335,321
1712058159656,323
1712058159979,322
1712058160301,327
1712058160628,321
1712058160949,324
1712058161273,316
1712058161589,322
1712058161911,323
1712058162233,327
1712058162561,320
1712058162881,324
1712058163205,321
1712058163526,327
1712058163853,322
1712058164175,321
1712058164496,320
1712058164816,324
1712058165140,324
1712058165464,323
1712058165787,319
1712058166105,320
1712058166425,320
1712058166745,321
1712058167067,320
1712058167387,319
1712058167705,316
1712058168022,320
1712058168342,322
1712058168664,319
1712058168983,320
1712058169303,319
1712058169622,321
1712058169943,322
1712058170265,319
1712058170584,318
1712058170902,320
1712058171222,320
1712058171542,320
1712058171862,319
1712058172181,315
1712058172496,318
1712058172814,317
1712058173131,320
1712058173451,317
1712058173768,314
1712058174081,314
1712058174396,321
1712058174717,317
1712058175033,320
1712058175353,315
1712058175669,319
1712058175988,317
1712058176305,320
1712058176625,315
1712058176940,315
1712058177255,315
1712058177569,320
1712058177889,317
1712058178207,315
1712058178521,313
1712058178835,312
1712058179147,320
1712058179467,315
1712058179782,316
1712058180097,313
1712058180411,317
1712058180728,318
1712058181046,317
1712058181363,313
1712058181676,316
1712058181992,318
1712058182310,313
1712058182623,314
1712058182937,310
1712058183247,314
1712058183561,317
1712058183878,315
1712058184193,312
1712058184505,317
1712058184822,314
1712058185136,316
1712058185452,312
1712058185764,316
1712058186080,317
1712058186397,315
1712058186712,312
1712058187024,313
1712058187337,314
1712058187651,313
1712058187964,312
1712058188276,311
1712058188587,315
1712058188902,313
1712058189215,313
1712058189528,312
1712058189840,313
1712058190153,319
1712058190472,312
1712058190784,312
1712058191096,309
1712058191405,312
1712058191717,313
1712058192030,313
1712058192343,310
1712058192653,311
1712058192964,312
1712058193276,315
1712058193591,313
1712058193904,311
1712058194215,313
1712058194528,317
1712058194845,311
1712058195156,310
1712058195465,310
1712058195776,313
1712058196089,314
1712058196403,308
1712058196711,312
1712058197023,313
1712058197336,313
1712058197649,310
1712058197959,310
1712058198269,313
1712058198582,312
1712058198894,314
1712058199208,305
1712058199513,312
1712058199825,313
1712058200137,314
1712058200452,311
1712058200763,309
1712058201072,315
1712058201387,316
1712058201703,313
1712058202016,309
1712058202325,313
1712058202638,314
1712058202952,313
1712058203265,312
1712058203577,309
1712058203886,318
1712058204204,316
1712058204520,313
1712058204833,313
1712058205145,317
1712058205463,319
1712058205782,320
1712058206102,316
1712058206417,316
1712058206734,319
1712058207053,322
1712058207375,321
1712058207696,323
1712058208019,322
1712058208341,322
1712058208663,322
1712058208985,328
1712058209313,327
1712058209640,326
1712058209966,321
1712058210287,327
1712058210614,328
1712058210942,334
1712058211276,331
1712058211607,332
1712058211939,328
1712058212267,327
1712058212593,329
1712058212923,328
1712058213251,327
1712058213577,328
1712058213905,329
1712058214235,330
1712058214565,326
1712058214891,323
1712058215214,328
1712058215542,330
