phoneTimestamp,duration
1711469730278,849
1711469731127,866
1711469731993,847
1711469732840,346
1711469733185,270
1711469733456,1112
1711469734568,838
1711469735406,877
1711469736283,855
1711469737137,819
1711469737957,848
1711469738805,814
1711469739619,800
1711469740419,820
1711469741239,804
1711469742043,760
1711469742803,799
1711469743601,715
1711469744317,714
1711469745031,720
1711469745751,718
1711469746469,668
1711469747137,698
1711469747835,719
1711469748553,1473
1711469750027,765
1711469750792,760
1711469751552,717
1711469752269,767
1711469753036,761
1711469753797,718
1711469754515,738
1711469755253,695
1711469755948,726
1711469756673,741
1711469757415,782
1711469758197,805
1711469759001,819
1711469759821,732
1711469760553,786
1711469761339,825
1711469762164,845
1711469763009,1589
1711469764598,829
1711469765427,779
1711469766206,724
1711469766929,641
1711469767571,711
1711469768281,753
1711469769035,811
1711469769846,831
1711469770677,834
1711469771511,800
1711469772311,793
1711469773104,701
1711469773805,716
1711469774521,725
1711469775246,759
1711469776005,704
1711469776709,763
1711469777472,815
1711469778287,845
1711469779132,736
1711469779868,720
1711469780588,795
1711469781383,844
1711469782227,886
1711469783113,882
1711469783995,872
1711469784867,790
1711469785657,834
1711469786491,857
1711469787348,871
1711469788219,845
1711469789064,872
1711469789936,909
1711469790845,911
1711469791756,843
1711469792599,894
1711469793493,902
1711469794395,886
1711469795281,834
1711469796115,878
1711469796993,870
1711469797863,802
1711469798665,813
1711469799478,804
1711469800281,704
1711469800985,675
1711469801661,720
1711469802381,744
1711469803125,675
1711469803800,740
1711469804540,777
1711469805317,797
1711469806113,764
1711469806878,770
1711469807648,766
1711469808414,743
1711469809157,695
1711469809852,684
1711469810536,677
1711469811213,672
1711469811885,661
1711469812545,631
1711469813177,623
1711469813800,604
1711469814404,597
1711469815001,607
1711469815608,596
1711469816204,611
1711469816815,640
1711469817455,661
1711469818116,672
1711469818788,652
1711469819440,683
1711469820123,705
1711469820828,688
1711469821516,713
1711469822229,731
1711469822960,766
1711469823726,769
1711469824495,710
1711469825205,720
1711469825925,752
1711469826677,774
1711469827451,777
1711469828228,741
1711469828969,667
1711469829636,710
1711469830345,766
1711469831112,825
1711469831937,831
1711469832768,799
1711469833567,705
1711469834272,711
1711469834983,733
1711469835716,797
1711469836513,800
1711469837313,710
1711469838023,690
1711469838713,730
1711469839443,782
1711469840225,830
1711469841055,841
1711469841896,836
1711469842732,748
1711469843480,757
1711469844237,786
1711469845023,802
1711469845825,817
1711469846641,812
1711469847454,805
1711469848259,775
1711469849033,701
1711469849735,728
1711469850463,777
1711469851240,817
1711469852057,848
1711469852905,836
1711469853741,752
1711469854493,760
1711469855253,783
1711469856036,814
1711469856849,829
1711469857679,809
1711469858488,807
1711469859295,738
1711469860033,741
1711469860774,757
1711469861531,773
1711469862304,790
1711469863094,742
1711469863836,711
1711469864547,723
1711469865270,755
1711469866025,795
1711469866820,806
1711469867625,793
1711469868419,729
1711469869148,733
1711469869881,751
1711469870632,772
1711469871404,784
1711469872188,743
1711469872931,720
1711469873651,731
1711469874382,767
1711469875149,808
1711469875957,805
1711469876761,801
1711469877563,720
1711469878283,691
1711469878974,701
1711469879675,735
1711469880409,764
1711469881174,764
1711469881937,737
1711469882675,703
1711469883377,721
1711469884099,751
1711469884849,766
1711469885616,785
1711469886401,742
1711469887143,711
1711469887854,731
1711469888585,761
1711469889345,777
1711469890123,769
1711469890892,723
1711469891615,729
1711469892344,746
1711469893089,762
1711469893852,782
1711469894633,754
1711469895388,729
1711469896117,740
1711469896857,758
1711469897615,779
1711469898393,784
1711469899177,760
1711469899937,708
1711469900646,676
1711469901321,697
1711469902019,716
1711469902735,735
1711469903470,731
1711469904201,712
1711469904913,675
1711469905588,671
1711469906259,668
1711469906927,677
1711469907604,683
1711469908287,688
1711469908975,679
1711469909654,654
1711469910308,640
1711469910948,662
1711469911609,691
1711469912301,732
1711469913033,757
1711469913790,741
1711469914531,712
1711469915243,718
1711469915961,721
1711469916681,742
1711469917424,745
1711469918169,722
1711469918891,692
1711469919583,695
1711469920278,708
1711469920985,707
1711469921693,720
1711469922413,705
1711469923118,700
1711469923817,704
1711469924521,716
1711469925238,702
1711469925940,705
1711469926645,723
1711469927368,756
1711469928124,789
1711469928913,824
1711469929737,823
1711469930560,797
1711469931357,768
1711469932125,729
1711469932854,741
1711469933595,738
1711469934333,754
1711469935087,763
1711469935849,760
1711469936609,752
1711469937361,716
1711469938078,692
1711469938769,691
1711469939461,711
1711469940172,764
1711469940936,793
1711469941729,806
1711469942535,794
1711469943329,781
1711469944110,771
1711469944881,720
1711469945601,703
1711469946304,711
1711469947015,729
1711469947744,751
1711469948495,765
1711469949260,756
1711469950016,761
1711469950777,746
1711469951523,745
1711469952268,721
1711469952989,703
1711469953692,695
1711469954387,718
1711469955105,758
1711469955863,785
1711469956648,774
1711469957422,745
1711469958167,702
1711469958869,687
1711469959556,693
1711469960249,723
1711469960972,711
1711469961683,724
1711469962407,718
1711469963125,705
1711469963830,693
1711469964523,683
1711469965206,673
1711469965879,686
1711469966565,726
1711469967291,755
1711469968046,782
1711469968828,773
1711469969601,771
1711469970372,750
1711469971121,756
1711469971878,726
1711469972604,704
1711469973308,684
1711469973992,673
1711469974665,690
1711469975355,716
1711469976071,750
1711469976821,750
1711469977571,735
1711469978305,705
1711469979011,669
1711469979680,659
1711469980339,650
1711469980989,660
1711469981649,691
1711469982340,732
1711469983072,759
1711469983831,738
1711469984569,730
1711469985299,680
1711469985979,659
1711469986638,641
1711469987279,646
1711469987925,652
1711469988577,665
1711469989241,683
1711469989925,704
1711469990629,719
1711469991348,729
1711469992077,727
1711469992804,726
1711469993529,704
1711469994233,699
1711469994933,674
1711469995607,656
1711469996263,648
1711469996911,668
1711469997579,693
1711469998272,702
1711469998974,711
1711469999685,711
1711470000396,708
1711470001104,701
1711470001805,692
1711470002497,679
1711470003176,667
1711470003843,675
1711470004518,663
1711470005181,642
1711470005823,605
1711470006428,601
1711470007029,602
1711470007631,620
1711470008251,652
1711470008903,690
1711470009593,707
1711470010300,698
1711470010998,676
1711470011673,649
1711470012323,633
1711470012956,630
1711470013585,641
1711470014227,655
1711470014881,661
1711470015543,681
1711470016224,689
1711470016913,678
1711470017591,679
1711470018270,652
1711470018921,643
1711470019565,636
1711470020201,651
1711470020852,686
1711470021537,719
1711470022257,726
1711470022983,751
1711470023734,721
1711470024455,673
1711470025128,655
1711470025783,655
1711470026438,668
1711470027105,688
1711470027793,716
1711470028510,729
1711470029239,717
1711470029956,1427
1711470031383,681
1711470032064,650
1711470032713,640
1711470033353,640
1711470033993,649
1711470034643,682
1711470035325,701
1711470036025,727
1711470036753,729
1711470037481,706
1711470038188,677
1711470038865,658
1711470039523,648
1711470040171,660
1711470040831,685
1711470041516,710
1711470042225,724
1711470042950,722
1711470043672,712
1711470044384,694
1711470045078,666
1711470045744,665
1711470046409,674
1711470047083,693
1711470047776,719
1711470048495,755
1711470049249,769
1711470050019,764
1711470050783,771
1711470051553,776
1711470052329,769
1711470053099,766
1711470053865,745
1711470054609,730
1711470055340,719
1711470056059,716
1711470056775,699
1711470057473,701
1711470058175,689
1711470058864,690
1711470059553,695
1711470060249,690
1711470060939,701
1711470061640,691
1711470062331,689
1711470063020,690
1711470063710,675
1711470064385,659
1711470065044,668
1711470065712,668
1711470066380,678
1711470067057,688
1711470067745,667
1711470068413,681
1711470069094,668
1711470069761,628
1711470070390,596
1711470070985,593
1711470071579,595
1711470072174,604
1711470072777,628
1711470073406,628
1711470074033,632
1711470074665,635
1711470075301,614
1711470075915,601
1711470076516,594
1711470077110,591
1711470077701,588
1711470078289,599
1711470078888,607
1711470079495,626
1711470080121,633
1711470080753,634
1711470081388,645
1711470082033,643
1711470082676,639
1711470083315,645
1711470083960,648
1711470084608,671
1711470085279,701
1711470085980,720
1711470086700,712
1711470087412,681
1711470088093,664
1711470088757,646
1711470089403,647
1711470090049,672
1711470090721,720
1711470091441,756
1711470092198,750
1711470092948,742
1711470093689,714
1711470094404,643
1711470095047,625
1711470095672,615
1711470096287,622
1711470096909,645
1711470097553,663
1711470098217,679
1711470098896,727
1711470099623,742
1711470100365,752
1711470101117,698
1711470101815,653
1711470102468,657
1711470103125,646
1711470103771,671
1711470104441,694
1711470105136,722
1711470105857,744
1711470106601,756
1711470107358,741
1711470108099,729
1711470108828,738
1711470109566,737
1711470110303,740
1711470111043,726
1711470111769,689
1711470112457,664
1711470113121,653
1711470113775,654
1711470114429,704
1711470115133,757
1711470115889,796
1711470116686,822
1711470117508,812
1711470118320,759
1711470119079,688
1711470119767,662
1711470120429,673
1711470121102,684
1711470121785,708
1711470122494,729
1711470123223,742
1711470123965,752
1711470124717,737
1711470125454,679
1711470126133,659
1711470126792,671
1711470127463,691
1711470128153,734
1711470128888,779
1711470129667,785
1711470130452,773
1711470131225,783
1711470132008,757
1711470132765,733
1711470133497,737
1711470134235,701
1711470134936,683
1711470135619,675
1711470136294,692
1711470136985,741
1711470137727,789
1711470138516,805
1711470139321,819
1711470140140,792
1711470140932,751
1711470141683,691
1711470142374,679
1711470143053,691
1711470143744,724
1711470144468,779
1711470145247,802
1711470146049,815
1711470146864,786
1711470147649,718
1711470148368,688
1711470149056,706
1711470149761,744
1711470150505,772
1711470151278,772
1711470152049,782
1711470152832,771
1711470153603,721
1711470154324,688
1711470155012,690
1711470155702,713
1711470156415,741
1711470157156,768
1711470157924,779
1711470158703,784
1711470159487,776
1711470160263,744
1711470161007,729
1711470161736,755
1711470162491,782
1711470163273,807
1711470164080,815
1711470164895,813
1711470165708,793
1711470166501,745
1711470167246,702
1711470167948,688
1711470168636,726
1711470169361,758
1711470170120,795
1711470170915,795
1711470171710,791
1711470172501,772
1711470173273,744
1711470174017,700
1711470174717,682
1711470175399,661
1711470176060,669
1711470176729,711
1711470177440,754
1711470178193,772
1711470178966,761
1711470179727,746
1711470180473,702
1711470181175,661
1711470181836,655
1711470182491,649
1711470183140,674
1711470183814,702
1711470184516,738
1711470185254,756
1711470186009,741
1711470186751,716
1711470187467,707
1711470188174,702
1711470188876,673
1711470189549,651
1711470190200,634
1711470190833,642
1711470191476,671
1711470192147,692
1711470192839,729
1711470193568,729
1711470194297,730
1711470195027,695
1711470195721,662
1711470196384,648
1711470197032,639
1711470197671,655
1711470198326,689
1711470199015,731
1711470199745,756
1711470200502,732
1711470201233,683
1711470201917,646
1711470202563,613
1711470203176,613
1711470203789,608
1711470204397,610
1711470205007,627
1711470205633,656
1711470206289,696
1711470206985,725
1711470207711,722
1711470208433,708
1711470209141,685
1711470209825,648
1711470210473,632
1711470211105,621
1711470211727,622
1711470212349,624
1711470212973,646
1711470213619,696
1711470214315,747
1711470215062,767
1711470215829,778
1711470216607,790
1711470217397,756
1711470218153,720
1711470218873,659
1711470219532,638
1711470220169,620
1711470220790,613
1711470221403,613
1711470222016,629
1711470222645,655
1711470223300,697
1711470223997,737
1711470224734,746
1711470225480,737
1711470226217,739
1711470226956,743
1711470227699,713
1711470228412,664
1711470229076,656
1711470229732,655
1711470230387,668
1711470231055,698
1711470231753,754
1711470232507,784
1711470233291,804
1711470234095,804
1711470234899,784
1711470235683,771
1711470236454,735
1711470237189,677
1711470237865,659
1711470238525,649
1711470239174,657
1711470239831,675
1711470240505,707
1711470241213,758
1711470241971,782
1711470242753,784
1711470243537,771
1711470244308,749
1711470245057,740
1711470245797,741
1711470246537,716
1711470247254,688
1711470247942,674
1711470248616,675
1711470249291,702
1711470249993,759
1711470250752,810
1711470251561,820
1711470252382,843
1711470253225,830
1711470254055,803
1711470254857,778
1711470255636,696
1711470256332,654
1711470256985,641
1711470257627,644
1711470258271,668
1711470258939,700
1711470259639,735
1711470260374,1459
1711470261833,719
1711470262552,675
1711470263227,652
1711470263879,642
1711470264521,657
1711470265177,676
1711470265854,702
1711470266556,715
1711470267271,731
1711470268001,722
1711470268724,701
1711470269425,688
1711470270113,648
1711470270761,631
1711470271392,625
1711470272017,632
1711470272649,660
1711470273309,697
1711470274006,730
1711470274736,748
1711470275484,743
1711470276227,732
1711470276959,722
1711470277681,666
1711470278347,646
1711470278993,635
1711470279628,641
1711470280269,663
1711470280932,700
1711470281632,723
1711470282355,733
1711470283088,733
1711470283821,735
1711470284556,748
1711470285304,762
1711470286065,775
1711470286841,791
1711470287632,822
1711470288454,811
1711470289265,795
1711470290060,802
1711470290862,813
1711470291675,829
1711470292504,838
1711470293342,859
1711470294201,833
1711470295033,804
1711470295838,799
1711470296637,773
1711470297409,772
1711470298182,812
1711470298993,848
1711470299841,873
1711470300715,885
1711470301600,866
1711470302465,847
1711470303313,818
1711470304131,801
1711470304932,813
1711470305745,798
1711470306543,747
1711470307289,693
1711470307983,666
1711470308649,678
1711470309327,709
1711470310036,776
1711470310812,806
1711470311617,847
1711470312465,857
1711470313321,864
1711470314185,850
1711470315036,828
1711470315864,785
1711470316649,746
1711470317395,722
1711470318117,746
1711470318863,766
1711470319629,780
1711470320409,819
1711470321228,815
1711470322043,796
1711470322839,791
1711470323630,786
1711470324416,771
1711470325187,767
1711470325953,784
1711470326737,762
1711470327500,737
1711470328237,725
1711470328961,699
1711470329661,692
1711470330353,686
1711470331039,685
1711470331724,700
1711470332424,700
1711470333124,710
1711470333833,717
1711470334551,712
1711470335263,702
1711470335965,694
1711470336659,693
1711470337352,683
1711470338035,674
1711470338709,657
1711470339366,662
1711470340028,664
1711470340692,658
1711470341350,661
1711470342011,664
1711470342675,675
1711470343350,663
1711470344013,638
1711470344651,622
1711470345273,603
1711470345876,603
1711470346479,603
1711470347081,610
1711470347692,625
1711470348317,636
1711470348953,653
1711470349606,656
1711470350262,641
1711470350903,612
1711470351515,643
1711470352158,648
1711470352806,630
1711470353436,628
1711470354064,651
1711470354715,642
1711470355357,659
1711470356016,652
1711470356668,646
1711470357313,644
1711470357958,624
1711470358582,593
1711470359175,593
1711470359768,599
1711470360367,624
1711470360991,658
1711470361649,727
1711470362376,759
1711470363135,771
1711470363905,771
1711470364677,783
1711470365460,769
1711470366229,746
1711470366975,734
1711470367709,729
1711470368438,721
1711470369159,728
1711470369887,725
1711470370612,716
1711470371328,706
1711470372033,693
1711470372727,691
1711470373417,691
1711470374109,711
1711470374820,718
1711470375537,742
1711470376280,707
1711470376987,648
1711470377635,672
1711470378307,718
1711470379025,737
1711470379761,705
1711470380467,657
1711470381124,611
1711470381735,616
1711470382351,635
1711470382985,667
1711470383653,670
1711470384323,676
1711470384999,687
1711470385686,690
1711470386376,670
1711470387046,697
1711470387743,702
1711470388445,702
1711470389147,734
1711470389881,744
1711470390625,742
1711470391367,783
1711470392150,814
1711470392964,810
1711470393774,792
1711470394566,749
1711470395315,750
1711470396065,740
1711470396805,682
1711470397487,650
1711470398137,642
1711470398779,679
1711470399457,759
1711470400217,838
1711470401055,887
1711470401942,870
1711470402812,813
1711470403625,718
1711470404343,702
1711470405045,737
1711470405782,776
1711470406558,820
1711470407377,826
1711470408204,803
1711470409007,742
1711470409749,759
1711470410508,803
1711470411311,846
1711470412157,848
1711470413005,832
1711470413837,818
1711470414655,805
1711470415460,778
1711470416238,724
1711470416961,746
1711470417708,745
1711470418453,778
1711470419231,802
1711470420033,729
1711470420761,690
1711470421452,769
1711470422221,828
1711470423049,845
1711470423894,818
1711470424712,722
1711470425433,755
1711470426189,764
1711470426953,792
1711470427745,794
1711470428539,785
1711470429324,738
1711470430062,697
1711470430759,731
1711470431489,758
1711470432248,780
1711470433028,797
1711470433825,809
1711470434633,827
1711470435461,839
1711470436300,783
1711470437083,797
1711470437880,790
1711470438670,782
1711470439452,727
1711470440179,771
1711470440950,807
1711470441757,825
1711470442582,776
1711470443358,799
1711470444157,826
1711470444983,782
1711470445765,691
1711470446456,706
1711470447161,721
1711470447883,682
1711470448565,665
1711470449230,713
1711470449943,716
1711470450659,696
1711470451355,770
1711470452125,810
1711470452935,806
1711470453741,805
1711470454545,725
1711470455271,764
1711470456035,796
1711470456831,804
1711470457635,731
1711470458366,754
1711470459120,760
1711470459880,780
1711470460660,761
1711470461421,801
1711470462222,838
1711470463060,854
1711470463913,849
1711470464763,783
1711470465545,834
1711470466380,839
1711470467219,855
1711470468073,799
1711470468873,760
1711470469633,801
1711470470433,794
1711470471228,790
1711470472017,722
1711470472740,760
1711470473500,765
1711470474265,801
1711470475065,719
1711470475785,676
1711470476461,750
1711470477211,807
1711470478017,836
1711470478854,811
1711470479665,814
1711470480479,837
1711470481316,836
1711470482152,807
1711470482959,754
1711470483713,786
1711470484499,799
1711470485297,803
1711470486101,741
1711470486841,800
1711470487641,834
1711470488476,847
1711470489323,829
1711470490152,800
1711470490952,832
1711470491784,753
1711470492537,680
1711470493217,718
1711470493935,752
1711470494687,733
1711470495420,775
1711470496195,808
1711470497003,815
1711470497817,737
1711470498555,767
1711470499321,793
1711470500115,783
1711470500897,699
1711470501597,661
1711470502257,697
1711470502955,773
1711470503728,810
1711470504537,837
1711470505375,764
1711470506139,761
1711470506900,788
1711470507688,805
1711470508493,777
1711470509270,657
1711470509927,656
1711470510583,703
1711470511286,783
1711470512069,846
1711470512915,857
1711470513772,867
1711470514639,857
1711470515496,798
1711470516294,715
1711470517009,768
1711470517777,815
1711470518592,845
1711470519437,841
1711470520278,840
1711470521118,774
1711470521892,729
1711470522621,748
1711470523369,773
1711470524142,779
1711470524921,721
1711470525641,765
1711470526407,797
1711470527204,832
1711470528036,846
1711470528881,806
1711470529688,835
1711470530523,848
1711470531371,770
1711470532141,665
1711470532806,671
1711470533477,697
1711470534174,742
1711470534916,765
1711470535681,780
1711470536461,792
1711470537253,758
1711470538011,756
1711470538767,780
1711470539547,795
1711470540342,811
1711470541153,776
1711470541929,811
1711470542740,816
1711470543556,836
1711470544392,729
1711470545121,663
1711470545784,644
1711470546428,626
1711470547054,665
1711470547719,673
1711470548392,705
1711470549097,729
1711470549825,747
1711470550573,641
1711470551214,658
1711470551872,625
1711470552497,617
1711470553113,612
1711470553726,615
1711470554341,593
1711470554934,595
1711470555529,600
1711470556129,607
1711470556736,619
1711470557355,625
1711470557980,605
1711470558585,604
1711470559189,607
1711470559796,612
1711470560408,629
1711470561037,636
1711470561673,599
1711470562272,593
1711470562865,561
1711470563425,561
1711470563987,561
1711470564548,582
1711470565129,616
1711470565745,644
1711470566390,602
1711470566992,594
1711470567585,587
1711470568173,594
1711470568767,609
1711470569376,626
1711470570001,646
1711470570648,644
1711470571292,622
1711470571913,613
1711470572527,612
1711470573139,614
1711470573753,618
1711470574371,600
1711470574971,577
1711470575548,578
1711470576126,590
1711470576716,615
1711470577331,632
1711470577963,639
1711470578601,655
1711470579257,652
1711470579909,604
1711470580513,587
1711470581100,600
1711470581700,623
1711470582323,614
1711470582937,620
1711470583557,622
1711470584179,604
1711470584783,616
1711470585399,638
1711470586037,658
1711470586695,695
1711470587390,709
1711470588099,725
1711470588824,715
1711470589539,639
1711470590177,623
1711470590801,619
1711470591420,633
1711470592053,665
1711470592718,690
1711470593408,707
1711470594115,692
1711470594807,636
1711470595443,646
1711470596089,641
1711470596729,623
1711470597353,648
1711470598001,686
1711470598687,682
1711470599369,644
1711470600013,653
1711470600665,670
1711470601336,643
1711470601979,608
1711470602587,612
1711470603199,642
1711470603841,656
1711470604497,678
1711470605175,681
1711470605856,706
1711470606561,707
1711470607269,730
1711470607999,728
1711470608727,706
1711470609433,736
1711470610169,735
1711470610904,730
1711470611633,653
1711470612287,662
1711470612949,673
1711470613622,664
1711470614286,609
1711470614895,618
1711470615513,636
1711470616149,604
1711470616753,646
1711470617399,695
1711470618094,737
1711470618831,757
1711470619588,759
1711470620347,689
1711470621036,660
1711470621696,621
1711470622317,624
1711470622941,640
1711470623581,692
1711470624273,724
1711470624997,764
1711470625761,797
1711470626558,805
1711470627363,804
1711470628167,792
1711470628959,749
1711470629708,672
1711470630380,657
1711470631037,689
1711470631726,736
1711470632462,762
1711470633224,648
1711470633872,640
1711470634512,676
1711470635188,685
1711470635873,723
1711470636596,763
1711470637359,778
1711470638137,777
1711470638913,687
1711470639601,672
1711470640273,694
1711470640967,740
1711470641707,765
1711470642472,671
1711470643143,683
1711470643825,695
1711470644521,676
1711470645197,733
1711470645929,657
1711470646587,655
1711470647241,721
1711470647963,768
1711470648731,782
1711470649513,778
1711470650291,765
1711470651056,722
1711470651777,627
1711470652405,615
1711470653020,630
1711470653649,661
1711470654311,714
1711470655025,747
1711470655772,703
1711470656475,689
1711470657164,707
1711470657871,671
1711470658542,714
1711470659256,728
1711470659984,655
1711470660639,704
1711470661343,734
1711470662077,758
1711470662835,742
1711470663577,776
1711470664353,734
1711470665087,772
1711470665859,690
1711470666549,661
1711470667209,646
1711470667856,592
1711470668448,586
1711470669033,595
1711470669629,638
1711470670267,677
1711470670944,696
1711470671640,730
1711470672369,736
1711470673105,739
1711470673845,657
1711470674502,629
1711470675131,613
1711470675744,605
1711470676349,646
1711470676995,670
1711470677665,695
1711470678360,714
1711470679073,737
1711470679811,757
1711470680568,743
1711470681311,735
1711470682046,722
1711470682768,709
1711470683477,663
1711470684140,662
1711470684801,668
1711470685470,615
1711470686085,601
1711470686686,600
1711470687286,609
1711470687895,657
1711470688552,716
1711470689268,768
1711470690036,772
1711470690808,801
1711470691609,817
1711470692425,806
1711470693232,814
1711470694046,739
1711470694785,621
1711470695406,607
1711470696013,604
1711470696617,649
1711470697265,727
1711470697993,803
1711470698796,813
1711470699609,744
1711470700353,777
1711470701129,825
1711470701955,825
1711470702780,846
1711470703625,825
1711470704451,705
1711470705156,661
1711470705817,648
1711470706465,682
1711470707147,726
1711470707873,782
1711470708655,809
1711470709464,688
1711470710152,714
1711470710865,725
1711470711591,783
1711470712374,829
1711470713203,843
1711470714046,822
1711470714868,736
1711470715604,730
1711470716334,748
1711470717081,778
1711470717860,796
1711470718656,797
1711470719453,781
1711470720233,708
1711470720942,629
1711470721571,615
1711470722185,631
1711470722817,655
1711470723472,696
1711470724168,772
1711470724940,814
1711470725753,823
1711470726577,826
1711470727403,783
1711470728185,790
1711470728976,813
1711470729789,833
1711470730622,835
1711470731457,862
1711470732319,798
1711470733117,750
1711470733867,755
1711470734622,792
1711470735414,793
1711470736207,805
1711470737012,801
1711470737813,853
1711470738665,884
1711470739550,868
1711470740417,749
1711470741167,781
1711470741948,793
1711470742741,831
1711470743572,822
1711470744393,735
1711470745129,680
1711470745809,691
1711470746500,730
1711470747230,777
1711470748007,813
1711470748820,793
1711470749613,841
1711470750454,833
1711470751287,816
1711470752103,701
1711470752804,675
1711470753479,671
1711470754150,708
1711470754857,769
1711470755627,784
1711470756411,719
1711470757129,716
1711470757846,734
1711470758580,765
1711470759345,773
1711470760118,776
1711470760894,776
1711470761670,781
1711470762451,772
1711470763223,677
1711470763900,666
1711470764566,679
1711470765245,694
1711470765939,735
1711470766673,756
1711470767430,763
1711470768193,774
1711470768967,763
1711470769729,756
1711470770486,749
1711470771235,771
1711470772006,670
1711470772676,687
1711470773363,736
1711470774099,789
1711470774888,829
1711470775717,823
1711470776540,805
1711470777345,733
1711470778078,711
1711470778789,757
1711470779545,796
1711470780342,841
1711470781183,860
1711470782043,856
1711470782899,862
1711470783761,845
1711470784606,823
1711470785429,795
1711470786224,780
1711470787004,769
1711470787773,756
1711470788529,756
1711470789285,760
1711470790045,746
1711470790791,694
1711470791485,738
1711470792223,793
1711470793016,816
1711470793832,820
1711470794652,825
1711470795477,814
1711470796291,745
1711470797036,668
1711470797704,668
1711470798372,707
1711470799079,764
1711470799843,824
1711470800667,824
1711470801491,715
1711470802206,704
1711470802910,769
1711470803679,832
1711470804511,860
1711470805371,852
1711470806223,848
1711470807071,787
1711470807857,710
1711470808568,657
1711470809225,683
1711470809908,722
1711470810630,785
1711470811415,820
1711470812235,825
1711470813060,747
1711470813807,711
1711470814518,775
1711470815293,827
1711470816120,847
1711470816967,864
1711470817831,856
1711470818687,847
1711470819534,832
1711470820366,770
1711470821136,733
1711470821869,711
1711470822580,714
1711470823294,813
1711470824107,860
1711470824967,896
1711470825863,886
1711470826749,852
1711470827601,809
1711470828409,705
1711470829115,670
1711470829785,680
1711470830465,728
1711470831193,780
1711470831973,823
1711470832796,813
1711470833609,755
1711470834364,686
1711470835049,675
1711470835725,722
1711470836447,783
1711470837230,840
1711470838070,842
1711470838912,809
1711470839721,718
1711470840439,703
1711470841142,727
1711470841869,771
1711470842640,833
1711470843473,847
1711470844320,832
1711470845152,816
1711470845968,727
1711470846695,665
1711470847360,656
1711470848016,660
1711470848676,692
1711470849368,766
1711470850134,833
1711470850967,830
1711470851797,824
1711470852621,812
1711470853433,781
1711470854214,702
1711470854916,663
1711470855579,650
1711470856229,683
1711470856912,727
1711470857639,788
1711470858427,829
1711470859256,836
1711470860092,804
1711470860896,795
1711470861691,781
1711470862472,747
1711470863219,672
1711470863891,649
1711470864540,653
1711470865193,690
1711470865883,730
1711470866613,792
1711470867405,817
1711470868222,832
1711470869054,812
1711470869865,779
1711470870645,778
1711470871423,777
1711470872200,766
1711470872966,711
1711470873677,684
1711470874361,672
1711470875033,667
1711470875700,697
1711470876397,766
1711470877163,811
1711470877974,846
1711470878820,848
1711470879668,859
1711470880527,852
1711470881379,840
1711470882219,819
1711470883038,752
1711470883790,691
1711470884481,679
1711470885160,709
1711470885869,771
1711470886640,815
1711470887455,849
1711470888304,856
1711470889160,820
1711470889980,761
1711470890741,754
1711470891495,785
1711470892280,828
1711470893108,850
1711470893958,847
1711470894805,834
1711470895639,803
1711470896441,745
1711470897187,722
1711470897909,730
1711470898639,808
1711470899447,853
1711470900300,863
1711470901163,845
1711470902008,824
1711470902832,792
1711470903624,723
1711470904347,687
1711470905033,680
1711470905713,737
1711470906451,802
1711470907253,840
1711470908093,866
1711470908959,860
1711470909819,813
1711470910632,794
1711470911425,798
1711470912224,809
1711470913033,843
1711470913876,839
1711470914715,837
1711470915552,829
1711470916381,821
1711470917201,811
1711470918013,804
1711470918817,744
1711470919561,695
1711470920256,679
1711470920935,714
1711470921649,774
1711470922423,828
1711470923251,846
1711470924097,817
1711470924913,814
1711470925728,813
1711470926541,807
1711470927348,740
1711470928088,706
1711470928793,679
1711470929473,692
1711470930165,734
1711470930899,799
1711470931697,838
1711470932536,861
1711470933397,865
1711470934262,846
1711470935108,827
1711470935935,811
1711470936745,732
1711470937478,680
1711470938158,660
1711470938817,688
1711470939505,733
1711470940239,793
1711470941032,835
1711470941867,811
1711470942678,799
1711470943477,791
1711470944268,767
1711470945035,715
1711470945750,697
1711470946447,698
1711470947145,701
1711470947846,757
1711470948603,820
1711470949423,844
1711470950267,852
1711470951119,843
1711470951961,784
1711470952745,760
1711470953505,755
1711470954261,767
1711470955028,748
1711470955776,730
1711470956505,718
1711470957224,712
1711470957936,721
1711470958657,731
1711470959388,823
1711470960211,873
1711470961084,895
1711470961979,900
1711470962879,887
1711470963766,861
1711470964627,1611
1711470966238,771
1711470967009,727
1711470967736,687
1711470968423,673
1711470969096,673
1711470969769,725
1711470970494,800
1711470971294,849
1711470972143,873
1711470973016,888
1711470973904,870
1711470974774,826
1711470975600,814
1711470976414,774
1711470977188,725
1711470977913,696
1711470978609,688
1711470979297,694
1711470979991,761
1711470980752,811
1711470981563,854
1711470982417,860
1711470983277,865
1711470984142,1688
1711470985830,818
1711470986648,781
1711470987429,733
1711470988161,717
1711470988879,706
1711470989585,712
1711470990297,786
1711470991083,832
1711470991915,854
1711470992769,857
1711470993625,820
1711470994446,775
1711470995221,745
1711470995966,754
1711470996720,712
1711470997432,683
1711470998115,678
1711470998793,672
1711470999465,701
1711471000166,777
1711471000943,816
1711471001759,852
1711471002611,871
1711471003481,882
1711471004364,890
1711471005254,843
1711471006097,798
1711471006895,770
1711471007665,764
1711471008429,736
1711471009165,704
1711471009869,688
1711471010557,680
1711471011237,702
1711471011939,767
1711471012705,823
1711471013529,844
1711471014373,856
1711471015229,835
1711471016064,790
1711471016854,788
1711471017641,762
1711471018404,741
1711471019145,717
1711471019862,702
1711471020564,703
1711471021267,737
1711471022004,790
1711471022793,834
1711471023628,861
1711471024489,854
1711471025343,825
1711471026168,789
1711471026957,777
1711471027734,740
1711471028473,700
1711471029174,674
1711471029848,669
1711471030517,680
1711471031197,729
1711471031926,777
1711471032703,815
1711471033518,829
1711471034347,812
1711471035159,784
1711471035943,772
1711471036715,752
1711471037467,723
1711471038190,707
1711471038897,705
1711471039601,720
1711471040321,749
1711471041071,802
1711471041873,826
1711471042699,853
1711471043552,850
1711471044401,841
1711471045243,818
1711471046061,779
1711471046840,774
1711471047614,770
1711471048384,770
1711471049153,754
1711471049908,746
1711471050654,751
1711471051405,759
1711471052164,814
1711471052977,856
1711471053833,875
1711471054709,873
1711471055582,870
1711471056452,841
1711471057293,810
1711471058103,760
1711471058863,720
1711471059583,724
1711471060307,717
1711471061024,771
1711471061795,800
1711471062595,836
1711471063431,834
1711471064265,832
1711471065097,810
1711471065907,779
1711471066686,768
1711471067454,744
1711471068198,720
1711471068918,701
1711471069619,687
1711471070305,688
1711471070993,725
1711471071719,800
1711471072519,847
1711471073366,878
1711471074244,887
1711471075131,854
1711471075985,802
1711471076787,765
1711471077552,749
1711471078301,769
1711471079070,783
1711471079853,771
1711471080624,745
1711471081369,729
1711471082097,701
1711471082799,736
1711471083535,733
1711471084268,728
1711471084996,710
1711471085705,679
1711471086385,648
1711471087033,653
1711471087686,652
1711471088337,667
1711471089005,701
1711471089705,727
1711471090433,734
1711471091167,685
1711471091852,653
1711471092505,653
1711471093158,664
1711471093822,665
1711471094487,666
1711471095153,692
1711471095845,688
1711471096533,680
1711471097213,683
1711471097896,709
1711471098605,724
1711471099329,736
1711471100065,735
1711471100800,747
1711471101547,727
1711471102273,726
1711471103000,731
1711471103731,732
1711471104463,713
1711471105176,636
1711471105812,648
1711471106460,670
1711471107129,679
1711471107809,699
1711471108508,716
1711471109224,714
1711471109937,722
1711471110660,701
1711471111361,688
1711471112049,685
1711471112734,688
1711471113422,680
1711471114102,681
1711471114783,653
1711471115436,634
1711471116070,633
1711471116703,646
1711471117349,665
1711471118014,688
1711471118702,698
1711471119400,714
1711471120113,724
1711471120838,744
1711471121582,745
1711471122327,743
1711471123070,740
1711471123809,722
1711471124532,730
1711471125262,747
1711471126009,729
1711471126737,713
1711471127451,689
1711471128140,677
1711471128817,671
1711471129488,669
1711471130157,666
1711471130823,663
1711471131486,667
1711471132153,668
1711471132821,674
1711471133495,680
1711471134175,689
1711471134864,690
1711471135553,691
1711471136245,688
1711471136933,676
1711471137609,670
1711471138279,663
1711471138942,658
1711471139600,650
1711471140249,645
1711471140895,629
1711471141524,616
1711471142140,631
1711471142771,623
1711471143393,628
1711471144022,606
1711471144628,613
1711471145241,622
1711471145863,633
1711471146496,640
1711471147136,623
1711471147759,640
1711471148399,651
1711471149049,648
1711471149697,638
1711471150336,636
1711471150972,656
1711471151628,657
1711471152285,660
1711471152945,659
1711471153604,668
1711471154272,677
1711471154949,685
1711471155633,690
1711471156324,685
1711471157009,680
1711471157689,678
1711471158367,688
1711471159055,686
1711471159741,683
1711471160424,668
1711471161092,662
1711471161753,666
1711471162420,671
1711471163091,668
1711471163759,670
1711471164429,684
1711471165113,681
1711471165793,691
1711471166485,691
1711471167176,668
1711471167844,688
1711471168532,696
1711471169228,686
1711471169913,660
1711471170574,624
1711471171198,647
1711471171845,656
1711471172501,661
1711471173161,638
1711471173800,622
1711471174422,638
1711471175060,652
1711471175712,666
1711471176377,679
1711471177057,660
1711471177717,672
1711471178389,683
1711471179072,696
1711471179768,694
1711471180462,699
1711471181161,700
1711471181861,688
1711471182549,688
1711471183237,697
1711471183934,701
1711471184635,703
1711471185337,690
1711471186028,714
1711471186742,730
1711471187472,744
1711471188216,745
1711471188961,747
1711471189708,747
1711471190455,775
1711471191230,796
1711471192025,784
1711471192809,717
1711471193527,712
1711471194239,714
1711471194953,721
1711471195673,685
1711471196359,693
1711471197052,717
1711471197769,731
1711471198500,701
1711471199201,724
1711471199925,729
1711471200654,731
1711471201385,713
1711471202097,688
1711471202785,717
1711471203503,712
1711471204215,722
1711471204937,695
1711471205632,729
1711471206361,738
1711471207099,754
1711471207853,752
1711471208605,733
1711471209337,712
1711471210049,729
1711471210779,741
1711471211520,754
1711471212273,737
1711471213011,707
1711471213718,726
1711471214444,760
1711471215204,766
1711471215969,741
1711471216711,714
1711471217425,721
1711471218145,737
1711471218883,733
1711471219616,688
1711471220304,722
1711471221025,736
1711471221761,761
1711471222523,759
1711471223281,766
1711471224048,737
1711471224785,768
1711471225553,765
1711471226318,785
1711471227103,758
1711471227861,765
1711471228625,771
1711471229397,752
1711471230149,753
1711471230902,753
1711471231655,752
1711471232407,771
1711471233177,702
1711471233880,666
1711471234545,720
1711471235265,738
1711471236004,728
1711471236732,658
1711471237390,701
1711471238091,735
1711471238825,770
1711471239596,783
1711471240379,778
1711471241157,734
1711471241891,740
1711471242631,748
1711471243379,748
1711471244127,728
1711471244855,752
1711471245607,753
1711471246360,767
1711471247127,761
1711471247888,762
1711471248649,787
1711471249437,794
1711471250231,806
1711471251037,770
1711471251807,789
1711471252596,788
1711471253384,794
1711471254177,732
1711471254910,763
1711471255673,761
1711471256433,749
1711471257183,758
1711471257941,720
1711471258661,725
1711471259385,729
1711471260115,719
1711471260833,711
1711471261545,747
1711471262292,759
1711471263051,783
1711471263833,772
1711471264606,765
1711471265371,782
1711471266153,783
1711471266936,771
1711471267707,730
1711471268437,757
1711471269193,761
1711471269955,767
1711471270721,729
1711471271451,752
1711471272203,779
1711471272982,789
1711471273771,763
1711471274534,777
1711471275311,758
1711471276069,741
1711471276809,689
1711471277499,711
1711471278209,710
1711471278920,691
1711471279611,659
1711471280270,676
1711471280945,659
1711471281605,653
1711471282257,659
1711471282917,627
1711471283544,652
1711471284196,676
1711471284872,717
1711471285589,738
1711471286327,719
1711471287046,714
1711471287760,723
1711471288483,734
1711471289217,735
1711471289952,717
1711471290669,729
1711471291398,749
1711471292147,789
1711471292936,794
1711471293729,780
1711471294510,812
1711471295321,818
1711471296140,835
1711471296975,803
1711471297777,778
1711471298556,796
1711471299352,755
1711471300107,766
1711471300873,765
1711471301638,743
1711471302381,705
1711471303086,744
1711471303830,752
1711471304582,753
1711471305335,711
1711471306046,769
1711471306815,763
1711471307577,765
1711471308343,700
1711471309043,731
1711471309774,737
1711471310511,740
1711471311251,742
1711471311993,709
1711471312702,730
1711471313432,767
1711471314199,769
1711471314968,733
1711471315701,732
1711471316433,744
1711471317177,729
1711471317905,718
1711471318624,730
1711471319353,751
1711471320105,776
1711471320881,745
1711471321625,762
1711471322388,794
1711471323182,793
1711471323975,736
1711471324711,676
1711471325387,617
1711471326004,588
1711471326592,590
1711471327182,611
1711471327793,680
1711471328473,738
1711471329211,741
1711471329952,719
1711471330671,706
1711471331377,713
1711471332089,706
1711471332796,698
1711471333494,670
1711471334164,673
1711471334837,676
1711471335513,686
1711471336199,654
1711471336853,651
1711471337504,658
1711471338161,661
1711471338823,667
1711471339489,675
1711471340165,679
1711471340844,690
1711471341534,667
1711471342201,681
1711471342881,698
1711471343580,725
1711471344305,681
1711471344985,688
1711471345673,676
1711471346350,659
1711471347009,640
1711471347649,666
1711471348315,685
1711471349000,670
1711471349670,637
1711471350307,645
1711471350952,656
1711471351608,658
1711471352265,629
1711471352895,618
1711471353513,653
1711471354166,682
1711471354848,698
1711471355545,646
1711471356192,675
1711471356867,681
1711471357548,664
1711471358212,614
1711471358825,641
1711471359467,655
1711471360121,675
1711471360797,614
1711471361411,595
1711471362006,559
1711471362565,563
1711471363128,562
1711471363689,573
1711471364263,584
1711471364847,621
1711471365468,622
1711471366089,582
1711471366672,568
1711471367240,561
1711471367801,563
1711471368364,577
1711471368941,602
1711471369543,590
1711471370133,577
1711471370710,576
1711471371286,588
1711471371873,589
1711471372463,599
1711471373062,604
1711471373665,609
1711471374275,634
1711471374909,618
1711471375527,555
1711471376081,543
1711471376625,539
1711471377164,548
1711471377712,564
1711471378276,577
1711471378853,564
1711471379417,537
1711471379953,530
1711471380484,528
1711471381012,529
1711471381541,534
1711471382075,543
1711471382617,526
1711471383144,506
1711471383649,513
1711471384163,508
1711471384671,508
1711471385179,522
1711471385701,522
1711471386223,503
1711471386726,505
1711471387231,507
1711471387737,503
1711471388241,504
1711471388745,509
1711471389254,507
1711471389761,514
1711471390275,505
1711471390780,506
1711471391286,485
1711471391771,482
1711471392253,485
1711471392737,489
1711471393227,493
1711471393720,995
1711471394715,503
1711471395217,506
1711471395724,500
1711471396224,499
1711471396723,505
1711471397228,513
1711471397741,514
1711471398255,518
1711471398773,523
1711471399296,519
1711471399815,519
1711471400334,512
1711471400846,521
1711471401367,543
1711471401910,581
1711471402491,570
1711471403061,545
1711471403606,550
1711471404156,525
1711471404681,533
1711471405214,565
1711471405779,588
1711471406367,646
1711471407013,672
1711471407685,702
1711471408387,717
1711471409104,729
1711471409833,738
1711471410571,759
1711471411329,726
1711471412056,722
1711471412777,727
1711471413505,752
1711471414257,773
1711471415030,793
1711471415823,778
1711471416601,793
1711471417393,823
1711471418217,815
1711471419032,785
1711471419817,781
1711471420598,803
1711471421401,820
1711471422221,825
1711471423046,786
1711471423832,748
1711471424580,787
1711471425367,825
1711471426192,854
1711471427046,866
1711471427912,873
1711471428785,865
1711471429649,838
1711471430488,854
1711471431342,870
1711471432212,891
1711471433103,898
1711471434001,952
1711471434953,981
1711471435934,962
1711471436896,899
1711471437795,990
1711471438785,981
1711471439766,937
1711471440703,946
1711471441649,860
1711471442509,804
1711471443313,865
1711471444177,861
1711471445039,857
1711471445896,918
1711471446814,938
1711471447752,931
1711471448683,920
1711471449603,917
1711471450520,930
1711471451449,898
1711471452348,903
1711471453251,895
1711471454145,941
1711471455087,928
1711471456015,852
1711471456867,930
1711471457797,940
1711471458737,924
1711471459661,904
1711471460565,876
1711471461441,872
1711471462313,860
1711471463173,845
1711471464017,796
1711471464814,817
1711471465631,850
1711471466481,813
1711471467294,865
1711471468159,868
1711471469027,878
1711471469905,831
1711471470736,879
1711471471615,877
1711471472492,866
1711471473358,828
1711471474185,879
1711471475065,885
1711471475950,851
1711471476801,900
1711471477701,908
1711471478609,907
1711471479516,858
1711471480374,944
1711471481318,943
1711471482261,857
1711471483118,868
1711471483985,840
1711471484825,756
1711471485582,842
1711471486424,875
1711471487299,837
1711471488136,902
1711471489038,919
1711471489957,919
1711471490876,865
1711471491741,817
1711471492558,709
1711471493267,851
1711471494118,948
1711471495065,973
1711471496039,953
1711471496992,867
1711471497859,894
1711471498753,896
1711471499649,871
1711471500520,882
1711471501401,903
1711471502305,890
1711471503195,925
1711471504120,919
1711471505039,928
1711471505967,885
1711471506852,933
1711471507785,932
1711471508717,932
1711471509649,928
1711471510577,950
1711471511527,945
1711471512472,939
1711471513411,904
1711471514315,926
1711471515241,916
1711471516157,899
1711471517056,933
1711471517989,912
1711471518901,864
1711471519765,901
1711471520665,912
1711471521577,862
1711471522440,901
1711471523341,906
1711471524247,902
1711471525149,840
1711471525989,785
1711471526774,866
1711471527640,859
1711471528499,876
1711471529375,854
1711471530229,787
1711471531016,727
1711471531743,678
1711471532421,704
1711471533125,813
1711471533937,920
1711471534857,941
1711471535799,910
1711471536709,858
1711471537567,796
1711471538363,771
1711471539134,842
1711471539976,881
1711471540857,899
1711471541756,887
1711471542643,846
1711471543489,757
1711471544246,782
1711471545028,870
1711471545897,885
1711471546783,877
1711471547660,818
1711471548478,885
1711471549363,883
1711471550246,841
1711471551087,791
1711471551878,853
1711471552731,876
1711471553607,887
1711471554494,896
1711471555390,901
1711471556291,894
1711471557185,866
1711471558051,739
1711471558790,733
1711471559523,794
1711471560317,855
1711471561172,889
1711471562061,818
1711471562879,823
1711471563702,873
1711471564575,887
1711471565462,876
1711471566337,891
1711471567229,873
1711471568102,844
1711471568945,711
1711471569657,708
1711471570365,789
1711471571153,867
1711471572021,899
1711471572920,904
1711471573824,895
1711471574719,878
1711471575597,857
1711471576454,847
1711471577301,827
1711471578128,829
1711471578957,773
1711471579729,735
1711471580465,750
1711471581215,887
1711471582102,963
1711471583065,959
1711471584024,942
1711471584966,889
1711471585855,791
1711471586646,798
1711471587444,838
1711471588281,854
1711471589136,840
1711471589976,824
1711471590800,813
1711471591613,817
1711471592430,816
1711471593246,766
1711471594012,717
1711471594729,790
1711471595519,855
1711471596374,868
1711471597241,838
1711471598080,773
1711471598853,720
1711471599573,708
1711471600281,778
1711471601059,865
1711471601924,912
1711471602836,903
1711471603739,912
1711471604651,877
1711471605528,804
1711471606332,717
1711471607049,704
1711471607753,745
1711471608497,841
1711471609339,893
1711471610232,906
1711471611137,884
1711471612022,841
1711471612863,785
1711471613648,789
1711471614437,848
1711471615285,894
1711471616179,889
1711471617068,850
1711471617918,802
1711471618720,751
1711471619471,795
1711471620265,852
1711471621118,905
1711471622023,912
1711471622935,907
1711471623841,879
1711471624721,829
1711471625550,782
1711471626332,822
1711471627153,863
1711471628017,886
1711471628903,888
1711471629791,886
1711471630677,841
1711471631518,808
1711471632326,852
1711471633177,893
1711471634071,909
1711471634980,887
1711471635867,889
1711471636756,866
1711471637622,831
1711471638453,816
1711471639269,866
1711471640135,900
1711471641035,892
1711471641927,853
1711471642780,821
1711471643601,782
1711471644383,736
1711471645119,728
1711471645847,784
1711471646631,837
1711471647468,867
1711471648335,864
1711471649199,841
1711471650040,818
1711471650857,791
1711471651649,771
1711471652420,767
1711471653187,758
1711471653945,770
1711471654715,809
1711471655524,834
1711471656358,851
1711471657209,855
1711471658064,867
1711471658931,809
1711471659740,768
1711471660508,729
1711471661237,806
1711471662043,863
1711471662905,877
1711471663783,866
1711471664649,845
1711471665494,815
1711471666309,778
1711471667087,757
1711471667844,730
1711471668574,727
1711471669301,724
1711471670025,698
1711471670723,681
1711471671404,686
1711471672089,733
1711471672823,797
1711471673620,831
1711471674451,857
1711471675308,838
1711471676145,823
1711471676969,822
1711471677791,802
1711471678593,813
1711471679406,792
1711471680198,832
1711471681030,851
1711471681881,859
1711471682740,849
1711471683589,834
1711471684423,822
1711471685245,809
1711471686054,813
1711471686867,823
1711471687689,830
1711471688520,866
1711471689385,878
1711471690264,878
1711471691142,863
1711471692005,864
1711471692869,867
1711471693736,841
1711471694577,731
1711471695308,705
1711471696013,740
1711471696753,787
1711471697540,867
1711471698407,897
1711471699304,884
1711471700188,815
1711471701003,810
1711471701813,837
1711471702649,838
1711471703488,824
1711471704312,841
1711471705153,833
1711471705985,784
1711471706769,837
1711471707607,856
1711471708463,841
1711471709304,854
1711471710158,863
1711471711021,867
1711471711888,847
1711471712735,849
1711471713584,830
1711471714414,818
1711471715232,832
1711471716064,825
1711471716889,840
1711471717729,856
1711471718585,860
1711471719445,842
1711471720287,692
1711471720979,657
1711471721636,678
1711471722313,669
1711471722983,685
1711471723668,674
1711471724342,621
1711471724963,621
1711471725584,630
1711471726214,655
1711471726869,730
1711471727599,794
1711471728393,827
1711471729220,831
1711471730051,833
1711471730884,827
1711471731711,819
1711471732529,804
1711471733334,741
1711471734075,711
1711471734785,688
1711471735473,664
1711471736137,612
1711471736750,609
1711471737359,627
1711471737985,668
1711471738654,785
1711471739439,893
1711471740332,909
1711471741241,919
1711471742160,915
1711471743075,881
1711471743956,893
1711471744849,894
1711471745743,877
1711471746620,862
1711471747481,841
1711471748323,779
1711471749102,729
1711471749831,717
1711471750548,767
1711471751315,806
1711471752121,836
1711471752957,815
1711471753772,778
1711471754550,796
1711471755345,824
1711471756169,822
1711471756992,830
1711471757822,805
1711471758627,804
1711471759431,772
1711471760203,768
1711471760971,768
1711471761739,781
1711471762520,812
1711471763332,816
1711471764148,808
1711471764956,819
1711471765775,816
1711471766591,803
1711471767393,792
1711471768185,776
1711471768961,777
1711471769739,770
1711471770509,766
1711471771275,730
1711471772005,759
1711471772764,762
1711471773526,761
1711471774287,747
1711471775033,747
1711471775781,761
1711471776542,752
1711471777294,740
1711471778033,755
1711471778789,765
1711471779553,744
1711471780297,757
1711471781055,754
1711471781809,737
1711471782545,707
1711471783253,736
1711471783989,736
1711471784725,716
1711471785441,687
1711471786128,691
1711471786819,696
1711471787515,705
1711471788220,717
1711471788937,658
1711471789595,627
1711471790222,649
1711471790871,645
1711471791516,666
1711471792182,701
1711471792883,1530
1711471794413,771
1711471795184,729
1711471795913,673
1711471796585,671
1711471797257,683
1711471797940,729
1711471798669,769
1711471799438,801
1711471800239,825
1711471801064,798
1711471801862,805
1711471802667,817
1711471803484,834
1711471804318,846
1711471805164,842
1711471806006,838
1711471806844,844
1711471807688,844
1711471808532,824
1711471809356,832
1711471810188,824
1711471811012,816
1711471811828,814
1711471812641,765
1711471813407,776
1711471814183,794
1711471814977,776
1711471815753,805
1711471816558,800
1711471817358,819
1711471818177,796
1711471818973,802
1711471819775,804
1711471820579,771
1711471821350,804
1711471822153,782
1711471822936,744
1711471823680,751
1711471824431,752
1711471825183,771
1711471825953,749
1711471826703,759
1711471827462,745
1711471828207,727
1711471828934,721
1711471829655,745
1711471830400,690
1711471831089,733
1711471831823,760
1711471832583,787
1711471833369,777
1711471834147,814
1711471834961,784
1711471835745,739
1711471836484,741
1711471837225,771
1711471837996,742
1711471838737,723
1711471839461,749
1711471840209,763
1711471840973,737
1711471841710,765
1711471842475,770
1711471843245,742
1711471843987,773
1711471844760,769
1711471845529,747
1711471846276,724
1711471847000,735
1711471847735,744
1711471848479,728
1711471849207,758
1711471849965,763
1711471850728,736
1711471851464,751
1711471852215,756
1711471852971,745
1711471853716,706
1711471854422,738
1711471855160,749
1711471855909,724
1711471856633,732
1711471857365,737
1711471858102,726
1711471858828,747
1711471859575,760
1711471860335,765
1711471861100,732
1711471861832,760
1711471862592,748
1711471863340,721
1711471864061,742
1711471864803,758
1711471865561,729
1711471866289,735
1711471867025,721
1711471867745,687
1711471868433,650
1711471869083,659
1711471869742,675
1711471870417,667
1711471871084,694
1711471871777,722
1711471872500,738
1711471873238,694
1711471873932,692
1711471874624,714
1711471875337,729
1711471876067,710
1711471876777,691
1711471877468,712
1711471878180,720
1711471878900,719
1711471879619,685
1711471880304,704
1711471881008,710
1711471881718,695
1711471882413,701
1711471883113,711
1711471883825,729
1711471884553,725
1711471885279,678
1711471885957,700
1711471886657,709
1711471887366,717
1711471888083,701
1711471888784,729
1711471889513,741
1711471890254,736
1711471890990,753
1711471891743,783
1711471892526,776
1711471893302,767
1711471894069,744
1711471894813,728
1711471895541,765
1711471896305,771
1711471897077,747
1711471897824,768
1711471898592,793
1711471899385,767
1711471900152,758
1711471900910,775
1711471901685,773
1711471902457,752
1711471903209,770
1711471903980,771
1711471904751,765
1711471905516,789
1711471906305,810
1711471907115,820
1711471907935,809
1711471908744,818
1711471909561,805
1711471910367,712
1711471911079,640
1711471911719,664
1711471912383,660
1711471913043,697
1711471913740,737
1711471914477,754
1711471915231,769
1711471916000,710
1711471916710,656
1711471917366,665
1711471918031,676
1711471918707,714
1711471919421,755
1711471920176,776
1711471920952,796
1711471921748,729
1711471922477,699
1711471923176,711
1711471923887,730
1711471924617,751
1711471925368,772
1711471926140,770
1711471926910,696
1711471927606,729
1711471928335,748
1711471929083,788
1711471929871,810
1711471930681,808
1711471931489,754
1711471932243,779
1711471933022,792
1711471933814,801
1711471934615,787
1711471935401,797
1711471936199,810
1711471937009,813
1711471937822,801
1711471938623,801
1711471939424,808
1711471940232,813
1711471941045,802
1711471941847,796
1711471942643,820
1711471943463,799
1711471944262,698
1711471944960,690
1711471945649,698
1711471946348,691
1711471947039,662
1711471947701,674
1711471948375,696
1711471949071,726
1711471949797,742
1711471950539,747
1711471951286,748
1711471952033,725
1711471952759,697
1711471953456,656
1711471954112,666
1711471954777,706
1711471955484,759
1711471956243,806
1711471957049,788
1711471957837,849
1711471958686,884
1711471959569,907
1711471960477,900
1711471961377,832
1711471962209,787
1711471962996,787
1711471963783,781
1711471964564,757
1711471965321,731
1711471966052,658
1711471966710,668
1711471967377,667
1711471968045,683
1711471968728,698
1711471969425,711
1711471970137,717
1711471970854,729
1711471971583,705
1711471972288,652
1711471972940,672
1711471973612,691
1711471974303,734
1711471975037,804
1711471975841,823
1711471976664,828
1711471977492,809
1711471978301,780
1711471979081,780
1711471979861,740
1711471980601,739
1711471981340,745
1711471982085,746
1711471982831,770
1711471983601,779
1711471984380,777
1711471985157,784
1711471985941,814
1711471986755,821
1711471987576,810
1711471988385,803
1711471989189,829
1711471990017,816
1711471990833,759
1711471991593,697
1711471992289,740
1711471993030,783
1711471993813,811
1711471994624,759
1711471995383,694
1711471996077,712
1711471996789,747
1711471997536,794
1711471998329,786
1711471999116,699
1711471999815,678
1711472000493,710
1711472001203,722
1711472001925,755
1711472002680,771
1711472003451,769
1711472004220,717
1711472004937,673
1711472005609,688
1711472006297,707
1711472007005,737
1711472007742,778
1711472008520,788
1711472009308,717
1711472010025,705
1711472010729,732
1711472011462,746
1711472012208,724
1711472012932,685
1711472013617,665
1711472014281,679
1711472014961,683
1711472015644,688
1711472016332,668
1711472017000,692
1711472017692,705
1711472018397,736
1711472019133,767
1711472019900,779
1711472020679,774
1711472021453,743
1711472022196,764
1711472022960,770
1711472023729,775
1711472024505,774
1711472025279,771
1711472026049,759
1711472026809,754
1711472027563,793
1711472028356,813
1711472029169,813
1711472029982,816
1711472030798,792
1711472031590,775
1711472032365,777
1711472033142,777
1711472033919,758
1711472034677,731
1711472035408,688
1711472036096,703
1711472036799,691
1711472037489,699
1711472038189,723
1711472038912,763
1711472039675,751
1711472040425,757
1711472041183,726
1711472041909,774
1711472042683,782
1711472043465,762
1711472044227,750
1711472044977,731
1711472045708,744
1711472046452,754
1711472047206,761
1711472047967,773
1711472048740,765
1711472049505,765
1711472050270,714
1711472050984,698
1711472051681,701
1711472052383,714
1711472053097,689
1711472053785,774
1711472054560,827
1711472055387,852
1711472056239,851
1711472057089,862
1711472057952,877
1711472058829,871
1711472059700,864
1711472060564,824
1711472061388,832
1711472062220,855
1711472063075,846
1711472063921,820
1711472064741,820
1711472065561,841
1711472066401,836
1711472067238,832
1711472068070,856
1711472068926,854
1711472069780,819
1711472070599,843
1711472071441,879
1711472072321,856
1711472073177,854
1711472074031,870
1711472074901,858
1711472075759,838
1711472076597,870
1711472077467,874
1711472078341,865
1711472079206,827
1711472080033,847
1711472080880,816
1711472081696,713
1711472082409,724
1711472083133,772
1711472083905,781
1711472084686,691
1711472085377,667
1711472086044,709
1711472086753,742
1711472087495,796
1711472088291,814
1711472089105,764
1711472089869,680
1711472090549,679
1711472091228,666
1711472091894,643
1711472092537,642
1711472093179,643
1711472093822,666
1711472094488,677
1711472095165,694
1711472095859,710
1711472096569,707
1711472097276,655
1711472097931,643
1711472098574,647
1711472099221,655
1711472099876,654
1711472100529,654
1711472101184,672
1711472101856,635
1711472102491,606
1711472103097,604
1711472103701,629
1711472104329,679
1711472105009,767
1711472105776,846
1711472106622,872
1711472107494,874
1711472108368,885
1711472109253,875
1711472110128,876
1711472111004,815
1711472111819,677
1711472112496,710
1711472113206,715
1711472113921,792
1711472114713,850
1711472115563,860
1711472116423,856
1711472117279,862
1711472118141,862
1711472119003,854
1711472119857,819
1711472120676,796
1711472121472,806
1711472122278,844
1711472123121,883
1711472124005,881
1711472124886,844
1711472125729,871
1711472126601,863
1711472127464,869
1711472128333,861
1711472129193,846
1711472130040,827
1711472130867,855
1711472131721,833
1711472132555,821
1711472133376,771
1711472134147,743
1711472134889,752
1711472135641,811
1711472136453,829
1711472137281,863
1711472138145,846
1711472138991,845
1711472139836,843
1711472140679,828
1711472141507,777
1711472142284,754
1711472143038,763
1711472143801,769
1711472144569,771
1711472145341,772
1711472146113,809
1711472146921,799
1711472147721,769
1711472148489,792
1711472149281,791
1711472150073,774
1711472150847,721
1711472151568,743
1711472152311,759
1711472153070,776
1711472153846,758
1711472154604,776
1711472155380,778
1711472156158,717
1711472156875,737
1711472157612,771
1711472158383,728
1711472159111,672
1711472159783,673
1711472160456,685
1711472161141,691
1711472161832,678
1711472162510,674
1711472163184,723
1711472163907,736
1711472164643,761
1711472165404,707
1711472166111,749
1711472166860,770
1711472167630,771
1711472168401,703
1711472169104,722
1711472169825,740
1711472170566,738
1711472171304,707
1711472172011,738
1711472172749,745
1711472173494,705
1711472174199,733
1711472174932,780
1711472175712,783
1711472176495,751
1711472177246,747
1711472177993,785
1711472178777,784
1711472179561,729
1711472180291,767
1711472181057,715
1711472181773,692
1711472182465,690
1711472183155,671
1711472183825,702
1711472184528,741
1711472185269,763
1711472186032,736
1711472186768,776
1711472187544,784
1711472188328,768
1711472189096,677
1711472189773,697
1711472190470,718
1711472191188,721
1711472191909,729
1711472192638,691
1711472193329,710
1711472194039,720
1711472194759,732
1711472195491,730
1711472196221,756
1711472196977,769
1711472197745,781
1711472198527,757
1711472199284,779
1711472200063,782
1711472200845,789
1711472201633,771
1711472202405,729
1711472203134,687
1711472203821,683
1711472204504,713
1711472205217,738
1711472205955,755
1711472206710,730
1711472207440,776
1711472208216,780
1711472208996,764
1711472209760,757
1711472210517,754
1711472211271,720
1711472211991,681
1711472212672,716
1711472213388,758
1711472214145,749
1711472214895,772
1711472215667,696
1711472216363,703
1711472217065,712
1711472217777,726
1711472218504,735
1711472219239,682
1711472219921,692
1711472220613,702
1711472221315,718
1711472222033,757
1711472222790,774
1711472223564,793
1711472224357,790
1711472225147,715
1711472225862,652
1711472226513,664
1711472227177,665
1711472227843,688
1711472228531,717
1711472229248,745
1711472229993,770
1711472230763,771
1711472231534,777
1711472232311,767
1711472233078,784
1711472233862,786
1711472234648,800
1711472235448,807
1711472236255,797
1711472237052,805
1711472237857,753
1711472238609,746
1711472239356,710
1711472240065,731
1711472240797,747
1711472241544,781
1711472242325,795
1711472243120,799
1711472243919,763
1711472244681,772
1711472245454,760
1711472246214,751
1711472246965,738
1711472247703,678
1711472248381,658
1711472249039,670
1711472249709,690
1711472250399,750
1711472251149,776
1711472251925,807
1711472252732,764
1711472253496,717
1711472254213,735
1711472254948,731
1711472255679,735
1711472256414,702
1711472257116,654
1711472257769,654
1711472258424,684
1711472259108,705
1711472259813,759
1711472260572,790
1711472261361,813
1711472262175,794
1711472262969,798
1711472263767,787
1711472264553,781
1711472265335,751
1711472266086,726
1711472266812,722
1711472267534,725
1711472268259,730
1711472268989,735
1711472269724,714
1711472270438,771
1711472271209,813
1711472272022,849
1711472272871,855
1711472273726,835
1711472274561,813
1711472275374,771
1711472276145,753
1711472276897,729
1711472277627,668
1711472278295,638
1711472278933,646
1711472279579,677
1711472280256,720
1711472280976,786
1711472281761,830
1711472282592,840
1711472283432,819
1711472284251,806
1711472285057,790
1711472285847,754
1711472286601,704
1711472287305,683
1711472287988,633
1711472288621,632
1711472289253,632
1711472289885,621
1711472290505,642
1711472291148,648
1711472291796,645
1711472292441,629
1711472293070,628
1711472293697,630
1711472294328,635
1711472294963,639
1711472295601,635
1711472296237,639
1711472296876,639
1711472297515,639
1711472298153,641
1711472298795,640
1711472299435,637
1711472300072,629
1711472300701,616
1711472301317,596
1711472301913,587
1711472302500,580
1711472303080,578
1711472303657,589
1711472304247,626
1711472304873,669
1711472305542,717
1711472306259,746
1711472307005,758
1711472307763,755
1711472308518,760
1711472309278,759
1711472310037,743
1711472310780,716
1711472311496,681
1711472312177,696
1711472312873,710
1711472313583,714
1711472314297,697
1711472314993,707
1711472315701,729
1711472316430,749
1711472317179,734
1711472317913,727
1711472318640,705
1711472319345,705
1711472320049,702
1711472320752,696
1711472321448,692
1711472322140,696
1711472322836,690
1711472323526,697
1711472324223,694
1711472324917,689
1711472325606,688
1711472326294,690
1711472326984,678
1711472327662,670
1711472328332,653
1711472328985,666
1711472329651,670
1711472330321,648
1711472330969,679
1711472331648,681
1711472332329,656
1711472332985,648
1711472333633,637
1711472334270,624
1711472334894,614
1711472335508,612
1711472336120,611
1711472336731,614
1711472337345,1287
1711472338632,654
1711472339286,635
1711472339921,621
1711472340542,627
1711472341169,633
1711472341801,645
1711472342447,667
1711472343113,688
1711472343801,707
1711472344509,723
1711472345232,722
1711472345953,709
1711472346663,656
1711472347319,652
1711472347971,672
1711472348643,716
1711472349359,771
1711472350129,810
1711472350940,826
1711472351766,795
1711472352561,726
1711472353287,732
1711472354019,736
1711472354755,754
1711472355509,766
1711472356275,750
1711472357025,746
1711472357771,739
1711472358510,714
1711472359224,700
1711472359924,693
1711472360617,687
1711472361304,686
1711472361990,672
1711472362662,676
1711472363337,682
1711472364020,699
1711472364719,710
1711472365429,712
1711472366141,729
1711472366870,719
1711472367589,680
1711472368269,658
1711472368927,660
1711472369587,661
1711472370248,660
1711472370908,675
1711472371583,684
1711472372267,680
1711472372947,675
1711472373622,679
1711472374301,675
1711472374976,665
1711472375641,664
1711472376305,675
1711472376980,681
1711472377661,659
1711472378320,672
1711472378992,677
1711472379669,687
1711472380356,700
1711472381056,717
1711472381773,699
1711472382472,712
1711472383184,702
1711472383886,692
1711472384577,674
1711472385252,646
1711472385897,626
1711472386524,614
1711472387137,614
1711472387752,624
1711472388376,645
1711472389021,668
1711472389689,680
1711472390369,664
1711472391033,654
1711472391687,660
1711472392347,672
1711472393019,675
1711472393694,682
1711472394376,677
1711472395053,672
1711472395725,676
1711472396401,670
1711472397071,693
1711472397764,692
1711472398456,712
1711472399168,722
1711472399889,733
1711472400623,714
1711472401337,719
1711472402056,728
1711472402784,718
1711472403502,693
1711472404195,704
1711472404899,689
1711472405588,689
1711472406277,688
1711472406965,687
1711472407652,694
1711472408345,709
1711472409055,715
1711472409769,704
1711472410473,706
1711472411180,724
1711472411904,730
1711472412633,725
1711472413359,691
1711472414049,698
1711472414748,693
1711472415441,639
1711472416080,606
1711472416686,613
1711472417299,641
1711472417940,689
1711472418629,732
1711472419361,669
1711472420030,641
1711472420671,642
1711472421313,644
1711472421957,641
1711472422598,626
1711472423224,622
1711472423846,624
1711472424470,618
1711472425088,625
1711472425713,627
1711472426340,623
1711472426963,621
1711472427584,612
1711472428196,615
1711472428811,606
1711472429417,593
1711472430009,587
1711472430597,579
1711472431176,574
1711472431750,571
1711472432321,563
1711472432884,562
1711472433446,557
1711472434003,556
1711472434559,545
1711472435104,550
1711472435654,555
1711472436209,556
1711472436765,576
1711472437341,590
1711472437931,624
1711472438555,659
1711472439214,676
1711472439889,692
1711472440582,683
1711472441265,657
1711472441921,637
1711472442559,618
1711472443177,610
1711472443787,589
1711472444376,576
1711472444952,563
1711472445515,553
1711472446068,546
1711472446614,548
1711472447161,1103
1711472448265,565
1711472448830,586
1711472449416,595
1711472450011,586
1711472450597,588
1711472451185,580
1711472451765,591
1711472452356,607
1711472452963,620
1711472453583,640
1711472454223,646
1711472454869,667
1711472455536,692
1711472456228,689
1711472456917,688
1711472457605,698
1711472458303,706
1711472459009,725
1711472459734,723
1711472460457,729
1711472461185,722
1711472461908,695
1711472462603,696
1711472463299,700
1711472463999,703
1711472464702,704
1711472465406,711
1711472466117,703
1711472466820,692
1711472467512,655
1711472468167,642
1711472468809,647
1711472469456,659
1711472470115,675
1711472470790,683
1711472471473,689
1711472472161,698
1711472472860,691
1711472473551,685
1711472474236,669
1711472474905,664
1711472475569,656
1711472476225,655
1711472476880,654
1711472477534,650
1711472478184,658
1711472478841,664
1711472479505,654
1711472480160,660
1711472480820,657
1711472481477,654
1711472482131,640
1711472482771,630
1711472483401,627
1711472484028,632
1711472484660,636
1711472485296,641
1711472485937,623
1711472486560,615
1711472487175,609
1711472487784,621
1711472488405,624
1711472489029,629
1711472489657,628
1711472490286,622
1711472490908,616
1711472491524,606
1711472492129,595
1711472492725,591
1711472493316,595
1711472493911,605
1711472494516,610
1711472495126,610
1711472495736,614
1711472496350,621
1711472496971,634
1711472497605,643
1711472498248,644
1711472498892,629
1711472499521,627
1711472500148,625
1711472500773,631
1711472501404,635
1711472502039,611
1711472502649,603
1711472503253,598
1711472503851,602
1711472504453,609
1711472505062,616
1711472505678,609
1711472506287,613
1711472506900,619
1711472507519,617
1711472508136,606
1711472508742,604
1711472509345,602
1711472509948,601
1711472510549,606
1711472511155,599
1711472511753,589
1711472512343,592
1711472512935,593
1711472513528,600
1711472514128,613
1711472514741,620
1711472515361,612
1711472515973,606
1711472516579,608
1711472517187,610
1711472517797,624
1711472518421,632
1711472519053,635
1711472519688,628
1711472520316,623
1711472520939,619
1711472521558,613
1711472522171,614
1711472522785,604
1711472523389,600
1711472523989,610
1711472524599,633
1711472525232,651
1711472525883,661
1711472526544,663
1711472527207,654
1711472527861,651
1711472528512,649
1711472529161,655
1711472529816,645
1711472530461,622
1711472531083,611
1711472531694,614
1711472532308,614
1711472532921,624
1711472533545,636
1711472534182,637
1711472534819,629
1711472535448,630
1711472536078,633
1711472536711,626
1711472537337,611
1711472537948,603
1711472538551,600
1711472539151,605
1711472539756,607
1711472540363,604
1711472540967,604
1711472541571,594
1711472542165,594
1711472542759,606
1711472543365,624
1711472543989,651
1711472544640,650
1711472545289,630
1711472545920,614
1711472546534,603
1711472547137,616
1711472547753,619
1711472548372,639
1711472549011,647
1711472549657,645
1711472550303,643
1711472550945,650
1711472551596,647
1711472552243,639
1711472552881,623
1711472553505,615
1711472554120,615
1711472554735,620
1711472555355,621
1711472555976,613
1711472556589,604
1711472557193,604
1711472557797,593
1711472558390,586
1711472558976,585
1711472559561,584
1711472560145,582
1711472560727,576
1711472561303,580
1711472561883,592
1711472562475,603
1711472563078,612
1711472563689,613
1711472564303,616
1711472564919,621
1711472565540,617
1711472566157,613
1711472566769,609
1711472567379,612
1711472567991,628
1711472568619,639
1711472569257,650
1711472569908,666
1711472570574,666
1711472571240,663
1711472571903,663
1711472572566,648
1711472573214,646
1711472573860,640
1711472574500,639
1711472575139,636
1711472575775,629
1711472576404,628
1711472577032,627
1711472577659,622
1711472578281,620
1711472578901,618
1711472579519,613
1711472580132,618
1711472580750,624
1711472581374,638
1711472582012,651
1711472582663,669
1711472583332,675
1711472584007,679
1711472584686,673
1711472585359,660
1711472586019,662
1711472586681,663
1711472587344,645
1711472587989,630
1711472588619,622
1711472589241,615
1711472589856,609
1711472590465,605
1711472591070,600
1711472591670,592
1711472592262,600
1711472592862,625
1711472593487,640
1711472594127,639
1711472594766,638
1711472595404,643
1711472596047,645
1711472596692,643
1711472597335,635
1711472597969,631
1711472598601,640
1711472599241,653
1711472599894,630
1711472600524,615
1711472601139,630
1711472601769,617
1711472602385,601
1711472602987,592
1711472603579,592
1711472604171,595
1711472604766,593
1711472605359,599
1711472605958,593
1711472606551,588
1711472607139,586
1711472607725,578
1711472608303,566
1711472608869,560
1711472609429,561
1711472609990,557
1711472610547,543
1711472611089,540
1711472611630,539
1711472612169,536
1711472612705,538
1711472613243,549
1711472613792,562
1711472614353,574
1711472614928,586
1711472615513,590
1711472616104,604
1711472616708,608
1711472617316,625
1711472617941,605
1711472618545,611
1711472619157,593
1711472619750,595
1711472620345,603
1711472620948,595
1711472621543,618
1711472622161,724
1711472622885,706
1711472623591,766
1711472624357,783
1711472625140,808
1711472625948,777
1711472626725,763
1711472627488,753
1711472628241,700
1711472628941,659
1711472629600,687
1711472630287,688
1711472630975,658
1711472631633,626
1711472632259,609
1711472632868,604
1711472633472,590
1711472634062,578
1711472634640,577
1711472635217,587
1711472635804,584
1711472636388,601
1711472636989,650
1711472637639,700
1711472638339,745
1711472639084,777
1711472639861,791
1711472640652,802
1711472641454,693
1711472642147,673
1711472642820,715
1711472643535,787
1711472644321,871
1711472645193,848
1711472646041,748
1711472646789,785
1711472647574,816
1711472648390,854
1711472649244,856
1711472650100,866
1711472650966,812
1711472651777,776
1711472652553,806
1711472653360,795
1711472654155,808
1711472654963,734
1711472655697,713
1711472656409,733
1711472657143,733
1711472657876,742
1711472658617,764
1711472659382,786
1711472660168,794
1711472660961,820
1711472661782,818
1711472662600,808
1711472663408,806
1711472664214,802
1711472665016,796
1711472665812,776
1711472666588,771
1711472667359,714
1711472668073,680
1711472668753,686
1711472669439,697
1711472670136,687
1711472670823,708
1711472671531,738
1711472672269,756
1711472673025,753
1711472673777,703
1711472674481,719
1711472675200,736
1711472675936,746
1711472676681,755
1711472677437,739
1711472678176,696
1711472678872,728
1711472679600,744
1711472680344,775
1711472681119,778
1711472681897,771
1711472682668,736
1711472683404,729
1711472684133,740
1711472684873,739
1711472685612,748
1711472686360,712
1711472687072,752
1711472687824,766
1711472688590,795
1711472689385,797
1711472690182,756
1711472690937,769
1711472691707,763
1711472692470,754
1711472693224,701
1711472693925,735
1711472694660,720
1711472695380,699
1711472696079,699
1711472696777,746
1711472697524,784
1711472698308,813
1711472699121,791
1711472699912,823
1711472700735,810
1711472701545,804
1711472702349,748
1711472703097,762
1711472703859,752
1711472704611,739
1711472705350,697
1711472706047,714
1711472706761,748
1711472707509,789
1711472708297,785
1711472709083,757
1711472709840,790
1711472710630,789
1711472711419,765
1711472712184,789
1711472712973,786
1711472713759,733
1711472714492,678
1711472715169,701
1711472715871,721
1711472716592,756
1711472717348,783
1711472718131,743
1711472718873,694
1711472719568,694
1711472720262,747
1711472721009,769
1711472721777,807
1711472722585,792
1711472723377,705
1711472724081,721
1711472724803,738
1711472725541,772
1711472726313,772
1711472727085,785
1711472727870,771
1711472728641,744
1711472729385,754
1711472730139,748
1711472730887,768
1711472731655,769
1711472732424,738
1711472733161,775
1711472733937,770
1711472734707,784
1711472735491,736
1711472736227,785
1711472737012,800
1711472737812,774
1711472738585,753
1711472739339,779
1711472740118,782
1711472740900,791
1711472741691,752
1711472742443,770
1711472743213,771
1711472743984,784
1711472744768,758
1711472745526,784
1711472746310,747
1711472747057,711
1711472747768,635
1711472748403,641
1711472749044,638
1711472749681,655
1711472750337,696
1711472751033,696
1711472751729,672
1711472752401,676
1711472753077,674
1711472753751,679
1711472754430,663
1711472755093,631
1711472755724,617
1711472756341,605
1711472756945,595
1711472757541,588
1711472758129,579
1711472758708,1130
1711472759838,561
1711472760399,556
1711472760955,547
1711472761502,543
1711472762045,534
1711472762579,533
1711472763112,536
1711472763648,540
1711472764188,545
1711472764733,550
1711472765283,551
1711472765833,555
1711472766389,581
1711472766969,619
1711472767589,651
1711472768240,685
1711472768925,693
1711472769617,718
1711472770336,732
1711472771068,729
1711472771797,717
1711472772513,689
1711472773203,669
1711472773872,674
1711472774545,679
1711472775225,687
1711472775912,690
1711472776601,699
1711472777301,691
1711472777992,656
1711472778648,681
1711472779329,671
1711472780000,676
1711472780676,677
1711472781353,681
1711472782033,663
1711472782697,655
1711472783352,662
1711472784014,657
1711472784671,662
1711472785333,639
1711472785972,619
1711472786591,613
1711472787204,602
1711472787806,601
1711472788407,604
1711472789011,633
1711472789644,643
1711472790287,651
1711472790937,679
1711472791617,689
1711472792305,649
1711472792955,658
1711472793613,677
1711472794289,669
1711472794959,664
1711472795623,664
1711472796287,656
1711472796943,651
1711472797593,660
1711472798254,650
1711472798904,636
1711472799540,610
1711472800150,601
1711472800751,597
1711472801348,602
1711472801950,612
1711472802561,616
1711472803177,622
1711472803800,628
1711472804428,624
1711472805052,617
1711472805669,627
1711472806296,624
1711472806920,620
1711472807540,607
1711472808147,604
1711472808751,609
1711472809360,601
1711472809961,604
1711472810565,595
1711472811160,584
1711472811744,563
1711472812307,580
1711472812887,585
1711472813472,580
1711472814052,586
1711472814638,586
1711472815224,589
1711472815813,591
1711472816404,583
1711472816987,580
1711472817567,572
1711472818139,581
1711472818720,573
1711472819293,563
1711472819856,563
1711472820419,561
1711472820980,562
1711472821542,554
1711472822096,555
1711472822651,570
1711472823221,568
1711472823789,566
1711472824355,563
1711472824918,574
1711472825492,563
1711472826055,558
1711472826613,556
1711472827169,554
1711472827723,549
1711472828272,543
1711472828815,550
1711472829365,549
1711472829913,553
1711472830467,546
1711472831013,556
1711472831569,558
1711472832127,566
1711472832693,559
1711472833252,562
1711472833814,570
1711472834384,576
1711472834960,576
1711472835536,572
1711472836108,570
1711472836678,565
1711472837243,565
1711472837808,567
1711472838375,563
1711472838937,549
1711472839487,554
1711472840041,542
1711472840583,552
1711472841135,549
1711472841684,551
1711472842235,548
1711472842783,548
1711472843331,547
1711472843878,545
1711472844423,543
1711472844966,545
1711472845511,527
1711472846038,548
1711472846585,547
1711472847133,542
1711472847675,539
1711472848214,542
1711472848756,543
1711472849299,543
1711472849841,548
1711472850390,545
1711472850935,550
1711472851485,547
1711472852032,555
1711472852587,556
1711472853143,555
1711472853697,558
1711472854256,558
1711472854814,563
1711472855377,560
1711472855937,560
1711472856497,559
1711472857056,562
1711472857617,558
1711472858176,558
1711472858734,580
1711472859313,575
1711472859889,577
1711472860465,569
1711472861035,572
1711472861607,571
1711472862177,573
1711472862751,576
1711472863327,584
1711472863911,580
1711472864491,569
1711472865060,557
1711472865617,567
1711472866184,571
1711472866755,563
1711472867318,570
1711472867888,574
1711472868462,584
1711472869046,592
1711472869638,575
1711472870213,571
1711472870784,581
1711472871365,577
1711472871942,569
1711472872511,569
1711472873080,571
1711472873651,574
1711472874225,570
1711472874795,583
1711472875377,583
1711472875961,585
1711472876545,582
1711472877128,596
1711472877724,602
1711472878326,601
1711472878927,588
1711472879515,592
1711472880107,587
1711472880694,580
1711472881273,581
1711472881855,581
1711472882436,574
1711472883009,566
1711472883576,572
1711472884148,576
1711472884724,576
1711472885300,563
1711472885863,579
1711472886441,579
1711472887021,585
1711472887606,577
1711472888183,589
1711472888772,588
1711472889360,588
1711472889948,584
1711472890532,593
1711472891125,592
1711472891717,585
1711472892302,576
1711472892878,585
1711472893463,574
1711472894037,580
1711472894617,572
1711472895189,578
1711472895767,577
1711472896344,576
1711472896920,570
1711472897489,585
1711472898075,572
1711472898647,578
1711472899225,568
1711472899793,583
1711472900376,569
1711472900945,570
1711472901515,566
1711472902081,573
1711472902654,573
1711472903227,575
1711472903801,572
1711472904374,570
1711472904944,576
1711472905520,564
1711472906084,559
1711472906643,563
1711472907206,557
1711472907763,551
1711472908313,542
1711472908856,554
1711472909409,552
1711472909961,539
1711472910501,549
1711472911049,555
1711472911605,569
1711472912174,562
1711472912736,565
1711472913301,574
1711472913875,584
1711472914459,564
1711472915023,577
1711472915600,584
1711472916184,595
1711472916779,573
1711472917352,583
1711472917935,593
1711472918528,596
1711472919124,567
1711472919691,586
1711472920277,596
1711472920873,602
1711472921475,587
1711472922062,593
1711472922655,606
1711472923261,604
1711472923865,598
1711472924463,596
1711472925059,609
1711472925668,606
1711472926273,575
1711472926849,576
1711472927425,589
1711472928014,590
1711472928604,470
1711472929073,595
1711472929669,579
1711472930248,574
1711472930822,592
1711472931414,600
1711472932014,606
1711472932620,600
1711472933220,569
1711472933789,567
1711472934356,575
1711472934931,592
1711472935523,604
1711472936127,610
1711472936737,590
1711472937327,579
1711472937905,576
1711472938481,595
1711472939077,630
1711472939707,724
1711472940431,742
1711472941173,683
1711472941856,706
1711472942561,753
1711472943315,787
1711472944102,747
1711472944849,716
1711472945565,727
1711472946292,754
1711472947046,746
1711472947792,721
1711472948513,745
1711472949257,761
1711472950019,730
1711472950749,713
1711472951462,741
1711472952203,761
1711472952964,739
1711472953703,743
1711472954446,774
1711472955220,765
1711472955985,714
1711472956699,734
1711472957433,746
1711472958179,735
1711472958913,731
1711472959645,745
1711472960390,776
1711472961166,723
1711472961889,740
1711472962629,764
1711472963393,764
1711472964157,729
1711472964886,751
1711472965637,778
1711472966415,720
1711472967135,669
1711472967804,681
1711472968485,720
1711472969205,769
1711472969974,772
1711472970745,699
1711472971445,685
1711472972129,704
1711472972833,737
1711472973571,774
1711472974345,713
1711472975057,633
1711472975691,608
1711472976299,639
1711472976937,652
1711472977590,759
1711472978349,857
1711472979206,904
1711472980110,836
1711472980945,782
1711472981728,838
1711472982566,887
1711472983453,901
1711472984353,886
1711472985240,834
1711472986073,764
1711472986838,736
1711472987574,817
1711472988391,914
1711472989305,895
1711472990200,907
1711472991107,837
1711472991944,827
1711472992771,884
1711472993655,911
1711472994566,905
1711472995471,904
1711472996375,888
1711472997263,822
1711472998085,825
1711472998910,813
1711472999723,802
1711473000525,826
1711473001351,781
1711473002132,774
1711473002905,794
1711473003700,784
1711473004484,763
1711473005247,857
1711473006104,878
1711473006982,886
1711473007868,844
1711473008712,856
1711473009568,834
1711473010401,787
1711473011189,799
1711473011988,766
1711473012753,707
1711473013461,694
1711473014155,673
1711473014828,695
1711473015523,738
1711473016261,778
1711473017039,818
1711473017857,828
1711473018685,740
1711473019425,720
1711473020145,724
1711473020869,745
1711473021614,790
1711473022404,821
1711473023225,821
1711473024046,702
1711473024748,689
1711473025437,730
1711473026167,777
1711473026944,825
1711473027769,720
1711473028489,681
1711473029169,706
1711473029876,734
1711473030609,786
1711473031396,838
1711473032233,846
1711473033080,813
1711473033893,813
1711473034705,820
1711473035526,826
1711473036352,800
1711473037152,783
1711473037935,807
1711473038742,791
1711473039533,724
1711473040257,727
1711473040984,786
1711473041769,867
1711473042637,906
1711473043543,869
1711473044412,873
1711473045285,860
1711473046145,827
1711473046972,804
1711473047776,808
1711473048584,818
1711473049401,755
1711473050157,835
1711473050992,878
1711473051870,855
1711473052725,720
1711473053445,710
1711473054155,719
1711473054873,680
1711473055553,682
1711473056236,674
1711473056910,646
1711473057556,631
1711473058187,626
1711473058813,624
1711473059437,616
1711473060053,608
1711473060661,597
1711473061257,592
1711473061849,587
1711473062437,573
1711473063009,563
1711473063573,558
1711473064131,553
1711473064684,548
1711473065232,549
1711473065781,560
1711473066341,587
1711473066928,603
1711473067531,662
1711473068193,687
1711473068880,688
1711473069568,741
1711473070309,738
1711473071047,739
1711473071785,724
1711473072510,674
1711473073184,657
1711473073841,652
1711473074493,691
1711473075184,645
1711473075829,663
1711473076492,657
1711473077149,624
1711473077773,621
1711473078393,626
1711473079020,598
1711473079617,612
1711473080230,608
1711473080838,593
1711473081431,604
1711473082035,593
1711473082628,580
1711473083208,588
1711473083796,568
1711473084364,584
1711473084948,553
1711473085501,560
1711473086061,545
1711473086606,550
1711473087156,528
1711473087684,545
1711473088229,529
1711473088758,530
1711473089288,518
1711473089806,509
1711473090315,521
1711473090836,498
1711473091334,507
1711473091841,501
1711473092342,493
1711473092835,497
1711473093332,488
1711473093820,481
1711473094301,487
1711473094788,475
1711473095263,469
1711473095732,485
1711473096217,480
1711473096697,471
1711473097168,476
1711473097644,478
1711473098121,474
1711473098596,467
1711473099063,468
1711473099531,472
1711473100003,461
1711473100464,468
1711473100932,470
1711473101401,467
1711473101869,457
1711473102326,466
1711473102792,467
1711473103259,466
1711473103725,455
1711473104180,461
1711473104641,456
1711473105097,458
1711473105555,452
1711473106007,918
1711473106925,453
1711473107377,454
1711473107832,460
1711473108292,450
1711473108742,452
1711473109193,451
1711473109645,456
1711473110101,447
1711473110548,450
1711473110998,445
1711473111443,451
1711473111894,447
1711473112341,443
1711473112784,444
1711473113228,448
1711473113676,443
1711473114119,447
1711473114566,446
1711473115012,435
1711473115447,443
1711473115889,440
1711473116329,438
1711473116768,430
1711473117198,432
1711473117630,436
1711473118065,434
1711473118500,428
1711473118928,425
1711473119353,423
1711473119776,431
1711473120207,431
1711473120638,429
1711473121067,429
1711473121496,429
1711473121925,420
1711473122345,423
1711473122768,426
1711473123193,429
1711473123623,426
1711473124049,424
1711473124473,416
1711473124889,419
1711473125308,424
1711473125732,424
1711473126156,424
1711473126580,424
1711473127004,419
1711473127423,422
1711473127845,417
1711473128262,416
1711473128678,428
1711473129105,425
1711473129531,844
1711473130375,426
1711473130801,421
1711473131222,421
1711473131643,424
1711473132067,424
1711473132491,426
1711473132917,425
1711473133342,421
1711473133763,419
1711473134182,422
1711473134604,429
1711473135033,421
1711473135454,418
1711473135872,423
1711473136295,425
1711473136720,415
1711473137135,420
1711473137555,425
1711473137980,416
1711473138396,421
1711473138817,417
1711473139233,411
1711473139645,412
1711473140057,418
1711473140475,422
1711473140897,414
1711473141311,418
1711473141729,408
1711473142137,405
1711473142542,406
1711473142948,411
1711473143359,419
1711473143777,411
1711473144189,408
1711473144597,407
1711473145004,409
1711473145413,411
1711473145824,401
1711473146225,404
1711473146629,410
1711473147039,412
1711473147451,409
1711473147860,409
1711473148269,408
1711473148677,815
1711473149492,402
1711473149894,403
1711473150297,410
1711473150707,406
1711473151113,404
1711473151517,409
1711473151926,404
1711473152329,404
1711473152734,401
1711473153135,399
1711473153534,401
1711473153935,404
1711473154339,408
1711473154747,405
1711473155152,407
1711473155559,394
1711473155953,400
1711473156353,399
1711473156752,401
1711473157153,395
1711473157548,393
1711473157941,398
1711473158339,399
1711473158737,399
1711473159137,399
1711473159536,401
1711473159937,401
1711473160337,395
1711473160733,393
1711473161126,397
1711473161523,396
1711473161919,394
1711473162313,390
1711473162703,393
1711473163096,392
1711473163488,395
1711473163883,397
1711473164280,396
1711473164676,402
1711473165078,397
1711473165475,396
1711473165871,396
1711473166267,794
1711473167061,397
1711473167457,396
1711473167854,400
1711473168254,393
1711473168647,395
1711473169041,394
1711473169436,792
1711473170228,395
1711473170623,395
1711473171017,399
1711473171417,393
1711473171809,393
1711473172203,394
1711473172597,401
1711473172998,395
1711473173393,394
1711473173787,395
1711473174182,399
1711473174581,394
1711473174975,393
1711473175368,393
1711473175761,397
1711473176158,388
1711473176545,389
1711473176935,390
1711473177325,396
1711473177721,389
1711473178110,390
1711473178500,388
1711473178888,396
1711473179284,391
1711473179675,395
1711473180070,391
1711473180461,395
1711473180856,389
1711473181245,394
1711473181639,389
1711473182028,396
1711473182424,392
1711473182816,394
1711473183209,388
1711473183598,396
1711473183993,391
1711473184385,390
1711473184775,389
1711473185164,392
1711473185556,390
1711473185945,387
1711473186333,389
1711473186721,394
1711473187116,382
1711473187497,388
1711473187886,386
1711473188272,392
1711473188664,386
1711473189049,383
1711473189433,386
1711473189819,388
1711473190207,383
1711473190590,386
1711473190976,385
1711473191361,386
1711473191747,385
1711473192132,378
1711473192510,379
1711473192889,384
1711473193273,384
1711473193657,378
1711473194035,378
1711473194413,382
1711473194795,383
1711473195177,387
1711473195565,383
1711473195948,380
1711473196328,386
1711473196713,384
1711473197097,387
1711473197485,381
1711473197865,383
1711473198249,385
1711473198633,389
1711473199023,381
1711473199404,380
1711473199784,383
1711473200167,387
1711473200553,383
1711473200937,384
1711473201321,382
1711473201703,764
1711473202467,386
1711473202853,381
1711473203233,385
1711473203619,382
1711473204001,384
1711473204385,383
1711473204768,379
1711473205147,379
1711473205526,385
1711473205911,387
1711473206297,384
1711473206681,378
1711473207060,383
1711473207443,384
1711473207827,389
1711473208216,385
1711473208601,384
1711473208985,387
1711473209372,387
1711473209759,388
1711473210147,388
1711473210535,391
1711473210926,392
1711473211318,391
1711473211709,392
1711473212101,396
1711473212497,395
1711473212892,393
1711473213285,393
1711473213678,396
1711473214073,396
1711473214470,398
1711473214868,400
1711473215268,399
1711473215667,395
1711473216062,397
1711473216459,396
1711473216855,396
1711473217251,403
1711473217654,400
1711473218054,401
1711473218455,402
1711473218857,403
1711473219260,402
1711473219662,407
1711473220069,410
1711473220479,409
1711473220888,414
1711473221302,410
1711473221712,409
1711473222121,408
1711473222529,414
1711473222943,415
1711473223358,414
1711473223772,412
1711473224184,411
1711473224595,411
1711473225006,413
1711473225419,416
1711473225835,415
1711473226249,416
1711473226665,415
1711473227081,417
1711473227497,416
1711473227913,415
1711473228329,415
1711473228744,419
1711473229163,422
1711473229585,424
1711473230009,429
1711473230438,428
1711473230865,426
1711473231292,425
1711473231717,426
1711473232143,429
1711473232572,436
1711473233008,434
1711473233441,436
1711473233878,433
1711473234311,431
1711473234742,433
1711473235175,434
1711473235609,438
1711473236047,439
1711473236486,444
1711473236929,442
1711473237372,440
1711473237812,438
1711473238249,437
1711473238687,443
1711473239129,449
1711473239579,460
1711473240039,458
1711473240497,461
1711473240958,450
1711473241408,452
1711473241860,451
1711473242311,448
1711473242759,448
1711473243207,446
1711473243653,450
1711473244103,449
1711473244552,453
1711473245005,450
1711473245455,449
1711473245904,447
1711473246351,450
1711473246801,452
1711473247253,470
1711473247723,468
1711473248191,473
1711473248664,463
1711473249127,462
1711473249589,458
1711473250047,466
1711473250513,464
1711473250977,465
1711473251441,456
1711473251897,455
1711473252353,453
1711473252806,458
1711473253264,468
1711473253732,479
1711473254211,473
1711473254684,467
1711473255151,467
1711473255617,474
1711473256092,489
1711473256581,509
1711473257089,512
1711473257601,491
1711473258093,487
1711473258580,498
1711473259078,515
1711473259593,523
1711473260116,509
1711473260625,493
1711473261118,500
1711473261617,516
1711473262134,537
1711473262671,537
1711473263208,512
1711473263720,503
1711473264223,517
1711473264740,570
1711473265310,609
1711473265919,545
1711473266464,518
1711473266982,549
1711473267531,560
1711473268091,598
1711473268689,546
1711473269235,533
1711473269768,577
1711473270345,588
1711473270933,589
1711473271521,549
1711473272071,538
1711473272609,571
1711473273180,582
1711473273761,646
1711473274408,674
1711473275081,590
1711473275672,591
1711473276263,608
1711473276871,591
1711473277462,584
1711473278046,599
1711473278645,646
1711473279291,666
1711473279957,624
1711473280581,611
1711473281192,631
1711473281823,673
1711473282496,699
1711473283195,628
1711473283823,624
1711473284447,642
1711473285089,672
1711473285761,638
1711473286399,618
1711473287017,642
1711473287659,695
1711473288353,679
1711473289033,634
1711473289667,647
1711473290313,666
1711473290980,648
1711473291628,614
1711473292241,616
1711473292857,645
1711473293503,664
1711473294167,612
1711473294779,614
1711473295393,630
1711473296023,699
1711473296721,666
1711473297388,639
1711473298027,641
1711473298668,672
1711473299340,717
1711473300057,693
1711473300750,655
1711473301405,662
1711473302067,689
1711473302756,690
1711473303446,646
1711473304092,650
1711473304742,686
1711473305428,724
1711473306152,686
1711473306838,686
1711473307524,691
1711473308215,713
1711473308928,657
1711473309585,651
1711473310236,669
1711473310905,706
1711473311611,683
1711473312294,669
1711473312963,696
1711473313659,742
1711473314401,751
1711473315152,684
1711473315836,682
1711473316518,699
1711473317217,698
1711473317915,657
1711473318572,660
1711473319232,682
1711473319913,713
1711473320627,667
1711473321294,680
1711473321974,698
1711473322672,732
1711473323404,686
1711473324089,695
1711473324785,707
1711473325492,707
1711473326199,660
1711473326859,654
1711473327513,674
1711473328187,710
1711473328897,720
1711473329617,675
1711473330292,691
1711473330983,722
1711473331705,746
1711473332451,716
1711473333167,678
1711473333845,692
1711473334537,724
1711473335261,762
1711473336023,707
1711473336729,715
1711473337445,744
1711473338189,784
1711473338973,684
1711473339657,648
1711473340305,664
1711473340969,686
1711473341655,631
1711473342286,631
1711473342917,658
1711473343575,647
1711473344222,628
1711473344849,602
1711473345452,603
1711473346055,599
1711473346654,594
1711473347248,596
1711473347844,583
1711473348427,570
1711473348997,561
1711473349558,547
1711473350105,531
1711473350636,537
1711473351173,533
1711473351705,532
1711473352238,524
1711473352761,523
1711473353285,521
1711473353806,518
1711473354324,521
1711473354845,521
1711473355366,529
1711473355895,521
1711473356416,512
1711473356928,519
1711473357447,532
1711473357979,526
1711473358505,527
1711473359032,516
1711473359548,536
1711473360084,509
1711473360593,525
1711473361118,525
1711473361643,521
1711473362164,523
1711473362687,524
1711473363211,534
1711473363745,521
1711473364265,549
1711473364815,521
1711473365336,546
1711473365881,521
1711473366403,524
1711473366927,530
1711473367457,534
1711473367991,538
1711473368529,521
1711473369049,540
1711473369590,522
1711473370112,519
1711473370631,520
1711473371151,511
1711473371662,521
1711473372183,498
1711473372681,497
1711473373177,500
1711473373678,496
1711473374174,488
1711473374662,482
1711473375144,487
1711473375631,479
1711473376110,478
1711473376588,468
1711473377056,468
1711473377524,475
1711473377999,458
1711473378457,454
1711473378911,460
1711473379371,454
1711473379825,448
1711473380273,442
1711473380715,448
1711473381163,442
1711473381605,438
1711473382043,435
1711473382478,439
1711473382917,430
1711473383347,433
1711473383780,426
1711473384206,428
1711473384633,431
1711473385065,426
1711473385491,429
1711473385920,423
1711473386343,420
1711473386763,421
1711473387184,422
1711473387606,424
1711473388030,418
1711473388448,408
1711473388856,412
1711473389268,417
1711473389685,416
1711473390101,411
1711473390512,404
1711473390916,404
1711473391320,406
1711473391726,1225
1711473392951,399
1711473393350,396
1711473393745,396
1711473394142,396
1711473394537,399
1711473394937,396
1711473395333,401
1711473395734,398
1711473396132,399
1711473396531,396
1711473396927,395
1711473397321,389
1711473397711,390
1711473398101,393
1711473398494,395
1711473398889,796
1711473399685,391
1711473400076,391
1711473400467,382
1711473400849,384
1711473401233,384
1711473401617,382
1711473401999,382
1711473402381,387
1711473402768,388
1711473403156,390
1711473403545,387
1711473403933,382
1711473404315,381
1711473404696,386
1711473405081,386
1711473405468,378
1711473405846,378
1711473406224,382
1711473406606,385
1711473406991,384
1711473407375,384
1711473407759,387
1711473408145,384
1711473408529,381
1711473408911,384
1711473409295,386
1711473409681,380
1711473410061,379
1711473410440,766
1711473411206,386
1711473411592,384
1711473411976,383
1711473412359,393
1711473412752,377
1711473413129,383
1711473413512,380
1711473413892,382
1711473414273,376
1711473414649,374
1711473415024,379
1711473415403,371
1711473415774,372
1711473416145,375
1711473416521,380
1711473416901,375
1711473417276,373
1711473417649,377
1711473418025,371
1711473418397,367
1711473418764,747
1711473419511,368
1711473419879,367
1711473420246,368
1711473420614,367
1711473420981,363
1711473421344,362
1711473421705,365
1711473422071,361
1711473422432,362
1711473422793,359
1711473423153,361
1711473423513,358
1711473423872,357
1711473424229,359
1711473424588,360
1711473424948,361
1711473425309,362
1711473425671,359
1711473426030,366
1711473426396,363
1711473426759,361
1711473427120,362
1711473427481,361
1711473427843,360
1711473428203,359
1711473428561,361
1711473428923,355
1711473429278,357
1711473429635,355
1711473429990,360
1711473430350,356
1711473430705,356
1711473431062,352
1711473431414,358
1711473431772,354
1711473432126,358
1711473432484,352
1711473432836,358
1711473433193,354
1711473433548,359
1711473433907,351
1711473434257,360
1711473434617,353
1711473434971,355
1711473435326,354
1711473435680,708
1711473436388,355
1711473436743,355
1711473437097,358
1711473437456,350
1711473437806,352
1711473438158,357
1711473438515,357
1711473438872,349
1711473439221,354
1711473439575,352
1711473439927,354
1711473440281,353
1711473440633,348
1711473440982,353
1711473441335,352
1711473441687,349
1711473442036,352
1711473442388,351
1711473442739,352
1711473443091,353
1711473443444,347
1711473443791,358
1711473444149,352
1711473444501,353
1711473444854,351
1711473445205,354
1711473445559,351
1711473445910,350
1711473446260,350
1711473446609,345
1711473446955,348
1711473447303,346
1711473447649,349
1711473447998,343
1711473448341,343
1711473448684,692
1711473449376,344
1711473449720,346
1711473450065,348
1711473450414,350
1711473450764,346
1711473451110,344
1711473451454,350
1711473451804,348
1711473452152,349
1711473452501,343
1711473452844,346
1711473453190,340
1711473453529,344
1711473453873,344
1711473454217,340
1711473454558,341
1711473454899,338
1711473455237,343
1711473455580,340
1711473455920,343
1711473456263,342
1711473456605,687
1711473457292,344
1711473457636,340
1711473457976,347
1711473458323,345
1711473458668,344
1711473459012,341
1711473459353,343
1711473459696,341
1711473460037,344
1711473460381,341
1711473460721,343
1711473461065,337
1711473461401,337
1711473461739,336
1711473462075,333
1711473462408,341
1711473462749,336
1711473463085,342
1711473463427,335
1711473463761,339
1711473464101,340
1711473464441,342
1711473464783,333
1711473465116,344
1711473465460,339
1711473465799,340
1711473466139,337
1711473466476,335
1711473466811,336
1711473467147,336
1711473467483,335
1711473467817,333
1711473468151,332
1711473468483,332
1711473468815,339
1711473469153,331
1711473469485,337
1711473469822,335
1711473470157,336
1711473470493,337
1711473470830,336
1711473471166,336
1711473471502,334
1711473471836,334
1711473472169,335
1711473472505,331
1711473472836,333
1711473473169,331
1711473473500,335
1711473473835,664
1711473474499,331
1711473474830,335
1711473475165,332
1711473475497,334
1711473475831,335
1711473476166,333
1711473476499,336
1711473476835,333
1711473477168,332
1711473477500,333
1711473477833,333
1711473478166,332
1711473478497,332
1711473478830,329
1711473479159,330
1711473479489,333
1711473479822,333
1711473480155,333
1711473480488,334
1711473480822,336
1711473481158,331
1711473481489,335
1711473481824,333
1711473482157,336
1711473482493,331
1711473482824,335
1711473483159,331
1711473483489,338
1711473483828,332
1711473484160,336
1711473484496,334
1711473484830,333
1711473485163,330
1711473485493,330
1711473485823,333
1711473486156,335
1711473486491,337
1711473486828,334
1711473487161,335
1711473487497,331
1711473487828,337
1711473488165,336
1711473488501,333
1711473488833,332
1711473489166,338
1711473489504,329
1711473489833,332
1711473490165,331
1711473490496,330
1711473490825,335
1711473491161,335
1711473491496,330
1711473491825,333
1711473492159,330
1711473492489,336
1711473492825,335
1711473493160,331
1711473493491,334
1711473493825,332
1711473494157,329
1711473494486,330
1711473494816,326
1711473495142,329
1711473495471,331
1711473495801,332
1711473496134,328
1711473496462,661
1711473497123,331
1711473497454,331
1711473497785,327
1711473498112,331
1711473498443,328
1711473498771,329
1711473499100,325
1711473499425,331
1711473499756,329
1711473500085,331
1711473500416,328
1711473500744,333
1711473501077,327
1711473501404,331
1711473501735,659
1711473502393,329
1711473502723,330
1711473503053,330
1711473503383,330
1711473503713,325
1711473504038,333
1711473504371,330
1711473504701,333
1711473505033,329
1711473505363,328
1711473505691,335
1711473506025,329
1711473506355,331
1711473506686,333
1711473507019,331
1711473507350,335
1711473507685,336
1711473508021,336
1711473508357,333
1711473508689,336
1711473509025,672
1711473509697,338
1711473510036,338
1711473510374,336
1711473510710,339
1711473511049,336
1711473511385,340
1711473511725,339
1711473512064,338
1711473512401,340
1711473512742,339
1711473513081,343
1711473513424,340
1711473513764,342
1711473514105,339
1711473514445,342
1711473514787,342
1711473515129,344
1711473515473,343
1711473515816,344
1711473516160,343
1711473516503,343
1711473516846,344
1711473517190,347
1711473517537,346
1711473517883,346
1711473518229,347
1711473518576,349
1711473518925,350
1711473519275,349
1711473519624,354
1711473519977,351
1711473520329,352
1711473520681,354
1711473521035,353
1711473521388,351
1711473521739,355
1711473522094,357
1711473522451,356
1711473522807,354
1711473523161,358
1711473523519,358
1711473523877,359
1711473524236,360
1711473524596,361
1711473524957,359
1711473525316,358
1711473525673,361
1711473526035,362
1711473526397,363
1711473526760,363
1711473527123,363
1711473527486,362
1711473527848,367
1711473528215,365
1711473528580,369
1711473528949,368
1711473529317,368
1711473529685,368
1711473530053,370
1711473530423,372
1711473530795,374
1711473531169,374
1711473531543,376
1711473531919,375
1711473532294,376
