value,timestamp
31.51,1710826284000000
31.51,1710826284250000
31.51,1710826284500000
31.51,1710826284750000
31.51,1710826285000000
31.51,1710826285250000
31.51,1710826285500000
31.51,1710826285750000
31.51,1710826286000000
31.51,1710826286250000
31.51,1710826286500000
31.51,1710826286750000
31.51,1710826287000000
31.51,1710826287250000
31.51,1710826287500000
31.51,1710826287750000
31.51,1710826288000000
31.51,1710826288250000
31.51,1710826288500000
31.51,1710826288750000
31.53,1710826289000000
31.53,1710826289250000
31.53,1710826289500000
31.53,1710826289750000
31.55,1710826290000000
31.55,1710826290250000
31.55,1710826290500000
31.55,1710826290750000
31.53,1710826291000000
31.53,1710826291250000
31.53,1710826291500000
31.53,1710826291750000
31.53,1710826292000000
31.53,1710826292250000
31.53,1710826292500000
31.53,1710826292750000
31.57,1710826293000000
31.57,1710826293250000
31.57,1710826293500000
31.57,1710826293750000
31.59,1710826294000000
31.59,1710826294250000
31.59,1710826294500000
31.59,1710826294750000
31.59,1710826295000000
31.59,1710826295250000
31.59,1710826295500000
31.59,1710826295750000
31.59,1710826296000000
31.59,1710826296250000
31.59,1710826296500000
31.59,1710826296750000
31.59,1710826297000000
31.59,1710826297250000
31.59,1710826297500000
31.59,1710826297750000
31.59,1710826298000000
31.59,1710826298250000
31.59,1710826298500000
31.59,1710826298750000
31.59,1710826299000000
31.59,1710826299250000
31.59,1710826299500000
31.59,1710826299750000
31.57,1710826300000000
31.57,1710826300250000
31.57,1710826300500000
31.57,1710826300750000
31.61,1710826301000000
31.61,1710826301250000
31.61,1710826301500000
31.61,1710826301750000
31.61,1710826302000000
31.61,1710826302250000
31.61,1710826302500000
31.61,1710826302750000
31.63,1710826303000000
31.63,1710826303250000
31.63,1710826303500000
31.63,1710826303750000
31.63,1710826304000000
31.63,1710826304250000
31.63,1710826304500000
31.63,1710826304750000
31.63,1710826305000000
31.63,1710826305250000
31.63,1710826305500000
31.63,1710826305750000
31.63,1710826306000000
31.63,1710826306250000
31.63,1710826306500000
31.63,1710826306750000
31.65,1710826307000000
31.65,1710826307250000
31.65,1710826307500000
31.65,1710826307750000
31.65,1710826308000000
31.65,1710826308250000
31.65,1710826308500000
31.65,1710826308750000
31.65,1710826309000000
31.65,1710826309250000
31.65,1710826309500000
31.65,1710826309750000
31.67,1710826310000000
31.67,1710826310250000
31.67,1710826310500000
31.67,1710826310750000
31.67,1710826311000000
31.67,1710826311250000
31.67,1710826311500000
31.67,1710826311750000
31.67,1710826312000000
31.67,1710826312250000
31.67,1710826312500000
31.67,1710826312750000
31.69,1710826313000000
31.69,1710826313250000
31.69,1710826313500000
31.69,1710826313750000
31.69,1710826314000000
31.69,1710826314250000
31.69,1710826314500000
31.69,1710826314750000
31.69,1710826315000000
31.69,1710826315250000
31.69,1710826315500000
31.69,1710826315750000
31.73,1710826316000000
31.73,1710826316250000
31.73,1710826316500000
31.73,1710826316750000
31.71,1710826317000000
31.71,1710826317250000
31.71,1710826317500000
31.71,1710826317750000
31.71,1710826318000000
31.71,1710826318250000
31.71,1710826318500000
31.71,1710826318750000
31.71,1710826319000000
31.71,1710826319250000
31.71,1710826319500000
31.71,1710826319750000
31.75,1710826320000000
31.75,1710826320250000
31.75,1710826320500000
31.75,1710826320750000
31.71,1710826321000000
31.71,1710826321250000
31.71,1710826321500000
31.71,1710826321750000
31.73,1710826322000000
31.73,1710826322250000
31.73,1710826322500000
31.73,1710826322750000
31.75,1710826323000000
31.75,1710826323250000
31.75,1710826323500000
31.75,1710826323750000
31.75,1710826324000000
31.75,1710826324250000
31.75,1710826324500000
31.75,1710826324750000
31.75,1710826325000000
31.75,1710826325250000
31.75,1710826325500000
31.75,1710826325750000
31.75,1710826326000000
31.75,1710826326250000
31.75,1710826326500000
31.75,1710826326750000
31.77,1710826327000000
31.77,1710826327250000
31.77,1710826327500000
31.77,1710826327750000
31.79,1710826328000000
31.79,1710826328250000
31.79,1710826328500000
31.79,1710826328750000
31.79,1710826329000000
31.79,1710826329250000
31.79,1710826329500000
31.79,1710826329750000
31.79,1710826330000000
31.79,1710826330250000
31.79,1710826330500000
31.79,1710826330750000
31.79,1710826331000000
31.79,1710826331250000
31.79,1710826331500000
31.79,1710826331750000
31.79,1710826332000000
31.79,1710826332250000
31.79,1710826332500000
31.79,1710826332750000
31.81,1710826333000000
31.81,1710826333250000
31.81,1710826333500000
31.81,1710826333750000
31.83,1710826334000000
31.83,1710826334250000
31.83,1710826334500000
31.83,1710826334750000
31.81,1710826335000000
31.81,1710826335250000
31.81,1710826335500000
31.81,1710826335750000
31.83,1710826336000000
31.83,1710826336250000
31.83,1710826336500000
31.83,1710826336750000
31.83,1710826337000000
31.83,1710826337250000
31.83,1710826337500000
31.83,1710826337750000
31.83,1710826338000000
31.83,1710826338250000
31.83,1710826338500000
31.83,1710826338750000
31.85,1710826339000000
31.85,1710826339250000
31.85,1710826339500000
31.85,1710826339750000
31.85,1710826340000000
31.85,1710826340250000
31.85,1710826340500000
31.85,1710826340750000
31.85,1710826341000000
31.85,1710826341250000
31.85,1710826341500000
31.85,1710826341750000
31.85,1710826342000000
31.85,1710826342250000
31.85,1710826342500000
31.85,1710826342750000
31.87,1710826343000000
31.87,1710826343250000
31.87,1710826343500000
31.87,1710826343750000
31.87,1710826344000000
31.87,1710826344250000
31.87,1710826344500000
31.87,1710826344750000
31.87,1710826345000000
31.87,1710826345250000
31.87,1710826345500000
31.87,1710826345750000
31.87,1710826346000000
31.87,1710826346250000
31.87,1710826346500000
31.87,1710826346750000
31.87,1710826347000000
31.87,1710826347250000
31.87,1710826347500000
31.87,1710826347750000
31.89,1710826348000000
31.89,1710826348250000
31.89,1710826348500000
31.89,1710826348750000
31.89,1710826349000000
31.89,1710826349250000
31.89,1710826349500000
31.89,1710826349750000
31.89,1710826350000000
31.89,1710826350250000
31.89,1710826350500000
31.89,1710826350750000
31.91,1710826351000000
31.91,1710826351250000
31.91,1710826351500000
31.91,1710826351750000
31.89,1710826352000000
31.89,1710826352250000
31.89,1710826352500000
31.89,1710826352750000
31.91,1710826353000000
31.91,1710826353250000
31.91,1710826353500000
31.91,1710826353750000
31.91,1710826354000000
31.91,1710826354250000
31.91,1710826354500000
31.91,1710826354750000
31.95,1710826355000000
31.95,1710826355250000
31.95,1710826355500000
31.95,1710826355750000
31.93,1710826356000000
31.93,1710826356250000
31.93,1710826356500000
31.93,1710826356750000
31.95,1710826357000000
31.95,1710826357250000
31.95,1710826357500000
31.95,1710826357750000
31.95,1710826358000000
31.95,1710826358250000
31.95,1710826358500000
31.95,1710826358750000
31.93,1710826359000000
31.93,1710826359250000
31.93,1710826359500000
31.93,1710826359750000
31.95,1710826360000000
31.95,1710826360250000
31.95,1710826360500000
31.95,1710826360750000
31.93,1710826361000000
31.93,1710826361250000
31.93,1710826361500000
31.93,1710826361750000
31.97,1710826362000000
31.97,1710826362250000
31.97,1710826362500000
31.97,1710826362750000
31.95,1710826363000000
31.95,1710826363250000
31.95,1710826363500000
31.95,1710826363750000
31.97,1710826364000000
31.97,1710826364250000
31.97,1710826364500000
31.97,1710826364750000
31.95,1710826365000000
31.95,1710826365250000
31.95,1710826365500000
31.95,1710826365750000
31.99,1710826366000000
31.99,1710826366250000
31.99,1710826366500000
31.99,1710826366750000
31.99,1710826367000000
31.99,1710826367250000
31.99,1710826367500000
31.99,1710826367750000
31.99,1710826368000000
31.99,1710826368250000
31.99,1710826368500000
31.99,1710826368750000
31.97,1710826369000000
31.97,1710826369250000
31.97,1710826369500000
31.97,1710826369750000
31.99,1710826370000000
31.99,1710826370250000
31.99,1710826370500000
31.99,1710826370750000
32.0,1710826371000000
32.0,1710826371250000
32.0,1710826371500000
32.0,1710826371750000
31.99,1710826372000000
31.99,1710826372250000
31.99,1710826372500000
31.99,1710826372750000
31.99,1710826373000000
31.99,1710826373250000
31.99,1710826373500000
31.99,1710826373750000
31.99,1710826374000000
31.99,1710826374250000
31.99,1710826374500000
31.99,1710826374750000
32.03,1710826375000000
32.03,1710826375250000
32.03,1710826375500000
32.03,1710826375750000
32.0,1710826376000000
32.0,1710826376250000
32.0,1710826376500000
32.0,1710826376750000
32.03,1710826377000000
32.03,1710826377250000
32.03,1710826377500000
32.03,1710826377750000
32.05,1710826378000000
32.05,1710826378250000
32.05,1710826378500000
32.05,1710826378750000
32.05,1710826379000000
32.05,1710826379250000
32.05,1710826379500000
32.05,1710826379750000
32.03,1710826380000000
32.03,1710826380250000
32.03,1710826380500000
32.03,1710826380750000
32.05,1710826381000000
32.05,1710826381250000
32.05,1710826381500000
32.05,1710826381750000
32.03,1710826382000000
32.03,1710826382250000
32.03,1710826382500000
32.03,1710826382750000
32.05,1710826383000000
32.05,1710826383250000
32.05,1710826383500000
32.05,1710826383750000
32.03,1710826384000000
32.03,1710826384250000
32.03,1710826384500000
32.03,1710826384750000
32.07,1710826385000000
32.07,1710826385250000
32.07,1710826385500000
32.07,1710826385750000
32.07,1710826386000000
32.07,1710826386250000
32.07,1710826386500000
32.07,1710826386750000
32.09,1710826387000000
32.09,1710826387250000
32.09,1710826387500000
32.09,1710826387750000
32.05,1710826388000000
32.05,1710826388250000
32.05,1710826388500000
32.05,1710826388750000
32.07,1710826389000000
32.07,1710826389250000
32.07,1710826389500000
32.07,1710826389750000
32.07,1710826390000000
32.07,1710826390250000
32.07,1710826390500000
32.07,1710826390750000
32.05,1710826391000000
32.05,1710826391250000
32.05,1710826391500000
32.05,1710826391750000
32.07,1710826392000000
32.07,1710826392250000
32.07,1710826392500000
32.07,1710826392750000
32.07,1710826393000000
32.07,1710826393250000
32.07,1710826393500000
32.07,1710826393750000
32.09,1710826394000000
32.09,1710826394250000
32.09,1710826394500000
32.09,1710826394750000
32.09,1710826395000000
32.09,1710826395250000
32.09,1710826395500000
32.09,1710826395750000
32.09,1710826396000000
32.09,1710826396250000
32.09,1710826396500000
32.09,1710826396750000
32.09,1710826397000000
32.09,1710826397250000
32.09,1710826397500000
32.09,1710826397750000
32.09,1710826398000000
32.09,1710826398250000
32.09,1710826398500000
32.09,1710826398750000
32.09,1710826399000000
32.09,1710826399250000
32.09,1710826399500000
32.09,1710826399750000
32.09,1710826400000000
32.09,1710826400250000
32.09,1710826400500000
32.09,1710826400750000
32.11,1710826401000000
32.11,1710826401250000
32.11,1710826401500000
32.11,1710826401750000
32.11,1710826402000000
32.11,1710826402250000
32.11,1710826402500000
32.11,1710826402750000
32.11,1710826403000000
32.11,1710826403250000
32.11,1710826403500000
32.11,1710826403750000
32.09,1710826404000000
32.09,1710826404250000
32.09,1710826404500000
32.09,1710826404750000
32.09,1710826405000000
32.09,1710826405250000
32.09,1710826405500000
32.09,1710826405750000
32.11,1710826406000000
32.11,1710826406250000
32.11,1710826406500000
32.11,1710826406750000
32.11,1710826407000000
32.11,1710826407250000
32.11,1710826407500000
32.11,1710826407750000
32.13,1710826408000000
32.13,1710826408250000
32.13,1710826408500000
32.13,1710826408750000
32.11,1710826409000000
32.11,1710826409250000
32.11,1710826409500000
32.11,1710826409750000
32.11,1710826410000000
32.11,1710826410250000
32.11,1710826410500000
32.11,1710826410750000
32.11,1710826411000000
32.11,1710826411250000
32.11,1710826411500000
32.11,1710826411750000
32.11,1710826412000000
32.11,1710826412250000
32.11,1710826412500000
32.11,1710826412750000
32.11,1710826413000000
32.11,1710826413250000
32.11,1710826413500000
32.11,1710826413750000
32.11,1710826414000000
32.11,1710826414250000
32.11,1710826414500000
32.11,1710826414750000
32.11,1710826415000000
32.11,1710826415250000
32.11,1710826415500000
32.11,1710826415750000
32.13,1710826416000000
32.13,1710826416250000
32.13,1710826416500000
32.13,1710826416750000
32.13,1710826417000000
32.13,1710826417250000
32.13,1710826417500000
32.13,1710826417750000
32.11,1710826418000000
32.11,1710826418250000
32.11,1710826418500000
32.11,1710826418750000
32.11,1710826419000000
32.11,1710826419250000
32.11,1710826419500000
32.11,1710826419750000
32.13,1710826420000000
32.13,1710826420250000
32.13,1710826420500000
32.13,1710826420750000
32.11,1710826421000000
32.11,1710826421250000
32.11,1710826421500000
32.11,1710826421750000
32.13,1710826422000000
32.13,1710826422250000
32.13,1710826422500000
32.13,1710826422750000
32.13,1710826423000000
32.13,1710826423250000
32.13,1710826423500000
32.13,1710826423750000
32.13,1710826424000000
32.13,1710826424250000
32.13,1710826424500000
32.13,1710826424750000
32.13,1710826425000000
32.13,1710826425250000
32.13,1710826425500000
32.13,1710826425750000
32.11,1710826426000000
32.11,1710826426250000
32.11,1710826426500000
32.11,1710826426750000
32.11,1710826427000000
32.11,1710826427250000
32.11,1710826427500000
32.11,1710826427750000
32.11,1710826428000000
32.11,1710826428250000
32.11,1710826428500000
32.11,1710826428750000
32.13,1710826429000000
32.13,1710826429250000
32.13,1710826429500000
32.13,1710826429750000
32.15,1710826430000000
32.15,1710826430250000
32.15,1710826430500000
32.15,1710826430750000
32.15,1710826431000000
32.15,1710826431250000
32.15,1710826431500000
32.15,1710826431750000
32.13,1710826432000000
32.13,1710826432250000
32.13,1710826432500000
32.13,1710826432750000
32.15,1710826433000000
32.15,1710826433250000
32.15,1710826433500000
32.15,1710826433750000
32.13,1710826434000000
32.13,1710826434250000
32.13,1710826434500000
32.13,1710826434750000
32.15,1710826435000000
32.15,1710826435250000
32.15,1710826435500000
32.15,1710826435750000
32.15,1710826436000000
32.15,1710826436250000
32.15,1710826436500000
32.15,1710826436750000
32.15,1710826437000000
32.15,1710826437250000
32.15,1710826437500000
32.15,1710826437750000
32.13,1710826438000000
32.13,1710826438250000
32.13,1710826438500000
32.13,1710826438750000
32.15,1710826439000000
32.15,1710826439250000
32.15,1710826439500000
32.15,1710826439750000
32.15,1710826440000000
32.15,1710826440250000
32.15,1710826440500000
32.15,1710826440750000
32.15,1710826441000000
32.15,1710826441250000
32.15,1710826441500000
32.15,1710826441750000
32.16,1710826442000000
32.16,1710826442250000
32.16,1710826442500000
32.16,1710826442750000
32.15,1710826443000000
32.15,1710826443250000
32.15,1710826443500000
32.15,1710826443750000
32.15,1710826444000000
32.15,1710826444250000
32.15,1710826444500000
32.15,1710826444750000
32.16,1710826445000000
32.16,1710826445250000
32.16,1710826445500000
32.16,1710826445750000
32.18,1710826446000000
32.18,1710826446250000
32.18,1710826446500000
32.18,1710826446750000
32.16,1710826447000000
32.16,1710826447250000
32.16,1710826447500000
32.16,1710826447750000
32.16,1710826448000000
32.16,1710826448250000
32.16,1710826448500000
32.16,1710826448750000
32.18,1710826449000000
32.18,1710826449250000
32.18,1710826449500000
32.18,1710826449750000
32.18,1710826450000000
32.18,1710826450250000
32.18,1710826450500000
32.18,1710826450750000
32.16,1710826451000000
32.16,1710826451250000
32.16,1710826451500000
32.16,1710826451750000
32.21,1710826452000000
32.21,1710826452250000
32.21,1710826452500000
32.21,1710826452750000
32.18,1710826453000000
32.18,1710826453250000
32.18,1710826453500000
32.18,1710826453750000
32.21,1710826454000000
32.21,1710826454250000
32.21,1710826454500000
32.21,1710826454750000
32.18,1710826455000000
32.18,1710826455250000
32.18,1710826455500000
32.18,1710826455750000
32.18,1710826456000000
32.18,1710826456250000
32.18,1710826456500000
32.18,1710826456750000
32.18,1710826457000000
32.18,1710826457250000
32.18,1710826457500000
32.18,1710826457750000
32.21,1710826458000000
32.21,1710826458250000
32.21,1710826458500000
32.21,1710826458750000
32.21,1710826459000000
32.21,1710826459250000
32.21,1710826459500000
32.21,1710826459750000
32.18,1710826460000000
32.18,1710826460250000
32.18,1710826460500000
32.18,1710826460750000
32.18,1710826461000000
32.18,1710826461250000
32.18,1710826461500000
32.18,1710826461750000
32.21,1710826462000000
32.21,1710826462250000
32.21,1710826462500000
32.21,1710826462750000
32.21,1710826463000000
32.21,1710826463250000
32.21,1710826463500000
32.21,1710826463750000
32.21,1710826464000000
32.21,1710826464250000
32.21,1710826464500000
32.21,1710826464750000
32.18,1710826465000000
32.18,1710826465250000
32.18,1710826465500000
32.18,1710826465750000
32.21,1710826466000000
32.21,1710826466250000
32.21,1710826466500000
32.21,1710826466750000
32.21,1710826467000000
32.21,1710826467250000
32.21,1710826467500000
32.21,1710826467750000
32.23,1710826468000000
32.23,1710826468250000
32.23,1710826468500000
32.23,1710826468750000
32.23,1710826469000000
32.23,1710826469250000
32.23,1710826469500000
32.23,1710826469750000
32.21,1710826470000000
32.21,1710826470250000
32.21,1710826470500000
32.21,1710826470750000
32.21,1710826471000000
32.21,1710826471250000
32.21,1710826471500000
32.21,1710826471750000
32.21,1710826472000000
32.21,1710826472250000
32.21,1710826472500000
32.21,1710826472750000
32.21,1710826473000000
32.21,1710826473250000
32.21,1710826473500000
32.21,1710826473750000
32.21,1710826474000000
32.21,1710826474250000
32.21,1710826474500000
32.21,1710826474750000
32.21,1710826475000000
32.21,1710826475250000
32.21,1710826475500000
32.21,1710826475750000
32.21,1710826476000000
32.21,1710826476250000
32.21,1710826476500000
32.21,1710826476750000
32.23,1710826477000000
32.23,1710826477250000
32.23,1710826477500000
32.23,1710826477750000
32.25,1710826478000000
32.25,1710826478250000
32.25,1710826478500000
32.25,1710826478750000
32.21,1710826479000000
32.21,1710826479250000
32.21,1710826479500000
32.21,1710826479750000
32.23,1710826480000000
32.23,1710826480250000
32.23,1710826480500000
32.23,1710826480750000
32.25,1710826481000000
32.25,1710826481250000
32.25,1710826481500000
32.25,1710826481750000
32.23,1710826482000000
32.23,1710826482250000
32.23,1710826482500000
32.23,1710826482750000
32.23,1710826483000000
32.23,1710826483250000
32.23,1710826483500000
32.23,1710826483750000
32.21,1710826484000000
32.21,1710826484250000
32.21,1710826484500000
32.21,1710826484750000
32.23,1710826485000000
32.23,1710826485250000
32.23,1710826485500000
32.23,1710826485750000
32.25,1710826486000000
32.25,1710826486250000
32.25,1710826486500000
32.25,1710826486750000
32.25,1710826487000000
32.25,1710826487250000
32.25,1710826487500000
32.25,1710826487750000
32.23,1710826488000000
32.23,1710826488250000
32.23,1710826488500000
32.23,1710826488750000
32.23,1710826489000000
32.23,1710826489250000
32.23,1710826489500000
32.23,1710826489750000
32.25,1710826490000000
32.25,1710826490250000
32.25,1710826490500000
32.25,1710826490750000
32.25,1710826491000000
32.25,1710826491250000
32.25,1710826491500000
32.25,1710826491750000
32.23,1710826492000000
32.23,1710826492250000
32.23,1710826492500000
32.23,1710826492750000
32.25,1710826493000000
32.25,1710826493250000
32.25,1710826493500000
32.25,1710826493750000
32.23,1710826494000000
32.23,1710826494250000
32.23,1710826494500000
32.23,1710826494750000
32.25,1710826495000000
32.25,1710826495250000
32.25,1710826495500000
32.25,1710826495750000
32.27,1710826496000000
32.27,1710826496250000
32.27,1710826496500000
32.27,1710826496750000
32.25,1710826497000000
32.25,1710826497250000
32.25,1710826497500000
32.25,1710826497750000
32.25,1710826498000000
32.25,1710826498250000
32.25,1710826498500000
32.25,1710826498750000
32.25,1710826499000000
32.25,1710826499250000
32.25,1710826499500000
32.25,1710826499750000
32.25,1710826500000000
32.25,1710826500250000
32.25,1710826500500000
32.25,1710826500750000
32.25,1710826501000000
32.25,1710826501250000
32.25,1710826501500000
32.25,1710826501750000
32.23,1710826502000000
32.23,1710826502250000
32.23,1710826502500000
32.23,1710826502750000
32.23,1710826503000000
32.23,1710826503250000
32.23,1710826503500000
32.23,1710826503750000
32.27,1710826504000000
32.27,1710826504250000
32.27,1710826504500000
32.27,1710826504750000
32.25,1710826505000000
32.25,1710826505250000
32.25,1710826505500000
32.25,1710826505750000
32.25,1710826506000000
32.25,1710826506250000
32.25,1710826506500000
32.25,1710826506750000
32.25,1710826507000000
32.25,1710826507250000
32.25,1710826507500000
32.25,1710826507750000
32.23,1710826508000000
32.23,1710826508250000
32.23,1710826508500000
32.23,1710826508750000
32.23,1710826509000000
32.23,1710826509250000
32.23,1710826509500000
32.23,1710826509750000
32.23,1710826510000000
32.23,1710826510250000
32.23,1710826510500000
32.23,1710826510750000
32.23,1710826511000000
32.23,1710826511250000
32.23,1710826511500000
32.23,1710826511750000
32.23,1710826512000000
32.23,1710826512250000
32.23,1710826512500000
32.23,1710826512750000
32.27,1710826513000000
32.27,1710826513250000
32.27,1710826513500000
32.27,1710826513750000
32.25,1710826514000000
32.25,1710826514250000
32.25,1710826514500000
32.25,1710826514750000
32.23,1710826515000000
32.23,1710826515250000
32.23,1710826515500000
32.23,1710826515750000
32.25,1710826516000000
32.25,1710826516250000
32.25,1710826516500000
32.25,1710826516750000
32.25,1710826517000000
32.25,1710826517250000
32.25,1710826517500000
32.25,1710826517750000
32.27,1710826518000000
32.27,1710826518250000
32.27,1710826518500000
32.27,1710826518750000
32.25,1710826519000000
32.25,1710826519250000
32.25,1710826519500000
32.25,1710826519750000
32.23,1710826520000000
32.23,1710826520250000
32.23,1710826520500000
32.23,1710826520750000
32.29,1710826521000000
32.29,1710826521250000
32.29,1710826521500000
32.29,1710826521750000
32.25,1710826522000000
32.25,1710826522250000
32.25,1710826522500000
32.25,1710826522750000
32.25,1710826523000000
32.25,1710826523250000
32.25,1710826523500000
32.25,1710826523750000
32.23,1710826524000000
32.23,1710826524250000
32.23,1710826524500000
32.23,1710826524750000
32.23,1710826525000000
32.23,1710826525250000
32.23,1710826525500000
32.23,1710826525750000
32.25,1710826526000000
32.25,1710826526250000
32.25,1710826526500000
32.25,1710826526750000
32.25,1710826527000000
32.25,1710826527250000
32.25,1710826527500000
32.25,1710826527750000
32.27,1710826528000000
32.27,1710826528250000
32.27,1710826528500000
32.27,1710826528750000
32.25,1710826529000000
32.25,1710826529250000
32.25,1710826529500000
32.25,1710826529750000
32.25,1710826530000000
32.25,1710826530250000
32.25,1710826530500000
32.25,1710826530750000
32.25,1710826531000000
32.25,1710826531250000
32.25,1710826531500000
32.25,1710826531750000
32.25,1710826532000000
32.25,1710826532250000
32.25,1710826532500000
32.25,1710826532750000
32.25,1710826533000000
32.25,1710826533250000
32.25,1710826533500000
32.25,1710826533750000
32.23,1710826534000000
32.23,1710826534250000
32.23,1710826534500000
32.23,1710826534750000
32.25,1710826535000000
32.25,1710826535250000
32.25,1710826535500000
32.25,1710826535750000
32.25,1710826536000000
32.25,1710826536250000
32.25,1710826536500000
32.25,1710826536750000
32.23,1710826537000000
32.23,1710826537250000
32.23,1710826537500000
32.23,1710826537750000
32.25,1710826538000000
32.25,1710826538250000
32.25,1710826538500000
32.25,1710826538750000
32.25,1710826539000000
32.25,1710826539250000
32.25,1710826539500000
32.25,1710826539750000
32.25,1710826540000000
32.25,1710826540250000
32.25,1710826540500000
32.25,1710826540750000
32.27,1710826541000000
32.27,1710826541250000
32.27,1710826541500000
32.27,1710826541750000
32.27,1710826542000000
32.27,1710826542250000
32.27,1710826542500000
32.27,1710826542750000
32.25,1710826543000000
32.25,1710826543250000
32.25,1710826543500000
32.25,1710826543750000
32.25,1710826544000000
32.25,1710826544250000
32.25,1710826544500000
32.25,1710826544750000
32.23,1710826545000000
32.23,1710826545250000
32.23,1710826545500000
32.23,1710826545750000
32.25,1710826546000000
32.25,1710826546250000
32.25,1710826546500000
32.25,1710826546750000
32.25,1710826547000000
32.25,1710826547250000
32.25,1710826547500000
32.25,1710826547750000
32.27,1710826548000000
32.27,1710826548250000
32.27,1710826548500000
32.27,1710826548750000
32.25,1710826549000000
32.25,1710826549250000
32.25,1710826549500000
32.25,1710826549750000
32.23,1710826550000000
32.23,1710826550250000
32.23,1710826550500000
32.23,1710826550750000
32.29,1710826551000000
32.29,1710826551250000
32.29,1710826551500000
32.29,1710826551750000
32.25,1710826552000000
32.25,1710826552250000
32.25,1710826552500000
32.25,1710826552750000
32.25,1710826553000000
32.25,1710826553250000
32.25,1710826553500000
32.25,1710826553750000
32.25,1710826554000000
32.25,1710826554250000
32.25,1710826554500000
32.25,1710826554750000
32.23,1710826555000000
32.23,1710826555250000
32.23,1710826555500000
32.23,1710826555750000
32.27,1710826556000000
32.27,1710826556250000
32.27,1710826556500000
32.27,1710826556750000
32.25,1710826557000000
32.25,1710826557250000
32.25,1710826557500000
32.25,1710826557750000
32.25,1710826558000000
32.25,1710826558250000
32.25,1710826558500000
32.25,1710826558750000
32.25,1710826559000000
32.25,1710826559250000
32.25,1710826559500000
32.25,1710826559750000
32.27,1710826560000000
32.27,1710826560250000
32.27,1710826560500000
32.27,1710826560750000
32.27,1710826561000000
32.27,1710826561250000
32.27,1710826561500000
32.27,1710826561750000
32.27,1710826562000000
32.27,1710826562250000
32.27,1710826562500000
32.27,1710826562750000
32.27,1710826563000000
32.27,1710826563250000
32.27,1710826563500000
32.27,1710826563750000
32.25,1710826564000000
32.25,1710826564250000
32.25,1710826564500000
32.25,1710826564750000
32.25,1710826565000000
32.25,1710826565250000
32.25,1710826565500000
32.25,1710826565750000
32.27,1710826566000000
32.27,1710826566250000
32.27,1710826566500000
32.27,1710826566750000
32.27,1710826567000000
32.27,1710826567250000
32.27,1710826567500000
32.27,1710826567750000
32.25,1710826568000000
32.25,1710826568250000
32.25,1710826568500000
32.25,1710826568750000
32.27,1710826569000000
32.27,1710826569250000
32.27,1710826569500000
32.27,1710826569750000
32.25,1710826570000000
32.25,1710826570250000
32.25,1710826570500000
32.25,1710826570750000
32.27,1710826571000000
32.27,1710826571250000
32.27,1710826571500000
32.27,1710826571750000
32.27,1710826572000000
32.27,1710826572250000
32.27,1710826572500000
32.27,1710826572750000
32.25,1710826573000000
32.25,1710826573250000
32.25,1710826573500000
32.25,1710826573750000
32.25,1710826574000000
32.25,1710826574250000
32.25,1710826574500000
32.25,1710826574750000
32.27,1710826575000000
32.27,1710826575250000
32.27,1710826575500000
32.27,1710826575750000
32.23,1710826576000000
32.23,1710826576250000
32.23,1710826576500000
32.23,1710826576750000
32.27,1710826577000000
32.27,1710826577250000
32.27,1710826577500000
32.27,1710826577750000
32.25,1710826578000000
32.25,1710826578250000
32.25,1710826578500000
32.25,1710826578750000
32.27,1710826579000000
32.27,1710826579250000
32.27,1710826579500000
32.27,1710826579750000
32.25,1710826580000000
32.25,1710826580250000
32.25,1710826580500000
32.25,1710826580750000
32.27,1710826581000000
32.27,1710826581250000
32.27,1710826581500000
32.27,1710826581750000
32.27,1710826582000000
32.27,1710826582250000
32.27,1710826582500000
32.27,1710826582750000
32.27,1710826583000000
32.27,1710826583250000
32.27,1710826583500000
32.27,1710826583750000
32.27,1710826584000000
32.27,1710826584250000
32.27,1710826584500000
32.27,1710826584750000
32.25,1710826585000000
32.25,1710826585250000
32.25,1710826585500000
32.25,1710826585750000
32.27,1710826586000000
32.27,1710826586250000
32.27,1710826586500000
32.27,1710826586750000
32.27,1710826587000000
32.27,1710826587250000
32.27,1710826587500000
32.27,1710826587750000
32.25,1710826588000000
32.25,1710826588250000
32.25,1710826588500000
32.25,1710826588750000
32.27,1710826589000000
32.27,1710826589250000
32.27,1710826589500000
32.27,1710826589750000
32.25,1710826590000000
32.25,1710826590250000
32.25,1710826590500000
32.25,1710826590750000
32.27,1710826591000000
32.27,1710826591250000
32.27,1710826591500000
32.27,1710826591750000
32.27,1710826592000000
32.27,1710826592250000
32.27,1710826592500000
32.27,1710826592750000
32.25,1710826593000000
32.25,1710826593250000
32.25,1710826593500000
32.25,1710826593750000
32.25,1710826594000000
32.25,1710826594250000
32.25,1710826594500000
32.25,1710826594750000
32.23,1710826595000000
32.23,1710826595250000
32.23,1710826595500000
32.23,1710826595750000
32.27,1710826596000000
32.27,1710826596250000
32.27,1710826596500000
32.27,1710826596750000
32.25,1710826597000000
32.25,1710826597250000
32.25,1710826597500000
32.25,1710826597750000
32.25,1710826598000000
32.25,1710826598250000
32.25,1710826598500000
32.25,1710826598750000
32.25,1710826599000000
32.25,1710826599250000
32.25,1710826599500000
32.25,1710826599750000
32.27,1710826600000000
32.27,1710826600250000
32.27,1710826600500000
32.27,1710826600750000
32.25,1710826601000000
32.25,1710826601250000
32.25,1710826601500000
32.25,1710826601750000
32.25,1710826602000000
32.25,1710826602250000
32.25,1710826602500000
32.25,1710826602750000
32.25,1710826603000000
32.25,1710826603250000
32.25,1710826603500000
32.25,1710826603750000
32.27,1710826604000000
32.27,1710826604250000
32.27,1710826604500000
32.27,1710826604750000
32.25,1710826605000000
32.25,1710826605250000
32.25,1710826605500000
32.25,1710826605750000
32.25,1710826606000000
32.25,1710826606250000
32.25,1710826606500000
32.25,1710826606750000
32.27,1710826607000000
32.27,1710826607250000
32.27,1710826607500000
32.27,1710826607750000
32.25,1710826608000000
32.25,1710826608250000
32.25,1710826608500000
32.25,1710826608750000
32.25,1710826609000000
32.25,1710826609250000
32.25,1710826609500000
32.25,1710826609750000
32.25,1710826610000000
32.25,1710826610250000
32.25,1710826610500000
32.25,1710826610750000
32.23,1710826611000000
32.23,1710826611250000
32.23,1710826611500000
32.23,1710826611750000
32.25,1710826612000000
32.25,1710826612250000
32.25,1710826612500000
32.25,1710826612750000
32.27,1710826613000000
32.27,1710826613250000
32.27,1710826613500000
32.27,1710826613750000
32.25,1710826614000000
32.25,1710826614250000
32.25,1710826614500000
32.25,1710826614750000
32.25,1710826615000000
32.25,1710826615250000
32.25,1710826615500000
32.25,1710826615750000
32.23,1710826616000000
32.23,1710826616250000
32.23,1710826616500000
32.23,1710826616750000
32.27,1710826617000000
32.27,1710826617250000
32.27,1710826617500000
32.27,1710826617750000
32.25,1710826618000000
32.25,1710826618250000
32.25,1710826618500000
32.25,1710826618750000
32.25,1710826619000000
32.25,1710826619250000
32.25,1710826619500000
32.25,1710826619750000
32.25,1710826620000000
32.25,1710826620250000
32.25,1710826620500000
32.25,1710826620750000
32.25,1710826621000000
32.25,1710826621250000
32.25,1710826621500000
32.25,1710826621750000
32.23,1710826622000000
32.23,1710826622250000
32.23,1710826622500000
32.23,1710826622750000
32.23,1710826623000000
32.23,1710826623250000
32.23,1710826623500000
32.23,1710826623750000
32.25,1710826624000000
32.25,1710826624250000
32.25,1710826624500000
32.25,1710826624750000
32.23,1710826625000000
32.23,1710826625250000
32.23,1710826625500000
32.23,1710826625750000
32.25,1710826626000000
32.25,1710826626250000
32.25,1710826626500000
32.25,1710826626750000
32.25,1710826627000000
32.25,1710826627250000
32.25,1710826627500000
32.25,1710826627750000
32.27,1710826628000000
32.27,1710826628250000
32.27,1710826628500000
32.27,1710826628750000
32.23,1710826629000000
32.23,1710826629250000
32.23,1710826629500000
32.23,1710826629750000
32.25,1710826630000000
32.25,1710826630250000
32.25,1710826630500000
32.25,1710826630750000
32.25,1710826631000000
32.25,1710826631250000
32.25,1710826631500000
32.25,1710826631750000
32.25,1710826632000000
32.25,1710826632250000
32.25,1710826632500000
32.25,1710826632750000
32.25,1710826633000000
32.25,1710826633250000
32.25,1710826633500000
32.25,1710826633750000
32.25,1710826634000000
32.25,1710826634250000
32.25,1710826634500000
32.25,1710826634750000
32.23,1710826635000000
32.23,1710826635250000
32.23,1710826635500000
32.23,1710826635750000
32.23,1710826636000000
32.23,1710826636250000
32.23,1710826636500000
32.23,1710826636750000
32.27,1710826637000000
32.27,1710826637250000
32.27,1710826637500000
32.27,1710826637750000
32.25,1710826638000000
32.25,1710826638250000
32.25,1710826638500000
32.25,1710826638750000
32.23,1710826639000000
32.23,1710826639250000
32.23,1710826639500000
32.23,1710826639750000
32.27,1710826640000000
32.27,1710826640250000
32.27,1710826640500000
32.27,1710826640750000
32.25,1710826641000000
32.25,1710826641250000
32.25,1710826641500000
32.25,1710826641750000
32.27,1710826642000000
32.27,1710826642250000
32.27,1710826642500000
32.27,1710826642750000
32.27,1710826643000000
32.27,1710826643250000
32.27,1710826643500000
32.27,1710826643750000
32.29,1710826644000000
32.29,1710826644250000
32.29,1710826644500000
32.29,1710826644750000
32.25,1710826645000000
32.25,1710826645250000
32.25,1710826645500000
32.25,1710826645750000
32.29,1710826646000000
32.29,1710826646250000
32.29,1710826646500000
32.29,1710826646750000
32.27,1710826647000000
32.27,1710826647250000
32.27,1710826647500000
32.27,1710826647750000
32.27,1710826648000000
32.27,1710826648250000
32.27,1710826648500000
32.27,1710826648750000
32.27,1710826649000000
32.27,1710826649250000
32.27,1710826649500000
32.27,1710826649750000
32.29,1710826650000000
32.29,1710826650250000
32.29,1710826650500000
32.29,1710826650750000
32.27,1710826651000000
32.27,1710826651250000
32.27,1710826651500000
32.27,1710826651750000
32.29,1710826652000000
32.29,1710826652250000
32.29,1710826652500000
32.29,1710826652750000
32.31,1710826653000000
32.31,1710826653250000
32.31,1710826653500000
32.31,1710826653750000
32.31,1710826654000000
32.31,1710826654250000
32.31,1710826654500000
32.31,1710826654750000
32.31,1710826655000000
32.31,1710826655250000
32.31,1710826655500000
32.31,1710826655750000
32.33,1710826656000000
32.33,1710826656250000
32.33,1710826656500000
32.33,1710826656750000
32.31,1710826657000000
32.31,1710826657250000
32.31,1710826657500000
32.31,1710826657750000
32.31,1710826658000000
32.31,1710826658250000
32.31,1710826658500000
32.31,1710826658750000
32.33,1710826659000000
32.33,1710826659250000
32.33,1710826659500000
32.33,1710826659750000
32.31,1710826660000000
32.31,1710826660250000
32.31,1710826660500000
32.31,1710826660750000
32.34,1710826661000000
32.34,1710826661250000
32.34,1710826661500000
32.34,1710826661750000
32.34,1710826662000000
32.34,1710826662250000
32.34,1710826662500000
32.34,1710826662750000
32.34,1710826663000000
32.34,1710826663250000
32.34,1710826663500000
32.34,1710826663750000
32.37,1710826664000000
32.37,1710826664250000
32.37,1710826664500000
32.37,1710826664750000
32.34,1710826665000000
32.34,1710826665250000
32.34,1710826665500000
32.34,1710826665750000
32.37,1710826666000000
32.37,1710826666250000
32.37,1710826666500000
32.37,1710826666750000
32.34,1710826667000000
32.34,1710826667250000
32.34,1710826667500000
32.34,1710826667750000
32.34,1710826668000000
32.34,1710826668250000
32.34,1710826668500000
32.34,1710826668750000
32.37,1710826669000000
32.37,1710826669250000
32.37,1710826669500000
32.37,1710826669750000
32.34,1710826670000000
32.34,1710826670250000
32.34,1710826670500000
32.34,1710826670750000
32.37,1710826671000000
32.37,1710826671250000
32.37,1710826671500000
32.37,1710826671750000
32.37,1710826672000000
32.37,1710826672250000
32.37,1710826672500000
32.37,1710826672750000
32.37,1710826673000000
32.37,1710826673250000
32.37,1710826673500000
32.37,1710826673750000
32.39,1710826674000000
32.39,1710826674250000
32.39,1710826674500000
32.39,1710826674750000
32.39,1710826675000000
32.39,1710826675250000
32.39,1710826675500000
32.39,1710826675750000
32.41,1710826676000000
32.41,1710826676250000
32.41,1710826676500000
32.41,1710826676750000
32.41,1710826677000000
32.41,1710826677250000
32.41,1710826677500000
32.41,1710826677750000
32.39,1710826678000000
32.39,1710826678250000
32.39,1710826678500000
32.39,1710826678750000
32.41,1710826679000000
32.41,1710826679250000
32.41,1710826679500000
32.41,1710826679750000
32.43,1710826680000000
32.43,1710826680250000
32.43,1710826680500000
32.43,1710826680750000
32.41,1710826681000000
32.41,1710826681250000
32.41,1710826681500000
32.41,1710826681750000
32.43,1710826682000000
32.43,1710826682250000
32.43,1710826682500000
32.43,1710826682750000
32.45,1710826683000000
32.45,1710826683250000
32.45,1710826683500000
32.45,1710826683750000
32.43,1710826684000000
32.43,1710826684250000
32.43,1710826684500000
32.43,1710826684750000
32.45,1710826685000000
32.45,1710826685250000
32.45,1710826685500000
32.45,1710826685750000
32.45,1710826686000000
32.45,1710826686250000
32.45,1710826686500000
32.45,1710826686750000
32.45,1710826687000000
32.45,1710826687250000
32.45,1710826687500000
32.45,1710826687750000
32.45,1710826688000000
32.45,1710826688250000
32.45,1710826688500000
32.45,1710826688750000
32.47,1710826689000000
32.47,1710826689250000
32.47,1710826689500000
32.47,1710826689750000
32.45,1710826690000000
32.45,1710826690250000
32.45,1710826690500000
32.45,1710826690750000
32.47,1710826691000000
32.47,1710826691250000
32.47,1710826691500000
32.47,1710826691750000
32.47,1710826692000000
32.47,1710826692250000
32.47,1710826692500000
32.47,1710826692750000
32.49,1710826693000000
32.49,1710826693250000
32.49,1710826693500000
32.49,1710826693750000
32.49,1710826694000000
32.49,1710826694250000
32.49,1710826694500000
32.49,1710826694750000
32.49,1710826695000000
32.49,1710826695250000
32.49,1710826695500000
32.49,1710826695750000
32.47,1710826696000000
32.47,1710826696250000
32.47,1710826696500000
32.47,1710826696750000
32.49,1710826697000000
32.49,1710826697250000
32.49,1710826697500000
32.49,1710826697750000
32.47,1710826698000000
32.47,1710826698250000
32.47,1710826698500000
32.47,1710826698750000
32.47,1710826699000000
32.47,1710826699250000
32.47,1710826699500000
32.47,1710826699750000
32.49,1710826700000000
32.49,1710826700250000
32.49,1710826700500000
32.49,1710826700750000
32.5,1710826701000000
32.5,1710826701250000
32.5,1710826701500000
32.5,1710826701750000
32.53,1710826702000000
32.53,1710826702250000
32.53,1710826702500000
32.53,1710826702750000
32.53,1710826703000000
32.53,1710826703250000
32.53,1710826703500000
32.53,1710826703750000
32.53,1710826704000000
32.53,1710826704250000
32.53,1710826704500000
32.53,1710826704750000
32.5,1710826705000000
32.5,1710826705250000
32.5,1710826705500000
32.5,1710826705750000
32.53,1710826706000000
32.53,1710826706250000
32.53,1710826706500000
32.53,1710826706750000
32.5,1710826707000000
32.5,1710826707250000
32.5,1710826707500000
32.5,1710826707750000
32.53,1710826708000000
32.53,1710826708250000
32.53,1710826708500000
32.53,1710826708750000
32.53,1710826709000000
32.53,1710826709250000
32.53,1710826709500000
32.53,1710826709750000
32.53,1710826710000000
32.53,1710826710250000
32.53,1710826710500000
32.53,1710826710750000
32.57,1710826711000000
32.57,1710826711250000
32.57,1710826711500000
32.57,1710826711750000
32.53,1710826712000000
32.53,1710826712250000
32.53,1710826712500000
32.53,1710826712750000
32.53,1710826713000000
32.53,1710826713250000
32.53,1710826713500000
32.53,1710826713750000
32.57,1710826714000000
32.57,1710826714250000
32.57,1710826714500000
32.57,1710826714750000
32.57,1710826715000000
32.57,1710826715250000
32.57,1710826715500000
32.57,1710826715750000
32.55,1710826716000000
32.55,1710826716250000
32.55,1710826716500000
32.55,1710826716750000
32.53,1710826717000000
32.53,1710826717250000
32.53,1710826717500000
32.53,1710826717750000
32.57,1710826718000000
32.57,1710826718250000
32.57,1710826718500000
32.57,1710826718750000
32.57,1710826719000000
32.57,1710826719250000
32.57,1710826719500000
32.57,1710826719750000
32.57,1710826720000000
32.57,1710826720250000
32.57,1710826720500000
32.57,1710826720750000
32.57,1710826721000000
32.57,1710826721250000
32.57,1710826721500000
32.57,1710826721750000
32.61,1710826722000000
32.61,1710826722250000
32.61,1710826722500000
32.61,1710826722750000
32.61,1710826723000000
32.61,1710826723250000
32.61,1710826723500000
32.61,1710826723750000
32.59,1710826724000000
32.59,1710826724250000
32.59,1710826724500000
32.59,1710826724750000
32.59,1710826725000000
32.59,1710826725250000
32.59,1710826725500000
32.59,1710826725750000
32.59,1710826726000000
32.59,1710826726250000
32.59,1710826726500000
32.59,1710826726750000
32.59,1710826727000000
32.59,1710826727250000
32.59,1710826727500000
32.59,1710826727750000
32.61,1710826728000000
32.61,1710826728250000
32.61,1710826728500000
32.61,1710826728750000
32.63,1710826729000000
32.63,1710826729250000
32.63,1710826729500000
32.63,1710826729750000
32.61,1710826730000000
32.61,1710826730250000
32.61,1710826730500000
32.61,1710826730750000
32.63,1710826731000000
32.63,1710826731250000
32.63,1710826731500000
32.63,1710826731750000
32.63,1710826732000000
32.63,1710826732250000
32.63,1710826732500000
32.63,1710826732750000
32.65,1710826733000000
32.65,1710826733250000
32.65,1710826733500000
32.65,1710826733750000
32.63,1710826734000000
32.63,1710826734250000
32.63,1710826734500000
32.63,1710826734750000
32.65,1710826735000000
32.65,1710826735250000
32.65,1710826735500000
32.65,1710826735750000
32.65,1710826736000000
32.65,1710826736250000
32.65,1710826736500000
32.65,1710826736750000
32.66,1710826737000000
32.66,1710826737250000
32.66,1710826737500000
32.66,1710826737750000
32.66,1710826738000000
32.66,1710826738250000
32.66,1710826738500000
32.66,1710826738750000
32.66,1710826739000000
32.66,1710826739250000
32.66,1710826739500000
32.66,1710826739750000
32.65,1710826740000000
32.65,1710826740250000
32.65,1710826740500000
32.65,1710826740750000
32.66,1710826741000000
32.66,1710826741250000
32.66,1710826741500000
32.66,1710826741750000
32.66,1710826742000000
32.66,1710826742250000
32.66,1710826742500000
32.66,1710826742750000
32.66,1710826743000000
32.66,1710826743250000
32.66,1710826743500000
32.66,1710826743750000
32.66,1710826744000000
32.66,1710826744250000
32.66,1710826744500000
32.66,1710826744750000
32.68,1710826745000000
32.68,1710826745250000
32.68,1710826745500000
32.68,1710826745750000
32.68,1710826746000000
32.68,1710826746250000
32.68,1710826746500000
32.68,1710826746750000
32.71,1710826747000000
32.71,1710826747250000
32.71,1710826747500000
32.71,1710826747750000
32.71,1710826748000000
32.71,1710826748250000
32.71,1710826748500000
32.71,1710826748750000
32.71,1710826749000000
32.71,1710826749250000
32.71,1710826749500000
32.71,1710826749750000
32.71,1710826750000000
32.71,1710826750250000
32.71,1710826750500000
32.71,1710826750750000
32.71,1710826751000000
32.71,1710826751250000
32.71,1710826751500000
32.71,1710826751750000
32.73,1710826752000000
32.73,1710826752250000
32.73,1710826752500000
32.73,1710826752750000
32.73,1710826753000000
32.73,1710826753250000
32.73,1710826753500000
32.73,1710826753750000
32.73,1710826754000000
32.73,1710826754250000
32.73,1710826754500000
32.73,1710826754750000
32.75,1710826755000000
32.75,1710826755250000
32.75,1710826755500000
32.75,1710826755750000
32.73,1710826756000000
32.73,1710826756250000
32.73,1710826756500000
32.73,1710826756750000
32.75,1710826757000000
32.75,1710826757250000
32.75,1710826757500000
32.75,1710826757750000
32.73,1710826758000000
32.73,1710826758250000
32.73,1710826758500000
32.73,1710826758750000
32.75,1710826759000000
32.75,1710826759250000
32.75,1710826759500000
32.75,1710826759750000
32.75,1710826760000000
32.75,1710826760250000
32.75,1710826760500000
32.75,1710826760750000
32.75,1710826761000000
32.75,1710826761250000
32.75,1710826761500000
32.75,1710826761750000
32.77,1710826762000000
32.77,1710826762250000
32.77,1710826762500000
32.77,1710826762750000
32.77,1710826763000000
32.77,1710826763250000
32.77,1710826763500000
32.77,1710826763750000
32.75,1710826764000000
32.75,1710826764250000
32.75,1710826764500000
32.75,1710826764750000
32.77,1710826765000000
32.77,1710826765250000
32.77,1710826765500000
32.77,1710826765750000
32.79,1710826766000000
32.79,1710826766250000
32.79,1710826766500000
32.79,1710826766750000
32.77,1710826767000000
32.77,1710826767250000
32.77,1710826767500000
32.77,1710826767750000
32.77,1710826768000000
32.77,1710826768250000
32.77,1710826768500000
32.77,1710826768750000
32.77,1710826769000000
32.77,1710826769250000
32.77,1710826769500000
32.77,1710826769750000
32.77,1710826770000000
32.77,1710826770250000
32.77,1710826770500000
32.77,1710826770750000
32.81,1710826771000000
32.81,1710826771250000
32.81,1710826771500000
32.81,1710826771750000
32.81,1710826772000000
32.81,1710826772250000
32.81,1710826772500000
32.81,1710826772750000
32.79,1710826773000000
32.79,1710826773250000
32.79,1710826773500000
32.79,1710826773750000
32.81,1710826774000000
32.81,1710826774250000
32.81,1710826774500000
32.81,1710826774750000
32.79,1710826775000000
32.79,1710826775250000
32.79,1710826775500000
32.79,1710826775750000
32.83,1710826776000000
32.83,1710826776250000
32.83,1710826776500000
32.83,1710826776750000
32.81,1710826777000000
32.81,1710826777250000
32.81,1710826777500000
32.81,1710826777750000
32.81,1710826778000000
32.81,1710826778250000
32.81,1710826778500000
32.81,1710826778750000
32.79,1710826779000000
32.79,1710826779250000
32.79,1710826779500000
32.79,1710826779750000
32.79,1710826780000000
32.79,1710826780250000
32.79,1710826780500000
32.79,1710826780750000
32.83,1710826781000000
32.83,1710826781250000
32.83,1710826781500000
32.83,1710826781750000
32.83,1710826782000000
32.83,1710826782250000
32.83,1710826782500000
32.83,1710826782750000
32.81,1710826783000000
32.81,1710826783250000
32.81,1710826783500000
32.81,1710826783750000
32.83,1710826784000000
32.83,1710826784250000
32.83,1710826784500000
32.83,1710826784750000
32.81,1710826785000000
32.81,1710826785250000
32.81,1710826785500000
32.81,1710826785750000
32.81,1710826786000000
32.81,1710826786250000
32.81,1710826786500000
32.81,1710826786750000
32.83,1710826787000000
32.83,1710826787250000
32.83,1710826787500000
32.83,1710826787750000
32.83,1710826788000000
32.83,1710826788250000
32.83,1710826788500000
32.83,1710826788750000
32.83,1710826789000000
32.83,1710826789250000
32.83,1710826789500000
32.83,1710826789750000
32.81,1710826790000000
32.81,1710826790250000
32.81,1710826790500000
32.81,1710826790750000
32.83,1710826791000000
32.83,1710826791250000
32.83,1710826791500000
32.83,1710826791750000
32.84,1710826792000000
32.84,1710826792250000
32.84,1710826792500000
32.84,1710826792750000
32.84,1710826793000000
32.84,1710826793250000
32.84,1710826793500000
32.84,1710826793750000
32.83,1710826794000000
32.83,1710826794250000
32.83,1710826794500000
32.83,1710826794750000
32.83,1710826795000000
32.83,1710826795250000
32.83,1710826795500000
32.83,1710826795750000
32.84,1710826796000000
32.84,1710826796250000
32.84,1710826796500000
32.84,1710826796750000
32.87,1710826797000000
32.87,1710826797250000
32.87,1710826797500000
32.87,1710826797750000
32.84,1710826798000000
32.84,1710826798250000
32.84,1710826798500000
32.84,1710826798750000
32.87,1710826799000000
32.87,1710826799250000
32.87,1710826799500000
32.87,1710826799750000
32.89,1710826800000000
32.89,1710826800250000
32.89,1710826800500000
32.89,1710826800750000
32.84,1710826801000000
32.84,1710826801250000
32.84,1710826801500000
32.84,1710826801750000
32.87,1710826802000000
32.87,1710826802250000
32.87,1710826802500000
32.87,1710826802750000
32.87,1710826803000000
32.87,1710826803250000
32.87,1710826803500000
32.87,1710826803750000
32.89,1710826804000000
32.89,1710826804250000
32.89,1710826804500000
32.89,1710826804750000
32.89,1710826805000000
32.89,1710826805250000
32.89,1710826805500000
32.89,1710826805750000
32.91,1710826806000000
32.91,1710826806250000
32.91,1710826806500000
32.91,1710826806750000
32.87,1710826807000000
32.87,1710826807250000
32.87,1710826807500000
32.87,1710826807750000
32.89,1710826808000000
32.89,1710826808250000
32.89,1710826808500000
32.89,1710826808750000
32.89,1710826809000000
32.89,1710826809250000
32.89,1710826809500000
32.89,1710826809750000
32.87,1710826810000000
32.87,1710826810250000
32.87,1710826810500000
32.87,1710826810750000
32.87,1710826811000000
32.87,1710826811250000
32.87,1710826811500000
32.87,1710826811750000
32.91,1710826812000000
32.91,1710826812250000
32.91,1710826812500000
32.91,1710826812750000
32.93,1710826813000000
32.93,1710826813250000
32.93,1710826813500000
32.93,1710826813750000
32.91,1710826814000000
32.91,1710826814250000
32.91,1710826814500000
32.91,1710826814750000
32.95,1710826815000000
32.95,1710826815250000
32.95,1710826815500000
32.95,1710826815750000
32.91,1710826816000000
32.91,1710826816250000
32.91,1710826816500000
32.91,1710826816750000
32.91,1710826817000000
32.91,1710826817250000
32.91,1710826817500000
32.91,1710826817750000
32.91,1710826818000000
32.91,1710826818250000
32.91,1710826818500000
32.91,1710826818750000
32.91,1710826819000000
32.91,1710826819250000
32.91,1710826819500000
32.91,1710826819750000
32.95,1710826820000000
32.95,1710826820250000
32.95,1710826820500000
32.95,1710826820750000
32.93,1710826821000000
32.93,1710826821250000
32.93,1710826821500000
32.93,1710826821750000
32.93,1710826822000000
32.93,1710826822250000
32.93,1710826822500000
32.93,1710826822750000
32.93,1710826823000000
32.93,1710826823250000
32.93,1710826823500000
32.93,1710826823750000
32.93,1710826824000000
32.93,1710826824250000
32.93,1710826824500000
32.93,1710826824750000
32.91,1710826825000000
32.91,1710826825250000
32.91,1710826825500000
32.91,1710826825750000
32.93,1710826826000000
32.93,1710826826250000
32.93,1710826826500000
32.93,1710826826750000
32.95,1710826827000000
32.95,1710826827250000
32.95,1710826827500000
32.95,1710826827750000
32.93,1710826828000000
32.93,1710826828250000
32.93,1710826828500000
32.93,1710826828750000
32.95,1710826829000000
32.95,1710826829250000
32.95,1710826829500000
32.95,1710826829750000
32.95,1710826830000000
32.95,1710826830250000
32.95,1710826830500000
32.95,1710826830750000
32.95,1710826831000000
32.95,1710826831250000
32.95,1710826831500000
32.95,1710826831750000
32.95,1710826832000000
32.95,1710826832250000
32.95,1710826832500000
32.95,1710826832750000
32.95,1710826833000000
32.95,1710826833250000
32.95,1710826833500000
32.95,1710826833750000
32.95,1710826834000000
32.95,1710826834250000
32.95,1710826834500000
32.95,1710826834750000
32.95,1710826835000000
32.95,1710826835250000
32.95,1710826835500000
32.95,1710826835750000
32.97,1710826836000000
32.97,1710826836250000
32.97,1710826836500000
32.97,1710826836750000
32.97,1710826837000000
32.97,1710826837250000
32.97,1710826837500000
32.97,1710826837750000
32.95,1710826838000000
32.95,1710826838250000
32.95,1710826838500000
32.95,1710826838750000
32.97,1710826839000000
32.97,1710826839250000
32.97,1710826839500000
32.97,1710826839750000
32.95,1710826840000000
32.95,1710826840250000
32.95,1710826840500000
32.95,1710826840750000
32.95,1710826841000000
32.95,1710826841250000
32.95,1710826841500000
32.95,1710826841750000
32.97,1710826842000000
32.97,1710826842250000
32.97,1710826842500000
32.97,1710826842750000
32.97,1710826843000000
32.97,1710826843250000
32.97,1710826843500000
32.97,1710826843750000
32.97,1710826844000000
32.97,1710826844250000
32.97,1710826844500000
32.97,1710826844750000
32.97,1710826845000000
32.97,1710826845250000
32.97,1710826845500000
32.97,1710826845750000
32.97,1710826846000000
32.97,1710826846250000
32.97,1710826846500000
32.97,1710826846750000
32.99,1710826847000000
32.99,1710826847250000
32.99,1710826847500000
32.99,1710826847750000
32.99,1710826848000000
32.99,1710826848250000
32.99,1710826848500000
32.99,1710826848750000
32.99,1710826849000000
32.99,1710826849250000
32.99,1710826849500000
32.99,1710826849750000
32.99,1710826850000000
32.99,1710826850250000
32.99,1710826850500000
32.99,1710826850750000
32.99,1710826851000000
32.99,1710826851250000
32.99,1710826851500000
32.99,1710826851750000
32.99,1710826852000000
32.99,1710826852250000
32.99,1710826852500000
32.99,1710826852750000
33.03,1710826853000000
33.03,1710826853250000
33.03,1710826853500000
33.03,1710826853750000
33.0,1710826854000000
33.0,1710826854250000
33.0,1710826854500000
33.0,1710826854750000
33.0,1710826855000000
33.0,1710826855250000
33.0,1710826855500000
33.0,1710826855750000
32.99,1710826856000000
32.99,1710826856250000
32.99,1710826856500000
32.99,1710826856750000
33.0,1710826857000000
33.0,1710826857250000
33.0,1710826857500000
33.0,1710826857750000
32.99,1710826858000000
32.99,1710826858250000
32.99,1710826858500000
32.99,1710826858750000
33.0,1710826859000000
33.0,1710826859250000
33.0,1710826859500000
33.0,1710826859750000
33.0,1710826860000000
33.0,1710826860250000
33.0,1710826860500000
33.0,1710826860750000
33.03,1710826861000000
33.03,1710826861250000
33.03,1710826861500000
33.03,1710826861750000
33.03,1710826862000000
33.03,1710826862250000
33.03,1710826862500000
33.03,1710826862750000
33.03,1710826863000000
33.03,1710826863250000
33.03,1710826863500000
33.03,1710826863750000
33.03,1710826864000000
33.03,1710826864250000
33.03,1710826864500000
33.03,1710826864750000
33.03,1710826865000000
33.03,1710826865250000
33.03,1710826865500000
33.03,1710826865750000
33.0,1710826866000000
33.0,1710826866250000
33.0,1710826866500000
33.0,1710826866750000
33.03,1710826867000000
33.03,1710826867250000
33.03,1710826867500000
33.03,1710826867750000
33.03,1710826868000000
33.03,1710826868250000
33.03,1710826868500000
33.03,1710826868750000
33.05,1710826869000000
33.05,1710826869250000
33.05,1710826869500000
33.05,1710826869750000
33.03,1710826870000000
33.03,1710826870250000
33.03,1710826870500000
33.03,1710826870750000
33.03,1710826871000000
33.03,1710826871250000
33.03,1710826871500000
33.03,1710826871750000
33.05,1710826872000000
33.05,1710826872250000
33.05,1710826872500000
33.05,1710826872750000
33.05,1710826873000000
33.05,1710826873250000
33.05,1710826873500000
33.05,1710826873750000
33.05,1710826874000000
33.05,1710826874250000
33.05,1710826874500000
33.05,1710826874750000
33.05,1710826875000000
33.05,1710826875250000
33.05,1710826875500000
33.05,1710826875750000
33.05,1710826876000000
33.05,1710826876250000
33.05,1710826876500000
33.05,1710826876750000
33.07,1710826877000000
33.07,1710826877250000
33.07,1710826877500000
33.07,1710826877750000
33.03,1710826878000000
33.03,1710826878250000
33.03,1710826878500000
33.03,1710826878750000
33.05,1710826879000000
33.05,1710826879250000
33.05,1710826879500000
33.05,1710826879750000
33.05,1710826880000000
33.05,1710826880250000
33.05,1710826880500000
33.05,1710826880750000
33.05,1710826881000000
33.05,1710826881250000
33.05,1710826881500000
33.05,1710826881750000
33.05,1710826882000000
33.05,1710826882250000
33.05,1710826882500000
33.05,1710826882750000
33.07,1710826883000000
33.07,1710826883250000
33.07,1710826883500000
33.07,1710826883750000
33.07,1710826884000000
33.07,1710826884250000
33.07,1710826884500000
33.07,1710826884750000
33.07,1710826885000000
33.07,1710826885250000
33.07,1710826885500000
33.07,1710826885750000
33.07,1710826886000000
33.07,1710826886250000
33.07,1710826886500000
33.07,1710826886750000
33.07,1710826887000000
33.07,1710826887250000
33.07,1710826887500000
33.07,1710826887750000
33.09,1710826888000000
33.09,1710826888250000
33.09,1710826888500000
33.09,1710826888750000
33.07,1710826889000000
33.07,1710826889250000
33.07,1710826889500000
33.07,1710826889750000
33.09,1710826890000000
33.09,1710826890250000
33.09,1710826890500000
33.09,1710826890750000
33.09,1710826891000000
33.09,1710826891250000
33.09,1710826891500000
33.09,1710826891750000
33.09,1710826892000000
33.09,1710826892250000
33.09,1710826892500000
33.09,1710826892750000
33.09,1710826893000000
33.09,1710826893250000
33.09,1710826893500000
33.09,1710826893750000
33.09,1710826894000000
33.09,1710826894250000
33.09,1710826894500000
33.09,1710826894750000
33.11,1710826895000000
33.11,1710826895250000
33.11,1710826895500000
33.11,1710826895750000
33.09,1710826896000000
33.09,1710826896250000
33.09,1710826896500000
33.09,1710826896750000
33.09,1710826897000000
33.09,1710826897250000
33.09,1710826897500000
33.09,1710826897750000
33.11,1710826898000000
33.11,1710826898250000
33.11,1710826898500000
33.11,1710826898750000
33.11,1710826899000000
33.11,1710826899250000
33.11,1710826899500000
33.11,1710826899750000
33.11,1710826900000000
33.11,1710826900250000
33.11,1710826900500000
33.11,1710826900750000
33.11,1710826901000000
33.11,1710826901250000
33.11,1710826901500000
33.11,1710826901750000
33.09,1710826902000000
33.09,1710826902250000
33.09,1710826902500000
33.09,1710826902750000
33.11,1710826903000000
33.11,1710826903250000
33.11,1710826903500000
33.11,1710826903750000
33.11,1710826904000000
33.11,1710826904250000
33.11,1710826904500000
33.11,1710826904750000
33.11,1710826905000000
33.11,1710826905250000
33.11,1710826905500000
33.11,1710826905750000
33.13,1710826906000000
33.13,1710826906250000
33.13,1710826906500000
33.13,1710826906750000
33.11,1710826907000000
33.11,1710826907250000
33.11,1710826907500000
33.11,1710826907750000
33.13,1710826908000000
33.13,1710826908250000
33.13,1710826908500000
33.13,1710826908750000
33.13,1710826909000000
33.13,1710826909250000
33.13,1710826909500000
33.13,1710826909750000
33.11,1710826910000000
33.11,1710826910250000
33.11,1710826910500000
33.11,1710826910750000
33.13,1710826911000000
33.13,1710826911250000
33.13,1710826911500000
33.13,1710826911750000
33.09,1710826912000000
33.09,1710826912250000
33.09,1710826912500000
33.09,1710826912750000
33.13,1710826913000000
33.13,1710826913250000
33.13,1710826913500000
33.13,1710826913750000
33.13,1710826914000000
33.13,1710826914250000
33.13,1710826914500000
33.13,1710826914750000
33.13,1710826915000000
33.13,1710826915250000
33.13,1710826915500000
33.13,1710826915750000
33.13,1710826916000000
33.13,1710826916250000
33.13,1710826916500000
33.13,1710826916750000
33.13,1710826917000000
33.13,1710826917250000
33.13,1710826917500000
33.13,1710826917750000
33.13,1710826918000000
33.13,1710826918250000
33.13,1710826918500000
33.13,1710826918750000
33.15,1710826919000000
33.15,1710826919250000
33.15,1710826919500000
33.15,1710826919750000
33.15,1710826920000000
33.15,1710826920250000
33.15,1710826920500000
33.15,1710826920750000
33.15,1710826921000000
33.15,1710826921250000
33.15,1710826921500000
33.15,1710826921750000
33.13,1710826922000000
33.13,1710826922250000
33.13,1710826922500000
33.13,1710826922750000
33.13,1710826923000000
33.13,1710826923250000
33.13,1710826923500000
33.13,1710826923750000
33.15,1710826924000000
33.15,1710826924250000
33.15,1710826924500000
33.15,1710826924750000
33.15,1710826925000000
33.15,1710826925250000
33.15,1710826925500000
33.15,1710826925750000
33.16,1710826926000000
33.16,1710826926250000
33.16,1710826926500000
33.16,1710826926750000
33.15,1710826927000000
33.15,1710826927250000
33.15,1710826927500000
33.15,1710826927750000
33.13,1710826928000000
33.13,1710826928250000
33.13,1710826928500000
33.13,1710826928750000
33.13,1710826929000000
33.13,1710826929250000
33.13,1710826929500000
33.13,1710826929750000
33.15,1710826930000000
33.15,1710826930250000
33.15,1710826930500000
33.15,1710826930750000
33.15,1710826931000000
33.15,1710826931250000
33.15,1710826931500000
33.15,1710826931750000
33.15,1710826932000000
33.15,1710826932250000
33.15,1710826932500000
33.15,1710826932750000
33.15,1710826933000000
33.15,1710826933250000
33.15,1710826933500000
33.15,1710826933750000
33.15,1710826934000000
33.15,1710826934250000
33.15,1710826934500000
33.15,1710826934750000
33.16,1710826935000000
33.16,1710826935250000
33.16,1710826935500000
33.16,1710826935750000
33.16,1710826936000000
33.16,1710826936250000
33.16,1710826936500000
33.16,1710826936750000
33.13,1710826937000000
33.13,1710826937250000
33.13,1710826937500000
33.13,1710826937750000
33.15,1710826938000000
33.15,1710826938250000
33.15,1710826938500000
33.15,1710826938750000
33.15,1710826939000000
33.15,1710826939250000
33.15,1710826939500000
33.15,1710826939750000
33.16,1710826940000000
33.16,1710826940250000
33.16,1710826940500000
33.16,1710826940750000
33.15,1710826941000000
33.15,1710826941250000
33.15,1710826941500000
33.15,1710826941750000
33.16,1710826942000000
33.16,1710826942250000
33.16,1710826942500000
33.16,1710826942750000
33.13,1710826943000000
33.13,1710826943250000
33.13,1710826943500000
33.13,1710826943750000
33.13,1710826944000000
33.13,1710826944250000
33.13,1710826944500000
33.13,1710826944750000
33.16,1710826945000000
33.16,1710826945250000
33.16,1710826945500000
33.16,1710826945750000
33.15,1710826946000000
33.15,1710826946250000
33.15,1710826946500000
33.15,1710826946750000
33.16,1710826947000000
33.16,1710826947250000
33.16,1710826947500000
33.16,1710826947750000
33.16,1710826948000000
33.16,1710826948250000
33.16,1710826948500000
33.16,1710826948750000
33.16,1710826949000000
33.16,1710826949250000
33.16,1710826949500000
33.16,1710826949750000
33.15,1710826950000000
33.15,1710826950250000
33.15,1710826950500000
33.15,1710826950750000
33.15,1710826951000000
33.15,1710826951250000
33.15,1710826951500000
33.15,1710826951750000
33.15,1710826952000000
33.15,1710826952250000
33.15,1710826952500000
33.15,1710826952750000
33.16,1710826953000000
33.16,1710826953250000
33.16,1710826953500000
33.16,1710826953750000
33.15,1710826954000000
33.15,1710826954250000
33.15,1710826954500000
33.15,1710826954750000
33.15,1710826955000000
33.15,1710826955250000
33.15,1710826955500000
33.15,1710826955750000
33.15,1710826956000000
33.15,1710826956250000
33.15,1710826956500000
33.15,1710826956750000
33.16,1710826957000000
33.16,1710826957250000
33.16,1710826957500000
33.16,1710826957750000
33.15,1710826958000000
33.15,1710826958250000
33.15,1710826958500000
33.15,1710826958750000
33.15,1710826959000000
33.15,1710826959250000
33.15,1710826959500000
33.15,1710826959750000
33.15,1710826960000000
33.15,1710826960250000
33.15,1710826960500000
33.15,1710826960750000
33.18,1710826961000000
33.18,1710826961250000
33.18,1710826961500000
33.18,1710826961750000
33.15,1710826962000000
33.15,1710826962250000
33.15,1710826962500000
33.15,1710826962750000
33.16,1710826963000000
33.16,1710826963250000
33.16,1710826963500000
33.16,1710826963750000
33.15,1710826964000000
33.15,1710826964250000
33.15,1710826964500000
33.15,1710826964750000
33.15,1710826965000000
33.15,1710826965250000
33.15,1710826965500000
33.15,1710826965750000
33.15,1710826966000000
33.15,1710826966250000
33.15,1710826966500000
33.15,1710826966750000
33.16,1710826967000000
33.16,1710826967250000
33.16,1710826967500000
33.16,1710826967750000
33.15,1710826968000000
33.15,1710826968250000
33.15,1710826968500000
33.15,1710826968750000
33.15,1710826969000000
33.15,1710826969250000
33.15,1710826969500000
33.15,1710826969750000
33.16,1710826970000000
33.16,1710826970250000
33.16,1710826970500000
33.16,1710826970750000
33.15,1710826971000000
33.15,1710826971250000
33.15,1710826971500000
33.15,1710826971750000
33.15,1710826972000000
33.15,1710826972250000
33.15,1710826972500000
33.15,1710826972750000
33.16,1710826973000000
33.16,1710826973250000
33.16,1710826973500000
33.16,1710826973750000
33.15,1710826974000000
33.15,1710826974250000
33.15,1710826974500000
33.15,1710826974750000
33.15,1710826975000000
33.15,1710826975250000
33.15,1710826975500000
33.15,1710826975750000
33.13,1710826976000000
33.13,1710826976250000
33.13,1710826976500000
33.13,1710826976750000
33.16,1710826977000000
33.16,1710826977250000
33.16,1710826977500000
33.16,1710826977750000
33.18,1710826978000000
33.18,1710826978250000
33.18,1710826978500000
33.18,1710826978750000
33.16,1710826979000000
33.16,1710826979250000
33.16,1710826979500000
33.16,1710826979750000
33.15,1710826980000000
33.15,1710826980250000
33.15,1710826980500000
33.15,1710826980750000
33.15,1710826981000000
33.15,1710826981250000
33.15,1710826981500000
33.15,1710826981750000
33.16,1710826982000000
33.16,1710826982250000
33.16,1710826982500000
33.16,1710826982750000
33.16,1710826983000000
33.16,1710826983250000
33.16,1710826983500000
33.16,1710826983750000
33.15,1710826984000000
33.15,1710826984250000
33.15,1710826984500000
33.15,1710826984750000
33.16,1710826985000000
33.16,1710826985250000
33.16,1710826985500000
33.16,1710826985750000
33.13,1710826986000000
33.13,1710826986250000
33.13,1710826986500000
33.13,1710826986750000
33.13,1710826987000000
33.13,1710826987250000
33.13,1710826987500000
33.13,1710826987750000
33.16,1710826988000000
33.16,1710826988250000
33.16,1710826988500000
33.16,1710826988750000
33.16,1710826989000000
33.16,1710826989250000
33.16,1710826989500000
33.16,1710826989750000
33.15,1710826990000000
33.15,1710826990250000
33.15,1710826990500000
33.15,1710826990750000
33.15,1710826991000000
33.15,1710826991250000
33.15,1710826991500000
33.15,1710826991750000
33.16,1710826992000000
33.16,1710826992250000
33.16,1710826992500000
33.16,1710826992750000
33.16,1710826993000000
33.16,1710826993250000
33.16,1710826993500000
33.16,1710826993750000
33.15,1710826994000000
33.15,1710826994250000
33.15,1710826994500000
33.15,1710826994750000
33.16,1710826995000000
33.16,1710826995250000
33.16,1710826995500000
33.16,1710826995750000
33.15,1710826996000000
33.15,1710826996250000
33.15,1710826996500000
33.15,1710826996750000
33.15,1710826997000000
33.15,1710826997250000
33.15,1710826997500000
33.15,1710826997750000
33.15,1710826998000000
33.15,1710826998250000
33.15,1710826998500000
33.15,1710826998750000
33.15,1710826999000000
33.15,1710826999250000
33.15,1710826999500000
33.15,1710826999750000
33.16,1710827000000000
33.16,1710827000250000
33.16,1710827000500000
33.16,1710827000750000
33.15,1710827001000000
33.15,1710827001250000
33.15,1710827001500000
33.15,1710827001750000
33.15,1710827002000000
33.15,1710827002250000
33.15,1710827002500000
33.15,1710827002750000
33.15,1710827003000000
33.15,1710827003250000
33.15,1710827003500000
33.15,1710827003750000
33.16,1710827004000000
33.16,1710827004250000
33.16,1710827004500000
33.16,1710827004750000
33.15,1710827005000000
33.15,1710827005250000
33.15,1710827005500000
33.15,1710827005750000
33.15,1710827006000000
33.15,1710827006250000
33.15,1710827006500000
33.15,1710827006750000
33.13,1710827007000000
33.13,1710827007250000
33.13,1710827007500000
33.13,1710827007750000
33.15,1710827008000000
33.15,1710827008250000
33.15,1710827008500000
33.15,1710827008750000
33.15,1710827009000000
33.15,1710827009250000
33.15,1710827009500000
33.15,1710827009750000
33.15,1710827010000000
33.15,1710827010250000
33.15,1710827010500000
33.15,1710827010750000
33.13,1710827011000000
33.13,1710827011250000
33.13,1710827011500000
33.13,1710827011750000
33.15,1710827012000000
33.15,1710827012250000
33.15,1710827012500000
33.15,1710827012750000
33.15,1710827013000000
33.15,1710827013250000
33.15,1710827013500000
33.15,1710827013750000
33.15,1710827014000000
33.15,1710827014250000
33.15,1710827014500000
33.15,1710827014750000
33.15,1710827015000000
33.15,1710827015250000
33.15,1710827015500000
33.15,1710827015750000
33.15,1710827016000000
33.15,1710827016250000
33.15,1710827016500000
33.15,1710827016750000
33.15,1710827017000000
33.15,1710827017250000
33.15,1710827017500000
33.15,1710827017750000
33.16,1710827018000000
33.16,1710827018250000
33.16,1710827018500000
33.16,1710827018750000
33.15,1710827019000000
33.15,1710827019250000
33.15,1710827019500000
33.15,1710827019750000
33.13,1710827020000000
33.13,1710827020250000
33.13,1710827020500000
33.13,1710827020750000
33.13,1710827021000000
33.13,1710827021250000
33.13,1710827021500000
33.13,1710827021750000
33.13,1710827022000000
33.13,1710827022250000
33.13,1710827022500000
33.13,1710827022750000
33.15,1710827023000000
33.15,1710827023250000
33.15,1710827023500000
33.15,1710827023750000
33.16,1710827024000000
33.16,1710827024250000
33.16,1710827024500000
33.16,1710827024750000
33.13,1710827025000000
33.13,1710827025250000
33.13,1710827025500000
33.13,1710827025750000
33.15,1710827026000000
33.15,1710827026250000
33.15,1710827026500000
33.15,1710827026750000
33.15,1710827027000000
33.15,1710827027250000
33.15,1710827027500000
33.15,1710827027750000
33.13,1710827028000000
33.13,1710827028250000
33.13,1710827028500000
33.13,1710827028750000
33.13,1710827029000000
33.13,1710827029250000
33.13,1710827029500000
33.13,1710827029750000
33.15,1710827030000000
33.15,1710827030250000
33.15,1710827030500000
33.15,1710827030750000
33.16,1710827031000000
33.16,1710827031250000
33.16,1710827031500000
33.16,1710827031750000
33.15,1710827032000000
33.15,1710827032250000
33.15,1710827032500000
33.15,1710827032750000
33.15,1710827033000000
33.15,1710827033250000
33.15,1710827033500000
33.15,1710827033750000
33.15,1710827034000000
33.15,1710827034250000
33.15,1710827034500000
33.15,1710827034750000
33.11,1710827035000000
33.11,1710827035250000
33.11,1710827035500000
33.11,1710827035750000
33.15,1710827036000000
33.15,1710827036250000
33.15,1710827036500000
33.15,1710827036750000
33.13,1710827037000000
33.13,1710827037250000
33.13,1710827037500000
33.13,1710827037750000
33.13,1710827038000000
33.13,1710827038250000
33.13,1710827038500000
33.13,1710827038750000
33.13,1710827039000000
33.13,1710827039250000
33.13,1710827039500000
33.13,1710827039750000
33.13,1710827040000000
33.13,1710827040250000
33.13,1710827040500000
33.13,1710827040750000
33.13,1710827041000000
33.13,1710827041250000
33.13,1710827041500000
33.13,1710827041750000
33.15,1710827042000000
33.15,1710827042250000
33.15,1710827042500000
33.15,1710827042750000
33.13,1710827043000000
33.13,1710827043250000
33.13,1710827043500000
33.13,1710827043750000
33.15,1710827044000000
33.15,1710827044250000
33.15,1710827044500000
33.15,1710827044750000
33.13,1710827045000000
33.13,1710827045250000
33.13,1710827045500000
33.13,1710827045750000
33.13,1710827046000000
33.13,1710827046250000
33.13,1710827046500000
33.13,1710827046750000
33.13,1710827047000000
33.13,1710827047250000
33.13,1710827047500000
33.13,1710827047750000
33.13,1710827048000000
33.13,1710827048250000
33.13,1710827048500000
33.13,1710827048750000
33.11,1710827049000000
33.11,1710827049250000
33.11,1710827049500000
33.11,1710827049750000
33.13,1710827050000000
33.13,1710827050250000
33.13,1710827050500000
33.13,1710827050750000
33.13,1710827051000000
33.13,1710827051250000
33.13,1710827051500000
33.13,1710827051750000
33.15,1710827052000000
33.15,1710827052250000
33.15,1710827052500000
33.15,1710827052750000
33.13,1710827053000000
33.13,1710827053250000
33.13,1710827053500000
33.13,1710827053750000
33.15,1710827054000000
33.15,1710827054250000
33.15,1710827054500000
33.15,1710827054750000
33.13,1710827055000000
33.13,1710827055250000
33.13,1710827055500000
33.13,1710827055750000
33.13,1710827056000000
33.13,1710827056250000
33.13,1710827056500000
33.13,1710827056750000
33.15,1710827057000000
33.15,1710827057250000
33.15,1710827057500000
33.15,1710827057750000
33.15,1710827058000000
33.15,1710827058250000
33.15,1710827058500000
33.15,1710827058750000
33.11,1710827059000000
33.11,1710827059250000
33.11,1710827059500000
33.11,1710827059750000
33.13,1710827060000000
33.13,1710827060250000
33.13,1710827060500000
33.13,1710827060750000
33.13,1710827061000000
33.13,1710827061250000
33.13,1710827061500000
33.13,1710827061750000
33.15,1710827062000000
33.15,1710827062250000
33.15,1710827062500000
33.15,1710827062750000
33.13,1710827063000000
33.13,1710827063250000
33.13,1710827063500000
33.13,1710827063750000
33.13,1710827064000000
33.13,1710827064250000
33.13,1710827064500000
33.13,1710827064750000
33.13,1710827065000000
33.13,1710827065250000
33.13,1710827065500000
33.13,1710827065750000
33.16,1710827066000000
33.16,1710827066250000
33.16,1710827066500000
33.16,1710827066750000
33.13,1710827067000000
33.13,1710827067250000
33.13,1710827067500000
33.13,1710827067750000
33.13,1710827068000000
33.13,1710827068250000
33.13,1710827068500000
33.13,1710827068750000
33.16,1710827069000000
33.16,1710827069250000
33.16,1710827069500000
33.16,1710827069750000
33.15,1710827070000000
33.15,1710827070250000
33.15,1710827070500000
33.15,1710827070750000
33.15,1710827071000000
33.15,1710827071250000
33.15,1710827071500000
33.15,1710827071750000
33.15,1710827072000000
33.15,1710827072250000
33.15,1710827072500000
33.15,1710827072750000
33.16,1710827073000000
33.16,1710827073250000
33.16,1710827073500000
33.16,1710827073750000
33.15,1710827074000000
33.15,1710827074250000
33.15,1710827074500000
33.15,1710827074750000
33.15,1710827075000000
33.15,1710827075250000
33.15,1710827075500000
33.15,1710827075750000
33.16,1710827076000000
33.16,1710827076250000
33.16,1710827076500000
33.16,1710827076750000
33.16,1710827077000000
33.16,1710827077250000
33.16,1710827077500000
33.16,1710827077750000
33.13,1710827078000000
33.13,1710827078250000
33.13,1710827078500000
33.13,1710827078750000
33.15,1710827079000000
33.15,1710827079250000
33.15,1710827079500000
33.15,1710827079750000
33.16,1710827080000000
33.16,1710827080250000
33.16,1710827080500000
33.16,1710827080750000
33.15,1710827081000000
33.15,1710827081250000
33.15,1710827081500000
33.15,1710827081750000
33.15,1710827082000000
33.15,1710827082250000
33.15,1710827082500000
33.15,1710827082750000
33.16,1710827083000000
33.16,1710827083250000
33.16,1710827083500000
33.16,1710827083750000
33.15,1710827084000000
33.15,1710827084250000
33.15,1710827084500000
33.15,1710827084750000
33.15,1710827085000000
33.15,1710827085250000
33.15,1710827085500000
33.15,1710827085750000
33.15,1710827086000000
33.15,1710827086250000
33.15,1710827086500000
33.15,1710827086750000
33.15,1710827087000000
33.15,1710827087250000
33.15,1710827087500000
33.15,1710827087750000
33.16,1710827088000000
33.16,1710827088250000
33.16,1710827088500000
33.16,1710827088750000
33.13,1710827089000000
33.13,1710827089250000
33.13,1710827089500000
33.13,1710827089750000
33.15,1710827090000000
33.15,1710827090250000
33.15,1710827090500000
33.15,1710827090750000
33.16,1710827091000000
33.16,1710827091250000
33.16,1710827091500000
33.16,1710827091750000
33.16,1710827092000000
33.16,1710827092250000
33.16,1710827092500000
33.16,1710827092750000
33.16,1710827093000000
33.16,1710827093250000
33.16,1710827093500000
33.16,1710827093750000
33.15,1710827094000000
33.15,1710827094250000
33.15,1710827094500000
33.15,1710827094750000
33.15,1710827095000000
33.15,1710827095250000
33.15,1710827095500000
33.15,1710827095750000
33.13,1710827096000000
33.13,1710827096250000
33.13,1710827096500000
33.13,1710827096750000
33.16,1710827097000000
33.16,1710827097250000
33.16,1710827097500000
33.16,1710827097750000
33.16,1710827098000000
33.16,1710827098250000
33.16,1710827098500000
33.16,1710827098750000
33.16,1710827099000000
33.16,1710827099250000
33.16,1710827099500000
33.16,1710827099750000
33.16,1710827100000000
33.16,1710827100250000
33.16,1710827100500000
33.16,1710827100750000
33.16,1710827101000000
33.16,1710827101250000
33.16,1710827101500000
33.16,1710827101750000
33.18,1710827102000000
33.18,1710827102250000
33.18,1710827102500000
33.18,1710827102750000
33.16,1710827103000000
33.16,1710827103250000
33.16,1710827103500000
33.16,1710827103750000
33.16,1710827104000000
33.16,1710827104250000
33.16,1710827104500000
33.16,1710827104750000
33.16,1710827105000000
33.16,1710827105250000
33.16,1710827105500000
33.16,1710827105750000
33.18,1710827106000000
33.18,1710827106250000
33.18,1710827106500000
33.18,1710827106750000
33.18,1710827107000000
33.18,1710827107250000
33.18,1710827107500000
33.18,1710827107750000
33.16,1710827108000000
33.16,1710827108250000
33.16,1710827108500000
33.16,1710827108750000
33.16,1710827109000000
33.16,1710827109250000
33.16,1710827109500000
33.16,1710827109750000
33.16,1710827110000000
33.16,1710827110250000
33.16,1710827110500000
33.16,1710827110750000
33.16,1710827111000000
33.16,1710827111250000
33.16,1710827111500000
33.16,1710827111750000
33.16,1710827112000000
33.16,1710827112250000
33.16,1710827112500000
33.16,1710827112750000
33.16,1710827113000000
33.16,1710827113250000
33.16,1710827113500000
33.16,1710827113750000
33.18,1710827114000000
33.18,1710827114250000
33.18,1710827114500000
33.18,1710827114750000
33.16,1710827115000000
33.16,1710827115250000
33.16,1710827115500000
33.16,1710827115750000
33.15,1710827116000000
33.15,1710827116250000
33.15,1710827116500000
33.15,1710827116750000
33.16,1710827117000000
33.16,1710827117250000
33.16,1710827117500000
33.16,1710827117750000
33.18,1710827118000000
33.18,1710827118250000
33.18,1710827118500000
33.18,1710827118750000
33.18,1710827119000000
33.18,1710827119250000
33.18,1710827119500000
33.18,1710827119750000
33.18,1710827120000000
33.18,1710827120250000
33.18,1710827120500000
33.18,1710827120750000
33.16,1710827121000000
33.16,1710827121250000
33.16,1710827121500000
33.16,1710827121750000
33.16,1710827122000000
33.16,1710827122250000
33.16,1710827122500000
33.16,1710827122750000
33.16,1710827123000000
33.16,1710827123250000
33.16,1710827123500000
33.16,1710827123750000
33.21,1710827124000000
33.21,1710827124250000
33.21,1710827124500000
33.21,1710827124750000
33.16,1710827125000000
33.16,1710827125250000
33.16,1710827125500000
33.16,1710827125750000
33.16,1710827126000000
33.16,1710827126250000
33.16,1710827126500000
33.16,1710827126750000
33.18,1710827127000000
33.18,1710827127250000
33.18,1710827127500000
33.18,1710827127750000
33.18,1710827128000000
33.18,1710827128250000
33.18,1710827128500000
33.18,1710827128750000
33.16,1710827129000000
33.16,1710827129250000
33.16,1710827129500000
33.16,1710827129750000
33.18,1710827130000000
33.18,1710827130250000
33.18,1710827130500000
33.18,1710827130750000
33.16,1710827131000000
33.16,1710827131250000
33.16,1710827131500000
33.16,1710827131750000
33.18,1710827132000000
33.18,1710827132250000
33.18,1710827132500000
33.18,1710827132750000
33.18,1710827133000000
33.18,1710827133250000
33.18,1710827133500000
33.18,1710827133750000
33.18,1710827134000000
33.18,1710827134250000
33.18,1710827134500000
33.18,1710827134750000
33.18,1710827135000000
33.18,1710827135250000
33.18,1710827135500000
33.18,1710827135750000
33.18,1710827136000000
33.18,1710827136250000
33.18,1710827136500000
33.18,1710827136750000
33.16,1710827137000000
33.16,1710827137250000
33.16,1710827137500000
33.16,1710827137750000
33.18,1710827138000000
33.18,1710827138250000
33.18,1710827138500000
33.18,1710827138750000
33.18,1710827139000000
33.18,1710827139250000
33.18,1710827139500000
33.18,1710827139750000
33.16,1710827140000000
33.16,1710827140250000
33.16,1710827140500000
33.16,1710827140750000
33.18,1710827141000000
33.18,1710827141250000
33.18,1710827141500000
33.18,1710827141750000
33.16,1710827142000000
33.16,1710827142250000
33.16,1710827142500000
33.16,1710827142750000
33.18,1710827143000000
33.18,1710827143250000
33.18,1710827143500000
33.18,1710827143750000
33.18,1710827144000000
33.18,1710827144250000
33.18,1710827144500000
33.18,1710827144750000
33.18,1710827145000000
33.18,1710827145250000
33.18,1710827145500000
33.18,1710827145750000
33.18,1710827146000000
33.18,1710827146250000
33.18,1710827146500000
33.18,1710827146750000
33.18,1710827147000000
33.18,1710827147250000
33.18,1710827147500000
33.18,1710827147750000
33.18,1710827148000000
33.18,1710827148250000
33.18,1710827148500000
33.18,1710827148750000
33.18,1710827149000000
33.18,1710827149250000
33.18,1710827149500000
33.18,1710827149750000
33.18,1710827150000000
33.18,1710827150250000
33.18,1710827150500000
33.18,1710827150750000
33.21,1710827151000000
33.21,1710827151250000
33.21,1710827151500000
33.21,1710827151750000
33.18,1710827152000000
33.18,1710827152250000
33.18,1710827152500000
33.18,1710827152750000
33.21,1710827153000000
33.21,1710827153250000
33.21,1710827153500000
33.21,1710827153750000
33.18,1710827154000000
33.18,1710827154250000
33.18,1710827154500000
33.18,1710827154750000
33.18,1710827155000000
33.18,1710827155250000
33.18,1710827155500000
33.18,1710827155750000
33.16,1710827156000000
33.16,1710827156250000
33.16,1710827156500000
33.16,1710827156750000
33.16,1710827157000000
33.16,1710827157250000
33.16,1710827157500000
33.16,1710827157750000
33.18,1710827158000000
33.18,1710827158250000
33.18,1710827158500000
33.18,1710827158750000
33.18,1710827159000000
33.18,1710827159250000
33.18,1710827159500000
33.18,1710827159750000
33.21,1710827160000000
33.21,1710827160250000
33.21,1710827160500000
33.21,1710827160750000
33.21,1710827161000000
33.21,1710827161250000
33.21,1710827161500000
33.21,1710827161750000
33.18,1710827162000000
33.18,1710827162250000
33.18,1710827162500000
33.18,1710827162750000
33.18,1710827163000000
33.18,1710827163250000
33.18,1710827163500000
33.18,1710827163750000
33.18,1710827164000000
33.18,1710827164250000
33.18,1710827164500000
33.18,1710827164750000
33.18,1710827165000000
33.18,1710827165250000
33.18,1710827165500000
33.18,1710827165750000
33.18,1710827166000000
33.18,1710827166250000
33.18,1710827166500000
33.18,1710827166750000
33.18,1710827167000000
33.18,1710827167250000
33.18,1710827167500000
33.18,1710827167750000
33.18,1710827168000000
33.18,1710827168250000
33.18,1710827168500000
33.18,1710827168750000
33.18,1710827169000000
33.18,1710827169250000
33.18,1710827169500000
33.18,1710827169750000
33.21,1710827170000000
33.21,1710827170250000
33.21,1710827170500000
33.21,1710827170750000
33.16,1710827171000000
33.16,1710827171250000
33.16,1710827171500000
33.16,1710827171750000
33.18,1710827172000000
33.18,1710827172250000
33.18,1710827172500000
33.18,1710827172750000
33.18,1710827173000000
33.18,1710827173250000
33.18,1710827173500000
33.18,1710827173750000
33.21,1710827174000000
33.21,1710827174250000
33.21,1710827174500000
33.21,1710827174750000
33.21,1710827175000000
33.21,1710827175250000
33.21,1710827175500000
33.21,1710827175750000
33.18,1710827176000000
33.18,1710827176250000
33.18,1710827176500000
33.18,1710827176750000
33.18,1710827177000000
33.18,1710827177250000
33.18,1710827177500000
33.18,1710827177750000
33.18,1710827178000000
33.18,1710827178250000
33.18,1710827178500000
33.18,1710827178750000
33.18,1710827179000000
33.18,1710827179250000
33.18,1710827179500000
33.18,1710827179750000
33.16,1710827180000000
33.16,1710827180250000
33.16,1710827180500000
33.16,1710827180750000
33.18,1710827181000000
33.18,1710827181250000
33.18,1710827181500000
33.18,1710827181750000
33.18,1710827182000000
33.18,1710827182250000
33.18,1710827182500000
33.18,1710827182750000
33.16,1710827183000000
33.16,1710827183250000
33.16,1710827183500000
33.16,1710827183750000
33.18,1710827184000000
33.18,1710827184250000
33.18,1710827184500000
33.18,1710827184750000
33.18,1710827185000000
33.18,1710827185250000
33.18,1710827185500000
33.18,1710827185750000
33.18,1710827186000000
33.18,1710827186250000
33.18,1710827186500000
33.18,1710827186750000
33.18,1710827187000000
33.18,1710827187250000
33.18,1710827187500000
33.18,1710827187750000
33.18,1710827188000000
33.18,1710827188250000
33.18,1710827188500000
33.18,1710827188750000
33.18,1710827189000000
33.18,1710827189250000
33.18,1710827189500000
33.18,1710827189750000
33.18,1710827190000000
33.18,1710827190250000
33.18,1710827190500000
33.18,1710827190750000
33.21,1710827191000000
33.21,1710827191250000
33.21,1710827191500000
33.21,1710827191750000
33.21,1710827192000000
33.21,1710827192250000
33.21,1710827192500000
33.21,1710827192750000
33.18,1710827193000000
33.18,1710827193250000
33.18,1710827193500000
33.18,1710827193750000
33.16,1710827194000000
33.16,1710827194250000
33.16,1710827194500000
33.16,1710827194750000
33.21,1710827195000000
33.21,1710827195250000
33.21,1710827195500000
33.21,1710827195750000
33.18,1710827196000000
33.18,1710827196250000
33.18,1710827196500000
33.18,1710827196750000
33.16,1710827197000000
33.16,1710827197250000
33.16,1710827197500000
33.16,1710827197750000
33.16,1710827198000000
33.16,1710827198250000
33.16,1710827198500000
33.16,1710827198750000
33.18,1710827199000000
33.18,1710827199250000
33.18,1710827199500000
33.18,1710827199750000
33.18,1710827200000000
33.18,1710827200250000
33.18,1710827200500000
33.18,1710827200750000
33.21,1710827201000000
33.21,1710827201250000
33.21,1710827201500000
33.21,1710827201750000
33.18,1710827202000000
33.18,1710827202250000
33.18,1710827202500000
33.18,1710827202750000
33.18,1710827203000000
33.18,1710827203250000
33.18,1710827203500000
33.18,1710827203750000
33.18,1710827204000000
33.18,1710827204250000
33.18,1710827204500000
33.18,1710827204750000
33.16,1710827205000000
33.16,1710827205250000
33.16,1710827205500000
33.16,1710827205750000
33.18,1710827206000000
33.18,1710827206250000
33.18,1710827206500000
33.18,1710827206750000
33.15,1710827207000000
33.15,1710827207250000
33.15,1710827207500000
33.15,1710827207750000
33.16,1710827208000000
33.16,1710827208250000
33.16,1710827208500000
33.16,1710827208750000
33.18,1710827209000000
33.18,1710827209250000
33.18,1710827209500000
33.18,1710827209750000
33.18,1710827210000000
33.18,1710827210250000
33.18,1710827210500000
33.18,1710827210750000
33.16,1710827211000000
33.16,1710827211250000
33.16,1710827211500000
33.16,1710827211750000
33.16,1710827212000000
33.16,1710827212250000
33.16,1710827212500000
33.16,1710827212750000
33.16,1710827213000000
33.16,1710827213250000
33.16,1710827213500000
33.16,1710827213750000
33.16,1710827214000000
33.16,1710827214250000
33.16,1710827214500000
33.16,1710827214750000
33.16,1710827215000000
33.16,1710827215250000
33.16,1710827215500000
33.16,1710827215750000
33.16,1710827216000000
33.16,1710827216250000
33.16,1710827216500000
33.16,1710827216750000
33.16,1710827217000000
33.16,1710827217250000
33.16,1710827217500000
33.16,1710827217750000
33.16,1710827218000000
33.16,1710827218250000
33.16,1710827218500000
33.16,1710827218750000
33.16,1710827219000000
33.16,1710827219250000
33.16,1710827219500000
33.16,1710827219750000
33.18,1710827220000000
33.18,1710827220250000
33.18,1710827220500000
33.18,1710827220750000
33.18,1710827221000000
33.18,1710827221250000
33.18,1710827221500000
33.18,1710827221750000
33.16,1710827222000000
33.16,1710827222250000
33.16,1710827222500000
33.16,1710827222750000
33.16,1710827223000000
33.16,1710827223250000
33.16,1710827223500000
33.16,1710827223750000
33.16,1710827224000000
33.16,1710827224250000
33.16,1710827224500000
33.16,1710827224750000
33.16,1710827225000000
33.16,1710827225250000
33.16,1710827225500000
33.16,1710827225750000
33.15,1710827226000000
33.15,1710827226250000
33.15,1710827226500000
33.15,1710827226750000
33.16,1710827227000000
33.16,1710827227250000
33.16,1710827227500000
33.16,1710827227750000
33.16,1710827228000000
33.16,1710827228250000
33.16,1710827228500000
33.16,1710827228750000
33.16,1710827229000000
33.16,1710827229250000
33.16,1710827229500000
33.16,1710827229750000
33.16,1710827230000000
33.16,1710827230250000
33.16,1710827230500000
33.16,1710827230750000
33.16,1710827231000000
33.16,1710827231250000
33.16,1710827231500000
33.16,1710827231750000
33.16,1710827232000000
33.16,1710827232250000
33.16,1710827232500000
33.16,1710827232750000
33.15,1710827233000000
33.15,1710827233250000
33.15,1710827233500000
33.15,1710827233750000
33.16,1710827234000000
33.16,1710827234250000
33.16,1710827234500000
33.16,1710827234750000
33.15,1710827235000000
33.15,1710827235250000
33.15,1710827235500000
33.15,1710827235750000
33.15,1710827236000000
33.15,1710827236250000
33.15,1710827236500000
33.15,1710827236750000
33.15,1710827237000000
33.15,1710827237250000
33.15,1710827237500000
33.15,1710827237750000
33.16,1710827238000000
33.16,1710827238250000
33.16,1710827238500000
33.16,1710827238750000
33.16,1710827239000000
33.16,1710827239250000
33.16,1710827239500000
33.16,1710827239750000
33.16,1710827240000000
33.16,1710827240250000
33.16,1710827240500000
33.16,1710827240750000
33.15,1710827241000000
33.15,1710827241250000
33.15,1710827241500000
33.15,1710827241750000
33.15,1710827242000000
33.15,1710827242250000
33.15,1710827242500000
33.15,1710827242750000
33.15,1710827243000000
33.15,1710827243250000
33.15,1710827243500000
33.15,1710827243750000
33.15,1710827244000000
33.15,1710827244250000
33.15,1710827244500000
33.15,1710827244750000
33.13,1710827245000000
33.13,1710827245250000
33.13,1710827245500000
33.13,1710827245750000
33.13,1710827246000000
33.13,1710827246250000
33.13,1710827246500000
33.13,1710827246750000
33.15,1710827247000000
33.15,1710827247250000
33.15,1710827247500000
33.15,1710827247750000
33.13,1710827248000000
33.13,1710827248250000
33.13,1710827248500000
33.13,1710827248750000
33.15,1710827249000000
33.15,1710827249250000
33.15,1710827249500000
33.15,1710827249750000
33.15,1710827250000000
33.15,1710827250250000
33.15,1710827250500000
33.15,1710827250750000
33.15,1710827251000000
33.15,1710827251250000
33.15,1710827251500000
33.15,1710827251750000
33.11,1710827252000000
33.11,1710827252250000
33.11,1710827252500000
33.11,1710827252750000
33.13,1710827253000000
33.13,1710827253250000
33.13,1710827253500000
33.13,1710827253750000
33.11,1710827254000000
33.11,1710827254250000
33.11,1710827254500000
33.11,1710827254750000
33.13,1710827255000000
33.13,1710827255250000
33.13,1710827255500000
33.13,1710827255750000
33.11,1710827256000000
33.11,1710827256250000
33.11,1710827256500000
33.11,1710827256750000
33.15,1710827257000000
33.15,1710827257250000
33.15,1710827257500000
33.15,1710827257750000
33.13,1710827258000000
33.13,1710827258250000
33.13,1710827258500000
33.13,1710827258750000
33.13,1710827259000000
33.13,1710827259250000
33.13,1710827259500000
33.13,1710827259750000
33.13,1710827260000000
33.13,1710827260250000
33.13,1710827260500000
33.13,1710827260750000
33.11,1710827261000000
33.11,1710827261250000
33.11,1710827261500000
33.11,1710827261750000
33.13,1710827262000000
33.13,1710827262250000
33.13,1710827262500000
33.13,1710827262750000
33.13,1710827263000000
33.13,1710827263250000
33.13,1710827263500000
33.13,1710827263750000
33.11,1710827264000000
33.11,1710827264250000
33.11,1710827264500000
33.11,1710827264750000
33.13,1710827265000000
33.13,1710827265250000
33.13,1710827265500000
33.13,1710827265750000
33.13,1710827266000000
33.13,1710827266250000
33.13,1710827266500000
33.13,1710827266750000
33.11,1710827267000000
33.11,1710827267250000
33.11,1710827267500000
33.11,1710827267750000
33.13,1710827268000000
33.13,1710827268250000
33.13,1710827268500000
33.13,1710827268750000
33.11,1710827269000000
33.11,1710827269250000
33.11,1710827269500000
33.11,1710827269750000
33.09,1710827270000000
33.09,1710827270250000
33.09,1710827270500000
33.09,1710827270750000
33.11,1710827271000000
33.11,1710827271250000
33.11,1710827271500000
33.11,1710827271750000
33.11,1710827272000000
33.11,1710827272250000
33.11,1710827272500000
33.11,1710827272750000
33.13,1710827273000000
33.13,1710827273250000
33.13,1710827273500000
33.13,1710827273750000
33.09,1710827274000000
33.09,1710827274250000
33.09,1710827274500000
33.09,1710827274750000
33.11,1710827275000000
33.11,1710827275250000
33.11,1710827275500000
33.11,1710827275750000
33.11,1710827276000000
33.11,1710827276250000
33.11,1710827276500000
33.11,1710827276750000
33.09,1710827277000000
33.09,1710827277250000
33.09,1710827277500000
33.09,1710827277750000
33.09,1710827278000000
33.09,1710827278250000
33.09,1710827278500000
33.09,1710827278750000
33.09,1710827279000000
33.09,1710827279250000
33.09,1710827279500000
33.09,1710827279750000
33.07,1710827280000000
33.07,1710827280250000
33.07,1710827280500000
33.07,1710827280750000
33.09,1710827281000000
33.09,1710827281250000
33.09,1710827281500000
33.09,1710827281750000
33.07,1710827282000000
33.07,1710827282250000
33.07,1710827282500000
33.07,1710827282750000
33.07,1710827283000000
33.07,1710827283250000
33.07,1710827283500000
33.07,1710827283750000
33.07,1710827284000000
33.07,1710827284250000
33.07,1710827284500000
33.07,1710827284750000
33.07,1710827285000000
33.07,1710827285250000
33.07,1710827285500000
33.07,1710827285750000
33.07,1710827286000000
33.07,1710827286250000
33.07,1710827286500000
33.07,1710827286750000
33.07,1710827287000000
33.07,1710827287250000
33.07,1710827287500000
33.07,1710827287750000
33.07,1710827288000000
33.07,1710827288250000
33.07,1710827288500000
33.07,1710827288750000
33.05,1710827289000000
33.05,1710827289250000
33.05,1710827289500000
33.05,1710827289750000
33.09,1710827290000000
33.09,1710827290250000
33.09,1710827290500000
33.09,1710827290750000
33.05,1710827291000000
33.05,1710827291250000
33.05,1710827291500000
33.05,1710827291750000
33.03,1710827292000000
33.03,1710827292250000
33.03,1710827292500000
33.03,1710827292750000
33.07,1710827293000000
33.07,1710827293250000
33.07,1710827293500000
33.07,1710827293750000
33.0,1710827294000000
33.0,1710827294250000
33.0,1710827294500000
33.0,1710827294750000
33.05,1710827295000000
33.05,1710827295250000
33.05,1710827295500000
33.05,1710827295750000
33.03,1710827296000000
33.03,1710827296250000
33.03,1710827296500000
33.03,1710827296750000
33.03,1710827297000000
33.03,1710827297250000
33.03,1710827297500000
33.03,1710827297750000
33.03,1710827298000000
33.03,1710827298250000
33.03,1710827298500000
33.03,1710827298750000
33.05,1710827299000000
33.05,1710827299250000
33.05,1710827299500000
33.05,1710827299750000
33.03,1710827300000000
33.03,1710827300250000
33.03,1710827300500000
33.03,1710827300750000
32.99,1710827301000000
32.99,1710827301250000
32.99,1710827301500000
32.99,1710827301750000
33.03,1710827302000000
33.03,1710827302250000
33.03,1710827302500000
33.03,1710827302750000
33.03,1710827303000000
33.03,1710827303250000
33.03,1710827303500000
33.03,1710827303750000
33.03,1710827304000000
33.03,1710827304250000
33.03,1710827304500000
33.03,1710827304750000
33.0,1710827305000000
33.0,1710827305250000
33.0,1710827305500000
33.0,1710827305750000
33.0,1710827306000000
33.0,1710827306250000
33.0,1710827306500000
33.0,1710827306750000
33.0,1710827307000000
33.0,1710827307250000
33.0,1710827307500000
33.0,1710827307750000
33.0,1710827308000000
33.0,1710827308250000
33.0,1710827308500000
33.0,1710827308750000
33.0,1710827309000000
33.0,1710827309250000
33.0,1710827309500000
33.0,1710827309750000
33.0,1710827310000000
33.0,1710827310250000
33.0,1710827310500000
33.0,1710827310750000
33.0,1710827311000000
33.0,1710827311250000
33.0,1710827311500000
33.0,1710827311750000
32.99,1710827312000000
32.99,1710827312250000
32.99,1710827312500000
32.99,1710827312750000
33.03,1710827313000000
33.03,1710827313250000
33.03,1710827313500000
33.03,1710827313750000
33.03,1710827314000000
33.03,1710827314250000
33.03,1710827314500000
33.03,1710827314750000
32.99,1710827315000000
32.99,1710827315250000
32.99,1710827315500000
32.99,1710827315750000
33.0,1710827316000000
33.0,1710827316250000
33.0,1710827316500000
33.0,1710827316750000
32.97,1710827317000000
32.97,1710827317250000
32.97,1710827317500000
32.97,1710827317750000
32.99,1710827318000000
32.99,1710827318250000
32.99,1710827318500000
32.99,1710827318750000
32.99,1710827319000000
32.99,1710827319250000
32.99,1710827319500000
32.99,1710827319750000
32.99,1710827320000000
32.99,1710827320250000
32.99,1710827320500000
32.99,1710827320750000
32.97,1710827321000000
32.97,1710827321250000
32.97,1710827321500000
32.97,1710827321750000
32.99,1710827322000000
32.99,1710827322250000
32.99,1710827322500000
32.99,1710827322750000
33.0,1710827323000000
33.0,1710827323250000
33.0,1710827323500000
33.0,1710827323750000
32.99,1710827324000000
32.99,1710827324250000
32.99,1710827324500000
32.99,1710827324750000
32.99,1710827325000000
32.99,1710827325250000
32.99,1710827325500000
32.99,1710827325750000
32.99,1710827326000000
32.99,1710827326250000
32.99,1710827326500000
32.99,1710827326750000
32.99,1710827327000000
32.99,1710827327250000
32.99,1710827327500000
32.99,1710827327750000
32.97,1710827328000000
32.97,1710827328250000
32.97,1710827328500000
32.97,1710827328750000
32.99,1710827329000000
32.99,1710827329250000
32.99,1710827329500000
32.99,1710827329750000
32.97,1710827330000000
32.97,1710827330250000
32.97,1710827330500000
32.97,1710827330750000
32.97,1710827331000000
32.97,1710827331250000
32.97,1710827331500000
32.97,1710827331750000
32.97,1710827332000000
32.97,1710827332250000
32.97,1710827332500000
32.97,1710827332750000
32.95,1710827333000000
32.95,1710827333250000
32.95,1710827333500000
32.95,1710827333750000
32.97,1710827334000000
32.97,1710827334250000
32.97,1710827334500000
32.97,1710827334750000
32.95,1710827335000000
32.95,1710827335250000
32.95,1710827335500000
32.95,1710827335750000
32.97,1710827336000000
32.97,1710827336250000
32.97,1710827336500000
32.97,1710827336750000
32.95,1710827337000000
32.95,1710827337250000
32.95,1710827337500000
32.95,1710827337750000
32.95,1710827338000000
32.95,1710827338250000
32.95,1710827338500000
32.95,1710827338750000
32.95,1710827339000000
32.95,1710827339250000
32.95,1710827339500000
32.95,1710827339750000
32.95,1710827340000000
32.95,1710827340250000
32.95,1710827340500000
32.95,1710827340750000
32.97,1710827341000000
32.97,1710827341250000
32.97,1710827341500000
32.97,1710827341750000
32.97,1710827342000000
32.97,1710827342250000
32.97,1710827342500000
32.97,1710827342750000
32.95,1710827343000000
32.95,1710827343250000
32.95,1710827343500000
32.95,1710827343750000
32.93,1710827344000000
32.93,1710827344250000
32.93,1710827344500000
32.93,1710827344750000
32.95,1710827345000000
32.95,1710827345250000
32.95,1710827345500000
32.95,1710827345750000
32.95,1710827346000000
32.95,1710827346250000
32.95,1710827346500000
32.95,1710827346750000
32.95,1710827347000000
32.95,1710827347250000
32.95,1710827347500000
32.95,1710827347750000
32.95,1710827348000000
32.95,1710827348250000
32.95,1710827348500000
32.95,1710827348750000
32.95,1710827349000000
32.95,1710827349250000
32.95,1710827349500000
32.95,1710827349750000
32.93,1710827350000000
32.93,1710827350250000
32.93,1710827350500000
32.93,1710827350750000
32.93,1710827351000000
32.93,1710827351250000
32.93,1710827351500000
32.93,1710827351750000
32.95,1710827352000000
32.95,1710827352250000
32.95,1710827352500000
32.95,1710827352750000
32.93,1710827353000000
32.93,1710827353250000
32.93,1710827353500000
32.93,1710827353750000
32.95,1710827354000000
32.95,1710827354250000
32.95,1710827354500000
32.95,1710827354750000
32.95,1710827355000000
32.95,1710827355250000
32.95,1710827355500000
32.95,1710827355750000
32.93,1710827356000000
32.93,1710827356250000
32.93,1710827356500000
32.93,1710827356750000
32.93,1710827357000000
32.93,1710827357250000
32.93,1710827357500000
32.93,1710827357750000
32.95,1710827358000000
32.95,1710827358250000
32.95,1710827358500000
32.95,1710827358750000
32.95,1710827359000000
32.95,1710827359250000
32.95,1710827359500000
32.95,1710827359750000
32.93,1710827360000000
32.93,1710827360250000
32.93,1710827360500000
32.93,1710827360750000
32.93,1710827361000000
32.93,1710827361250000
32.93,1710827361500000
32.93,1710827361750000
32.91,1710827362000000
32.91,1710827362250000
32.91,1710827362500000
32.91,1710827362750000
32.93,1710827363000000
32.93,1710827363250000
32.93,1710827363500000
32.93,1710827363750000
32.91,1710827364000000
32.91,1710827364250000
32.91,1710827364500000
32.91,1710827364750000
32.93,1710827365000000
32.93,1710827365250000
32.93,1710827365500000
32.93,1710827365750000
32.93,1710827366000000
32.93,1710827366250000
32.93,1710827366500000
32.93,1710827366750000
32.95,1710827367000000
32.95,1710827367250000
32.95,1710827367500000
32.95,1710827367750000
32.91,1710827368000000
32.91,1710827368250000
32.91,1710827368500000
32.91,1710827368750000
32.93,1710827369000000
32.93,1710827369250000
32.93,1710827369500000
32.93,1710827369750000
32.91,1710827370000000
32.91,1710827370250000
32.91,1710827370500000
32.91,1710827370750000
32.93,1710827371000000
32.93,1710827371250000
32.93,1710827371500000
32.93,1710827371750000
32.91,1710827372000000
32.91,1710827372250000
32.91,1710827372500000
32.91,1710827372750000
32.93,1710827373000000
32.93,1710827373250000
32.93,1710827373500000
32.93,1710827373750000
32.93,1710827374000000
32.93,1710827374250000
32.93,1710827374500000
32.93,1710827374750000
32.89,1710827375000000
32.89,1710827375250000
32.89,1710827375500000
32.89,1710827375750000
32.95,1710827376000000
32.95,1710827376250000
32.95,1710827376500000
32.95,1710827376750000
32.93,1710827377000000
32.93,1710827377250000
32.93,1710827377500000
32.93,1710827377750000
32.95,1710827378000000
32.95,1710827378250000
32.95,1710827378500000
32.95,1710827378750000
32.93,1710827379000000
32.93,1710827379250000
32.93,1710827379500000
32.93,1710827379750000
32.93,1710827380000000
32.93,1710827380250000
32.93,1710827380500000
32.93,1710827380750000
32.93,1710827381000000
32.93,1710827381250000
32.93,1710827381500000
32.93,1710827381750000
32.93,1710827382000000
32.93,1710827382250000
32.93,1710827382500000
32.93,1710827382750000
32.91,1710827383000000
32.91,1710827383250000
32.91,1710827383500000
32.91,1710827383750000
32.91,1710827384000000
32.91,1710827384250000
32.91,1710827384500000
32.91,1710827384750000
32.89,1710827385000000
32.89,1710827385250000
32.89,1710827385500000
32.89,1710827385750000
32.91,1710827386000000
32.91,1710827386250000
32.91,1710827386500000
32.91,1710827386750000
32.93,1710827387000000
32.93,1710827387250000
32.93,1710827387500000
32.93,1710827387750000
32.91,1710827388000000
32.91,1710827388250000
32.91,1710827388500000
32.91,1710827388750000
32.91,1710827389000000
32.91,1710827389250000
32.91,1710827389500000
32.91,1710827389750000
32.91,1710827390000000
32.91,1710827390250000
32.91,1710827390500000
32.91,1710827390750000
32.91,1710827391000000
32.91,1710827391250000
32.91,1710827391500000
32.91,1710827391750000
32.89,1710827392000000
32.89,1710827392250000
32.89,1710827392500000
32.89,1710827392750000
32.93,1710827393000000
32.93,1710827393250000
32.93,1710827393500000
32.93,1710827393750000
32.89,1710827394000000
32.89,1710827394250000
32.89,1710827394500000
32.89,1710827394750000
32.91,1710827395000000
32.91,1710827395250000
32.91,1710827395500000
32.91,1710827395750000
32.89,1710827396000000
32.89,1710827396250000
32.89,1710827396500000
32.89,1710827396750000
32.91,1710827397000000
32.91,1710827397250000
32.91,1710827397500000
32.91,1710827397750000
32.91,1710827398000000
32.91,1710827398250000
32.91,1710827398500000
32.91,1710827398750000
32.89,1710827399000000
32.89,1710827399250000
32.89,1710827399500000
32.89,1710827399750000
32.89,1710827400000000
32.89,1710827400250000
32.89,1710827400500000
32.89,1710827400750000
32.89,1710827401000000
32.89,1710827401250000
32.89,1710827401500000
32.89,1710827401750000
32.91,1710827402000000
32.91,1710827402250000
32.91,1710827402500000
32.91,1710827402750000
32.89,1710827403000000
32.89,1710827403250000
32.89,1710827403500000
32.89,1710827403750000
32.89,1710827404000000
32.89,1710827404250000
32.89,1710827404500000
32.89,1710827404750000
32.91,1710827405000000
32.91,1710827405250000
32.91,1710827405500000
32.91,1710827405750000
32.91,1710827406000000
32.91,1710827406250000
32.91,1710827406500000
32.91,1710827406750000
32.91,1710827407000000
32.91,1710827407250000
32.91,1710827407500000
32.91,1710827407750000
32.89,1710827408000000
32.89,1710827408250000
32.89,1710827408500000
32.89,1710827408750000
32.91,1710827409000000
32.91,1710827409250000
32.91,1710827409500000
32.91,1710827409750000
32.89,1710827410000000
32.89,1710827410250000
32.89,1710827410500000
32.89,1710827410750000
32.91,1710827411000000
32.91,1710827411250000
32.91,1710827411500000
32.91,1710827411750000
32.91,1710827412000000
32.91,1710827412250000
32.91,1710827412500000
32.91,1710827412750000
32.91,1710827413000000
32.91,1710827413250000
32.91,1710827413500000
32.91,1710827413750000
32.91,1710827414000000
32.91,1710827414250000
32.91,1710827414500000
32.91,1710827414750000
32.91,1710827415000000
32.91,1710827415250000
32.91,1710827415500000
32.91,1710827415750000
32.93,1710827416000000
32.93,1710827416250000
32.93,1710827416500000
32.93,1710827416750000
32.91,1710827417000000
32.91,1710827417250000
32.91,1710827417500000
32.91,1710827417750000
32.91,1710827418000000
32.91,1710827418250000
32.91,1710827418500000
32.91,1710827418750000
32.91,1710827419000000
32.91,1710827419250000
32.91,1710827419500000
32.91,1710827419750000
32.93,1710827420000000
32.93,1710827420250000
32.93,1710827420500000
32.93,1710827420750000
32.93,1710827421000000
32.93,1710827421250000
32.93,1710827421500000
32.93,1710827421750000
32.93,1710827422000000
32.93,1710827422250000
32.93,1710827422500000
32.93,1710827422750000
32.91,1710827423000000
32.91,1710827423250000
32.91,1710827423500000
32.91,1710827423750000
32.91,1710827424000000
32.91,1710827424250000
32.91,1710827424500000
32.91,1710827424750000
32.95,1710827425000000
32.95,1710827425250000
32.95,1710827425500000
32.95,1710827425750000
32.91,1710827426000000
32.91,1710827426250000
32.91,1710827426500000
32.91,1710827426750000
32.91,1710827427000000
32.91,1710827427250000
32.91,1710827427500000
32.91,1710827427750000
32.91,1710827428000000
32.91,1710827428250000
32.91,1710827428500000
32.91,1710827428750000
32.93,1710827429000000
32.93,1710827429250000
32.93,1710827429500000
32.93,1710827429750000
32.91,1710827430000000
32.91,1710827430250000
32.91,1710827430500000
32.91,1710827430750000
32.91,1710827431000000
32.91,1710827431250000
32.91,1710827431500000
32.91,1710827431750000
32.91,1710827432000000
32.91,1710827432250000
32.91,1710827432500000
32.91,1710827432750000
32.91,1710827433000000
32.91,1710827433250000
32.91,1710827433500000
32.91,1710827433750000
32.91,1710827434000000
32.91,1710827434250000
32.91,1710827434500000
32.91,1710827434750000
32.93,1710827435000000
32.93,1710827435250000
32.93,1710827435500000
32.93,1710827435750000
32.93,1710827436000000
32.93,1710827436250000
32.93,1710827436500000
32.93,1710827436750000
32.93,1710827437000000
32.93,1710827437250000
32.93,1710827437500000
32.93,1710827437750000
32.93,1710827438000000
32.93,1710827438250000
32.93,1710827438500000
32.93,1710827438750000
32.95,1710827439000000
32.95,1710827439250000
32.95,1710827439500000
32.95,1710827439750000
32.93,1710827440000000
32.93,1710827440250000
32.93,1710827440500000
32.93,1710827440750000
32.93,1710827441000000
32.93,1710827441250000
32.93,1710827441500000
32.93,1710827441750000
32.93,1710827442000000
32.93,1710827442250000
32.93,1710827442500000
32.93,1710827442750000
32.95,1710827443000000
32.95,1710827443250000
32.95,1710827443500000
32.95,1710827443750000
32.93,1710827444000000
32.93,1710827444250000
32.93,1710827444500000
32.93,1710827444750000
32.95,1710827445000000
32.95,1710827445250000
32.95,1710827445500000
32.95,1710827445750000
32.93,1710827446000000
32.93,1710827446250000
32.93,1710827446500000
32.93,1710827446750000
32.95,1710827447000000
32.95,1710827447250000
32.95,1710827447500000
32.95,1710827447750000
32.93,1710827448000000
32.93,1710827448250000
32.93,1710827448500000
32.93,1710827448750000
32.95,1710827449000000
32.95,1710827449250000
32.95,1710827449500000
32.95,1710827449750000
32.95,1710827450000000
32.95,1710827450250000
32.95,1710827450500000
32.95,1710827450750000
32.95,1710827451000000
32.95,1710827451250000
32.95,1710827451500000
32.95,1710827451750000
32.97,1710827452000000
32.97,1710827452250000
32.97,1710827452500000
32.97,1710827452750000
32.97,1710827453000000
32.97,1710827453250000
32.97,1710827453500000
32.97,1710827453750000
32.97,1710827454000000
32.97,1710827454250000
32.97,1710827454500000
32.97,1710827454750000
32.95,1710827455000000
32.95,1710827455250000
32.95,1710827455500000
32.95,1710827455750000
32.95,1710827456000000
32.95,1710827456250000
32.95,1710827456500000
32.95,1710827456750000
32.99,1710827457000000
32.99,1710827457250000
32.99,1710827457500000
32.99,1710827457750000
32.99,1710827458000000
32.99,1710827458250000
32.99,1710827458500000
32.99,1710827458750000
32.97,1710827459000000
32.97,1710827459250000
32.97,1710827459500000
32.97,1710827459750000
32.97,1710827460000000
32.97,1710827460250000
32.97,1710827460500000
32.97,1710827460750000
32.97,1710827461000000
32.97,1710827461250000
32.97,1710827461500000
32.97,1710827461750000
32.99,1710827462000000
32.99,1710827462250000
32.99,1710827462500000
32.99,1710827462750000
32.97,1710827463000000
32.97,1710827463250000
32.97,1710827463500000
32.97,1710827463750000
32.99,1710827464000000
32.99,1710827464250000
32.99,1710827464500000
32.99,1710827464750000
32.99,1710827465000000
32.99,1710827465250000
32.99,1710827465500000
32.99,1710827465750000
32.97,1710827466000000
32.97,1710827466250000
32.97,1710827466500000
32.97,1710827466750000
33.0,1710827467000000
33.0,1710827467250000
33.0,1710827467500000
33.0,1710827467750000
33.0,1710827468000000
33.0,1710827468250000
33.0,1710827468500000
33.0,1710827468750000
32.97,1710827469000000
32.97,1710827469250000
32.97,1710827469500000
32.97,1710827469750000
32.99,1710827470000000
32.99,1710827470250000
32.99,1710827470500000
32.99,1710827470750000
33.0,1710827471000000
33.0,1710827471250000
33.0,1710827471500000
33.0,1710827471750000
32.99,1710827472000000
32.99,1710827472250000
32.99,1710827472500000
32.99,1710827472750000
32.99,1710827473000000
32.99,1710827473250000
32.99,1710827473500000
32.99,1710827473750000
33.0,1710827474000000
33.0,1710827474250000
33.0,1710827474500000
33.0,1710827474750000
33.0,1710827475000000
33.0,1710827475250000
33.0,1710827475500000
33.0,1710827475750000
33.0,1710827476000000
33.0,1710827476250000
33.0,1710827476500000
33.0,1710827476750000
33.0,1710827477000000
33.0,1710827477250000
33.0,1710827477500000
33.0,1710827477750000
33.0,1710827478000000
33.0,1710827478250000
33.0,1710827478500000
33.0,1710827478750000
33.03,1710827479000000
33.03,1710827479250000
33.03,1710827479500000
33.03,1710827479750000
33.0,1710827480000000
33.0,1710827480250000
33.0,1710827480500000
33.0,1710827480750000
33.03,1710827481000000
33.03,1710827481250000
33.03,1710827481500000
33.03,1710827481750000
33.03,1710827482000000
33.03,1710827482250000
33.03,1710827482500000
33.03,1710827482750000
33.03,1710827483000000
33.03,1710827483250000
33.03,1710827483500000
33.03,1710827483750000
33.03,1710827484000000
33.03,1710827484250000
33.03,1710827484500000
33.03,1710827484750000
33.0,1710827485000000
33.0,1710827485250000
33.0,1710827485500000
33.0,1710827485750000
33.05,1710827486000000
33.05,1710827486250000
33.05,1710827486500000
33.05,1710827486750000
33.05,1710827487000000
33.05,1710827487250000
33.05,1710827487500000
33.05,1710827487750000
33.03,1710827488000000
33.03,1710827488250000
33.03,1710827488500000
33.03,1710827488750000
33.05,1710827489000000
33.05,1710827489250000
33.05,1710827489500000
33.05,1710827489750000
33.03,1710827490000000
33.03,1710827490250000
33.03,1710827490500000
33.03,1710827490750000
33.07,1710827491000000
33.07,1710827491250000
33.07,1710827491500000
33.07,1710827491750000
33.07,1710827492000000
33.07,1710827492250000
33.07,1710827492500000
33.07,1710827492750000
33.07,1710827493000000
33.07,1710827493250000
33.07,1710827493500000
33.07,1710827493750000
33.03,1710827494000000
33.03,1710827494250000
33.03,1710827494500000
33.03,1710827494750000
33.07,1710827495000000
33.07,1710827495250000
33.07,1710827495500000
33.07,1710827495750000
33.05,1710827496000000
33.05,1710827496250000
33.05,1710827496500000
33.05,1710827496750000
33.07,1710827497000000
33.07,1710827497250000
33.07,1710827497500000
33.07,1710827497750000
33.07,1710827498000000
33.07,1710827498250000
33.07,1710827498500000
33.07,1710827498750000
33.07,1710827499000000
33.07,1710827499250000
33.07,1710827499500000
33.07,1710827499750000
33.07,1710827500000000
33.07,1710827500250000
33.07,1710827500500000
33.07,1710827500750000
33.07,1710827501000000
33.07,1710827501250000
33.07,1710827501500000
33.07,1710827501750000
33.07,1710827502000000
33.07,1710827502250000
33.07,1710827502500000
33.07,1710827502750000
33.09,1710827503000000
33.09,1710827503250000
33.09,1710827503500000
33.09,1710827503750000
33.07,1710827504000000
33.07,1710827504250000
33.07,1710827504500000
33.07,1710827504750000
33.05,1710827505000000
33.05,1710827505250000
33.05,1710827505500000
33.05,1710827505750000
33.07,1710827506000000
33.07,1710827506250000
33.07,1710827506500000
33.07,1710827506750000
33.07,1710827507000000
33.07,1710827507250000
33.07,1710827507500000
33.07,1710827507750000
33.09,1710827508000000
33.09,1710827508250000
33.09,1710827508500000
33.09,1710827508750000
33.07,1710827509000000
33.07,1710827509250000
33.07,1710827509500000
33.07,1710827509750000
33.09,1710827510000000
33.09,1710827510250000
33.09,1710827510500000
33.09,1710827510750000
33.09,1710827511000000
33.09,1710827511250000
33.09,1710827511500000
33.09,1710827511750000
33.11,1710827512000000
33.11,1710827512250000
33.11,1710827512500000
33.11,1710827512750000
33.11,1710827513000000
33.11,1710827513250000
33.11,1710827513500000
33.11,1710827513750000
33.09,1710827514000000
33.09,1710827514250000
33.09,1710827514500000
33.09,1710827514750000
33.11,1710827515000000
33.11,1710827515250000
33.11,1710827515500000
33.11,1710827515750000
33.11,1710827516000000
33.11,1710827516250000
33.11,1710827516500000
33.11,1710827516750000
33.11,1710827517000000
33.11,1710827517250000
33.11,1710827517500000
33.11,1710827517750000
33.09,1710827518000000
33.09,1710827518250000
33.09,1710827518500000
33.09,1710827518750000
33.11,1710827519000000
33.11,1710827519250000
33.11,1710827519500000
33.11,1710827519750000
33.11,1710827520000000
33.11,1710827520250000
33.11,1710827520500000
33.11,1710827520750000
33.11,1710827521000000
33.11,1710827521250000
33.11,1710827521500000
33.11,1710827521750000
33.13,1710827522000000
33.13,1710827522250000
33.13,1710827522500000
33.13,1710827522750000
33.13,1710827523000000
33.13,1710827523250000
33.13,1710827523500000
33.13,1710827523750000
33.13,1710827524000000
33.13,1710827524250000
33.13,1710827524500000
33.13,1710827524750000
33.15,1710827525000000
33.15,1710827525250000
33.15,1710827525500000
33.15,1710827525750000
33.11,1710827526000000
33.11,1710827526250000
33.11,1710827526500000
33.11,1710827526750000
33.11,1710827527000000
33.11,1710827527250000
33.11,1710827527500000
33.11,1710827527750000
33.13,1710827528000000
33.13,1710827528250000
33.13,1710827528500000
33.13,1710827528750000
33.11,1710827529000000
33.11,1710827529250000
33.11,1710827529500000
33.11,1710827529750000
33.13,1710827530000000
33.13,1710827530250000
33.13,1710827530500000
33.13,1710827530750000
33.15,1710827531000000
33.15,1710827531250000
33.15,1710827531500000
33.15,1710827531750000
33.13,1710827532000000
33.13,1710827532250000
33.13,1710827532500000
33.13,1710827532750000
33.13,1710827533000000
33.13,1710827533250000
33.13,1710827533500000
33.13,1710827533750000
33.13,1710827534000000
33.13,1710827534250000
33.13,1710827534500000
33.13,1710827534750000
33.11,1710827535000000
33.11,1710827535250000
33.11,1710827535500000
33.11,1710827535750000
33.13,1710827536000000
33.13,1710827536250000
33.13,1710827536500000
33.13,1710827536750000
33.15,1710827537000000
33.15,1710827537250000
33.15,1710827537500000
33.15,1710827537750000
33.13,1710827538000000
33.13,1710827538250000
33.13,1710827538500000
33.13,1710827538750000
33.13,1710827539000000
33.13,1710827539250000
33.13,1710827539500000
33.13,1710827539750000
33.16,1710827540000000
33.16,1710827540250000
33.16,1710827540500000
33.16,1710827540750000
33.15,1710827541000000
33.15,1710827541250000
33.15,1710827541500000
33.15,1710827541750000
33.15,1710827542000000
33.15,1710827542250000
33.15,1710827542500000
33.15,1710827542750000
33.16,1710827543000000
33.16,1710827543250000
33.16,1710827543500000
33.16,1710827543750000
33.15,1710827544000000
33.15,1710827544250000
33.15,1710827544500000
33.15,1710827544750000
33.15,1710827545000000
33.15,1710827545250000
33.15,1710827545500000
33.15,1710827545750000
33.15,1710827546000000
33.15,1710827546250000
33.15,1710827546500000
33.15,1710827546750000
33.16,1710827547000000
33.16,1710827547250000
33.16,1710827547500000
33.16,1710827547750000
33.15,1710827548000000
33.15,1710827548250000
33.15,1710827548500000
33.15,1710827548750000
33.16,1710827549000000
33.16,1710827549250000
33.16,1710827549500000
33.16,1710827549750000
33.16,1710827550000000
33.16,1710827550250000
33.16,1710827550500000
33.16,1710827550750000
33.15,1710827551000000
33.15,1710827551250000
33.15,1710827551500000
33.15,1710827551750000
33.16,1710827552000000
33.16,1710827552250000
33.16,1710827552500000
33.16,1710827552750000
33.16,1710827553000000
33.16,1710827553250000
33.16,1710827553500000
33.16,1710827553750000
33.16,1710827554000000
33.16,1710827554250000
33.16,1710827554500000
33.16,1710827554750000
33.18,1710827555000000
33.18,1710827555250000
33.18,1710827555500000
33.18,1710827555750000
33.16,1710827556000000
33.16,1710827556250000
33.16,1710827556500000
33.16,1710827556750000
33.16,1710827557000000
33.16,1710827557250000
33.16,1710827557500000
33.16,1710827557750000
33.16,1710827558000000
33.16,1710827558250000
33.16,1710827558500000
33.16,1710827558750000
33.16,1710827559000000
33.16,1710827559250000
33.16,1710827559500000
33.16,1710827559750000
33.16,1710827560000000
33.16,1710827560250000
33.16,1710827560500000
33.16,1710827560750000
33.16,1710827561000000
33.16,1710827561250000
33.16,1710827561500000
33.16,1710827561750000
33.18,1710827562000000
33.18,1710827562250000
33.18,1710827562500000
33.18,1710827562750000
33.16,1710827563000000
33.16,1710827563250000
33.16,1710827563500000
33.16,1710827563750000
33.21,1710827564000000
33.21,1710827564250000
33.21,1710827564500000
33.21,1710827564750000
33.21,1710827565000000
33.21,1710827565250000
33.21,1710827565500000
33.21,1710827565750000
33.18,1710827566000000
33.18,1710827566250000
33.18,1710827566500000
33.18,1710827566750000
33.21,1710827567000000
33.21,1710827567250000
33.21,1710827567500000
33.21,1710827567750000
33.18,1710827568000000
33.18,1710827568250000
33.18,1710827568500000
33.18,1710827568750000
33.16,1710827569000000
33.16,1710827569250000
33.16,1710827569500000
33.16,1710827569750000
33.21,1710827570000000
33.21,1710827570250000
33.21,1710827570500000
33.21,1710827570750000
33.18,1710827571000000
33.18,1710827571250000
33.18,1710827571500000
33.18,1710827571750000
33.18,1710827572000000
33.18,1710827572250000
33.18,1710827572500000
33.18,1710827572750000
33.21,1710827573000000
33.21,1710827573250000
33.21,1710827573500000
33.21,1710827573750000
33.18,1710827574000000
33.18,1710827574250000
33.18,1710827574500000
33.18,1710827574750000
33.21,1710827575000000
33.21,1710827575250000
33.21,1710827575500000
33.21,1710827575750000
33.21,1710827576000000
33.21,1710827576250000
33.21,1710827576500000
33.21,1710827576750000
33.21,1710827577000000
33.21,1710827577250000
33.21,1710827577500000
33.21,1710827577750000
33.18,1710827578000000
33.18,1710827578250000
33.18,1710827578500000
33.18,1710827578750000
33.21,1710827579000000
33.21,1710827579250000
33.21,1710827579500000
33.21,1710827579750000
33.21,1710827580000000
33.21,1710827580250000
33.21,1710827580500000
33.21,1710827580750000
33.21,1710827581000000
33.21,1710827581250000
33.21,1710827581500000
33.21,1710827581750000
33.21,1710827582000000
33.21,1710827582250000
33.21,1710827582500000
33.21,1710827582750000
33.21,1710827583000000
33.21,1710827583250000
33.21,1710827583500000
33.21,1710827583750000
33.21,1710827584000000
33.21,1710827584250000
33.21,1710827584500000
33.21,1710827584750000
33.21,1710827585000000
33.21,1710827585250000
33.21,1710827585500000
33.21,1710827585750000
33.21,1710827586000000
33.21,1710827586250000
33.21,1710827586500000
33.21,1710827586750000
33.23,1710827587000000
33.23,1710827587250000
33.23,1710827587500000
33.23,1710827587750000
33.21,1710827588000000
33.21,1710827588250000
33.21,1710827588500000
33.21,1710827588750000
33.23,1710827589000000
33.23,1710827589250000
33.23,1710827589500000
33.23,1710827589750000
33.23,1710827590000000
33.23,1710827590250000
33.23,1710827590500000
33.23,1710827590750000
33.23,1710827591000000
33.23,1710827591250000
33.23,1710827591500000
33.23,1710827591750000
33.25,1710827592000000
33.25,1710827592250000
33.25,1710827592500000
33.25,1710827592750000
33.23,1710827593000000
33.23,1710827593250000
33.23,1710827593500000
33.23,1710827593750000
33.25,1710827594000000
33.25,1710827594250000
33.25,1710827594500000
33.25,1710827594750000
33.25,1710827595000000
33.25,1710827595250000
33.25,1710827595500000
33.25,1710827595750000
33.27,1710827596000000
33.27,1710827596250000
33.27,1710827596500000
33.27,1710827596750000
33.25,1710827597000000
33.25,1710827597250000
33.25,1710827597500000
33.25,1710827597750000
33.23,1710827598000000
33.23,1710827598250000
33.23,1710827598500000
33.23,1710827598750000
33.25,1710827599000000
33.25,1710827599250000
33.25,1710827599500000
33.25,1710827599750000
33.25,1710827600000000
33.25,1710827600250000
33.25,1710827600500000
33.25,1710827600750000
33.25,1710827601000000
33.25,1710827601250000
33.25,1710827601500000
33.25,1710827601750000
33.27,1710827602000000
33.27,1710827602250000
33.27,1710827602500000
33.27,1710827602750000
33.27,1710827603000000
33.27,1710827603250000
33.27,1710827603500000
33.27,1710827603750000
33.27,1710827604000000
33.27,1710827604250000
33.27,1710827604500000
33.27,1710827604750000
33.27,1710827605000000
33.27,1710827605250000
33.27,1710827605500000
33.27,1710827605750000
33.29,1710827606000000
33.29,1710827606250000
33.29,1710827606500000
33.29,1710827606750000
33.29,1710827607000000
33.29,1710827607250000
33.29,1710827607500000
33.29,1710827607750000
33.27,1710827608000000
33.27,1710827608250000
33.27,1710827608500000
33.27,1710827608750000
33.29,1710827609000000
33.29,1710827609250000
33.29,1710827609500000
33.29,1710827609750000
33.29,1710827610000000
33.29,1710827610250000
33.29,1710827610500000
33.29,1710827610750000
33.27,1710827611000000
33.27,1710827611250000
33.27,1710827611500000
33.27,1710827611750000
33.29,1710827612000000
33.29,1710827612250000
33.29,1710827612500000
33.29,1710827612750000
33.29,1710827613000000
33.29,1710827613250000
33.29,1710827613500000
33.29,1710827613750000
33.27,1710827614000000
33.27,1710827614250000
33.27,1710827614500000
33.27,1710827614750000
33.27,1710827615000000
33.27,1710827615250000
33.27,1710827615500000
33.27,1710827615750000
33.29,1710827616000000
33.29,1710827616250000
33.29,1710827616500000
33.29,1710827616750000
33.31,1710827617000000
33.31,1710827617250000
33.31,1710827617500000
33.31,1710827617750000
33.29,1710827618000000
33.29,1710827618250000
33.29,1710827618500000
33.29,1710827618750000
33.29,1710827619000000
33.29,1710827619250000
33.29,1710827619500000
33.29,1710827619750000
33.29,1710827620000000
33.29,1710827620250000
33.29,1710827620500000
33.29,1710827620750000
33.27,1710827621000000
33.27,1710827621250000
33.27,1710827621500000
33.27,1710827621750000
33.29,1710827622000000
33.29,1710827622250000
33.29,1710827622500000
33.29,1710827622750000
33.27,1710827623000000
33.27,1710827623250000
33.27,1710827623500000
33.27,1710827623750000
33.29,1710827624000000
33.29,1710827624250000
33.29,1710827624500000
33.29,1710827624750000
33.29,1710827625000000
33.29,1710827625250000
33.29,1710827625500000
33.29,1710827625750000
33.31,1710827626000000
33.31,1710827626250000
33.31,1710827626500000
33.31,1710827626750000
33.31,1710827627000000
33.31,1710827627250000
33.31,1710827627500000
33.31,1710827627750000
33.31,1710827628000000
33.31,1710827628250000
33.31,1710827628500000
33.31,1710827628750000
33.31,1710827629000000
33.31,1710827629250000
33.31,1710827629500000
33.31,1710827629750000
33.29,1710827630000000
33.29,1710827630250000
33.29,1710827630500000
33.29,1710827630750000
33.31,1710827631000000
33.31,1710827631250000
33.31,1710827631500000
33.31,1710827631750000
33.29,1710827632000000
33.29,1710827632250000
33.29,1710827632500000
33.29,1710827632750000
33.33,1710827633000000
33.33,1710827633250000
33.33,1710827633500000
33.33,1710827633750000
33.31,1710827634000000
33.31,1710827634250000
33.31,1710827634500000
33.31,1710827634750000
33.33,1710827635000000
33.33,1710827635250000
33.33,1710827635500000
33.33,1710827635750000
33.31,1710827636000000
33.31,1710827636250000
33.31,1710827636500000
33.31,1710827636750000
33.33,1710827637000000
33.33,1710827637250000
33.33,1710827637500000
33.33,1710827637750000
33.31,1710827638000000
33.31,1710827638250000
33.31,1710827638500000
33.31,1710827638750000
33.33,1710827639000000
33.33,1710827639250000
33.33,1710827639500000
33.33,1710827639750000
33.31,1710827640000000
33.31,1710827640250000
33.31,1710827640500000
33.31,1710827640750000
33.31,1710827641000000
33.31,1710827641250000
33.31,1710827641500000
33.31,1710827641750000
33.33,1710827642000000
33.33,1710827642250000
33.33,1710827642500000
33.33,1710827642750000
33.33,1710827643000000
33.33,1710827643250000
33.33,1710827643500000
33.33,1710827643750000
33.33,1710827644000000
33.33,1710827644250000
33.33,1710827644500000
33.33,1710827644750000
33.33,1710827645000000
33.33,1710827645250000
33.33,1710827645500000
33.33,1710827645750000
33.31,1710827646000000
33.31,1710827646250000
33.31,1710827646500000
33.31,1710827646750000
33.34,1710827647000000
33.34,1710827647250000
33.34,1710827647500000
33.34,1710827647750000
33.31,1710827648000000
33.31,1710827648250000
33.31,1710827648500000
33.31,1710827648750000
33.33,1710827649000000
33.33,1710827649250000
33.33,1710827649500000
33.33,1710827649750000
33.33,1710827650000000
33.33,1710827650250000
33.33,1710827650500000
33.33,1710827650750000
33.33,1710827651000000
33.33,1710827651250000
33.33,1710827651500000
33.33,1710827651750000
33.33,1710827652000000
33.33,1710827652250000
33.33,1710827652500000
33.33,1710827652750000
33.31,1710827653000000
33.31,1710827653250000
33.31,1710827653500000
33.31,1710827653750000
33.33,1710827654000000
33.33,1710827654250000
33.33,1710827654500000
33.33,1710827654750000
33.33,1710827655000000
33.33,1710827655250000
33.33,1710827655500000
33.33,1710827655750000
33.34,1710827656000000
33.34,1710827656250000
33.34,1710827656500000
33.34,1710827656750000
33.33,1710827657000000
33.33,1710827657250000
33.33,1710827657500000
33.33,1710827657750000
33.34,1710827658000000
33.34,1710827658250000
33.34,1710827658500000
33.34,1710827658750000
33.31,1710827659000000
33.31,1710827659250000
33.31,1710827659500000
33.31,1710827659750000
33.33,1710827660000000
33.33,1710827660250000
33.33,1710827660500000
33.33,1710827660750000
33.34,1710827661000000
33.34,1710827661250000
33.34,1710827661500000
33.34,1710827661750000
33.34,1710827662000000
33.34,1710827662250000
33.34,1710827662500000
33.34,1710827662750000
33.33,1710827663000000
33.33,1710827663250000
33.33,1710827663500000
33.33,1710827663750000
33.34,1710827664000000
33.34,1710827664250000
33.34,1710827664500000
33.34,1710827664750000
33.33,1710827665000000
33.33,1710827665250000
33.33,1710827665500000
33.33,1710827665750000
33.33,1710827666000000
33.33,1710827666250000
33.33,1710827666500000
33.33,1710827666750000
33.34,1710827667000000
33.34,1710827667250000
33.34,1710827667500000
33.34,1710827667750000
33.34,1710827668000000
33.34,1710827668250000
33.34,1710827668500000
33.34,1710827668750000
33.37,1710827669000000
33.37,1710827669250000
33.37,1710827669500000
33.37,1710827669750000
33.37,1710827670000000
33.37,1710827670250000
33.37,1710827670500000
33.37,1710827670750000
33.34,1710827671000000
33.34,1710827671250000
33.34,1710827671500000
33.34,1710827671750000
33.37,1710827672000000
33.37,1710827672250000
33.37,1710827672500000
33.37,1710827672750000
33.34,1710827673000000
33.34,1710827673250000
33.34,1710827673500000
33.34,1710827673750000
33.37,1710827674000000
33.37,1710827674250000
33.37,1710827674500000
33.37,1710827674750000
33.37,1710827675000000
33.37,1710827675250000
33.37,1710827675500000
33.37,1710827675750000
33.37,1710827676000000
33.37,1710827676250000
33.37,1710827676500000
33.37,1710827676750000
33.37,1710827677000000
33.37,1710827677250000
33.37,1710827677500000
33.37,1710827677750000
33.34,1710827678000000
33.34,1710827678250000
33.34,1710827678500000
33.34,1710827678750000
33.37,1710827679000000
33.37,1710827679250000
33.37,1710827679500000
33.37,1710827679750000
33.37,1710827680000000
33.37,1710827680250000
33.37,1710827680500000
33.37,1710827680750000
33.37,1710827681000000
33.37,1710827681250000
33.37,1710827681500000
33.37,1710827681750000
33.39,1710827682000000
33.39,1710827682250000
33.39,1710827682500000
33.39,1710827682750000
33.39,1710827683000000
33.39,1710827683250000
33.39,1710827683500000
33.39,1710827683750000
33.39,1710827684000000
33.39,1710827684250000
33.39,1710827684500000
33.39,1710827684750000
33.39,1710827685000000
33.39,1710827685250000
33.39,1710827685500000
33.39,1710827685750000
33.39,1710827686000000
33.39,1710827686250000
33.39,1710827686500000
33.39,1710827686750000
33.41,1710827687000000
33.41,1710827687250000
33.41,1710827687500000
33.41,1710827687750000
33.39,1710827688000000
33.39,1710827688250000
33.39,1710827688500000
33.39,1710827688750000
33.39,1710827689000000
33.39,1710827689250000
33.39,1710827689500000
33.39,1710827689750000
33.39,1710827690000000
33.39,1710827690250000
33.39,1710827690500000
33.39,1710827690750000
33.39,1710827691000000
33.39,1710827691250000
33.39,1710827691500000
33.39,1710827691750000
33.39,1710827692000000
33.39,1710827692250000
33.39,1710827692500000
33.39,1710827692750000
33.37,1710827693000000
33.37,1710827693250000
33.37,1710827693500000
33.37,1710827693750000
33.41,1710827694000000
33.41,1710827694250000
33.41,1710827694500000
33.41,1710827694750000
33.43,1710827695000000
33.43,1710827695250000
33.43,1710827695500000
33.43,1710827695750000
33.39,1710827696000000
33.39,1710827696250000
33.39,1710827696500000
33.39,1710827696750000
33.41,1710827697000000
33.41,1710827697250000
33.41,1710827697500000
33.41,1710827697750000
33.39,1710827698000000
33.39,1710827698250000
33.39,1710827698500000
33.39,1710827698750000
33.39,1710827699000000
33.39,1710827699250000
33.39,1710827699500000
33.39,1710827699750000
33.39,1710827700000000
33.39,1710827700250000
33.39,1710827700500000
33.39,1710827700750000
33.39,1710827701000000
33.39,1710827701250000
33.39,1710827701500000
33.39,1710827701750000
33.43,1710827702000000
33.43,1710827702250000
33.43,1710827702500000
33.43,1710827702750000
33.41,1710827703000000
33.41,1710827703250000
33.41,1710827703500000
33.41,1710827703750000
33.39,1710827704000000
33.39,1710827704250000
33.39,1710827704500000
33.39,1710827704750000
33.41,1710827705000000
33.41,1710827705250000
33.41,1710827705500000
33.41,1710827705750000
33.39,1710827706000000
33.39,1710827706250000
33.39,1710827706500000
33.39,1710827706750000
33.39,1710827707000000
33.39,1710827707250000
33.39,1710827707500000
33.39,1710827707750000
33.43,1710827708000000
33.43,1710827708250000
33.43,1710827708500000
33.43,1710827708750000
33.39,1710827709000000
33.39,1710827709250000
33.39,1710827709500000
33.39,1710827709750000
33.41,1710827710000000
33.41,1710827710250000
33.41,1710827710500000
33.41,1710827710750000
33.41,1710827711000000
33.41,1710827711250000
33.41,1710827711500000
33.41,1710827711750000
33.39,1710827712000000
33.39,1710827712250000
33.39,1710827712500000
33.39,1710827712750000
33.43,1710827713000000
33.43,1710827713250000
33.43,1710827713500000
33.43,1710827713750000
33.43,1710827714000000
33.43,1710827714250000
33.43,1710827714500000
33.43,1710827714750000
33.41,1710827715000000
33.41,1710827715250000
33.41,1710827715500000
33.41,1710827715750000
33.41,1710827716000000
33.41,1710827716250000
33.41,1710827716500000
33.41,1710827716750000
33.41,1710827717000000
33.41,1710827717250000
33.41,1710827717500000
33.41,1710827717750000
33.41,1710827718000000
33.41,1710827718250000
33.41,1710827718500000
33.41,1710827718750000
33.41,1710827719000000
33.41,1710827719250000
33.41,1710827719500000
33.41,1710827719750000
33.43,1710827720000000
33.43,1710827720250000
33.43,1710827720500000
33.43,1710827720750000
33.43,1710827721000000
33.43,1710827721250000
33.43,1710827721500000
33.43,1710827721750000
33.43,1710827722000000
33.43,1710827722250000
33.43,1710827722500000
33.43,1710827722750000
33.45,1710827723000000
33.45,1710827723250000
33.45,1710827723500000
33.45,1710827723750000
33.43,1710827724000000
33.43,1710827724250000
33.43,1710827724500000
33.43,1710827724750000
33.43,1710827725000000
33.43,1710827725250000
33.43,1710827725500000
33.43,1710827725750000
33.43,1710827726000000
33.43,1710827726250000
33.43,1710827726500000
33.43,1710827726750000
33.41,1710827727000000
33.41,1710827727250000
33.41,1710827727500000
33.41,1710827727750000
33.41,1710827728000000
33.41,1710827728250000
33.41,1710827728500000
33.41,1710827728750000
33.45,1710827729000000
33.45,1710827729250000
33.45,1710827729500000
33.45,1710827729750000
33.43,1710827730000000
33.43,1710827730250000
33.43,1710827730500000
33.43,1710827730750000
33.43,1710827731000000
33.43,1710827731250000
33.43,1710827731500000
33.43,1710827731750000
33.43,1710827732000000
33.43,1710827732250000
33.43,1710827732500000
33.43,1710827732750000
33.43,1710827733000000
33.43,1710827733250000
33.43,1710827733500000
33.43,1710827733750000
33.43,1710827734000000
33.43,1710827734250000
33.43,1710827734500000
33.43,1710827734750000
33.43,1710827735000000
33.43,1710827735250000
33.43,1710827735500000
33.43,1710827735750000
33.43,1710827736000000
33.43,1710827736250000
33.43,1710827736500000
33.43,1710827736750000
33.43,1710827737000000
33.43,1710827737250000
33.43,1710827737500000
33.43,1710827737750000
33.43,1710827738000000
33.43,1710827738250000
33.43,1710827738500000
33.43,1710827738750000
33.45,1710827739000000
33.45,1710827739250000
33.45,1710827739500000
33.45,1710827739750000
33.43,1710827740000000
33.43,1710827740250000
33.43,1710827740500000
33.43,1710827740750000
33.45,1710827741000000
33.45,1710827741250000
33.45,1710827741500000
33.45,1710827741750000
33.45,1710827742000000
33.45,1710827742250000
33.45,1710827742500000
33.45,1710827742750000
33.45,1710827743000000
33.45,1710827743250000
33.45,1710827743500000
33.45,1710827743750000
33.45,1710827744000000
33.45,1710827744250000
33.45,1710827744500000
33.45,1710827744750000
33.45,1710827745000000
33.45,1710827745250000
33.45,1710827745500000
33.45,1710827745750000
33.45,1710827746000000
33.45,1710827746250000
33.45,1710827746500000
33.45,1710827746750000
33.45,1710827747000000
33.45,1710827747250000
33.45,1710827747500000
33.45,1710827747750000
33.45,1710827748000000
33.45,1710827748250000
33.45,1710827748500000
33.45,1710827748750000
33.45,1710827749000000
33.45,1710827749250000
33.45,1710827749500000
33.45,1710827749750000
33.45,1710827750000000
33.45,1710827750250000
33.45,1710827750500000
33.45,1710827750750000
33.45,1710827751000000
33.45,1710827751250000
33.45,1710827751500000
33.45,1710827751750000
33.45,1710827752000000
33.45,1710827752250000
33.45,1710827752500000
33.45,1710827752750000
33.45,1710827753000000
33.45,1710827753250000
33.45,1710827753500000
33.45,1710827753750000
33.47,1710827754000000
33.47,1710827754250000
33.47,1710827754500000
33.47,1710827754750000
33.47,1710827755000000
33.47,1710827755250000
33.47,1710827755500000
33.47,1710827755750000
33.47,1710827756000000
33.47,1710827756250000
33.47,1710827756500000
33.47,1710827756750000
33.45,1710827757000000
33.45,1710827757250000
33.45,1710827757500000
33.45,1710827757750000
33.43,1710827758000000
33.43,1710827758250000
33.43,1710827758500000
33.43,1710827758750000
33.45,1710827759000000
33.45,1710827759250000
33.45,1710827759500000
33.45,1710827759750000
33.47,1710827760000000
33.47,1710827760250000
33.47,1710827760500000
33.47,1710827760750000
33.45,1710827761000000
33.45,1710827761250000
33.45,1710827761500000
33.45,1710827761750000
33.47,1710827762000000
33.47,1710827762250000
33.47,1710827762500000
33.47,1710827762750000
33.47,1710827763000000
33.47,1710827763250000
33.47,1710827763500000
33.47,1710827763750000
33.45,1710827764000000
33.45,1710827764250000
33.45,1710827764500000
33.45,1710827764750000
33.45,1710827765000000
33.45,1710827765250000
33.45,1710827765500000
33.45,1710827765750000
33.47,1710827766000000
33.47,1710827766250000
33.47,1710827766500000
33.47,1710827766750000
33.47,1710827767000000
33.47,1710827767250000
33.47,1710827767500000
33.47,1710827767750000
33.47,1710827768000000
33.47,1710827768250000
33.47,1710827768500000
33.47,1710827768750000
33.47,1710827769000000
33.47,1710827769250000
33.47,1710827769500000
33.47,1710827769750000
33.49,1710827770000000
33.49,1710827770250000
33.49,1710827770500000
33.49,1710827770750000
33.49,1710827771000000
33.49,1710827771250000
33.49,1710827771500000
33.49,1710827771750000
33.49,1710827772000000
33.49,1710827772250000
33.49,1710827772500000
33.49,1710827772750000
33.47,1710827773000000
33.47,1710827773250000
33.47,1710827773500000
33.47,1710827773750000
33.5,1710827774000000
33.5,1710827774250000
33.5,1710827774500000
33.5,1710827774750000
33.49,1710827775000000
33.49,1710827775250000
33.49,1710827775500000
33.49,1710827775750000
33.47,1710827776000000
33.47,1710827776250000
33.47,1710827776500000
33.47,1710827776750000
33.49,1710827777000000
33.49,1710827777250000
33.49,1710827777500000
33.49,1710827777750000
33.47,1710827778000000
33.47,1710827778250000
33.47,1710827778500000
33.47,1710827778750000
33.49,1710827779000000
33.49,1710827779250000
33.49,1710827779500000
33.49,1710827779750000
33.47,1710827780000000
33.47,1710827780250000
33.47,1710827780500000
33.47,1710827780750000
33.47,1710827781000000
33.47,1710827781250000
33.47,1710827781500000
33.47,1710827781750000
33.49,1710827782000000
33.49,1710827782250000
33.49,1710827782500000
33.49,1710827782750000
33.49,1710827783000000
33.49,1710827783250000
33.49,1710827783500000
33.49,1710827783750000
33.49,1710827784000000
33.49,1710827784250000
33.49,1710827784500000
33.49,1710827784750000
33.5,1710827785000000
33.5,1710827785250000
33.5,1710827785500000
33.5,1710827785750000
33.47,1710827786000000
33.47,1710827786250000
33.47,1710827786500000
33.47,1710827786750000
33.49,1710827787000000
33.49,1710827787250000
33.49,1710827787500000
33.49,1710827787750000
33.49,1710827788000000
33.49,1710827788250000
33.49,1710827788500000
33.49,1710827788750000
33.5,1710827789000000
33.5,1710827789250000
33.5,1710827789500000
33.5,1710827789750000
33.5,1710827790000000
33.5,1710827790250000
33.5,1710827790500000
33.5,1710827790750000
33.49,1710827791000000
33.49,1710827791250000
33.49,1710827791500000
33.49,1710827791750000
33.49,1710827792000000
33.49,1710827792250000
33.49,1710827792500000
33.49,1710827792750000
33.49,1710827793000000
33.49,1710827793250000
33.49,1710827793500000
33.49,1710827793750000
33.49,1710827794000000
33.49,1710827794250000
33.49,1710827794500000
33.49,1710827794750000
33.5,1710827795000000
33.5,1710827795250000
33.5,1710827795500000
33.5,1710827795750000
33.49,1710827796000000
33.49,1710827796250000
33.49,1710827796500000
33.49,1710827796750000
33.49,1710827797000000
33.49,1710827797250000
33.49,1710827797500000
33.49,1710827797750000
33.5,1710827798000000
33.5,1710827798250000
33.5,1710827798500000
33.5,1710827798750000
33.5,1710827799000000
33.5,1710827799250000
33.5,1710827799500000
33.5,1710827799750000
33.5,1710827800000000
33.5,1710827800250000
33.5,1710827800500000
33.5,1710827800750000
33.49,1710827801000000
33.49,1710827801250000
33.49,1710827801500000
33.49,1710827801750000
33.49,1710827802000000
33.49,1710827802250000
33.49,1710827802500000
33.49,1710827802750000
33.5,1710827803000000
33.5,1710827803250000
33.5,1710827803500000
33.5,1710827803750000
33.5,1710827804000000
33.5,1710827804250000
33.5,1710827804500000
33.5,1710827804750000
33.5,1710827805000000
33.5,1710827805250000
33.5,1710827805500000
33.5,1710827805750000
33.49,1710827806000000
33.49,1710827806250000
33.49,1710827806500000
33.49,1710827806750000
33.5,1710827807000000
33.5,1710827807250000
33.5,1710827807500000
33.5,1710827807750000
33.53,1710827808000000
33.53,1710827808250000
33.53,1710827808500000
33.53,1710827808750000
33.53,1710827809000000
33.53,1710827809250000
33.53,1710827809500000
33.53,1710827809750000
33.5,1710827810000000
33.5,1710827810250000
33.5,1710827810500000
33.5,1710827810750000
33.5,1710827811000000
33.5,1710827811250000
33.5,1710827811500000
33.5,1710827811750000
33.53,1710827812000000
33.53,1710827812250000
33.53,1710827812500000
33.53,1710827812750000
33.53,1710827813000000
33.53,1710827813250000
33.53,1710827813500000
33.53,1710827813750000
33.53,1710827814000000
33.53,1710827814250000
33.53,1710827814500000
33.53,1710827814750000
33.53,1710827815000000
33.53,1710827815250000
33.53,1710827815500000
33.53,1710827815750000
33.53,1710827816000000
33.53,1710827816250000
33.53,1710827816500000
33.53,1710827816750000
33.53,1710827817000000
33.53,1710827817250000
33.53,1710827817500000
33.53,1710827817750000
33.53,1710827818000000
33.53,1710827818250000
33.53,1710827818500000
33.53,1710827818750000
33.53,1710827819000000
33.53,1710827819250000
33.53,1710827819500000
33.53,1710827819750000
33.53,1710827820000000
33.53,1710827820250000
33.53,1710827820500000
33.53,1710827820750000
33.55,1710827821000000
33.55,1710827821250000
33.55,1710827821500000
33.55,1710827821750000
33.55,1710827822000000
33.55,1710827822250000
33.55,1710827822500000
33.55,1710827822750000
33.53,1710827823000000
33.53,1710827823250000
33.53,1710827823500000
33.53,1710827823750000
33.53,1710827824000000
33.53,1710827824250000
33.53,1710827824500000
33.53,1710827824750000
33.55,1710827825000000
33.55,1710827825250000
33.55,1710827825500000
33.55,1710827825750000
33.55,1710827826000000
33.55,1710827826250000
33.55,1710827826500000
33.55,1710827826750000
33.53,1710827827000000
33.53,1710827827250000
33.53,1710827827500000
33.53,1710827827750000
33.55,1710827828000000
33.55,1710827828250000
33.55,1710827828500000
33.55,1710827828750000
33.53,1710827829000000
33.53,1710827829250000
33.53,1710827829500000
33.53,1710827829750000
33.57,1710827830000000
33.57,1710827830250000
33.57,1710827830500000
33.57,1710827830750000
33.55,1710827831000000
33.55,1710827831250000
33.55,1710827831500000
33.55,1710827831750000
33.57,1710827832000000
33.57,1710827832250000
33.57,1710827832500000
33.57,1710827832750000
33.57,1710827833000000
33.57,1710827833250000
33.57,1710827833500000
33.57,1710827833750000
33.55,1710827834000000
33.55,1710827834250000
33.55,1710827834500000
33.55,1710827834750000
33.57,1710827835000000
33.57,1710827835250000
33.57,1710827835500000
33.57,1710827835750000
33.57,1710827836000000
33.57,1710827836250000
33.57,1710827836500000
33.57,1710827836750000
33.59,1710827837000000
33.59,1710827837250000
33.59,1710827837500000
33.59,1710827837750000
33.57,1710827838000000
33.57,1710827838250000
33.57,1710827838500000
33.57,1710827838750000
33.59,1710827839000000
33.59,1710827839250000
33.59,1710827839500000
33.59,1710827839750000
33.57,1710827840000000
33.57,1710827840250000
33.57,1710827840500000
33.57,1710827840750000
33.57,1710827841000000
33.57,1710827841250000
33.57,1710827841500000
33.57,1710827841750000
33.57,1710827842000000
33.57,1710827842250000
33.57,1710827842500000
33.57,1710827842750000
33.57,1710827843000000
33.57,1710827843250000
33.57,1710827843500000
33.57,1710827843750000
33.57,1710827844000000
33.57,1710827844250000
33.57,1710827844500000
33.57,1710827844750000
33.59,1710827845000000
33.59,1710827845250000
33.59,1710827845500000
33.59,1710827845750000
33.57,1710827846000000
33.57,1710827846250000
33.57,1710827846500000
33.57,1710827846750000
33.59,1710827847000000
33.59,1710827847250000
33.59,1710827847500000
33.59,1710827847750000
33.59,1710827848000000
33.59,1710827848250000
33.59,1710827848500000
33.59,1710827848750000
33.59,1710827849000000
33.59,1710827849250000
33.59,1710827849500000
33.59,1710827849750000
33.59,1710827850000000
33.59,1710827850250000
33.59,1710827850500000
33.59,1710827850750000
33.59,1710827851000000
33.59,1710827851250000
33.59,1710827851500000
33.59,1710827851750000
33.59,1710827852000000
33.59,1710827852250000
33.59,1710827852500000
33.59,1710827852750000
33.59,1710827853000000
33.59,1710827853250000
33.59,1710827853500000
33.59,1710827853750000
33.59,1710827854000000
33.59,1710827854250000
33.59,1710827854500000
33.59,1710827854750000
33.59,1710827855000000
33.59,1710827855250000
33.59,1710827855500000
33.59,1710827855750000
33.59,1710827856000000
33.59,1710827856250000
33.59,1710827856500000
33.59,1710827856750000
33.61,1710827857000000
33.61,1710827857250000
33.61,1710827857500000
33.61,1710827857750000
33.59,1710827858000000
33.59,1710827858250000
33.59,1710827858500000
33.59,1710827858750000
33.59,1710827859000000
33.59,1710827859250000
33.59,1710827859500000
33.59,1710827859750000
33.59,1710827860000000
33.59,1710827860250000
33.59,1710827860500000
33.59,1710827860750000
33.61,1710827861000000
33.61,1710827861250000
33.61,1710827861500000
33.61,1710827861750000
33.61,1710827862000000
33.61,1710827862250000
33.61,1710827862500000
33.61,1710827862750000
33.61,1710827863000000
33.61,1710827863250000
33.61,1710827863500000
33.61,1710827863750000
33.59,1710827864000000
33.59,1710827864250000
33.59,1710827864500000
33.59,1710827864750000
33.59,1710827865000000
33.59,1710827865250000
33.59,1710827865500000
33.59,1710827865750000
33.61,1710827866000000
33.61,1710827866250000
33.61,1710827866500000
33.61,1710827866750000
33.61,1710827867000000
33.61,1710827867250000
33.61,1710827867500000
33.61,1710827867750000
33.61,1710827868000000
33.61,1710827868250000
33.61,1710827868500000
33.61,1710827868750000
33.61,1710827869000000
33.61,1710827869250000
33.61,1710827869500000
33.61,1710827869750000
33.63,1710827870000000
33.63,1710827870250000
33.63,1710827870500000
33.63,1710827870750000
33.61,1710827871000000
33.61,1710827871250000
33.61,1710827871500000
33.61,1710827871750000
33.63,1710827872000000
33.63,1710827872250000
33.63,1710827872500000
33.63,1710827872750000
33.63,1710827873000000
33.63,1710827873250000
33.63,1710827873500000
33.63,1710827873750000
33.61,1710827874000000
33.61,1710827874250000
33.61,1710827874500000
33.61,1710827874750000
33.63,1710827875000000
33.63,1710827875250000
33.63,1710827875500000
33.63,1710827875750000
33.63,1710827876000000
33.63,1710827876250000
33.63,1710827876500000
33.63,1710827876750000
33.65,1710827877000000
33.65,1710827877250000
33.65,1710827877500000
33.65,1710827877750000
33.61,1710827878000000
33.61,1710827878250000
33.61,1710827878500000
33.61,1710827878750000
33.63,1710827879000000
33.63,1710827879250000
33.63,1710827879500000
33.63,1710827879750000
33.65,1710827880000000
33.65,1710827880250000
33.65,1710827880500000
33.65,1710827880750000
33.65,1710827881000000
33.65,1710827881250000
33.65,1710827881500000
33.65,1710827881750000
33.65,1710827882000000
33.65,1710827882250000
33.65,1710827882500000
33.65,1710827882750000
33.63,1710827883000000
33.63,1710827883250000
33.63,1710827883500000
33.63,1710827883750000
33.65,1710827884000000
33.65,1710827884250000
33.65,1710827884500000
33.65,1710827884750000
33.65,1710827885000000
33.65,1710827885250000
33.65,1710827885500000
33.65,1710827885750000
33.65,1710827886000000
33.65,1710827886250000
33.65,1710827886500000
33.65,1710827886750000
33.65,1710827887000000
33.65,1710827887250000
33.65,1710827887500000
33.65,1710827887750000
33.65,1710827888000000
33.65,1710827888250000
33.65,1710827888500000
33.65,1710827888750000
33.65,1710827889000000
33.65,1710827889250000
33.65,1710827889500000
33.65,1710827889750000
33.65,1710827890000000
33.65,1710827890250000
33.65,1710827890500000
33.65,1710827890750000
33.63,1710827891000000
33.63,1710827891250000
33.63,1710827891500000
33.63,1710827891750000
33.68,1710827892000000
33.68,1710827892250000
33.68,1710827892500000
33.68,1710827892750000
33.66,1710827893000000
33.66,1710827893250000
33.66,1710827893500000
33.66,1710827893750000
33.66,1710827894000000
33.66,1710827894250000
33.66,1710827894500000
33.66,1710827894750000
33.66,1710827895000000
33.66,1710827895250000
33.66,1710827895500000
33.66,1710827895750000
33.68,1710827896000000
33.68,1710827896250000
33.68,1710827896500000
33.68,1710827896750000
33.65,1710827897000000
33.65,1710827897250000
33.65,1710827897500000
33.65,1710827897750000
33.66,1710827898000000
33.66,1710827898250000
33.66,1710827898500000
33.66,1710827898750000
33.68,1710827899000000
33.68,1710827899250000
33.68,1710827899500000
33.68,1710827899750000
33.66,1710827900000000
33.66,1710827900250000
33.66,1710827900500000
33.66,1710827900750000
33.68,1710827901000000
33.68,1710827901250000
33.68,1710827901500000
33.68,1710827901750000
33.66,1710827902000000
33.66,1710827902250000
33.66,1710827902500000
33.66,1710827902750000
33.66,1710827903000000
33.66,1710827903250000
33.66,1710827903500000
33.66,1710827903750000
33.68,1710827904000000
33.68,1710827904250000
33.68,1710827904500000
33.68,1710827904750000
33.66,1710827905000000
33.66,1710827905250000
33.66,1710827905500000
33.66,1710827905750000
33.66,1710827906000000
33.66,1710827906250000
33.66,1710827906500000
33.66,1710827906750000
33.68,1710827907000000
33.68,1710827907250000
33.68,1710827907500000
33.68,1710827907750000
33.68,1710827908000000
33.68,1710827908250000
33.68,1710827908500000
33.68,1710827908750000
33.68,1710827909000000
33.68,1710827909250000
33.68,1710827909500000
33.68,1710827909750000
33.68,1710827910000000
33.68,1710827910250000
33.68,1710827910500000
33.68,1710827910750000
33.68,1710827911000000
33.68,1710827911250000
33.68,1710827911500000
33.68,1710827911750000
33.68,1710827912000000
33.68,1710827912250000
33.68,1710827912500000
33.68,1710827912750000
33.71,1710827913000000
33.71,1710827913250000
33.71,1710827913500000
33.71,1710827913750000
33.66,1710827914000000
33.66,1710827914250000
33.66,1710827914500000
33.66,1710827914750000
33.68,1710827915000000
33.68,1710827915250000
33.68,1710827915500000
33.68,1710827915750000
33.68,1710827916000000
33.68,1710827916250000
33.68,1710827916500000
33.68,1710827916750000
33.71,1710827917000000
33.71,1710827917250000
33.71,1710827917500000
33.71,1710827917750000
33.71,1710827918000000
33.71,1710827918250000
33.71,1710827918500000
33.71,1710827918750000
33.68,1710827919000000
33.68,1710827919250000
33.68,1710827919500000
33.68,1710827919750000
33.71,1710827920000000
33.71,1710827920250000
33.71,1710827920500000
33.71,1710827920750000
33.71,1710827921000000
33.71,1710827921250000
33.71,1710827921500000
33.71,1710827921750000
33.71,1710827922000000
33.71,1710827922250000
33.71,1710827922500000
33.71,1710827922750000
33.71,1710827923000000
33.71,1710827923250000
33.71,1710827923500000
33.71,1710827923750000
33.71,1710827924000000
33.71,1710827924250000
33.71,1710827924500000
33.71,1710827924750000
33.73,1710827925000000
33.73,1710827925250000
33.73,1710827925500000
33.73,1710827925750000
33.68,1710827926000000
33.68,1710827926250000
33.68,1710827926500000
33.68,1710827926750000
33.71,1710827927000000
33.71,1710827927250000
33.71,1710827927500000
33.71,1710827927750000
33.71,1710827928000000
33.71,1710827928250000
33.71,1710827928500000
33.71,1710827928750000
33.73,1710827929000000
33.73,1710827929250000
33.73,1710827929500000
33.73,1710827929750000
33.71,1710827930000000
33.71,1710827930250000
33.71,1710827930500000
33.71,1710827930750000
33.73,1710827931000000
33.73,1710827931250000
33.73,1710827931500000
33.73,1710827931750000
33.71,1710827932000000
33.71,1710827932250000
33.71,1710827932500000
33.71,1710827932750000
33.73,1710827933000000
33.73,1710827933250000
33.73,1710827933500000
33.73,1710827933750000
33.71,1710827934000000
33.71,1710827934250000
33.71,1710827934500000
33.71,1710827934750000
33.73,1710827935000000
33.73,1710827935250000
33.73,1710827935500000
33.73,1710827935750000
33.73,1710827936000000
33.73,1710827936250000
33.73,1710827936500000
33.73,1710827936750000
33.71,1710827937000000
33.71,1710827937250000
33.71,1710827937500000
33.71,1710827937750000
33.73,1710827938000000
33.73,1710827938250000
33.73,1710827938500000
33.73,1710827938750000
33.71,1710827939000000
33.71,1710827939250000
33.71,1710827939500000
33.71,1710827939750000
33.71,1710827940000000
33.71,1710827940250000
33.71,1710827940500000
33.71,1710827940750000
33.73,1710827941000000
33.73,1710827941250000
33.73,1710827941500000
33.73,1710827941750000
33.73,1710827942000000
33.73,1710827942250000
33.73,1710827942500000
33.73,1710827942750000
33.71,1710827943000000
33.71,1710827943250000
33.71,1710827943500000
33.71,1710827943750000
33.71,1710827944000000
33.71,1710827944250000
33.71,1710827944500000
33.71,1710827944750000
33.73,1710827945000000
33.73,1710827945250000
33.73,1710827945500000
33.73,1710827945750000
33.71,1710827946000000
33.71,1710827946250000
33.71,1710827946500000
33.71,1710827946750000
33.71,1710827947000000
33.71,1710827947250000
33.71,1710827947500000
33.71,1710827947750000
33.73,1710827948000000
33.73,1710827948250000
33.73,1710827948500000
33.73,1710827948750000
33.71,1710827949000000
33.71,1710827949250000
33.71,1710827949500000
33.71,1710827949750000
33.71,1710827950000000
33.71,1710827950250000
33.71,1710827950500000
33.71,1710827950750000
33.73,1710827951000000
33.73,1710827951250000
33.73,1710827951500000
33.73,1710827951750000
33.73,1710827952000000
33.73,1710827952250000
33.73,1710827952500000
33.73,1710827952750000
33.73,1710827953000000
33.73,1710827953250000
33.73,1710827953500000
33.73,1710827953750000
33.73,1710827954000000
33.73,1710827954250000
33.73,1710827954500000
33.73,1710827954750000
33.71,1710827955000000
33.71,1710827955250000
33.71,1710827955500000
33.71,1710827955750000
33.73,1710827956000000
33.73,1710827956250000
33.73,1710827956500000
33.73,1710827956750000
33.75,1710827957000000
33.75,1710827957250000
33.75,1710827957500000
33.75,1710827957750000
33.71,1710827958000000
33.71,1710827958250000
33.71,1710827958500000
33.71,1710827958750000
33.73,1710827959000000
33.73,1710827959250000
33.73,1710827959500000
33.73,1710827959750000
33.73,1710827960000000
33.73,1710827960250000
33.73,1710827960500000
33.73,1710827960750000
33.71,1710827961000000
33.71,1710827961250000
33.71,1710827961500000
33.71,1710827961750000
33.73,1710827962000000
33.73,1710827962250000
33.73,1710827962500000
33.73,1710827962750000
33.73,1710827963000000
33.73,1710827963250000
33.73,1710827963500000
33.73,1710827963750000
33.73,1710827964000000
33.73,1710827964250000
33.73,1710827964500000
33.73,1710827964750000
33.73,1710827965000000
33.73,1710827965250000
33.73,1710827965500000
33.73,1710827965750000
33.75,1710827966000000
33.75,1710827966250000
33.75,1710827966500000
33.75,1710827966750000
33.71,1710827967000000
33.71,1710827967250000
33.71,1710827967500000
33.71,1710827967750000
33.75,1710827968000000
33.75,1710827968250000
33.75,1710827968500000
33.75,1710827968750000
33.71,1710827969000000
33.71,1710827969250000
33.71,1710827969500000
33.71,1710827969750000
33.75,1710827970000000
33.75,1710827970250000
33.75,1710827970500000
33.75,1710827970750000
33.71,1710827971000000
33.71,1710827971250000
33.71,1710827971500000
33.71,1710827971750000
33.71,1710827972000000
33.71,1710827972250000
33.71,1710827972500000
33.71,1710827972750000
33.71,1710827973000000
33.71,1710827973250000
33.71,1710827973500000
33.71,1710827973750000
33.73,1710827974000000
33.73,1710827974250000
33.73,1710827974500000
33.73,1710827974750000
33.71,1710827975000000
33.71,1710827975250000
33.71,1710827975500000
33.71,1710827975750000
33.71,1710827976000000
33.71,1710827976250000
33.71,1710827976500000
33.71,1710827976750000
33.73,1710827977000000
33.73,1710827977250000
33.73,1710827977500000
33.73,1710827977750000
33.73,1710827978000000
33.73,1710827978250000
33.73,1710827978500000
33.73,1710827978750000
33.71,1710827979000000
33.71,1710827979250000
33.71,1710827979500000
33.71,1710827979750000
33.71,1710827980000000
33.71,1710827980250000
33.71,1710827980500000
33.71,1710827980750000
33.71,1710827981000000
33.71,1710827981250000
33.71,1710827981500000
33.71,1710827981750000
33.71,1710827982000000
33.71,1710827982250000
33.71,1710827982500000
33.71,1710827982750000
33.73,1710827983000000
33.73,1710827983250000
33.73,1710827983500000
33.73,1710827983750000
33.71,1710827984000000
33.71,1710827984250000
33.71,1710827984500000
33.71,1710827984750000
33.71,1710827985000000
33.71,1710827985250000
33.71,1710827985500000
33.71,1710827985750000
33.71,1710827986000000
33.71,1710827986250000
33.71,1710827986500000
33.71,1710827986750000
33.71,1710827987000000
33.71,1710827987250000
33.71,1710827987500000
33.71,1710827987750000
33.71,1710827988000000
33.71,1710827988250000
33.71,1710827988500000
33.71,1710827988750000
33.68,1710827989000000
33.68,1710827989250000
33.68,1710827989500000
33.68,1710827989750000
33.71,1710827990000000
33.71,1710827990250000
33.71,1710827990500000
33.71,1710827990750000
33.66,1710827991000000
33.66,1710827991250000
33.66,1710827991500000
33.66,1710827991750000
33.68,1710827992000000
33.68,1710827992250000
33.68,1710827992500000
33.68,1710827992750000
33.68,1710827993000000
33.68,1710827993250000
33.68,1710827993500000
33.68,1710827993750000
33.68,1710827994000000
33.68,1710827994250000
33.68,1710827994500000
33.68,1710827994750000
33.68,1710827995000000
33.68,1710827995250000
33.68,1710827995500000
33.68,1710827995750000
33.68,1710827996000000
33.68,1710827996250000
33.68,1710827996500000
33.68,1710827996750000
33.68,1710827997000000
33.68,1710827997250000
33.68,1710827997500000
33.68,1710827997750000
33.66,1710827998000000
33.66,1710827998250000
33.66,1710827998500000
33.66,1710827998750000
33.66,1710827999000000
33.66,1710827999250000
33.66,1710827999500000
33.66,1710827999750000
33.68,1710828000000000
33.68,1710828000250000
33.68,1710828000500000
33.68,1710828000750000
33.66,1710828001000000
33.66,1710828001250000
33.66,1710828001500000
33.66,1710828001750000
33.68,1710828002000000
33.68,1710828002250000
33.68,1710828002500000
33.68,1710828002750000
33.66,1710828003000000
33.66,1710828003250000
33.66,1710828003500000
33.66,1710828003750000
33.66,1710828004000000
33.66,1710828004250000
33.66,1710828004500000
33.66,1710828004750000
33.65,1710828005000000
33.65,1710828005250000
33.65,1710828005500000
33.65,1710828005750000
33.65,1710828006000000
33.65,1710828006250000
33.65,1710828006500000
33.65,1710828006750000
33.65,1710828007000000
33.65,1710828007250000
33.65,1710828007500000
33.65,1710828007750000
33.66,1710828008000000
33.66,1710828008250000
33.66,1710828008500000
33.66,1710828008750000
33.65,1710828009000000
33.65,1710828009250000
33.65,1710828009500000
33.65,1710828009750000
33.66,1710828010000000
33.66,1710828010250000
33.66,1710828010500000
33.66,1710828010750000
33.65,1710828011000000
33.65,1710828011250000
33.65,1710828011500000
33.65,1710828011750000
33.63,1710828012000000
33.63,1710828012250000
33.63,1710828012500000
33.63,1710828012750000
33.65,1710828013000000
33.65,1710828013250000
33.65,1710828013500000
33.65,1710828013750000
33.65,1710828014000000
33.65,1710828014250000
33.65,1710828014500000
33.65,1710828014750000
33.65,1710828015000000
33.65,1710828015250000
33.65,1710828015500000
33.65,1710828015750000
33.65,1710828016000000
33.65,1710828016250000
33.65,1710828016500000
33.65,1710828016750000
33.65,1710828017000000
33.65,1710828017250000
33.65,1710828017500000
33.65,1710828017750000
33.65,1710828018000000
33.65,1710828018250000
33.65,1710828018500000
33.65,1710828018750000
33.66,1710828019000000
33.66,1710828019250000
33.66,1710828019500000
33.66,1710828019750000
33.63,1710828020000000
33.63,1710828020250000
33.63,1710828020500000
33.63,1710828020750000
33.65,1710828021000000
33.65,1710828021250000
33.65,1710828021500000
33.65,1710828021750000
33.65,1710828022000000
33.65,1710828022250000
33.65,1710828022500000
33.65,1710828022750000
33.66,1710828023000000
33.66,1710828023250000
33.66,1710828023500000
33.66,1710828023750000
33.65,1710828024000000
33.65,1710828024250000
33.65,1710828024500000
33.65,1710828024750000
33.66,1710828025000000
33.66,1710828025250000
33.66,1710828025500000
33.66,1710828025750000
33.63,1710828026000000
33.63,1710828026250000
33.63,1710828026500000
33.63,1710828026750000
33.65,1710828027000000
33.65,1710828027250000
33.65,1710828027500000
33.65,1710828027750000
33.63,1710828028000000
33.63,1710828028250000
33.63,1710828028500000
33.63,1710828028750000
33.63,1710828029000000
33.63,1710828029250000
33.63,1710828029500000
33.63,1710828029750000
33.65,1710828030000000
33.65,1710828030250000
33.65,1710828030500000
33.65,1710828030750000
33.66,1710828031000000
33.66,1710828031250000
33.66,1710828031500000
33.66,1710828031750000
33.63,1710828032000000
33.63,1710828032250000
33.63,1710828032500000
33.63,1710828032750000
33.65,1710828033000000
33.65,1710828033250000
33.65,1710828033500000
33.65,1710828033750000
33.63,1710828034000000
33.63,1710828034250000
33.63,1710828034500000
33.63,1710828034750000
33.63,1710828035000000
33.63,1710828035250000
33.63,1710828035500000
33.63,1710828035750000
33.65,1710828036000000
33.65,1710828036250000
33.65,1710828036500000
33.65,1710828036750000
33.63,1710828037000000
33.63,1710828037250000
33.63,1710828037500000
33.63,1710828037750000
33.61,1710828038000000
33.61,1710828038250000
33.61,1710828038500000
33.61,1710828038750000
33.63,1710828039000000
33.63,1710828039250000
33.63,1710828039500000
33.63,1710828039750000
33.63,1710828040000000
33.63,1710828040250000
33.63,1710828040500000
33.63,1710828040750000
33.63,1710828041000000
33.63,1710828041250000
33.63,1710828041500000
33.63,1710828041750000
33.63,1710828042000000
33.63,1710828042250000
33.63,1710828042500000
33.63,1710828042750000
33.63,1710828043000000
33.63,1710828043250000
33.63,1710828043500000
33.63,1710828043750000
33.63,1710828044000000
33.63,1710828044250000
33.63,1710828044500000
33.63,1710828044750000
33.63,1710828045000000
33.63,1710828045250000
33.63,1710828045500000
33.63,1710828045750000
33.63,1710828046000000
33.63,1710828046250000
33.63,1710828046500000
33.63,1710828046750000
33.61,1710828047000000
33.61,1710828047250000
33.61,1710828047500000
33.61,1710828047750000
33.61,1710828048000000
33.61,1710828048250000
33.61,1710828048500000
33.61,1710828048750000
33.61,1710828049000000
33.61,1710828049250000
33.61,1710828049500000
33.61,1710828049750000
33.61,1710828050000000
33.61,1710828050250000
33.61,1710828050500000
33.61,1710828050750000
33.61,1710828051000000
33.61,1710828051250000
33.61,1710828051500000
33.61,1710828051750000
33.59,1710828052000000
33.59,1710828052250000
33.59,1710828052500000
33.59,1710828052750000
33.61,1710828053000000
33.61,1710828053250000
33.61,1710828053500000
33.61,1710828053750000
33.59,1710828054000000
33.59,1710828054250000
33.59,1710828054500000
33.59,1710828054750000
33.61,1710828055000000
33.61,1710828055250000
33.61,1710828055500000
33.61,1710828055750000
33.59,1710828056000000
33.59,1710828056250000
33.59,1710828056500000
33.59,1710828056750000
33.61,1710828057000000
33.61,1710828057250000
33.61,1710828057500000
33.61,1710828057750000
33.61,1710828058000000
33.61,1710828058250000
33.61,1710828058500000
33.61,1710828058750000
33.59,1710828059000000
33.59,1710828059250000
33.59,1710828059500000
33.59,1710828059750000
33.59,1710828060000000
33.59,1710828060250000
33.59,1710828060500000
33.59,1710828060750000
33.59,1710828061000000
33.59,1710828061250000
33.59,1710828061500000
33.59,1710828061750000
33.59,1710828062000000
33.59,1710828062250000
33.59,1710828062500000
33.59,1710828062750000
33.59,1710828063000000
33.59,1710828063250000
33.59,1710828063500000
33.59,1710828063750000
33.61,1710828064000000
33.61,1710828064250000
33.61,1710828064500000
33.61,1710828064750000
33.61,1710828065000000
33.61,1710828065250000
33.61,1710828065500000
33.61,1710828065750000
33.57,1710828066000000
33.57,1710828066250000
33.57,1710828066500000
33.57,1710828066750000
33.59,1710828067000000
33.59,1710828067250000
33.59,1710828067500000
33.59,1710828067750000
33.61,1710828068000000
33.61,1710828068250000
33.61,1710828068500000
33.61,1710828068750000
33.59,1710828069000000
33.59,1710828069250000
33.59,1710828069500000
33.59,1710828069750000
33.57,1710828070000000
33.57,1710828070250000
33.57,1710828070500000
33.57,1710828070750000
33.61,1710828071000000
33.61,1710828071250000
33.61,1710828071500000
33.61,1710828071750000
33.59,1710828072000000
33.59,1710828072250000
33.59,1710828072500000
33.59,1710828072750000
33.59,1710828073000000
33.59,1710828073250000
33.59,1710828073500000
33.59,1710828073750000
33.59,1710828074000000
33.59,1710828074250000
33.59,1710828074500000
33.59,1710828074750000
33.57,1710828075000000
33.57,1710828075250000
33.57,1710828075500000
33.57,1710828075750000
33.59,1710828076000000
33.59,1710828076250000
33.59,1710828076500000
33.59,1710828076750000
33.57,1710828077000000
33.57,1710828077250000
33.57,1710828077500000
33.57,1710828077750000
33.57,1710828078000000
33.57,1710828078250000
33.57,1710828078500000
33.57,1710828078750000
33.57,1710828079000000
33.57,1710828079250000
33.57,1710828079500000
33.57,1710828079750000
33.57,1710828080000000
33.57,1710828080250000
33.57,1710828080500000
33.57,1710828080750000
33.57,1710828081000000
33.57,1710828081250000
33.57,1710828081500000
33.57,1710828081750000
33.57,1710828082000000
33.57,1710828082250000
33.57,1710828082500000
33.57,1710828082750000
33.59,1710828083000000
33.59,1710828083250000
33.59,1710828083500000
33.59,1710828083750000
33.57,1710828084000000
33.57,1710828084250000
33.57,1710828084500000
33.57,1710828084750000
33.55,1710828085000000
33.55,1710828085250000
33.55,1710828085500000
33.55,1710828085750000
33.55,1710828086000000
33.55,1710828086250000
33.55,1710828086500000
33.55,1710828086750000
33.59,1710828087000000
33.59,1710828087250000
33.59,1710828087500000
33.59,1710828087750000
33.55,1710828088000000
33.55,1710828088250000
33.55,1710828088500000
33.55,1710828088750000
33.55,1710828089000000
33.55,1710828089250000
33.55,1710828089500000
33.55,1710828089750000
33.55,1710828090000000
33.55,1710828090250000
33.55,1710828090500000
33.55,1710828090750000
33.57,1710828091000000
33.57,1710828091250000
33.57,1710828091500000
33.57,1710828091750000
33.55,1710828092000000
33.55,1710828092250000
33.55,1710828092500000
33.55,1710828092750000
33.55,1710828093000000
33.55,1710828093250000
33.55,1710828093500000
33.55,1710828093750000
33.57,1710828094000000
33.57,1710828094250000
33.57,1710828094500000
33.57,1710828094750000
33.55,1710828095000000
33.55,1710828095250000
33.55,1710828095500000
33.55,1710828095750000
33.57,1710828096000000
33.57,1710828096250000
33.57,1710828096500000
33.57,1710828096750000
33.55,1710828097000000
33.55,1710828097250000
33.55,1710828097500000
33.55,1710828097750000
33.57,1710828098000000
33.57,1710828098250000
33.57,1710828098500000
33.57,1710828098750000
33.55,1710828099000000
33.55,1710828099250000
33.55,1710828099500000
33.55,1710828099750000
33.53,1710828100000000
33.53,1710828100250000
33.53,1710828100500000
33.53,1710828100750000
33.55,1710828101000000
33.55,1710828101250000
33.55,1710828101500000
33.55,1710828101750000
33.55,1710828102000000
33.55,1710828102250000
33.55,1710828102500000
33.55,1710828102750000
33.53,1710828103000000
33.53,1710828103250000
33.53,1710828103500000
33.53,1710828103750000
33.55,1710828104000000
33.55,1710828104250000
33.55,1710828104500000
33.55,1710828104750000
33.55,1710828105000000
33.55,1710828105250000
33.55,1710828105500000
33.55,1710828105750000
33.57,1710828106000000
33.57,1710828106250000
33.57,1710828106500000
33.57,1710828106750000
33.55,1710828107000000
33.55,1710828107250000
33.55,1710828107500000
33.55,1710828107750000
33.55,1710828108000000
33.55,1710828108250000
33.55,1710828108500000
33.55,1710828108750000
33.55,1710828109000000
33.55,1710828109250000
33.55,1710828109500000
33.55,1710828109750000
33.55,1710828110000000
33.55,1710828110250000
33.55,1710828110500000
33.55,1710828110750000
33.53,1710828111000000
33.53,1710828111250000
33.53,1710828111500000
33.53,1710828111750000
33.55,1710828112000000
33.55,1710828112250000
33.55,1710828112500000
33.55,1710828112750000
33.59,1710828113000000
33.59,1710828113250000
33.59,1710828113500000
33.59,1710828113750000
33.55,1710828114000000
33.55,1710828114250000
33.55,1710828114500000
33.55,1710828114750000
33.55,1710828115000000
33.55,1710828115250000
33.55,1710828115500000
33.55,1710828115750000
33.55,1710828116000000
33.55,1710828116250000
33.55,1710828116500000
33.55,1710828116750000
33.55,1710828117000000
33.55,1710828117250000
33.55,1710828117500000
33.55,1710828117750000
33.55,1710828118000000
33.55,1710828118250000
33.55,1710828118500000
33.55,1710828118750000
33.59,1710828119000000
33.59,1710828119250000
33.59,1710828119500000
33.59,1710828119750000
33.57,1710828120000000
33.57,1710828120250000
33.57,1710828120500000
33.57,1710828120750000
33.55,1710828121000000
33.55,1710828121250000
33.55,1710828121500000
33.55,1710828121750000
33.55,1710828122000000
33.55,1710828122250000
33.55,1710828122500000
33.55,1710828122750000
33.55,1710828123000000
33.55,1710828123250000
33.55,1710828123500000
33.55,1710828123750000
33.55,1710828124000000
33.55,1710828124250000
33.55,1710828124500000
33.55,1710828124750000
33.55,1710828125000000
33.55,1710828125250000
33.55,1710828125500000
33.55,1710828125750000
33.55,1710828126000000
33.55,1710828126250000
33.55,1710828126500000
33.55,1710828126750000
33.55,1710828127000000
33.55,1710828127250000
33.55,1710828127500000
33.55,1710828127750000
33.55,1710828128000000
33.55,1710828128250000
33.55,1710828128500000
33.55,1710828128750000
33.57,1710828129000000
33.57,1710828129250000
33.57,1710828129500000
33.57,1710828129750000
33.55,1710828130000000
33.55,1710828130250000
33.55,1710828130500000
33.55,1710828130750000
33.55,1710828131000000
33.55,1710828131250000
33.55,1710828131500000
33.55,1710828131750000
33.55,1710828132000000
33.55,1710828132250000
33.55,1710828132500000
33.55,1710828132750000
33.57,1710828133000000
33.57,1710828133250000
33.57,1710828133500000
33.57,1710828133750000
33.55,1710828134000000
33.55,1710828134250000
33.55,1710828134500000
33.55,1710828134750000
33.55,1710828135000000
33.55,1710828135250000
33.55,1710828135500000
33.55,1710828135750000
33.57,1710828136000000
33.57,1710828136250000
33.57,1710828136500000
33.57,1710828136750000
33.57,1710828137000000
33.57,1710828137250000
33.57,1710828137500000
33.57,1710828137750000
33.57,1710828138000000
33.57,1710828138250000
33.57,1710828138500000
33.57,1710828138750000
33.55,1710828139000000
33.55,1710828139250000
33.55,1710828139500000
33.55,1710828139750000
33.57,1710828140000000
33.57,1710828140250000
33.57,1710828140500000
33.57,1710828140750000
33.55,1710828141000000
33.55,1710828141250000
33.55,1710828141500000
33.55,1710828141750000
33.55,1710828142000000
33.55,1710828142250000
33.55,1710828142500000
33.55,1710828142750000
33.55,1710828143000000
33.55,1710828143250000
33.55,1710828143500000
33.55,1710828143750000
33.59,1710828144000000
33.59,1710828144250000
33.59,1710828144500000
33.59,1710828144750000
33.55,1710828145000000
33.55,1710828145250000
33.55,1710828145500000
33.55,1710828145750000
33.55,1710828146000000
33.55,1710828146250000
33.55,1710828146500000
33.55,1710828146750000
33.55,1710828147000000
33.55,1710828147250000
33.55,1710828147500000
33.55,1710828147750000
33.55,1710828148000000
33.55,1710828148250000
33.55,1710828148500000
33.55,1710828148750000
33.57,1710828149000000
33.57,1710828149250000
33.57,1710828149500000
33.57,1710828149750000
33.55,1710828150000000
33.55,1710828150250000
33.55,1710828150500000
33.55,1710828150750000
33.57,1710828151000000
33.57,1710828151250000
33.57,1710828151500000
33.57,1710828151750000
33.55,1710828152000000
33.55,1710828152250000
33.55,1710828152500000
33.55,1710828152750000
33.57,1710828153000000
33.57,1710828153250000
33.57,1710828153500000
33.57,1710828153750000
33.55,1710828154000000
33.55,1710828154250000
33.55,1710828154500000
33.55,1710828154750000
33.55,1710828155000000
33.55,1710828155250000
33.55,1710828155500000
33.55,1710828155750000
33.55,1710828156000000
33.55,1710828156250000
33.55,1710828156500000
33.55,1710828156750000
33.57,1710828157000000
33.57,1710828157250000
33.57,1710828157500000
33.57,1710828157750000
33.55,1710828158000000
33.55,1710828158250000
33.55,1710828158500000
33.55,1710828158750000
33.57,1710828159000000
33.57,1710828159250000
33.57,1710828159500000
33.57,1710828159750000
33.57,1710828160000000
33.57,1710828160250000
33.57,1710828160500000
33.57,1710828160750000
33.57,1710828161000000
33.57,1710828161250000
33.57,1710828161500000
33.57,1710828161750000
33.57,1710828162000000
33.57,1710828162250000
33.57,1710828162500000
33.57,1710828162750000
33.57,1710828163000000
33.57,1710828163250000
33.57,1710828163500000
33.57,1710828163750000
33.55,1710828164000000
33.55,1710828164250000
33.55,1710828164500000
33.55,1710828164750000
33.59,1710828165000000
33.59,1710828165250000
33.59,1710828165500000
33.59,1710828165750000
33.57,1710828166000000
33.57,1710828166250000
33.57,1710828166500000
33.57,1710828166750000
33.57,1710828167000000
33.57,1710828167250000
33.57,1710828167500000
33.57,1710828167750000
33.57,1710828168000000
33.57,1710828168250000
33.57,1710828168500000
33.57,1710828168750000
33.57,1710828169000000
33.57,1710828169250000
33.57,1710828169500000
33.57,1710828169750000
33.55,1710828170000000
33.55,1710828170250000
33.55,1710828170500000
33.55,1710828170750000
33.55,1710828171000000
33.55,1710828171250000
33.55,1710828171500000
33.55,1710828171750000
33.59,1710828172000000
33.59,1710828172250000
33.59,1710828172500000
33.59,1710828172750000
33.57,1710828173000000
33.57,1710828173250000
33.57,1710828173500000
33.57,1710828173750000
33.57,1710828174000000
33.57,1710828174250000
33.57,1710828174500000
33.57,1710828174750000
33.57,1710828175000000
33.57,1710828175250000
33.57,1710828175500000
33.57,1710828175750000
33.59,1710828176000000
33.59,1710828176250000
33.59,1710828176500000
33.59,1710828176750000
33.57,1710828177000000
33.57,1710828177250000
33.57,1710828177500000
33.57,1710828177750000
33.57,1710828178000000
33.57,1710828178250000
33.57,1710828178500000
33.57,1710828178750000
33.55,1710828179000000
33.55,1710828179250000
33.55,1710828179500000
33.55,1710828179750000
33.57,1710828180000000
33.57,1710828180250000
33.57,1710828180500000
33.57,1710828180750000
33.57,1710828181000000
33.57,1710828181250000
33.57,1710828181500000
33.57,1710828181750000
33.57,1710828182000000
33.57,1710828182250000
33.57,1710828182500000
33.57,1710828182750000
33.59,1710828183000000
33.59,1710828183250000
33.59,1710828183500000
33.59,1710828183750000
33.59,1710828184000000
33.59,1710828184250000
33.59,1710828184500000
33.59,1710828184750000
33.55,1710828185000000
33.55,1710828185250000
33.55,1710828185500000
33.55,1710828185750000
33.57,1710828186000000
33.57,1710828186250000
33.57,1710828186500000
33.57,1710828186750000
33.59,1710828187000000
33.59,1710828187250000
33.59,1710828187500000
33.59,1710828187750000
33.59,1710828188000000
33.59,1710828188250000
33.59,1710828188500000
33.59,1710828188750000
33.57,1710828189000000
33.57,1710828189250000
33.57,1710828189500000
33.57,1710828189750000
33.59,1710828190000000
33.59,1710828190250000
33.59,1710828190500000
33.59,1710828190750000
33.59,1710828191000000
33.59,1710828191250000
33.59,1710828191500000
33.59,1710828191750000
33.59,1710828192000000
33.59,1710828192250000
33.59,1710828192500000
33.59,1710828192750000
33.57,1710828193000000
33.57,1710828193250000
33.57,1710828193500000
33.57,1710828193750000
33.59,1710828194000000
33.59,1710828194250000
33.59,1710828194500000
33.59,1710828194750000
33.59,1710828195000000
33.59,1710828195250000
33.59,1710828195500000
33.59,1710828195750000
33.59,1710828196000000
33.59,1710828196250000
33.59,1710828196500000
33.59,1710828196750000
33.59,1710828197000000
33.59,1710828197250000
33.59,1710828197500000
33.59,1710828197750000
33.59,1710828198000000
33.59,1710828198250000
33.59,1710828198500000
33.59,1710828198750000
33.61,1710828199000000
33.61,1710828199250000
33.61,1710828199500000
33.61,1710828199750000
33.59,1710828200000000
33.59,1710828200250000
33.59,1710828200500000
33.59,1710828200750000
33.57,1710828201000000
33.57,1710828201250000
33.57,1710828201500000
33.57,1710828201750000
33.61,1710828202000000
33.61,1710828202250000
33.61,1710828202500000
33.61,1710828202750000
33.59,1710828203000000
33.59,1710828203250000
33.59,1710828203500000
33.59,1710828203750000
33.59,1710828204000000
33.59,1710828204250000
33.59,1710828204500000
33.59,1710828204750000
33.61,1710828205000000
33.61,1710828205250000
33.61,1710828205500000
33.61,1710828205750000
33.57,1710828206000000
33.57,1710828206250000
33.57,1710828206500000
33.57,1710828206750000
33.59,1710828207000000
33.59,1710828207250000
33.59,1710828207500000
33.59,1710828207750000
33.57,1710828208000000
33.57,1710828208250000
33.57,1710828208500000
33.57,1710828208750000
33.61,1710828209000000
33.61,1710828209250000
33.61,1710828209500000
33.61,1710828209750000
33.59,1710828210000000
33.59,1710828210250000
33.59,1710828210500000
33.59,1710828210750000
33.57,1710828211000000
33.57,1710828211250000
33.57,1710828211500000
33.57,1710828211750000
33.59,1710828212000000
33.59,1710828212250000
33.59,1710828212500000
33.59,1710828212750000
33.59,1710828213000000
33.59,1710828213250000
33.59,1710828213500000
33.59,1710828213750000
33.61,1710828214000000
33.61,1710828214250000
33.61,1710828214500000
33.61,1710828214750000
33.61,1710828215000000
33.61,1710828215250000
33.61,1710828215500000
33.61,1710828215750000
33.59,1710828216000000
33.59,1710828216250000
33.59,1710828216500000
33.59,1710828216750000
33.59,1710828217000000
33.59,1710828217250000
33.59,1710828217500000
33.59,1710828217750000
33.59,1710828218000000
33.59,1710828218250000
33.59,1710828218500000
33.59,1710828218750000
33.61,1710828219000000
33.61,1710828219250000
33.61,1710828219500000
33.61,1710828219750000
33.59,1710828220000000
33.59,1710828220250000
33.59,1710828220500000
33.59,1710828220750000
33.61,1710828221000000
33.61,1710828221250000
33.61,1710828221500000
33.61,1710828221750000
33.61,1710828222000000
33.61,1710828222250000
33.61,1710828222500000
33.61,1710828222750000
33.61,1710828223000000
33.61,1710828223250000
33.61,1710828223500000
33.61,1710828223750000
33.59,1710828224000000
33.59,1710828224250000
33.59,1710828224500000
33.59,1710828224750000
33.59,1710828225000000
33.59,1710828225250000
33.59,1710828225500000
33.59,1710828225750000
33.59,1710828226000000
33.59,1710828226250000
33.59,1710828226500000
33.59,1710828226750000
33.59,1710828227000000
33.59,1710828227250000
33.59,1710828227500000
33.59,1710828227750000
33.61,1710828228000000
33.61,1710828228250000
33.61,1710828228500000
33.61,1710828228750000
33.63,1710828229000000
33.63,1710828229250000
33.63,1710828229500000
33.63,1710828229750000
33.63,1710828230000000
33.63,1710828230250000
33.63,1710828230500000
33.63,1710828230750000
33.61,1710828231000000
33.61,1710828231250000
33.61,1710828231500000
33.61,1710828231750000
33.63,1710828232000000
33.63,1710828232250000
33.63,1710828232500000
33.63,1710828232750000
33.61,1710828233000000
33.61,1710828233250000
33.61,1710828233500000
33.61,1710828233750000
33.59,1710828234000000
33.59,1710828234250000
33.59,1710828234500000
33.59,1710828234750000
33.59,1710828235000000
33.59,1710828235250000
33.59,1710828235500000
33.59,1710828235750000
33.61,1710828236000000
33.61,1710828236250000
33.61,1710828236500000
33.61,1710828236750000
33.61,1710828237000000
33.61,1710828237250000
33.61,1710828237500000
33.61,1710828237750000
33.61,1710828238000000
33.61,1710828238250000
33.61,1710828238500000
33.61,1710828238750000
33.61,1710828239000000
33.61,1710828239250000
33.61,1710828239500000
33.61,1710828239750000
33.59,1710828240000000
33.59,1710828240250000
33.59,1710828240500000
33.59,1710828240750000
33.61,1710828241000000
33.61,1710828241250000
33.61,1710828241500000
33.61,1710828241750000
33.59,1710828242000000
33.59,1710828242250000
33.59,1710828242500000
33.59,1710828242750000
33.63,1710828243000000
33.63,1710828243250000
33.63,1710828243500000
33.63,1710828243750000
33.61,1710828244000000
33.61,1710828244250000
33.61,1710828244500000
33.61,1710828244750000
33.63,1710828245000000
33.63,1710828245250000
33.63,1710828245500000
33.63,1710828245750000
33.61,1710828246000000
33.61,1710828246250000
33.61,1710828246500000
33.61,1710828246750000
33.61,1710828247000000
33.61,1710828247250000
33.61,1710828247500000
33.61,1710828247750000
33.61,1710828248000000
33.61,1710828248250000
33.61,1710828248500000
33.61,1710828248750000
33.61,1710828249000000
33.61,1710828249250000
33.61,1710828249500000
33.61,1710828249750000
33.61,1710828250000000
33.61,1710828250250000
33.61,1710828250500000
33.61,1710828250750000
33.63,1710828251000000
33.63,1710828251250000
33.63,1710828251500000
33.63,1710828251750000
33.63,1710828252000000
33.63,1710828252250000
33.63,1710828252500000
33.63,1710828252750000
33.63,1710828253000000
33.63,1710828253250000
33.63,1710828253500000
33.63,1710828253750000
33.63,1710828254000000
33.63,1710828254250000
33.63,1710828254500000
33.63,1710828254750000
33.61,1710828255000000
33.61,1710828255250000
33.61,1710828255500000
33.61,1710828255750000
33.61,1710828256000000
33.61,1710828256250000
33.61,1710828256500000
33.61,1710828256750000
33.63,1710828257000000
33.63,1710828257250000
33.63,1710828257500000
33.63,1710828257750000
33.63,1710828258000000
33.63,1710828258250000
33.63,1710828258500000
33.63,1710828258750000
33.61,1710828259000000
33.61,1710828259250000
33.61,1710828259500000
33.61,1710828259750000
33.63,1710828260000000
33.63,1710828260250000
33.63,1710828260500000
33.63,1710828260750000
33.61,1710828261000000
33.61,1710828261250000
33.61,1710828261500000
33.61,1710828261750000
33.65,1710828262000000
33.65,1710828262250000
33.65,1710828262500000
33.65,1710828262750000
33.63,1710828263000000
33.63,1710828263250000
33.63,1710828263500000
33.63,1710828263750000
33.63,1710828264000000
33.63,1710828264250000
33.63,1710828264500000
33.63,1710828264750000
33.63,1710828265000000
33.63,1710828265250000
33.63,1710828265500000
33.63,1710828265750000
33.63,1710828266000000
33.63,1710828266250000
33.63,1710828266500000
33.63,1710828266750000
33.63,1710828267000000
33.63,1710828267250000
33.63,1710828267500000
33.63,1710828267750000
33.63,1710828268000000
33.63,1710828268250000
33.63,1710828268500000
33.63,1710828268750000
33.65,1710828269000000
33.65,1710828269250000
33.65,1710828269500000
33.65,1710828269750000
33.61,1710828270000000
33.61,1710828270250000
33.61,1710828270500000
33.61,1710828270750000
33.63,1710828271000000
33.63,1710828271250000
33.63,1710828271500000
33.63,1710828271750000
33.61,1710828272000000
33.61,1710828272250000
33.61,1710828272500000
33.61,1710828272750000
33.63,1710828273000000
33.63,1710828273250000
33.63,1710828273500000
33.63,1710828273750000
33.61,1710828274000000
33.61,1710828274250000
33.61,1710828274500000
33.61,1710828274750000
33.61,1710828275000000
33.61,1710828275250000
33.61,1710828275500000
33.61,1710828275750000
33.63,1710828276000000
33.63,1710828276250000
33.63,1710828276500000
33.63,1710828276750000
33.63,1710828277000000
33.63,1710828277250000
33.63,1710828277500000
33.63,1710828277750000
33.63,1710828278000000
33.63,1710828278250000
33.63,1710828278500000
33.63,1710828278750000
33.63,1710828279000000
33.63,1710828279250000
33.63,1710828279500000
33.63,1710828279750000
33.65,1710828280000000
33.65,1710828280250000
33.65,1710828280500000
33.65,1710828280750000
33.63,1710828281000000
33.63,1710828281250000
33.63,1710828281500000
33.63,1710828281750000
33.65,1710828282000000
33.65,1710828282250000
33.65,1710828282500000
33.65,1710828282750000
33.63,1710828283000000
33.63,1710828283250000
33.63,1710828283500000
33.63,1710828283750000
33.63,1710828284000000
33.63,1710828284250000
33.63,1710828284500000
33.63,1710828284750000
33.65,1710828285000000
33.65,1710828285250000
33.65,1710828285500000
33.65,1710828285750000
33.65,1710828286000000
33.65,1710828286250000
33.65,1710828286500000
33.65,1710828286750000
33.65,1710828287000000
33.65,1710828287250000
33.65,1710828287500000
33.65,1710828287750000
33.65,1710828288000000
33.65,1710828288250000
33.65,1710828288500000
33.65,1710828288750000
33.65,1710828289000000
33.65,1710828289250000
33.65,1710828289500000
33.65,1710828289750000
33.63,1710828290000000
33.63,1710828290250000
33.63,1710828290500000
33.63,1710828290750000
33.65,1710828291000000
33.65,1710828291250000
33.65,1710828291500000
33.65,1710828291750000
33.66,1710828292000000
33.66,1710828292250000
33.66,1710828292500000
33.66,1710828292750000
33.65,1710828293000000
33.65,1710828293250000
33.65,1710828293500000
33.65,1710828293750000
33.65,1710828294000000
33.65,1710828294250000
33.65,1710828294500000
33.65,1710828294750000
33.68,1710828295000000
33.68,1710828295250000
33.68,1710828295500000
33.68,1710828295750000
33.66,1710828296000000
33.66,1710828296250000
33.66,1710828296500000
33.66,1710828296750000
33.66,1710828297000000
33.66,1710828297250000
33.66,1710828297500000
33.66,1710828297750000
33.66,1710828298000000
33.66,1710828298250000
33.66,1710828298500000
33.66,1710828298750000
33.66,1710828299000000
33.66,1710828299250000
33.66,1710828299500000
33.66,1710828299750000
33.68,1710828300000000
33.68,1710828300250000
33.68,1710828300500000
33.68,1710828300750000
33.66,1710828301000000
33.66,1710828301250000
33.66,1710828301500000
33.66,1710828301750000
33.68,1710828302000000
33.68,1710828302250000
33.68,1710828302500000
33.68,1710828302750000
33.68,1710828303000000
33.68,1710828303250000
33.68,1710828303500000
33.68,1710828303750000
33.68,1710828304000000
33.68,1710828304250000
33.68,1710828304500000
33.68,1710828304750000
33.68,1710828305000000
33.68,1710828305250000
33.68,1710828305500000
33.68,1710828305750000
33.66,1710828306000000
33.66,1710828306250000
33.66,1710828306500000
33.66,1710828306750000
33.71,1710828307000000
33.71,1710828307250000
33.71,1710828307500000
33.71,1710828307750000
33.71,1710828308000000
33.71,1710828308250000
33.71,1710828308500000
33.71,1710828308750000
33.68,1710828309000000
33.68,1710828309250000
33.68,1710828309500000
33.68,1710828309750000
33.68,1710828310000000
33.68,1710828310250000
33.68,1710828310500000
33.68,1710828310750000
33.68,1710828311000000
33.68,1710828311250000
33.68,1710828311500000
33.68,1710828311750000
33.68,1710828312000000
33.68,1710828312250000
33.68,1710828312500000
33.68,1710828312750000
33.68,1710828313000000
33.68,1710828313250000
33.68,1710828313500000
33.68,1710828313750000
33.71,1710828314000000
33.71,1710828314250000
33.71,1710828314500000
33.71,1710828314750000
33.68,1710828315000000
33.68,1710828315250000
33.68,1710828315500000
33.68,1710828315750000
33.71,1710828316000000
33.71,1710828316250000
33.71,1710828316500000
33.71,1710828316750000
33.68,1710828317000000
33.68,1710828317250000
33.68,1710828317500000
33.68,1710828317750000
33.68,1710828318000000
33.68,1710828318250000
33.68,1710828318500000
33.68,1710828318750000
33.71,1710828319000000
33.71,1710828319250000
33.71,1710828319500000
33.71,1710828319750000
33.71,1710828320000000
33.71,1710828320250000
33.71,1710828320500000
33.71,1710828320750000
33.68,1710828321000000
33.68,1710828321250000
33.68,1710828321500000
33.68,1710828321750000
33.71,1710828322000000
33.71,1710828322250000
33.71,1710828322500000
33.71,1710828322750000
33.71,1710828323000000
33.71,1710828323250000
33.71,1710828323500000
33.71,1710828323750000
33.71,1710828324000000
33.71,1710828324250000
33.71,1710828324500000
33.71,1710828324750000
33.71,1710828325000000
33.71,1710828325250000
33.71,1710828325500000
33.71,1710828325750000
33.73,1710828326000000
33.73,1710828326250000
33.73,1710828326500000
33.73,1710828326750000
33.73,1710828327000000
33.73,1710828327250000
33.73,1710828327500000
33.73,1710828327750000
33.71,1710828328000000
33.71,1710828328250000
33.71,1710828328500000
33.71,1710828328750000
33.75,1710828329000000
33.75,1710828329250000
33.75,1710828329500000
33.75,1710828329750000
33.73,1710828330000000
33.73,1710828330250000
33.73,1710828330500000
33.73,1710828330750000
33.73,1710828331000000
33.73,1710828331250000
33.73,1710828331500000
33.73,1710828331750000
33.75,1710828332000000
33.75,1710828332250000
33.75,1710828332500000
33.75,1710828332750000
33.75,1710828333000000
33.75,1710828333250000
33.75,1710828333500000
33.75,1710828333750000
33.73,1710828334000000
33.73,1710828334250000
33.73,1710828334500000
33.73,1710828334750000
33.75,1710828335000000
33.75,1710828335250000
33.75,1710828335500000
33.75,1710828335750000
33.73,1710828336000000
33.73,1710828336250000
33.73,1710828336500000
33.73,1710828336750000
33.77,1710828337000000
33.77,1710828337250000
33.77,1710828337500000
33.77,1710828337750000
33.77,1710828338000000
33.77,1710828338250000
33.77,1710828338500000
33.77,1710828338750000
33.77,1710828339000000
33.77,1710828339250000
33.77,1710828339500000
33.77,1710828339750000
33.77,1710828340000000
33.77,1710828340250000
33.77,1710828340500000
33.77,1710828340750000
33.79,1710828341000000
33.79,1710828341250000
33.79,1710828341500000
33.79,1710828341750000
33.75,1710828342000000
33.75,1710828342250000
33.75,1710828342500000
33.75,1710828342750000
33.77,1710828343000000
33.77,1710828343250000
33.77,1710828343500000
33.77,1710828343750000
33.79,1710828344000000
33.79,1710828344250000
33.79,1710828344500000
33.79,1710828344750000
33.81,1710828345000000
33.81,1710828345250000
33.81,1710828345500000
33.81,1710828345750000
33.79,1710828346000000
33.79,1710828346250000
33.79,1710828346500000
33.79,1710828346750000
33.79,1710828347000000
33.79,1710828347250000
33.79,1710828347500000
33.79,1710828347750000
33.81,1710828348000000
33.81,1710828348250000
33.81,1710828348500000
33.81,1710828348750000
33.79,1710828349000000
33.79,1710828349250000
33.79,1710828349500000
33.79,1710828349750000
33.79,1710828350000000
33.79,1710828350250000
33.79,1710828350500000
33.79,1710828350750000
33.81,1710828351000000
33.81,1710828351250000
33.81,1710828351500000
33.81,1710828351750000
33.83,1710828352000000
33.83,1710828352250000
33.83,1710828352500000
33.83,1710828352750000
33.81,1710828353000000
33.81,1710828353250000
33.81,1710828353500000
33.81,1710828353750000
33.81,1710828354000000
33.81,1710828354250000
33.81,1710828354500000
33.81,1710828354750000
33.83,1710828355000000
33.83,1710828355250000
33.83,1710828355500000
33.83,1710828355750000
33.83,1710828356000000
33.83,1710828356250000
33.83,1710828356500000
33.83,1710828356750000
33.83,1710828357000000
33.83,1710828357250000
33.83,1710828357500000
33.83,1710828357750000
33.83,1710828358000000
33.83,1710828358250000
33.83,1710828358500000
33.83,1710828358750000
33.83,1710828359000000
33.83,1710828359250000
33.83,1710828359500000
33.83,1710828359750000
33.83,1710828360000000
33.83,1710828360250000
33.83,1710828360500000
33.83,1710828360750000
33.83,1710828361000000
33.83,1710828361250000
33.83,1710828361500000
33.83,1710828361750000
33.83,1710828362000000
33.83,1710828362250000
33.83,1710828362500000
33.83,1710828362750000
33.84,1710828363000000
33.84,1710828363250000
33.84,1710828363500000
33.84,1710828363750000
33.81,1710828364000000
33.81,1710828364250000
33.81,1710828364500000
33.81,1710828364750000
33.83,1710828365000000
33.83,1710828365250000
33.83,1710828365500000
33.83,1710828365750000
33.84,1710828366000000
33.84,1710828366250000
33.84,1710828366500000
33.84,1710828366750000
33.83,1710828367000000
33.83,1710828367250000
33.83,1710828367500000
33.83,1710828367750000
33.87,1710828368000000
33.87,1710828368250000
33.87,1710828368500000
33.87,1710828368750000
33.84,1710828369000000
33.84,1710828369250000
33.84,1710828369500000
33.84,1710828369750000
33.87,1710828370000000
33.87,1710828370250000
33.87,1710828370500000
33.87,1710828370750000
33.84,1710828371000000
33.84,1710828371250000
33.84,1710828371500000
33.84,1710828371750000
33.84,1710828372000000
33.84,1710828372250000
33.84,1710828372500000
33.84,1710828372750000
33.87,1710828373000000
33.87,1710828373250000
33.87,1710828373500000
33.87,1710828373750000
33.84,1710828374000000
33.84,1710828374250000
33.84,1710828374500000
33.84,1710828374750000
33.87,1710828375000000
33.87,1710828375250000
33.87,1710828375500000
33.87,1710828375750000
33.84,1710828376000000
33.84,1710828376250000
33.84,1710828376500000
33.84,1710828376750000
33.89,1710828377000000
33.89,1710828377250000
33.89,1710828377500000
33.89,1710828377750000
33.87,1710828378000000
33.87,1710828378250000
33.87,1710828378500000
33.87,1710828378750000
33.87,1710828379000000
33.87,1710828379250000
33.87,1710828379500000
33.87,1710828379750000
33.83,1710828380000000
33.83,1710828380250000
33.83,1710828380500000
33.83,1710828380750000
33.84,1710828381000000
33.84,1710828381250000
33.84,1710828381500000
33.84,1710828381750000
33.87,1710828382000000
33.87,1710828382250000
33.87,1710828382500000
33.87,1710828382750000
33.84,1710828383000000
33.84,1710828383250000
33.84,1710828383500000
33.84,1710828383750000
33.84,1710828384000000
33.84,1710828384250000
33.84,1710828384500000
33.84,1710828384750000
33.84,1710828385000000
33.84,1710828385250000
33.84,1710828385500000
33.84,1710828385750000
33.87,1710828386000000
33.87,1710828386250000
33.87,1710828386500000
33.87,1710828386750000
33.84,1710828387000000
33.84,1710828387250000
33.84,1710828387500000
33.84,1710828387750000
33.84,1710828388000000
33.84,1710828388250000
33.84,1710828388500000
33.84,1710828388750000
33.87,1710828389000000
33.87,1710828389250000
33.87,1710828389500000
33.87,1710828389750000
33.84,1710828390000000
33.84,1710828390250000
33.84,1710828390500000
33.84,1710828390750000
33.87,1710828391000000
33.87,1710828391250000
33.87,1710828391500000
33.87,1710828391750000
33.87,1710828392000000
33.87,1710828392250000
33.87,1710828392500000
33.87,1710828392750000
33.87,1710828393000000
33.87,1710828393250000
33.87,1710828393500000
33.87,1710828393750000
33.83,1710828394000000
33.83,1710828394250000
33.83,1710828394500000
33.83,1710828394750000
33.87,1710828395000000
33.87,1710828395250000
33.87,1710828395500000
33.87,1710828395750000
33.84,1710828396000000
33.84,1710828396250000
33.84,1710828396500000
33.84,1710828396750000
33.84,1710828397000000
33.84,1710828397250000
33.84,1710828397500000
33.84,1710828397750000
33.89,1710828398000000
33.89,1710828398250000
33.89,1710828398500000
33.89,1710828398750000
33.84,1710828399000000
33.84,1710828399250000
33.84,1710828399500000
33.84,1710828399750000
33.84,1710828400000000
33.84,1710828400250000
33.84,1710828400500000
33.84,1710828400750000
33.84,1710828401000000
33.84,1710828401250000
33.84,1710828401500000
33.84,1710828401750000
33.84,1710828402000000
33.84,1710828402250000
33.84,1710828402500000
33.84,1710828402750000
33.83,1710828403000000
33.83,1710828403250000
33.83,1710828403500000
33.83,1710828403750000
33.87,1710828404000000
33.87,1710828404250000
33.87,1710828404500000
33.87,1710828404750000
33.87,1710828405000000
33.87,1710828405250000
33.87,1710828405500000
33.87,1710828405750000
33.87,1710828406000000
33.87,1710828406250000
33.87,1710828406500000
33.87,1710828406750000
33.83,1710828407000000
33.83,1710828407250000
33.83,1710828407500000
33.83,1710828407750000
33.84,1710828408000000
33.84,1710828408250000
33.84,1710828408500000
33.84,1710828408750000
33.84,1710828409000000
33.84,1710828409250000
33.84,1710828409500000
33.84,1710828409750000
33.84,1710828410000000
33.84,1710828410250000
33.84,1710828410500000
33.84,1710828410750000
33.84,1710828411000000
33.84,1710828411250000
33.84,1710828411500000
33.84,1710828411750000
33.84,1710828412000000
33.84,1710828412250000
33.84,1710828412500000
33.84,1710828412750000
33.84,1710828413000000
33.84,1710828413250000
33.84,1710828413500000
33.84,1710828413750000
33.87,1710828414000000
33.87,1710828414250000
33.87,1710828414500000
33.87,1710828414750000
33.84,1710828415000000
33.84,1710828415250000
33.84,1710828415500000
33.84,1710828415750000
33.84,1710828416000000
33.84,1710828416250000
33.84,1710828416500000
33.84,1710828416750000
33.84,1710828417000000
33.84,1710828417250000
33.84,1710828417500000
33.84,1710828417750000
33.84,1710828418000000
33.84,1710828418250000
33.84,1710828418500000
33.84,1710828418750000
33.84,1710828419000000
33.84,1710828419250000
33.84,1710828419500000
33.84,1710828419750000
33.83,1710828420000000
33.83,1710828420250000
33.83,1710828420500000
33.83,1710828420750000
33.83,1710828421000000
33.83,1710828421250000
33.83,1710828421500000
33.83,1710828421750000
33.83,1710828422000000
33.83,1710828422250000
33.83,1710828422500000
33.83,1710828422750000
33.83,1710828423000000
33.83,1710828423250000
33.83,1710828423500000
33.83,1710828423750000
33.84,1710828424000000
33.84,1710828424250000
33.84,1710828424500000
33.84,1710828424750000
33.83,1710828425000000
33.83,1710828425250000
33.83,1710828425500000
33.83,1710828425750000
33.84,1710828426000000
33.84,1710828426250000
33.84,1710828426500000
33.84,1710828426750000
33.84,1710828427000000
33.84,1710828427250000
33.84,1710828427500000
33.84,1710828427750000
33.84,1710828428000000
33.84,1710828428250000
33.84,1710828428500000
33.84,1710828428750000
33.87,1710828429000000
33.87,1710828429250000
33.87,1710828429500000
33.87,1710828429750000
33.81,1710828430000000
33.81,1710828430250000
33.81,1710828430500000
33.81,1710828430750000
33.83,1710828431000000
33.83,1710828431250000
33.83,1710828431500000
33.83,1710828431750000
33.81,1710828432000000
33.81,1710828432250000
33.81,1710828432500000
33.81,1710828432750000
33.84,1710828433000000
33.84,1710828433250000
33.84,1710828433500000
33.84,1710828433750000
33.81,1710828434000000
33.81,1710828434250000
33.81,1710828434500000
33.81,1710828434750000
33.83,1710828435000000
33.83,1710828435250000
33.83,1710828435500000
33.83,1710828435750000
33.83,1710828436000000
33.83,1710828436250000
33.83,1710828436500000
33.83,1710828436750000
33.81,1710828437000000
33.81,1710828437250000
33.81,1710828437500000
33.81,1710828437750000
33.83,1710828438000000
33.83,1710828438250000
33.83,1710828438500000
33.83,1710828438750000
33.81,1710828439000000
33.81,1710828439250000
33.81,1710828439500000
33.81,1710828439750000
33.83,1710828440000000
33.83,1710828440250000
33.83,1710828440500000
33.83,1710828440750000
33.81,1710828441000000
33.81,1710828441250000
33.81,1710828441500000
33.81,1710828441750000
33.81,1710828442000000
33.81,1710828442250000
33.81,1710828442500000
33.81,1710828442750000
33.81,1710828443000000
33.81,1710828443250000
33.81,1710828443500000
33.81,1710828443750000
33.81,1710828444000000
33.81,1710828444250000
33.81,1710828444500000
33.81,1710828444750000
33.81,1710828445000000
33.81,1710828445250000
33.81,1710828445500000
33.81,1710828445750000
33.81,1710828446000000
33.81,1710828446250000
33.81,1710828446500000
33.81,1710828446750000
33.79,1710828447000000
33.79,1710828447250000
33.79,1710828447500000
33.79,1710828447750000
33.83,1710828448000000
33.83,1710828448250000
33.83,1710828448500000
33.83,1710828448750000
33.81,1710828449000000
33.81,1710828449250000
33.81,1710828449500000
33.81,1710828449750000
33.83,1710828450000000
33.83,1710828450250000
33.83,1710828450500000
33.83,1710828450750000
33.79,1710828451000000
33.79,1710828451250000
33.79,1710828451500000
33.79,1710828451750000
33.81,1710828452000000
33.81,1710828452250000
33.81,1710828452500000
33.81,1710828452750000
33.81,1710828453000000
33.81,1710828453250000
33.81,1710828453500000
33.81,1710828453750000
33.81,1710828454000000
33.81,1710828454250000
33.81,1710828454500000
33.81,1710828454750000
33.81,1710828455000000
33.81,1710828455250000
33.81,1710828455500000
33.81,1710828455750000
33.83,1710828456000000
33.83,1710828456250000
33.83,1710828456500000
33.83,1710828456750000
33.81,1710828457000000
33.81,1710828457250000
33.81,1710828457500000
33.81,1710828457750000
33.81,1710828458000000
33.81,1710828458250000
33.81,1710828458500000
33.81,1710828458750000
33.79,1710828459000000
33.79,1710828459250000
33.79,1710828459500000
33.79,1710828459750000
33.83,1710828460000000
33.83,1710828460250000
33.83,1710828460500000
33.83,1710828460750000
33.79,1710828461000000
33.79,1710828461250000
33.79,1710828461500000
33.79,1710828461750000
33.81,1710828462000000
33.81,1710828462250000
33.81,1710828462500000
33.81,1710828462750000
33.83,1710828463000000
33.83,1710828463250000
33.83,1710828463500000
33.83,1710828463750000
33.79,1710828464000000
33.79,1710828464250000
33.79,1710828464500000
33.79,1710828464750000
33.81,1710828465000000
33.81,1710828465250000
33.81,1710828465500000
33.81,1710828465750000
33.79,1710828466000000
33.79,1710828466250000
33.79,1710828466500000
33.79,1710828466750000
33.77,1710828467000000
33.77,1710828467250000
33.77,1710828467500000
33.77,1710828467750000
33.79,1710828468000000
33.79,1710828468250000
33.79,1710828468500000
33.79,1710828468750000
33.79,1710828469000000
33.79,1710828469250000
33.79,1710828469500000
33.79,1710828469750000
33.81,1710828470000000
33.81,1710828470250000
33.81,1710828470500000
33.81,1710828470750000
33.79,1710828471000000
33.79,1710828471250000
33.79,1710828471500000
33.79,1710828471750000
33.79,1710828472000000
33.79,1710828472250000
33.79,1710828472500000
33.79,1710828472750000
33.79,1710828473000000
33.79,1710828473250000
33.79,1710828473500000
33.79,1710828473750000
33.81,1710828474000000
33.81,1710828474250000
33.81,1710828474500000
33.81,1710828474750000
33.79,1710828475000000
33.79,1710828475250000
33.79,1710828475500000
33.79,1710828475750000
33.77,1710828476000000
33.77,1710828476250000
33.77,1710828476500000
33.77,1710828476750000
33.79,1710828477000000
33.79,1710828477250000
33.79,1710828477500000
33.79,1710828477750000
33.79,1710828478000000
33.79,1710828478250000
33.79,1710828478500000
33.79,1710828478750000
33.77,1710828479000000
33.77,1710828479250000
33.77,1710828479500000
33.77,1710828479750000
33.77,1710828480000000
33.77,1710828480250000
33.77,1710828480500000
33.77,1710828480750000
33.77,1710828481000000
33.77,1710828481250000
33.77,1710828481500000
33.77,1710828481750000
33.79,1710828482000000
33.79,1710828482250000
33.79,1710828482500000
33.79,1710828482750000
33.79,1710828483000000
33.79,1710828483250000
33.79,1710828483500000
33.79,1710828483750000
33.77,1710828484000000
33.77,1710828484250000
33.77,1710828484500000
33.77,1710828484750000
33.79,1710828485000000
33.79,1710828485250000
33.79,1710828485500000
33.79,1710828485750000
33.77,1710828486000000
33.77,1710828486250000
33.77,1710828486500000
33.77,1710828486750000
33.77,1710828487000000
33.77,1710828487250000
33.77,1710828487500000
33.77,1710828487750000
33.77,1710828488000000
33.77,1710828488250000
33.77,1710828488500000
33.77,1710828488750000
33.79,1710828489000000
33.79,1710828489250000
33.79,1710828489500000
33.79,1710828489750000
33.79,1710828490000000
33.79,1710828490250000
33.79,1710828490500000
33.79,1710828490750000
33.77,1710828491000000
33.77,1710828491250000
33.77,1710828491500000
33.77,1710828491750000
33.77,1710828492000000
33.77,1710828492250000
33.77,1710828492500000
33.77,1710828492750000
33.77,1710828493000000
33.77,1710828493250000
33.77,1710828493500000
33.77,1710828493750000
33.77,1710828494000000
33.77,1710828494250000
33.77,1710828494500000
33.77,1710828494750000
33.75,1710828495000000
33.75,1710828495250000
33.75,1710828495500000
33.75,1710828495750000
33.75,1710828496000000
33.75,1710828496250000
33.75,1710828496500000
33.75,1710828496750000
33.79,1710828497000000
33.79,1710828497250000
33.79,1710828497500000
33.79,1710828497750000
33.79,1710828498000000
33.79,1710828498250000
33.79,1710828498500000
33.79,1710828498750000
33.77,1710828499000000
33.77,1710828499250000
33.77,1710828499500000
33.77,1710828499750000
33.77,1710828500000000
33.77,1710828500250000
33.77,1710828500500000
33.77,1710828500750000
33.79,1710828501000000
33.79,1710828501250000
33.79,1710828501500000
33.79,1710828501750000
33.75,1710828502000000
33.75,1710828502250000
33.75,1710828502500000
33.75,1710828502750000
33.77,1710828503000000
33.77,1710828503250000
33.77,1710828503500000
33.77,1710828503750000
33.75,1710828504000000
33.75,1710828504250000
33.75,1710828504500000
33.75,1710828504750000
33.77,1710828505000000
33.77,1710828505250000
33.77,1710828505500000
33.77,1710828505750000
33.75,1710828506000000
33.75,1710828506250000
33.75,1710828506500000
33.75,1710828506750000
33.75,1710828507000000
33.75,1710828507250000
33.75,1710828507500000
33.75,1710828507750000
33.77,1710828508000000
33.77,1710828508250000
33.77,1710828508500000
33.77,1710828508750000
33.77,1710828509000000
33.77,1710828509250000
33.77,1710828509500000
33.77,1710828509750000
33.77,1710828510000000
33.77,1710828510250000
33.77,1710828510500000
33.77,1710828510750000
33.75,1710828511000000
33.75,1710828511250000
33.75,1710828511500000
33.75,1710828511750000
33.75,1710828512000000
33.75,1710828512250000
33.75,1710828512500000
33.75,1710828512750000
33.77,1710828513000000
33.77,1710828513250000
33.77,1710828513500000
33.77,1710828513750000
33.75,1710828514000000
33.75,1710828514250000
33.75,1710828514500000
33.75,1710828514750000
33.75,1710828515000000
33.75,1710828515250000
33.75,1710828515500000
33.75,1710828515750000
33.77,1710828516000000
33.77,1710828516250000
33.77,1710828516500000
33.77,1710828516750000
33.75,1710828517000000
33.75,1710828517250000
33.75,1710828517500000
33.75,1710828517750000
33.75,1710828518000000
33.75,1710828518250000
33.75,1710828518500000
33.75,1710828518750000
33.73,1710828519000000
33.73,1710828519250000
33.73,1710828519500000
33.73,1710828519750000
33.73,1710828520000000
33.73,1710828520250000
33.73,1710828520500000
33.73,1710828520750000
33.73,1710828521000000
33.73,1710828521250000
33.73,1710828521500000
33.73,1710828521750000
33.73,1710828522000000
33.73,1710828522250000
33.73,1710828522500000
33.73,1710828522750000
33.75,1710828523000000
33.75,1710828523250000
33.75,1710828523500000
33.75,1710828523750000
33.75,1710828524000000
33.75,1710828524250000
33.75,1710828524500000
33.75,1710828524750000
33.73,1710828525000000
33.73,1710828525250000
33.73,1710828525500000
33.73,1710828525750000
33.73,1710828526000000
33.73,1710828526250000
33.73,1710828526500000
33.73,1710828526750000
33.73,1710828527000000
33.73,1710828527250000
33.73,1710828527500000
33.73,1710828527750000
33.75,1710828528000000
33.75,1710828528250000
33.75,1710828528500000
33.75,1710828528750000
33.73,1710828529000000
33.73,1710828529250000
33.73,1710828529500000
33.73,1710828529750000
33.77,1710828530000000
33.77,1710828530250000
33.77,1710828530500000
33.77,1710828530750000
33.73,1710828531000000
33.73,1710828531250000
33.73,1710828531500000
33.73,1710828531750000
33.73,1710828532000000
33.73,1710828532250000
33.73,1710828532500000
33.73,1710828532750000
33.73,1710828533000000
33.73,1710828533250000
33.73,1710828533500000
33.73,1710828533750000
33.73,1710828534000000
33.73,1710828534250000
33.73,1710828534500000
33.73,1710828534750000
33.75,1710828535000000
33.75,1710828535250000
33.75,1710828535500000
33.75,1710828535750000
33.73,1710828536000000
33.73,1710828536250000
33.73,1710828536500000
33.73,1710828536750000
33.75,1710828537000000
33.75,1710828537250000
33.75,1710828537500000
33.75,1710828537750000
33.73,1710828538000000
33.73,1710828538250000
33.73,1710828538500000
33.73,1710828538750000
33.73,1710828539000000
33.73,1710828539250000
33.73,1710828539500000
33.73,1710828539750000
33.71,1710828540000000
33.71,1710828540250000
33.71,1710828540500000
33.71,1710828540750000
33.73,1710828541000000
33.73,1710828541250000
33.73,1710828541500000
33.73,1710828541750000
33.73,1710828542000000
33.73,1710828542250000
33.73,1710828542500000
33.73,1710828542750000
33.75,1710828543000000
33.75,1710828543250000
33.75,1710828543500000
33.75,1710828543750000
33.75,1710828544000000
33.75,1710828544250000
33.75,1710828544500000
33.75,1710828544750000
33.71,1710828545000000
33.71,1710828545250000
33.71,1710828545500000
33.71,1710828545750000
33.73,1710828546000000
33.73,1710828546250000
33.73,1710828546500000
33.73,1710828546750000
33.73,1710828547000000
33.73,1710828547250000
33.73,1710828547500000
33.73,1710828547750000
33.71,1710828548000000
33.71,1710828548250000
33.71,1710828548500000
33.71,1710828548750000
33.71,1710828549000000
33.71,1710828549250000
33.71,1710828549500000
33.71,1710828549750000
33.71,1710828550000000
33.71,1710828550250000
33.71,1710828550500000
33.71,1710828550750000
33.73,1710828551000000
33.73,1710828551250000
33.73,1710828551500000
33.73,1710828551750000
33.73,1710828552000000
33.73,1710828552250000
33.73,1710828552500000
33.73,1710828552750000
33.73,1710828553000000
33.73,1710828553250000
33.73,1710828553500000
33.73,1710828553750000
33.71,1710828554000000
33.71,1710828554250000
33.71,1710828554500000
33.71,1710828554750000
33.73,1710828555000000
33.73,1710828555250000
33.73,1710828555500000
33.73,1710828555750000
33.71,1710828556000000
33.71,1710828556250000
33.71,1710828556500000
33.71,1710828556750000
33.73,1710828557000000
33.73,1710828557250000
33.73,1710828557500000
33.73,1710828557750000
33.73,1710828558000000
33.73,1710828558250000
33.73,1710828558500000
33.73,1710828558750000
33.71,1710828559000000
33.71,1710828559250000
33.71,1710828559500000
33.71,1710828559750000
33.71,1710828560000000
33.71,1710828560250000
33.71,1710828560500000
33.71,1710828560750000
33.71,1710828561000000
33.71,1710828561250000
33.71,1710828561500000
33.71,1710828561750000
33.73,1710828562000000
33.73,1710828562250000
33.73,1710828562500000
33.73,1710828562750000
33.71,1710828563000000
33.71,1710828563250000
33.71,1710828563500000
33.71,1710828563750000
33.73,1710828564000000
33.73,1710828564250000
33.73,1710828564500000
33.73,1710828564750000
33.71,1710828565000000
33.71,1710828565250000
33.71,1710828565500000
33.71,1710828565750000
33.73,1710828566000000
33.73,1710828566250000
33.73,1710828566500000
33.73,1710828566750000
33.73,1710828567000000
33.73,1710828567250000
33.73,1710828567500000
33.73,1710828567750000
33.71,1710828568000000
33.71,1710828568250000
33.71,1710828568500000
33.71,1710828568750000
33.73,1710828569000000
33.73,1710828569250000
33.73,1710828569500000
33.73,1710828569750000
33.73,1710828570000000
33.73,1710828570250000
33.73,1710828570500000
33.73,1710828570750000
33.73,1710828571000000
33.73,1710828571250000
33.73,1710828571500000
33.73,1710828571750000
33.71,1710828572000000
33.71,1710828572250000
33.71,1710828572500000
33.71,1710828572750000
33.71,1710828573000000
33.71,1710828573250000
33.71,1710828573500000
33.71,1710828573750000
33.73,1710828574000000
33.73,1710828574250000
33.73,1710828574500000
33.73,1710828574750000
33.75,1710828575000000
33.75,1710828575250000
33.75,1710828575500000
33.75,1710828575750000
33.71,1710828576000000
33.71,1710828576250000
33.71,1710828576500000
33.71,1710828576750000
33.73,1710828577000000
33.73,1710828577250000
33.73,1710828577500000
33.73,1710828577750000
33.71,1710828578000000
33.71,1710828578250000
33.71,1710828578500000
33.71,1710828578750000
33.71,1710828579000000
33.71,1710828579250000
33.71,1710828579500000
33.71,1710828579750000
33.71,1710828580000000
33.71,1710828580250000
33.71,1710828580500000
33.71,1710828580750000
33.73,1710828581000000
33.73,1710828581250000
33.73,1710828581500000
33.73,1710828581750000
33.71,1710828582000000
33.71,1710828582250000
33.71,1710828582500000
33.71,1710828582750000
33.68,1710828583000000
33.68,1710828583250000
33.68,1710828583500000
33.68,1710828583750000
33.71,1710828584000000
33.71,1710828584250000
33.71,1710828584500000
33.71,1710828584750000
33.68,1710828585000000
33.68,1710828585250000
33.68,1710828585500000
33.68,1710828585750000
33.71,1710828586000000
33.71,1710828586250000
33.71,1710828586500000
33.71,1710828586750000
33.71,1710828587000000
33.71,1710828587250000
33.71,1710828587500000
33.71,1710828587750000
33.71,1710828588000000
33.71,1710828588250000
33.71,1710828588500000
33.71,1710828588750000
33.68,1710828589000000
33.68,1710828589250000
33.68,1710828589500000
33.68,1710828589750000
33.73,1710828590000000
33.73,1710828590250000
33.73,1710828590500000
33.73,1710828590750000
33.71,1710828591000000
33.71,1710828591250000
33.71,1710828591500000
33.71,1710828591750000
33.71,1710828592000000
33.71,1710828592250000
33.71,1710828592500000
33.71,1710828592750000
33.71,1710828593000000
33.71,1710828593250000
33.71,1710828593500000
33.71,1710828593750000
33.73,1710828594000000
33.73,1710828594250000
33.73,1710828594500000
33.73,1710828594750000
33.71,1710828595000000
33.71,1710828595250000
33.71,1710828595500000
33.71,1710828595750000
33.71,1710828596000000
33.71,1710828596250000
33.71,1710828596500000
33.71,1710828596750000
33.68,1710828597000000
33.68,1710828597250000
33.68,1710828597500000
33.68,1710828597750000
33.68,1710828598000000
33.68,1710828598250000
33.68,1710828598500000
33.68,1710828598750000
33.68,1710828599000000
33.68,1710828599250000
33.68,1710828599500000
33.68,1710828599750000
33.71,1710828600000000
33.71,1710828600250000
33.71,1710828600500000
33.71,1710828600750000
33.68,1710828601000000
33.68,1710828601250000
33.68,1710828601500000
33.68,1710828601750000
33.71,1710828602000000
33.71,1710828602250000
33.71,1710828602500000
33.71,1710828602750000
33.71,1710828603000000
33.71,1710828603250000
33.71,1710828603500000
33.71,1710828603750000
33.68,1710828604000000
33.68,1710828604250000
33.68,1710828604500000
33.68,1710828604750000
33.68,1710828605000000
33.68,1710828605250000
33.68,1710828605500000
33.68,1710828605750000
33.68,1710828606000000
33.68,1710828606250000
33.68,1710828606500000
33.68,1710828606750000
33.68,1710828607000000
33.68,1710828607250000
33.68,1710828607500000
33.68,1710828607750000
33.68,1710828608000000
33.68,1710828608250000
33.68,1710828608500000
33.68,1710828608750000
33.68,1710828609000000
33.68,1710828609250000
33.68,1710828609500000
33.68,1710828609750000
33.71,1710828610000000
33.71,1710828610250000
33.71,1710828610500000
33.71,1710828610750000
33.71,1710828611000000
33.71,1710828611250000
33.71,1710828611500000
33.71,1710828611750000
33.68,1710828612000000
33.68,1710828612250000
33.68,1710828612500000
33.68,1710828612750000
33.68,1710828613000000
33.68,1710828613250000
33.68,1710828613500000
33.68,1710828613750000
33.66,1710828614000000
33.66,1710828614250000
33.66,1710828614500000
33.66,1710828614750000
33.71,1710828615000000
33.71,1710828615250000
33.71,1710828615500000
33.71,1710828615750000
33.73,1710828616000000
33.73,1710828616250000
33.73,1710828616500000
33.73,1710828616750000
33.66,1710828617000000
33.66,1710828617250000
33.66,1710828617500000
33.66,1710828617750000
33.68,1710828618000000
33.68,1710828618250000
33.68,1710828618500000
33.68,1710828618750000
33.71,1710828619000000
33.71,1710828619250000
33.71,1710828619500000
33.71,1710828619750000
33.68,1710828620000000
33.68,1710828620250000
33.68,1710828620500000
33.68,1710828620750000
33.68,1710828621000000
33.68,1710828621250000
33.68,1710828621500000
33.68,1710828621750000
33.71,1710828622000000
33.71,1710828622250000
33.71,1710828622500000
33.71,1710828622750000
33.68,1710828623000000
33.68,1710828623250000
33.68,1710828623500000
33.68,1710828623750000
33.66,1710828624000000
33.66,1710828624250000
33.66,1710828624500000
33.66,1710828624750000
33.66,1710828625000000
33.66,1710828625250000
33.66,1710828625500000
33.66,1710828625750000
33.68,1710828626000000
33.68,1710828626250000
33.68,1710828626500000
33.68,1710828626750000
33.66,1710828627000000
33.66,1710828627250000
33.66,1710828627500000
33.66,1710828627750000
33.66,1710828628000000
33.66,1710828628250000
33.66,1710828628500000
33.66,1710828628750000
33.66,1710828629000000
33.66,1710828629250000
33.66,1710828629500000
33.66,1710828629750000
33.65,1710828630000000
33.65,1710828630250000
33.65,1710828630500000
33.65,1710828630750000
33.66,1710828631000000
33.66,1710828631250000
33.66,1710828631500000
33.66,1710828631750000
33.66,1710828632000000
33.66,1710828632250000
33.66,1710828632500000
33.66,1710828632750000
33.66,1710828633000000
33.66,1710828633250000
33.66,1710828633500000
33.66,1710828633750000
33.68,1710828634000000
33.68,1710828634250000
33.68,1710828634500000
33.68,1710828634750000
33.66,1710828635000000
33.66,1710828635250000
33.66,1710828635500000
33.66,1710828635750000
33.68,1710828636000000
33.68,1710828636250000
33.68,1710828636500000
33.68,1710828636750000
33.68,1710828637000000
33.68,1710828637250000
33.68,1710828637500000
33.68,1710828637750000
33.66,1710828638000000
33.66,1710828638250000
33.66,1710828638500000
33.66,1710828638750000
33.65,1710828639000000
33.65,1710828639250000
33.65,1710828639500000
33.65,1710828639750000
33.65,1710828640000000
33.65,1710828640250000
33.65,1710828640500000
33.65,1710828640750000
33.66,1710828641000000
33.66,1710828641250000
33.66,1710828641500000
33.66,1710828641750000
33.66,1710828642000000
33.66,1710828642250000
33.66,1710828642500000
33.66,1710828642750000
33.63,1710828643000000
33.63,1710828643250000
33.63,1710828643500000
33.63,1710828643750000
33.66,1710828644000000
33.66,1710828644250000
33.66,1710828644500000
33.66,1710828644750000
33.65,1710828645000000
33.65,1710828645250000
33.65,1710828645500000
33.65,1710828645750000
33.65,1710828646000000
33.65,1710828646250000
33.65,1710828646500000
33.65,1710828646750000
33.66,1710828647000000
33.66,1710828647250000
33.66,1710828647500000
33.66,1710828647750000
33.66,1710828648000000
33.66,1710828648250000
33.66,1710828648500000
33.66,1710828648750000
33.65,1710828649000000
33.65,1710828649250000
33.65,1710828649500000
33.65,1710828649750000
33.65,1710828650000000
33.65,1710828650250000
33.65,1710828650500000
33.65,1710828650750000
33.68,1710828651000000
33.68,1710828651250000
33.68,1710828651500000
33.68,1710828651750000
33.66,1710828652000000
33.66,1710828652250000
33.66,1710828652500000
33.66,1710828652750000
33.65,1710828653000000
33.65,1710828653250000
33.65,1710828653500000
33.65,1710828653750000
33.65,1710828654000000
33.65,1710828654250000
33.65,1710828654500000
33.65,1710828654750000
33.66,1710828655000000
33.66,1710828655250000
33.66,1710828655500000
33.66,1710828655750000
33.66,1710828656000000
33.66,1710828656250000
33.66,1710828656500000
33.66,1710828656750000
33.66,1710828657000000
33.66,1710828657250000
33.66,1710828657500000
33.66,1710828657750000
33.66,1710828658000000
33.66,1710828658250000
33.66,1710828658500000
33.66,1710828658750000
33.65,1710828659000000
33.65,1710828659250000
33.65,1710828659500000
33.65,1710828659750000
33.66,1710828660000000
33.66,1710828660250000
33.66,1710828660500000
33.66,1710828660750000
33.68,1710828661000000
33.68,1710828661250000
33.68,1710828661500000
33.68,1710828661750000
33.66,1710828662000000
33.66,1710828662250000
33.66,1710828662500000
33.66,1710828662750000
33.68,1710828663000000
33.68,1710828663250000
33.68,1710828663500000
33.68,1710828663750000
33.66,1710828664000000
33.66,1710828664250000
33.66,1710828664500000
33.66,1710828664750000
33.66,1710828665000000
33.66,1710828665250000
33.66,1710828665500000
33.66,1710828665750000
33.66,1710828666000000
33.66,1710828666250000
33.66,1710828666500000
33.66,1710828666750000
33.65,1710828667000000
33.65,1710828667250000
33.65,1710828667500000
33.65,1710828667750000
33.66,1710828668000000
33.66,1710828668250000
33.66,1710828668500000
33.66,1710828668750000
33.66,1710828669000000
33.66,1710828669250000
33.66,1710828669500000
33.66,1710828669750000
33.65,1710828670000000
33.65,1710828670250000
33.65,1710828670500000
33.65,1710828670750000
33.65,1710828671000000
33.65,1710828671250000
33.65,1710828671500000
33.65,1710828671750000
33.66,1710828672000000
33.66,1710828672250000
33.66,1710828672500000
33.66,1710828672750000
33.66,1710828673000000
33.66,1710828673250000
33.66,1710828673500000
33.66,1710828673750000
33.66,1710828674000000
33.66,1710828674250000
33.66,1710828674500000
33.66,1710828674750000
33.65,1710828675000000
33.65,1710828675250000
33.65,1710828675500000
33.65,1710828675750000
33.66,1710828676000000
33.66,1710828676250000
33.66,1710828676500000
33.66,1710828676750000
33.66,1710828677000000
33.66,1710828677250000
33.66,1710828677500000
33.66,1710828677750000
33.66,1710828678000000
33.66,1710828678250000
33.66,1710828678500000
33.66,1710828678750000
33.66,1710828679000000
33.66,1710828679250000
33.66,1710828679500000
33.66,1710828679750000
33.65,1710828680000000
33.65,1710828680250000
33.65,1710828680500000
33.65,1710828680750000
33.65,1710828681000000
33.65,1710828681250000
33.65,1710828681500000
33.65,1710828681750000
33.68,1710828682000000
33.68,1710828682250000
33.68,1710828682500000
33.68,1710828682750000
33.66,1710828683000000
33.66,1710828683250000
33.66,1710828683500000
33.66,1710828683750000
33.66,1710828684000000
33.66,1710828684250000
33.66,1710828684500000
33.66,1710828684750000
33.66,1710828685000000
33.66,1710828685250000
33.66,1710828685500000
33.66,1710828685750000
33.66,1710828686000000
33.66,1710828686250000
33.66,1710828686500000
33.66,1710828686750000
33.66,1710828687000000
33.66,1710828687250000
33.66,1710828687500000
33.66,1710828687750000
33.66,1710828688000000
33.66,1710828688250000
33.66,1710828688500000
33.66,1710828688750000
33.65,1710828689000000
33.65,1710828689250000
33.65,1710828689500000
33.65,1710828689750000
33.65,1710828690000000
33.65,1710828690250000
33.65,1710828690500000
33.65,1710828690750000
33.66,1710828691000000
33.66,1710828691250000
33.66,1710828691500000
33.66,1710828691750000
33.65,1710828692000000
33.65,1710828692250000
33.65,1710828692500000
33.65,1710828692750000
33.65,1710828693000000
33.65,1710828693250000
33.65,1710828693500000
33.65,1710828693750000
33.63,1710828694000000
33.63,1710828694250000
33.63,1710828694500000
33.63,1710828694750000
33.65,1710828695000000
33.65,1710828695250000
33.65,1710828695500000
33.65,1710828695750000
33.63,1710828696000000
33.63,1710828696250000
33.63,1710828696500000
33.63,1710828696750000
33.65,1710828697000000
33.65,1710828697250000
33.65,1710828697500000
33.65,1710828697750000
33.66,1710828698000000
33.66,1710828698250000
33.66,1710828698500000
33.66,1710828698750000
33.66,1710828699000000
33.66,1710828699250000
33.66,1710828699500000
33.66,1710828699750000
33.65,1710828700000000
33.65,1710828700250000
33.65,1710828700500000
33.65,1710828700750000
33.66,1710828701000000
33.66,1710828701250000
33.66,1710828701500000
33.66,1710828701750000
33.68,1710828702000000
33.68,1710828702250000
33.68,1710828702500000
33.68,1710828702750000
33.66,1710828703000000
33.66,1710828703250000
33.66,1710828703500000
33.66,1710828703750000
33.66,1710828704000000
33.66,1710828704250000
33.66,1710828704500000
33.66,1710828704750000
33.68,1710828705000000
33.68,1710828705250000
33.68,1710828705500000
33.68,1710828705750000
33.68,1710828706000000
33.68,1710828706250000
33.68,1710828706500000
33.68,1710828706750000
33.66,1710828707000000
33.66,1710828707250000
33.66,1710828707500000
33.66,1710828707750000
33.66,1710828708000000
33.66,1710828708250000
33.66,1710828708500000
33.66,1710828708750000
33.66,1710828709000000
33.66,1710828709250000
33.66,1710828709500000
33.66,1710828709750000
33.66,1710828710000000
33.66,1710828710250000
33.66,1710828710500000
33.66,1710828710750000
33.71,1710828711000000
33.71,1710828711250000
33.71,1710828711500000
33.71,1710828711750000
33.66,1710828712000000
33.66,1710828712250000
33.66,1710828712500000
33.66,1710828712750000
33.66,1710828713000000
33.66,1710828713250000
33.66,1710828713500000
33.66,1710828713750000
33.66,1710828714000000
33.66,1710828714250000
33.66,1710828714500000
33.66,1710828714750000
33.66,1710828715000000
33.66,1710828715250000
33.66,1710828715500000
33.66,1710828715750000
33.66,1710828716000000
33.66,1710828716250000
33.66,1710828716500000
33.66,1710828716750000
33.66,1710828717000000
33.66,1710828717250000
33.66,1710828717500000
33.66,1710828717750000
33.66,1710828718000000
33.66,1710828718250000
33.66,1710828718500000
33.66,1710828718750000
33.68,1710828719000000
33.68,1710828719250000
33.68,1710828719500000
33.68,1710828719750000
33.71,1710828720000000
33.71,1710828720250000
33.71,1710828720500000
33.71,1710828720750000
33.66,1710828721000000
33.66,1710828721250000
33.66,1710828721500000
33.66,1710828721750000
33.66,1710828722000000
33.66,1710828722250000
33.66,1710828722500000
33.66,1710828722750000
33.68,1710828723000000
33.68,1710828723250000
33.68,1710828723500000
33.68,1710828723750000
33.68,1710828724000000
33.68,1710828724250000
33.68,1710828724500000
33.68,1710828724750000
33.68,1710828725000000
33.68,1710828725250000
33.68,1710828725500000
33.68,1710828725750000
33.68,1710828726000000
33.68,1710828726250000
33.68,1710828726500000
33.68,1710828726750000
33.68,1710828727000000
33.68,1710828727250000
33.68,1710828727500000
33.68,1710828727750000
33.66,1710828728000000
33.66,1710828728250000
33.66,1710828728500000
33.66,1710828728750000
33.68,1710828729000000
33.68,1710828729250000
33.68,1710828729500000
33.68,1710828729750000
33.66,1710828730000000
33.66,1710828730250000
33.66,1710828730500000
33.66,1710828730750000
33.66,1710828731000000
33.66,1710828731250000
33.66,1710828731500000
33.66,1710828731750000
33.68,1710828732000000
33.68,1710828732250000
33.68,1710828732500000
33.68,1710828732750000
33.66,1710828733000000
33.66,1710828733250000
33.66,1710828733500000
33.66,1710828733750000
33.66,1710828734000000
33.66,1710828734250000
33.66,1710828734500000
33.66,1710828734750000
33.68,1710828735000000
33.68,1710828735250000
33.68,1710828735500000
33.68,1710828735750000
33.68,1710828736000000
33.68,1710828736250000
33.68,1710828736500000
33.68,1710828736750000
33.71,1710828737000000
33.71,1710828737250000
33.71,1710828737500000
33.71,1710828737750000
33.71,1710828738000000
33.71,1710828738250000
33.71,1710828738500000
33.71,1710828738750000
33.68,1710828739000000
33.68,1710828739250000
33.68,1710828739500000
33.68,1710828739750000
33.71,1710828740000000
33.71,1710828740250000
33.71,1710828740500000
33.71,1710828740750000
33.71,1710828741000000
33.71,1710828741250000
33.71,1710828741500000
33.71,1710828741750000
33.68,1710828742000000
33.68,1710828742250000
33.68,1710828742500000
33.68,1710828742750000
33.71,1710828743000000
33.71,1710828743250000
33.71,1710828743500000
33.71,1710828743750000
33.68,1710828744000000
33.68,1710828744250000
33.68,1710828744500000
33.68,1710828744750000
33.68,1710828745000000
33.68,1710828745250000
33.68,1710828745500000
33.68,1710828745750000
33.68,1710828746000000
33.68,1710828746250000
33.68,1710828746500000
33.68,1710828746750000
33.68,1710828747000000
33.68,1710828747250000
33.68,1710828747500000
33.68,1710828747750000
33.71,1710828748000000
33.71,1710828748250000
33.71,1710828748500000
33.71,1710828748750000
33.68,1710828749000000
33.68,1710828749250000
33.68,1710828749500000
33.68,1710828749750000
33.66,1710828750000000
33.66,1710828750250000
33.66,1710828750500000
33.66,1710828750750000
33.66,1710828751000000
33.66,1710828751250000
33.66,1710828751500000
33.66,1710828751750000
33.73,1710828752000000
33.73,1710828752250000
33.73,1710828752500000
33.73,1710828752750000
33.71,1710828753000000
33.71,1710828753250000
33.71,1710828753500000
33.71,1710828753750000
33.68,1710828754000000
33.68,1710828754250000
33.68,1710828754500000
33.68,1710828754750000
33.71,1710828755000000
33.71,1710828755250000
33.71,1710828755500000
33.71,1710828755750000
33.71,1710828756000000
33.71,1710828756250000
33.71,1710828756500000
33.71,1710828756750000
33.68,1710828757000000
33.68,1710828757250000
33.68,1710828757500000
33.68,1710828757750000
33.68,1710828758000000
33.68,1710828758250000
33.68,1710828758500000
33.68,1710828758750000
33.68,1710828759000000
33.68,1710828759250000
33.68,1710828759500000
33.68,1710828759750000
33.68,1710828760000000
33.68,1710828760250000
33.68,1710828760500000
33.68,1710828760750000
33.66,1710828761000000
33.66,1710828761250000
33.66,1710828761500000
33.66,1710828761750000
33.68,1710828762000000
33.68,1710828762250000
33.68,1710828762500000
33.68,1710828762750000
33.68,1710828763000000
33.68,1710828763250000
33.68,1710828763500000
33.68,1710828763750000
33.71,1710828764000000
33.71,1710828764250000
33.71,1710828764500000
33.71,1710828764750000
33.66,1710828765000000
33.66,1710828765250000
33.66,1710828765500000
33.66,1710828765750000
33.71,1710828766000000
33.71,1710828766250000
33.71,1710828766500000
33.71,1710828766750000
33.68,1710828767000000
33.68,1710828767250000
33.68,1710828767500000
33.68,1710828767750000
33.68,1710828768000000
33.68,1710828768250000
33.68,1710828768500000
33.68,1710828768750000
33.71,1710828769000000
33.71,1710828769250000
33.71,1710828769500000
33.71,1710828769750000
33.68,1710828770000000
33.68,1710828770250000
33.68,1710828770500000
33.68,1710828770750000
33.68,1710828771000000
33.68,1710828771250000
33.68,1710828771500000
33.68,1710828771750000
33.68,1710828772000000
33.68,1710828772250000
33.68,1710828772500000
33.68,1710828772750000
33.68,1710828773000000
33.68,1710828773250000
33.68,1710828773500000
33.68,1710828773750000
33.73,1710828774000000
33.73,1710828774250000
33.73,1710828774500000
33.73,1710828774750000
33.71,1710828775000000
33.71,1710828775250000
33.71,1710828775500000
33.71,1710828775750000
33.68,1710828776000000
33.68,1710828776250000
33.68,1710828776500000
33.68,1710828776750000
33.71,1710828777000000
33.71,1710828777250000
33.71,1710828777500000
33.71,1710828777750000
33.71,1710828778000000
33.71,1710828778250000
33.71,1710828778500000
33.71,1710828778750000
33.73,1710828779000000
33.73,1710828779250000
33.73,1710828779500000
33.73,1710828779750000
33.68,1710828780000000
33.68,1710828780250000
33.68,1710828780500000
33.68,1710828780750000
33.68,1710828781000000
33.68,1710828781250000
33.68,1710828781500000
33.68,1710828781750000
33.71,1710828782000000
33.71,1710828782250000
33.71,1710828782500000
33.71,1710828782750000
33.71,1710828783000000
33.71,1710828783250000
33.71,1710828783500000
33.71,1710828783750000
33.71,1710828784000000
33.71,1710828784250000
33.71,1710828784500000
33.71,1710828784750000
33.66,1710828785000000
33.66,1710828785250000
33.66,1710828785500000
33.66,1710828785750000
33.68,1710828786000000
33.68,1710828786250000
33.68,1710828786500000
33.68,1710828786750000
33.71,1710828787000000
33.71,1710828787250000
33.71,1710828787500000
33.71,1710828787750000
33.66,1710828788000000
33.66,1710828788250000
33.66,1710828788500000
33.66,1710828788750000
33.66,1710828789000000
33.66,1710828789250000
33.66,1710828789500000
33.66,1710828789750000
33.68,1710828790000000
33.68,1710828790250000
33.68,1710828790500000
33.68,1710828790750000
33.68,1710828791000000
33.68,1710828791250000
33.68,1710828791500000
33.68,1710828791750000
33.68,1710828792000000
33.68,1710828792250000
33.68,1710828792500000
33.68,1710828792750000
33.66,1710828793000000
33.66,1710828793250000
33.66,1710828793500000
33.66,1710828793750000
33.68,1710828794000000
33.68,1710828794250000
33.68,1710828794500000
33.68,1710828794750000
33.71,1710828795000000
33.71,1710828795250000
33.71,1710828795500000
33.71,1710828795750000
33.68,1710828796000000
33.68,1710828796250000
33.68,1710828796500000
33.68,1710828796750000
33.71,1710828797000000
33.71,1710828797250000
33.71,1710828797500000
33.71,1710828797750000
33.71,1710828798000000
33.71,1710828798250000
33.71,1710828798500000
33.71,1710828798750000
33.68,1710828799000000
33.68,1710828799250000
33.68,1710828799500000
33.68,1710828799750000
33.71,1710828800000000
33.71,1710828800250000
33.71,1710828800500000
33.71,1710828800750000
33.68,1710828801000000
33.68,1710828801250000
33.68,1710828801500000
33.68,1710828801750000
33.68,1710828802000000
33.68,1710828802250000
33.68,1710828802500000
33.68,1710828802750000
33.71,1710828803000000
33.71,1710828803250000
33.71,1710828803500000
33.71,1710828803750000
33.66,1710828804000000
33.66,1710828804250000
33.66,1710828804500000
33.66,1710828804750000
33.68,1710828805000000
33.68,1710828805250000
33.68,1710828805500000
33.68,1710828805750000
33.68,1710828806000000
33.68,1710828806250000
33.68,1710828806500000
33.68,1710828806750000
33.68,1710828807000000
33.68,1710828807250000
33.68,1710828807500000
33.68,1710828807750000
33.71,1710828808000000
33.71,1710828808250000
33.71,1710828808500000
33.71,1710828808750000
33.68,1710828809000000
33.68,1710828809250000
33.68,1710828809500000
33.68,1710828809750000
33.71,1710828810000000
33.71,1710828810250000
33.71,1710828810500000
33.71,1710828810750000
33.68,1710828811000000
33.68,1710828811250000
33.68,1710828811500000
33.68,1710828811750000
33.68,1710828812000000
33.68,1710828812250000
33.68,1710828812500000
33.68,1710828812750000
33.71,1710828813000000
33.71,1710828813250000
33.71,1710828813500000
33.71,1710828813750000
33.68,1710828814000000
33.68,1710828814250000
33.68,1710828814500000
33.68,1710828814750000
33.71,1710828815000000
33.71,1710828815250000
33.71,1710828815500000
33.71,1710828815750000
33.71,1710828816000000
33.71,1710828816250000
33.71,1710828816500000
33.71,1710828816750000
33.73,1710828817000000
33.73,1710828817250000
33.73,1710828817500000
33.73,1710828817750000
33.73,1710828818000000
33.73,1710828818250000
33.73,1710828818500000
33.73,1710828818750000
33.73,1710828819000000
33.73,1710828819250000
33.73,1710828819500000
33.73,1710828819750000
33.73,1710828820000000
33.73,1710828820250000
33.73,1710828820500000
33.73,1710828820750000
33.73,1710828821000000
33.73,1710828821250000
33.73,1710828821500000
33.73,1710828821750000
33.73,1710828822000000
33.73,1710828822250000
33.73,1710828822500000
33.73,1710828822750000
33.68,1710828823000000
33.68,1710828823250000
33.68,1710828823500000
33.68,1710828823750000
33.68,1710828824000000
33.68,1710828824250000
33.68,1710828824500000
33.68,1710828824750000
33.73,1710828825000000
33.73,1710828825250000
33.73,1710828825500000
33.73,1710828825750000
33.71,1710828826000000
33.71,1710828826250000
33.71,1710828826500000
33.71,1710828826750000
33.71,1710828827000000
33.71,1710828827250000
33.71,1710828827500000
33.71,1710828827750000
33.73,1710828828000000
33.73,1710828828250000
33.73,1710828828500000
33.73,1710828828750000
33.73,1710828829000000
33.73,1710828829250000
33.73,1710828829500000
33.73,1710828829750000
33.71,1710828830000000
33.71,1710828830250000
33.71,1710828830500000
33.71,1710828830750000
33.73,1710828831000000
33.73,1710828831250000
33.73,1710828831500000
33.73,1710828831750000
33.73,1710828832000000
33.73,1710828832250000
33.73,1710828832500000
33.73,1710828832750000
33.71,1710828833000000
33.71,1710828833250000
33.71,1710828833500000
33.71,1710828833750000
33.73,1710828834000000
33.73,1710828834250000
33.73,1710828834500000
33.73,1710828834750000
33.71,1710828835000000
33.71,1710828835250000
33.71,1710828835500000
33.71,1710828835750000
33.73,1710828836000000
33.73,1710828836250000
33.73,1710828836500000
33.73,1710828836750000
33.73,1710828837000000
33.73,1710828837250000
33.73,1710828837500000
33.73,1710828837750000
33.73,1710828838000000
33.73,1710828838250000
33.73,1710828838500000
33.73,1710828838750000
33.73,1710828839000000
33.73,1710828839250000
33.73,1710828839500000
33.73,1710828839750000
33.75,1710828840000000
33.75,1710828840250000
33.75,1710828840500000
33.75,1710828840750000
33.73,1710828841000000
33.73,1710828841250000
33.73,1710828841500000
33.73,1710828841750000
33.73,1710828842000000
33.73,1710828842250000
33.73,1710828842500000
33.73,1710828842750000
33.75,1710828843000000
33.75,1710828843250000
33.75,1710828843500000
33.75,1710828843750000
33.75,1710828844000000
33.75,1710828844250000
33.75,1710828844500000
33.75,1710828844750000
33.75,1710828845000000
33.75,1710828845250000
33.75,1710828845500000
33.75,1710828845750000
33.75,1710828846000000
33.75,1710828846250000
33.75,1710828846500000
33.75,1710828846750000
33.75,1710828847000000
33.75,1710828847250000
33.75,1710828847500000
33.75,1710828847750000
33.75,1710828848000000
33.75,1710828848250000
33.75,1710828848500000
33.75,1710828848750000
33.77,1710828849000000
33.77,1710828849250000
33.77,1710828849500000
33.77,1710828849750000
33.77,1710828850000000
33.77,1710828850250000
33.77,1710828850500000
33.77,1710828850750000
33.75,1710828851000000
33.75,1710828851250000
33.75,1710828851500000
33.75,1710828851750000
33.73,1710828852000000
33.73,1710828852250000
33.73,1710828852500000
33.73,1710828852750000
33.75,1710828853000000
33.75,1710828853250000
33.75,1710828853500000
33.75,1710828853750000
33.73,1710828854000000
33.73,1710828854250000
33.73,1710828854500000
33.73,1710828854750000
33.77,1710828855000000
33.77,1710828855250000
33.77,1710828855500000
33.77,1710828855750000
33.75,1710828856000000
33.75,1710828856250000
33.75,1710828856500000
33.75,1710828856750000
33.77,1710828857000000
33.77,1710828857250000
33.77,1710828857500000
33.77,1710828857750000
33.77,1710828858000000
33.77,1710828858250000
33.77,1710828858500000
33.77,1710828858750000
33.75,1710828859000000
33.75,1710828859250000
33.75,1710828859500000
33.75,1710828859750000
33.77,1710828860000000
33.77,1710828860250000
33.77,1710828860500000
33.77,1710828860750000
33.79,1710828861000000
33.79,1710828861250000
33.79,1710828861500000
33.79,1710828861750000
33.75,1710828862000000
33.75,1710828862250000
33.75,1710828862500000
33.75,1710828862750000
33.77,1710828863000000
33.77,1710828863250000
33.77,1710828863500000
33.77,1710828863750000
33.77,1710828864000000
33.77,1710828864250000
33.77,1710828864500000
33.77,1710828864750000
33.79,1710828865000000
33.79,1710828865250000
33.79,1710828865500000
33.79,1710828865750000
33.77,1710828866000000
33.77,1710828866250000
33.77,1710828866500000
33.77,1710828866750000
33.75,1710828867000000
33.75,1710828867250000
33.75,1710828867500000
33.75,1710828867750000
33.77,1710828868000000
33.77,1710828868250000
33.77,1710828868500000
33.77,1710828868750000
33.77,1710828869000000
33.77,1710828869250000
33.77,1710828869500000
33.77,1710828869750000
33.77,1710828870000000
33.77,1710828870250000
33.77,1710828870500000
33.77,1710828870750000
33.77,1710828871000000
33.77,1710828871250000
33.77,1710828871500000
33.77,1710828871750000
33.77,1710828872000000
33.77,1710828872250000
33.77,1710828872500000
33.77,1710828872750000
33.77,1710828873000000
33.77,1710828873250000
33.77,1710828873500000
33.77,1710828873750000
33.79,1710828874000000
33.79,1710828874250000
33.79,1710828874500000
33.79,1710828874750000
33.79,1710828875000000
33.79,1710828875250000
33.79,1710828875500000
33.79,1710828875750000
33.77,1710828876000000
33.77,1710828876250000
33.77,1710828876500000
33.77,1710828876750000
33.77,1710828877000000
33.77,1710828877250000
33.77,1710828877500000
33.77,1710828877750000
33.77,1710828878000000
33.77,1710828878250000
33.77,1710828878500000
33.77,1710828878750000
33.79,1710828879000000
33.79,1710828879250000
33.79,1710828879500000
33.79,1710828879750000
33.77,1710828880000000
33.77,1710828880250000
33.77,1710828880500000
33.77,1710828880750000
33.79,1710828881000000
33.79,1710828881250000
33.79,1710828881500000
33.79,1710828881750000
33.75,1710828882000000
33.75,1710828882250000
33.75,1710828882500000
33.75,1710828882750000
33.77,1710828883000000
33.77,1710828883250000
33.77,1710828883500000
33.77,1710828883750000
33.77,1710828884000000
33.77,1710828884250000
33.77,1710828884500000
33.77,1710828884750000
33.79,1710828885000000
33.79,1710828885250000
33.79,1710828885500000
33.79,1710828885750000
33.79,1710828886000000
33.79,1710828886250000
33.79,1710828886500000
33.79,1710828886750000
33.79,1710828887000000
33.79,1710828887250000
33.79,1710828887500000
33.79,1710828887750000
33.77,1710828888000000
33.77,1710828888250000
33.77,1710828888500000
33.77,1710828888750000
33.79,1710828889000000
33.79,1710828889250000
33.79,1710828889500000
33.79,1710828889750000
33.83,1710828890000000
33.83,1710828890250000
33.83,1710828890500000
33.83,1710828890750000
33.77,1710828891000000
33.77,1710828891250000
33.77,1710828891500000
33.77,1710828891750000
33.79,1710828892000000
33.79,1710828892250000
33.79,1710828892500000
33.79,1710828892750000
33.79,1710828893000000
33.79,1710828893250000
33.79,1710828893500000
33.79,1710828893750000
33.79,1710828894000000
33.79,1710828894250000
33.79,1710828894500000
33.79,1710828894750000
33.79,1710828895000000
33.79,1710828895250000
33.79,1710828895500000
33.79,1710828895750000
33.81,1710828896000000
33.81,1710828896250000
33.81,1710828896500000
33.81,1710828896750000
33.79,1710828897000000
33.79,1710828897250000
33.79,1710828897500000
33.79,1710828897750000
33.79,1710828898000000
33.79,1710828898250000
33.79,1710828898500000
33.79,1710828898750000
33.81,1710828899000000
33.81,1710828899250000
33.81,1710828899500000
33.81,1710828899750000
33.81,1710828900000000
33.81,1710828900250000
33.81,1710828900500000
33.81,1710828900750000
33.81,1710828901000000
33.81,1710828901250000
33.81,1710828901500000
33.81,1710828901750000
33.81,1710828902000000
33.81,1710828902250000
33.81,1710828902500000
33.81,1710828902750000
33.83,1710828903000000
33.83,1710828903250000
33.83,1710828903500000
33.83,1710828903750000
33.79,1710828904000000
33.79,1710828904250000
33.79,1710828904500000
33.79,1710828904750000
33.79,1710828905000000
33.79,1710828905250000
33.79,1710828905500000
33.79,1710828905750000
33.81,1710828906000000
33.81,1710828906250000
33.81,1710828906500000
33.81,1710828906750000
33.81,1710828907000000
33.81,1710828907250000
33.81,1710828907500000
33.81,1710828907750000
33.81,1710828908000000
33.81,1710828908250000
33.81,1710828908500000
33.81,1710828908750000
33.81,1710828909000000
33.81,1710828909250000
33.81,1710828909500000
33.81,1710828909750000
33.81,1710828910000000
33.81,1710828910250000
33.81,1710828910500000
33.81,1710828910750000
33.83,1710828911000000
33.83,1710828911250000
33.83,1710828911500000
33.83,1710828911750000
33.81,1710828912000000
33.81,1710828912250000
33.81,1710828912500000
33.81,1710828912750000
33.81,1710828913000000
33.81,1710828913250000
33.81,1710828913500000
33.81,1710828913750000
33.83,1710828914000000
33.83,1710828914250000
33.83,1710828914500000
33.83,1710828914750000
33.81,1710828915000000
33.81,1710828915250000
33.81,1710828915500000
33.81,1710828915750000
33.81,1710828916000000
33.81,1710828916250000
33.81,1710828916500000
33.81,1710828916750000
33.81,1710828917000000
33.81,1710828917250000
33.81,1710828917500000
33.81,1710828917750000
33.83,1710828918000000
33.83,1710828918250000
33.83,1710828918500000
33.83,1710828918750000
33.83,1710828919000000
33.83,1710828919250000
33.83,1710828919500000
33.83,1710828919750000
33.83,1710828920000000
33.83,1710828920250000
33.83,1710828920500000
33.83,1710828920750000
33.84,1710828921000000
33.84,1710828921250000
33.84,1710828921500000
33.84,1710828921750000
33.84,1710828922000000
33.84,1710828922250000
33.84,1710828922500000
33.84,1710828922750000
33.83,1710828923000000
33.83,1710828923250000
33.83,1710828923500000
33.83,1710828923750000
33.84,1710828924000000
33.84,1710828924250000
33.84,1710828924500000
33.84,1710828924750000
33.84,1710828925000000
33.84,1710828925250000
33.84,1710828925500000
33.84,1710828925750000
33.84,1710828926000000
33.84,1710828926250000
33.84,1710828926500000
33.84,1710828926750000
33.84,1710828927000000
33.84,1710828927250000
33.84,1710828927500000
33.84,1710828927750000
33.84,1710828928000000
33.84,1710828928250000
33.84,1710828928500000
33.84,1710828928750000
33.81,1710828929000000
33.81,1710828929250000
33.81,1710828929500000
33.81,1710828929750000
33.84,1710828930000000
33.84,1710828930250000
33.84,1710828930500000
33.84,1710828930750000
33.81,1710828931000000
33.81,1710828931250000
33.81,1710828931500000
33.81,1710828931750000
33.84,1710828932000000
33.84,1710828932250000
33.84,1710828932500000
33.84,1710828932750000
33.83,1710828933000000
33.83,1710828933250000
33.83,1710828933500000
33.83,1710828933750000
33.83,1710828934000000
33.83,1710828934250000
33.83,1710828934500000
33.83,1710828934750000
33.84,1710828935000000
33.84,1710828935250000
33.84,1710828935500000
33.84,1710828935750000
33.84,1710828936000000
33.84,1710828936250000
33.84,1710828936500000
33.84,1710828936750000
33.83,1710828937000000
33.83,1710828937250000
33.83,1710828937500000
33.83,1710828937750000
33.83,1710828938000000
33.83,1710828938250000
33.83,1710828938500000
33.83,1710828938750000
33.84,1710828939000000
33.84,1710828939250000
33.84,1710828939500000
33.84,1710828939750000
33.83,1710828940000000
33.83,1710828940250000
33.83,1710828940500000
33.83,1710828940750000
33.83,1710828941000000
33.83,1710828941250000
33.83,1710828941500000
33.83,1710828941750000
33.83,1710828942000000
33.83,1710828942250000
33.83,1710828942500000
33.83,1710828942750000
33.84,1710828943000000
33.84,1710828943250000
33.84,1710828943500000
33.84,1710828943750000
33.83,1710828944000000
33.83,1710828944250000
33.83,1710828944500000
33.83,1710828944750000
33.81,1710828945000000
33.81,1710828945250000
33.81,1710828945500000
33.81,1710828945750000
33.83,1710828946000000
33.83,1710828946250000
33.83,1710828946500000
33.83,1710828946750000
33.83,1710828947000000
33.83,1710828947250000
33.83,1710828947500000
33.83,1710828947750000
33.83,1710828948000000
33.83,1710828948250000
33.83,1710828948500000
33.83,1710828948750000
33.84,1710828949000000
33.84,1710828949250000
33.84,1710828949500000
33.84,1710828949750000
33.84,1710828950000000
33.84,1710828950250000
33.84,1710828950500000
33.84,1710828950750000
33.83,1710828951000000
33.83,1710828951250000
33.83,1710828951500000
33.83,1710828951750000
33.84,1710828952000000
33.84,1710828952250000
33.84,1710828952500000
33.84,1710828952750000
33.84,1710828953000000
33.84,1710828953250000
33.84,1710828953500000
33.84,1710828953750000
33.84,1710828954000000
33.84,1710828954250000
33.84,1710828954500000
33.84,1710828954750000
33.83,1710828955000000
33.83,1710828955250000
33.83,1710828955500000
33.83,1710828955750000
33.83,1710828956000000
33.83,1710828956250000
33.83,1710828956500000
33.83,1710828956750000
33.84,1710828957000000
33.84,1710828957250000
33.84,1710828957500000
33.84,1710828957750000
33.84,1710828958000000
33.84,1710828958250000
33.84,1710828958500000
33.84,1710828958750000
33.87,1710828959000000
33.87,1710828959250000
33.87,1710828959500000
33.87,1710828959750000
33.84,1710828960000000
33.84,1710828960250000
33.84,1710828960500000
33.84,1710828960750000
33.84,1710828961000000
33.84,1710828961250000
33.84,1710828961500000
33.84,1710828961750000
33.84,1710828962000000
33.84,1710828962250000
33.84,1710828962500000
33.84,1710828962750000
33.84,1710828963000000
33.84,1710828963250000
33.84,1710828963500000
33.84,1710828963750000
33.84,1710828964000000
33.84,1710828964250000
33.84,1710828964500000
33.84,1710828964750000
33.84,1710828965000000
33.84,1710828965250000
33.84,1710828965500000
33.84,1710828965750000
33.84,1710828966000000
33.84,1710828966250000
33.84,1710828966500000
33.84,1710828966750000
33.83,1710828967000000
33.83,1710828967250000
33.83,1710828967500000
33.83,1710828967750000
33.84,1710828968000000
33.84,1710828968250000
33.84,1710828968500000
33.84,1710828968750000
33.84,1710828969000000
33.84,1710828969250000
33.84,1710828969500000
33.84,1710828969750000
33.84,1710828970000000
33.84,1710828970250000
33.84,1710828970500000
33.84,1710828970750000
33.84,1710828971000000
33.84,1710828971250000
33.84,1710828971500000
33.84,1710828971750000
33.83,1710828972000000
33.83,1710828972250000
33.83,1710828972500000
33.83,1710828972750000
33.84,1710828973000000
33.84,1710828973250000
33.84,1710828973500000
33.84,1710828973750000
33.84,1710828974000000
33.84,1710828974250000
33.84,1710828974500000
33.84,1710828974750000
33.84,1710828975000000
33.84,1710828975250000
33.84,1710828975500000
33.84,1710828975750000
33.84,1710828976000000
33.84,1710828976250000
33.84,1710828976500000
33.84,1710828976750000
33.84,1710828977000000
33.84,1710828977250000
33.84,1710828977500000
33.84,1710828977750000
33.84,1710828978000000
33.84,1710828978250000
33.84,1710828978500000
33.84,1710828978750000
33.84,1710828979000000
33.84,1710828979250000
33.84,1710828979500000
33.84,1710828979750000
33.84,1710828980000000
33.84,1710828980250000
33.84,1710828980500000
33.84,1710828980750000
33.87,1710828981000000
33.87,1710828981250000
33.87,1710828981500000
33.87,1710828981750000
33.83,1710828982000000
33.83,1710828982250000
33.83,1710828982500000
33.83,1710828982750000
33.87,1710828983000000
33.87,1710828983250000
33.87,1710828983500000
33.87,1710828983750000
33.84,1710828984000000
33.84,1710828984250000
33.84,1710828984500000
33.84,1710828984750000
33.84,1710828985000000
33.84,1710828985250000
33.84,1710828985500000
33.84,1710828985750000
33.83,1710828986000000
33.83,1710828986250000
33.83,1710828986500000
33.83,1710828986750000
33.83,1710828987000000
33.83,1710828987250000
33.83,1710828987500000
33.83,1710828987750000
33.83,1710828988000000
33.83,1710828988250000
33.83,1710828988500000
33.83,1710828988750000
33.87,1710828989000000
33.87,1710828989250000
33.87,1710828989500000
33.87,1710828989750000
33.84,1710828990000000
33.84,1710828990250000
33.84,1710828990500000
33.84,1710828990750000
33.84,1710828991000000
33.84,1710828991250000
33.84,1710828991500000
33.84,1710828991750000
33.84,1710828992000000
33.84,1710828992250000
33.84,1710828992500000
33.84,1710828992750000
33.84,1710828993000000
33.84,1710828993250000
33.84,1710828993500000
33.84,1710828993750000
33.87,1710828994000000
33.87,1710828994250000
33.87,1710828994500000
33.87,1710828994750000
33.83,1710828995000000
33.83,1710828995250000
33.83,1710828995500000
33.83,1710828995750000
33.87,1710828996000000
33.87,1710828996250000
33.87,1710828996500000
33.87,1710828996750000
33.84,1710828997000000
33.84,1710828997250000
33.84,1710828997500000
33.84,1710828997750000
33.84,1710828998000000
33.84,1710828998250000
33.84,1710828998500000
33.84,1710828998750000
33.83,1710828999000000
33.83,1710828999250000
33.83,1710828999500000
33.83,1710828999750000
33.87,1710829000000000
33.87,1710829000250000
33.87,1710829000500000
33.87,1710829000750000
33.84,1710829001000000
33.84,1710829001250000
33.84,1710829001500000
33.84,1710829001750000
33.83,1710829002000000
33.83,1710829002250000
33.83,1710829002500000
33.83,1710829002750000
33.84,1710829003000000
33.84,1710829003250000
33.84,1710829003500000
33.84,1710829003750000
33.83,1710829004000000
33.83,1710829004250000
33.83,1710829004500000
33.83,1710829004750000
33.83,1710829005000000
33.83,1710829005250000
33.83,1710829005500000
33.83,1710829005750000
33.84,1710829006000000
33.84,1710829006250000
33.84,1710829006500000
33.84,1710829006750000
33.84,1710829007000000
33.84,1710829007250000
33.84,1710829007500000
33.84,1710829007750000
33.83,1710829008000000
33.83,1710829008250000
33.83,1710829008500000
33.83,1710829008750000
33.83,1710829009000000
33.83,1710829009250000
33.83,1710829009500000
33.83,1710829009750000
33.84,1710829010000000
33.84,1710829010250000
33.84,1710829010500000
33.84,1710829010750000
33.84,1710829011000000
33.84,1710829011250000
33.84,1710829011500000
33.84,1710829011750000
33.84,1710829012000000
33.84,1710829012250000
33.84,1710829012500000
33.84,1710829012750000
33.87,1710829013000000
33.87,1710829013250000
33.87,1710829013500000
33.87,1710829013750000
33.83,1710829014000000
33.83,1710829014250000
33.83,1710829014500000
33.83,1710829014750000
33.81,1710829015000000
33.81,1710829015250000
33.81,1710829015500000
33.81,1710829015750000
33.83,1710829016000000
33.83,1710829016250000
33.83,1710829016500000
33.83,1710829016750000
33.83,1710829017000000
33.83,1710829017250000
33.83,1710829017500000
33.83,1710829017750000
33.83,1710829018000000
33.83,1710829018250000
33.83,1710829018500000
33.83,1710829018750000
33.83,1710829019000000
33.83,1710829019250000
33.83,1710829019500000
33.83,1710829019750000
33.83,1710829020000000
33.83,1710829020250000
33.83,1710829020500000
33.83,1710829020750000
33.84,1710829021000000
33.84,1710829021250000
33.84,1710829021500000
33.84,1710829021750000
33.84,1710829022000000
33.84,1710829022250000
33.84,1710829022500000
33.84,1710829022750000
33.83,1710829023000000
33.83,1710829023250000
33.83,1710829023500000
33.83,1710829023750000
33.83,1710829024000000
33.83,1710829024250000
33.83,1710829024500000
33.83,1710829024750000
33.83,1710829025000000
33.83,1710829025250000
33.83,1710829025500000
33.83,1710829025750000
33.81,1710829026000000
33.81,1710829026250000
33.81,1710829026500000
33.81,1710829026750000
33.84,1710829027000000
33.84,1710829027250000
33.84,1710829027500000
33.84,1710829027750000
33.83,1710829028000000
33.83,1710829028250000
33.83,1710829028500000
33.83,1710829028750000
33.83,1710829029000000
33.83,1710829029250000
33.83,1710829029500000
33.83,1710829029750000
33.84,1710829030000000
33.84,1710829030250000
33.84,1710829030500000
33.84,1710829030750000
33.81,1710829031000000
33.81,1710829031250000
33.81,1710829031500000
33.81,1710829031750000
33.83,1710829032000000
33.83,1710829032250000
33.83,1710829032500000
33.83,1710829032750000
33.83,1710829033000000
33.83,1710829033250000
33.83,1710829033500000
33.83,1710829033750000
33.81,1710829034000000
33.81,1710829034250000
33.81,1710829034500000
33.81,1710829034750000
33.83,1710829035000000
33.83,1710829035250000
33.83,1710829035500000
33.83,1710829035750000
33.84,1710829036000000
33.84,1710829036250000
33.84,1710829036500000
33.84,1710829036750000
33.81,1710829037000000
33.81,1710829037250000
33.81,1710829037500000
33.81,1710829037750000
33.81,1710829038000000
33.81,1710829038250000
33.81,1710829038500000
33.81,1710829038750000
33.83,1710829039000000
33.83,1710829039250000
33.83,1710829039500000
33.83,1710829039750000
33.83,1710829040000000
33.83,1710829040250000
33.83,1710829040500000
33.83,1710829040750000
33.83,1710829041000000
33.83,1710829041250000
33.83,1710829041500000
33.83,1710829041750000
33.83,1710829042000000
33.83,1710829042250000
33.83,1710829042500000
33.83,1710829042750000
33.83,1710829043000000
33.83,1710829043250000
33.83,1710829043500000
33.83,1710829043750000
33.83,1710829044000000
33.83,1710829044250000
33.83,1710829044500000
33.83,1710829044750000
33.84,1710829045000000
33.84,1710829045250000
33.84,1710829045500000
33.84,1710829045750000
33.81,1710829046000000
33.81,1710829046250000
33.81,1710829046500000
33.81,1710829046750000
33.83,1710829047000000
33.83,1710829047250000
33.83,1710829047500000
33.83,1710829047750000
33.83,1710829048000000
33.83,1710829048250000
33.83,1710829048500000
33.83,1710829048750000
33.81,1710829049000000
33.81,1710829049250000
33.81,1710829049500000
33.81,1710829049750000
33.81,1710829050000000
33.81,1710829050250000
33.81,1710829050500000
33.81,1710829050750000
33.81,1710829051000000
33.81,1710829051250000
33.81,1710829051500000
33.81,1710829051750000
33.83,1710829052000000
33.83,1710829052250000
33.83,1710829052500000
33.83,1710829052750000
33.83,1710829053000000
33.83,1710829053250000
33.83,1710829053500000
33.83,1710829053750000
33.83,1710829054000000
33.83,1710829054250000
33.83,1710829054500000
33.83,1710829054750000
33.83,1710829055000000
33.83,1710829055250000
33.83,1710829055500000
33.83,1710829055750000
33.79,1710829056000000
33.79,1710829056250000
33.79,1710829056500000
33.79,1710829056750000
33.81,1710829057000000
33.81,1710829057250000
33.81,1710829057500000
33.81,1710829057750000
33.83,1710829058000000
33.83,1710829058250000
33.83,1710829058500000
33.83,1710829058750000
33.81,1710829059000000
33.81,1710829059250000
33.81,1710829059500000
33.81,1710829059750000
33.81,1710829060000000
33.81,1710829060250000
33.81,1710829060500000
33.81,1710829060750000
33.79,1710829061000000
33.79,1710829061250000
33.79,1710829061500000
33.79,1710829061750000
33.83,1710829062000000
33.83,1710829062250000
33.83,1710829062500000
33.83,1710829062750000
33.81,1710829063000000
33.81,1710829063250000
33.81,1710829063500000
33.81,1710829063750000
33.81,1710829064000000
33.81,1710829064250000
33.81,1710829064500000
33.81,1710829064750000
33.81,1710829065000000
33.81,1710829065250000
33.81,1710829065500000
33.81,1710829065750000
33.81,1710829066000000
33.81,1710829066250000
33.81,1710829066500000
33.81,1710829066750000
33.79,1710829067000000
33.79,1710829067250000
33.79,1710829067500000
33.79,1710829067750000
33.81,1710829068000000
33.81,1710829068250000
33.81,1710829068500000
33.81,1710829068750000
33.81,1710829069000000
33.81,1710829069250000
33.81,1710829069500000
33.81,1710829069750000
33.79,1710829070000000
33.79,1710829070250000
33.79,1710829070500000
33.79,1710829070750000
33.83,1710829071000000
33.83,1710829071250000
33.83,1710829071500000
33.83,1710829071750000
33.81,1710829072000000
33.81,1710829072250000
33.81,1710829072500000
33.81,1710829072750000
33.79,1710829073000000
33.79,1710829073250000
33.79,1710829073500000
33.79,1710829073750000
33.79,1710829074000000
33.79,1710829074250000
33.79,1710829074500000
33.79,1710829074750000
33.81,1710829075000000
33.81,1710829075250000
33.81,1710829075500000
33.81,1710829075750000
33.79,1710829076000000
33.79,1710829076250000
33.79,1710829076500000
33.79,1710829076750000
33.79,1710829077000000
33.79,1710829077250000
33.79,1710829077500000
33.79,1710829077750000
33.79,1710829078000000
33.79,1710829078250000
33.79,1710829078500000
33.79,1710829078750000
33.81,1710829079000000
33.81,1710829079250000
33.81,1710829079500000
33.81,1710829079750000
33.79,1710829080000000
33.79,1710829080250000
33.79,1710829080500000
33.79,1710829080750000
33.81,1710829081000000
33.81,1710829081250000
33.81,1710829081500000
33.81,1710829081750000
33.77,1710829082000000
33.77,1710829082250000
33.77,1710829082500000
33.77,1710829082750000
33.79,1710829083000000
33.79,1710829083250000
33.79,1710829083500000
33.79,1710829083750000
33.79,1710829084000000
33.79,1710829084250000
33.79,1710829084500000
33.79,1710829084750000
33.79,1710829085000000
33.79,1710829085250000
33.79,1710829085500000
33.79,1710829085750000
33.77,1710829086000000
33.77,1710829086250000
33.77,1710829086500000
33.77,1710829086750000
33.77,1710829087000000
33.77,1710829087250000
33.77,1710829087500000
33.77,1710829087750000
33.79,1710829088000000
33.79,1710829088250000
33.79,1710829088500000
33.79,1710829088750000
33.77,1710829089000000
33.77,1710829089250000
33.77,1710829089500000
33.77,1710829089750000
33.79,1710829090000000
33.79,1710829090250000
33.79,1710829090500000
33.79,1710829090750000
33.79,1710829091000000
33.79,1710829091250000
33.79,1710829091500000
33.79,1710829091750000
33.77,1710829092000000
33.77,1710829092250000
33.77,1710829092500000
33.77,1710829092750000
33.77,1710829093000000
33.77,1710829093250000
33.77,1710829093500000
33.77,1710829093750000
33.77,1710829094000000
33.77,1710829094250000
33.77,1710829094500000
33.77,1710829094750000
33.77,1710829095000000
33.77,1710829095250000
33.77,1710829095500000
33.77,1710829095750000
33.77,1710829096000000
33.77,1710829096250000
33.77,1710829096500000
33.77,1710829096750000
33.77,1710829097000000
33.77,1710829097250000
33.77,1710829097500000
33.77,1710829097750000
33.77,1710829098000000
33.77,1710829098250000
33.77,1710829098500000
33.77,1710829098750000
33.77,1710829099000000
33.77,1710829099250000
33.77,1710829099500000
33.77,1710829099750000
33.75,1710829100000000
33.75,1710829100250000
33.75,1710829100500000
33.75,1710829100750000
33.75,1710829101000000
33.75,1710829101250000
33.75,1710829101500000
33.75,1710829101750000
33.75,1710829102000000
33.75,1710829102250000
33.75,1710829102500000
33.75,1710829102750000
33.75,1710829103000000
33.75,1710829103250000
33.75,1710829103500000
33.75,1710829103750000
33.79,1710829104000000
33.79,1710829104250000
33.79,1710829104500000
33.79,1710829104750000
33.75,1710829105000000
33.75,1710829105250000
33.75,1710829105500000
33.75,1710829105750000
33.77,1710829106000000
33.77,1710829106250000
33.77,1710829106500000
33.77,1710829106750000
33.77,1710829107000000
33.77,1710829107250000
33.77,1710829107500000
33.77,1710829107750000
33.75,1710829108000000
33.75,1710829108250000
33.75,1710829108500000
33.75,1710829108750000
33.77,1710829109000000
33.77,1710829109250000
33.77,1710829109500000
33.77,1710829109750000
33.77,1710829110000000
33.77,1710829110250000
33.77,1710829110500000
33.77,1710829110750000
33.75,1710829111000000
33.75,1710829111250000
33.75,1710829111500000
33.75,1710829111750000
33.75,1710829112000000
33.75,1710829112250000
33.75,1710829112500000
33.75,1710829112750000
33.75,1710829113000000
33.75,1710829113250000
33.75,1710829113500000
33.75,1710829113750000
33.73,1710829114000000
33.73,1710829114250000
33.73,1710829114500000
33.73,1710829114750000
33.75,1710829115000000
33.75,1710829115250000
33.75,1710829115500000
33.75,1710829115750000
33.77,1710829116000000
33.77,1710829116250000
33.77,1710829116500000
33.77,1710829116750000
33.71,1710829117000000
33.71,1710829117250000
33.71,1710829117500000
33.71,1710829117750000
33.73,1710829118000000
33.73,1710829118250000
33.73,1710829118500000
33.73,1710829118750000
33.75,1710829119000000
33.75,1710829119250000
33.75,1710829119500000
33.75,1710829119750000
33.75,1710829120000000
33.75,1710829120250000
33.75,1710829120500000
33.75,1710829120750000
33.73,1710829121000000
33.73,1710829121250000
33.73,1710829121500000
33.73,1710829121750000
33.73,1710829122000000
33.73,1710829122250000
33.73,1710829122500000
33.73,1710829122750000
33.73,1710829123000000
33.73,1710829123250000
33.73,1710829123500000
33.73,1710829123750000
33.73,1710829124000000
33.73,1710829124250000
33.73,1710829124500000
33.73,1710829124750000
33.73,1710829125000000
33.73,1710829125250000
33.73,1710829125500000
33.73,1710829125750000
33.73,1710829126000000
33.73,1710829126250000
33.73,1710829126500000
33.73,1710829126750000
33.73,1710829127000000
33.73,1710829127250000
33.73,1710829127500000
33.73,1710829127750000
33.73,1710829128000000
33.73,1710829128250000
33.73,1710829128500000
33.73,1710829128750000
33.73,1710829129000000
33.73,1710829129250000
33.73,1710829129500000
33.73,1710829129750000
33.71,1710829130000000
33.71,1710829130250000
33.71,1710829130500000
33.71,1710829130750000
33.71,1710829131000000
33.71,1710829131250000
33.71,1710829131500000
33.71,1710829131750000
33.73,1710829132000000
33.73,1710829132250000
33.73,1710829132500000
33.73,1710829132750000
33.75,1710829133000000
33.75,1710829133250000
33.75,1710829133500000
33.75,1710829133750000
33.73,1710829134000000
33.73,1710829134250000
33.73,1710829134500000
33.73,1710829134750000
33.71,1710829135000000
33.71,1710829135250000
33.71,1710829135500000
33.71,1710829135750000
33.71,1710829136000000
33.71,1710829136250000
33.71,1710829136500000
33.71,1710829136750000
33.71,1710829137000000
33.71,1710829137250000
33.71,1710829137500000
33.71,1710829137750000
33.71,1710829138000000
33.71,1710829138250000
33.71,1710829138500000
33.71,1710829138750000
33.71,1710829139000000
33.71,1710829139250000
33.71,1710829139500000
33.71,1710829139750000
33.71,1710829140000000
33.71,1710829140250000
33.71,1710829140500000
33.71,1710829140750000
33.71,1710829141000000
33.71,1710829141250000
33.71,1710829141500000
33.71,1710829141750000
33.71,1710829142000000
33.71,1710829142250000
33.71,1710829142500000
33.71,1710829142750000
33.71,1710829143000000
33.71,1710829143250000
33.71,1710829143500000
33.71,1710829143750000
33.71,1710829144000000
33.71,1710829144250000
33.71,1710829144500000
33.71,1710829144750000
33.73,1710829145000000
33.73,1710829145250000
33.73,1710829145500000
33.73,1710829145750000
33.71,1710829146000000
33.71,1710829146250000
33.71,1710829146500000
33.71,1710829146750000
33.73,1710829147000000
33.73,1710829147250000
33.73,1710829147500000
33.73,1710829147750000
33.71,1710829148000000
33.71,1710829148250000
33.71,1710829148500000
33.71,1710829148750000
33.71,1710829149000000
33.71,1710829149250000
33.71,1710829149500000
33.71,1710829149750000
33.71,1710829150000000
33.71,1710829150250000
33.71,1710829150500000
33.71,1710829150750000
33.71,1710829151000000
33.71,1710829151250000
33.71,1710829151500000
33.71,1710829151750000
33.71,1710829152000000
33.71,1710829152250000
33.71,1710829152500000
33.71,1710829152750000
33.73,1710829153000000
33.73,1710829153250000
33.73,1710829153500000
33.73,1710829153750000
33.71,1710829154000000
33.71,1710829154250000
33.71,1710829154500000
33.71,1710829154750000
33.68,1710829155000000
33.68,1710829155250000
33.68,1710829155500000
33.68,1710829155750000
33.71,1710829156000000
33.71,1710829156250000
33.71,1710829156500000
33.71,1710829156750000
33.71,1710829157000000
33.71,1710829157250000
33.71,1710829157500000
33.71,1710829157750000
33.68,1710829158000000
33.68,1710829158250000
33.68,1710829158500000
33.68,1710829158750000
33.66,1710829159000000
33.66,1710829159250000
33.66,1710829159500000
33.66,1710829159750000
33.68,1710829160000000
33.68,1710829160250000
33.68,1710829160500000
33.68,1710829160750000
33.68,1710829161000000
33.68,1710829161250000
33.68,1710829161500000
33.68,1710829161750000
33.68,1710829162000000
33.68,1710829162250000
33.68,1710829162500000
33.68,1710829162750000
33.68,1710829163000000
33.68,1710829163250000
33.68,1710829163500000
33.68,1710829163750000
33.66,1710829164000000
33.66,1710829164250000
33.66,1710829164500000
33.66,1710829164750000
33.68,1710829165000000
33.68,1710829165250000
33.68,1710829165500000
33.68,1710829165750000
33.71,1710829166000000
33.71,1710829166250000
33.71,1710829166500000
33.71,1710829166750000
33.66,1710829167000000
33.66,1710829167250000
33.66,1710829167500000
33.66,1710829167750000
33.68,1710829168000000
33.68,1710829168250000
33.68,1710829168500000
33.68,1710829168750000
33.68,1710829169000000
33.68,1710829169250000
33.68,1710829169500000
33.68,1710829169750000
33.66,1710829170000000
33.66,1710829170250000
33.66,1710829170500000
33.66,1710829170750000
33.66,1710829171000000
33.66,1710829171250000
33.66,1710829171500000
33.66,1710829171750000
33.71,1710829172000000
33.71,1710829172250000
33.71,1710829172500000
33.71,1710829172750000
33.66,1710829173000000
33.66,1710829173250000
33.66,1710829173500000
33.66,1710829173750000
33.68,1710829174000000
33.68,1710829174250000
33.68,1710829174500000
33.68,1710829174750000
33.68,1710829175000000
33.68,1710829175250000
33.68,1710829175500000
33.68,1710829175750000
33.66,1710829176000000
33.66,1710829176250000
33.66,1710829176500000
33.66,1710829176750000
33.68,1710829177000000
33.68,1710829177250000
33.68,1710829177500000
33.68,1710829177750000
33.66,1710829178000000
33.66,1710829178250000
33.66,1710829178500000
33.66,1710829178750000
33.66,1710829179000000
33.66,1710829179250000
33.66,1710829179500000
33.66,1710829179750000
33.66,1710829180000000
33.66,1710829180250000
33.66,1710829180500000
33.66,1710829180750000
33.68,1710829181000000
33.68,1710829181250000
33.68,1710829181500000
33.68,1710829181750000
33.65,1710829182000000
33.65,1710829182250000
33.65,1710829182500000
33.65,1710829182750000
33.66,1710829183000000
33.66,1710829183250000
33.66,1710829183500000
33.66,1710829183750000
33.66,1710829184000000
33.66,1710829184250000
33.66,1710829184500000
33.66,1710829184750000
33.68,1710829185000000
33.68,1710829185250000
33.68,1710829185500000
33.68,1710829185750000
33.66,1710829186000000
33.66,1710829186250000
33.66,1710829186500000
33.66,1710829186750000
33.66,1710829187000000
33.66,1710829187250000
33.66,1710829187500000
33.66,1710829187750000
33.66,1710829188000000
33.66,1710829188250000
33.66,1710829188500000
33.66,1710829188750000
33.65,1710829189000000
33.65,1710829189250000
33.65,1710829189500000
33.65,1710829189750000
33.66,1710829190000000
33.66,1710829190250000
33.66,1710829190500000
33.66,1710829190750000
33.65,1710829191000000
33.65,1710829191250000
33.65,1710829191500000
33.65,1710829191750000
33.66,1710829192000000
33.66,1710829192250000
33.66,1710829192500000
33.66,1710829192750000
33.66,1710829193000000
33.66,1710829193250000
33.66,1710829193500000
33.66,1710829193750000
33.66,1710829194000000
33.66,1710829194250000
33.66,1710829194500000
33.66,1710829194750000
33.66,1710829195000000
33.66,1710829195250000
33.66,1710829195500000
33.66,1710829195750000
33.66,1710829196000000
33.66,1710829196250000
33.66,1710829196500000
33.66,1710829196750000
33.66,1710829197000000
33.66,1710829197250000
33.66,1710829197500000
33.66,1710829197750000
33.68,1710829198000000
33.68,1710829198250000
33.68,1710829198500000
33.68,1710829198750000
33.68,1710829199000000
33.68,1710829199250000
33.68,1710829199500000
33.68,1710829199750000
33.65,1710829200000000
33.65,1710829200250000
33.65,1710829200500000
33.65,1710829200750000
33.68,1710829201000000
33.68,1710829201250000
33.68,1710829201500000
33.68,1710829201750000
33.65,1710829202000000
33.65,1710829202250000
33.65,1710829202500000
33.65,1710829202750000
33.65,1710829203000000
33.65,1710829203250000
33.65,1710829203500000
33.65,1710829203750000
33.66,1710829204000000
33.66,1710829204250000
33.66,1710829204500000
33.66,1710829204750000
33.66,1710829205000000
33.66,1710829205250000
33.66,1710829205500000
33.66,1710829205750000
33.65,1710829206000000
33.65,1710829206250000
33.65,1710829206500000
33.65,1710829206750000
33.71,1710829207000000
33.71,1710829207250000
33.71,1710829207500000
33.71,1710829207750000
33.68,1710829208000000
33.68,1710829208250000
33.68,1710829208500000
33.68,1710829208750000
33.66,1710829209000000
33.66,1710829209250000
33.66,1710829209500000
33.66,1710829209750000
33.66,1710829210000000
33.66,1710829210250000
33.66,1710829210500000
33.66,1710829210750000
33.66,1710829211000000
33.66,1710829211250000
33.66,1710829211500000
33.66,1710829211750000
33.66,1710829212000000
33.66,1710829212250000
33.66,1710829212500000
33.66,1710829212750000
33.66,1710829213000000
33.66,1710829213250000
33.66,1710829213500000
33.66,1710829213750000
33.66,1710829214000000
33.66,1710829214250000
33.66,1710829214500000
33.66,1710829214750000
33.65,1710829215000000
33.65,1710829215250000
33.65,1710829215500000
33.65,1710829215750000
33.66,1710829216000000
33.66,1710829216250000
33.66,1710829216500000
33.66,1710829216750000
33.65,1710829217000000
33.65,1710829217250000
33.65,1710829217500000
33.65,1710829217750000
33.66,1710829218000000
33.66,1710829218250000
33.66,1710829218500000
33.66,1710829218750000
33.66,1710829219000000
33.66,1710829219250000
33.66,1710829219500000
33.66,1710829219750000
33.65,1710829220000000
33.65,1710829220250000
33.65,1710829220500000
33.65,1710829220750000
33.66,1710829221000000
33.66,1710829221250000
33.66,1710829221500000
33.66,1710829221750000
33.66,1710829222000000
33.66,1710829222250000
33.66,1710829222500000
33.66,1710829222750000
33.65,1710829223000000
33.65,1710829223250000
33.65,1710829223500000
33.65,1710829223750000
33.66,1710829224000000
33.66,1710829224250000
33.66,1710829224500000
33.66,1710829224750000
33.66,1710829225000000
33.66,1710829225250000
33.66,1710829225500000
33.66,1710829225750000
33.66,1710829226000000
33.66,1710829226250000
33.66,1710829226500000
33.66,1710829226750000
33.66,1710829227000000
33.66,1710829227250000
33.66,1710829227500000
33.66,1710829227750000
33.68,1710829228000000
33.68,1710829228250000
33.68,1710829228500000
33.68,1710829228750000
33.68,1710829229000000
33.68,1710829229250000
33.68,1710829229500000
33.68,1710829229750000
33.68,1710829230000000
33.68,1710829230250000
33.68,1710829230500000
33.68,1710829230750000
33.66,1710829231000000
33.66,1710829231250000
33.66,1710829231500000
33.66,1710829231750000
33.66,1710829232000000
33.66,1710829232250000
33.66,1710829232500000
33.66,1710829232750000
33.68,1710829233000000
33.68,1710829233250000
33.68,1710829233500000
33.68,1710829233750000
33.66,1710829234000000
33.66,1710829234250000
33.66,1710829234500000
33.66,1710829234750000
33.68,1710829235000000
33.68,1710829235250000
33.68,1710829235500000
33.68,1710829235750000
33.66,1710829236000000
33.66,1710829236250000
33.66,1710829236500000
33.66,1710829236750000
33.68,1710829237000000
33.68,1710829237250000
33.68,1710829237500000
33.68,1710829237750000
33.68,1710829238000000
33.68,1710829238250000
33.68,1710829238500000
33.68,1710829238750000
33.68,1710829239000000
33.68,1710829239250000
33.68,1710829239500000
33.68,1710829239750000
33.68,1710829240000000
33.68,1710829240250000
33.68,1710829240500000
33.68,1710829240750000
33.66,1710829241000000
33.66,1710829241250000
33.66,1710829241500000
33.66,1710829241750000
33.71,1710829242000000
33.71,1710829242250000
33.71,1710829242500000
33.71,1710829242750000
33.68,1710829243000000
33.68,1710829243250000
33.68,1710829243500000
33.68,1710829243750000
33.66,1710829244000000
33.66,1710829244250000
33.66,1710829244500000
33.66,1710829244750000
33.68,1710829245000000
33.68,1710829245250000
33.68,1710829245500000
33.68,1710829245750000
33.68,1710829246000000
33.68,1710829246250000
33.68,1710829246500000
33.68,1710829246750000
33.71,1710829247000000
33.71,1710829247250000
33.71,1710829247500000
33.71,1710829247750000
33.68,1710829248000000
33.68,1710829248250000
33.68,1710829248500000
33.68,1710829248750000
33.68,1710829249000000
33.68,1710829249250000
33.68,1710829249500000
33.68,1710829249750000
33.68,1710829250000000
33.68,1710829250250000
33.68,1710829250500000
33.68,1710829250750000
33.68,1710829251000000
33.68,1710829251250000
33.68,1710829251500000
33.68,1710829251750000
33.71,1710829252000000
33.71,1710829252250000
33.71,1710829252500000
33.71,1710829252750000
33.68,1710829253000000
33.68,1710829253250000
33.68,1710829253500000
33.68,1710829253750000
33.66,1710829254000000
33.66,1710829254250000
33.66,1710829254500000
33.66,1710829254750000
33.71,1710829255000000
33.71,1710829255250000
33.71,1710829255500000
33.71,1710829255750000
33.68,1710829256000000
33.68,1710829256250000
33.68,1710829256500000
33.68,1710829256750000
33.68,1710829257000000
33.68,1710829257250000
33.68,1710829257500000
33.68,1710829257750000
33.71,1710829258000000
33.71,1710829258250000
33.71,1710829258500000
33.71,1710829258750000
33.68,1710829259000000
33.68,1710829259250000
33.68,1710829259500000
33.68,1710829259750000
33.66,1710829260000000
33.66,1710829260250000
33.66,1710829260500000
33.66,1710829260750000
33.68,1710829261000000
33.68,1710829261250000
33.68,1710829261500000
33.68,1710829261750000
33.68,1710829262000000
33.68,1710829262250000
33.68,1710829262500000
33.68,1710829262750000
33.66,1710829263000000
33.66,1710829263250000
33.66,1710829263500000
33.66,1710829263750000
33.68,1710829264000000
33.68,1710829264250000
33.68,1710829264500000
33.68,1710829264750000
33.68,1710829265000000
33.68,1710829265250000
33.68,1710829265500000
33.68,1710829265750000
33.68,1710829266000000
33.68,1710829266250000
33.68,1710829266500000
33.68,1710829266750000
33.66,1710829267000000
33.66,1710829267250000
33.66,1710829267500000
33.66,1710829267750000
33.66,1710829268000000
33.66,1710829268250000
33.66,1710829268500000
33.66,1710829268750000
33.68,1710829269000000
33.68,1710829269250000
33.68,1710829269500000
33.68,1710829269750000
33.68,1710829270000000
33.68,1710829270250000
33.68,1710829270500000
33.68,1710829270750000
33.68,1710829271000000
33.68,1710829271250000
33.68,1710829271500000
33.68,1710829271750000
33.68,1710829272000000
33.68,1710829272250000
33.68,1710829272500000
33.68,1710829272750000
33.73,1710829273000000
33.73,1710829273250000
33.73,1710829273500000
33.73,1710829273750000
33.68,1710829274000000
33.68,1710829274250000
33.68,1710829274500000
33.68,1710829274750000
33.68,1710829275000000
33.68,1710829275250000
33.68,1710829275500000
33.68,1710829275750000
33.68,1710829276000000
33.68,1710829276250000
33.68,1710829276500000
33.68,1710829276750000
33.73,1710829277000000
33.73,1710829277250000
33.73,1710829277500000
33.73,1710829277750000
33.71,1710829278000000
33.71,1710829278250000
33.71,1710829278500000
33.71,1710829278750000
33.71,1710829279000000
33.71,1710829279250000
33.71,1710829279500000
33.71,1710829279750000
33.71,1710829280000000
33.71,1710829280250000
33.71,1710829280500000
33.71,1710829280750000
33.68,1710829281000000
33.68,1710829281250000
33.68,1710829281500000
33.68,1710829281750000
33.68,1710829282000000
33.68,1710829282250000
33.68,1710829282500000
33.68,1710829282750000
33.71,1710829283000000
33.71,1710829283250000
33.71,1710829283500000
33.71,1710829283750000
33.68,1710829284000000
33.68,1710829284250000
33.68,1710829284500000
33.68,1710829284750000
33.71,1710829285000000
33.71,1710829285250000
33.71,1710829285500000
33.71,1710829285750000
33.68,1710829286000000
33.68,1710829286250000
33.68,1710829286500000
33.68,1710829286750000
33.68,1710829287000000
33.68,1710829287250000
33.68,1710829287500000
33.68,1710829287750000
33.71,1710829288000000
33.71,1710829288250000
33.71,1710829288500000
33.71,1710829288750000
33.73,1710829289000000
33.73,1710829289250000
33.73,1710829289500000
33.73,1710829289750000
33.68,1710829290000000
33.68,1710829290250000
33.68,1710829290500000
33.68,1710829290750000
33.68,1710829291000000
33.68,1710829291250000
33.68,1710829291500000
33.68,1710829291750000
33.68,1710829292000000
33.68,1710829292250000
33.68,1710829292500000
33.68,1710829292750000
33.71,1710829293000000
33.71,1710829293250000
33.71,1710829293500000
33.71,1710829293750000
33.68,1710829294000000
33.68,1710829294250000
33.68,1710829294500000
33.68,1710829294750000
33.68,1710829295000000
33.68,1710829295250000
33.68,1710829295500000
33.68,1710829295750000
33.71,1710829296000000
33.71,1710829296250000
33.71,1710829296500000
33.71,1710829296750000
33.71,1710829297000000
33.71,1710829297250000
33.71,1710829297500000
33.71,1710829297750000
33.71,1710829298000000
33.71,1710829298250000
33.71,1710829298500000
33.71,1710829298750000
33.71,1710829299000000
33.71,1710829299250000
33.71,1710829299500000
33.71,1710829299750000
33.71,1710829300000000
33.71,1710829300250000
33.71,1710829300500000
33.71,1710829300750000
33.71,1710829301000000
33.71,1710829301250000
33.71,1710829301500000
33.71,1710829301750000
33.71,1710829302000000
33.71,1710829302250000
33.71,1710829302500000
33.71,1710829302750000
33.68,1710829303000000
33.68,1710829303250000
33.68,1710829303500000
33.68,1710829303750000
33.71,1710829304000000
33.71,1710829304250000
33.71,1710829304500000
33.71,1710829304750000
33.66,1710829305000000
33.66,1710829305250000
33.66,1710829305500000
33.66,1710829305750000
33.71,1710829306000000
33.71,1710829306250000
33.71,1710829306500000
33.71,1710829306750000
33.71,1710829307000000
33.71,1710829307250000
33.71,1710829307500000
33.71,1710829307750000
33.71,1710829308000000
33.71,1710829308250000
33.71,1710829308500000
33.71,1710829308750000
33.68,1710829309000000
33.68,1710829309250000
33.68,1710829309500000
33.68,1710829309750000
33.68,1710829310000000
33.68,1710829310250000
33.68,1710829310500000
33.68,1710829310750000
33.68,1710829311000000
33.68,1710829311250000
33.68,1710829311500000
33.68,1710829311750000
33.68,1710829312000000
33.68,1710829312250000
33.68,1710829312500000
33.68,1710829312750000
33.68,1710829313000000
33.68,1710829313250000
33.68,1710829313500000
33.68,1710829313750000
33.68,1710829314000000
33.68,1710829314250000
33.68,1710829314500000
33.68,1710829314750000
33.71,1710829315000000
33.71,1710829315250000
33.71,1710829315500000
33.71,1710829315750000
33.68,1710829316000000
33.68,1710829316250000
33.68,1710829316500000
33.68,1710829316750000
33.68,1710829317000000
33.68,1710829317250000
33.68,1710829317500000
33.68,1710829317750000
33.71,1710829318000000
33.71,1710829318250000
33.71,1710829318500000
33.71,1710829318750000
33.71,1710829319000000
33.71,1710829319250000
33.71,1710829319500000
33.71,1710829319750000
33.68,1710829320000000
33.68,1710829320250000
33.68,1710829320500000
33.68,1710829320750000
33.71,1710829321000000
33.71,1710829321250000
33.71,1710829321500000
33.71,1710829321750000
33.71,1710829322000000
33.71,1710829322250000
33.71,1710829322500000
33.71,1710829322750000
33.71,1710829323000000
33.71,1710829323250000
33.71,1710829323500000
33.71,1710829323750000
33.71,1710829324000000
33.71,1710829324250000
33.71,1710829324500000
33.71,1710829324750000
33.68,1710829325000000
33.68,1710829325250000
33.68,1710829325500000
33.68,1710829325750000
33.68,1710829326000000
33.68,1710829326250000
33.68,1710829326500000
33.68,1710829326750000
33.68,1710829327000000
33.68,1710829327250000
33.68,1710829327500000
33.68,1710829327750000
33.71,1710829328000000
33.71,1710829328250000
33.71,1710829328500000
33.71,1710829328750000
33.71,1710829329000000
33.71,1710829329250000
33.71,1710829329500000
33.71,1710829329750000
33.71,1710829330000000
33.71,1710829330250000
33.71,1710829330500000
33.71,1710829330750000
33.68,1710829331000000
33.68,1710829331250000
33.68,1710829331500000
33.68,1710829331750000
33.68,1710829332000000
33.68,1710829332250000
33.68,1710829332500000
33.68,1710829332750000
33.71,1710829333000000
33.71,1710829333250000
33.71,1710829333500000
33.71,1710829333750000
33.71,1710829334000000
33.71,1710829334250000
33.71,1710829334500000
33.71,1710829334750000
33.66,1710829335000000
33.66,1710829335250000
33.66,1710829335500000
33.66,1710829335750000
33.71,1710829336000000
33.71,1710829336250000
33.71,1710829336500000
33.71,1710829336750000
33.68,1710829337000000
33.68,1710829337250000
33.68,1710829337500000
33.68,1710829337750000
33.73,1710829338000000
33.73,1710829338250000
33.73,1710829338500000
33.73,1710829338750000
33.71,1710829339000000
33.71,1710829339250000
33.71,1710829339500000
33.71,1710829339750000
33.71,1710829340000000
33.71,1710829340250000
33.71,1710829340500000
33.71,1710829340750000
33.73,1710829341000000
33.73,1710829341250000
33.73,1710829341500000
33.73,1710829341750000
33.68,1710829342000000
33.68,1710829342250000
33.68,1710829342500000
33.68,1710829342750000
33.68,1710829343000000
33.68,1710829343250000
33.68,1710829343500000
33.68,1710829343750000
33.71,1710829344000000
33.71,1710829344250000
33.71,1710829344500000
33.71,1710829344750000
33.71,1710829345000000
33.71,1710829345250000
33.71,1710829345500000
33.71,1710829345750000
33.68,1710829346000000
33.68,1710829346250000
33.68,1710829346500000
33.68,1710829346750000
33.68,1710829347000000
33.68,1710829347250000
33.68,1710829347500000
33.68,1710829347750000
33.71,1710829348000000
33.71,1710829348250000
33.71,1710829348500000
33.71,1710829348750000
33.66,1710829349000000
33.66,1710829349250000
33.66,1710829349500000
33.66,1710829349750000
33.68,1710829350000000
33.68,1710829350250000
33.68,1710829350500000
33.68,1710829350750000
33.68,1710829351000000
33.68,1710829351250000
33.68,1710829351500000
33.68,1710829351750000
33.71,1710829352000000
33.71,1710829352250000
33.71,1710829352500000
33.71,1710829352750000
33.68,1710829353000000
33.68,1710829353250000
33.68,1710829353500000
33.68,1710829353750000
33.71,1710829354000000
33.71,1710829354250000
33.71,1710829354500000
33.71,1710829354750000
33.68,1710829355000000
33.68,1710829355250000
33.68,1710829355500000
33.68,1710829355750000
33.68,1710829356000000
33.68,1710829356250000
33.68,1710829356500000
33.68,1710829356750000
33.66,1710829357000000
33.66,1710829357250000
33.66,1710829357500000
33.66,1710829357750000
33.68,1710829358000000
33.68,1710829358250000
33.68,1710829358500000
33.68,1710829358750000
33.66,1710829359000000
33.66,1710829359250000
33.66,1710829359500000
33.66,1710829359750000
33.66,1710829360000000
33.66,1710829360250000
33.66,1710829360500000
33.66,1710829360750000
33.68,1710829361000000
33.68,1710829361250000
33.68,1710829361500000
33.68,1710829361750000
33.68,1710829362000000
33.68,1710829362250000
33.68,1710829362500000
33.68,1710829362750000
33.68,1710829363000000
33.68,1710829363250000
33.68,1710829363500000
33.68,1710829363750000
33.71,1710829364000000
33.71,1710829364250000
33.71,1710829364500000
33.71,1710829364750000
33.68,1710829365000000
33.68,1710829365250000
33.68,1710829365500000
33.68,1710829365750000
33.68,1710829366000000
33.68,1710829366250000
33.68,1710829366500000
33.68,1710829366750000
33.68,1710829367000000
33.68,1710829367250000
33.68,1710829367500000
33.68,1710829367750000
33.68,1710829368000000
33.68,1710829368250000
33.68,1710829368500000
33.68,1710829368750000
33.71,1710829369000000
33.71,1710829369250000
33.71,1710829369500000
33.71,1710829369750000
33.66,1710829370000000
33.66,1710829370250000
33.66,1710829370500000
33.66,1710829370750000
33.66,1710829371000000
33.66,1710829371250000
33.66,1710829371500000
33.66,1710829371750000
33.68,1710829372000000
33.68,1710829372250000
33.68,1710829372500000
33.68,1710829372750000
33.68,1710829373000000
33.68,1710829373250000
33.68,1710829373500000
33.68,1710829373750000
33.68,1710829374000000
33.68,1710829374250000
33.68,1710829374500000
33.68,1710829374750000
33.71,1710829375000000
33.71,1710829375250000
33.71,1710829375500000
33.71,1710829375750000
33.66,1710829376000000
33.66,1710829376250000
33.66,1710829376500000
33.66,1710829376750000
33.68,1710829377000000
33.68,1710829377250000
33.68,1710829377500000
33.68,1710829377750000
33.71,1710829378000000
33.71,1710829378250000
33.71,1710829378500000
33.71,1710829378750000
33.68,1710829379000000
33.68,1710829379250000
33.68,1710829379500000
33.68,1710829379750000
33.73,1710829380000000
33.73,1710829380250000
33.73,1710829380500000
33.73,1710829380750000
33.71,1710829381000000
33.71,1710829381250000
33.71,1710829381500000
33.71,1710829381750000
33.68,1710829382000000
33.68,1710829382250000
33.68,1710829382500000
33.68,1710829382750000
33.68,1710829383000000
33.68,1710829383250000
33.68,1710829383500000
33.68,1710829383750000
33.71,1710829384000000
33.71,1710829384250000
33.71,1710829384500000
33.71,1710829384750000
33.68,1710829385000000
33.68,1710829385250000
33.68,1710829385500000
33.68,1710829385750000
33.68,1710829386000000
33.68,1710829386250000
33.68,1710829386500000
33.68,1710829386750000
33.68,1710829387000000
33.68,1710829387250000
33.68,1710829387500000
33.68,1710829387750000
33.68,1710829388000000
33.68,1710829388250000
33.68,1710829388500000
33.68,1710829388750000
33.68,1710829389000000
33.68,1710829389250000
33.68,1710829389500000
33.68,1710829389750000
33.71,1710829390000000
33.71,1710829390250000
33.71,1710829390500000
33.71,1710829390750000
33.66,1710829391000000
33.66,1710829391250000
33.66,1710829391500000
33.66,1710829391750000
33.68,1710829392000000
33.68,1710829392250000
33.68,1710829392500000
33.68,1710829392750000
33.71,1710829393000000
33.71,1710829393250000
33.71,1710829393500000
33.71,1710829393750000
33.66,1710829394000000
33.66,1710829394250000
33.66,1710829394500000
33.66,1710829394750000
33.68,1710829395000000
33.68,1710829395250000
33.68,1710829395500000
33.68,1710829395750000
33.66,1710829396000000
33.66,1710829396250000
33.66,1710829396500000
33.66,1710829396750000
33.66,1710829397000000
33.66,1710829397250000
33.66,1710829397500000
33.66,1710829397750000
33.68,1710829398000000
33.68,1710829398250000
33.68,1710829398500000
33.68,1710829398750000
33.66,1710829399000000
33.66,1710829399250000
33.66,1710829399500000
33.66,1710829399750000
33.68,1710829400000000
33.68,1710829400250000
33.68,1710829400500000
33.68,1710829400750000
33.66,1710829401000000
33.66,1710829401250000
33.66,1710829401500000
33.66,1710829401750000
33.66,1710829402000000
33.66,1710829402250000
33.66,1710829402500000
33.66,1710829402750000
33.68,1710829403000000
33.68,1710829403250000
33.68,1710829403500000
33.68,1710829403750000
33.66,1710829404000000
33.66,1710829404250000
33.66,1710829404500000
33.66,1710829404750000
33.68,1710829405000000
33.68,1710829405250000
33.68,1710829405500000
33.68,1710829405750000
33.66,1710829406000000
33.66,1710829406250000
33.66,1710829406500000
33.66,1710829406750000
33.66,1710829407000000
33.66,1710829407250000
33.66,1710829407500000
33.66,1710829407750000
33.68,1710829408000000
33.68,1710829408250000
33.68,1710829408500000
33.68,1710829408750000
33.66,1710829409000000
33.66,1710829409250000
33.66,1710829409500000
33.66,1710829409750000
33.66,1710829410000000
33.66,1710829410250000
33.66,1710829410500000
33.66,1710829410750000
33.66,1710829411000000
33.66,1710829411250000
33.66,1710829411500000
33.66,1710829411750000
33.66,1710829412000000
33.66,1710829412250000
33.66,1710829412500000
33.66,1710829412750000
33.66,1710829413000000
33.66,1710829413250000
33.66,1710829413500000
33.66,1710829413750000
33.66,1710829414000000
33.66,1710829414250000
33.66,1710829414500000
33.66,1710829414750000
33.65,1710829415000000
33.65,1710829415250000
33.65,1710829415500000
33.65,1710829415750000
33.66,1710829416000000
33.66,1710829416250000
33.66,1710829416500000
33.66,1710829416750000
33.65,1710829417000000
33.65,1710829417250000
33.65,1710829417500000
33.65,1710829417750000
33.66,1710829418000000
33.66,1710829418250000
33.66,1710829418500000
33.66,1710829418750000
33.65,1710829419000000
33.65,1710829419250000
33.65,1710829419500000
33.65,1710829419750000
33.65,1710829420000000
33.65,1710829420250000
33.65,1710829420500000
33.65,1710829420750000
33.65,1710829421000000
33.65,1710829421250000
33.65,1710829421500000
33.65,1710829421750000
33.65,1710829422000000
33.65,1710829422250000
33.65,1710829422500000
33.65,1710829422750000
33.65,1710829423000000
33.65,1710829423250000
33.65,1710829423500000
33.65,1710829423750000
33.66,1710829424000000
33.66,1710829424250000
33.66,1710829424500000
33.66,1710829424750000
33.68,1710829425000000
33.68,1710829425250000
33.68,1710829425500000
33.68,1710829425750000
33.66,1710829426000000
33.66,1710829426250000
33.66,1710829426500000
33.66,1710829426750000
33.65,1710829427000000
33.65,1710829427250000
33.65,1710829427500000
33.65,1710829427750000
33.66,1710829428000000
33.66,1710829428250000
33.66,1710829428500000
33.66,1710829428750000
33.65,1710829429000000
33.65,1710829429250000
33.65,1710829429500000
33.65,1710829429750000
33.66,1710829430000000
33.66,1710829430250000
33.66,1710829430500000
33.66,1710829430750000
33.65,1710829431000000
33.65,1710829431250000
33.65,1710829431500000
33.65,1710829431750000
33.65,1710829432000000
33.65,1710829432250000
33.65,1710829432500000
33.65,1710829432750000
33.66,1710829433000000
33.66,1710829433250000
33.66,1710829433500000
33.66,1710829433750000
33.68,1710829434000000
33.68,1710829434250000
33.68,1710829434500000
33.68,1710829434750000
33.65,1710829435000000
33.65,1710829435250000
33.65,1710829435500000
33.65,1710829435750000
33.65,1710829436000000
33.65,1710829436250000
33.65,1710829436500000
33.65,1710829436750000
33.65,1710829437000000
33.65,1710829437250000
33.65,1710829437500000
33.65,1710829437750000
33.65,1710829438000000
33.65,1710829438250000
33.65,1710829438500000
33.65,1710829438750000
33.66,1710829439000000
33.66,1710829439250000
33.66,1710829439500000
33.66,1710829439750000
33.65,1710829440000000
33.65,1710829440250000
33.65,1710829440500000
33.65,1710829440750000
33.63,1710829441000000
33.63,1710829441250000
33.63,1710829441500000
33.63,1710829441750000
33.63,1710829442000000
33.63,1710829442250000
33.63,1710829442500000
33.63,1710829442750000
33.65,1710829443000000
33.65,1710829443250000
33.65,1710829443500000
33.65,1710829443750000
33.66,1710829444000000
33.66,1710829444250000
33.66,1710829444500000
33.66,1710829444750000
33.66,1710829445000000
33.66,1710829445250000
33.66,1710829445500000
33.66,1710829445750000
33.65,1710829446000000
33.65,1710829446250000
33.65,1710829446500000
33.65,1710829446750000
33.66,1710829447000000
33.66,1710829447250000
33.66,1710829447500000
33.66,1710829447750000
33.65,1710829448000000
33.65,1710829448250000
33.65,1710829448500000
33.65,1710829448750000
33.63,1710829449000000
33.63,1710829449250000
33.63,1710829449500000
33.63,1710829449750000
33.65,1710829450000000
33.65,1710829450250000
33.65,1710829450500000
33.65,1710829450750000
33.65,1710829451000000
33.65,1710829451250000
33.65,1710829451500000
33.65,1710829451750000
33.66,1710829452000000
33.66,1710829452250000
33.66,1710829452500000
33.66,1710829452750000
33.63,1710829453000000
33.63,1710829453250000
33.63,1710829453500000
33.63,1710829453750000
33.66,1710829454000000
33.66,1710829454250000
33.66,1710829454500000
33.66,1710829454750000
33.65,1710829455000000
33.65,1710829455250000
33.65,1710829455500000
33.65,1710829455750000
33.65,1710829456000000
33.65,1710829456250000
33.65,1710829456500000
33.65,1710829456750000
33.65,1710829457000000
33.65,1710829457250000
33.65,1710829457500000
33.65,1710829457750000
33.65,1710829458000000
33.65,1710829458250000
33.65,1710829458500000
33.65,1710829458750000
33.65,1710829459000000
33.65,1710829459250000
33.65,1710829459500000
33.65,1710829459750000
33.65,1710829460000000
33.65,1710829460250000
33.65,1710829460500000
33.65,1710829460750000
33.65,1710829461000000
33.65,1710829461250000
33.65,1710829461500000
33.65,1710829461750000
33.65,1710829462000000
33.65,1710829462250000
33.65,1710829462500000
33.65,1710829462750000
33.63,1710829463000000
33.63,1710829463250000
33.63,1710829463500000
33.63,1710829463750000
33.65,1710829464000000
33.65,1710829464250000
33.65,1710829464500000
33.65,1710829464750000
33.66,1710829465000000
33.66,1710829465250000
33.66,1710829465500000
33.66,1710829465750000
33.65,1710829466000000
33.65,1710829466250000
33.65,1710829466500000
33.65,1710829466750000
33.65,1710829467000000
33.65,1710829467250000
33.65,1710829467500000
33.65,1710829467750000
33.63,1710829468000000
33.63,1710829468250000
33.63,1710829468500000
33.63,1710829468750000
33.63,1710829469000000
33.63,1710829469250000
33.63,1710829469500000
33.63,1710829469750000
33.63,1710829470000000
33.63,1710829470250000
33.63,1710829470500000
33.63,1710829470750000
33.61,1710829471000000
33.61,1710829471250000
33.61,1710829471500000
33.61,1710829471750000
33.63,1710829472000000
33.63,1710829472250000
33.63,1710829472500000
33.63,1710829472750000
33.63,1710829473000000
33.63,1710829473250000
33.63,1710829473500000
33.63,1710829473750000
33.63,1710829474000000
33.63,1710829474250000
33.63,1710829474500000
33.63,1710829474750000
33.63,1710829475000000
33.63,1710829475250000
33.63,1710829475500000
33.63,1710829475750000
33.65,1710829476000000
33.65,1710829476250000
33.65,1710829476500000
33.65,1710829476750000
33.61,1710829477000000
33.61,1710829477250000
33.61,1710829477500000
33.61,1710829477750000
33.61,1710829478000000
33.61,1710829478250000
33.61,1710829478500000
33.61,1710829478750000
33.61,1710829479000000
33.61,1710829479250000
33.61,1710829479500000
33.61,1710829479750000
33.61,1710829480000000
33.61,1710829480250000
33.61,1710829480500000
33.61,1710829480750000
33.63,1710829481000000
33.63,1710829481250000
33.63,1710829481500000
33.63,1710829481750000
33.61,1710829482000000
33.61,1710829482250000
33.61,1710829482500000
33.61,1710829482750000
33.63,1710829483000000
33.63,1710829483250000
33.63,1710829483500000
33.63,1710829483750000
33.61,1710829484000000
33.61,1710829484250000
33.61,1710829484500000
33.61,1710829484750000
33.61,1710829485000000
33.61,1710829485250000
33.61,1710829485500000
33.61,1710829485750000
33.61,1710829486000000
33.61,1710829486250000
33.61,1710829486500000
33.61,1710829486750000
33.61,1710829487000000
33.61,1710829487250000
33.61,1710829487500000
33.61,1710829487750000
33.61,1710829488000000
33.61,1710829488250000
33.61,1710829488500000
33.61,1710829488750000
33.59,1710829489000000
33.59,1710829489250000
33.59,1710829489500000
33.59,1710829489750000
33.61,1710829490000000
33.61,1710829490250000
33.61,1710829490500000
33.61,1710829490750000
33.61,1710829491000000
33.61,1710829491250000
33.61,1710829491500000
33.61,1710829491750000
33.59,1710829492000000
33.59,1710829492250000
33.59,1710829492500000
33.59,1710829492750000
33.61,1710829493000000
33.61,1710829493250000
33.61,1710829493500000
33.61,1710829493750000
33.59,1710829494000000
33.59,1710829494250000
33.59,1710829494500000
33.59,1710829494750000
33.57,1710829495000000
33.57,1710829495250000
33.57,1710829495500000
33.57,1710829495750000
33.59,1710829496000000
33.59,1710829496250000
33.59,1710829496500000
33.59,1710829496750000
33.61,1710829497000000
33.61,1710829497250000
33.61,1710829497500000
33.61,1710829497750000
33.59,1710829498000000
33.59,1710829498250000
33.59,1710829498500000
33.59,1710829498750000
33.61,1710829499000000
33.61,1710829499250000
33.61,1710829499500000
33.61,1710829499750000
33.59,1710829500000000
33.59,1710829500250000
33.59,1710829500500000
33.59,1710829500750000
33.59,1710829501000000
33.59,1710829501250000
33.59,1710829501500000
33.59,1710829501750000
33.59,1710829502000000
33.59,1710829502250000
33.59,1710829502500000
33.59,1710829502750000
33.59,1710829503000000
33.59,1710829503250000
33.59,1710829503500000
33.59,1710829503750000
33.57,1710829504000000
33.57,1710829504250000
33.57,1710829504500000
33.57,1710829504750000
33.59,1710829505000000
33.59,1710829505250000
33.59,1710829505500000
33.59,1710829505750000
33.57,1710829506000000
33.57,1710829506250000
33.57,1710829506500000
33.57,1710829506750000
33.59,1710829507000000
33.59,1710829507250000
33.59,1710829507500000
33.59,1710829507750000
33.59,1710829508000000
33.59,1710829508250000
33.59,1710829508500000
33.59,1710829508750000
33.59,1710829509000000
33.59,1710829509250000
33.59,1710829509500000
33.59,1710829509750000
33.57,1710829510000000
33.57,1710829510250000
33.57,1710829510500000
33.57,1710829510750000
33.59,1710829511000000
33.59,1710829511250000
33.59,1710829511500000
33.59,1710829511750000
33.57,1710829512000000
33.57,1710829512250000
33.57,1710829512500000
33.57,1710829512750000
33.57,1710829513000000
33.57,1710829513250000
33.57,1710829513500000
33.57,1710829513750000
33.57,1710829514000000
33.57,1710829514250000
33.57,1710829514500000
33.57,1710829514750000
33.57,1710829515000000
33.57,1710829515250000
33.57,1710829515500000
33.57,1710829515750000
33.57,1710829516000000
33.57,1710829516250000
33.57,1710829516500000
33.57,1710829516750000
33.55,1710829517000000
33.55,1710829517250000
33.55,1710829517500000
33.55,1710829517750000
33.57,1710829518000000
33.57,1710829518250000
33.57,1710829518500000
33.57,1710829518750000
33.57,1710829519000000
33.57,1710829519250000
33.57,1710829519500000
33.57,1710829519750000
33.57,1710829520000000
33.57,1710829520250000
33.57,1710829520500000
33.57,1710829520750000
33.53,1710829521000000
33.53,1710829521250000
33.53,1710829521500000
33.53,1710829521750000
33.57,1710829522000000
33.57,1710829522250000
33.57,1710829522500000
33.57,1710829522750000
33.57,1710829523000000
33.57,1710829523250000
33.57,1710829523500000
33.57,1710829523750000
33.55,1710829524000000
33.55,1710829524250000
33.55,1710829524500000
33.55,1710829524750000
33.57,1710829525000000
33.57,1710829525250000
33.57,1710829525500000
33.57,1710829525750000
33.57,1710829526000000
33.57,1710829526250000
33.57,1710829526500000
33.57,1710829526750000
33.55,1710829527000000
33.55,1710829527250000
33.55,1710829527500000
33.55,1710829527750000
33.55,1710829528000000
33.55,1710829528250000
33.55,1710829528500000
33.55,1710829528750000
33.57,1710829529000000
33.57,1710829529250000
33.57,1710829529500000
33.57,1710829529750000
33.57,1710829530000000
33.57,1710829530250000
33.57,1710829530500000
33.57,1710829530750000
33.55,1710829531000000
33.55,1710829531250000
33.55,1710829531500000
33.55,1710829531750000
33.55,1710829532000000
33.55,1710829532250000
33.55,1710829532500000
33.55,1710829532750000
33.57,1710829533000000
33.57,1710829533250000
33.57,1710829533500000
33.57,1710829533750000
33.57,1710829534000000
33.57,1710829534250000
33.57,1710829534500000
33.57,1710829534750000
33.57,1710829535000000
33.57,1710829535250000
33.57,1710829535500000
33.57,1710829535750000
33.57,1710829536000000
33.57,1710829536250000
33.57,1710829536500000
33.57,1710829536750000
33.57,1710829537000000
33.57,1710829537250000
33.57,1710829537500000
33.57,1710829537750000
33.55,1710829538000000
33.55,1710829538250000
33.55,1710829538500000
33.55,1710829538750000
33.55,1710829539000000
33.55,1710829539250000
33.55,1710829539500000
33.55,1710829539750000
33.55,1710829540000000
33.55,1710829540250000
33.55,1710829540500000
33.55,1710829540750000
33.55,1710829541000000
33.55,1710829541250000
33.55,1710829541500000
33.55,1710829541750000
33.55,1710829542000000
33.55,1710829542250000
33.55,1710829542500000
33.55,1710829542750000
33.55,1710829543000000
33.55,1710829543250000
33.55,1710829543500000
33.55,1710829543750000
33.55,1710829544000000
33.55,1710829544250000
33.55,1710829544500000
33.55,1710829544750000
33.57,1710829545000000
33.57,1710829545250000
33.57,1710829545500000
33.57,1710829545750000
33.55,1710829546000000
33.55,1710829546250000
33.55,1710829546500000
33.55,1710829546750000
33.55,1710829547000000
33.55,1710829547250000
33.55,1710829547500000
33.55,1710829547750000
33.55,1710829548000000
33.55,1710829548250000
33.55,1710829548500000
33.55,1710829548750000
33.57,1710829549000000
33.57,1710829549250000
33.57,1710829549500000
33.57,1710829549750000
33.55,1710829550000000
33.55,1710829550250000
33.55,1710829550500000
33.55,1710829550750000
33.53,1710829551000000
33.53,1710829551250000
33.53,1710829551500000
33.53,1710829551750000
33.53,1710829552000000
33.53,1710829552250000
33.53,1710829552500000
33.53,1710829552750000
33.57,1710829553000000
33.57,1710829553250000
33.57,1710829553500000
33.57,1710829553750000
33.55,1710829554000000
33.55,1710829554250000
33.55,1710829554500000
33.55,1710829554750000
33.55,1710829555000000
33.55,1710829555250000
33.55,1710829555500000
33.55,1710829555750000
33.53,1710829556000000
33.53,1710829556250000
33.53,1710829556500000
33.53,1710829556750000
33.55,1710829557000000
33.55,1710829557250000
33.55,1710829557500000
33.55,1710829557750000
33.55,1710829558000000
33.55,1710829558250000
33.55,1710829558500000
33.55,1710829558750000
33.55,1710829559000000
33.55,1710829559250000
33.55,1710829559500000
33.55,1710829559750000
33.55,1710829560000000
33.55,1710829560250000
33.55,1710829560500000
33.55,1710829560750000
33.55,1710829561000000
33.55,1710829561250000
33.55,1710829561500000
33.55,1710829561750000
33.55,1710829562000000
33.55,1710829562250000
33.55,1710829562500000
33.55,1710829562750000
33.53,1710829563000000
33.53,1710829563250000
33.53,1710829563500000
33.53,1710829563750000
33.53,1710829564000000
33.53,1710829564250000
33.53,1710829564500000
33.53,1710829564750000
33.53,1710829565000000
33.53,1710829565250000
33.53,1710829565500000
33.53,1710829565750000
33.53,1710829566000000
33.53,1710829566250000
33.53,1710829566500000
33.53,1710829566750000
33.55,1710829567000000
33.55,1710829567250000
33.55,1710829567500000
33.55,1710829567750000
33.55,1710829568000000
33.55,1710829568250000
33.55,1710829568500000
33.55,1710829568750000
33.55,1710829569000000
33.55,1710829569250000
33.55,1710829569500000
33.55,1710829569750000
33.53,1710829570000000
33.53,1710829570250000
33.53,1710829570500000
33.53,1710829570750000
33.55,1710829571000000
33.55,1710829571250000
33.55,1710829571500000
33.55,1710829571750000
33.55,1710829572000000
33.55,1710829572250000
33.55,1710829572500000
33.55,1710829572750000
33.53,1710829573000000
33.53,1710829573250000
33.53,1710829573500000
33.53,1710829573750000
33.53,1710829574000000
33.53,1710829574250000
33.53,1710829574500000
33.53,1710829574750000
33.53,1710829575000000
33.53,1710829575250000
33.53,1710829575500000
33.53,1710829575750000
33.55,1710829576000000
33.55,1710829576250000
33.55,1710829576500000
33.55,1710829576750000
33.55,1710829577000000
33.55,1710829577250000
33.55,1710829577500000
33.55,1710829577750000
33.53,1710829578000000
33.53,1710829578250000
33.53,1710829578500000
33.53,1710829578750000
33.53,1710829579000000
33.53,1710829579250000
33.53,1710829579500000
33.53,1710829579750000
33.55,1710829580000000
33.55,1710829580250000
33.55,1710829580500000
33.55,1710829580750000
33.55,1710829581000000
33.55,1710829581250000
33.55,1710829581500000
33.55,1710829581750000
33.55,1710829582000000
33.55,1710829582250000
33.55,1710829582500000
33.55,1710829582750000
33.53,1710829583000000
33.53,1710829583250000
33.53,1710829583500000
33.53,1710829583750000
33.53,1710829584000000
33.53,1710829584250000
33.53,1710829584500000
33.53,1710829584750000
33.55,1710829585000000
33.55,1710829585250000
33.55,1710829585500000
33.55,1710829585750000
33.55,1710829586000000
33.55,1710829586250000
33.55,1710829586500000
33.55,1710829586750000
33.55,1710829587000000
33.55,1710829587250000
33.55,1710829587500000
33.55,1710829587750000
33.55,1710829588000000
33.55,1710829588250000
33.55,1710829588500000
33.55,1710829588750000
33.53,1710829589000000
33.53,1710829589250000
33.53,1710829589500000
33.53,1710829589750000
33.53,1710829590000000
33.53,1710829590250000
33.53,1710829590500000
33.53,1710829590750000
33.53,1710829591000000
33.53,1710829591250000
33.53,1710829591500000
33.53,1710829591750000
33.53,1710829592000000
33.53,1710829592250000
33.53,1710829592500000
33.53,1710829592750000
33.55,1710829593000000
33.55,1710829593250000
33.55,1710829593500000
33.55,1710829593750000
33.53,1710829594000000
33.53,1710829594250000
33.53,1710829594500000
33.53,1710829594750000
33.5,1710829595000000
33.5,1710829595250000
33.5,1710829595500000
33.5,1710829595750000
33.53,1710829596000000
33.53,1710829596250000
33.53,1710829596500000
33.53,1710829596750000
33.53,1710829597000000
33.53,1710829597250000
33.53,1710829597500000
33.53,1710829597750000
33.53,1710829598000000
33.53,1710829598250000
33.53,1710829598500000
33.53,1710829598750000
33.5,1710829599000000
33.5,1710829599250000
33.5,1710829599500000
33.5,1710829599750000
33.5,1710829600000000
33.5,1710829600250000
33.5,1710829600500000
33.5,1710829600750000
33.55,1710829601000000
33.55,1710829601250000
33.55,1710829601500000
33.55,1710829601750000
33.53,1710829602000000
33.53,1710829602250000
33.53,1710829602500000
33.53,1710829602750000
33.5,1710829603000000
33.5,1710829603250000
33.5,1710829603500000
33.5,1710829603750000
33.5,1710829604000000
33.5,1710829604250000
33.5,1710829604500000
33.5,1710829604750000
33.5,1710829605000000
33.5,1710829605250000
33.5,1710829605500000
33.5,1710829605750000
33.53,1710829606000000
33.53,1710829606250000
33.53,1710829606500000
33.53,1710829606750000
33.53,1710829607000000
33.53,1710829607250000
33.53,1710829607500000
33.53,1710829607750000
33.55,1710829608000000
33.55,1710829608250000
33.55,1710829608500000
33.55,1710829608750000
33.53,1710829609000000
33.53,1710829609250000
33.53,1710829609500000
33.53,1710829609750000
33.53,1710829610000000
33.53,1710829610250000
33.53,1710829610500000
33.53,1710829610750000
33.53,1710829611000000
33.53,1710829611250000
33.53,1710829611500000
33.53,1710829611750000
33.53,1710829612000000
33.53,1710829612250000
33.53,1710829612500000
33.53,1710829612750000
33.53,1710829613000000
33.53,1710829613250000
33.53,1710829613500000
33.53,1710829613750000
33.5,1710829614000000
33.5,1710829614250000
33.5,1710829614500000
33.5,1710829614750000
33.53,1710829615000000
33.53,1710829615250000
33.53,1710829615500000
33.53,1710829615750000
33.55,1710829616000000
33.55,1710829616250000
33.55,1710829616500000
33.55,1710829616750000
33.53,1710829617000000
33.53,1710829617250000
33.53,1710829617500000
33.53,1710829617750000
33.53,1710829618000000
33.53,1710829618250000
33.53,1710829618500000
33.53,1710829618750000
33.53,1710829619000000
33.53,1710829619250000
33.53,1710829619500000
33.53,1710829619750000
33.53,1710829620000000
33.53,1710829620250000
33.53,1710829620500000
33.53,1710829620750000
33.53,1710829621000000
33.53,1710829621250000
33.53,1710829621500000
33.53,1710829621750000
33.53,1710829622000000
33.53,1710829622250000
33.53,1710829622500000
33.53,1710829622750000
33.53,1710829623000000
33.53,1710829623250000
33.53,1710829623500000
33.53,1710829623750000
33.53,1710829624000000
33.53,1710829624250000
33.53,1710829624500000
33.53,1710829624750000
33.55,1710829625000000
33.55,1710829625250000
33.55,1710829625500000
33.55,1710829625750000
33.53,1710829626000000
33.53,1710829626250000
33.53,1710829626500000
33.53,1710829626750000
33.55,1710829627000000
33.55,1710829627250000
33.55,1710829627500000
33.55,1710829627750000
33.5,1710829628000000
33.5,1710829628250000
33.5,1710829628500000
33.5,1710829628750000
33.53,1710829629000000
33.53,1710829629250000
33.53,1710829629500000
33.53,1710829629750000
33.55,1710829630000000
33.55,1710829630250000
33.55,1710829630500000
33.55,1710829630750000
33.53,1710829631000000
33.53,1710829631250000
33.53,1710829631500000
33.53,1710829631750000
33.5,1710829632000000
33.5,1710829632250000
33.5,1710829632500000
33.5,1710829632750000
33.55,1710829633000000
33.55,1710829633250000
33.55,1710829633500000
33.55,1710829633750000
33.5,1710829634000000
33.5,1710829634250000
33.5,1710829634500000
33.5,1710829634750000
33.53,1710829635000000
33.53,1710829635250000
33.53,1710829635500000
33.53,1710829635750000
33.5,1710829636000000
33.5,1710829636250000
33.5,1710829636500000
33.5,1710829636750000
33.53,1710829637000000
33.53,1710829637250000
33.53,1710829637500000
33.53,1710829637750000
33.5,1710829638000000
33.5,1710829638250000
33.5,1710829638500000
33.5,1710829638750000
33.5,1710829639000000
33.5,1710829639250000
33.5,1710829639500000
33.5,1710829639750000
33.53,1710829640000000
33.53,1710829640250000
33.53,1710829640500000
33.53,1710829640750000
33.5,1710829641000000
33.5,1710829641250000
33.5,1710829641500000
33.5,1710829641750000
33.5,1710829642000000
33.5,1710829642250000
33.5,1710829642500000
33.5,1710829642750000
33.5,1710829643000000
33.5,1710829643250000
33.5,1710829643500000
33.5,1710829643750000
33.47,1710829644000000
33.47,1710829644250000
33.47,1710829644500000
33.47,1710829644750000
33.5,1710829645000000
33.5,1710829645250000
33.5,1710829645500000
33.5,1710829645750000
33.49,1710829646000000
33.49,1710829646250000
33.49,1710829646500000
33.49,1710829646750000
33.49,1710829647000000
33.49,1710829647250000
33.49,1710829647500000
33.49,1710829647750000
33.49,1710829648000000
33.49,1710829648250000
33.49,1710829648500000
33.49,1710829648750000
33.49,1710829649000000
33.49,1710829649250000
33.49,1710829649500000
33.49,1710829649750000
33.49,1710829650000000
33.49,1710829650250000
33.49,1710829650500000
33.49,1710829650750000
33.47,1710829651000000
33.47,1710829651250000
33.47,1710829651500000
33.47,1710829651750000
33.47,1710829652000000
33.47,1710829652250000
33.47,1710829652500000
33.47,1710829652750000
33.49,1710829653000000
33.49,1710829653250000
33.49,1710829653500000
33.49,1710829653750000
33.47,1710829654000000
33.47,1710829654250000
33.47,1710829654500000
33.47,1710829654750000
33.47,1710829655000000
33.47,1710829655250000
33.47,1710829655500000
33.47,1710829655750000
33.47,1710829656000000
33.47,1710829656250000
33.47,1710829656500000
33.47,1710829656750000
33.47,1710829657000000
33.47,1710829657250000
33.47,1710829657500000
33.47,1710829657750000
33.45,1710829658000000
33.45,1710829658250000
33.45,1710829658500000
33.45,1710829658750000
33.45,1710829659000000
33.45,1710829659250000
33.45,1710829659500000
33.45,1710829659750000
33.47,1710829660000000
33.47,1710829660250000
33.47,1710829660500000
33.47,1710829660750000
33.45,1710829661000000
33.45,1710829661250000
33.45,1710829661500000
33.45,1710829661750000
33.45,1710829662000000
33.45,1710829662250000
33.45,1710829662500000
33.45,1710829662750000
33.45,1710829663000000
33.45,1710829663250000
33.45,1710829663500000
33.45,1710829663750000
33.45,1710829664000000
33.45,1710829664250000
33.45,1710829664500000
33.45,1710829664750000
33.43,1710829665000000
33.43,1710829665250000
33.43,1710829665500000
33.43,1710829665750000
33.45,1710829666000000
33.45,1710829666250000
33.45,1710829666500000
33.45,1710829666750000
33.43,1710829667000000
33.43,1710829667250000
33.43,1710829667500000
33.43,1710829667750000
33.43,1710829668000000
33.43,1710829668250000
33.43,1710829668500000
33.43,1710829668750000
33.43,1710829669000000
33.43,1710829669250000
33.43,1710829669500000
33.43,1710829669750000
33.39,1710829670000000
33.39,1710829670250000
33.39,1710829670500000
33.39,1710829670750000
33.41,1710829671000000
33.41,1710829671250000
33.41,1710829671500000
33.41,1710829671750000
33.41,1710829672000000
33.41,1710829672250000
33.41,1710829672500000
33.41,1710829672750000
33.41,1710829673000000
33.41,1710829673250000
33.41,1710829673500000
33.41,1710829673750000
33.41,1710829674000000
33.41,1710829674250000
33.41,1710829674500000
33.41,1710829674750000
33.43,1710829675000000
33.43,1710829675250000
33.43,1710829675500000
33.43,1710829675750000
33.41,1710829676000000
33.41,1710829676250000
33.41,1710829676500000
33.41,1710829676750000
33.43,1710829677000000
33.43,1710829677250000
33.43,1710829677500000
33.43,1710829677750000
33.39,1710829678000000
33.39,1710829678250000
33.39,1710829678500000
33.39,1710829678750000
33.41,1710829679000000
33.41,1710829679250000
33.41,1710829679500000
33.41,1710829679750000
33.39,1710829680000000
33.39,1710829680250000
33.39,1710829680500000
33.39,1710829680750000
33.39,1710829681000000
33.39,1710829681250000
33.39,1710829681500000
33.39,1710829681750000
33.41,1710829682000000
33.41,1710829682250000
33.41,1710829682500000
33.41,1710829682750000
33.39,1710829683000000
33.39,1710829683250000
33.39,1710829683500000
33.39,1710829683750000
33.39,1710829684000000
33.39,1710829684250000
33.39,1710829684500000
33.39,1710829684750000
33.41,1710829685000000
33.41,1710829685250000
33.41,1710829685500000
33.41,1710829685750000
33.37,1710829686000000
33.37,1710829686250000
33.37,1710829686500000
33.37,1710829686750000
33.37,1710829687000000
33.37,1710829687250000
33.37,1710829687500000
33.37,1710829687750000
33.39,1710829688000000
33.39,1710829688250000
33.39,1710829688500000
33.39,1710829688750000
33.39,1710829689000000
33.39,1710829689250000
33.39,1710829689500000
33.39,1710829689750000
33.37,1710829690000000
33.37,1710829690250000
33.37,1710829690500000
33.37,1710829690750000
33.39,1710829691000000
33.39,1710829691250000
33.39,1710829691500000
33.39,1710829691750000
33.37,1710829692000000
33.37,1710829692250000
33.37,1710829692500000
33.37,1710829692750000
33.37,1710829693000000
33.37,1710829693250000
33.37,1710829693500000
33.37,1710829693750000
33.34,1710829694000000
33.34,1710829694250000
33.34,1710829694500000
33.34,1710829694750000
33.37,1710829695000000
33.37,1710829695250000
33.37,1710829695500000
33.37,1710829695750000
33.34,1710829696000000
33.34,1710829696250000
33.34,1710829696500000
33.34,1710829696750000
33.37,1710829697000000
33.37,1710829697250000
33.37,1710829697500000
33.37,1710829697750000
33.37,1710829698000000
33.37,1710829698250000
33.37,1710829698500000
33.37,1710829698750000
33.34,1710829699000000
33.34,1710829699250000
33.34,1710829699500000
33.34,1710829699750000
33.34,1710829700000000
33.34,1710829700250000
33.34,1710829700500000
33.34,1710829700750000
33.37,1710829701000000
33.37,1710829701250000
33.37,1710829701500000
33.37,1710829701750000
33.34,1710829702000000
33.34,1710829702250000
33.34,1710829702500000
33.34,1710829702750000
33.33,1710829703000000
33.33,1710829703250000
33.33,1710829703500000
33.33,1710829703750000
33.33,1710829704000000
33.33,1710829704250000
33.33,1710829704500000
33.33,1710829704750000
33.34,1710829705000000
33.34,1710829705250000
33.34,1710829705500000
33.34,1710829705750000
33.31,1710829706000000
33.31,1710829706250000
33.31,1710829706500000
33.31,1710829706750000
33.33,1710829707000000
33.33,1710829707250000
33.33,1710829707500000
33.33,1710829707750000
33.34,1710829708000000
33.34,1710829708250000
33.34,1710829708500000
33.34,1710829708750000
33.33,1710829709000000
33.33,1710829709250000
33.33,1710829709500000
33.33,1710829709750000
33.33,1710829710000000
33.33,1710829710250000
33.33,1710829710500000
33.33,1710829710750000
33.31,1710829711000000
33.31,1710829711250000
33.31,1710829711500000
33.31,1710829711750000
33.31,1710829712000000
33.31,1710829712250000
33.31,1710829712500000
33.31,1710829712750000
33.34,1710829713000000
33.34,1710829713250000
33.34,1710829713500000
33.34,1710829713750000
33.34,1710829714000000
33.34,1710829714250000
33.34,1710829714500000
33.34,1710829714750000
33.34,1710829715000000
33.34,1710829715250000
33.34,1710829715500000
33.34,1710829715750000
33.33,1710829716000000
33.33,1710829716250000
33.33,1710829716500000
33.33,1710829716750000
33.31,1710829717000000
33.31,1710829717250000
33.31,1710829717500000
33.31,1710829717750000
33.33,1710829718000000
33.33,1710829718250000
33.33,1710829718500000
33.33,1710829718750000
33.31,1710829719000000
33.31,1710829719250000
33.31,1710829719500000
33.31,1710829719750000
33.33,1710829720000000
33.33,1710829720250000
33.33,1710829720500000
33.33,1710829720750000
33.33,1710829721000000
33.33,1710829721250000
33.33,1710829721500000
33.33,1710829721750000
33.29,1710829722000000
33.29,1710829722250000
33.29,1710829722500000
33.29,1710829722750000
33.31,1710829723000000
33.31,1710829723250000
33.31,1710829723500000
33.31,1710829723750000
33.31,1710829724000000
33.31,1710829724250000
33.31,1710829724500000
33.31,1710829724750000
33.31,1710829725000000
33.31,1710829725250000
33.31,1710829725500000
33.31,1710829725750000
33.29,1710829726000000
33.29,1710829726250000
33.29,1710829726500000
33.29,1710829726750000
33.29,1710829727000000
33.29,1710829727250000
33.29,1710829727500000
33.29,1710829727750000
33.29,1710829728000000
33.29,1710829728250000
33.29,1710829728500000
33.29,1710829728750000
33.29,1710829729000000
33.29,1710829729250000
33.29,1710829729500000
33.29,1710829729750000
33.29,1710829730000000
33.29,1710829730250000
33.29,1710829730500000
33.29,1710829730750000
33.27,1710829731000000
33.27,1710829731250000
33.27,1710829731500000
33.27,1710829731750000
33.27,1710829732000000
33.27,1710829732250000
33.27,1710829732500000
33.27,1710829732750000
33.27,1710829733000000
33.27,1710829733250000
33.27,1710829733500000
33.27,1710829733750000
33.29,1710829734000000
33.29,1710829734250000
33.29,1710829734500000
33.29,1710829734750000
33.27,1710829735000000
33.27,1710829735250000
33.27,1710829735500000
33.27,1710829735750000
33.29,1710829736000000
33.29,1710829736250000
33.29,1710829736500000
33.29,1710829736750000
33.27,1710829737000000
33.27,1710829737250000
33.27,1710829737500000
33.27,1710829737750000
33.29,1710829738000000
33.29,1710829738250000
33.29,1710829738500000
33.29,1710829738750000
33.27,1710829739000000
33.27,1710829739250000
33.27,1710829739500000
33.27,1710829739750000
33.27,1710829740000000
33.27,1710829740250000
33.27,1710829740500000
33.27,1710829740750000
33.27,1710829741000000
33.27,1710829741250000
33.27,1710829741500000
33.27,1710829741750000
33.27,1710829742000000
33.27,1710829742250000
33.27,1710829742500000
33.27,1710829742750000
33.27,1710829743000000
33.27,1710829743250000
33.27,1710829743500000
33.27,1710829743750000
33.27,1710829744000000
33.27,1710829744250000
33.27,1710829744500000
33.27,1710829744750000
33.25,1710829745000000
33.25,1710829745250000
33.25,1710829745500000
33.25,1710829745750000
33.25,1710829746000000
33.25,1710829746250000
33.25,1710829746500000
33.25,1710829746750000
33.29,1710829747000000
33.29,1710829747250000
33.29,1710829747500000
33.29,1710829747750000
33.25,1710829748000000
33.25,1710829748250000
33.25,1710829748500000
33.25,1710829748750000
33.25,1710829749000000
33.25,1710829749250000
33.25,1710829749500000
33.25,1710829749750000
33.27,1710829750000000
33.27,1710829750250000
33.27,1710829750500000
33.27,1710829750750000
33.25,1710829751000000
33.25,1710829751250000
33.25,1710829751500000
33.25,1710829751750000
33.23,1710829752000000
33.23,1710829752250000
33.23,1710829752500000
33.23,1710829752750000
33.25,1710829753000000
33.25,1710829753250000
33.25,1710829753500000
33.25,1710829753750000
33.25,1710829754000000
33.25,1710829754250000
33.25,1710829754500000
33.25,1710829754750000
33.23,1710829755000000
33.23,1710829755250000
33.23,1710829755500000
33.23,1710829755750000
33.25,1710829756000000
33.25,1710829756250000
33.25,1710829756500000
33.25,1710829756750000
33.25,1710829757000000
33.25,1710829757250000
33.25,1710829757500000
33.25,1710829757750000
33.23,1710829758000000
33.23,1710829758250000
33.23,1710829758500000
33.23,1710829758750000
33.23,1710829759000000
33.23,1710829759250000
33.23,1710829759500000
33.23,1710829759750000
33.23,1710829760000000
33.23,1710829760250000
33.23,1710829760500000
33.23,1710829760750000
33.23,1710829761000000
33.23,1710829761250000
33.23,1710829761500000
33.23,1710829761750000
33.23,1710829762000000
33.23,1710829762250000
33.23,1710829762500000
33.23,1710829762750000
33.23,1710829763000000
33.23,1710829763250000
33.23,1710829763500000
33.23,1710829763750000
33.23,1710829764000000
33.23,1710829764250000
33.23,1710829764500000
33.23,1710829764750000
33.23,1710829765000000
33.23,1710829765250000
33.23,1710829765500000
33.23,1710829765750000
33.18,1710829766000000
33.18,1710829766250000
33.18,1710829766500000
33.18,1710829766750000
33.23,1710829767000000
33.23,1710829767250000
33.23,1710829767500000
33.23,1710829767750000
33.18,1710829768000000
33.18,1710829768250000
33.18,1710829768500000
33.18,1710829768750000
33.21,1710829769000000
33.21,1710829769250000
33.21,1710829769500000
33.21,1710829769750000
33.23,1710829770000000
33.23,1710829770250000
33.23,1710829770500000
33.23,1710829770750000
33.21,1710829771000000
33.21,1710829771250000
33.21,1710829771500000
33.21,1710829771750000
33.18,1710829772000000
33.18,1710829772250000
33.18,1710829772500000
33.18,1710829772750000
33.21,1710829773000000
33.21,1710829773250000
33.21,1710829773500000
33.21,1710829773750000
33.21,1710829774000000
33.21,1710829774250000
33.21,1710829774500000
33.21,1710829774750000
33.18,1710829775000000
33.18,1710829775250000
33.18,1710829775500000
33.18,1710829775750000
33.18,1710829776000000
33.18,1710829776250000
33.18,1710829776500000
33.18,1710829776750000
33.21,1710829777000000
33.21,1710829777250000
33.21,1710829777500000
33.21,1710829777750000
33.18,1710829778000000
33.18,1710829778250000
33.18,1710829778500000
33.18,1710829778750000
33.18,1710829779000000
33.18,1710829779250000
33.18,1710829779500000
33.18,1710829779750000
33.16,1710829780000000
33.16,1710829780250000
33.16,1710829780500000
33.16,1710829780750000
33.18,1710829781000000
33.18,1710829781250000
33.18,1710829781500000
33.18,1710829781750000
33.16,1710829782000000
33.16,1710829782250000
33.16,1710829782500000
33.16,1710829782750000
33.16,1710829783000000
33.16,1710829783250000
33.16,1710829783500000
33.16,1710829783750000
33.16,1710829784000000
33.16,1710829784250000
33.16,1710829784500000
33.16,1710829784750000
33.16,1710829785000000
33.16,1710829785250000
33.16,1710829785500000
33.16,1710829785750000
33.16,1710829786000000
33.16,1710829786250000
33.16,1710829786500000
33.16,1710829786750000
33.16,1710829787000000
33.16,1710829787250000
33.16,1710829787500000
33.16,1710829787750000
33.16,1710829788000000
33.16,1710829788250000
33.16,1710829788500000
33.16,1710829788750000
33.16,1710829789000000
33.16,1710829789250000
33.16,1710829789500000
33.16,1710829789750000
33.15,1710829790000000
33.15,1710829790250000
33.15,1710829790500000
33.15,1710829790750000
33.16,1710829791000000
33.16,1710829791250000
33.16,1710829791500000
33.16,1710829791750000
33.16,1710829792000000
33.16,1710829792250000
33.16,1710829792500000
33.16,1710829792750000
33.16,1710829793000000
33.16,1710829793250000
33.16,1710829793500000
33.16,1710829793750000
33.16,1710829794000000
33.16,1710829794250000
33.16,1710829794500000
33.16,1710829794750000
33.15,1710829795000000
33.15,1710829795250000
33.15,1710829795500000
33.15,1710829795750000
33.16,1710829796000000
33.16,1710829796250000
33.16,1710829796500000
33.16,1710829796750000
33.15,1710829797000000
33.15,1710829797250000
33.15,1710829797500000
33.15,1710829797750000
33.15,1710829798000000
33.15,1710829798250000
33.15,1710829798500000
33.15,1710829798750000
33.15,1710829799000000
33.15,1710829799250000
33.15,1710829799500000
33.15,1710829799750000
33.15,1710829800000000
33.15,1710829800250000
33.15,1710829800500000
33.15,1710829800750000
33.15,1710829801000000
33.15,1710829801250000
33.15,1710829801500000
33.15,1710829801750000
33.15,1710829802000000
33.15,1710829802250000
33.15,1710829802500000
33.15,1710829802750000
33.13,1710829803000000
33.13,1710829803250000
33.13,1710829803500000
33.13,1710829803750000
33.13,1710829804000000
33.13,1710829804250000
33.13,1710829804500000
33.13,1710829804750000
33.15,1710829805000000
33.15,1710829805250000
33.15,1710829805500000
33.15,1710829805750000
33.13,1710829806000000
33.13,1710829806250000
33.13,1710829806500000
33.13,1710829806750000
33.15,1710829807000000
33.15,1710829807250000
33.15,1710829807500000
33.15,1710829807750000
33.13,1710829808000000
33.13,1710829808250000
33.13,1710829808500000
33.13,1710829808750000
33.13,1710829809000000
33.13,1710829809250000
33.13,1710829809500000
33.13,1710829809750000
33.13,1710829810000000
33.13,1710829810250000
33.13,1710829810500000
33.13,1710829810750000
33.13,1710829811000000
33.13,1710829811250000
33.13,1710829811500000
33.13,1710829811750000
33.11,1710829812000000
33.11,1710829812250000
33.11,1710829812500000
33.11,1710829812750000
33.11,1710829813000000
33.11,1710829813250000
33.11,1710829813500000
33.11,1710829813750000
33.11,1710829814000000
33.11,1710829814250000
33.11,1710829814500000
33.11,1710829814750000
33.11,1710829815000000
33.11,1710829815250000
33.11,1710829815500000
33.11,1710829815750000
33.13,1710829816000000
33.13,1710829816250000
33.13,1710829816500000
33.13,1710829816750000
33.13,1710829817000000
33.13,1710829817250000
33.13,1710829817500000
33.13,1710829817750000
33.13,1710829818000000
33.13,1710829818250000
33.13,1710829818500000
33.13,1710829818750000
33.13,1710829819000000
33.13,1710829819250000
33.13,1710829819500000
33.13,1710829819750000
33.15,1710829820000000
33.15,1710829820250000
33.15,1710829820500000
33.15,1710829820750000
33.13,1710829821000000
33.13,1710829821250000
33.13,1710829821500000
33.13,1710829821750000
33.11,1710829822000000
33.11,1710829822250000
33.11,1710829822500000
33.11,1710829822750000
33.11,1710829823000000
33.11,1710829823250000
33.11,1710829823500000
33.11,1710829823750000
33.11,1710829824000000
33.11,1710829824250000
33.11,1710829824500000
33.11,1710829824750000
33.11,1710829825000000
33.11,1710829825250000
33.11,1710829825500000
33.11,1710829825750000
33.11,1710829826000000
33.11,1710829826250000
33.11,1710829826500000
33.11,1710829826750000
33.11,1710829827000000
33.11,1710829827250000
33.11,1710829827500000
33.11,1710829827750000
33.11,1710829828000000
33.11,1710829828250000
33.11,1710829828500000
33.11,1710829828750000
33.11,1710829829000000
33.11,1710829829250000
33.11,1710829829500000
33.11,1710829829750000
33.09,1710829830000000
33.09,1710829830250000
33.09,1710829830500000
33.09,1710829830750000
33.09,1710829831000000
33.09,1710829831250000
33.09,1710829831500000
33.09,1710829831750000
33.09,1710829832000000
33.09,1710829832250000
33.09,1710829832500000
33.09,1710829832750000
33.09,1710829833000000
33.09,1710829833250000
33.09,1710829833500000
33.09,1710829833750000
33.11,1710829834000000
33.11,1710829834250000
33.11,1710829834500000
33.11,1710829834750000
33.11,1710829835000000
33.11,1710829835250000
33.11,1710829835500000
33.11,1710829835750000
33.09,1710829836000000
33.09,1710829836250000
33.09,1710829836500000
33.09,1710829836750000
33.11,1710829837000000
33.11,1710829837250000
33.11,1710829837500000
33.11,1710829837750000
33.11,1710829838000000
33.11,1710829838250000
33.11,1710829838500000
33.11,1710829838750000
33.09,1710829839000000
33.09,1710829839250000
33.09,1710829839500000
33.09,1710829839750000
33.11,1710829840000000
33.11,1710829840250000
33.11,1710829840500000
33.11,1710829840750000
33.09,1710829841000000
33.09,1710829841250000
33.09,1710829841500000
33.09,1710829841750000
33.09,1710829842000000
33.09,1710829842250000
33.09,1710829842500000
33.09,1710829842750000
33.07,1710829843000000
33.07,1710829843250000
33.07,1710829843500000
33.07,1710829843750000
33.09,1710829844000000
33.09,1710829844250000
33.09,1710829844500000
33.09,1710829844750000
33.07,1710829845000000
33.07,1710829845250000
33.07,1710829845500000
33.07,1710829845750000
33.09,1710829846000000
33.09,1710829846250000
33.09,1710829846500000
33.09,1710829846750000
33.09,1710829847000000
33.09,1710829847250000
33.09,1710829847500000
33.09,1710829847750000
33.07,1710829848000000
33.07,1710829848250000
33.07,1710829848500000
33.07,1710829848750000
33.07,1710829849000000
33.07,1710829849250000
33.07,1710829849500000
33.07,1710829849750000
33.09,1710829850000000
33.09,1710829850250000
33.09,1710829850500000
33.09,1710829850750000
33.07,1710829851000000
33.07,1710829851250000
33.07,1710829851500000
33.07,1710829851750000
33.09,1710829852000000
33.09,1710829852250000
33.09,1710829852500000
33.09,1710829852750000
33.05,1710829853000000
33.05,1710829853250000
33.05,1710829853500000
33.05,1710829853750000
33.07,1710829854000000
33.07,1710829854250000
33.07,1710829854500000
33.07,1710829854750000
33.05,1710829855000000
33.05,1710829855250000
33.05,1710829855500000
33.05,1710829855750000
33.05,1710829856000000
33.05,1710829856250000
33.05,1710829856500000
33.05,1710829856750000
33.05,1710829857000000
33.05,1710829857250000
33.05,1710829857500000
33.05,1710829857750000
33.05,1710829858000000
33.05,1710829858250000
33.05,1710829858500000
33.05,1710829858750000
33.03,1710829859000000
33.03,1710829859250000
33.03,1710829859500000
33.03,1710829859750000
33.05,1710829860000000
33.05,1710829860250000
33.05,1710829860500000
33.05,1710829860750000
33.05,1710829861000000
33.05,1710829861250000
33.05,1710829861500000
33.05,1710829861750000
33.05,1710829862000000
33.05,1710829862250000
33.05,1710829862500000
33.05,1710829862750000
33.03,1710829863000000
33.03,1710829863250000
33.03,1710829863500000
33.03,1710829863750000
33.03,1710829864000000
33.03,1710829864250000
33.03,1710829864500000
33.03,1710829864750000
33.03,1710829865000000
33.03,1710829865250000
33.03,1710829865500000
33.03,1710829865750000
33.03,1710829866000000
33.03,1710829866250000
33.03,1710829866500000
33.03,1710829866750000
33.0,1710829867000000
33.0,1710829867250000
33.0,1710829867500000
33.0,1710829867750000
33.0,1710829868000000
33.0,1710829868250000
33.0,1710829868500000
33.0,1710829868750000
33.03,1710829869000000
33.03,1710829869250000
33.03,1710829869500000
33.03,1710829869750000
33.03,1710829870000000
33.03,1710829870250000
33.03,1710829870500000
33.03,1710829870750000
33.0,1710829871000000
33.0,1710829871250000
33.0,1710829871500000
33.0,1710829871750000
33.0,1710829872000000
33.0,1710829872250000
33.0,1710829872500000
33.0,1710829872750000
32.99,1710829873000000
32.99,1710829873250000
32.99,1710829873500000
32.99,1710829873750000
32.99,1710829874000000
32.99,1710829874250000
32.99,1710829874500000
32.99,1710829874750000
32.99,1710829875000000
32.99,1710829875250000
32.99,1710829875500000
32.99,1710829875750000
32.97,1710829876000000
32.97,1710829876250000
32.97,1710829876500000
32.97,1710829876750000
32.97,1710829877000000
32.97,1710829877250000
32.97,1710829877500000
32.97,1710829877750000
32.97,1710829878000000
32.97,1710829878250000
32.97,1710829878500000
32.97,1710829878750000
32.99,1710829879000000
32.99,1710829879250000
32.99,1710829879500000
32.99,1710829879750000
32.95,1710829880000000
32.95,1710829880250000
32.95,1710829880500000
32.95,1710829880750000
32.95,1710829881000000
32.95,1710829881250000
32.95,1710829881500000
32.95,1710829881750000
32.97,1710829882000000
32.97,1710829882250000
32.97,1710829882500000
32.97,1710829882750000
32.93,1710829883000000
32.93,1710829883250000
32.93,1710829883500000
32.93,1710829883750000
32.93,1710829884000000
32.93,1710829884250000
32.93,1710829884500000
32.93,1710829884750000
32.95,1710829885000000
32.95,1710829885250000
32.95,1710829885500000
32.95,1710829885750000
32.93,1710829886000000
32.93,1710829886250000
32.93,1710829886500000
32.93,1710829886750000
32.91,1710829887000000
32.91,1710829887250000
32.91,1710829887500000
32.91,1710829887750000
32.91,1710829888000000
32.91,1710829888250000
32.91,1710829888500000
32.91,1710829888750000
32.93,1710829889000000
32.93,1710829889250000
32.93,1710829889500000
32.93,1710829889750000
32.91,1710829890000000
32.91,1710829890250000
32.91,1710829890500000
32.91,1710829890750000
32.91,1710829891000000
32.91,1710829891250000
32.91,1710829891500000
32.91,1710829891750000
32.89,1710829892000000
32.89,1710829892250000
32.89,1710829892500000
32.89,1710829892750000
32.89,1710829893000000
32.89,1710829893250000
32.89,1710829893500000
32.89,1710829893750000
32.91,1710829894000000
32.91,1710829894250000
32.91,1710829894500000
32.91,1710829894750000
32.89,1710829895000000
32.89,1710829895250000
32.89,1710829895500000
32.89,1710829895750000
32.89,1710829896000000
32.89,1710829896250000
32.89,1710829896500000
32.89,1710829896750000
32.89,1710829897000000
32.89,1710829897250000
32.89,1710829897500000
32.89,1710829897750000
32.87,1710829898000000
32.87,1710829898250000
32.87,1710829898500000
32.87,1710829898750000
32.87,1710829899000000
32.87,1710829899250000
32.87,1710829899500000
32.87,1710829899750000
32.87,1710829900000000
32.87,1710829900250000
32.87,1710829900500000
32.87,1710829900750000
32.89,1710829901000000
32.89,1710829901250000
32.89,1710829901500000
32.89,1710829901750000
32.84,1710829902000000
32.84,1710829902250000
32.84,1710829902500000
32.84,1710829902750000
32.87,1710829903000000
32.87,1710829903250000
32.87,1710829903500000
32.87,1710829903750000
32.84,1710829904000000
32.84,1710829904250000
32.84,1710829904500000
32.84,1710829904750000
32.84,1710829905000000
32.84,1710829905250000
32.84,1710829905500000
32.84,1710829905750000
32.87,1710829906000000
32.87,1710829906250000
32.87,1710829906500000
32.87,1710829906750000
32.84,1710829907000000
32.84,1710829907250000
32.84,1710829907500000
32.84,1710829907750000
32.84,1710829908000000
32.84,1710829908250000
32.84,1710829908500000
32.84,1710829908750000
32.84,1710829909000000
32.84,1710829909250000
32.84,1710829909500000
32.84,1710829909750000
32.83,1710829910000000
32.83,1710829910250000
32.83,1710829910500000
32.83,1710829910750000
32.83,1710829911000000
32.83,1710829911250000
32.83,1710829911500000
32.83,1710829911750000
32.83,1710829912000000
32.83,1710829912250000
32.83,1710829912500000
32.83,1710829912750000
32.83,1710829913000000
32.83,1710829913250000
32.83,1710829913500000
32.83,1710829913750000
32.84,1710829914000000
32.84,1710829914250000
32.84,1710829914500000
32.84,1710829914750000
32.81,1710829915000000
32.81,1710829915250000
32.81,1710829915500000
32.81,1710829915750000
32.81,1710829916000000
32.81,1710829916250000
32.81,1710829916500000
32.81,1710829916750000
32.83,1710829917000000
32.83,1710829917250000
32.83,1710829917500000
32.83,1710829917750000
32.81,1710829918000000
32.81,1710829918250000
32.81,1710829918500000
32.81,1710829918750000
32.81,1710829919000000
32.81,1710829919250000
32.81,1710829919500000
32.81,1710829919750000
32.81,1710829920000000
32.81,1710829920250000
32.81,1710829920500000
32.81,1710829920750000
32.81,1710829921000000
32.81,1710829921250000
32.81,1710829921500000
32.81,1710829921750000
32.79,1710829922000000
32.79,1710829922250000
32.79,1710829922500000
32.79,1710829922750000
32.79,1710829923000000
32.79,1710829923250000
32.79,1710829923500000
32.79,1710829923750000
32.77,1710829924000000
32.77,1710829924250000
32.77,1710829924500000
32.77,1710829924750000
32.79,1710829925000000
32.79,1710829925250000
32.79,1710829925500000
32.79,1710829925750000
32.79,1710829926000000
32.79,1710829926250000
32.79,1710829926500000
32.79,1710829926750000
32.77,1710829927000000
32.77,1710829927250000
32.77,1710829927500000
32.77,1710829927750000
32.77,1710829928000000
32.77,1710829928250000
32.77,1710829928500000
32.77,1710829928750000
32.77,1710829929000000
32.77,1710829929250000
32.77,1710829929500000
32.77,1710829929750000
32.77,1710829930000000
32.77,1710829930250000
32.77,1710829930500000
32.77,1710829930750000
32.73,1710829931000000
32.73,1710829931250000
32.73,1710829931500000
32.73,1710829931750000
32.77,1710829932000000
32.77,1710829932250000
32.77,1710829932500000
32.77,1710829932750000
32.75,1710829933000000
32.75,1710829933250000
32.75,1710829933500000
32.75,1710829933750000
32.75,1710829934000000
32.75,1710829934250000
32.75,1710829934500000
32.75,1710829934750000
32.75,1710829935000000
32.75,1710829935250000
32.75,1710829935500000
32.75,1710829935750000
32.73,1710829936000000
32.73,1710829936250000
32.73,1710829936500000
32.73,1710829936750000
32.73,1710829937000000
32.73,1710829937250000
32.73,1710829937500000
32.73,1710829937750000
32.73,1710829938000000
32.73,1710829938250000
32.73,1710829938500000
32.73,1710829938750000
32.73,1710829939000000
32.73,1710829939250000
32.73,1710829939500000
32.73,1710829939750000
32.73,1710829940000000
32.73,1710829940250000
32.73,1710829940500000
32.73,1710829940750000
32.71,1710829941000000
32.71,1710829941250000
32.71,1710829941500000
32.71,1710829941750000
32.73,1710829942000000
32.73,1710829942250000
32.73,1710829942500000
32.73,1710829942750000
32.71,1710829943000000
32.71,1710829943250000
32.71,1710829943500000
32.71,1710829943750000
32.71,1710829944000000
32.71,1710829944250000
32.71,1710829944500000
32.71,1710829944750000
32.71,1710829945000000
32.71,1710829945250000
32.71,1710829945500000
32.71,1710829945750000
32.71,1710829946000000
32.71,1710829946250000
32.71,1710829946500000
32.71,1710829946750000
32.73,1710829947000000
32.73,1710829947250000
32.73,1710829947500000
32.73,1710829947750000
32.71,1710829948000000
32.71,1710829948250000
32.71,1710829948500000
32.71,1710829948750000
32.68,1710829949000000
32.68,1710829949250000
32.68,1710829949500000
32.68,1710829949750000
32.71,1710829950000000
32.71,1710829950250000
32.71,1710829950500000
32.71,1710829950750000
32.66,1710829951000000
32.66,1710829951250000
32.66,1710829951500000
32.66,1710829951750000
32.68,1710829952000000
32.68,1710829952250000
32.68,1710829952500000
32.68,1710829952750000
32.68,1710829953000000
32.68,1710829953250000
32.68,1710829953500000
32.68,1710829953750000
32.66,1710829954000000
32.66,1710829954250000
32.66,1710829954500000
32.66,1710829954750000
32.68,1710829955000000
32.68,1710829955250000
32.68,1710829955500000
32.68,1710829955750000
32.66,1710829956000000
32.66,1710829956250000
32.66,1710829956500000
32.66,1710829956750000
32.66,1710829957000000
32.66,1710829957250000
32.66,1710829957500000
32.66,1710829957750000
32.65,1710829958000000
32.65,1710829958250000
32.65,1710829958500000
32.65,1710829958750000
32.65,1710829959000000
32.65,1710829959250000
32.65,1710829959500000
32.65,1710829959750000
32.65,1710829960000000
32.65,1710829960250000
32.65,1710829960500000
32.65,1710829960750000
32.66,1710829961000000
32.66,1710829961250000
32.66,1710829961500000
32.66,1710829961750000
32.65,1710829962000000
32.65,1710829962250000
32.65,1710829962500000
32.65,1710829962750000
32.66,1710829963000000
32.66,1710829963250000
32.66,1710829963500000
32.66,1710829963750000
32.66,1710829964000000
32.66,1710829964250000
32.66,1710829964500000
32.66,1710829964750000
32.65,1710829965000000
32.65,1710829965250000
32.65,1710829965500000
32.65,1710829965750000
32.66,1710829966000000
32.66,1710829966250000
32.66,1710829966500000
32.66,1710829966750000
32.65,1710829967000000
32.65,1710829967250000
32.65,1710829967500000
32.65,1710829967750000
32.65,1710829968000000
32.65,1710829968250000
32.65,1710829968500000
32.65,1710829968750000
32.65,1710829969000000
32.65,1710829969250000
32.65,1710829969500000
32.65,1710829969750000
32.66,1710829970000000
32.66,1710829970250000
32.66,1710829970500000
32.66,1710829970750000
32.65,1710829971000000
32.65,1710829971250000
32.65,1710829971500000
32.65,1710829971750000
32.63,1710829972000000
32.63,1710829972250000
32.63,1710829972500000
32.63,1710829972750000
32.65,1710829973000000
32.65,1710829973250000
32.65,1710829973500000
32.65,1710829973750000
32.63,1710829974000000
32.63,1710829974250000
32.63,1710829974500000
32.63,1710829974750000
32.63,1710829975000000
32.63,1710829975250000
32.63,1710829975500000
32.63,1710829975750000
32.63,1710829976000000
32.63,1710829976250000
32.63,1710829976500000
32.63,1710829976750000
32.61,1710829977000000
32.61,1710829977250000
32.61,1710829977500000
32.61,1710829977750000
32.63,1710829978000000
32.63,1710829978250000
32.63,1710829978500000
32.63,1710829978750000
32.61,1710829979000000
32.61,1710829979250000
32.61,1710829979500000
32.61,1710829979750000
32.63,1710829980000000
32.63,1710829980250000
32.63,1710829980500000
32.63,1710829980750000
32.61,1710829981000000
32.61,1710829981250000
32.61,1710829981500000
32.61,1710829981750000
32.63,1710829982000000
32.63,1710829982250000
32.63,1710829982500000
32.63,1710829982750000
32.63,1710829983000000
32.63,1710829983250000
32.63,1710829983500000
32.63,1710829983750000
32.63,1710829984000000
32.63,1710829984250000
32.63,1710829984500000
32.63,1710829984750000
32.63,1710829985000000
32.63,1710829985250000
32.63,1710829985500000
32.63,1710829985750000
32.63,1710829986000000
32.63,1710829986250000
32.63,1710829986500000
32.63,1710829986750000
32.61,1710829987000000
32.61,1710829987250000
32.61,1710829987500000
32.61,1710829987750000
32.61,1710829988000000
32.61,1710829988250000
32.61,1710829988500000
32.61,1710829988750000
32.63,1710829989000000
32.63,1710829989250000
32.63,1710829989500000
32.63,1710829989750000
32.61,1710829990000000
32.61,1710829990250000
32.61,1710829990500000
32.61,1710829990750000
32.61,1710829991000000
32.61,1710829991250000
32.61,1710829991500000
32.61,1710829991750000
32.61,1710829992000000
32.61,1710829992250000
32.61,1710829992500000
32.61,1710829992750000
32.61,1710829993000000
32.61,1710829993250000
32.61,1710829993500000
32.61,1710829993750000
32.63,1710829994000000
32.63,1710829994250000
32.63,1710829994500000
32.63,1710829994750000
32.61,1710829995000000
32.61,1710829995250000
32.61,1710829995500000
32.61,1710829995750000
32.59,1710829996000000
32.59,1710829996250000
32.59,1710829996500000
32.59,1710829996750000
32.59,1710829997000000
32.59,1710829997250000
32.59,1710829997500000
32.59,1710829997750000
32.59,1710829998000000
32.59,1710829998250000
32.59,1710829998500000
32.59,1710829998750000
32.57,1710829999000000
32.57,1710829999250000
32.57,1710829999500000
32.57,1710829999750000
32.57,1710830000000000
32.57,1710830000250000
32.57,1710830000500000
32.57,1710830000750000
32.55,1710830001000000
32.55,1710830001250000
32.55,1710830001500000
32.55,1710830001750000
32.57,1710830002000000
32.57,1710830002250000
32.57,1710830002500000
32.57,1710830002750000
32.57,1710830003000000
32.57,1710830003250000
32.57,1710830003500000
32.57,1710830003750000
32.57,1710830004000000
32.57,1710830004250000
32.57,1710830004500000
32.57,1710830004750000
32.57,1710830005000000
32.57,1710830005250000
32.57,1710830005500000
32.57,1710830005750000
32.55,1710830006000000
32.55,1710830006250000
32.55,1710830006500000
32.55,1710830006750000
32.55,1710830007000000
32.55,1710830007250000
32.55,1710830007500000
32.55,1710830007750000
32.55,1710830008000000
32.55,1710830008250000
32.55,1710830008500000
32.55,1710830008750000
32.57,1710830009000000
32.57,1710830009250000
32.57,1710830009500000
32.57,1710830009750000
32.55,1710830010000000
32.55,1710830010250000
32.55,1710830010500000
32.55,1710830010750000
32.55,1710830011000000
32.55,1710830011250000
32.55,1710830011500000
32.55,1710830011750000
32.55,1710830012000000
32.55,1710830012250000
32.55,1710830012500000
32.55,1710830012750000
32.55,1710830013000000
32.55,1710830013250000
32.55,1710830013500000
32.55,1710830013750000
32.53,1710830014000000
32.53,1710830014250000
32.53,1710830014500000
32.53,1710830014750000
32.53,1710830015000000
32.53,1710830015250000
32.53,1710830015500000
32.53,1710830015750000
32.5,1710830016000000
32.5,1710830016250000
32.5,1710830016500000
32.5,1710830016750000
32.53,1710830017000000
32.53,1710830017250000
32.53,1710830017500000
32.53,1710830017750000
32.49,1710830018000000
32.49,1710830018250000
32.49,1710830018500000
32.49,1710830018750000
32.49,1710830019000000
32.49,1710830019250000
32.49,1710830019500000
32.49,1710830019750000
32.5,1710830020000000
32.5,1710830020250000
32.5,1710830020500000
32.5,1710830020750000
32.5,1710830021000000
32.5,1710830021250000
32.5,1710830021500000
32.5,1710830021750000
32.49,1710830022000000
32.49,1710830022250000
32.49,1710830022500000
32.49,1710830022750000
32.49,1710830023000000
32.49,1710830023250000
32.49,1710830023500000
32.49,1710830023750000
32.47,1710830024000000
32.47,1710830024250000
32.47,1710830024500000
32.47,1710830024750000
32.49,1710830025000000
32.49,1710830025250000
32.49,1710830025500000
32.49,1710830025750000
32.49,1710830026000000
32.49,1710830026250000
32.49,1710830026500000
32.49,1710830026750000
32.45,1710830027000000
32.45,1710830027250000
32.45,1710830027500000
32.45,1710830027750000
32.47,1710830028000000
32.47,1710830028250000
32.47,1710830028500000
32.47,1710830028750000
32.45,1710830029000000
32.45,1710830029250000
32.45,1710830029500000
32.45,1710830029750000
32.45,1710830030000000
32.45,1710830030250000
32.45,1710830030500000
32.45,1710830030750000
32.43,1710830031000000
32.43,1710830031250000
32.43,1710830031500000
32.43,1710830031750000
32.47,1710830032000000
32.47,1710830032250000
32.47,1710830032500000
32.47,1710830032750000
32.45,1710830033000000
32.45,1710830033250000
32.45,1710830033500000
32.45,1710830033750000
32.43,1710830034000000
32.43,1710830034250000
32.43,1710830034500000
32.43,1710830034750000
32.45,1710830035000000
32.45,1710830035250000
32.45,1710830035500000
32.45,1710830035750000
32.45,1710830036000000
32.45,1710830036250000
32.45,1710830036500000
32.45,1710830036750000
32.43,1710830037000000
32.43,1710830037250000
32.43,1710830037500000
32.43,1710830037750000
32.43,1710830038000000
32.43,1710830038250000
32.43,1710830038500000
32.43,1710830038750000
32.43,1710830039000000
32.43,1710830039250000
32.43,1710830039500000
32.43,1710830039750000
32.43,1710830040000000
32.43,1710830040250000
32.43,1710830040500000
32.43,1710830040750000
32.43,1710830041000000
32.43,1710830041250000
32.43,1710830041500000
32.43,1710830041750000
32.41,1710830042000000
32.41,1710830042250000
32.41,1710830042500000
32.41,1710830042750000
32.41,1710830043000000
32.41,1710830043250000
32.41,1710830043500000
32.41,1710830043750000
32.37,1710830044000000
32.37,1710830044250000
32.37,1710830044500000
32.37,1710830044750000
32.39,1710830045000000
32.39,1710830045250000
32.39,1710830045500000
32.39,1710830045750000
32.37,1710830046000000
32.37,1710830046250000
32.37,1710830046500000
32.37,1710830046750000
32.37,1710830047000000
32.37,1710830047250000
32.37,1710830047500000
32.37,1710830047750000
32.39,1710830048000000
32.39,1710830048250000
32.39,1710830048500000
32.39,1710830048750000
32.37,1710830049000000
32.37,1710830049250000
32.37,1710830049500000
32.37,1710830049750000
32.37,1710830050000000
32.37,1710830050250000
32.37,1710830050500000
32.37,1710830050750000
32.37,1710830051000000
32.37,1710830051250000
32.37,1710830051500000
32.37,1710830051750000
32.34,1710830052000000
32.34,1710830052250000
32.34,1710830052500000
32.34,1710830052750000
32.34,1710830053000000
32.34,1710830053250000
32.34,1710830053500000
32.34,1710830053750000
32.34,1710830054000000
32.34,1710830054250000
32.34,1710830054500000
32.34,1710830054750000
32.34,1710830055000000
32.34,1710830055250000
32.34,1710830055500000
32.34,1710830055750000
32.34,1710830056000000
32.34,1710830056250000
32.34,1710830056500000
32.34,1710830056750000
32.31,1710830057000000
32.31,1710830057250000
32.31,1710830057500000
32.31,1710830057750000
32.31,1710830058000000
32.31,1710830058250000
32.31,1710830058500000
32.31,1710830058750000
32.33,1710830059000000
32.33,1710830059250000
32.33,1710830059500000
32.33,1710830059750000
32.33,1710830060000000
32.33,1710830060250000
32.33,1710830060500000
32.33,1710830060750000
32.33,1710830061000000
32.33,1710830061250000
32.33,1710830061500000
32.33,1710830061750000
32.31,1710830062000000
32.31,1710830062250000
32.31,1710830062500000
32.31,1710830062750000
32.34,1710830063000000
32.34,1710830063250000
32.34,1710830063500000
32.34,1710830063750000
32.33,1710830064000000
32.33,1710830064250000
32.33,1710830064500000
32.33,1710830064750000
32.34,1710830065000000
32.34,1710830065250000
32.34,1710830065500000
32.34,1710830065750000
