value,timestamp
31.73,1712124672000000
31.73,1712124672250000
31.73,1712124672500000
31.73,1712124672750000
31.73,1712124673000000
31.73,1712124673250000
31.73,1712124673500000
31.73,1712124673750000
31.73,1712124674000000
31.73,1712124674250000
31.73,1712124674500000
31.73,1712124674750000
31.73,1712124675000000
31.73,1712124675250000
31.73,1712124675500000
31.73,1712124675750000
31.75,1712124676000000
31.75,1712124676250000
31.75,1712124676500000
31.75,1712124676750000
31.75,1712124677000000
31.75,1712124677250000
31.75,1712124677500000
31.75,1712124677750000
31.75,1712124678000000
31.75,1712124678250000
31.75,1712124678500000
31.75,1712124678750000
31.79,1712124679000000
31.79,1712124679250000
31.79,1712124679500000
31.79,1712124679750000
31.77,1712124680000000
31.77,1712124680250000
31.77,1712124680500000
31.77,1712124680750000
31.77,1712124681000000
31.77,1712124681250000
31.77,1712124681500000
31.77,1712124681750000
31.77,1712124682000000
31.77,1712124682250000
31.77,1712124682500000
31.77,1712124682750000
31.79,1712124683000000
31.79,1712124683250000
31.79,1712124683500000
31.79,1712124683750000
31.79,1712124684000000
31.79,1712124684250000
31.79,1712124684500000
31.79,1712124684750000
31.79,1712124685000000
31.79,1712124685250000
31.79,1712124685500000
31.79,1712124685750000
31.81,1712124686000000
31.81,1712124686250000
31.81,1712124686500000
31.81,1712124686750000
31.79,1712124687000000
31.79,1712124687250000
31.79,1712124687500000
31.79,1712124687750000
31.83,1712124688000000
31.83,1712124688250000
31.83,1712124688500000
31.83,1712124688750000
31.81,1712124689000000
31.81,1712124689250000
31.81,1712124689500000
31.81,1712124689750000
31.83,1712124690000000
31.83,1712124690250000
31.83,1712124690500000
31.83,1712124690750000
31.81,1712124691000000
31.81,1712124691250000
31.81,1712124691500000
31.81,1712124691750000
31.83,1712124692000000
31.83,1712124692250000
31.83,1712124692500000
31.83,1712124692750000
31.83,1712124693000000
31.83,1712124693250000
31.83,1712124693500000
31.83,1712124693750000
31.81,1712124694000000
31.81,1712124694250000
31.81,1712124694500000
31.81,1712124694750000
31.83,1712124695000000
31.83,1712124695250000
31.83,1712124695500000
31.83,1712124695750000
31.83,1712124696000000
31.83,1712124696250000
31.83,1712124696500000
31.83,1712124696750000
31.83,1712124697000000
31.83,1712124697250000
31.83,1712124697500000
31.83,1712124697750000
31.85,1712124698000000
31.85,1712124698250000
31.85,1712124698500000
31.85,1712124698750000
31.85,1712124699000000
31.85,1712124699250000
31.85,1712124699500000
31.85,1712124699750000
31.85,1712124700000000
31.85,1712124700250000
31.85,1712124700500000
31.85,1712124700750000
31.87,1712124701000000
31.87,1712124701250000
31.87,1712124701500000
31.87,1712124701750000
31.87,1712124702000000
31.87,1712124702250000
31.87,1712124702500000
31.87,1712124702750000
31.87,1712124703000000
31.87,1712124703250000
31.87,1712124703500000
31.87,1712124703750000
31.89,1712124704000000
31.89,1712124704250000
31.89,1712124704500000
31.89,1712124704750000
31.89,1712124705000000
31.89,1712124705250000
31.89,1712124705500000
31.89,1712124705750000
31.91,1712124706000000
31.91,1712124706250000
31.91,1712124706500000
31.91,1712124706750000
31.89,1712124707000000
31.89,1712124707250000
31.89,1712124707500000
31.89,1712124707750000
31.93,1712124708000000
31.93,1712124708250000
31.93,1712124708500000
31.93,1712124708750000
31.93,1712124709000000
31.93,1712124709250000
31.93,1712124709500000
31.93,1712124709750000
31.93,1712124710000000
31.93,1712124710250000
31.93,1712124710500000
31.93,1712124710750000
31.95,1712124711000000
31.95,1712124711250000
31.95,1712124711500000
31.95,1712124711750000
31.95,1712124712000000
31.95,1712124712250000
31.95,1712124712500000
31.95,1712124712750000
31.97,1712124713000000
31.97,1712124713250000
31.97,1712124713500000
31.97,1712124713750000
31.99,1712124714000000
31.99,1712124714250000
31.99,1712124714500000
31.99,1712124714750000
32.0,1712124715000000
32.0,1712124715250000
32.0,1712124715500000
32.0,1712124715750000
32.0,1712124716000000
32.0,1712124716250000
32.0,1712124716500000
32.0,1712124716750000
32.03,1712124717000000
32.03,1712124717250000
32.03,1712124717500000
32.03,1712124717750000
32.03,1712124718000000
32.03,1712124718250000
32.03,1712124718500000
32.03,1712124718750000
32.05,1712124719000000
32.05,1712124719250000
32.05,1712124719500000
32.05,1712124719750000
32.05,1712124720000000
32.05,1712124720250000
32.05,1712124720500000
32.05,1712124720750000
32.05,1712124721000000
32.05,1712124721250000
32.05,1712124721500000
32.05,1712124721750000
32.09,1712124722000000
32.09,1712124722250000
32.09,1712124722500000
32.09,1712124722750000
32.09,1712124723000000
32.09,1712124723250000
32.09,1712124723500000
32.09,1712124723750000
32.09,1712124724000000
32.09,1712124724250000
32.09,1712124724500000
32.09,1712124724750000
32.11,1712124725000000
32.11,1712124725250000
32.11,1712124725500000
32.11,1712124725750000
32.11,1712124726000000
32.11,1712124726250000
32.11,1712124726500000
32.11,1712124726750000
32.16,1712124727000000
32.16,1712124727250000
32.16,1712124727500000
32.16,1712124727750000
32.15,1712124728000000
32.15,1712124728250000
32.15,1712124728500000
32.15,1712124728750000
32.15,1712124729000000
32.15,1712124729250000
32.15,1712124729500000
32.15,1712124729750000
32.18,1712124730000000
32.18,1712124730250000
32.18,1712124730500000
32.18,1712124730750000
32.18,1712124731000000
32.18,1712124731250000
32.18,1712124731500000
32.18,1712124731750000
32.21,1712124732000000
32.21,1712124732250000
32.21,1712124732500000
32.21,1712124732750000
32.18,1712124733000000
32.18,1712124733250000
32.18,1712124733500000
32.18,1712124733750000
32.21,1712124734000000
32.21,1712124734250000
32.21,1712124734500000
32.21,1712124734750000
32.21,1712124735000000
32.21,1712124735250000
32.21,1712124735500000
32.21,1712124735750000
32.23,1712124736000000
32.23,1712124736250000
32.23,1712124736500000
32.23,1712124736750000
32.25,1712124737000000
32.25,1712124737250000
32.25,1712124737500000
32.25,1712124737750000
32.25,1712124738000000
32.25,1712124738250000
32.25,1712124738500000
32.25,1712124738750000
32.27,1712124739000000
32.27,1712124739250000
32.27,1712124739500000
32.27,1712124739750000
32.27,1712124740000000
32.27,1712124740250000
32.27,1712124740500000
32.27,1712124740750000
32.27,1712124741000000
32.27,1712124741250000
32.27,1712124741500000
32.27,1712124741750000
32.31,1712124742000000
32.31,1712124742250000
32.31,1712124742500000
32.31,1712124742750000
32.31,1712124743000000
32.31,1712124743250000
32.31,1712124743500000
32.31,1712124743750000
32.31,1712124744000000
32.31,1712124744250000
32.31,1712124744500000
32.31,1712124744750000
32.31,1712124745000000
32.31,1712124745250000
32.31,1712124745500000
32.31,1712124745750000
32.33,1712124746000000
32.33,1712124746250000
32.33,1712124746500000
32.33,1712124746750000
32.34,1712124747000000
32.34,1712124747250000
32.34,1712124747500000
32.34,1712124747750000
32.34,1712124748000000
32.34,1712124748250000
32.34,1712124748500000
32.34,1712124748750000
32.37,1712124749000000
32.37,1712124749250000
32.37,1712124749500000
32.37,1712124749750000
32.41,1712124750000000
32.41,1712124750250000
32.41,1712124750500000
32.41,1712124750750000
32.41,1712124751000000
32.41,1712124751250000
32.41,1712124751500000
32.41,1712124751750000
32.41,1712124752000000
32.41,1712124752250000
32.41,1712124752500000
32.41,1712124752750000
32.43,1712124753000000
32.43,1712124753250000
32.43,1712124753500000
32.43,1712124753750000
32.43,1712124754000000
32.43,1712124754250000
32.43,1712124754500000
32.43,1712124754750000
32.43,1712124755000000
32.43,1712124755250000
32.43,1712124755500000
32.43,1712124755750000
32.43,1712124756000000
32.43,1712124756250000
32.43,1712124756500000
32.43,1712124756750000
32.45,1712124757000000
32.45,1712124757250000
32.45,1712124757500000
32.45,1712124757750000
32.45,1712124758000000
32.45,1712124758250000
32.45,1712124758500000
32.45,1712124758750000
32.47,1712124759000000
32.47,1712124759250000
32.47,1712124759500000
32.47,1712124759750000
32.49,1712124760000000
32.49,1712124760250000
32.49,1712124760500000
32.49,1712124760750000
32.47,1712124761000000
32.47,1712124761250000
32.47,1712124761500000
32.47,1712124761750000
32.5,1712124762000000
32.5,1712124762250000
32.5,1712124762500000
32.5,1712124762750000
32.53,1712124763000000
32.53,1712124763250000
32.53,1712124763500000
32.53,1712124763750000
32.5,1712124764000000
32.5,1712124764250000
32.5,1712124764500000
32.5,1712124764750000
32.57,1712124765000000
32.57,1712124765250000
32.57,1712124765500000
32.57,1712124765750000
32.57,1712124766000000
32.57,1712124766250000
32.57,1712124766500000
32.57,1712124766750000
32.55,1712124767000000
32.55,1712124767250000
32.55,1712124767500000
32.55,1712124767750000
32.57,1712124768000000
32.57,1712124768250000
32.57,1712124768500000
32.57,1712124768750000
32.55,1712124769000000
32.55,1712124769250000
32.55,1712124769500000
32.55,1712124769750000
32.59,1712124770000000
32.59,1712124770250000
32.59,1712124770500000
32.59,1712124770750000
32.59,1712124771000000
32.59,1712124771250000
32.59,1712124771500000
32.59,1712124771750000
32.59,1712124772000000
32.59,1712124772250000
32.59,1712124772500000
32.59,1712124772750000
32.61,1712124773000000
32.61,1712124773250000
32.61,1712124773500000
32.61,1712124773750000
32.61,1712124774000000
32.61,1712124774250000
32.61,1712124774500000
32.61,1712124774750000
32.61,1712124775000000
32.61,1712124775250000
32.61,1712124775500000
32.61,1712124775750000
32.63,1712124776000000
32.63,1712124776250000
32.63,1712124776500000
32.63,1712124776750000
32.63,1712124777000000
32.63,1712124777250000
32.63,1712124777500000
32.63,1712124777750000
32.66,1712124778000000
32.66,1712124778250000
32.66,1712124778500000
32.66,1712124778750000
32.65,1712124779000000
32.65,1712124779250000
32.65,1712124779500000
32.65,1712124779750000
32.68,1712124780000000
32.68,1712124780250000
32.68,1712124780500000
32.68,1712124780750000
32.68,1712124781000000
32.68,1712124781250000
32.68,1712124781500000
32.68,1712124781750000
32.68,1712124782000000
32.68,1712124782250000
32.68,1712124782500000
32.68,1712124782750000
32.71,1712124783000000
32.71,1712124783250000
32.71,1712124783500000
32.71,1712124783750000
32.68,1712124784000000
32.68,1712124784250000
32.68,1712124784500000
32.68,1712124784750000
32.71,1712124785000000
32.71,1712124785250000
32.71,1712124785500000
32.71,1712124785750000
32.75,1712124786000000
32.75,1712124786250000
32.75,1712124786500000
32.75,1712124786750000
32.75,1712124787000000
32.75,1712124787250000
32.75,1712124787500000
32.75,1712124787750000
32.75,1712124788000000
32.75,1712124788250000
32.75,1712124788500000
32.75,1712124788750000
32.77,1712124789000000
32.77,1712124789250000
32.77,1712124789500000
32.77,1712124789750000
32.77,1712124790000000
32.77,1712124790250000
32.77,1712124790500000
32.77,1712124790750000
32.79,1712124791000000
32.79,1712124791250000
32.79,1712124791500000
32.79,1712124791750000
32.79,1712124792000000
32.79,1712124792250000
32.79,1712124792500000
32.79,1712124792750000
32.79,1712124793000000
32.79,1712124793250000
32.79,1712124793500000
32.79,1712124793750000
32.81,1712124794000000
32.81,1712124794250000
32.81,1712124794500000
32.81,1712124794750000
32.83,1712124795000000
32.83,1712124795250000
32.83,1712124795500000
32.83,1712124795750000
32.83,1712124796000000
32.83,1712124796250000
32.83,1712124796500000
32.83,1712124796750000
32.83,1712124797000000
32.83,1712124797250000
32.83,1712124797500000
32.83,1712124797750000
32.83,1712124798000000
32.83,1712124798250000
32.83,1712124798500000
32.83,1712124798750000
32.84,1712124799000000
32.84,1712124799250000
32.84,1712124799500000
32.84,1712124799750000
32.87,1712124800000000
32.87,1712124800250000
32.87,1712124800500000
32.87,1712124800750000
32.89,1712124801000000
32.89,1712124801250000
32.89,1712124801500000
32.89,1712124801750000
32.89,1712124802000000
32.89,1712124802250000
32.89,1712124802500000
32.89,1712124802750000
32.87,1712124803000000
32.87,1712124803250000
32.87,1712124803500000
32.87,1712124803750000
32.89,1712124804000000
32.89,1712124804250000
32.89,1712124804500000
32.89,1712124804750000
32.91,1712124805000000
32.91,1712124805250000
32.91,1712124805500000
32.91,1712124805750000
32.93,1712124806000000
32.93,1712124806250000
32.93,1712124806500000
32.93,1712124806750000
32.93,1712124807000000
32.93,1712124807250000
32.93,1712124807500000
32.93,1712124807750000
32.95,1712124808000000
32.95,1712124808250000
32.95,1712124808500000
32.95,1712124808750000
32.93,1712124809000000
32.93,1712124809250000
32.93,1712124809500000
32.93,1712124809750000
32.95,1712124810000000
32.95,1712124810250000
32.95,1712124810500000
32.95,1712124810750000
32.99,1712124811000000
32.99,1712124811250000
32.99,1712124811500000
32.99,1712124811750000
32.97,1712124812000000
32.97,1712124812250000
32.97,1712124812500000
32.97,1712124812750000
32.99,1712124813000000
32.99,1712124813250000
32.99,1712124813500000
32.99,1712124813750000
32.97,1712124814000000
32.97,1712124814250000
32.97,1712124814500000
32.97,1712124814750000
32.99,1712124815000000
32.99,1712124815250000
32.99,1712124815500000
32.99,1712124815750000
33.03,1712124816000000
33.03,1712124816250000
33.03,1712124816500000
33.03,1712124816750000
33.0,1712124817000000
33.0,1712124817250000
33.0,1712124817500000
33.0,1712124817750000
33.03,1712124818000000
33.03,1712124818250000
33.03,1712124818500000
33.03,1712124818750000
33.0,1712124819000000
33.0,1712124819250000
33.0,1712124819500000
33.0,1712124819750000
33.05,1712124820000000
33.05,1712124820250000
33.05,1712124820500000
33.05,1712124820750000
33.03,1712124821000000
33.03,1712124821250000
33.03,1712124821500000
33.03,1712124821750000
33.03,1712124822000000
33.03,1712124822250000
33.03,1712124822500000
33.03,1712124822750000
33.07,1712124823000000
33.07,1712124823250000
33.07,1712124823500000
33.07,1712124823750000
33.07,1712124824000000
33.07,1712124824250000
33.07,1712124824500000
33.07,1712124824750000
33.09,1712124825000000
33.09,1712124825250000
33.09,1712124825500000
33.09,1712124825750000
33.09,1712124826000000
33.09,1712124826250000
33.09,1712124826500000
33.09,1712124826750000
33.11,1712124827000000
33.11,1712124827250000
33.11,1712124827500000
33.11,1712124827750000
33.11,1712124828000000
33.11,1712124828250000
33.11,1712124828500000
33.11,1712124828750000
33.11,1712124829000000
33.11,1712124829250000
33.11,1712124829500000
33.11,1712124829750000
33.13,1712124830000000
33.13,1712124830250000
33.13,1712124830500000
33.13,1712124830750000
33.13,1712124831000000
33.13,1712124831250000
33.13,1712124831500000
33.13,1712124831750000
33.13,1712124832000000
33.13,1712124832250000
33.13,1712124832500000
33.13,1712124832750000
33.11,1712124833000000
33.11,1712124833250000
33.11,1712124833500000
33.11,1712124833750000
33.15,1712124834000000
33.15,1712124834250000
33.15,1712124834500000
33.15,1712124834750000
33.15,1712124835000000
33.15,1712124835250000
33.15,1712124835500000
33.15,1712124835750000
33.16,1712124836000000
33.16,1712124836250000
33.16,1712124836500000
33.16,1712124836750000
33.18,1712124837000000
33.18,1712124837250000
33.18,1712124837500000
33.18,1712124837750000
33.18,1712124838000000
33.18,1712124838250000
33.18,1712124838500000
33.18,1712124838750000
33.18,1712124839000000
33.18,1712124839250000
33.18,1712124839500000
33.18,1712124839750000
33.21,1712124840000000
33.21,1712124840250000
33.21,1712124840500000
33.21,1712124840750000
33.23,1712124841000000
33.23,1712124841250000
33.23,1712124841500000
33.23,1712124841750000
33.21,1712124842000000
33.21,1712124842250000
33.21,1712124842500000
33.21,1712124842750000
33.21,1712124843000000
33.21,1712124843250000
33.21,1712124843500000
33.21,1712124843750000
33.25,1712124844000000
33.25,1712124844250000
33.25,1712124844500000
33.25,1712124844750000
33.25,1712124845000000
33.25,1712124845250000
33.25,1712124845500000
33.25,1712124845750000
33.23,1712124846000000
33.23,1712124846250000
33.23,1712124846500000
33.23,1712124846750000
33.25,1712124847000000
33.25,1712124847250000
33.25,1712124847500000
33.25,1712124847750000
33.27,1712124848000000
33.27,1712124848250000
33.27,1712124848500000
33.27,1712124848750000
33.27,1712124849000000
33.27,1712124849250000
33.27,1712124849500000
33.27,1712124849750000
33.27,1712124850000000
33.27,1712124850250000
33.27,1712124850500000
33.27,1712124850750000
33.27,1712124851000000
33.27,1712124851250000
33.27,1712124851500000
33.27,1712124851750000
33.29,1712124852000000
33.29,1712124852250000
33.29,1712124852500000
33.29,1712124852750000
33.27,1712124853000000
33.27,1712124853250000
33.27,1712124853500000
33.27,1712124853750000
33.31,1712124854000000
33.31,1712124854250000
33.31,1712124854500000
33.31,1712124854750000
33.31,1712124855000000
33.31,1712124855250000
33.31,1712124855500000
33.31,1712124855750000
33.31,1712124856000000
33.31,1712124856250000
33.31,1712124856500000
33.31,1712124856750000
33.31,1712124857000000
33.31,1712124857250000
33.31,1712124857500000
33.31,1712124857750000
33.34,1712124858000000
33.34,1712124858250000
33.34,1712124858500000
33.34,1712124858750000
33.34,1712124859000000
33.34,1712124859250000
33.34,1712124859500000
33.34,1712124859750000
33.37,1712124860000000
33.37,1712124860250000
33.37,1712124860500000
33.37,1712124860750000
33.34,1712124861000000
33.34,1712124861250000
33.34,1712124861500000
33.34,1712124861750000
33.39,1712124862000000
33.39,1712124862250000
33.39,1712124862500000
33.39,1712124862750000
33.39,1712124863000000
33.39,1712124863250000
33.39,1712124863500000
33.39,1712124863750000
33.39,1712124864000000
33.39,1712124864250000
33.39,1712124864500000
33.39,1712124864750000
33.37,1712124865000000
33.37,1712124865250000
33.37,1712124865500000
33.37,1712124865750000
33.39,1712124866000000
33.39,1712124866250000
33.39,1712124866500000
33.39,1712124866750000
33.41,1712124867000000
33.41,1712124867250000
33.41,1712124867500000
33.41,1712124867750000
33.41,1712124868000000
33.41,1712124868250000
33.41,1712124868500000
33.41,1712124868750000
33.41,1712124869000000
33.41,1712124869250000
33.41,1712124869500000
33.41,1712124869750000
33.41,1712124870000000
33.41,1712124870250000
33.41,1712124870500000
33.41,1712124870750000
33.41,1712124871000000
33.41,1712124871250000
33.41,1712124871500000
33.41,1712124871750000
33.43,1712124872000000
33.43,1712124872250000
33.43,1712124872500000
33.43,1712124872750000
33.43,1712124873000000
33.43,1712124873250000
33.43,1712124873500000
33.43,1712124873750000
33.43,1712124874000000
33.43,1712124874250000
33.43,1712124874500000
33.43,1712124874750000
33.45,1712124875000000
33.45,1712124875250000
33.45,1712124875500000
33.45,1712124875750000
33.45,1712124876000000
33.45,1712124876250000
33.45,1712124876500000
33.45,1712124876750000
33.47,1712124877000000
33.47,1712124877250000
33.47,1712124877500000
33.47,1712124877750000
33.47,1712124878000000
33.47,1712124878250000
33.47,1712124878500000
33.47,1712124878750000
33.49,1712124879000000
33.49,1712124879250000
33.49,1712124879500000
33.49,1712124879750000
33.47,1712124880000000
33.47,1712124880250000
33.47,1712124880500000
33.47,1712124880750000
33.47,1712124881000000
33.47,1712124881250000
33.47,1712124881500000
33.47,1712124881750000
33.5,1712124882000000
33.5,1712124882250000
33.5,1712124882500000
33.5,1712124882750000
33.49,1712124883000000
33.49,1712124883250000
33.49,1712124883500000
33.49,1712124883750000
33.5,1712124884000000
33.5,1712124884250000
33.5,1712124884500000
33.5,1712124884750000
33.49,1712124885000000
33.49,1712124885250000
33.49,1712124885500000
33.49,1712124885750000
33.49,1712124886000000
33.49,1712124886250000
33.49,1712124886500000
33.49,1712124886750000
33.5,1712124887000000
33.5,1712124887250000
33.5,1712124887500000
33.5,1712124887750000
33.5,1712124888000000
33.5,1712124888250000
33.5,1712124888500000
33.5,1712124888750000
33.53,1712124889000000
33.53,1712124889250000
33.53,1712124889500000
33.53,1712124889750000
33.5,1712124890000000
33.5,1712124890250000
33.5,1712124890500000
33.5,1712124890750000
33.53,1712124891000000
33.53,1712124891250000
33.53,1712124891500000
33.53,1712124891750000
33.5,1712124892000000
33.5,1712124892250000
33.5,1712124892500000
33.5,1712124892750000
33.5,1712124893000000
33.5,1712124893250000
33.5,1712124893500000
33.5,1712124893750000
33.53,1712124894000000
33.53,1712124894250000
33.53,1712124894500000
33.53,1712124894750000
33.55,1712124895000000
33.55,1712124895250000
33.55,1712124895500000
33.55,1712124895750000
33.53,1712124896000000
33.53,1712124896250000
33.53,1712124896500000
33.53,1712124896750000
33.55,1712124897000000
33.55,1712124897250000
33.55,1712124897500000
33.55,1712124897750000
33.57,1712124898000000
33.57,1712124898250000
33.57,1712124898500000
33.57,1712124898750000
33.55,1712124899000000
33.55,1712124899250000
33.55,1712124899500000
33.55,1712124899750000
33.57,1712124900000000
33.57,1712124900250000
33.57,1712124900500000
33.57,1712124900750000
33.57,1712124901000000
33.57,1712124901250000
33.57,1712124901500000
33.57,1712124901750000
33.57,1712124902000000
33.57,1712124902250000
33.57,1712124902500000
33.57,1712124902750000
33.59,1712124903000000
33.59,1712124903250000
33.59,1712124903500000
33.59,1712124903750000
33.57,1712124904000000
33.57,1712124904250000
33.57,1712124904500000
33.57,1712124904750000
33.57,1712124905000000
33.57,1712124905250000
33.57,1712124905500000
33.57,1712124905750000
33.59,1712124906000000
33.59,1712124906250000
33.59,1712124906500000
33.59,1712124906750000
33.57,1712124907000000
33.57,1712124907250000
33.57,1712124907500000
33.57,1712124907750000
33.59,1712124908000000
33.59,1712124908250000
33.59,1712124908500000
33.59,1712124908750000
33.59,1712124909000000
33.59,1712124909250000
33.59,1712124909500000
33.59,1712124909750000
33.57,1712124910000000
33.57,1712124910250000
33.57,1712124910500000
33.57,1712124910750000
33.59,1712124911000000
33.59,1712124911250000
33.59,1712124911500000
33.59,1712124911750000
33.57,1712124912000000
33.57,1712124912250000
33.57,1712124912500000
33.57,1712124912750000
33.59,1712124913000000
33.59,1712124913250000
33.59,1712124913500000
33.59,1712124913750000
33.61,1712124914000000
33.61,1712124914250000
33.61,1712124914500000
33.61,1712124914750000
33.59,1712124915000000
33.59,1712124915250000
33.59,1712124915500000
33.59,1712124915750000
33.59,1712124916000000
33.59,1712124916250000
33.59,1712124916500000
33.59,1712124916750000
33.61,1712124917000000
33.61,1712124917250000
33.61,1712124917500000
33.61,1712124917750000
33.59,1712124918000000
33.59,1712124918250000
33.59,1712124918500000
33.59,1712124918750000
33.61,1712124919000000
33.61,1712124919250000
33.61,1712124919500000
33.61,1712124919750000
33.61,1712124920000000
33.61,1712124920250000
33.61,1712124920500000
33.61,1712124920750000
33.61,1712124921000000
33.61,1712124921250000
33.61,1712124921500000
33.61,1712124921750000
33.61,1712124922000000
33.61,1712124922250000
33.61,1712124922500000
33.61,1712124922750000
33.61,1712124923000000
33.61,1712124923250000
33.61,1712124923500000
33.61,1712124923750000
33.63,1712124924000000
33.63,1712124924250000
33.63,1712124924500000
33.63,1712124924750000
33.59,1712124925000000
33.59,1712124925250000
33.59,1712124925500000
33.59,1712124925750000
33.61,1712124926000000
33.61,1712124926250000
33.61,1712124926500000
33.61,1712124926750000
33.63,1712124927000000
33.63,1712124927250000
33.63,1712124927500000
33.63,1712124927750000
33.63,1712124928000000
33.63,1712124928250000
33.63,1712124928500000
33.63,1712124928750000
33.61,1712124929000000
33.61,1712124929250000
33.61,1712124929500000
33.61,1712124929750000
33.61,1712124930000000
33.61,1712124930250000
33.61,1712124930500000
33.61,1712124930750000
33.63,1712124931000000
33.63,1712124931250000
33.63,1712124931500000
33.63,1712124931750000
33.59,1712124932000000
33.59,1712124932250000
33.59,1712124932500000
33.59,1712124932750000
33.63,1712124933000000
33.63,1712124933250000
33.63,1712124933500000
33.63,1712124933750000
33.63,1712124934000000
33.63,1712124934250000
33.63,1712124934500000
33.63,1712124934750000
33.65,1712124935000000
33.65,1712124935250000
33.65,1712124935500000
33.65,1712124935750000
33.61,1712124936000000
33.61,1712124936250000
33.61,1712124936500000
33.61,1712124936750000
33.63,1712124937000000
33.63,1712124937250000
33.63,1712124937500000
33.63,1712124937750000
33.61,1712124938000000
33.61,1712124938250000
33.61,1712124938500000
33.61,1712124938750000
33.63,1712124939000000
33.63,1712124939250000
33.63,1712124939500000
33.63,1712124939750000
33.61,1712124940000000
33.61,1712124940250000
33.61,1712124940500000
33.61,1712124940750000
33.61,1712124941000000
33.61,1712124941250000
33.61,1712124941500000
33.61,1712124941750000
33.63,1712124942000000
33.63,1712124942250000
33.63,1712124942500000
33.63,1712124942750000
33.63,1712124943000000
33.63,1712124943250000
33.63,1712124943500000
33.63,1712124943750000
33.63,1712124944000000
33.63,1712124944250000
33.63,1712124944500000
33.63,1712124944750000
33.61,1712124945000000
33.61,1712124945250000
33.61,1712124945500000
33.61,1712124945750000
33.61,1712124946000000
33.61,1712124946250000
33.61,1712124946500000
33.61,1712124946750000
33.61,1712124947000000
33.61,1712124947250000
33.61,1712124947500000
33.61,1712124947750000
33.59,1712124948000000
33.59,1712124948250000
33.59,1712124948500000
33.59,1712124948750000
33.61,1712124949000000
33.61,1712124949250000
33.61,1712124949500000
33.61,1712124949750000
33.61,1712124950000000
33.61,1712124950250000
33.61,1712124950500000
33.61,1712124950750000
33.59,1712124951000000
33.59,1712124951250000
33.59,1712124951500000
33.59,1712124951750000
33.63,1712124952000000
33.63,1712124952250000
33.63,1712124952500000
33.63,1712124952750000
33.61,1712124953000000
33.61,1712124953250000
33.61,1712124953500000
33.61,1712124953750000
33.61,1712124954000000
33.61,1712124954250000
33.61,1712124954500000
33.61,1712124954750000
33.59,1712124955000000
33.59,1712124955250000
33.59,1712124955500000
33.59,1712124955750000
33.61,1712124956000000
33.61,1712124956250000
33.61,1712124956500000
33.61,1712124956750000
33.63,1712124957000000
33.63,1712124957250000
33.63,1712124957500000
33.63,1712124957750000
33.61,1712124958000000
33.61,1712124958250000
33.61,1712124958500000
33.61,1712124958750000
33.61,1712124959000000
33.61,1712124959250000
33.61,1712124959500000
33.61,1712124959750000
33.59,1712124960000000
33.59,1712124960250000
33.59,1712124960500000
33.59,1712124960750000
33.59,1712124961000000
33.59,1712124961250000
33.59,1712124961500000
33.59,1712124961750000
33.61,1712124962000000
33.61,1712124962250000
33.61,1712124962500000
33.61,1712124962750000
33.59,1712124963000000
33.59,1712124963250000
33.59,1712124963500000
33.59,1712124963750000
33.61,1712124964000000
33.61,1712124964250000
33.61,1712124964500000
33.61,1712124964750000
33.61,1712124965000000
33.61,1712124965250000
33.61,1712124965500000
33.61,1712124965750000
33.59,1712124966000000
33.59,1712124966250000
33.59,1712124966500000
33.59,1712124966750000
33.59,1712124967000000
33.59,1712124967250000
33.59,1712124967500000
33.59,1712124967750000
33.57,1712124968000000
33.57,1712124968250000
33.57,1712124968500000
33.57,1712124968750000
33.59,1712124969000000
33.59,1712124969250000
33.59,1712124969500000
33.59,1712124969750000
33.59,1712124970000000
33.59,1712124970250000
33.59,1712124970500000
33.59,1712124970750000
33.59,1712124971000000
33.59,1712124971250000
33.59,1712124971500000
33.59,1712124971750000
33.59,1712124972000000
33.59,1712124972250000
33.59,1712124972500000
33.59,1712124972750000
33.61,1712124973000000
33.61,1712124973250000
33.61,1712124973500000
33.61,1712124973750000
33.61,1712124974000000
33.61,1712124974250000
33.61,1712124974500000
33.61,1712124974750000
33.59,1712124975000000
33.59,1712124975250000
33.59,1712124975500000
33.59,1712124975750000
33.61,1712124976000000
33.61,1712124976250000
33.61,1712124976500000
33.61,1712124976750000
33.59,1712124977000000
33.59,1712124977250000
33.59,1712124977500000
33.59,1712124977750000
33.59,1712124978000000
33.59,1712124978250000
33.59,1712124978500000
33.59,1712124978750000
33.59,1712124979000000
33.59,1712124979250000
33.59,1712124979500000
33.59,1712124979750000
33.59,1712124980000000
33.59,1712124980250000
33.59,1712124980500000
33.59,1712124980750000
33.59,1712124981000000
33.59,1712124981250000
33.59,1712124981500000
33.59,1712124981750000
33.61,1712124982000000
33.61,1712124982250000
33.61,1712124982500000
33.61,1712124982750000
33.61,1712124983000000
33.61,1712124983250000
33.61,1712124983500000
33.61,1712124983750000
33.59,1712124984000000
33.59,1712124984250000
33.59,1712124984500000
33.59,1712124984750000
33.61,1712124985000000
33.61,1712124985250000
33.61,1712124985500000
33.61,1712124985750000
33.59,1712124986000000
33.59,1712124986250000
33.59,1712124986500000
33.59,1712124986750000
33.61,1712124987000000
33.61,1712124987250000
33.61,1712124987500000
33.61,1712124987750000
33.61,1712124988000000
33.61,1712124988250000
33.61,1712124988500000
33.61,1712124988750000
33.63,1712124989000000
33.63,1712124989250000
33.63,1712124989500000
33.63,1712124989750000
33.61,1712124990000000
33.61,1712124990250000
33.61,1712124990500000
33.61,1712124990750000
33.61,1712124991000000
33.61,1712124991250000
33.61,1712124991500000
33.61,1712124991750000
33.61,1712124992000000
33.61,1712124992250000
33.61,1712124992500000
33.61,1712124992750000
33.63,1712124993000000
33.63,1712124993250000
33.63,1712124993500000
33.63,1712124993750000
33.63,1712124994000000
33.63,1712124994250000
33.63,1712124994500000
33.63,1712124994750000
33.59,1712124995000000
33.59,1712124995250000
33.59,1712124995500000
33.59,1712124995750000
33.63,1712124996000000
33.63,1712124996250000
33.63,1712124996500000
33.63,1712124996750000
33.61,1712124997000000
33.61,1712124997250000
33.61,1712124997500000
33.61,1712124997750000
33.61,1712124998000000
33.61,1712124998250000
33.61,1712124998500000
33.61,1712124998750000
33.59,1712124999000000
33.59,1712124999250000
33.59,1712124999500000
33.59,1712124999750000
33.61,1712125000000000
33.61,1712125000250000
33.61,1712125000500000
33.61,1712125000750000
33.61,1712125001000000
33.61,1712125001250000
33.61,1712125001500000
33.61,1712125001750000
33.61,1712125002000000
33.61,1712125002250000
33.61,1712125002500000
33.61,1712125002750000
33.61,1712125003000000
33.61,1712125003250000
33.61,1712125003500000
33.61,1712125003750000
33.61,1712125004000000
33.61,1712125004250000
33.61,1712125004500000
33.61,1712125004750000
33.61,1712125005000000
33.61,1712125005250000
33.61,1712125005500000
33.61,1712125005750000
33.61,1712125006000000
33.61,1712125006250000
33.61,1712125006500000
33.61,1712125006750000
33.63,1712125007000000
33.63,1712125007250000
33.63,1712125007500000
33.63,1712125007750000
33.61,1712125008000000
33.61,1712125008250000
33.61,1712125008500000
33.61,1712125008750000
33.63,1712125009000000
33.63,1712125009250000
33.63,1712125009500000
33.63,1712125009750000
33.63,1712125010000000
33.63,1712125010250000
33.63,1712125010500000
33.63,1712125010750000
33.63,1712125011000000
33.63,1712125011250000
33.63,1712125011500000
33.63,1712125011750000
33.63,1712125012000000
33.63,1712125012250000
33.63,1712125012500000
33.63,1712125012750000
33.63,1712125013000000
33.63,1712125013250000
33.63,1712125013500000
33.63,1712125013750000
33.61,1712125014000000
33.61,1712125014250000
33.61,1712125014500000
33.61,1712125014750000
33.63,1712125015000000
33.63,1712125015250000
33.63,1712125015500000
33.63,1712125015750000
33.63,1712125016000000
33.63,1712125016250000
33.63,1712125016500000
33.63,1712125016750000
33.66,1712125017000000
33.66,1712125017250000
33.66,1712125017500000
33.66,1712125017750000
33.63,1712125018000000
33.63,1712125018250000
33.63,1712125018500000
33.63,1712125018750000
33.61,1712125019000000
33.61,1712125019250000
33.61,1712125019500000
33.61,1712125019750000
33.65,1712125020000000
33.65,1712125020250000
33.65,1712125020500000
33.65,1712125020750000
33.63,1712125021000000
33.63,1712125021250000
33.63,1712125021500000
33.63,1712125021750000
33.65,1712125022000000
33.65,1712125022250000
33.65,1712125022500000
33.65,1712125022750000
33.63,1712125023000000
33.63,1712125023250000
33.63,1712125023500000
33.63,1712125023750000
33.65,1712125024000000
33.65,1712125024250000
33.65,1712125024500000
33.65,1712125024750000
33.65,1712125025000000
33.65,1712125025250000
33.65,1712125025500000
33.65,1712125025750000
33.65,1712125026000000
33.65,1712125026250000
33.65,1712125026500000
33.65,1712125026750000
33.65,1712125027000000
33.65,1712125027250000
33.65,1712125027500000
33.65,1712125027750000
33.66,1712125028000000
33.66,1712125028250000
33.66,1712125028500000
33.66,1712125028750000
33.65,1712125029000000
33.65,1712125029250000
33.65,1712125029500000
33.65,1712125029750000
33.66,1712125030000000
33.66,1712125030250000
33.66,1712125030500000
33.66,1712125030750000
33.66,1712125031000000
33.66,1712125031250000
33.66,1712125031500000
33.66,1712125031750000
33.66,1712125032000000
33.66,1712125032250000
33.66,1712125032500000
33.66,1712125032750000
33.66,1712125033000000
33.66,1712125033250000
33.66,1712125033500000
33.66,1712125033750000
33.66,1712125034000000
33.66,1712125034250000
33.66,1712125034500000
33.66,1712125034750000
33.66,1712125035000000
33.66,1712125035250000
33.66,1712125035500000
33.66,1712125035750000
33.66,1712125036000000
33.66,1712125036250000
33.66,1712125036500000
33.66,1712125036750000
33.66,1712125037000000
33.66,1712125037250000
33.66,1712125037500000
33.66,1712125037750000
33.68,1712125038000000
33.68,1712125038250000
33.68,1712125038500000
33.68,1712125038750000
33.68,1712125039000000
33.68,1712125039250000
33.68,1712125039500000
33.68,1712125039750000
33.66,1712125040000000
33.66,1712125040250000
33.66,1712125040500000
33.66,1712125040750000
33.68,1712125041000000
33.68,1712125041250000
33.68,1712125041500000
33.68,1712125041750000
33.68,1712125042000000
33.68,1712125042250000
33.68,1712125042500000
33.68,1712125042750000
33.68,1712125043000000
33.68,1712125043250000
33.68,1712125043500000
33.68,1712125043750000
33.71,1712125044000000
33.71,1712125044250000
33.71,1712125044500000
33.71,1712125044750000
33.68,1712125045000000
33.68,1712125045250000
33.68,1712125045500000
33.68,1712125045750000
33.71,1712125046000000
33.71,1712125046250000
33.71,1712125046500000
33.71,1712125046750000
33.68,1712125047000000
33.68,1712125047250000
33.68,1712125047500000
33.68,1712125047750000
33.68,1712125048000000
33.68,1712125048250000
33.68,1712125048500000
33.68,1712125048750000
33.68,1712125049000000
33.68,1712125049250000
33.68,1712125049500000
33.68,1712125049750000
33.71,1712125050000000
33.71,1712125050250000
33.71,1712125050500000
33.71,1712125050750000
33.68,1712125051000000
33.68,1712125051250000
33.68,1712125051500000
33.68,1712125051750000
33.71,1712125052000000
33.71,1712125052250000
33.71,1712125052500000
33.71,1712125052750000
33.71,1712125053000000
33.71,1712125053250000
33.71,1712125053500000
33.71,1712125053750000
33.71,1712125054000000
33.71,1712125054250000
33.71,1712125054500000
33.71,1712125054750000
33.71,1712125055000000
33.71,1712125055250000
33.71,1712125055500000
33.71,1712125055750000
33.71,1712125056000000
33.71,1712125056250000
33.71,1712125056500000
33.71,1712125056750000
33.73,1712125057000000
33.73,1712125057250000
33.73,1712125057500000
33.73,1712125057750000
33.71,1712125058000000
33.71,1712125058250000
33.71,1712125058500000
33.71,1712125058750000
33.71,1712125059000000
33.71,1712125059250000
33.71,1712125059500000
33.71,1712125059750000
33.71,1712125060000000
33.71,1712125060250000
33.71,1712125060500000
33.71,1712125060750000
33.71,1712125061000000
33.71,1712125061250000
33.71,1712125061500000
33.71,1712125061750000
33.68,1712125062000000
33.68,1712125062250000
33.68,1712125062500000
33.68,1712125062750000
33.73,1712125063000000
33.73,1712125063250000
33.73,1712125063500000
33.73,1712125063750000
33.73,1712125064000000
33.73,1712125064250000
33.73,1712125064500000
33.73,1712125064750000
33.68,1712125065000000
33.68,1712125065250000
33.68,1712125065500000
33.68,1712125065750000
33.73,1712125066000000
33.73,1712125066250000
33.73,1712125066500000
33.73,1712125066750000
33.71,1712125067000000
33.71,1712125067250000
33.71,1712125067500000
33.71,1712125067750000
33.73,1712125068000000
33.73,1712125068250000
33.73,1712125068500000
33.73,1712125068750000
33.73,1712125069000000
33.73,1712125069250000
33.73,1712125069500000
33.73,1712125069750000
33.71,1712125070000000
33.71,1712125070250000
33.71,1712125070500000
33.71,1712125070750000
33.73,1712125071000000
33.73,1712125071250000
33.73,1712125071500000
33.73,1712125071750000
33.75,1712125072000000
33.75,1712125072250000
33.75,1712125072500000
33.75,1712125072750000
33.75,1712125073000000
33.75,1712125073250000
33.75,1712125073500000
33.75,1712125073750000
33.73,1712125074000000
33.73,1712125074250000
33.73,1712125074500000
33.73,1712125074750000
33.73,1712125075000000
33.73,1712125075250000
33.73,1712125075500000
33.73,1712125075750000
33.75,1712125076000000
33.75,1712125076250000
33.75,1712125076500000
33.75,1712125076750000
33.75,1712125077000000
33.75,1712125077250000
33.75,1712125077500000
33.75,1712125077750000
33.77,1712125078000000
33.77,1712125078250000
33.77,1712125078500000
33.77,1712125078750000
33.77,1712125079000000
33.77,1712125079250000
33.77,1712125079500000
33.77,1712125079750000
33.77,1712125080000000
33.77,1712125080250000
33.77,1712125080500000
33.77,1712125080750000
33.75,1712125081000000
33.75,1712125081250000
33.75,1712125081500000
33.75,1712125081750000
33.75,1712125082000000
33.75,1712125082250000
33.75,1712125082500000
33.75,1712125082750000
33.77,1712125083000000
33.77,1712125083250000
33.77,1712125083500000
33.77,1712125083750000
33.77,1712125084000000
33.77,1712125084250000
33.77,1712125084500000
33.77,1712125084750000
33.75,1712125085000000
33.75,1712125085250000
33.75,1712125085500000
33.75,1712125085750000
33.75,1712125086000000
33.75,1712125086250000
33.75,1712125086500000
33.75,1712125086750000
33.77,1712125087000000
33.77,1712125087250000
33.77,1712125087500000
33.77,1712125087750000
33.79,1712125088000000
33.79,1712125088250000
33.79,1712125088500000
33.79,1712125088750000
33.77,1712125089000000
33.77,1712125089250000
33.77,1712125089500000
33.77,1712125089750000
33.79,1712125090000000
33.79,1712125090250000
33.79,1712125090500000
33.79,1712125090750000
33.77,1712125091000000
33.77,1712125091250000
33.77,1712125091500000
33.77,1712125091750000
33.79,1712125092000000
33.79,1712125092250000
33.79,1712125092500000
33.79,1712125092750000
33.79,1712125093000000
33.79,1712125093250000
33.79,1712125093500000
33.79,1712125093750000
33.79,1712125094000000
33.79,1712125094250000
33.79,1712125094500000
33.79,1712125094750000
33.79,1712125095000000
33.79,1712125095250000
33.79,1712125095500000
33.79,1712125095750000
33.81,1712125096000000
33.81,1712125096250000
33.81,1712125096500000
33.81,1712125096750000
33.83,1712125097000000
33.83,1712125097250000
33.83,1712125097500000
33.83,1712125097750000
33.83,1712125098000000
33.83,1712125098250000
33.83,1712125098500000
33.83,1712125098750000
33.83,1712125099000000
33.83,1712125099250000
33.83,1712125099500000
33.83,1712125099750000
33.83,1712125100000000
33.83,1712125100250000
33.83,1712125100500000
33.83,1712125100750000
33.83,1712125101000000
33.83,1712125101250000
33.83,1712125101500000
33.83,1712125101750000
33.83,1712125102000000
33.83,1712125102250000
33.83,1712125102500000
33.83,1712125102750000
33.83,1712125103000000
33.83,1712125103250000
33.83,1712125103500000
33.83,1712125103750000
33.87,1712125104000000
33.87,1712125104250000
33.87,1712125104500000
33.87,1712125104750000
33.84,1712125105000000
33.84,1712125105250000
33.84,1712125105500000
33.84,1712125105750000
33.84,1712125106000000
33.84,1712125106250000
33.84,1712125106500000
33.84,1712125106750000
33.87,1712125107000000
33.87,1712125107250000
33.87,1712125107500000
33.87,1712125107750000
33.87,1712125108000000
33.87,1712125108250000
33.87,1712125108500000
33.87,1712125108750000
33.89,1712125109000000
33.89,1712125109250000
33.89,1712125109500000
33.89,1712125109750000
33.84,1712125110000000
33.84,1712125110250000
33.84,1712125110500000
33.84,1712125110750000
33.84,1712125111000000
33.84,1712125111250000
33.84,1712125111500000
33.84,1712125111750000
33.87,1712125112000000
33.87,1712125112250000
33.87,1712125112500000
33.87,1712125112750000
33.89,1712125113000000
33.89,1712125113250000
33.89,1712125113500000
33.89,1712125113750000
33.89,1712125114000000
33.89,1712125114250000
33.89,1712125114500000
33.89,1712125114750000
33.89,1712125115000000
33.89,1712125115250000
33.89,1712125115500000
33.89,1712125115750000
33.89,1712125116000000
33.89,1712125116250000
33.89,1712125116500000
33.89,1712125116750000
33.89,1712125117000000
33.89,1712125117250000
33.89,1712125117500000
33.89,1712125117750000
33.89,1712125118000000
33.89,1712125118250000
33.89,1712125118500000
33.89,1712125118750000
33.89,1712125119000000
33.89,1712125119250000
33.89,1712125119500000
33.89,1712125119750000
33.89,1712125120000000
33.89,1712125120250000
33.89,1712125120500000
33.89,1712125120750000
33.91,1712125121000000
33.91,1712125121250000
33.91,1712125121500000
33.91,1712125121750000
33.91,1712125122000000
33.91,1712125122250000
33.91,1712125122500000
33.91,1712125122750000
33.91,1712125123000000
33.91,1712125123250000
33.91,1712125123500000
33.91,1712125123750000
33.91,1712125124000000
33.91,1712125124250000
33.91,1712125124500000
33.91,1712125124750000
33.91,1712125125000000
33.91,1712125125250000
33.91,1712125125500000
33.91,1712125125750000
33.91,1712125126000000
33.91,1712125126250000
33.91,1712125126500000
33.91,1712125126750000
33.93,1712125127000000
33.93,1712125127250000
33.93,1712125127500000
33.93,1712125127750000
33.93,1712125128000000
33.93,1712125128250000
33.93,1712125128500000
33.93,1712125128750000
33.93,1712125129000000
33.93,1712125129250000
33.93,1712125129500000
33.93,1712125129750000
33.93,1712125130000000
33.93,1712125130250000
33.93,1712125130500000
33.93,1712125130750000
33.93,1712125131000000
33.93,1712125131250000
33.93,1712125131500000
33.93,1712125131750000
33.95,1712125132000000
33.95,1712125132250000
33.95,1712125132500000
33.95,1712125132750000
33.95,1712125133000000
33.95,1712125133250000
33.95,1712125133500000
33.95,1712125133750000
33.93,1712125134000000
33.93,1712125134250000
33.93,1712125134500000
33.93,1712125134750000
33.95,1712125135000000
33.95,1712125135250000
33.95,1712125135500000
33.95,1712125135750000
33.95,1712125136000000
33.95,1712125136250000
33.95,1712125136500000
33.95,1712125136750000
33.97,1712125137000000
33.97,1712125137250000
33.97,1712125137500000
33.97,1712125137750000
33.97,1712125138000000
33.97,1712125138250000
33.97,1712125138500000
33.97,1712125138750000
33.97,1712125139000000
33.97,1712125139250000
33.97,1712125139500000
33.97,1712125139750000
33.97,1712125140000000
33.97,1712125140250000
33.97,1712125140500000
33.97,1712125140750000
33.97,1712125141000000
33.97,1712125141250000
33.97,1712125141500000
33.97,1712125141750000
33.97,1712125142000000
33.97,1712125142250000
33.97,1712125142500000
33.97,1712125142750000
33.97,1712125143000000
33.97,1712125143250000
33.97,1712125143500000
33.97,1712125143750000
33.97,1712125144000000
33.97,1712125144250000
33.97,1712125144500000
33.97,1712125144750000
33.99,1712125145000000
33.99,1712125145250000
33.99,1712125145500000
33.99,1712125145750000
33.99,1712125146000000
33.99,1712125146250000
33.99,1712125146500000
33.99,1712125146750000
33.99,1712125147000000
33.99,1712125147250000
33.99,1712125147500000
33.99,1712125147750000
33.99,1712125148000000
33.99,1712125148250000
33.99,1712125148500000
33.99,1712125148750000
33.99,1712125149000000
33.99,1712125149250000
33.99,1712125149500000
33.99,1712125149750000
33.99,1712125150000000
33.99,1712125150250000
33.99,1712125150500000
33.99,1712125150750000
33.99,1712125151000000
33.99,1712125151250000
33.99,1712125151500000
33.99,1712125151750000
34.0,1712125152000000
34.0,1712125152250000
34.0,1712125152500000
34.0,1712125152750000
34.0,1712125153000000
34.0,1712125153250000
34.0,1712125153500000
34.0,1712125153750000
34.03,1712125154000000
34.03,1712125154250000
34.03,1712125154500000
34.03,1712125154750000
34.03,1712125155000000
34.03,1712125155250000
34.03,1712125155500000
34.03,1712125155750000
34.05,1712125156000000
34.05,1712125156250000
34.05,1712125156500000
34.05,1712125156750000
34.03,1712125157000000
34.03,1712125157250000
34.03,1712125157500000
34.03,1712125157750000
34.03,1712125158000000
34.03,1712125158250000
34.03,1712125158500000
34.03,1712125158750000
34.05,1712125159000000
34.05,1712125159250000
34.05,1712125159500000
34.05,1712125159750000
34.03,1712125160000000
34.03,1712125160250000
34.03,1712125160500000
34.03,1712125160750000
34.05,1712125161000000
34.05,1712125161250000
34.05,1712125161500000
34.05,1712125161750000
34.03,1712125162000000
34.03,1712125162250000
34.03,1712125162500000
34.03,1712125162750000
34.05,1712125163000000
34.05,1712125163250000
34.05,1712125163500000
34.05,1712125163750000
34.05,1712125164000000
34.05,1712125164250000
34.05,1712125164500000
34.05,1712125164750000
34.07,1712125165000000
34.07,1712125165250000
34.07,1712125165500000
34.07,1712125165750000
34.07,1712125166000000
34.07,1712125166250000
34.07,1712125166500000
34.07,1712125166750000
34.07,1712125167000000
34.07,1712125167250000
34.07,1712125167500000
34.07,1712125167750000
34.07,1712125168000000
34.07,1712125168250000
34.07,1712125168500000
34.07,1712125168750000
34.09,1712125169000000
34.09,1712125169250000
34.09,1712125169500000
34.09,1712125169750000
34.09,1712125170000000
34.09,1712125170250000
34.09,1712125170500000
34.09,1712125170750000
34.09,1712125171000000
34.09,1712125171250000
34.09,1712125171500000
34.09,1712125171750000
34.09,1712125172000000
34.09,1712125172250000
34.09,1712125172500000
34.09,1712125172750000
34.11,1712125173000000
34.11,1712125173250000
34.11,1712125173500000
34.11,1712125173750000
34.09,1712125174000000
34.09,1712125174250000
34.09,1712125174500000
34.09,1712125174750000
34.09,1712125175000000
34.09,1712125175250000
34.09,1712125175500000
34.09,1712125175750000
34.11,1712125176000000
34.11,1712125176250000
34.11,1712125176500000
34.11,1712125176750000
34.09,1712125177000000
34.09,1712125177250000
34.09,1712125177500000
34.09,1712125177750000
34.11,1712125178000000
34.11,1712125178250000
34.11,1712125178500000
34.11,1712125178750000
34.09,1712125179000000
34.09,1712125179250000
34.09,1712125179500000
34.09,1712125179750000
34.11,1712125180000000
34.11,1712125180250000
34.11,1712125180500000
34.11,1712125180750000
34.13,1712125181000000
34.13,1712125181250000
34.13,1712125181500000
34.13,1712125181750000
34.11,1712125182000000
34.11,1712125182250000
34.11,1712125182500000
34.11,1712125182750000
34.13,1712125183000000
34.13,1712125183250000
34.13,1712125183500000
34.13,1712125183750000
34.13,1712125184000000
34.13,1712125184250000
34.13,1712125184500000
34.13,1712125184750000
34.13,1712125185000000
34.13,1712125185250000
34.13,1712125185500000
34.13,1712125185750000
34.13,1712125186000000
34.13,1712125186250000
34.13,1712125186500000
34.13,1712125186750000
34.15,1712125187000000
34.15,1712125187250000
34.15,1712125187500000
34.15,1712125187750000
34.15,1712125188000000
34.15,1712125188250000
34.15,1712125188500000
34.15,1712125188750000
34.15,1712125189000000
34.15,1712125189250000
34.15,1712125189500000
34.15,1712125189750000
34.15,1712125190000000
34.15,1712125190250000
34.15,1712125190500000
34.15,1712125190750000
34.16,1712125191000000
34.16,1712125191250000
34.16,1712125191500000
34.16,1712125191750000
34.15,1712125192000000
34.15,1712125192250000
34.15,1712125192500000
34.15,1712125192750000
34.16,1712125193000000
34.16,1712125193250000
34.16,1712125193500000
34.16,1712125193750000
34.16,1712125194000000
34.16,1712125194250000
34.16,1712125194500000
34.16,1712125194750000
34.16,1712125195000000
34.16,1712125195250000
34.16,1712125195500000
34.16,1712125195750000
34.16,1712125196000000
34.16,1712125196250000
34.16,1712125196500000
34.16,1712125196750000
34.18,1712125197000000
34.18,1712125197250000
34.18,1712125197500000
34.18,1712125197750000
34.18,1712125198000000
34.18,1712125198250000
34.18,1712125198500000
34.18,1712125198750000
34.18,1712125199000000
34.18,1712125199250000
34.18,1712125199500000
34.18,1712125199750000
34.21,1712125200000000
34.21,1712125200250000
34.21,1712125200500000
34.21,1712125200750000
34.21,1712125201000000
34.21,1712125201250000
34.21,1712125201500000
34.21,1712125201750000
34.18,1712125202000000
34.18,1712125202250000
34.18,1712125202500000
34.18,1712125202750000
34.18,1712125203000000
34.18,1712125203250000
34.18,1712125203500000
34.18,1712125203750000
34.21,1712125204000000
34.21,1712125204250000
34.21,1712125204500000
34.21,1712125204750000
34.21,1712125205000000
34.21,1712125205250000
34.21,1712125205500000
34.21,1712125205750000
34.21,1712125206000000
34.21,1712125206250000
34.21,1712125206500000
34.21,1712125206750000
34.18,1712125207000000
34.18,1712125207250000
34.18,1712125207500000
34.18,1712125207750000
34.21,1712125208000000
34.21,1712125208250000
34.21,1712125208500000
34.21,1712125208750000
34.21,1712125209000000
34.21,1712125209250000
34.21,1712125209500000
34.21,1712125209750000
34.18,1712125210000000
34.18,1712125210250000
34.18,1712125210500000
34.18,1712125210750000
34.21,1712125211000000
34.21,1712125211250000
34.21,1712125211500000
34.21,1712125211750000
34.23,1712125212000000
34.23,1712125212250000
34.23,1712125212500000
34.23,1712125212750000
34.21,1712125213000000
34.21,1712125213250000
34.21,1712125213500000
34.21,1712125213750000
34.21,1712125214000000
34.21,1712125214250000
34.21,1712125214500000
34.21,1712125214750000
34.18,1712125215000000
34.18,1712125215250000
34.18,1712125215500000
34.18,1712125215750000
34.21,1712125216000000
34.21,1712125216250000
34.21,1712125216500000
34.21,1712125216750000
34.21,1712125217000000
34.21,1712125217250000
34.21,1712125217500000
34.21,1712125217750000
34.23,1712125218000000
34.23,1712125218250000
34.23,1712125218500000
34.23,1712125218750000
34.21,1712125219000000
34.21,1712125219250000
34.21,1712125219500000
34.21,1712125219750000
34.18,1712125220000000
34.18,1712125220250000
34.18,1712125220500000
34.18,1712125220750000
34.21,1712125221000000
34.21,1712125221250000
34.21,1712125221500000
34.21,1712125221750000
34.23,1712125222000000
34.23,1712125222250000
34.23,1712125222500000
34.23,1712125222750000
34.23,1712125223000000
34.23,1712125223250000
34.23,1712125223500000
34.23,1712125223750000
34.23,1712125224000000
34.23,1712125224250000
34.23,1712125224500000
34.23,1712125224750000
34.21,1712125225000000
34.21,1712125225250000
34.21,1712125225500000
34.21,1712125225750000
34.21,1712125226000000
34.21,1712125226250000
34.21,1712125226500000
34.21,1712125226750000
34.21,1712125227000000
34.21,1712125227250000
34.21,1712125227500000
34.21,1712125227750000
34.18,1712125228000000
34.18,1712125228250000
34.18,1712125228500000
34.18,1712125228750000
34.21,1712125229000000
34.21,1712125229250000
34.21,1712125229500000
34.21,1712125229750000
34.18,1712125230000000
34.18,1712125230250000
34.18,1712125230500000
34.18,1712125230750000
34.21,1712125231000000
34.21,1712125231250000
34.21,1712125231500000
34.21,1712125231750000
34.21,1712125232000000
34.21,1712125232250000
34.21,1712125232500000
34.21,1712125232750000
34.23,1712125233000000
34.23,1712125233250000
34.23,1712125233500000
34.23,1712125233750000
34.21,1712125234000000
34.21,1712125234250000
34.21,1712125234500000
34.21,1712125234750000
34.21,1712125235000000
34.21,1712125235250000
34.21,1712125235500000
34.21,1712125235750000
34.18,1712125236000000
34.18,1712125236250000
34.18,1712125236500000
34.18,1712125236750000
34.21,1712125237000000
34.21,1712125237250000
34.21,1712125237500000
34.21,1712125237750000
34.18,1712125238000000
34.18,1712125238250000
34.18,1712125238500000
34.18,1712125238750000
34.21,1712125239000000
34.21,1712125239250000
34.21,1712125239500000
34.21,1712125239750000
34.18,1712125240000000
34.18,1712125240250000
34.18,1712125240500000
34.18,1712125240750000
34.21,1712125241000000
34.21,1712125241250000
34.21,1712125241500000
34.21,1712125241750000
34.21,1712125242000000
34.21,1712125242250000
34.21,1712125242500000
34.21,1712125242750000
34.21,1712125243000000
34.21,1712125243250000
34.21,1712125243500000
34.21,1712125243750000
34.21,1712125244000000
34.21,1712125244250000
34.21,1712125244500000
34.21,1712125244750000
34.21,1712125245000000
34.21,1712125245250000
34.21,1712125245500000
34.21,1712125245750000
34.18,1712125246000000
34.18,1712125246250000
34.18,1712125246500000
34.18,1712125246750000
34.18,1712125247000000
34.18,1712125247250000
34.18,1712125247500000
34.18,1712125247750000
34.23,1712125248000000
34.23,1712125248250000
34.23,1712125248500000
34.23,1712125248750000
34.21,1712125249000000
34.21,1712125249250000
34.21,1712125249500000
34.21,1712125249750000
34.18,1712125250000000
34.18,1712125250250000
34.18,1712125250500000
34.18,1712125250750000
34.21,1712125251000000
34.21,1712125251250000
34.21,1712125251500000
34.21,1712125251750000
34.23,1712125252000000
34.23,1712125252250000
34.23,1712125252500000
34.23,1712125252750000
34.21,1712125253000000
34.21,1712125253250000
34.21,1712125253500000
34.21,1712125253750000
34.23,1712125254000000
34.23,1712125254250000
34.23,1712125254500000
34.23,1712125254750000
34.23,1712125255000000
34.23,1712125255250000
34.23,1712125255500000
34.23,1712125255750000
34.23,1712125256000000
34.23,1712125256250000
34.23,1712125256500000
34.23,1712125256750000
34.23,1712125257000000
34.23,1712125257250000
34.23,1712125257500000
34.23,1712125257750000
34.23,1712125258000000
34.23,1712125258250000
34.23,1712125258500000
34.23,1712125258750000
34.23,1712125259000000
34.23,1712125259250000
34.23,1712125259500000
34.23,1712125259750000
34.21,1712125260000000
34.21,1712125260250000
34.21,1712125260500000
34.21,1712125260750000
34.21,1712125261000000
34.21,1712125261250000
34.21,1712125261500000
34.21,1712125261750000
34.21,1712125262000000
34.21,1712125262250000
34.21,1712125262500000
34.21,1712125262750000
34.23,1712125263000000
34.23,1712125263250000
34.23,1712125263500000
34.23,1712125263750000
34.23,1712125264000000
34.23,1712125264250000
34.23,1712125264500000
34.23,1712125264750000
34.23,1712125265000000
34.23,1712125265250000
34.23,1712125265500000
34.23,1712125265750000
34.23,1712125266000000
34.23,1712125266250000
34.23,1712125266500000
34.23,1712125266750000
34.21,1712125267000000
34.21,1712125267250000
34.21,1712125267500000
34.21,1712125267750000
34.25,1712125268000000
34.25,1712125268250000
34.25,1712125268500000
34.25,1712125268750000
34.25,1712125269000000
34.25,1712125269250000
34.25,1712125269500000
34.25,1712125269750000
34.23,1712125270000000
34.23,1712125270250000
34.23,1712125270500000
34.23,1712125270750000
34.23,1712125271000000
34.23,1712125271250000
34.23,1712125271500000
34.23,1712125271750000
34.25,1712125272000000
34.25,1712125272250000
34.25,1712125272500000
34.25,1712125272750000
34.25,1712125273000000
34.25,1712125273250000
34.25,1712125273500000
34.25,1712125273750000
34.25,1712125274000000
34.25,1712125274250000
34.25,1712125274500000
34.25,1712125274750000
34.25,1712125275000000
34.25,1712125275250000
34.25,1712125275500000
34.25,1712125275750000
34.25,1712125276000000
34.25,1712125276250000
34.25,1712125276500000
34.25,1712125276750000
34.27,1712125277000000
34.27,1712125277250000
34.27,1712125277500000
34.27,1712125277750000
34.25,1712125278000000
34.25,1712125278250000
34.25,1712125278500000
34.25,1712125278750000
34.27,1712125279000000
34.27,1712125279250000
34.27,1712125279500000
34.27,1712125279750000
34.27,1712125280000000
34.27,1712125280250000
34.27,1712125280500000
34.27,1712125280750000
34.25,1712125281000000
34.25,1712125281250000
34.25,1712125281500000
34.25,1712125281750000
34.27,1712125282000000
34.27,1712125282250000
34.27,1712125282500000
34.27,1712125282750000
34.27,1712125283000000
34.27,1712125283250000
34.27,1712125283500000
34.27,1712125283750000
34.27,1712125284000000
34.27,1712125284250000
34.27,1712125284500000
34.27,1712125284750000
34.27,1712125285000000
34.27,1712125285250000
34.27,1712125285500000
34.27,1712125285750000
34.27,1712125286000000
34.27,1712125286250000
34.27,1712125286500000
34.27,1712125286750000
34.29,1712125287000000
34.29,1712125287250000
34.29,1712125287500000
34.29,1712125287750000
34.27,1712125288000000
34.27,1712125288250000
34.27,1712125288500000
34.27,1712125288750000
34.27,1712125289000000
34.27,1712125289250000
34.27,1712125289500000
34.27,1712125289750000
34.29,1712125290000000
34.29,1712125290250000
34.29,1712125290500000
34.29,1712125290750000
34.29,1712125291000000
34.29,1712125291250000
34.29,1712125291500000
34.29,1712125291750000
34.29,1712125292000000
34.29,1712125292250000
34.29,1712125292500000
34.29,1712125292750000
34.31,1712125293000000
34.31,1712125293250000
34.31,1712125293500000
34.31,1712125293750000
34.29,1712125294000000
34.29,1712125294250000
34.29,1712125294500000
34.29,1712125294750000
34.27,1712125295000000
34.27,1712125295250000
34.27,1712125295500000
34.27,1712125295750000
34.27,1712125296000000
34.27,1712125296250000
34.27,1712125296500000
34.27,1712125296750000
34.29,1712125297000000
34.29,1712125297250000
34.29,1712125297500000
34.29,1712125297750000
34.27,1712125298000000
34.27,1712125298250000
34.27,1712125298500000
34.27,1712125298750000
34.29,1712125299000000
34.29,1712125299250000
34.29,1712125299500000
34.29,1712125299750000
34.29,1712125300000000
34.29,1712125300250000
34.29,1712125300500000
34.29,1712125300750000
34.29,1712125301000000
34.29,1712125301250000
34.29,1712125301500000
34.29,1712125301750000
34.29,1712125302000000
34.29,1712125302250000
34.29,1712125302500000
34.29,1712125302750000
34.31,1712125303000000
34.31,1712125303250000
34.31,1712125303500000
34.31,1712125303750000
34.29,1712125304000000
34.29,1712125304250000
34.29,1712125304500000
34.29,1712125304750000
34.29,1712125305000000
34.29,1712125305250000
34.29,1712125305500000
34.29,1712125305750000
34.31,1712125306000000
34.31,1712125306250000
34.31,1712125306500000
34.31,1712125306750000
34.31,1712125307000000
34.31,1712125307250000
34.31,1712125307500000
34.31,1712125307750000
34.31,1712125308000000
34.31,1712125308250000
34.31,1712125308500000
34.31,1712125308750000
34.29,1712125309000000
34.29,1712125309250000
34.29,1712125309500000
34.29,1712125309750000
34.31,1712125310000000
34.31,1712125310250000
34.31,1712125310500000
34.31,1712125310750000
34.31,1712125311000000
34.31,1712125311250000
34.31,1712125311500000
34.31,1712125311750000
34.29,1712125312000000
34.29,1712125312250000
34.29,1712125312500000
34.29,1712125312750000
34.29,1712125313000000
34.29,1712125313250000
34.29,1712125313500000
34.29,1712125313750000
34.31,1712125314000000
34.31,1712125314250000
34.31,1712125314500000
34.31,1712125314750000
34.31,1712125315000000
34.31,1712125315250000
34.31,1712125315500000
34.31,1712125315750000
34.31,1712125316000000
34.31,1712125316250000
34.31,1712125316500000
34.31,1712125316750000
34.31,1712125317000000
34.31,1712125317250000
34.31,1712125317500000
34.31,1712125317750000
34.29,1712125318000000
34.29,1712125318250000
34.29,1712125318500000
34.29,1712125318750000
34.29,1712125319000000
34.29,1712125319250000
34.29,1712125319500000
34.29,1712125319750000
34.29,1712125320000000
34.29,1712125320250000
34.29,1712125320500000
34.29,1712125320750000
34.29,1712125321000000
34.29,1712125321250000
34.29,1712125321500000
34.29,1712125321750000
34.31,1712125322000000
34.31,1712125322250000
34.31,1712125322500000
34.31,1712125322750000
34.31,1712125323000000
34.31,1712125323250000
34.31,1712125323500000
34.31,1712125323750000
34.33,1712125324000000
34.33,1712125324250000
34.33,1712125324500000
34.33,1712125324750000
34.29,1712125325000000
34.29,1712125325250000
34.29,1712125325500000
34.29,1712125325750000
34.31,1712125326000000
34.31,1712125326250000
34.31,1712125326500000
34.31,1712125326750000
34.29,1712125327000000
34.29,1712125327250000
34.29,1712125327500000
34.29,1712125327750000
34.33,1712125328000000
34.33,1712125328250000
34.33,1712125328500000
34.33,1712125328750000
34.33,1712125329000000
34.33,1712125329250000
34.33,1712125329500000
34.33,1712125329750000
34.29,1712125330000000
34.29,1712125330250000
34.29,1712125330500000
34.29,1712125330750000
34.33,1712125331000000
34.33,1712125331250000
34.33,1712125331500000
34.33,1712125331750000
34.31,1712125332000000
34.31,1712125332250000
34.31,1712125332500000
34.31,1712125332750000
34.31,1712125333000000
34.31,1712125333250000
34.31,1712125333500000
34.31,1712125333750000
34.31,1712125334000000
34.31,1712125334250000
34.31,1712125334500000
34.31,1712125334750000
34.33,1712125335000000
34.33,1712125335250000
34.33,1712125335500000
34.33,1712125335750000
34.31,1712125336000000
34.31,1712125336250000
34.31,1712125336500000
34.31,1712125336750000
34.29,1712125337000000
34.29,1712125337250000
34.29,1712125337500000
34.29,1712125337750000
34.29,1712125338000000
34.29,1712125338250000
34.29,1712125338500000
34.29,1712125338750000
34.31,1712125339000000
34.31,1712125339250000
34.31,1712125339500000
34.31,1712125339750000
34.27,1712125340000000
34.27,1712125340250000
34.27,1712125340500000
34.27,1712125340750000
34.31,1712125341000000
34.31,1712125341250000
34.31,1712125341500000
34.31,1712125341750000
34.29,1712125342000000
34.29,1712125342250000
34.29,1712125342500000
34.29,1712125342750000
34.29,1712125343000000
34.29,1712125343250000
34.29,1712125343500000
34.29,1712125343750000
34.29,1712125344000000
34.29,1712125344250000
34.29,1712125344500000
34.29,1712125344750000
34.29,1712125345000000
34.29,1712125345250000
34.29,1712125345500000
34.29,1712125345750000
34.29,1712125346000000
34.29,1712125346250000
34.29,1712125346500000
34.29,1712125346750000
34.29,1712125347000000
34.29,1712125347250000
34.29,1712125347500000
34.29,1712125347750000
34.31,1712125348000000
34.31,1712125348250000
34.31,1712125348500000
34.31,1712125348750000
34.29,1712125349000000
34.29,1712125349250000
34.29,1712125349500000
34.29,1712125349750000
34.29,1712125350000000
34.29,1712125350250000
34.29,1712125350500000
34.29,1712125350750000
34.31,1712125351000000
34.31,1712125351250000
34.31,1712125351500000
34.31,1712125351750000
34.29,1712125352000000
34.29,1712125352250000
34.29,1712125352500000
34.29,1712125352750000
34.29,1712125353000000
34.29,1712125353250000
34.29,1712125353500000
34.29,1712125353750000
34.31,1712125354000000
34.31,1712125354250000
34.31,1712125354500000
34.31,1712125354750000
34.29,1712125355000000
34.29,1712125355250000
34.29,1712125355500000
34.29,1712125355750000
34.29,1712125356000000
34.29,1712125356250000
34.29,1712125356500000
34.29,1712125356750000
34.29,1712125357000000
34.29,1712125357250000
34.29,1712125357500000
34.29,1712125357750000
34.31,1712125358000000
34.31,1712125358250000
34.31,1712125358500000
34.31,1712125358750000
34.29,1712125359000000
34.29,1712125359250000
34.29,1712125359500000
34.29,1712125359750000
34.27,1712125360000000
34.27,1712125360250000
34.27,1712125360500000
34.27,1712125360750000
34.29,1712125361000000
34.29,1712125361250000
34.29,1712125361500000
34.29,1712125361750000
34.29,1712125362000000
34.29,1712125362250000
34.29,1712125362500000
34.29,1712125362750000
34.27,1712125363000000
34.27,1712125363250000
34.27,1712125363500000
34.27,1712125363750000
34.27,1712125364000000
34.27,1712125364250000
34.27,1712125364500000
34.27,1712125364750000
34.27,1712125365000000
34.27,1712125365250000
34.27,1712125365500000
34.27,1712125365750000
34.29,1712125366000000
34.29,1712125366250000
34.29,1712125366500000
34.29,1712125366750000
34.29,1712125367000000
34.29,1712125367250000
34.29,1712125367500000
34.29,1712125367750000
34.29,1712125368000000
34.29,1712125368250000
34.29,1712125368500000
34.29,1712125368750000
34.29,1712125369000000
34.29,1712125369250000
34.29,1712125369500000
34.29,1712125369750000
34.27,1712125370000000
34.27,1712125370250000
34.27,1712125370500000
34.27,1712125370750000
34.27,1712125371000000
34.27,1712125371250000
34.27,1712125371500000
34.27,1712125371750000
34.29,1712125372000000
34.29,1712125372250000
34.29,1712125372500000
34.29,1712125372750000
34.27,1712125373000000
34.27,1712125373250000
34.27,1712125373500000
34.27,1712125373750000
34.27,1712125374000000
34.27,1712125374250000
34.27,1712125374500000
34.27,1712125374750000
34.27,1712125375000000
34.27,1712125375250000
34.27,1712125375500000
34.27,1712125375750000
34.25,1712125376000000
34.25,1712125376250000
34.25,1712125376500000
34.25,1712125376750000
34.27,1712125377000000
34.27,1712125377250000
34.27,1712125377500000
34.27,1712125377750000
34.29,1712125378000000
34.29,1712125378250000
34.29,1712125378500000
34.29,1712125378750000
34.27,1712125379000000
34.27,1712125379250000
34.27,1712125379500000
34.27,1712125379750000
34.27,1712125380000000
34.27,1712125380250000
34.27,1712125380500000
34.27,1712125380750000
34.25,1712125381000000
34.25,1712125381250000
34.25,1712125381500000
34.25,1712125381750000
34.25,1712125382000000
34.25,1712125382250000
34.25,1712125382500000
34.25,1712125382750000
34.27,1712125383000000
34.27,1712125383250000
34.27,1712125383500000
34.27,1712125383750000
34.25,1712125384000000
34.25,1712125384250000
34.25,1712125384500000
34.25,1712125384750000
34.27,1712125385000000
34.27,1712125385250000
34.27,1712125385500000
34.27,1712125385750000
34.27,1712125386000000
34.27,1712125386250000
34.27,1712125386500000
34.27,1712125386750000
34.23,1712125387000000
34.23,1712125387250000
34.23,1712125387500000
34.23,1712125387750000
34.25,1712125388000000
34.25,1712125388250000
34.25,1712125388500000
34.25,1712125388750000
34.25,1712125389000000
34.25,1712125389250000
34.25,1712125389500000
34.25,1712125389750000
34.25,1712125390000000
34.25,1712125390250000
34.25,1712125390500000
34.25,1712125390750000
34.25,1712125391000000
34.25,1712125391250000
34.25,1712125391500000
34.25,1712125391750000
34.23,1712125392000000
34.23,1712125392250000
34.23,1712125392500000
34.23,1712125392750000
34.25,1712125393000000
34.25,1712125393250000
34.25,1712125393500000
34.25,1712125393750000
34.25,1712125394000000
34.25,1712125394250000
34.25,1712125394500000
34.25,1712125394750000
34.25,1712125395000000
34.25,1712125395250000
34.25,1712125395500000
34.25,1712125395750000
34.25,1712125396000000
34.25,1712125396250000
34.25,1712125396500000
34.25,1712125396750000
34.25,1712125397000000
34.25,1712125397250000
34.25,1712125397500000
34.25,1712125397750000
34.23,1712125398000000
34.23,1712125398250000
34.23,1712125398500000
34.23,1712125398750000
34.23,1712125399000000
34.23,1712125399250000
34.23,1712125399500000
34.23,1712125399750000
34.23,1712125400000000
34.23,1712125400250000
34.23,1712125400500000
34.23,1712125400750000
34.23,1712125401000000
34.23,1712125401250000
34.23,1712125401500000
34.23,1712125401750000
34.21,1712125402000000
34.21,1712125402250000
34.21,1712125402500000
34.21,1712125402750000
34.23,1712125403000000
34.23,1712125403250000
34.23,1712125403500000
34.23,1712125403750000
34.23,1712125404000000
34.23,1712125404250000
34.23,1712125404500000
34.23,1712125404750000
34.25,1712125405000000
34.25,1712125405250000
34.25,1712125405500000
34.25,1712125405750000
34.23,1712125406000000
34.23,1712125406250000
34.23,1712125406500000
34.23,1712125406750000
34.21,1712125407000000
34.21,1712125407250000
34.21,1712125407500000
34.21,1712125407750000
34.23,1712125408000000
34.23,1712125408250000
34.23,1712125408500000
34.23,1712125408750000
34.23,1712125409000000
34.23,1712125409250000
34.23,1712125409500000
34.23,1712125409750000
34.21,1712125410000000
34.21,1712125410250000
34.21,1712125410500000
34.21,1712125410750000
34.21,1712125411000000
34.21,1712125411250000
34.21,1712125411500000
34.21,1712125411750000
34.21,1712125412000000
34.21,1712125412250000
34.21,1712125412500000
34.21,1712125412750000
34.21,1712125413000000
34.21,1712125413250000
34.21,1712125413500000
34.21,1712125413750000
34.21,1712125414000000
34.21,1712125414250000
34.21,1712125414500000
34.21,1712125414750000
34.23,1712125415000000
34.23,1712125415250000
34.23,1712125415500000
34.23,1712125415750000
34.21,1712125416000000
34.21,1712125416250000
34.21,1712125416500000
34.21,1712125416750000
34.21,1712125417000000
34.21,1712125417250000
34.21,1712125417500000
34.21,1712125417750000
34.23,1712125418000000
34.23,1712125418250000
34.23,1712125418500000
34.23,1712125418750000
34.21,1712125419000000
34.21,1712125419250000
34.21,1712125419500000
34.21,1712125419750000
34.21,1712125420000000
34.21,1712125420250000
34.21,1712125420500000
34.21,1712125420750000
34.21,1712125421000000
34.21,1712125421250000
34.21,1712125421500000
34.21,1712125421750000
34.21,1712125422000000
34.21,1712125422250000
34.21,1712125422500000
34.21,1712125422750000
34.21,1712125423000000
34.21,1712125423250000
34.21,1712125423500000
34.21,1712125423750000
34.21,1712125424000000
34.21,1712125424250000
34.21,1712125424500000
34.21,1712125424750000
34.21,1712125425000000
34.21,1712125425250000
34.21,1712125425500000
34.21,1712125425750000
34.21,1712125426000000
34.21,1712125426250000
34.21,1712125426500000
34.21,1712125426750000
34.18,1712125427000000
34.18,1712125427250000
34.18,1712125427500000
34.18,1712125427750000
34.16,1712125428000000
34.16,1712125428250000
34.16,1712125428500000
34.16,1712125428750000
34.16,1712125429000000
34.16,1712125429250000
34.16,1712125429500000
34.16,1712125429750000
34.16,1712125430000000
34.16,1712125430250000
34.16,1712125430500000
34.16,1712125430750000
34.16,1712125431000000
34.16,1712125431250000
34.16,1712125431500000
34.16,1712125431750000
34.18,1712125432000000
34.18,1712125432250000
34.18,1712125432500000
34.18,1712125432750000
34.16,1712125433000000
34.16,1712125433250000
34.16,1712125433500000
34.16,1712125433750000
34.16,1712125434000000
34.16,1712125434250000
34.16,1712125434500000
34.16,1712125434750000
34.15,1712125435000000
34.15,1712125435250000
34.15,1712125435500000
34.15,1712125435750000
34.16,1712125436000000
34.16,1712125436250000
34.16,1712125436500000
34.16,1712125436750000
34.18,1712125437000000
34.18,1712125437250000
34.18,1712125437500000
34.18,1712125437750000
34.18,1712125438000000
34.18,1712125438250000
34.18,1712125438500000
34.18,1712125438750000
34.16,1712125439000000
34.16,1712125439250000
34.16,1712125439500000
34.16,1712125439750000
34.16,1712125440000000
34.16,1712125440250000
34.16,1712125440500000
34.16,1712125440750000
34.15,1712125441000000
34.15,1712125441250000
34.15,1712125441500000
34.15,1712125441750000
34.16,1712125442000000
34.16,1712125442250000
34.16,1712125442500000
34.16,1712125442750000
34.16,1712125443000000
34.16,1712125443250000
34.16,1712125443500000
34.16,1712125443750000
34.16,1712125444000000
34.16,1712125444250000
34.16,1712125444500000
34.16,1712125444750000
34.15,1712125445000000
34.15,1712125445250000
34.15,1712125445500000
34.15,1712125445750000
34.15,1712125446000000
34.15,1712125446250000
34.15,1712125446500000
34.15,1712125446750000
34.15,1712125447000000
34.15,1712125447250000
34.15,1712125447500000
34.15,1712125447750000
34.16,1712125448000000
34.16,1712125448250000
34.16,1712125448500000
34.16,1712125448750000
34.15,1712125449000000
34.15,1712125449250000
34.15,1712125449500000
34.15,1712125449750000
34.13,1712125450000000
34.13,1712125450250000
34.13,1712125450500000
34.13,1712125450750000
34.15,1712125451000000
34.15,1712125451250000
34.15,1712125451500000
34.15,1712125451750000
34.13,1712125452000000
34.13,1712125452250000
34.13,1712125452500000
34.13,1712125452750000
34.15,1712125453000000
34.15,1712125453250000
34.15,1712125453500000
34.15,1712125453750000
34.15,1712125454000000
34.15,1712125454250000
34.15,1712125454500000
34.15,1712125454750000
34.15,1712125455000000
34.15,1712125455250000
34.15,1712125455500000
34.15,1712125455750000
34.16,1712125456000000
34.16,1712125456250000
34.16,1712125456500000
34.16,1712125456750000
34.15,1712125457000000
34.15,1712125457250000
34.15,1712125457500000
34.15,1712125457750000
34.13,1712125458000000
34.13,1712125458250000
34.13,1712125458500000
34.13,1712125458750000
34.13,1712125459000000
34.13,1712125459250000
34.13,1712125459500000
34.13,1712125459750000
34.15,1712125460000000
34.15,1712125460250000
34.15,1712125460500000
34.15,1712125460750000
34.15,1712125461000000
34.15,1712125461250000
34.15,1712125461500000
34.15,1712125461750000
34.11,1712125462000000
34.11,1712125462250000
34.11,1712125462500000
34.11,1712125462750000
34.11,1712125463000000
34.11,1712125463250000
34.11,1712125463500000
34.11,1712125463750000
34.13,1712125464000000
34.13,1712125464250000
34.13,1712125464500000
34.13,1712125464750000
34.13,1712125465000000
34.13,1712125465250000
34.13,1712125465500000
34.13,1712125465750000
34.13,1712125466000000
34.13,1712125466250000
34.13,1712125466500000
34.13,1712125466750000
34.11,1712125467000000
34.11,1712125467250000
34.11,1712125467500000
34.11,1712125467750000
34.11,1712125468000000
34.11,1712125468250000
34.11,1712125468500000
34.11,1712125468750000
34.11,1712125469000000
34.11,1712125469250000
34.11,1712125469500000
34.11,1712125469750000
34.11,1712125470000000
34.11,1712125470250000
34.11,1712125470500000
34.11,1712125470750000
34.09,1712125471000000
34.09,1712125471250000
34.09,1712125471500000
34.09,1712125471750000
34.11,1712125472000000
34.11,1712125472250000
34.11,1712125472500000
34.11,1712125472750000
34.09,1712125473000000
34.09,1712125473250000
34.09,1712125473500000
34.09,1712125473750000
34.09,1712125474000000
34.09,1712125474250000
34.09,1712125474500000
34.09,1712125474750000
34.09,1712125475000000
34.09,1712125475250000
34.09,1712125475500000
34.09,1712125475750000
34.09,1712125476000000
34.09,1712125476250000
34.09,1712125476500000
34.09,1712125476750000
34.09,1712125477000000
34.09,1712125477250000
34.09,1712125477500000
34.09,1712125477750000
34.09,1712125478000000
34.09,1712125478250000
34.09,1712125478500000
34.09,1712125478750000
34.11,1712125479000000
34.11,1712125479250000
34.11,1712125479500000
34.11,1712125479750000
34.07,1712125480000000
34.07,1712125480250000
34.07,1712125480500000
34.07,1712125480750000
34.07,1712125481000000
34.07,1712125481250000
34.07,1712125481500000
34.07,1712125481750000
34.09,1712125482000000
34.09,1712125482250000
34.09,1712125482500000
34.09,1712125482750000
34.07,1712125483000000
34.07,1712125483250000
34.07,1712125483500000
34.07,1712125483750000
34.09,1712125484000000
34.09,1712125484250000
34.09,1712125484500000
34.09,1712125484750000
34.11,1712125485000000
34.11,1712125485250000
34.11,1712125485500000
34.11,1712125485750000
34.07,1712125486000000
34.07,1712125486250000
34.07,1712125486500000
34.07,1712125486750000
34.07,1712125487000000
34.07,1712125487250000
34.07,1712125487500000
34.07,1712125487750000
34.07,1712125488000000
34.07,1712125488250000
34.07,1712125488500000
34.07,1712125488750000
34.07,1712125489000000
34.07,1712125489250000
34.07,1712125489500000
34.07,1712125489750000
34.07,1712125490000000
34.07,1712125490250000
34.07,1712125490500000
34.07,1712125490750000
34.07,1712125491000000
34.07,1712125491250000
34.07,1712125491500000
34.07,1712125491750000
34.07,1712125492000000
34.07,1712125492250000
34.07,1712125492500000
34.07,1712125492750000
34.05,1712125493000000
34.05,1712125493250000
34.05,1712125493500000
34.05,1712125493750000
34.07,1712125494000000
34.07,1712125494250000
34.07,1712125494500000
34.07,1712125494750000
34.07,1712125495000000
34.07,1712125495250000
34.07,1712125495500000
34.07,1712125495750000
34.09,1712125496000000
34.09,1712125496250000
34.09,1712125496500000
34.09,1712125496750000
34.07,1712125497000000
34.07,1712125497250000
34.07,1712125497500000
34.07,1712125497750000
34.05,1712125498000000
34.05,1712125498250000
34.05,1712125498500000
34.05,1712125498750000
34.05,1712125499000000
34.05,1712125499250000
34.05,1712125499500000
34.05,1712125499750000
34.07,1712125500000000
34.07,1712125500250000
34.07,1712125500500000
34.07,1712125500750000
34.03,1712125501000000
34.03,1712125501250000
34.03,1712125501500000
34.03,1712125501750000
34.09,1712125502000000
34.09,1712125502250000
34.09,1712125502500000
34.09,1712125502750000
34.07,1712125503000000
34.07,1712125503250000
34.07,1712125503500000
34.07,1712125503750000
34.05,1712125504000000
34.05,1712125504250000
34.05,1712125504500000
34.05,1712125504750000
34.05,1712125505000000
34.05,1712125505250000
34.05,1712125505500000
34.05,1712125505750000
34.07,1712125506000000
34.07,1712125506250000
34.07,1712125506500000
34.07,1712125506750000
34.07,1712125507000000
34.07,1712125507250000
34.07,1712125507500000
34.07,1712125507750000
34.03,1712125508000000
34.03,1712125508250000
34.03,1712125508500000
34.03,1712125508750000
34.05,1712125509000000
34.05,1712125509250000
34.05,1712125509500000
34.05,1712125509750000
34.03,1712125510000000
34.03,1712125510250000
34.03,1712125510500000
34.03,1712125510750000
34.03,1712125511000000
34.03,1712125511250000
34.03,1712125511500000
34.03,1712125511750000
34.03,1712125512000000
34.03,1712125512250000
34.03,1712125512500000
34.03,1712125512750000
34.05,1712125513000000
34.05,1712125513250000
34.05,1712125513500000
34.05,1712125513750000
34.05,1712125514000000
34.05,1712125514250000
34.05,1712125514500000
34.05,1712125514750000
34.03,1712125515000000
34.03,1712125515250000
34.03,1712125515500000
34.03,1712125515750000
34.03,1712125516000000
34.03,1712125516250000
34.03,1712125516500000
34.03,1712125516750000
34.05,1712125517000000
34.05,1712125517250000
34.05,1712125517500000
34.05,1712125517750000
34.03,1712125518000000
34.03,1712125518250000
34.03,1712125518500000
34.03,1712125518750000
34.03,1712125519000000
34.03,1712125519250000
34.03,1712125519500000
34.03,1712125519750000
34.03,1712125520000000
34.03,1712125520250000
34.03,1712125520500000
34.03,1712125520750000
34.03,1712125521000000
34.03,1712125521250000
34.03,1712125521500000
34.03,1712125521750000
34.05,1712125522000000
34.05,1712125522250000
34.05,1712125522500000
34.05,1712125522750000
34.0,1712125523000000
34.0,1712125523250000
34.0,1712125523500000
34.0,1712125523750000
34.03,1712125524000000
34.03,1712125524250000
34.03,1712125524500000
34.03,1712125524750000
34.0,1712125525000000
34.0,1712125525250000
34.0,1712125525500000
34.0,1712125525750000
34.0,1712125526000000
34.0,1712125526250000
34.0,1712125526500000
34.0,1712125526750000
33.99,1712125527000000
33.99,1712125527250000
33.99,1712125527500000
33.99,1712125527750000
34.03,1712125528000000
34.03,1712125528250000
34.03,1712125528500000
34.03,1712125528750000
34.0,1712125529000000
34.0,1712125529250000
34.0,1712125529500000
34.0,1712125529750000
34.0,1712125530000000
34.0,1712125530250000
34.0,1712125530500000
34.0,1712125530750000
33.99,1712125531000000
33.99,1712125531250000
33.99,1712125531500000
33.99,1712125531750000
34.0,1712125532000000
34.0,1712125532250000
34.0,1712125532500000
34.0,1712125532750000
34.0,1712125533000000
34.0,1712125533250000
34.0,1712125533500000
34.0,1712125533750000
33.99,1712125534000000
33.99,1712125534250000
33.99,1712125534500000
33.99,1712125534750000
33.99,1712125535000000
33.99,1712125535250000
33.99,1712125535500000
33.99,1712125535750000
33.99,1712125536000000
33.99,1712125536250000
33.99,1712125536500000
33.99,1712125536750000
33.99,1712125537000000
33.99,1712125537250000
33.99,1712125537500000
33.99,1712125537750000
33.97,1712125538000000
33.97,1712125538250000
33.97,1712125538500000
33.97,1712125538750000
34.0,1712125539000000
34.0,1712125539250000
34.0,1712125539500000
34.0,1712125539750000
33.97,1712125540000000
33.97,1712125540250000
33.97,1712125540500000
33.97,1712125540750000
33.99,1712125541000000
33.99,1712125541250000
33.99,1712125541500000
33.99,1712125541750000
33.99,1712125542000000
33.99,1712125542250000
33.99,1712125542500000
33.99,1712125542750000
33.99,1712125543000000
33.99,1712125543250000
33.99,1712125543500000
33.99,1712125543750000
33.99,1712125544000000
33.99,1712125544250000
33.99,1712125544500000
33.99,1712125544750000
33.99,1712125545000000
33.99,1712125545250000
33.99,1712125545500000
33.99,1712125545750000
33.99,1712125546000000
33.99,1712125546250000
33.99,1712125546500000
33.99,1712125546750000
33.99,1712125547000000
33.99,1712125547250000
33.99,1712125547500000
33.99,1712125547750000
33.97,1712125548000000
33.97,1712125548250000
33.97,1712125548500000
33.97,1712125548750000
33.97,1712125549000000
33.97,1712125549250000
33.97,1712125549500000
33.97,1712125549750000
33.97,1712125550000000
33.97,1712125550250000
33.97,1712125550500000
33.97,1712125550750000
33.99,1712125551000000
33.99,1712125551250000
33.99,1712125551500000
33.99,1712125551750000
33.99,1712125552000000
33.99,1712125552250000
33.99,1712125552500000
33.99,1712125552750000
33.99,1712125553000000
33.99,1712125553250000
33.99,1712125553500000
33.99,1712125553750000
33.97,1712125554000000
33.97,1712125554250000
33.97,1712125554500000
33.97,1712125554750000
33.99,1712125555000000
33.99,1712125555250000
33.99,1712125555500000
33.99,1712125555750000
33.95,1712125556000000
33.95,1712125556250000
33.95,1712125556500000
33.95,1712125556750000
33.97,1712125557000000
33.97,1712125557250000
33.97,1712125557500000
33.97,1712125557750000
33.97,1712125558000000
33.97,1712125558250000
33.97,1712125558500000
33.97,1712125558750000
33.97,1712125559000000
33.97,1712125559250000
33.97,1712125559500000
33.97,1712125559750000
33.97,1712125560000000
33.97,1712125560250000
33.97,1712125560500000
33.97,1712125560750000
33.95,1712125561000000
33.95,1712125561250000
33.95,1712125561500000
33.95,1712125561750000
33.95,1712125562000000
33.95,1712125562250000
33.95,1712125562500000
33.95,1712125562750000
33.95,1712125563000000
33.95,1712125563250000
33.95,1712125563500000
33.95,1712125563750000
33.97,1712125564000000
33.97,1712125564250000
33.97,1712125564500000
33.97,1712125564750000
33.93,1712125565000000
33.93,1712125565250000
33.93,1712125565500000
33.93,1712125565750000
33.95,1712125566000000
33.95,1712125566250000
33.95,1712125566500000
33.95,1712125566750000
33.95,1712125567000000
33.95,1712125567250000
33.95,1712125567500000
33.95,1712125567750000
33.95,1712125568000000
33.95,1712125568250000
33.95,1712125568500000
33.95,1712125568750000
33.93,1712125569000000
33.93,1712125569250000
33.93,1712125569500000
33.93,1712125569750000
33.95,1712125570000000
33.95,1712125570250000
33.95,1712125570500000
33.95,1712125570750000
33.95,1712125571000000
33.95,1712125571250000
33.95,1712125571500000
33.95,1712125571750000
33.95,1712125572000000
33.95,1712125572250000
33.95,1712125572500000
33.95,1712125572750000
33.93,1712125573000000
33.93,1712125573250000
33.93,1712125573500000
33.93,1712125573750000
33.95,1712125574000000
33.95,1712125574250000
33.95,1712125574500000
33.95,1712125574750000
33.97,1712125575000000
33.97,1712125575250000
33.97,1712125575500000
33.97,1712125575750000
33.97,1712125576000000
33.97,1712125576250000
33.97,1712125576500000
33.97,1712125576750000
33.95,1712125577000000
33.95,1712125577250000
33.95,1712125577500000
33.95,1712125577750000
33.95,1712125578000000
33.95,1712125578250000
33.95,1712125578500000
33.95,1712125578750000
33.93,1712125579000000
33.93,1712125579250000
33.93,1712125579500000
33.93,1712125579750000
33.95,1712125580000000
33.95,1712125580250000
33.95,1712125580500000
33.95,1712125580750000
33.97,1712125581000000
33.97,1712125581250000
33.97,1712125581500000
33.97,1712125581750000
33.93,1712125582000000
33.93,1712125582250000
33.93,1712125582500000
33.93,1712125582750000
33.95,1712125583000000
33.95,1712125583250000
33.95,1712125583500000
33.95,1712125583750000
33.93,1712125584000000
33.93,1712125584250000
33.93,1712125584500000
33.93,1712125584750000
33.97,1712125585000000
33.97,1712125585250000
33.97,1712125585500000
33.97,1712125585750000
33.95,1712125586000000
33.95,1712125586250000
33.95,1712125586500000
33.95,1712125586750000
33.93,1712125587000000
33.93,1712125587250000
33.93,1712125587500000
33.93,1712125587750000
33.93,1712125588000000
33.93,1712125588250000
33.93,1712125588500000
33.93,1712125588750000
33.93,1712125589000000
33.93,1712125589250000
33.93,1712125589500000
33.93,1712125589750000
33.95,1712125590000000
33.95,1712125590250000
33.95,1712125590500000
33.95,1712125590750000
33.95,1712125591000000
33.95,1712125591250000
33.95,1712125591500000
33.95,1712125591750000
33.93,1712125592000000
33.93,1712125592250000
33.93,1712125592500000
33.93,1712125592750000
33.95,1712125593000000
33.95,1712125593250000
33.95,1712125593500000
33.95,1712125593750000
33.93,1712125594000000
33.93,1712125594250000
33.93,1712125594500000
33.93,1712125594750000
33.95,1712125595000000
33.95,1712125595250000
33.95,1712125595500000
33.95,1712125595750000
33.95,1712125596000000
33.95,1712125596250000
33.95,1712125596500000
33.95,1712125596750000
33.93,1712125597000000
33.93,1712125597250000
33.93,1712125597500000
33.93,1712125597750000
33.95,1712125598000000
33.95,1712125598250000
33.95,1712125598500000
33.95,1712125598750000
33.93,1712125599000000
33.93,1712125599250000
33.93,1712125599500000
33.93,1712125599750000
33.95,1712125600000000
33.95,1712125600250000
33.95,1712125600500000
33.95,1712125600750000
33.91,1712125601000000
33.91,1712125601250000
33.91,1712125601500000
33.91,1712125601750000
33.93,1712125602000000
33.93,1712125602250000
33.93,1712125602500000
33.93,1712125602750000
33.91,1712125603000000
33.91,1712125603250000
33.91,1712125603500000
33.91,1712125603750000
33.91,1712125604000000
33.91,1712125604250000
33.91,1712125604500000
33.91,1712125604750000
33.95,1712125605000000
33.95,1712125605250000
33.95,1712125605500000
33.95,1712125605750000
33.91,1712125606000000
33.91,1712125606250000
33.91,1712125606500000
33.91,1712125606750000
33.93,1712125607000000
33.93,1712125607250000
33.93,1712125607500000
33.93,1712125607750000
33.91,1712125608000000
33.91,1712125608250000
33.91,1712125608500000
33.91,1712125608750000
33.91,1712125609000000
33.91,1712125609250000
33.91,1712125609500000
33.91,1712125609750000
33.93,1712125610000000
33.93,1712125610250000
33.93,1712125610500000
33.93,1712125610750000
33.91,1712125611000000
33.91,1712125611250000
33.91,1712125611500000
33.91,1712125611750000
33.91,1712125612000000
33.91,1712125612250000
33.91,1712125612500000
33.91,1712125612750000
33.93,1712125613000000
33.93,1712125613250000
33.93,1712125613500000
33.93,1712125613750000
33.89,1712125614000000
33.89,1712125614250000
33.89,1712125614500000
33.89,1712125614750000
33.91,1712125615000000
33.91,1712125615250000
33.91,1712125615500000
33.91,1712125615750000
33.91,1712125616000000
33.91,1712125616250000
33.91,1712125616500000
33.91,1712125616750000
33.93,1712125617000000
33.93,1712125617250000
33.93,1712125617500000
33.93,1712125617750000
33.91,1712125618000000
33.91,1712125618250000
33.91,1712125618500000
33.91,1712125618750000
33.91,1712125619000000
33.91,1712125619250000
33.91,1712125619500000
33.91,1712125619750000
33.91,1712125620000000
33.91,1712125620250000
33.91,1712125620500000
33.91,1712125620750000
33.93,1712125621000000
33.93,1712125621250000
33.93,1712125621500000
33.93,1712125621750000
33.89,1712125622000000
33.89,1712125622250000
33.89,1712125622500000
33.89,1712125622750000
33.91,1712125623000000
33.91,1712125623250000
33.91,1712125623500000
33.91,1712125623750000
33.91,1712125624000000
33.91,1712125624250000
33.91,1712125624500000
33.91,1712125624750000
33.89,1712125625000000
33.89,1712125625250000
33.89,1712125625500000
33.89,1712125625750000
33.93,1712125626000000
33.93,1712125626250000
33.93,1712125626500000
33.93,1712125626750000
33.91,1712125627000000
33.91,1712125627250000
33.91,1712125627500000
33.91,1712125627750000
33.91,1712125628000000
33.91,1712125628250000
33.91,1712125628500000
33.91,1712125628750000
33.87,1712125629000000
33.87,1712125629250000
33.87,1712125629500000
33.87,1712125629750000
33.89,1712125630000000
33.89,1712125630250000
33.89,1712125630500000
33.89,1712125630750000
33.91,1712125631000000
33.91,1712125631250000
33.91,1712125631500000
33.91,1712125631750000
33.91,1712125632000000
33.91,1712125632250000
33.91,1712125632500000
33.91,1712125632750000
33.87,1712125633000000
33.87,1712125633250000
33.87,1712125633500000
33.87,1712125633750000
33.91,1712125634000000
33.91,1712125634250000
33.91,1712125634500000
33.91,1712125634750000
33.91,1712125635000000
33.91,1712125635250000
33.91,1712125635500000
33.91,1712125635750000
33.89,1712125636000000
33.89,1712125636250000
33.89,1712125636500000
33.89,1712125636750000
33.89,1712125637000000
33.89,1712125637250000
33.89,1712125637500000
33.89,1712125637750000
33.87,1712125638000000
33.87,1712125638250000
33.87,1712125638500000
33.87,1712125638750000
33.89,1712125639000000
33.89,1712125639250000
33.89,1712125639500000
33.89,1712125639750000
33.91,1712125640000000
33.91,1712125640250000
33.91,1712125640500000
33.91,1712125640750000
33.89,1712125641000000
33.89,1712125641250000
33.89,1712125641500000
33.89,1712125641750000
33.89,1712125642000000
33.89,1712125642250000
33.89,1712125642500000
33.89,1712125642750000
33.89,1712125643000000
33.89,1712125643250000
33.89,1712125643500000
33.89,1712125643750000
33.87,1712125644000000
33.87,1712125644250000
33.87,1712125644500000
33.87,1712125644750000
33.89,1712125645000000
33.89,1712125645250000
33.89,1712125645500000
33.89,1712125645750000
33.91,1712125646000000
33.91,1712125646250000
33.91,1712125646500000
33.91,1712125646750000
33.91,1712125647000000
33.91,1712125647250000
33.91,1712125647500000
33.91,1712125647750000
33.87,1712125648000000
33.87,1712125648250000
33.87,1712125648500000
33.87,1712125648750000
33.89,1712125649000000
33.89,1712125649250000
33.89,1712125649500000
33.89,1712125649750000
33.89,1712125650000000
33.89,1712125650250000
33.89,1712125650500000
33.89,1712125650750000
33.89,1712125651000000
33.89,1712125651250000
33.89,1712125651500000
33.89,1712125651750000
33.87,1712125652000000
33.87,1712125652250000
33.87,1712125652500000
33.87,1712125652750000
33.84,1712125653000000
33.84,1712125653250000
33.84,1712125653500000
33.84,1712125653750000
33.87,1712125654000000
33.87,1712125654250000
33.87,1712125654500000
33.87,1712125654750000
33.87,1712125655000000
33.87,1712125655250000
33.87,1712125655500000
33.87,1712125655750000
33.84,1712125656000000
33.84,1712125656250000
33.84,1712125656500000
33.84,1712125656750000
33.89,1712125657000000
33.89,1712125657250000
33.89,1712125657500000
33.89,1712125657750000
33.83,1712125658000000
33.83,1712125658250000
33.83,1712125658500000
33.83,1712125658750000
33.84,1712125659000000
33.84,1712125659250000
33.84,1712125659500000
33.84,1712125659750000
33.87,1712125660000000
33.87,1712125660250000
33.87,1712125660500000
33.87,1712125660750000
33.89,1712125661000000
33.89,1712125661250000
33.89,1712125661500000
33.89,1712125661750000
33.84,1712125662000000
33.84,1712125662250000
33.84,1712125662500000
33.84,1712125662750000
33.87,1712125663000000
33.87,1712125663250000
33.87,1712125663500000
33.87,1712125663750000
33.87,1712125664000000
33.87,1712125664250000
33.87,1712125664500000
33.87,1712125664750000
33.84,1712125665000000
33.84,1712125665250000
33.84,1712125665500000
33.84,1712125665750000
33.84,1712125666000000
33.84,1712125666250000
33.84,1712125666500000
33.84,1712125666750000
33.83,1712125667000000
33.83,1712125667250000
33.83,1712125667500000
33.83,1712125667750000
33.87,1712125668000000
33.87,1712125668250000
33.87,1712125668500000
33.87,1712125668750000
33.89,1712125669000000
33.89,1712125669250000
33.89,1712125669500000
33.89,1712125669750000
33.84,1712125670000000
33.84,1712125670250000
33.84,1712125670500000
33.84,1712125670750000
33.84,1712125671000000
33.84,1712125671250000
33.84,1712125671500000
33.84,1712125671750000
33.84,1712125672000000
33.84,1712125672250000
33.84,1712125672500000
33.84,1712125672750000
33.87,1712125673000000
33.87,1712125673250000
33.87,1712125673500000
33.87,1712125673750000
33.87,1712125674000000
33.87,1712125674250000
33.87,1712125674500000
33.87,1712125674750000
33.83,1712125675000000
33.83,1712125675250000
33.83,1712125675500000
33.83,1712125675750000
33.83,1712125676000000
33.83,1712125676250000
33.83,1712125676500000
33.83,1712125676750000
33.84,1712125677000000
33.84,1712125677250000
33.84,1712125677500000
33.84,1712125677750000
33.83,1712125678000000
33.83,1712125678250000
33.83,1712125678500000
33.83,1712125678750000
33.84,1712125679000000
33.84,1712125679250000
33.84,1712125679500000
33.84,1712125679750000
33.83,1712125680000000
33.83,1712125680250000
33.83,1712125680500000
33.83,1712125680750000
33.84,1712125681000000
33.84,1712125681250000
33.84,1712125681500000
33.84,1712125681750000
33.83,1712125682000000
33.83,1712125682250000
33.83,1712125682500000
33.83,1712125682750000
33.84,1712125683000000
33.84,1712125683250000
33.84,1712125683500000
33.84,1712125683750000
33.84,1712125684000000
33.84,1712125684250000
33.84,1712125684500000
33.84,1712125684750000
33.83,1712125685000000
33.83,1712125685250000
33.83,1712125685500000
33.83,1712125685750000
33.84,1712125686000000
33.84,1712125686250000
33.84,1712125686500000
33.84,1712125686750000
33.81,1712125687000000
33.81,1712125687250000
33.81,1712125687500000
33.81,1712125687750000
33.81,1712125688000000
33.81,1712125688250000
33.81,1712125688500000
33.81,1712125688750000
33.83,1712125689000000
33.83,1712125689250000
33.83,1712125689500000
33.83,1712125689750000
33.84,1712125690000000
33.84,1712125690250000
33.84,1712125690500000
33.84,1712125690750000
33.83,1712125691000000
33.83,1712125691250000
33.83,1712125691500000
33.83,1712125691750000
33.83,1712125692000000
33.83,1712125692250000
33.83,1712125692500000
33.83,1712125692750000
33.81,1712125693000000
33.81,1712125693250000
33.81,1712125693500000
33.81,1712125693750000
33.81,1712125694000000
33.81,1712125694250000
33.81,1712125694500000
33.81,1712125694750000
33.81,1712125695000000
33.81,1712125695250000
33.81,1712125695500000
33.81,1712125695750000
33.83,1712125696000000
33.83,1712125696250000
33.83,1712125696500000
33.83,1712125696750000
33.81,1712125697000000
33.81,1712125697250000
33.81,1712125697500000
33.81,1712125697750000
33.83,1712125698000000
33.83,1712125698250000
33.83,1712125698500000
33.83,1712125698750000
33.81,1712125699000000
33.81,1712125699250000
33.81,1712125699500000
33.81,1712125699750000
33.79,1712125700000000
33.79,1712125700250000
33.79,1712125700500000
33.79,1712125700750000
33.83,1712125701000000
33.83,1712125701250000
33.83,1712125701500000
33.83,1712125701750000
33.79,1712125702000000
33.79,1712125702250000
33.79,1712125702500000
33.79,1712125702750000
33.81,1712125703000000
33.81,1712125703250000
33.81,1712125703500000
33.81,1712125703750000
33.81,1712125704000000
33.81,1712125704250000
33.81,1712125704500000
33.81,1712125704750000
33.79,1712125705000000
33.79,1712125705250000
33.79,1712125705500000
33.79,1712125705750000
33.81,1712125706000000
33.81,1712125706250000
33.81,1712125706500000
33.81,1712125706750000
33.79,1712125707000000
33.79,1712125707250000
33.79,1712125707500000
33.79,1712125707750000
33.79,1712125708000000
33.79,1712125708250000
33.79,1712125708500000
33.79,1712125708750000
33.81,1712125709000000
33.81,1712125709250000
33.81,1712125709500000
33.81,1712125709750000
33.75,1712125710000000
33.75,1712125710250000
33.75,1712125710500000
33.75,1712125710750000
33.77,1712125711000000
33.77,1712125711250000
33.77,1712125711500000
33.77,1712125711750000
33.77,1712125712000000
33.77,1712125712250000
33.77,1712125712500000
33.77,1712125712750000
33.77,1712125713000000
33.77,1712125713250000
33.77,1712125713500000
33.77,1712125713750000
33.75,1712125714000000
33.75,1712125714250000
33.75,1712125714500000
33.75,1712125714750000
33.75,1712125715000000
33.75,1712125715250000
33.75,1712125715500000
33.75,1712125715750000
33.75,1712125716000000
33.75,1712125716250000
33.75,1712125716500000
33.75,1712125716750000
33.75,1712125717000000
33.75,1712125717250000
33.75,1712125717500000
33.75,1712125717750000
33.75,1712125718000000
33.75,1712125718250000
33.75,1712125718500000
33.75,1712125718750000
33.73,1712125719000000
33.73,1712125719250000
33.73,1712125719500000
33.73,1712125719750000
33.75,1712125720000000
33.75,1712125720250000
33.75,1712125720500000
33.75,1712125720750000
33.73,1712125721000000
33.73,1712125721250000
33.73,1712125721500000
33.73,1712125721750000
33.75,1712125722000000
33.75,1712125722250000
33.75,1712125722500000
33.75,1712125722750000
33.71,1712125723000000
33.71,1712125723250000
33.71,1712125723500000
33.71,1712125723750000
33.73,1712125724000000
33.73,1712125724250000
33.73,1712125724500000
33.73,1712125724750000
33.73,1712125725000000
33.73,1712125725250000
33.73,1712125725500000
33.73,1712125725750000
33.68,1712125726000000
33.68,1712125726250000
33.68,1712125726500000
33.68,1712125726750000
33.68,1712125727000000
33.68,1712125727250000
33.68,1712125727500000
33.68,1712125727750000
33.68,1712125728000000
33.68,1712125728250000
33.68,1712125728500000
33.68,1712125728750000
33.68,1712125729000000
33.68,1712125729250000
33.68,1712125729500000
33.68,1712125729750000
33.68,1712125730000000
33.68,1712125730250000
33.68,1712125730500000
33.68,1712125730750000
33.66,1712125731000000
33.66,1712125731250000
33.66,1712125731500000
33.66,1712125731750000
33.68,1712125732000000
33.68,1712125732250000
33.68,1712125732500000
33.68,1712125732750000
33.68,1712125733000000
33.68,1712125733250000
33.68,1712125733500000
33.68,1712125733750000
33.66,1712125734000000
33.66,1712125734250000
33.66,1712125734500000
33.66,1712125734750000
33.66,1712125735000000
33.66,1712125735250000
33.66,1712125735500000
33.66,1712125735750000
33.66,1712125736000000
33.66,1712125736250000
33.66,1712125736500000
33.66,1712125736750000
33.65,1712125737000000
33.65,1712125737250000
33.65,1712125737500000
33.65,1712125737750000
33.66,1712125738000000
33.66,1712125738250000
33.66,1712125738500000
33.66,1712125738750000
33.66,1712125739000000
33.66,1712125739250000
33.66,1712125739500000
33.66,1712125739750000
33.65,1712125740000000
33.65,1712125740250000
33.65,1712125740500000
33.65,1712125740750000
33.65,1712125741000000
33.65,1712125741250000
33.65,1712125741500000
33.65,1712125741750000
33.65,1712125742000000
33.65,1712125742250000
33.65,1712125742500000
33.65,1712125742750000
33.65,1712125743000000
33.65,1712125743250000
33.65,1712125743500000
33.65,1712125743750000
33.63,1712125744000000
33.63,1712125744250000
33.63,1712125744500000
33.63,1712125744750000
33.63,1712125745000000
33.63,1712125745250000
33.63,1712125745500000
33.63,1712125745750000
33.63,1712125746000000
33.63,1712125746250000
33.63,1712125746500000
33.63,1712125746750000
33.65,1712125747000000
33.65,1712125747250000
33.65,1712125747500000
33.65,1712125747750000
33.65,1712125748000000
33.65,1712125748250000
33.65,1712125748500000
33.65,1712125748750000
33.63,1712125749000000
33.63,1712125749250000
33.63,1712125749500000
33.63,1712125749750000
33.63,1712125750000000
33.63,1712125750250000
33.63,1712125750500000
33.63,1712125750750000
33.63,1712125751000000
33.63,1712125751250000
33.63,1712125751500000
33.63,1712125751750000
33.63,1712125752000000
33.63,1712125752250000
33.63,1712125752500000
33.63,1712125752750000
33.63,1712125753000000
33.63,1712125753250000
33.63,1712125753500000
33.63,1712125753750000
33.61,1712125754000000
33.61,1712125754250000
33.61,1712125754500000
33.61,1712125754750000
33.63,1712125755000000
33.63,1712125755250000
33.63,1712125755500000
33.63,1712125755750000
33.63,1712125756000000
33.63,1712125756250000
33.63,1712125756500000
33.63,1712125756750000
33.63,1712125757000000
33.63,1712125757250000
33.63,1712125757500000
33.63,1712125757750000
33.63,1712125758000000
33.63,1712125758250000
33.63,1712125758500000
33.63,1712125758750000
33.61,1712125759000000
33.61,1712125759250000
33.61,1712125759500000
33.61,1712125759750000
33.63,1712125760000000
33.63,1712125760250000
33.63,1712125760500000
33.63,1712125760750000
33.61,1712125761000000
33.61,1712125761250000
33.61,1712125761500000
33.61,1712125761750000
33.59,1712125762000000
33.59,1712125762250000
33.59,1712125762500000
33.59,1712125762750000
33.63,1712125763000000
33.63,1712125763250000
33.63,1712125763500000
33.63,1712125763750000
33.61,1712125764000000
33.61,1712125764250000
33.61,1712125764500000
33.61,1712125764750000
33.61,1712125765000000
33.61,1712125765250000
33.61,1712125765500000
33.61,1712125765750000
33.59,1712125766000000
33.59,1712125766250000
33.59,1712125766500000
33.59,1712125766750000
33.61,1712125767000000
33.61,1712125767250000
33.61,1712125767500000
33.61,1712125767750000
33.61,1712125768000000
33.61,1712125768250000
33.61,1712125768500000
33.61,1712125768750000
33.59,1712125769000000
33.59,1712125769250000
33.59,1712125769500000
33.59,1712125769750000
33.57,1712125770000000
33.57,1712125770250000
33.57,1712125770500000
33.57,1712125770750000
33.59,1712125771000000
33.59,1712125771250000
33.59,1712125771500000
33.59,1712125771750000
33.59,1712125772000000
33.59,1712125772250000
33.59,1712125772500000
33.59,1712125772750000
33.59,1712125773000000
33.59,1712125773250000
33.59,1712125773500000
33.59,1712125773750000
33.59,1712125774000000
33.59,1712125774250000
33.59,1712125774500000
33.59,1712125774750000
33.59,1712125775000000
33.59,1712125775250000
33.59,1712125775500000
33.59,1712125775750000
33.59,1712125776000000
33.59,1712125776250000
33.59,1712125776500000
33.59,1712125776750000
33.59,1712125777000000
33.59,1712125777250000
33.59,1712125777500000
33.59,1712125777750000
33.61,1712125778000000
33.61,1712125778250000
33.61,1712125778500000
33.61,1712125778750000
33.61,1712125779000000
33.61,1712125779250000
33.61,1712125779500000
33.61,1712125779750000
33.59,1712125780000000
33.59,1712125780250000
33.59,1712125780500000
33.59,1712125780750000
33.59,1712125781000000
33.59,1712125781250000
33.59,1712125781500000
33.59,1712125781750000
33.59,1712125782000000
33.59,1712125782250000
33.59,1712125782500000
33.59,1712125782750000
33.59,1712125783000000
33.59,1712125783250000
33.59,1712125783500000
33.59,1712125783750000
33.57,1712125784000000
33.57,1712125784250000
33.57,1712125784500000
33.57,1712125784750000
33.59,1712125785000000
33.59,1712125785250000
33.59,1712125785500000
33.59,1712125785750000
33.61,1712125786000000
33.61,1712125786250000
33.61,1712125786500000
33.61,1712125786750000
33.61,1712125787000000
33.61,1712125787250000
33.61,1712125787500000
33.61,1712125787750000
33.59,1712125788000000
33.59,1712125788250000
33.59,1712125788500000
33.59,1712125788750000
33.59,1712125789000000
33.59,1712125789250000
33.59,1712125789500000
33.59,1712125789750000
33.57,1712125790000000
33.57,1712125790250000
33.57,1712125790500000
33.57,1712125790750000
33.59,1712125791000000
33.59,1712125791250000
33.59,1712125791500000
33.59,1712125791750000
33.61,1712125792000000
33.61,1712125792250000
33.61,1712125792500000
33.61,1712125792750000
33.59,1712125793000000
33.59,1712125793250000
33.59,1712125793500000
33.59,1712125793750000
33.59,1712125794000000
33.59,1712125794250000
33.59,1712125794500000
33.59,1712125794750000
33.59,1712125795000000
33.59,1712125795250000
33.59,1712125795500000
33.59,1712125795750000
33.59,1712125796000000
33.59,1712125796250000
33.59,1712125796500000
33.59,1712125796750000
33.59,1712125797000000
33.59,1712125797250000
33.59,1712125797500000
33.59,1712125797750000
33.59,1712125798000000
33.59,1712125798250000
33.59,1712125798500000
33.59,1712125798750000
33.63,1712125799000000
33.63,1712125799250000
33.63,1712125799500000
33.63,1712125799750000
33.59,1712125800000000
33.59,1712125800250000
33.59,1712125800500000
33.59,1712125800750000
33.59,1712125801000000
33.59,1712125801250000
33.59,1712125801500000
33.59,1712125801750000
33.57,1712125802000000
33.57,1712125802250000
33.57,1712125802500000
33.57,1712125802750000
33.61,1712125803000000
33.61,1712125803250000
33.61,1712125803500000
33.61,1712125803750000
33.61,1712125804000000
33.61,1712125804250000
33.61,1712125804500000
33.61,1712125804750000
33.63,1712125805000000
33.63,1712125805250000
33.63,1712125805500000
33.63,1712125805750000
33.61,1712125806000000
33.61,1712125806250000
33.61,1712125806500000
33.61,1712125806750000
33.63,1712125807000000
33.63,1712125807250000
33.63,1712125807500000
33.63,1712125807750000
33.61,1712125808000000
33.61,1712125808250000
33.61,1712125808500000
33.61,1712125808750000
33.61,1712125809000000
33.61,1712125809250000
33.61,1712125809500000
33.61,1712125809750000
33.61,1712125810000000
33.61,1712125810250000
33.61,1712125810500000
33.61,1712125810750000
33.61,1712125811000000
33.61,1712125811250000
33.61,1712125811500000
33.61,1712125811750000
33.61,1712125812000000
33.61,1712125812250000
33.61,1712125812500000
33.61,1712125812750000
33.61,1712125813000000
33.61,1712125813250000
33.61,1712125813500000
33.61,1712125813750000
33.65,1712125814000000
33.65,1712125814250000
33.65,1712125814500000
33.65,1712125814750000
33.63,1712125815000000
33.63,1712125815250000
33.63,1712125815500000
33.63,1712125815750000
33.63,1712125816000000
33.63,1712125816250000
33.63,1712125816500000
33.63,1712125816750000
33.63,1712125817000000
33.63,1712125817250000
33.63,1712125817500000
33.63,1712125817750000
33.63,1712125818000000
33.63,1712125818250000
33.63,1712125818500000
33.63,1712125818750000
33.65,1712125819000000
33.65,1712125819250000
33.65,1712125819500000
33.65,1712125819750000
33.65,1712125820000000
33.65,1712125820250000
33.65,1712125820500000
33.65,1712125820750000
33.61,1712125821000000
33.61,1712125821250000
33.61,1712125821500000
33.61,1712125821750000
33.65,1712125822000000
33.65,1712125822250000
33.65,1712125822500000
33.65,1712125822750000
33.66,1712125823000000
33.66,1712125823250000
33.66,1712125823500000
33.66,1712125823750000
33.65,1712125824000000
33.65,1712125824250000
33.65,1712125824500000
33.65,1712125824750000
33.63,1712125825000000
33.63,1712125825250000
33.63,1712125825500000
33.63,1712125825750000
33.63,1712125826000000
33.63,1712125826250000
33.63,1712125826500000
33.63,1712125826750000
33.65,1712125827000000
33.65,1712125827250000
33.65,1712125827500000
33.65,1712125827750000
33.66,1712125828000000
33.66,1712125828250000
33.66,1712125828500000
33.66,1712125828750000
33.65,1712125829000000
33.65,1712125829250000
33.65,1712125829500000
33.65,1712125829750000
33.66,1712125830000000
33.66,1712125830250000
33.66,1712125830500000
33.66,1712125830750000
33.66,1712125831000000
33.66,1712125831250000
33.66,1712125831500000
33.66,1712125831750000
33.66,1712125832000000
33.66,1712125832250000
33.66,1712125832500000
33.66,1712125832750000
33.66,1712125833000000
33.66,1712125833250000
33.66,1712125833500000
33.66,1712125833750000
33.66,1712125834000000
33.66,1712125834250000
33.66,1712125834500000
33.66,1712125834750000
33.68,1712125835000000
33.68,1712125835250000
33.68,1712125835500000
33.68,1712125835750000
33.68,1712125836000000
33.68,1712125836250000
33.68,1712125836500000
33.68,1712125836750000
33.65,1712125837000000
33.65,1712125837250000
33.65,1712125837500000
33.65,1712125837750000
33.66,1712125838000000
33.66,1712125838250000
33.66,1712125838500000
33.66,1712125838750000
33.66,1712125839000000
33.66,1712125839250000
33.66,1712125839500000
33.66,1712125839750000
33.66,1712125840000000
33.66,1712125840250000
33.66,1712125840500000
33.66,1712125840750000
33.68,1712125841000000
33.68,1712125841250000
33.68,1712125841500000
33.68,1712125841750000
33.68,1712125842000000
33.68,1712125842250000
33.68,1712125842500000
33.68,1712125842750000
33.71,1712125843000000
33.71,1712125843250000
33.71,1712125843500000
33.71,1712125843750000
33.71,1712125844000000
33.71,1712125844250000
33.71,1712125844500000
33.71,1712125844750000
33.68,1712125845000000
33.68,1712125845250000
33.68,1712125845500000
33.68,1712125845750000
33.68,1712125846000000
33.68,1712125846250000
33.68,1712125846500000
33.68,1712125846750000
33.68,1712125847000000
33.68,1712125847250000
33.68,1712125847500000
33.68,1712125847750000
33.68,1712125848000000
33.68,1712125848250000
33.68,1712125848500000
33.68,1712125848750000
33.71,1712125849000000
33.71,1712125849250000
33.71,1712125849500000
33.71,1712125849750000
33.71,1712125850000000
33.71,1712125850250000
33.71,1712125850500000
33.71,1712125850750000
33.71,1712125851000000
33.71,1712125851250000
33.71,1712125851500000
33.71,1712125851750000
33.71,1712125852000000
33.71,1712125852250000
33.71,1712125852500000
33.71,1712125852750000
33.71,1712125853000000
33.71,1712125853250000
33.71,1712125853500000
33.71,1712125853750000
33.71,1712125854000000
33.71,1712125854250000
33.71,1712125854500000
33.71,1712125854750000
33.71,1712125855000000
33.71,1712125855250000
33.71,1712125855500000
33.71,1712125855750000
33.71,1712125856000000
33.71,1712125856250000
33.71,1712125856500000
33.71,1712125856750000
33.71,1712125857000000
33.71,1712125857250000
33.71,1712125857500000
33.71,1712125857750000
33.71,1712125858000000
33.71,1712125858250000
33.71,1712125858500000
33.71,1712125858750000
33.68,1712125859000000
33.68,1712125859250000
33.68,1712125859500000
33.68,1712125859750000
33.75,1712125860000000
33.75,1712125860250000
33.75,1712125860500000
33.75,1712125860750000
33.73,1712125861000000
33.73,1712125861250000
33.73,1712125861500000
33.73,1712125861750000
33.71,1712125862000000
33.71,1712125862250000
33.71,1712125862500000
33.71,1712125862750000
33.71,1712125863000000
33.71,1712125863250000
33.71,1712125863500000
33.71,1712125863750000
33.71,1712125864000000
33.71,1712125864250000
33.71,1712125864500000
33.71,1712125864750000
33.73,1712125865000000
33.73,1712125865250000
33.73,1712125865500000
33.73,1712125865750000
33.75,1712125866000000
33.75,1712125866250000
33.75,1712125866500000
33.75,1712125866750000
33.73,1712125867000000
33.73,1712125867250000
33.73,1712125867500000
33.73,1712125867750000
33.73,1712125868000000
33.73,1712125868250000
33.73,1712125868500000
33.73,1712125868750000
33.73,1712125869000000
33.73,1712125869250000
33.73,1712125869500000
33.73,1712125869750000
33.75,1712125870000000
33.75,1712125870250000
33.75,1712125870500000
33.75,1712125870750000
33.73,1712125871000000
33.73,1712125871250000
33.73,1712125871500000
33.73,1712125871750000
33.75,1712125872000000
33.75,1712125872250000
33.75,1712125872500000
33.75,1712125872750000
33.75,1712125873000000
33.75,1712125873250000
33.75,1712125873500000
33.75,1712125873750000
33.75,1712125874000000
33.75,1712125874250000
33.75,1712125874500000
33.75,1712125874750000
33.73,1712125875000000
33.73,1712125875250000
33.73,1712125875500000
33.73,1712125875750000
33.73,1712125876000000
33.73,1712125876250000
33.73,1712125876500000
33.73,1712125876750000
33.77,1712125877000000
33.77,1712125877250000
33.77,1712125877500000
33.77,1712125877750000
33.75,1712125878000000
33.75,1712125878250000
33.75,1712125878500000
33.75,1712125878750000
33.75,1712125879000000
33.75,1712125879250000
33.75,1712125879500000
33.75,1712125879750000
33.75,1712125880000000
33.75,1712125880250000
33.75,1712125880500000
33.75,1712125880750000
33.73,1712125881000000
33.73,1712125881250000
33.73,1712125881500000
33.73,1712125881750000
33.75,1712125882000000
33.75,1712125882250000
33.75,1712125882500000
33.75,1712125882750000
33.77,1712125883000000
33.77,1712125883250000
33.77,1712125883500000
33.77,1712125883750000
33.75,1712125884000000
33.75,1712125884250000
33.75,1712125884500000
33.75,1712125884750000
33.77,1712125885000000
33.77,1712125885250000
33.77,1712125885500000
33.77,1712125885750000
33.75,1712125886000000
33.75,1712125886250000
33.75,1712125886500000
33.75,1712125886750000
33.77,1712125887000000
33.77,1712125887250000
33.77,1712125887500000
33.77,1712125887750000
33.77,1712125888000000
33.77,1712125888250000
33.77,1712125888500000
33.77,1712125888750000
33.77,1712125889000000
33.77,1712125889250000
33.77,1712125889500000
33.77,1712125889750000
33.79,1712125890000000
33.79,1712125890250000
33.79,1712125890500000
33.79,1712125890750000
33.79,1712125891000000
33.79,1712125891250000
33.79,1712125891500000
33.79,1712125891750000
33.77,1712125892000000
33.77,1712125892250000
33.77,1712125892500000
33.77,1712125892750000
33.77,1712125893000000
33.77,1712125893250000
33.77,1712125893500000
33.77,1712125893750000
33.77,1712125894000000
33.77,1712125894250000
33.77,1712125894500000
33.77,1712125894750000
33.77,1712125895000000
33.77,1712125895250000
33.77,1712125895500000
33.77,1712125895750000
33.79,1712125896000000
33.79,1712125896250000
33.79,1712125896500000
33.79,1712125896750000
33.77,1712125897000000
33.77,1712125897250000
33.77,1712125897500000
33.77,1712125897750000
33.77,1712125898000000
33.77,1712125898250000
33.77,1712125898500000
33.77,1712125898750000
33.77,1712125899000000
33.77,1712125899250000
33.77,1712125899500000
33.77,1712125899750000
33.77,1712125900000000
33.77,1712125900250000
33.77,1712125900500000
33.77,1712125900750000
33.75,1712125901000000
33.75,1712125901250000
33.75,1712125901500000
33.75,1712125901750000
33.77,1712125902000000
33.77,1712125902250000
33.77,1712125902500000
33.77,1712125902750000
33.77,1712125903000000
33.77,1712125903250000
33.77,1712125903500000
33.77,1712125903750000
33.77,1712125904000000
33.77,1712125904250000
33.77,1712125904500000
33.77,1712125904750000
33.77,1712125905000000
33.77,1712125905250000
33.77,1712125905500000
33.77,1712125905750000
33.77,1712125906000000
33.77,1712125906250000
33.77,1712125906500000
33.77,1712125906750000
33.77,1712125907000000
33.77,1712125907250000
33.77,1712125907500000
33.77,1712125907750000
33.77,1712125908000000
33.77,1712125908250000
33.77,1712125908500000
33.77,1712125908750000
33.81,1712125909000000
33.81,1712125909250000
33.81,1712125909500000
33.81,1712125909750000
33.77,1712125910000000
33.77,1712125910250000
33.77,1712125910500000
33.77,1712125910750000
33.77,1712125911000000
33.77,1712125911250000
33.77,1712125911500000
33.77,1712125911750000
33.75,1712125912000000
33.75,1712125912250000
33.75,1712125912500000
33.75,1712125912750000
33.79,1712125913000000
33.79,1712125913250000
33.79,1712125913500000
33.79,1712125913750000
33.79,1712125914000000
33.79,1712125914250000
33.79,1712125914500000
33.79,1712125914750000
33.77,1712125915000000
33.77,1712125915250000
33.77,1712125915500000
33.77,1712125915750000
33.79,1712125916000000
33.79,1712125916250000
33.79,1712125916500000
33.79,1712125916750000
33.79,1712125917000000
33.79,1712125917250000
33.79,1712125917500000
33.79,1712125917750000
33.77,1712125918000000
33.77,1712125918250000
33.77,1712125918500000
33.77,1712125918750000
33.77,1712125919000000
33.77,1712125919250000
33.77,1712125919500000
33.77,1712125919750000
33.77,1712125920000000
33.77,1712125920250000
33.77,1712125920500000
33.77,1712125920750000
33.77,1712125921000000
33.77,1712125921250000
33.77,1712125921500000
33.77,1712125921750000
33.79,1712125922000000
33.79,1712125922250000
33.79,1712125922500000
33.79,1712125922750000
33.77,1712125923000000
33.77,1712125923250000
33.77,1712125923500000
33.77,1712125923750000
33.77,1712125924000000
33.77,1712125924250000
33.77,1712125924500000
33.77,1712125924750000
33.79,1712125925000000
33.79,1712125925250000
33.79,1712125925500000
33.79,1712125925750000
33.81,1712125926000000
33.81,1712125926250000
33.81,1712125926500000
33.81,1712125926750000
33.79,1712125927000000
33.79,1712125927250000
33.79,1712125927500000
33.79,1712125927750000
33.79,1712125928000000
33.79,1712125928250000
33.79,1712125928500000
33.79,1712125928750000
33.79,1712125929000000
33.79,1712125929250000
33.79,1712125929500000
33.79,1712125929750000
33.81,1712125930000000
33.81,1712125930250000
33.81,1712125930500000
33.81,1712125930750000
33.79,1712125931000000
33.79,1712125931250000
33.79,1712125931500000
33.79,1712125931750000
33.79,1712125932000000
33.79,1712125932250000
33.79,1712125932500000
33.79,1712125932750000
33.81,1712125933000000
33.81,1712125933250000
33.81,1712125933500000
33.81,1712125933750000
33.81,1712125934000000
33.81,1712125934250000
33.81,1712125934500000
33.81,1712125934750000
33.77,1712125935000000
33.77,1712125935250000
33.77,1712125935500000
33.77,1712125935750000
33.79,1712125936000000
33.79,1712125936250000
33.79,1712125936500000
33.79,1712125936750000
33.79,1712125937000000
33.79,1712125937250000
33.79,1712125937500000
33.79,1712125937750000
33.79,1712125938000000
33.79,1712125938250000
33.79,1712125938500000
33.79,1712125938750000
33.81,1712125939000000
33.81,1712125939250000
33.81,1712125939500000
33.81,1712125939750000
33.79,1712125940000000
33.79,1712125940250000
33.79,1712125940500000
33.79,1712125940750000
33.79,1712125941000000
33.79,1712125941250000
33.79,1712125941500000
33.79,1712125941750000
33.79,1712125942000000
33.79,1712125942250000
33.79,1712125942500000
33.79,1712125942750000
33.79,1712125943000000
33.79,1712125943250000
33.79,1712125943500000
33.79,1712125943750000
33.79,1712125944000000
33.79,1712125944250000
33.79,1712125944500000
33.79,1712125944750000
33.79,1712125945000000
33.79,1712125945250000
33.79,1712125945500000
33.79,1712125945750000
33.79,1712125946000000
33.79,1712125946250000
33.79,1712125946500000
33.79,1712125946750000
33.81,1712125947000000
33.81,1712125947250000
33.81,1712125947500000
33.81,1712125947750000
33.81,1712125948000000
33.81,1712125948250000
33.81,1712125948500000
33.81,1712125948750000
33.81,1712125949000000
33.81,1712125949250000
33.81,1712125949500000
33.81,1712125949750000
33.79,1712125950000000
33.79,1712125950250000
33.79,1712125950500000
33.79,1712125950750000
33.79,1712125951000000
33.79,1712125951250000
33.79,1712125951500000
33.79,1712125951750000
33.83,1712125952000000
33.83,1712125952250000
33.83,1712125952500000
33.83,1712125952750000
33.79,1712125953000000
33.79,1712125953250000
33.79,1712125953500000
33.79,1712125953750000
33.77,1712125954000000
33.77,1712125954250000
33.77,1712125954500000
33.77,1712125954750000
33.81,1712125955000000
33.81,1712125955250000
33.81,1712125955500000
33.81,1712125955750000
33.81,1712125956000000
33.81,1712125956250000
33.81,1712125956500000
33.81,1712125956750000
33.79,1712125957000000
33.79,1712125957250000
33.79,1712125957500000
33.79,1712125957750000
33.81,1712125958000000
33.81,1712125958250000
33.81,1712125958500000
33.81,1712125958750000
33.81,1712125959000000
33.81,1712125959250000
33.81,1712125959500000
33.81,1712125959750000
33.79,1712125960000000
33.79,1712125960250000
33.79,1712125960500000
33.79,1712125960750000
33.81,1712125961000000
33.81,1712125961250000
33.81,1712125961500000
33.81,1712125961750000
33.81,1712125962000000
33.81,1712125962250000
33.81,1712125962500000
33.81,1712125962750000
33.81,1712125963000000
33.81,1712125963250000
33.81,1712125963500000
33.81,1712125963750000
33.79,1712125964000000
33.79,1712125964250000
33.79,1712125964500000
33.79,1712125964750000
33.79,1712125965000000
33.79,1712125965250000
33.79,1712125965500000
33.79,1712125965750000
33.81,1712125966000000
33.81,1712125966250000
33.81,1712125966500000
33.81,1712125966750000
33.81,1712125967000000
33.81,1712125967250000
33.81,1712125967500000
33.81,1712125967750000
33.81,1712125968000000
33.81,1712125968250000
33.81,1712125968500000
33.81,1712125968750000
33.79,1712125969000000
33.79,1712125969250000
33.79,1712125969500000
33.79,1712125969750000
33.81,1712125970000000
33.81,1712125970250000
33.81,1712125970500000
33.81,1712125970750000
33.81,1712125971000000
33.81,1712125971250000
33.81,1712125971500000
33.81,1712125971750000
33.81,1712125972000000
33.81,1712125972250000
33.81,1712125972500000
33.81,1712125972750000
33.79,1712125973000000
33.79,1712125973250000
33.79,1712125973500000
33.79,1712125973750000
33.81,1712125974000000
33.81,1712125974250000
33.81,1712125974500000
33.81,1712125974750000
33.81,1712125975000000
33.81,1712125975250000
33.81,1712125975500000
33.81,1712125975750000
33.81,1712125976000000
33.81,1712125976250000
33.81,1712125976500000
33.81,1712125976750000
33.79,1712125977000000
33.79,1712125977250000
33.79,1712125977500000
33.79,1712125977750000
33.79,1712125978000000
33.79,1712125978250000
33.79,1712125978500000
33.79,1712125978750000
33.81,1712125979000000
33.81,1712125979250000
33.81,1712125979500000
33.81,1712125979750000
33.77,1712125980000000
33.77,1712125980250000
33.77,1712125980500000
33.77,1712125980750000
33.79,1712125981000000
33.79,1712125981250000
33.79,1712125981500000
33.79,1712125981750000
33.81,1712125982000000
33.81,1712125982250000
33.81,1712125982500000
33.81,1712125982750000
33.79,1712125983000000
33.79,1712125983250000
33.79,1712125983500000
33.79,1712125983750000
33.83,1712125984000000
33.83,1712125984250000
33.83,1712125984500000
33.83,1712125984750000
33.79,1712125985000000
33.79,1712125985250000
33.79,1712125985500000
33.79,1712125985750000
33.81,1712125986000000
33.81,1712125986250000
33.81,1712125986500000
33.81,1712125986750000
33.83,1712125987000000
33.83,1712125987250000
33.83,1712125987500000
33.83,1712125987750000
33.79,1712125988000000
33.79,1712125988250000
33.79,1712125988500000
33.79,1712125988750000
33.81,1712125989000000
33.81,1712125989250000
33.81,1712125989500000
33.81,1712125989750000
33.81,1712125990000000
33.81,1712125990250000
33.81,1712125990500000
33.81,1712125990750000
33.77,1712125991000000
33.77,1712125991250000
33.77,1712125991500000
33.77,1712125991750000
33.79,1712125992000000
33.79,1712125992250000
33.79,1712125992500000
33.79,1712125992750000
33.79,1712125993000000
33.79,1712125993250000
33.79,1712125993500000
33.79,1712125993750000
33.81,1712125994000000
33.81,1712125994250000
33.81,1712125994500000
33.81,1712125994750000
33.77,1712125995000000
33.77,1712125995250000
33.77,1712125995500000
33.77,1712125995750000
33.81,1712125996000000
33.81,1712125996250000
33.81,1712125996500000
33.81,1712125996750000
33.79,1712125997000000
33.79,1712125997250000
33.79,1712125997500000
33.79,1712125997750000
33.81,1712125998000000
33.81,1712125998250000
33.81,1712125998500000
33.81,1712125998750000
33.81,1712125999000000
33.81,1712125999250000
33.81,1712125999500000
33.81,1712125999750000
33.79,1712126000000000
33.79,1712126000250000
33.79,1712126000500000
33.79,1712126000750000
33.79,1712126001000000
33.79,1712126001250000
33.79,1712126001500000
33.79,1712126001750000
33.81,1712126002000000
33.81,1712126002250000
33.81,1712126002500000
33.81,1712126002750000
33.81,1712126003000000
33.81,1712126003250000
33.81,1712126003500000
33.81,1712126003750000
33.79,1712126004000000
33.79,1712126004250000
33.79,1712126004500000
33.79,1712126004750000
33.79,1712126005000000
33.79,1712126005250000
33.79,1712126005500000
33.79,1712126005750000
33.81,1712126006000000
33.81,1712126006250000
33.81,1712126006500000
33.81,1712126006750000
33.79,1712126007000000
33.79,1712126007250000
33.79,1712126007500000
33.79,1712126007750000
33.79,1712126008000000
33.79,1712126008250000
33.79,1712126008500000
33.79,1712126008750000
33.79,1712126009000000
33.79,1712126009250000
33.79,1712126009500000
33.79,1712126009750000
33.79,1712126010000000
33.79,1712126010250000
33.79,1712126010500000
33.79,1712126010750000
33.79,1712126011000000
33.79,1712126011250000
33.79,1712126011500000
33.79,1712126011750000
33.81,1712126012000000
33.81,1712126012250000
33.81,1712126012500000
33.81,1712126012750000
33.79,1712126013000000
33.79,1712126013250000
33.79,1712126013500000
33.79,1712126013750000
33.79,1712126014000000
33.79,1712126014250000
33.79,1712126014500000
33.79,1712126014750000
33.79,1712126015000000
33.79,1712126015250000
33.79,1712126015500000
33.79,1712126015750000
33.79,1712126016000000
33.79,1712126016250000
33.79,1712126016500000
33.79,1712126016750000
33.79,1712126017000000
33.79,1712126017250000
33.79,1712126017500000
33.79,1712126017750000
33.81,1712126018000000
33.81,1712126018250000
33.81,1712126018500000
33.81,1712126018750000
33.79,1712126019000000
33.79,1712126019250000
33.79,1712126019500000
33.79,1712126019750000
33.81,1712126020000000
33.81,1712126020250000
33.81,1712126020500000
33.81,1712126020750000
33.83,1712126021000000
33.83,1712126021250000
33.83,1712126021500000
33.83,1712126021750000
33.79,1712126022000000
33.79,1712126022250000
33.79,1712126022500000
33.79,1712126022750000
33.79,1712126023000000
33.79,1712126023250000
33.79,1712126023500000
33.79,1712126023750000
33.79,1712126024000000
33.79,1712126024250000
33.79,1712126024500000
33.79,1712126024750000
33.79,1712126025000000
33.79,1712126025250000
33.79,1712126025500000
33.79,1712126025750000
33.77,1712126026000000
33.77,1712126026250000
33.77,1712126026500000
33.77,1712126026750000
33.79,1712126027000000
33.79,1712126027250000
33.79,1712126027500000
33.79,1712126027750000
33.79,1712126028000000
33.79,1712126028250000
33.79,1712126028500000
33.79,1712126028750000
33.79,1712126029000000
33.79,1712126029250000
33.79,1712126029500000
33.79,1712126029750000
33.81,1712126030000000
33.81,1712126030250000
33.81,1712126030500000
33.81,1712126030750000
33.81,1712126031000000
33.81,1712126031250000
33.81,1712126031500000
33.81,1712126031750000
33.79,1712126032000000
33.79,1712126032250000
33.79,1712126032500000
33.79,1712126032750000
33.81,1712126033000000
33.81,1712126033250000
33.81,1712126033500000
33.81,1712126033750000
33.81,1712126034000000
33.81,1712126034250000
33.81,1712126034500000
33.81,1712126034750000
33.79,1712126035000000
33.79,1712126035250000
33.79,1712126035500000
33.79,1712126035750000
33.79,1712126036000000
33.79,1712126036250000
33.79,1712126036500000
33.79,1712126036750000
33.79,1712126037000000
33.79,1712126037250000
33.79,1712126037500000
33.79,1712126037750000
33.81,1712126038000000
33.81,1712126038250000
33.81,1712126038500000
33.81,1712126038750000
33.79,1712126039000000
33.79,1712126039250000
33.79,1712126039500000
33.79,1712126039750000
33.81,1712126040000000
33.81,1712126040250000
33.81,1712126040500000
33.81,1712126040750000
33.75,1712126041000000
33.75,1712126041250000
33.75,1712126041500000
33.75,1712126041750000
33.79,1712126042000000
33.79,1712126042250000
33.79,1712126042500000
33.79,1712126042750000
33.77,1712126043000000
33.77,1712126043250000
33.77,1712126043500000
33.77,1712126043750000
33.79,1712126044000000
33.79,1712126044250000
33.79,1712126044500000
33.79,1712126044750000
33.79,1712126045000000
33.79,1712126045250000
33.79,1712126045500000
33.79,1712126045750000
33.81,1712126046000000
33.81,1712126046250000
33.81,1712126046500000
33.81,1712126046750000
33.79,1712126047000000
33.79,1712126047250000
33.79,1712126047500000
33.79,1712126047750000
33.77,1712126048000000
33.77,1712126048250000
33.77,1712126048500000
33.77,1712126048750000
33.79,1712126049000000
33.79,1712126049250000
33.79,1712126049500000
33.79,1712126049750000
33.77,1712126050000000
33.77,1712126050250000
33.77,1712126050500000
33.77,1712126050750000
33.79,1712126051000000
33.79,1712126051250000
33.79,1712126051500000
33.79,1712126051750000
33.77,1712126052000000
33.77,1712126052250000
33.77,1712126052500000
33.77,1712126052750000
33.79,1712126053000000
33.79,1712126053250000
33.79,1712126053500000
33.79,1712126053750000
33.77,1712126054000000
33.77,1712126054250000
33.77,1712126054500000
33.77,1712126054750000
33.79,1712126055000000
33.79,1712126055250000
33.79,1712126055500000
33.79,1712126055750000
33.79,1712126056000000
33.79,1712126056250000
33.79,1712126056500000
33.79,1712126056750000
33.75,1712126057000000
33.75,1712126057250000
33.75,1712126057500000
33.75,1712126057750000
33.81,1712126058000000
33.81,1712126058250000
33.81,1712126058500000
33.81,1712126058750000
33.81,1712126059000000
33.81,1712126059250000
33.81,1712126059500000
33.81,1712126059750000
33.77,1712126060000000
33.77,1712126060250000
33.77,1712126060500000
33.77,1712126060750000
33.79,1712126061000000
33.79,1712126061250000
33.79,1712126061500000
33.79,1712126061750000
33.81,1712126062000000
33.81,1712126062250000
33.81,1712126062500000
33.81,1712126062750000
33.77,1712126063000000
33.77,1712126063250000
33.77,1712126063500000
33.77,1712126063750000
33.81,1712126064000000
33.81,1712126064250000
33.81,1712126064500000
33.81,1712126064750000
33.79,1712126065000000
33.79,1712126065250000
33.79,1712126065500000
33.79,1712126065750000
33.81,1712126066000000
33.81,1712126066250000
33.81,1712126066500000
33.81,1712126066750000
33.79,1712126067000000
33.79,1712126067250000
33.79,1712126067500000
33.79,1712126067750000
33.81,1712126068000000
33.81,1712126068250000
33.81,1712126068500000
33.81,1712126068750000
33.81,1712126069000000
33.81,1712126069250000
33.81,1712126069500000
33.81,1712126069750000
33.79,1712126070000000
33.79,1712126070250000
33.79,1712126070500000
33.79,1712126070750000
33.77,1712126071000000
33.77,1712126071250000
33.77,1712126071500000
33.77,1712126071750000
33.81,1712126072000000
33.81,1712126072250000
33.81,1712126072500000
33.81,1712126072750000
33.79,1712126073000000
33.79,1712126073250000
33.79,1712126073500000
33.79,1712126073750000
33.79,1712126074000000
33.79,1712126074250000
33.79,1712126074500000
33.79,1712126074750000
33.79,1712126075000000
33.79,1712126075250000
33.79,1712126075500000
33.79,1712126075750000
33.79,1712126076000000
33.79,1712126076250000
33.79,1712126076500000
33.79,1712126076750000
33.77,1712126077000000
33.77,1712126077250000
33.77,1712126077500000
33.77,1712126077750000
33.79,1712126078000000
33.79,1712126078250000
33.79,1712126078500000
33.79,1712126078750000
33.77,1712126079000000
33.77,1712126079250000
33.77,1712126079500000
33.77,1712126079750000
33.77,1712126080000000
33.77,1712126080250000
33.77,1712126080500000
33.77,1712126080750000
33.77,1712126081000000
33.77,1712126081250000
33.77,1712126081500000
33.77,1712126081750000
33.77,1712126082000000
33.77,1712126082250000
33.77,1712126082500000
33.77,1712126082750000
33.77,1712126083000000
33.77,1712126083250000
33.77,1712126083500000
33.77,1712126083750000
33.79,1712126084000000
33.79,1712126084250000
33.79,1712126084500000
33.79,1712126084750000
33.79,1712126085000000
33.79,1712126085250000
33.79,1712126085500000
33.79,1712126085750000
33.77,1712126086000000
33.77,1712126086250000
33.77,1712126086500000
33.77,1712126086750000
33.77,1712126087000000
33.77,1712126087250000
33.77,1712126087500000
33.77,1712126087750000
33.77,1712126088000000
33.77,1712126088250000
33.77,1712126088500000
33.77,1712126088750000
33.79,1712126089000000
33.79,1712126089250000
33.79,1712126089500000
33.79,1712126089750000
33.77,1712126090000000
33.77,1712126090250000
33.77,1712126090500000
33.77,1712126090750000
33.79,1712126091000000
33.79,1712126091250000
33.79,1712126091500000
33.79,1712126091750000
33.79,1712126092000000
33.79,1712126092250000
33.79,1712126092500000
33.79,1712126092750000
33.77,1712126093000000
33.77,1712126093250000
33.77,1712126093500000
33.77,1712126093750000
33.77,1712126094000000
33.77,1712126094250000
33.77,1712126094500000
33.77,1712126094750000
33.79,1712126095000000
33.79,1712126095250000
33.79,1712126095500000
33.79,1712126095750000
33.77,1712126096000000
33.77,1712126096250000
33.77,1712126096500000
33.77,1712126096750000
33.77,1712126097000000
33.77,1712126097250000
33.77,1712126097500000
33.77,1712126097750000
33.79,1712126098000000
33.79,1712126098250000
33.79,1712126098500000
33.79,1712126098750000
33.77,1712126099000000
33.77,1712126099250000
33.77,1712126099500000
33.77,1712126099750000
33.77,1712126100000000
33.77,1712126100250000
33.77,1712126100500000
33.77,1712126100750000
33.77,1712126101000000
33.77,1712126101250000
33.77,1712126101500000
33.77,1712126101750000
33.79,1712126102000000
33.79,1712126102250000
33.79,1712126102500000
33.79,1712126102750000
33.77,1712126103000000
33.77,1712126103250000
33.77,1712126103500000
33.77,1712126103750000
33.79,1712126104000000
33.79,1712126104250000
33.79,1712126104500000
33.79,1712126104750000
33.79,1712126105000000
33.79,1712126105250000
33.79,1712126105500000
33.79,1712126105750000
33.77,1712126106000000
33.77,1712126106250000
33.77,1712126106500000
33.77,1712126106750000
33.79,1712126107000000
33.79,1712126107250000
33.79,1712126107500000
33.79,1712126107750000
33.77,1712126108000000
33.77,1712126108250000
33.77,1712126108500000
33.77,1712126108750000
33.77,1712126109000000
33.77,1712126109250000
33.77,1712126109500000
33.77,1712126109750000
33.77,1712126110000000
33.77,1712126110250000
33.77,1712126110500000
33.77,1712126110750000
33.79,1712126111000000
33.79,1712126111250000
33.79,1712126111500000
33.79,1712126111750000
33.79,1712126112000000
33.79,1712126112250000
33.79,1712126112500000
33.79,1712126112750000
33.79,1712126113000000
33.79,1712126113250000
33.79,1712126113500000
33.79,1712126113750000
33.81,1712126114000000
33.81,1712126114250000
33.81,1712126114500000
33.81,1712126114750000
33.79,1712126115000000
33.79,1712126115250000
33.79,1712126115500000
33.79,1712126115750000
33.79,1712126116000000
33.79,1712126116250000
33.79,1712126116500000
33.79,1712126116750000
33.79,1712126117000000
33.79,1712126117250000
33.79,1712126117500000
33.79,1712126117750000
33.77,1712126118000000
33.77,1712126118250000
33.77,1712126118500000
33.77,1712126118750000
33.77,1712126119000000
33.77,1712126119250000
33.77,1712126119500000
33.77,1712126119750000
33.77,1712126120000000
33.77,1712126120250000
33.77,1712126120500000
33.77,1712126120750000
33.77,1712126121000000
33.77,1712126121250000
33.77,1712126121500000
33.77,1712126121750000
33.77,1712126122000000
33.77,1712126122250000
33.77,1712126122500000
33.77,1712126122750000
33.77,1712126123000000
33.77,1712126123250000
33.77,1712126123500000
33.77,1712126123750000
33.77,1712126124000000
33.77,1712126124250000
33.77,1712126124500000
33.77,1712126124750000
33.79,1712126125000000
33.79,1712126125250000
33.79,1712126125500000
33.79,1712126125750000
33.77,1712126126000000
33.77,1712126126250000
33.77,1712126126500000
33.77,1712126126750000
33.79,1712126127000000
33.79,1712126127250000
33.79,1712126127500000
33.79,1712126127750000
33.77,1712126128000000
33.77,1712126128250000
33.77,1712126128500000
33.77,1712126128750000
33.79,1712126129000000
33.79,1712126129250000
33.79,1712126129500000
33.79,1712126129750000
33.79,1712126130000000
33.79,1712126130250000
33.79,1712126130500000
33.79,1712126130750000
33.77,1712126131000000
33.77,1712126131250000
33.77,1712126131500000
33.77,1712126131750000
33.79,1712126132000000
33.79,1712126132250000
33.79,1712126132500000
33.79,1712126132750000
33.79,1712126133000000
33.79,1712126133250000
33.79,1712126133500000
33.79,1712126133750000
33.79,1712126134000000
33.79,1712126134250000
33.79,1712126134500000
33.79,1712126134750000
33.79,1712126135000000
33.79,1712126135250000
33.79,1712126135500000
33.79,1712126135750000
33.79,1712126136000000
33.79,1712126136250000
33.79,1712126136500000
33.79,1712126136750000
33.79,1712126137000000
33.79,1712126137250000
33.79,1712126137500000
33.79,1712126137750000
33.81,1712126138000000
33.81,1712126138250000
33.81,1712126138500000
33.81,1712126138750000
33.77,1712126139000000
33.77,1712126139250000
33.77,1712126139500000
33.77,1712126139750000
33.79,1712126140000000
33.79,1712126140250000
33.79,1712126140500000
33.79,1712126140750000
33.81,1712126141000000
33.81,1712126141250000
33.81,1712126141500000
33.81,1712126141750000
33.77,1712126142000000
33.77,1712126142250000
33.77,1712126142500000
33.77,1712126142750000
33.79,1712126143000000
33.79,1712126143250000
33.79,1712126143500000
33.79,1712126143750000
33.77,1712126144000000
33.77,1712126144250000
33.77,1712126144500000
33.77,1712126144750000
33.79,1712126145000000
33.79,1712126145250000
33.79,1712126145500000
33.79,1712126145750000
33.79,1712126146000000
33.79,1712126146250000
33.79,1712126146500000
33.79,1712126146750000
33.83,1712126147000000
33.83,1712126147250000
33.83,1712126147500000
33.83,1712126147750000
33.79,1712126148000000
33.79,1712126148250000
33.79,1712126148500000
33.79,1712126148750000
33.79,1712126149000000
33.79,1712126149250000
33.79,1712126149500000
33.79,1712126149750000
33.81,1712126150000000
33.81,1712126150250000
33.81,1712126150500000
33.81,1712126150750000
33.79,1712126151000000
33.79,1712126151250000
33.79,1712126151500000
33.79,1712126151750000
33.79,1712126152000000
33.79,1712126152250000
33.79,1712126152500000
33.79,1712126152750000
33.79,1712126153000000
33.79,1712126153250000
33.79,1712126153500000
33.79,1712126153750000
33.79,1712126154000000
33.79,1712126154250000
33.79,1712126154500000
33.79,1712126154750000
33.77,1712126155000000
33.77,1712126155250000
33.77,1712126155500000
33.77,1712126155750000
33.83,1712126156000000
33.83,1712126156250000
33.83,1712126156500000
33.83,1712126156750000
33.81,1712126157000000
33.81,1712126157250000
33.81,1712126157500000
33.81,1712126157750000
33.79,1712126158000000
33.79,1712126158250000
33.79,1712126158500000
33.79,1712126158750000
33.79,1712126159000000
33.79,1712126159250000
33.79,1712126159500000
33.79,1712126159750000
33.83,1712126160000000
33.83,1712126160250000
33.83,1712126160500000
33.83,1712126160750000
33.81,1712126161000000
33.81,1712126161250000
33.81,1712126161500000
33.81,1712126161750000
33.81,1712126162000000
33.81,1712126162250000
33.81,1712126162500000
33.81,1712126162750000
33.81,1712126163000000
33.81,1712126163250000
33.81,1712126163500000
33.81,1712126163750000
33.81,1712126164000000
33.81,1712126164250000
33.81,1712126164500000
33.81,1712126164750000
33.79,1712126165000000
33.79,1712126165250000
33.79,1712126165500000
33.79,1712126165750000
33.79,1712126166000000
33.79,1712126166250000
33.79,1712126166500000
33.79,1712126166750000
33.81,1712126167000000
33.81,1712126167250000
33.81,1712126167500000
33.81,1712126167750000
33.81,1712126168000000
33.81,1712126168250000
33.81,1712126168500000
33.81,1712126168750000
33.83,1712126169000000
33.83,1712126169250000
33.83,1712126169500000
33.83,1712126169750000
33.81,1712126170000000
33.81,1712126170250000
33.81,1712126170500000
33.81,1712126170750000
33.83,1712126171000000
33.83,1712126171250000
33.83,1712126171500000
33.83,1712126171750000
33.83,1712126172000000
33.83,1712126172250000
33.83,1712126172500000
33.83,1712126172750000
33.81,1712126173000000
33.81,1712126173250000
33.81,1712126173500000
33.81,1712126173750000
33.83,1712126174000000
33.83,1712126174250000
33.83,1712126174500000
33.83,1712126174750000
33.81,1712126175000000
33.81,1712126175250000
33.81,1712126175500000
33.81,1712126175750000
33.81,1712126176000000
33.81,1712126176250000
33.81,1712126176500000
33.81,1712126176750000
33.81,1712126177000000
33.81,1712126177250000
33.81,1712126177500000
33.81,1712126177750000
33.79,1712126178000000
33.79,1712126178250000
33.79,1712126178500000
33.79,1712126178750000
33.81,1712126179000000
33.81,1712126179250000
33.81,1712126179500000
33.81,1712126179750000
33.81,1712126180000000
33.81,1712126180250000
33.81,1712126180500000
33.81,1712126180750000
33.83,1712126181000000
33.83,1712126181250000
33.83,1712126181500000
33.83,1712126181750000
33.81,1712126182000000
33.81,1712126182250000
33.81,1712126182500000
33.81,1712126182750000
33.81,1712126183000000
33.81,1712126183250000
33.81,1712126183500000
33.81,1712126183750000
33.83,1712126184000000
33.83,1712126184250000
33.83,1712126184500000
33.83,1712126184750000
33.81,1712126185000000
33.81,1712126185250000
33.81,1712126185500000
33.81,1712126185750000
33.83,1712126186000000
33.83,1712126186250000
33.83,1712126186500000
33.83,1712126186750000
33.84,1712126187000000
33.84,1712126187250000
33.84,1712126187500000
33.84,1712126187750000
33.83,1712126188000000
33.83,1712126188250000
33.83,1712126188500000
33.83,1712126188750000
33.79,1712126189000000
33.79,1712126189250000
33.79,1712126189500000
33.79,1712126189750000
33.81,1712126190000000
33.81,1712126190250000
33.81,1712126190500000
33.81,1712126190750000
33.84,1712126191000000
33.84,1712126191250000
33.84,1712126191500000
33.84,1712126191750000
33.81,1712126192000000
33.81,1712126192250000
33.81,1712126192500000
33.81,1712126192750000
33.84,1712126193000000
33.84,1712126193250000
33.84,1712126193500000
33.84,1712126193750000
33.84,1712126194000000
33.84,1712126194250000
33.84,1712126194500000
33.84,1712126194750000
33.87,1712126195000000
33.87,1712126195250000
33.87,1712126195500000
33.87,1712126195750000
33.84,1712126196000000
33.84,1712126196250000
33.84,1712126196500000
33.84,1712126196750000
33.84,1712126197000000
33.84,1712126197250000
33.84,1712126197500000
33.84,1712126197750000
33.84,1712126198000000
33.84,1712126198250000
33.84,1712126198500000
33.84,1712126198750000
33.87,1712126199000000
33.87,1712126199250000
33.87,1712126199500000
33.87,1712126199750000
33.84,1712126200000000
33.84,1712126200250000
33.84,1712126200500000
33.84,1712126200750000
33.84,1712126201000000
33.84,1712126201250000
33.84,1712126201500000
33.84,1712126201750000
33.84,1712126202000000
33.84,1712126202250000
33.84,1712126202500000
33.84,1712126202750000
33.84,1712126203000000
33.84,1712126203250000
33.84,1712126203500000
33.84,1712126203750000
33.87,1712126204000000
33.87,1712126204250000
33.87,1712126204500000
33.87,1712126204750000
33.84,1712126205000000
33.84,1712126205250000
33.84,1712126205500000
33.84,1712126205750000
33.84,1712126206000000
33.84,1712126206250000
33.84,1712126206500000
33.84,1712126206750000
33.84,1712126207000000
33.84,1712126207250000
33.84,1712126207500000
33.84,1712126207750000
33.87,1712126208000000
33.87,1712126208250000
33.87,1712126208500000
33.87,1712126208750000
33.87,1712126209000000
33.87,1712126209250000
33.87,1712126209500000
33.87,1712126209750000
33.87,1712126210000000
33.87,1712126210250000
33.87,1712126210500000
33.87,1712126210750000
33.87,1712126211000000
33.87,1712126211250000
33.87,1712126211500000
33.87,1712126211750000
33.87,1712126212000000
33.87,1712126212250000
33.87,1712126212500000
33.87,1712126212750000
33.89,1712126213000000
33.89,1712126213250000
33.89,1712126213500000
33.89,1712126213750000
33.89,1712126214000000
33.89,1712126214250000
33.89,1712126214500000
33.89,1712126214750000
33.87,1712126215000000
33.87,1712126215250000
33.87,1712126215500000
33.87,1712126215750000
33.89,1712126216000000
33.89,1712126216250000
33.89,1712126216500000
33.89,1712126216750000
33.87,1712126217000000
33.87,1712126217250000
33.87,1712126217500000
33.87,1712126217750000
33.91,1712126218000000
33.91,1712126218250000
33.91,1712126218500000
33.91,1712126218750000
33.91,1712126219000000
33.91,1712126219250000
33.91,1712126219500000
33.91,1712126219750000
33.89,1712126220000000
33.89,1712126220250000
33.89,1712126220500000
33.89,1712126220750000
33.93,1712126221000000
33.93,1712126221250000
33.93,1712126221500000
33.93,1712126221750000
33.89,1712126222000000
33.89,1712126222250000
33.89,1712126222500000
33.89,1712126222750000
33.93,1712126223000000
33.93,1712126223250000
33.93,1712126223500000
33.93,1712126223750000
33.89,1712126224000000
33.89,1712126224250000
33.89,1712126224500000
33.89,1712126224750000
33.93,1712126225000000
33.93,1712126225250000
33.93,1712126225500000
33.93,1712126225750000
33.93,1712126226000000
33.93,1712126226250000
33.93,1712126226500000
33.93,1712126226750000
33.93,1712126227000000
33.93,1712126227250000
33.93,1712126227500000
33.93,1712126227750000
33.93,1712126228000000
33.93,1712126228250000
33.93,1712126228500000
33.93,1712126228750000
33.93,1712126229000000
33.93,1712126229250000
33.93,1712126229500000
33.93,1712126229750000
33.95,1712126230000000
33.95,1712126230250000
33.95,1712126230500000
33.95,1712126230750000
33.93,1712126231000000
33.93,1712126231250000
33.93,1712126231500000
33.93,1712126231750000
33.91,1712126232000000
33.91,1712126232250000
33.91,1712126232500000
33.91,1712126232750000
33.95,1712126233000000
33.95,1712126233250000
33.95,1712126233500000
33.95,1712126233750000
33.95,1712126234000000
33.95,1712126234250000
33.95,1712126234500000
33.95,1712126234750000
33.91,1712126235000000
33.91,1712126235250000
33.91,1712126235500000
33.91,1712126235750000
33.93,1712126236000000
33.93,1712126236250000
33.93,1712126236500000
33.93,1712126236750000
33.95,1712126237000000
33.95,1712126237250000
33.95,1712126237500000
33.95,1712126237750000
33.93,1712126238000000
33.93,1712126238250000
33.93,1712126238500000
33.93,1712126238750000
33.93,1712126239000000
33.93,1712126239250000
33.93,1712126239500000
33.93,1712126239750000
33.95,1712126240000000
33.95,1712126240250000
33.95,1712126240500000
33.95,1712126240750000
33.97,1712126241000000
33.97,1712126241250000
33.97,1712126241500000
33.97,1712126241750000
33.95,1712126242000000
33.95,1712126242250000
33.95,1712126242500000
33.95,1712126242750000
33.93,1712126243000000
33.93,1712126243250000
33.93,1712126243500000
33.93,1712126243750000
33.95,1712126244000000
33.95,1712126244250000
33.95,1712126244500000
33.95,1712126244750000
33.93,1712126245000000
33.93,1712126245250000
33.93,1712126245500000
33.93,1712126245750000
33.97,1712126246000000
33.97,1712126246250000
33.97,1712126246500000
33.97,1712126246750000
33.95,1712126247000000
33.95,1712126247250000
33.95,1712126247500000
33.95,1712126247750000
33.95,1712126248000000
33.95,1712126248250000
33.95,1712126248500000
33.95,1712126248750000
33.97,1712126249000000
33.97,1712126249250000
33.97,1712126249500000
33.97,1712126249750000
33.97,1712126250000000
33.97,1712126250250000
33.97,1712126250500000
33.97,1712126250750000
33.97,1712126251000000
33.97,1712126251250000
33.97,1712126251500000
33.97,1712126251750000
33.97,1712126252000000
33.97,1712126252250000
33.97,1712126252500000
33.97,1712126252750000
33.95,1712126253000000
33.95,1712126253250000
33.95,1712126253500000
33.95,1712126253750000
33.97,1712126254000000
33.97,1712126254250000
33.97,1712126254500000
33.97,1712126254750000
33.97,1712126255000000
33.97,1712126255250000
33.97,1712126255500000
33.97,1712126255750000
33.93,1712126256000000
33.93,1712126256250000
33.93,1712126256500000
33.93,1712126256750000
33.95,1712126257000000
33.95,1712126257250000
33.95,1712126257500000
33.95,1712126257750000
33.95,1712126258000000
33.95,1712126258250000
33.95,1712126258500000
33.95,1712126258750000
33.95,1712126259000000
33.95,1712126259250000
33.95,1712126259500000
33.95,1712126259750000
33.97,1712126260000000
33.97,1712126260250000
33.97,1712126260500000
33.97,1712126260750000
33.95,1712126261000000
33.95,1712126261250000
33.95,1712126261500000
33.95,1712126261750000
33.95,1712126262000000
33.95,1712126262250000
33.95,1712126262500000
33.95,1712126262750000
33.97,1712126263000000
33.97,1712126263250000
33.97,1712126263500000
33.97,1712126263750000
33.95,1712126264000000
33.95,1712126264250000
33.95,1712126264500000
33.95,1712126264750000
33.95,1712126265000000
33.95,1712126265250000
33.95,1712126265500000
33.95,1712126265750000
33.97,1712126266000000
33.97,1712126266250000
33.97,1712126266500000
33.97,1712126266750000
33.97,1712126267000000
33.97,1712126267250000
33.97,1712126267500000
33.97,1712126267750000
33.95,1712126268000000
33.95,1712126268250000
33.95,1712126268500000
33.95,1712126268750000
33.95,1712126269000000
33.95,1712126269250000
33.95,1712126269500000
33.95,1712126269750000
33.95,1712126270000000
33.95,1712126270250000
33.95,1712126270500000
33.95,1712126270750000
33.95,1712126271000000
33.95,1712126271250000
33.95,1712126271500000
33.95,1712126271750000
33.97,1712126272000000
33.97,1712126272250000
33.97,1712126272500000
33.97,1712126272750000
33.95,1712126273000000
33.95,1712126273250000
33.95,1712126273500000
33.95,1712126273750000
33.95,1712126274000000
33.95,1712126274250000
33.95,1712126274500000
33.95,1712126274750000
33.97,1712126275000000
33.97,1712126275250000
33.97,1712126275500000
33.97,1712126275750000
33.97,1712126276000000
33.97,1712126276250000
33.97,1712126276500000
33.97,1712126276750000
33.95,1712126277000000
33.95,1712126277250000
33.95,1712126277500000
33.95,1712126277750000
33.95,1712126278000000
33.95,1712126278250000
33.95,1712126278500000
33.95,1712126278750000
33.95,1712126279000000
33.95,1712126279250000
33.95,1712126279500000
33.95,1712126279750000
33.95,1712126280000000
33.95,1712126280250000
33.95,1712126280500000
33.95,1712126280750000
33.97,1712126281000000
33.97,1712126281250000
33.97,1712126281500000
33.97,1712126281750000
33.97,1712126282000000
33.97,1712126282250000
33.97,1712126282500000
33.97,1712126282750000
33.93,1712126283000000
33.93,1712126283250000
33.93,1712126283500000
33.93,1712126283750000
33.93,1712126284000000
33.93,1712126284250000
33.93,1712126284500000
33.93,1712126284750000
33.93,1712126285000000
33.93,1712126285250000
33.93,1712126285500000
33.93,1712126285750000
33.93,1712126286000000
33.93,1712126286250000
33.93,1712126286500000
33.93,1712126286750000
33.95,1712126287000000
33.95,1712126287250000
33.95,1712126287500000
33.95,1712126287750000
33.93,1712126288000000
33.93,1712126288250000
33.93,1712126288500000
33.93,1712126288750000
33.93,1712126289000000
33.93,1712126289250000
33.93,1712126289500000
33.93,1712126289750000
33.93,1712126290000000
33.93,1712126290250000
33.93,1712126290500000
33.93,1712126290750000
33.95,1712126291000000
33.95,1712126291250000
33.95,1712126291500000
33.95,1712126291750000
33.93,1712126292000000
33.93,1712126292250000
33.93,1712126292500000
33.93,1712126292750000
33.95,1712126293000000
33.95,1712126293250000
33.95,1712126293500000
33.95,1712126293750000
33.95,1712126294000000
33.95,1712126294250000
33.95,1712126294500000
33.95,1712126294750000
33.97,1712126295000000
33.97,1712126295250000
33.97,1712126295500000
33.97,1712126295750000
33.95,1712126296000000
33.95,1712126296250000
33.95,1712126296500000
33.95,1712126296750000
33.93,1712126297000000
33.93,1712126297250000
33.93,1712126297500000
33.93,1712126297750000
33.91,1712126298000000
33.91,1712126298250000
33.91,1712126298500000
33.91,1712126298750000
33.95,1712126299000000
33.95,1712126299250000
33.95,1712126299500000
33.95,1712126299750000
33.95,1712126300000000
33.95,1712126300250000
33.95,1712126300500000
33.95,1712126300750000
33.93,1712126301000000
33.93,1712126301250000
33.93,1712126301500000
33.93,1712126301750000
33.93,1712126302000000
33.93,1712126302250000
33.93,1712126302500000
33.93,1712126302750000
33.93,1712126303000000
33.93,1712126303250000
33.93,1712126303500000
33.93,1712126303750000
33.91,1712126304000000
33.91,1712126304250000
33.91,1712126304500000
33.91,1712126304750000
33.91,1712126305000000
33.91,1712126305250000
33.91,1712126305500000
33.91,1712126305750000
33.93,1712126306000000
33.93,1712126306250000
33.93,1712126306500000
33.93,1712126306750000
33.93,1712126307000000
33.93,1712126307250000
33.93,1712126307500000
33.93,1712126307750000
33.93,1712126308000000
33.93,1712126308250000
33.93,1712126308500000
33.93,1712126308750000
33.95,1712126309000000
33.95,1712126309250000
33.95,1712126309500000
33.95,1712126309750000
33.93,1712126310000000
33.93,1712126310250000
33.93,1712126310500000
33.93,1712126310750000
33.91,1712126311000000
33.91,1712126311250000
33.91,1712126311500000
33.91,1712126311750000
33.93,1712126312000000
33.93,1712126312250000
33.93,1712126312500000
33.93,1712126312750000
33.93,1712126313000000
33.93,1712126313250000
33.93,1712126313500000
33.93,1712126313750000
33.91,1712126314000000
33.91,1712126314250000
33.91,1712126314500000
33.91,1712126314750000
33.93,1712126315000000
33.93,1712126315250000
33.93,1712126315500000
33.93,1712126315750000
33.93,1712126316000000
33.93,1712126316250000
33.93,1712126316500000
33.93,1712126316750000
33.91,1712126317000000
33.91,1712126317250000
33.91,1712126317500000
33.91,1712126317750000
33.91,1712126318000000
33.91,1712126318250000
33.91,1712126318500000
33.91,1712126318750000
33.91,1712126319000000
33.91,1712126319250000
33.91,1712126319500000
33.91,1712126319750000
33.93,1712126320000000
33.93,1712126320250000
33.93,1712126320500000
33.93,1712126320750000
33.95,1712126321000000
33.95,1712126321250000
33.95,1712126321500000
33.95,1712126321750000
33.93,1712126322000000
33.93,1712126322250000
33.93,1712126322500000
33.93,1712126322750000
33.93,1712126323000000
33.93,1712126323250000
33.93,1712126323500000
33.93,1712126323750000
33.91,1712126324000000
33.91,1712126324250000
33.91,1712126324500000
33.91,1712126324750000
33.95,1712126325000000
33.95,1712126325250000
33.95,1712126325500000
33.95,1712126325750000
33.93,1712126326000000
33.93,1712126326250000
33.93,1712126326500000
33.93,1712126326750000
33.95,1712126327000000
33.95,1712126327250000
33.95,1712126327500000
33.95,1712126327750000
33.91,1712126328000000
33.91,1712126328250000
33.91,1712126328500000
33.91,1712126328750000
33.93,1712126329000000
33.93,1712126329250000
33.93,1712126329500000
33.93,1712126329750000
33.95,1712126330000000
33.95,1712126330250000
33.95,1712126330500000
33.95,1712126330750000
33.91,1712126331000000
33.91,1712126331250000
33.91,1712126331500000
33.91,1712126331750000
33.93,1712126332000000
33.93,1712126332250000
33.93,1712126332500000
33.93,1712126332750000
33.91,1712126333000000
33.91,1712126333250000
33.91,1712126333500000
33.91,1712126333750000
33.91,1712126334000000
33.91,1712126334250000
33.91,1712126334500000
33.91,1712126334750000
33.91,1712126335000000
33.91,1712126335250000
33.91,1712126335500000
33.91,1712126335750000
33.93,1712126336000000
33.93,1712126336250000
33.93,1712126336500000
33.93,1712126336750000
33.93,1712126337000000
33.93,1712126337250000
33.93,1712126337500000
33.93,1712126337750000
33.93,1712126338000000
33.93,1712126338250000
33.93,1712126338500000
33.93,1712126338750000
33.93,1712126339000000
33.93,1712126339250000
33.93,1712126339500000
33.93,1712126339750000
33.93,1712126340000000
33.93,1712126340250000
33.93,1712126340500000
33.93,1712126340750000
33.93,1712126341000000
33.93,1712126341250000
33.93,1712126341500000
33.93,1712126341750000
33.93,1712126342000000
33.93,1712126342250000
33.93,1712126342500000
33.93,1712126342750000
33.93,1712126343000000
33.93,1712126343250000
33.93,1712126343500000
33.93,1712126343750000
33.91,1712126344000000
33.91,1712126344250000
33.91,1712126344500000
33.91,1712126344750000
33.93,1712126345000000
33.93,1712126345250000
33.93,1712126345500000
33.93,1712126345750000
33.91,1712126346000000
33.91,1712126346250000
33.91,1712126346500000
33.91,1712126346750000
33.93,1712126347000000
33.93,1712126347250000
33.93,1712126347500000
33.93,1712126347750000
33.93,1712126348000000
33.93,1712126348250000
33.93,1712126348500000
33.93,1712126348750000
33.93,1712126349000000
33.93,1712126349250000
33.93,1712126349500000
33.93,1712126349750000
33.93,1712126350000000
33.93,1712126350250000
33.93,1712126350500000
33.93,1712126350750000
33.93,1712126351000000
33.93,1712126351250000
33.93,1712126351500000
33.93,1712126351750000
33.91,1712126352000000
33.91,1712126352250000
33.91,1712126352500000
33.91,1712126352750000
33.93,1712126353000000
33.93,1712126353250000
33.93,1712126353500000
33.93,1712126353750000
33.91,1712126354000000
33.91,1712126354250000
33.91,1712126354500000
33.91,1712126354750000
33.93,1712126355000000
33.93,1712126355250000
33.93,1712126355500000
33.93,1712126355750000
33.91,1712126356000000
33.91,1712126356250000
33.91,1712126356500000
33.91,1712126356750000
33.91,1712126357000000
33.91,1712126357250000
33.91,1712126357500000
33.91,1712126357750000
33.91,1712126358000000
33.91,1712126358250000
33.91,1712126358500000
33.91,1712126358750000
33.93,1712126359000000
33.93,1712126359250000
33.93,1712126359500000
33.93,1712126359750000
33.91,1712126360000000
33.91,1712126360250000
33.91,1712126360500000
33.91,1712126360750000
33.91,1712126361000000
33.91,1712126361250000
33.91,1712126361500000
33.91,1712126361750000
33.91,1712126362000000
33.91,1712126362250000
33.91,1712126362500000
33.91,1712126362750000
33.91,1712126363000000
33.91,1712126363250000
33.91,1712126363500000
33.91,1712126363750000
33.91,1712126364000000
33.91,1712126364250000
33.91,1712126364500000
33.91,1712126364750000
33.93,1712126365000000
33.93,1712126365250000
33.93,1712126365500000
33.93,1712126365750000
33.91,1712126366000000
33.91,1712126366250000
33.91,1712126366500000
33.91,1712126366750000
33.91,1712126367000000
33.91,1712126367250000
33.91,1712126367500000
33.91,1712126367750000
33.91,1712126368000000
33.91,1712126368250000
33.91,1712126368500000
33.91,1712126368750000
33.91,1712126369000000
33.91,1712126369250000
33.91,1712126369500000
33.91,1712126369750000
33.91,1712126370000000
33.91,1712126370250000
33.91,1712126370500000
33.91,1712126370750000
33.95,1712126371000000
33.95,1712126371250000
33.95,1712126371500000
33.95,1712126371750000
33.91,1712126372000000
33.91,1712126372250000
33.91,1712126372500000
33.91,1712126372750000
33.91,1712126373000000
33.91,1712126373250000
33.91,1712126373500000
33.91,1712126373750000
33.91,1712126374000000
33.91,1712126374250000
33.91,1712126374500000
33.91,1712126374750000
33.93,1712126375000000
33.93,1712126375250000
33.93,1712126375500000
33.93,1712126375750000
33.93,1712126376000000
33.93,1712126376250000
33.93,1712126376500000
33.93,1712126376750000
33.91,1712126377000000
33.91,1712126377250000
33.91,1712126377500000
33.91,1712126377750000
33.91,1712126378000000
33.91,1712126378250000
33.91,1712126378500000
33.91,1712126378750000
33.91,1712126379000000
33.91,1712126379250000
33.91,1712126379500000
33.91,1712126379750000
33.89,1712126380000000
33.89,1712126380250000
33.89,1712126380500000
33.89,1712126380750000
33.89,1712126381000000
33.89,1712126381250000
33.89,1712126381500000
33.89,1712126381750000
33.91,1712126382000000
33.91,1712126382250000
33.91,1712126382500000
33.91,1712126382750000
33.91,1712126383000000
33.91,1712126383250000
33.91,1712126383500000
33.91,1712126383750000
33.93,1712126384000000
33.93,1712126384250000
33.93,1712126384500000
33.93,1712126384750000
33.91,1712126385000000
33.91,1712126385250000
33.91,1712126385500000
33.91,1712126385750000
33.89,1712126386000000
33.89,1712126386250000
33.89,1712126386500000
33.89,1712126386750000
33.91,1712126387000000
33.91,1712126387250000
33.91,1712126387500000
33.91,1712126387750000
33.91,1712126388000000
33.91,1712126388250000
33.91,1712126388500000
33.91,1712126388750000
33.89,1712126389000000
33.89,1712126389250000
33.89,1712126389500000
33.89,1712126389750000
33.89,1712126390000000
33.89,1712126390250000
33.89,1712126390500000
33.89,1712126390750000
33.91,1712126391000000
33.91,1712126391250000
33.91,1712126391500000
33.91,1712126391750000
33.91,1712126392000000
33.91,1712126392250000
33.91,1712126392500000
33.91,1712126392750000
33.89,1712126393000000
33.89,1712126393250000
33.89,1712126393500000
33.89,1712126393750000
33.91,1712126394000000
33.91,1712126394250000
33.91,1712126394500000
33.91,1712126394750000
33.91,1712126395000000
33.91,1712126395250000
33.91,1712126395500000
33.91,1712126395750000
33.89,1712126396000000
33.89,1712126396250000
33.89,1712126396500000
33.89,1712126396750000
33.91,1712126397000000
33.91,1712126397250000
33.91,1712126397500000
33.91,1712126397750000
33.91,1712126398000000
33.91,1712126398250000
33.91,1712126398500000
33.91,1712126398750000
33.91,1712126399000000
33.91,1712126399250000
33.91,1712126399500000
33.91,1712126399750000
33.91,1712126400000000
33.91,1712126400250000
33.91,1712126400500000
33.91,1712126400750000
33.89,1712126401000000
33.89,1712126401250000
33.89,1712126401500000
33.89,1712126401750000
33.87,1712126402000000
33.87,1712126402250000
33.87,1712126402500000
33.87,1712126402750000
33.91,1712126403000000
33.91,1712126403250000
33.91,1712126403500000
33.91,1712126403750000
33.91,1712126404000000
33.91,1712126404250000
33.91,1712126404500000
33.91,1712126404750000
33.89,1712126405000000
33.89,1712126405250000
33.89,1712126405500000
33.89,1712126405750000
33.87,1712126406000000
33.87,1712126406250000
33.87,1712126406500000
33.87,1712126406750000
33.87,1712126407000000
33.87,1712126407250000
33.87,1712126407500000
33.87,1712126407750000
33.89,1712126408000000
33.89,1712126408250000
33.89,1712126408500000
33.89,1712126408750000
33.87,1712126409000000
33.87,1712126409250000
33.87,1712126409500000
33.87,1712126409750000
33.87,1712126410000000
33.87,1712126410250000
33.87,1712126410500000
33.87,1712126410750000
33.87,1712126411000000
33.87,1712126411250000
33.87,1712126411500000
33.87,1712126411750000
33.89,1712126412000000
33.89,1712126412250000
33.89,1712126412500000
33.89,1712126412750000
33.87,1712126413000000
33.87,1712126413250000
33.87,1712126413500000
33.87,1712126413750000
33.89,1712126414000000
33.89,1712126414250000
33.89,1712126414500000
33.89,1712126414750000
33.84,1712126415000000
33.84,1712126415250000
33.84,1712126415500000
33.84,1712126415750000
33.87,1712126416000000
33.87,1712126416250000
33.87,1712126416500000
33.87,1712126416750000
33.87,1712126417000000
33.87,1712126417250000
33.87,1712126417500000
33.87,1712126417750000
33.87,1712126418000000
33.87,1712126418250000
33.87,1712126418500000
33.87,1712126418750000
33.89,1712126419000000
33.89,1712126419250000
33.89,1712126419500000
33.89,1712126419750000
33.87,1712126420000000
33.87,1712126420250000
33.87,1712126420500000
33.87,1712126420750000
33.84,1712126421000000
33.84,1712126421250000
33.84,1712126421500000
33.84,1712126421750000
33.87,1712126422000000
33.87,1712126422250000
33.87,1712126422500000
33.87,1712126422750000
33.87,1712126423000000
33.87,1712126423250000
33.87,1712126423500000
33.87,1712126423750000
33.84,1712126424000000
33.84,1712126424250000
33.84,1712126424500000
33.84,1712126424750000
33.87,1712126425000000
33.87,1712126425250000
33.87,1712126425500000
33.87,1712126425750000
33.84,1712126426000000
33.84,1712126426250000
33.84,1712126426500000
33.84,1712126426750000
33.87,1712126427000000
33.87,1712126427250000
33.87,1712126427500000
33.87,1712126427750000
33.87,1712126428000000
33.87,1712126428250000
33.87,1712126428500000
33.87,1712126428750000
33.87,1712126429000000
33.87,1712126429250000
33.87,1712126429500000
33.87,1712126429750000
33.84,1712126430000000
33.84,1712126430250000
33.84,1712126430500000
33.84,1712126430750000
33.87,1712126431000000
33.87,1712126431250000
33.87,1712126431500000
33.87,1712126431750000
33.84,1712126432000000
33.84,1712126432250000
33.84,1712126432500000
33.84,1712126432750000
33.87,1712126433000000
33.87,1712126433250000
33.87,1712126433500000
33.87,1712126433750000
33.84,1712126434000000
33.84,1712126434250000
33.84,1712126434500000
33.84,1712126434750000
33.84,1712126435000000
33.84,1712126435250000
33.84,1712126435500000
33.84,1712126435750000
33.84,1712126436000000
33.84,1712126436250000
33.84,1712126436500000
33.84,1712126436750000
33.83,1712126437000000
33.83,1712126437250000
33.83,1712126437500000
33.83,1712126437750000
33.84,1712126438000000
33.84,1712126438250000
33.84,1712126438500000
33.84,1712126438750000
33.81,1712126439000000
33.81,1712126439250000
33.81,1712126439500000
33.81,1712126439750000
33.83,1712126440000000
33.83,1712126440250000
33.83,1712126440500000
33.83,1712126440750000
33.83,1712126441000000
33.83,1712126441250000
33.83,1712126441500000
33.83,1712126441750000
33.83,1712126442000000
33.83,1712126442250000
33.83,1712126442500000
33.83,1712126442750000
33.84,1712126443000000
33.84,1712126443250000
33.84,1712126443500000
33.84,1712126443750000
33.84,1712126444000000
33.84,1712126444250000
33.84,1712126444500000
33.84,1712126444750000
33.83,1712126445000000
33.83,1712126445250000
33.83,1712126445500000
33.83,1712126445750000
33.83,1712126446000000
33.83,1712126446250000
33.83,1712126446500000
33.83,1712126446750000
33.83,1712126447000000
33.83,1712126447250000
33.83,1712126447500000
33.83,1712126447750000
33.83,1712126448000000
33.83,1712126448250000
33.83,1712126448500000
33.83,1712126448750000
33.83,1712126449000000
33.83,1712126449250000
33.83,1712126449500000
33.83,1712126449750000
33.83,1712126450000000
33.83,1712126450250000
33.83,1712126450500000
33.83,1712126450750000
33.83,1712126451000000
33.83,1712126451250000
33.83,1712126451500000
33.83,1712126451750000
33.79,1712126452000000
33.79,1712126452250000
33.79,1712126452500000
33.79,1712126452750000
33.83,1712126453000000
33.83,1712126453250000
33.83,1712126453500000
33.83,1712126453750000
33.83,1712126454000000
33.83,1712126454250000
33.83,1712126454500000
33.83,1712126454750000
33.83,1712126455000000
33.83,1712126455250000
33.83,1712126455500000
33.83,1712126455750000
33.83,1712126456000000
33.83,1712126456250000
33.83,1712126456500000
33.83,1712126456750000
33.83,1712126457000000
33.83,1712126457250000
33.83,1712126457500000
33.83,1712126457750000
33.81,1712126458000000
33.81,1712126458250000
33.81,1712126458500000
33.81,1712126458750000
33.83,1712126459000000
33.83,1712126459250000
33.83,1712126459500000
33.83,1712126459750000
33.83,1712126460000000
33.83,1712126460250000
33.83,1712126460500000
33.83,1712126460750000
33.83,1712126461000000
33.83,1712126461250000
33.83,1712126461500000
33.83,1712126461750000
33.81,1712126462000000
33.81,1712126462250000
33.81,1712126462500000
33.81,1712126462750000
33.83,1712126463000000
33.83,1712126463250000
33.83,1712126463500000
33.83,1712126463750000
33.83,1712126464000000
33.83,1712126464250000
33.83,1712126464500000
33.83,1712126464750000
33.83,1712126465000000
33.83,1712126465250000
33.83,1712126465500000
33.83,1712126465750000
33.81,1712126466000000
33.81,1712126466250000
33.81,1712126466500000
33.81,1712126466750000
33.83,1712126467000000
33.83,1712126467250000
33.83,1712126467500000
33.83,1712126467750000
33.84,1712126468000000
33.84,1712126468250000
33.84,1712126468500000
33.84,1712126468750000
33.83,1712126469000000
33.83,1712126469250000
33.83,1712126469500000
33.83,1712126469750000
33.83,1712126470000000
33.83,1712126470250000
33.83,1712126470500000
33.83,1712126470750000
33.83,1712126471000000
33.83,1712126471250000
33.83,1712126471500000
33.83,1712126471750000
33.84,1712126472000000
33.84,1712126472250000
33.84,1712126472500000
33.84,1712126472750000
33.84,1712126473000000
33.84,1712126473250000
33.84,1712126473500000
33.84,1712126473750000
33.84,1712126474000000
33.84,1712126474250000
33.84,1712126474500000
33.84,1712126474750000
33.87,1712126475000000
33.87,1712126475250000
33.87,1712126475500000
33.87,1712126475750000
33.83,1712126476000000
33.83,1712126476250000
33.83,1712126476500000
33.83,1712126476750000
33.83,1712126477000000
33.83,1712126477250000
33.83,1712126477500000
33.83,1712126477750000
33.84,1712126478000000
33.84,1712126478250000
33.84,1712126478500000
33.84,1712126478750000
33.83,1712126479000000
33.83,1712126479250000
33.83,1712126479500000
33.83,1712126479750000
33.87,1712126480000000
33.87,1712126480250000
33.87,1712126480500000
33.87,1712126480750000
33.84,1712126481000000
33.84,1712126481250000
33.84,1712126481500000
33.84,1712126481750000
33.87,1712126482000000
33.87,1712126482250000
33.87,1712126482500000
33.87,1712126482750000
33.84,1712126483000000
33.84,1712126483250000
33.84,1712126483500000
33.84,1712126483750000
33.84,1712126484000000
33.84,1712126484250000
33.84,1712126484500000
33.84,1712126484750000
33.84,1712126485000000
33.84,1712126485250000
33.84,1712126485500000
33.84,1712126485750000
33.84,1712126486000000
33.84,1712126486250000
33.84,1712126486500000
33.84,1712126486750000
33.83,1712126487000000
33.83,1712126487250000
33.83,1712126487500000
33.83,1712126487750000
33.83,1712126488000000
33.83,1712126488250000
33.83,1712126488500000
33.83,1712126488750000
33.87,1712126489000000
33.87,1712126489250000
33.87,1712126489500000
33.87,1712126489750000
33.87,1712126490000000
33.87,1712126490250000
33.87,1712126490500000
33.87,1712126490750000
33.84,1712126491000000
33.84,1712126491250000
33.84,1712126491500000
33.84,1712126491750000
33.84,1712126492000000
33.84,1712126492250000
33.84,1712126492500000
33.84,1712126492750000
33.87,1712126493000000
33.87,1712126493250000
33.87,1712126493500000
33.87,1712126493750000
33.87,1712126494000000
33.87,1712126494250000
33.87,1712126494500000
33.87,1712126494750000
33.84,1712126495000000
33.84,1712126495250000
33.84,1712126495500000
33.84,1712126495750000
33.87,1712126496000000
33.87,1712126496250000
33.87,1712126496500000
33.87,1712126496750000
33.87,1712126497000000
33.87,1712126497250000
33.87,1712126497500000
33.87,1712126497750000
33.87,1712126498000000
33.87,1712126498250000
33.87,1712126498500000
33.87,1712126498750000
33.84,1712126499000000
33.84,1712126499250000
33.84,1712126499500000
33.84,1712126499750000
33.84,1712126500000000
33.84,1712126500250000
33.84,1712126500500000
33.84,1712126500750000
33.87,1712126501000000
33.87,1712126501250000
33.87,1712126501500000
33.87,1712126501750000
33.89,1712126502000000
33.89,1712126502250000
33.89,1712126502500000
33.89,1712126502750000
33.89,1712126503000000
33.89,1712126503250000
33.89,1712126503500000
33.89,1712126503750000
33.87,1712126504000000
33.87,1712126504250000
33.87,1712126504500000
33.87,1712126504750000
33.87,1712126505000000
33.87,1712126505250000
33.87,1712126505500000
33.87,1712126505750000
33.91,1712126506000000
33.91,1712126506250000
33.91,1712126506500000
33.91,1712126506750000
33.89,1712126507000000
33.89,1712126507250000
33.89,1712126507500000
33.89,1712126507750000
33.89,1712126508000000
33.89,1712126508250000
33.89,1712126508500000
33.89,1712126508750000
33.89,1712126509000000
33.89,1712126509250000
33.89,1712126509500000
33.89,1712126509750000
33.89,1712126510000000
33.89,1712126510250000
33.89,1712126510500000
33.89,1712126510750000
33.89,1712126511000000
33.89,1712126511250000
33.89,1712126511500000
33.89,1712126511750000
33.89,1712126512000000
33.89,1712126512250000
33.89,1712126512500000
33.89,1712126512750000
33.87,1712126513000000
33.87,1712126513250000
33.87,1712126513500000
33.87,1712126513750000
33.91,1712126514000000
33.91,1712126514250000
33.91,1712126514500000
33.91,1712126514750000
33.89,1712126515000000
33.89,1712126515250000
33.89,1712126515500000
33.89,1712126515750000
33.89,1712126516000000
33.89,1712126516250000
33.89,1712126516500000
33.89,1712126516750000
33.89,1712126517000000
33.89,1712126517250000
33.89,1712126517500000
33.89,1712126517750000
33.87,1712126518000000
33.87,1712126518250000
33.87,1712126518500000
33.87,1712126518750000
33.89,1712126519000000
33.89,1712126519250000
33.89,1712126519500000
33.89,1712126519750000
33.91,1712126520000000
33.91,1712126520250000
33.91,1712126520500000
33.91,1712126520750000
33.89,1712126521000000
33.89,1712126521250000
33.89,1712126521500000
33.89,1712126521750000
33.89,1712126522000000
33.89,1712126522250000
33.89,1712126522500000
33.89,1712126522750000
33.89,1712126523000000
33.89,1712126523250000
33.89,1712126523500000
33.89,1712126523750000
33.89,1712126524000000
33.89,1712126524250000
33.89,1712126524500000
33.89,1712126524750000
33.91,1712126525000000
33.91,1712126525250000
33.91,1712126525500000
33.91,1712126525750000
33.89,1712126526000000
33.89,1712126526250000
33.89,1712126526500000
33.89,1712126526750000
33.87,1712126527000000
33.87,1712126527250000
33.87,1712126527500000
33.87,1712126527750000
33.91,1712126528000000
33.91,1712126528250000
33.91,1712126528500000
33.91,1712126528750000
33.91,1712126529000000
33.91,1712126529250000
33.91,1712126529500000
33.91,1712126529750000
33.89,1712126530000000
33.89,1712126530250000
33.89,1712126530500000
33.89,1712126530750000
33.91,1712126531000000
33.91,1712126531250000
33.91,1712126531500000
33.91,1712126531750000
33.93,1712126532000000
33.93,1712126532250000
33.93,1712126532500000
33.93,1712126532750000
33.93,1712126533000000
33.93,1712126533250000
33.93,1712126533500000
33.93,1712126533750000
33.91,1712126534000000
33.91,1712126534250000
33.91,1712126534500000
33.91,1712126534750000
33.91,1712126535000000
33.91,1712126535250000
33.91,1712126535500000
33.91,1712126535750000
33.93,1712126536000000
33.93,1712126536250000
33.93,1712126536500000
33.93,1712126536750000
33.91,1712126537000000
33.91,1712126537250000
33.91,1712126537500000
33.91,1712126537750000
33.93,1712126538000000
33.93,1712126538250000
33.93,1712126538500000
33.93,1712126538750000
33.91,1712126539000000
33.91,1712126539250000
33.91,1712126539500000
33.91,1712126539750000
33.91,1712126540000000
33.91,1712126540250000
33.91,1712126540500000
33.91,1712126540750000
33.91,1712126541000000
33.91,1712126541250000
33.91,1712126541500000
33.91,1712126541750000
33.91,1712126542000000
33.91,1712126542250000
33.91,1712126542500000
33.91,1712126542750000
33.93,1712126543000000
33.93,1712126543250000
33.93,1712126543500000
33.93,1712126543750000
33.91,1712126544000000
33.91,1712126544250000
33.91,1712126544500000
33.91,1712126544750000
33.89,1712126545000000
33.89,1712126545250000
33.89,1712126545500000
33.89,1712126545750000
33.91,1712126546000000
33.91,1712126546250000
33.91,1712126546500000
33.91,1712126546750000
33.91,1712126547000000
33.91,1712126547250000
33.91,1712126547500000
33.91,1712126547750000
33.89,1712126548000000
33.89,1712126548250000
33.89,1712126548500000
33.89,1712126548750000
33.95,1712126549000000
33.95,1712126549250000
33.95,1712126549500000
33.95,1712126549750000
33.93,1712126550000000
33.93,1712126550250000
33.93,1712126550500000
33.93,1712126550750000
33.91,1712126551000000
33.91,1712126551250000
33.91,1712126551500000
33.91,1712126551750000
33.91,1712126552000000
33.91,1712126552250000
33.91,1712126552500000
33.91,1712126552750000
33.91,1712126553000000
33.91,1712126553250000
33.91,1712126553500000
33.91,1712126553750000
33.91,1712126554000000
33.91,1712126554250000
33.91,1712126554500000
33.91,1712126554750000
33.93,1712126555000000
33.93,1712126555250000
33.93,1712126555500000
33.93,1712126555750000
33.93,1712126556000000
33.93,1712126556250000
33.93,1712126556500000
33.93,1712126556750000
33.93,1712126557000000
33.93,1712126557250000
33.93,1712126557500000
33.93,1712126557750000
33.93,1712126558000000
33.93,1712126558250000
33.93,1712126558500000
33.93,1712126558750000
33.93,1712126559000000
33.93,1712126559250000
33.93,1712126559500000
33.93,1712126559750000
33.93,1712126560000000
33.93,1712126560250000
33.93,1712126560500000
33.93,1712126560750000
33.93,1712126561000000
33.93,1712126561250000
33.93,1712126561500000
33.93,1712126561750000
33.93,1712126562000000
33.93,1712126562250000
33.93,1712126562500000
33.93,1712126562750000
33.95,1712126563000000
33.95,1712126563250000
33.95,1712126563500000
33.95,1712126563750000
33.95,1712126564000000
33.95,1712126564250000
33.95,1712126564500000
33.95,1712126564750000
33.95,1712126565000000
33.95,1712126565250000
33.95,1712126565500000
33.95,1712126565750000
33.93,1712126566000000
33.93,1712126566250000
33.93,1712126566500000
33.93,1712126566750000
33.95,1712126567000000
33.95,1712126567250000
33.95,1712126567500000
33.95,1712126567750000
33.95,1712126568000000
33.95,1712126568250000
33.95,1712126568500000
33.95,1712126568750000
33.95,1712126569000000
33.95,1712126569250000
33.95,1712126569500000
33.95,1712126569750000
33.95,1712126570000000
33.95,1712126570250000
33.95,1712126570500000
33.95,1712126570750000
33.95,1712126571000000
33.95,1712126571250000
33.95,1712126571500000
33.95,1712126571750000
33.95,1712126572000000
33.95,1712126572250000
33.95,1712126572500000
33.95,1712126572750000
33.97,1712126573000000
33.97,1712126573250000
33.97,1712126573500000
33.97,1712126573750000
33.97,1712126574000000
33.97,1712126574250000
33.97,1712126574500000
33.97,1712126574750000
33.97,1712126575000000
33.97,1712126575250000
33.97,1712126575500000
33.97,1712126575750000
33.97,1712126576000000
33.97,1712126576250000
33.97,1712126576500000
33.97,1712126576750000
33.97,1712126577000000
33.97,1712126577250000
33.97,1712126577500000
33.97,1712126577750000
33.97,1712126578000000
33.97,1712126578250000
33.97,1712126578500000
33.97,1712126578750000
33.97,1712126579000000
33.97,1712126579250000
33.97,1712126579500000
33.97,1712126579750000
33.97,1712126580000000
33.97,1712126580250000
33.97,1712126580500000
33.97,1712126580750000
33.97,1712126581000000
33.97,1712126581250000
33.97,1712126581500000
33.97,1712126581750000
33.97,1712126582000000
33.97,1712126582250000
33.97,1712126582500000
33.97,1712126582750000
33.99,1712126583000000
33.99,1712126583250000
33.99,1712126583500000
33.99,1712126583750000
33.95,1712126584000000
33.95,1712126584250000
33.95,1712126584500000
33.95,1712126584750000
33.99,1712126585000000
33.99,1712126585250000
33.99,1712126585500000
33.99,1712126585750000
33.99,1712126586000000
33.99,1712126586250000
33.99,1712126586500000
33.99,1712126586750000
33.99,1712126587000000
33.99,1712126587250000
33.99,1712126587500000
33.99,1712126587750000
33.99,1712126588000000
33.99,1712126588250000
33.99,1712126588500000
33.99,1712126588750000
33.99,1712126589000000
33.99,1712126589250000
33.99,1712126589500000
33.99,1712126589750000
34.0,1712126590000000
34.0,1712126590250000
34.0,1712126590500000
34.0,1712126590750000
33.99,1712126591000000
33.99,1712126591250000
33.99,1712126591500000
33.99,1712126591750000
33.99,1712126592000000
33.99,1712126592250000
33.99,1712126592500000
33.99,1712126592750000
33.99,1712126593000000
33.99,1712126593250000
33.99,1712126593500000
33.99,1712126593750000
33.99,1712126594000000
33.99,1712126594250000
33.99,1712126594500000
33.99,1712126594750000
34.0,1712126595000000
34.0,1712126595250000
34.0,1712126595500000
34.0,1712126595750000
34.0,1712126596000000
34.0,1712126596250000
34.0,1712126596500000
34.0,1712126596750000
34.0,1712126597000000
34.0,1712126597250000
34.0,1712126597500000
34.0,1712126597750000
34.0,1712126598000000
34.0,1712126598250000
34.0,1712126598500000
34.0,1712126598750000
34.0,1712126599000000
34.0,1712126599250000
34.0,1712126599500000
34.0,1712126599750000
34.03,1712126600000000
34.03,1712126600250000
34.03,1712126600500000
34.03,1712126600750000
34.03,1712126601000000
34.03,1712126601250000
34.03,1712126601500000
34.03,1712126601750000
34.0,1712126602000000
34.0,1712126602250000
34.0,1712126602500000
34.0,1712126602750000
34.0,1712126603000000
34.0,1712126603250000
34.0,1712126603500000
34.0,1712126603750000
34.03,1712126604000000
34.03,1712126604250000
34.03,1712126604500000
34.03,1712126604750000
34.03,1712126605000000
34.03,1712126605250000
34.03,1712126605500000
34.03,1712126605750000
34.05,1712126606000000
34.05,1712126606250000
34.05,1712126606500000
34.05,1712126606750000
34.05,1712126607000000
34.05,1712126607250000
34.05,1712126607500000
34.05,1712126607750000
34.05,1712126608000000
34.05,1712126608250000
34.05,1712126608500000
34.05,1712126608750000
34.05,1712126609000000
34.05,1712126609250000
34.05,1712126609500000
34.05,1712126609750000
34.03,1712126610000000
34.03,1712126610250000
34.03,1712126610500000
34.03,1712126610750000
34.05,1712126611000000
34.05,1712126611250000
34.05,1712126611500000
34.05,1712126611750000
34.07,1712126612000000
34.07,1712126612250000
34.07,1712126612500000
34.07,1712126612750000
34.05,1712126613000000
34.05,1712126613250000
34.05,1712126613500000
34.05,1712126613750000
34.05,1712126614000000
34.05,1712126614250000
34.05,1712126614500000
34.05,1712126614750000
34.07,1712126615000000
34.07,1712126615250000
34.07,1712126615500000
34.07,1712126615750000
34.09,1712126616000000
34.09,1712126616250000
34.09,1712126616500000
34.09,1712126616750000
34.09,1712126617000000
34.09,1712126617250000
34.09,1712126617500000
34.09,1712126617750000
34.07,1712126618000000
34.07,1712126618250000
34.07,1712126618500000
34.07,1712126618750000
34.07,1712126619000000
34.07,1712126619250000
34.07,1712126619500000
34.07,1712126619750000
34.07,1712126620000000
34.07,1712126620250000
34.07,1712126620500000
34.07,1712126620750000
34.07,1712126621000000
34.07,1712126621250000
34.07,1712126621500000
34.07,1712126621750000
34.09,1712126622000000
34.09,1712126622250000
34.09,1712126622500000
34.09,1712126622750000
34.09,1712126623000000
34.09,1712126623250000
34.09,1712126623500000
34.09,1712126623750000
34.09,1712126624000000
34.09,1712126624250000
34.09,1712126624500000
34.09,1712126624750000
34.09,1712126625000000
34.09,1712126625250000
34.09,1712126625500000
34.09,1712126625750000
34.09,1712126626000000
34.09,1712126626250000
34.09,1712126626500000
34.09,1712126626750000
34.11,1712126627000000
34.11,1712126627250000
34.11,1712126627500000
34.11,1712126627750000
34.11,1712126628000000
34.11,1712126628250000
34.11,1712126628500000
34.11,1712126628750000
34.09,1712126629000000
34.09,1712126629250000
34.09,1712126629500000
34.09,1712126629750000
34.11,1712126630000000
34.11,1712126630250000
34.11,1712126630500000
34.11,1712126630750000
34.11,1712126631000000
34.11,1712126631250000
34.11,1712126631500000
34.11,1712126631750000
34.09,1712126632000000
34.09,1712126632250000
34.09,1712126632500000
34.09,1712126632750000
34.09,1712126633000000
34.09,1712126633250000
34.09,1712126633500000
34.09,1712126633750000
34.11,1712126634000000
34.11,1712126634250000
34.11,1712126634500000
34.11,1712126634750000
34.11,1712126635000000
34.11,1712126635250000
34.11,1712126635500000
34.11,1712126635750000
34.09,1712126636000000
34.09,1712126636250000
34.09,1712126636500000
34.09,1712126636750000
34.11,1712126637000000
34.11,1712126637250000
34.11,1712126637500000
34.11,1712126637750000
34.13,1712126638000000
34.13,1712126638250000
34.13,1712126638500000
34.13,1712126638750000
34.13,1712126639000000
34.13,1712126639250000
34.13,1712126639500000
34.13,1712126639750000
34.13,1712126640000000
34.13,1712126640250000
34.13,1712126640500000
34.13,1712126640750000
34.09,1712126641000000
34.09,1712126641250000
34.09,1712126641500000
34.09,1712126641750000
34.13,1712126642000000
34.13,1712126642250000
34.13,1712126642500000
34.13,1712126642750000
34.13,1712126643000000
34.13,1712126643250000
34.13,1712126643500000
34.13,1712126643750000
34.13,1712126644000000
34.13,1712126644250000
34.13,1712126644500000
34.13,1712126644750000
34.15,1712126645000000
34.15,1712126645250000
34.15,1712126645500000
34.15,1712126645750000
34.16,1712126646000000
34.16,1712126646250000
34.16,1712126646500000
34.16,1712126646750000
34.15,1712126647000000
34.15,1712126647250000
34.15,1712126647500000
34.15,1712126647750000
34.15,1712126648000000
34.15,1712126648250000
34.15,1712126648500000
34.15,1712126648750000
34.13,1712126649000000
34.13,1712126649250000
34.13,1712126649500000
34.13,1712126649750000
34.15,1712126650000000
34.15,1712126650250000
34.15,1712126650500000
34.15,1712126650750000
34.11,1712126651000000
34.11,1712126651250000
34.11,1712126651500000
34.11,1712126651750000
34.15,1712126652000000
34.15,1712126652250000
34.15,1712126652500000
34.15,1712126652750000
34.13,1712126653000000
34.13,1712126653250000
34.13,1712126653500000
34.13,1712126653750000
34.11,1712126654000000
34.11,1712126654250000
34.11,1712126654500000
34.11,1712126654750000
34.15,1712126655000000
34.15,1712126655250000
34.15,1712126655500000
34.15,1712126655750000
34.15,1712126656000000
34.15,1712126656250000
34.15,1712126656500000
34.15,1712126656750000
34.15,1712126657000000
34.15,1712126657250000
34.15,1712126657500000
34.15,1712126657750000
34.13,1712126658000000
34.13,1712126658250000
34.13,1712126658500000
34.13,1712126658750000
34.13,1712126659000000
34.13,1712126659250000
34.13,1712126659500000
34.13,1712126659750000
34.15,1712126660000000
34.15,1712126660250000
34.15,1712126660500000
34.15,1712126660750000
34.15,1712126661000000
34.15,1712126661250000
34.15,1712126661500000
34.15,1712126661750000
34.15,1712126662000000
34.15,1712126662250000
34.15,1712126662500000
34.15,1712126662750000
34.15,1712126663000000
34.15,1712126663250000
34.15,1712126663500000
34.15,1712126663750000
34.15,1712126664000000
34.15,1712126664250000
34.15,1712126664500000
34.15,1712126664750000
34.15,1712126665000000
34.15,1712126665250000
34.15,1712126665500000
34.15,1712126665750000
34.15,1712126666000000
34.15,1712126666250000
34.15,1712126666500000
34.15,1712126666750000
34.15,1712126667000000
34.15,1712126667250000
34.15,1712126667500000
34.15,1712126667750000
34.18,1712126668000000
34.18,1712126668250000
34.18,1712126668500000
34.18,1712126668750000
34.15,1712126669000000
34.15,1712126669250000
34.15,1712126669500000
34.15,1712126669750000
34.15,1712126670000000
34.15,1712126670250000
34.15,1712126670500000
34.15,1712126670750000
34.15,1712126671000000
34.15,1712126671250000
34.15,1712126671500000
34.15,1712126671750000
34.15,1712126672000000
34.15,1712126672250000
34.15,1712126672500000
34.15,1712126672750000
34.15,1712126673000000
34.15,1712126673250000
34.15,1712126673500000
34.15,1712126673750000
34.15,1712126674000000
34.15,1712126674250000
34.15,1712126674500000
34.15,1712126674750000
34.15,1712126675000000
34.15,1712126675250000
34.15,1712126675500000
34.15,1712126675750000
34.15,1712126676000000
34.15,1712126676250000
34.15,1712126676500000
34.15,1712126676750000
34.15,1712126677000000
34.15,1712126677250000
34.15,1712126677500000
34.15,1712126677750000
34.16,1712126678000000
34.16,1712126678250000
34.16,1712126678500000
34.16,1712126678750000
34.15,1712126679000000
34.15,1712126679250000
34.15,1712126679500000
34.15,1712126679750000
34.16,1712126680000000
34.16,1712126680250000
34.16,1712126680500000
34.16,1712126680750000
34.16,1712126681000000
34.16,1712126681250000
34.16,1712126681500000
34.16,1712126681750000
34.18,1712126682000000
34.18,1712126682250000
34.18,1712126682500000
34.18,1712126682750000
34.16,1712126683000000
34.16,1712126683250000
34.16,1712126683500000
34.16,1712126683750000
34.15,1712126684000000
34.15,1712126684250000
34.15,1712126684500000
34.15,1712126684750000
34.15,1712126685000000
34.15,1712126685250000
34.15,1712126685500000
34.15,1712126685750000
34.18,1712126686000000
34.18,1712126686250000
34.18,1712126686500000
34.18,1712126686750000
34.16,1712126687000000
34.16,1712126687250000
34.16,1712126687500000
34.16,1712126687750000
34.15,1712126688000000
34.15,1712126688250000
34.15,1712126688500000
34.15,1712126688750000
34.15,1712126689000000
34.15,1712126689250000
34.15,1712126689500000
34.15,1712126689750000
34.16,1712126690000000
34.16,1712126690250000
34.16,1712126690500000
34.16,1712126690750000
34.15,1712126691000000
34.15,1712126691250000
34.15,1712126691500000
34.15,1712126691750000
34.16,1712126692000000
34.16,1712126692250000
34.16,1712126692500000
34.16,1712126692750000
34.16,1712126693000000
34.16,1712126693250000
34.16,1712126693500000
34.16,1712126693750000
34.16,1712126694000000
34.16,1712126694250000
34.16,1712126694500000
34.16,1712126694750000
34.16,1712126695000000
34.16,1712126695250000
34.16,1712126695500000
34.16,1712126695750000
34.16,1712126696000000
34.16,1712126696250000
34.16,1712126696500000
34.16,1712126696750000
34.16,1712126697000000
34.16,1712126697250000
34.16,1712126697500000
34.16,1712126697750000
34.16,1712126698000000
34.16,1712126698250000
34.16,1712126698500000
34.16,1712126698750000
34.16,1712126699000000
34.16,1712126699250000
34.16,1712126699500000
34.16,1712126699750000
34.16,1712126700000000
34.16,1712126700250000
34.16,1712126700500000
34.16,1712126700750000
34.15,1712126701000000
34.15,1712126701250000
34.15,1712126701500000
34.15,1712126701750000
34.15,1712126702000000
34.15,1712126702250000
34.15,1712126702500000
34.15,1712126702750000
34.15,1712126703000000
34.15,1712126703250000
34.15,1712126703500000
34.15,1712126703750000
34.16,1712126704000000
34.16,1712126704250000
34.16,1712126704500000
34.16,1712126704750000
34.16,1712126705000000
34.16,1712126705250000
34.16,1712126705500000
34.16,1712126705750000
34.21,1712126706000000
34.21,1712126706250000
34.21,1712126706500000
34.21,1712126706750000
34.15,1712126707000000
34.15,1712126707250000
34.15,1712126707500000
34.15,1712126707750000
34.21,1712126708000000
34.21,1712126708250000
34.21,1712126708500000
34.21,1712126708750000
34.16,1712126709000000
34.16,1712126709250000
34.16,1712126709500000
34.16,1712126709750000
34.16,1712126710000000
34.16,1712126710250000
34.16,1712126710500000
34.16,1712126710750000
34.16,1712126711000000
34.16,1712126711250000
34.16,1712126711500000
34.16,1712126711750000
34.18,1712126712000000
34.18,1712126712250000
34.18,1712126712500000
34.18,1712126712750000
34.16,1712126713000000
34.16,1712126713250000
34.16,1712126713500000
34.16,1712126713750000
34.16,1712126714000000
34.16,1712126714250000
34.16,1712126714500000
34.16,1712126714750000
34.21,1712126715000000
34.21,1712126715250000
34.21,1712126715500000
34.21,1712126715750000
34.18,1712126716000000
34.18,1712126716250000
34.18,1712126716500000
34.18,1712126716750000
34.16,1712126717000000
34.16,1712126717250000
34.16,1712126717500000
34.16,1712126717750000
34.15,1712126718000000
34.15,1712126718250000
34.15,1712126718500000
34.15,1712126718750000
34.18,1712126719000000
34.18,1712126719250000
34.18,1712126719500000
34.18,1712126719750000
34.16,1712126720000000
34.16,1712126720250000
34.16,1712126720500000
34.16,1712126720750000
34.18,1712126721000000
34.18,1712126721250000
34.18,1712126721500000
34.18,1712126721750000
34.21,1712126722000000
34.21,1712126722250000
34.21,1712126722500000
34.21,1712126722750000
34.18,1712126723000000
34.18,1712126723250000
34.18,1712126723500000
34.18,1712126723750000
34.16,1712126724000000
34.16,1712126724250000
34.16,1712126724500000
34.16,1712126724750000
34.15,1712126725000000
34.15,1712126725250000
34.15,1712126725500000
34.15,1712126725750000
34.16,1712126726000000
34.16,1712126726250000
34.16,1712126726500000
34.16,1712126726750000
34.16,1712126727000000
34.16,1712126727250000
34.16,1712126727500000
34.16,1712126727750000
34.18,1712126728000000
34.18,1712126728250000
34.18,1712126728500000
34.18,1712126728750000
34.16,1712126729000000
34.16,1712126729250000
34.16,1712126729500000
34.16,1712126729750000
34.16,1712126730000000
34.16,1712126730250000
34.16,1712126730500000
34.16,1712126730750000
34.15,1712126731000000
34.15,1712126731250000
34.15,1712126731500000
34.15,1712126731750000
34.16,1712126732000000
34.16,1712126732250000
34.16,1712126732500000
34.16,1712126732750000
34.18,1712126733000000
34.18,1712126733250000
34.18,1712126733500000
34.18,1712126733750000
34.16,1712126734000000
34.16,1712126734250000
34.16,1712126734500000
34.16,1712126734750000
34.15,1712126735000000
34.15,1712126735250000
34.15,1712126735500000
34.15,1712126735750000
34.16,1712126736000000
34.16,1712126736250000
34.16,1712126736500000
34.16,1712126736750000
34.16,1712126737000000
34.16,1712126737250000
34.16,1712126737500000
34.16,1712126737750000
34.16,1712126738000000
34.16,1712126738250000
34.16,1712126738500000
34.16,1712126738750000
34.16,1712126739000000
34.16,1712126739250000
34.16,1712126739500000
34.16,1712126739750000
34.15,1712126740000000
34.15,1712126740250000
34.15,1712126740500000
34.15,1712126740750000
34.16,1712126741000000
34.16,1712126741250000
34.16,1712126741500000
34.16,1712126741750000
34.16,1712126742000000
34.16,1712126742250000
34.16,1712126742500000
34.16,1712126742750000
34.16,1712126743000000
34.16,1712126743250000
34.16,1712126743500000
34.16,1712126743750000
34.15,1712126744000000
34.15,1712126744250000
34.15,1712126744500000
34.15,1712126744750000
34.16,1712126745000000
34.16,1712126745250000
34.16,1712126745500000
34.16,1712126745750000
34.15,1712126746000000
34.15,1712126746250000
34.15,1712126746500000
34.15,1712126746750000
34.15,1712126747000000
34.15,1712126747250000
34.15,1712126747500000
34.15,1712126747750000
34.16,1712126748000000
34.16,1712126748250000
34.16,1712126748500000
34.16,1712126748750000
34.16,1712126749000000
34.16,1712126749250000
34.16,1712126749500000
34.16,1712126749750000
34.15,1712126750000000
34.15,1712126750250000
34.15,1712126750500000
34.15,1712126750750000
34.16,1712126751000000
34.16,1712126751250000
34.16,1712126751500000
34.16,1712126751750000
34.16,1712126752000000
34.16,1712126752250000
34.16,1712126752500000
34.16,1712126752750000
34.15,1712126753000000
34.15,1712126753250000
34.15,1712126753500000
34.15,1712126753750000
34.13,1712126754000000
34.13,1712126754250000
34.13,1712126754500000
34.13,1712126754750000
34.16,1712126755000000
34.16,1712126755250000
34.16,1712126755500000
34.16,1712126755750000
34.15,1712126756000000
34.15,1712126756250000
34.15,1712126756500000
34.15,1712126756750000
34.15,1712126757000000
34.15,1712126757250000
34.15,1712126757500000
34.15,1712126757750000
34.15,1712126758000000
34.15,1712126758250000
34.15,1712126758500000
34.15,1712126758750000
34.15,1712126759000000
34.15,1712126759250000
34.15,1712126759500000
34.15,1712126759750000
34.13,1712126760000000
34.13,1712126760250000
34.13,1712126760500000
34.13,1712126760750000
34.13,1712126761000000
34.13,1712126761250000
34.13,1712126761500000
34.13,1712126761750000
34.16,1712126762000000
34.16,1712126762250000
34.16,1712126762500000
34.16,1712126762750000
34.15,1712126763000000
34.15,1712126763250000
34.15,1712126763500000
34.15,1712126763750000
34.15,1712126764000000
34.15,1712126764250000
34.15,1712126764500000
34.15,1712126764750000
34.15,1712126765000000
34.15,1712126765250000
34.15,1712126765500000
34.15,1712126765750000
34.16,1712126766000000
34.16,1712126766250000
34.16,1712126766500000
34.16,1712126766750000
34.15,1712126767000000
34.15,1712126767250000
34.15,1712126767500000
34.15,1712126767750000
34.13,1712126768000000
34.13,1712126768250000
34.13,1712126768500000
34.13,1712126768750000
34.15,1712126769000000
34.15,1712126769250000
34.15,1712126769500000
34.15,1712126769750000
34.16,1712126770000000
34.16,1712126770250000
34.16,1712126770500000
34.16,1712126770750000
34.15,1712126771000000
34.15,1712126771250000
34.15,1712126771500000
34.15,1712126771750000
34.15,1712126772000000
34.15,1712126772250000
34.15,1712126772500000
34.15,1712126772750000
34.15,1712126773000000
34.15,1712126773250000
34.15,1712126773500000
34.15,1712126773750000
34.15,1712126774000000
34.15,1712126774250000
34.15,1712126774500000
34.15,1712126774750000
34.13,1712126775000000
34.13,1712126775250000
34.13,1712126775500000
34.13,1712126775750000
34.16,1712126776000000
34.16,1712126776250000
34.16,1712126776500000
34.16,1712126776750000
34.15,1712126777000000
34.15,1712126777250000
34.15,1712126777500000
34.15,1712126777750000
34.13,1712126778000000
34.13,1712126778250000
34.13,1712126778500000
34.13,1712126778750000
34.15,1712126779000000
34.15,1712126779250000
34.15,1712126779500000
34.15,1712126779750000
34.15,1712126780000000
34.15,1712126780250000
34.15,1712126780500000
34.15,1712126780750000
34.15,1712126781000000
34.15,1712126781250000
34.15,1712126781500000
34.15,1712126781750000
34.15,1712126782000000
34.15,1712126782250000
34.15,1712126782500000
34.15,1712126782750000
34.13,1712126783000000
34.13,1712126783250000
34.13,1712126783500000
34.13,1712126783750000
34.15,1712126784000000
34.15,1712126784250000
34.15,1712126784500000
34.15,1712126784750000
34.13,1712126785000000
34.13,1712126785250000
34.13,1712126785500000
34.13,1712126785750000
34.15,1712126786000000
34.15,1712126786250000
34.15,1712126786500000
34.15,1712126786750000
34.16,1712126787000000
34.16,1712126787250000
34.16,1712126787500000
34.16,1712126787750000
34.15,1712126788000000
34.15,1712126788250000
34.15,1712126788500000
34.15,1712126788750000
34.11,1712126789000000
34.11,1712126789250000
34.11,1712126789500000
34.11,1712126789750000
34.13,1712126790000000
34.13,1712126790250000
34.13,1712126790500000
34.13,1712126790750000
34.13,1712126791000000
34.13,1712126791250000
34.13,1712126791500000
34.13,1712126791750000
34.13,1712126792000000
34.13,1712126792250000
34.13,1712126792500000
34.13,1712126792750000
34.15,1712126793000000
34.15,1712126793250000
34.15,1712126793500000
34.15,1712126793750000
34.15,1712126794000000
34.15,1712126794250000
34.15,1712126794500000
34.15,1712126794750000
34.13,1712126795000000
34.13,1712126795250000
34.13,1712126795500000
34.13,1712126795750000
34.13,1712126796000000
34.13,1712126796250000
34.13,1712126796500000
34.13,1712126796750000
34.15,1712126797000000
34.15,1712126797250000
34.15,1712126797500000
34.15,1712126797750000
34.13,1712126798000000
34.13,1712126798250000
34.13,1712126798500000
34.13,1712126798750000
34.15,1712126799000000
34.15,1712126799250000
34.15,1712126799500000
34.15,1712126799750000
34.16,1712126800000000
34.16,1712126800250000
34.16,1712126800500000
34.16,1712126800750000
34.16,1712126801000000
34.16,1712126801250000
34.16,1712126801500000
34.16,1712126801750000
34.15,1712126802000000
34.15,1712126802250000
34.15,1712126802500000
34.15,1712126802750000
34.16,1712126803000000
34.16,1712126803250000
34.16,1712126803500000
34.16,1712126803750000
34.13,1712126804000000
34.13,1712126804250000
34.13,1712126804500000
34.13,1712126804750000
34.13,1712126805000000
34.13,1712126805250000
34.13,1712126805500000
34.13,1712126805750000
34.13,1712126806000000
34.13,1712126806250000
34.13,1712126806500000
34.13,1712126806750000
34.13,1712126807000000
34.13,1712126807250000
34.13,1712126807500000
34.13,1712126807750000
34.16,1712126808000000
34.16,1712126808250000
34.16,1712126808500000
34.16,1712126808750000
34.16,1712126809000000
34.16,1712126809250000
34.16,1712126809500000
34.16,1712126809750000
34.16,1712126810000000
34.16,1712126810250000
34.16,1712126810500000
34.16,1712126810750000
34.15,1712126811000000
34.15,1712126811250000
34.15,1712126811500000
34.15,1712126811750000
34.13,1712126812000000
34.13,1712126812250000
34.13,1712126812500000
34.13,1712126812750000
34.13,1712126813000000
34.13,1712126813250000
34.13,1712126813500000
34.13,1712126813750000
34.16,1712126814000000
34.16,1712126814250000
34.16,1712126814500000
34.16,1712126814750000
34.15,1712126815000000
34.15,1712126815250000
34.15,1712126815500000
34.15,1712126815750000
34.15,1712126816000000
34.15,1712126816250000
34.15,1712126816500000
34.15,1712126816750000
34.15,1712126817000000
34.15,1712126817250000
34.15,1712126817500000
34.15,1712126817750000
34.15,1712126818000000
34.15,1712126818250000
34.15,1712126818500000
34.15,1712126818750000
34.15,1712126819000000
34.15,1712126819250000
34.15,1712126819500000
34.15,1712126819750000
34.16,1712126820000000
34.16,1712126820250000
34.16,1712126820500000
34.16,1712126820750000
34.16,1712126821000000
34.16,1712126821250000
34.16,1712126821500000
34.16,1712126821750000
34.16,1712126822000000
34.16,1712126822250000
34.16,1712126822500000
34.16,1712126822750000
34.16,1712126823000000
34.16,1712126823250000
34.16,1712126823500000
34.16,1712126823750000
34.16,1712126824000000
34.16,1712126824250000
34.16,1712126824500000
34.16,1712126824750000
34.16,1712126825000000
34.16,1712126825250000
34.16,1712126825500000
34.16,1712126825750000
34.16,1712126826000000
34.16,1712126826250000
34.16,1712126826500000
34.16,1712126826750000
34.16,1712126827000000
34.16,1712126827250000
34.16,1712126827500000
34.16,1712126827750000
34.15,1712126828000000
34.15,1712126828250000
34.15,1712126828500000
34.15,1712126828750000
34.16,1712126829000000
34.16,1712126829250000
34.16,1712126829500000
34.16,1712126829750000
34.13,1712126830000000
34.13,1712126830250000
34.13,1712126830500000
34.13,1712126830750000
34.16,1712126831000000
34.16,1712126831250000
34.16,1712126831500000
34.16,1712126831750000
34.15,1712126832000000
34.15,1712126832250000
34.15,1712126832500000
34.15,1712126832750000
34.15,1712126833000000
34.15,1712126833250000
34.15,1712126833500000
34.15,1712126833750000
34.16,1712126834000000
34.16,1712126834250000
34.16,1712126834500000
34.16,1712126834750000
34.16,1712126835000000
34.16,1712126835250000
34.16,1712126835500000
34.16,1712126835750000
34.13,1712126836000000
34.13,1712126836250000
34.13,1712126836500000
34.13,1712126836750000
34.16,1712126837000000
34.16,1712126837250000
34.16,1712126837500000
34.16,1712126837750000
34.15,1712126838000000
34.15,1712126838250000
34.15,1712126838500000
34.15,1712126838750000
34.16,1712126839000000
34.16,1712126839250000
34.16,1712126839500000
34.16,1712126839750000
34.16,1712126840000000
34.16,1712126840250000
34.16,1712126840500000
34.16,1712126840750000
34.18,1712126841000000
34.18,1712126841250000
34.18,1712126841500000
34.18,1712126841750000
34.16,1712126842000000
34.16,1712126842250000
34.16,1712126842500000
34.16,1712126842750000
34.18,1712126843000000
34.18,1712126843250000
34.18,1712126843500000
34.18,1712126843750000
34.16,1712126844000000
34.16,1712126844250000
34.16,1712126844500000
34.16,1712126844750000
34.15,1712126845000000
34.15,1712126845250000
34.15,1712126845500000
34.15,1712126845750000
34.18,1712126846000000
34.18,1712126846250000
34.18,1712126846500000
34.18,1712126846750000
34.16,1712126847000000
34.16,1712126847250000
34.16,1712126847500000
34.16,1712126847750000
34.16,1712126848000000
34.16,1712126848250000
34.16,1712126848500000
34.16,1712126848750000
34.16,1712126849000000
34.16,1712126849250000
34.16,1712126849500000
34.16,1712126849750000
34.15,1712126850000000
34.15,1712126850250000
34.15,1712126850500000
34.15,1712126850750000
34.16,1712126851000000
34.16,1712126851250000
34.16,1712126851500000
34.16,1712126851750000
34.16,1712126852000000
34.16,1712126852250000
34.16,1712126852500000
34.16,1712126852750000
34.18,1712126853000000
34.18,1712126853250000
34.18,1712126853500000
34.18,1712126853750000
34.16,1712126854000000
34.16,1712126854250000
34.16,1712126854500000
34.16,1712126854750000
34.18,1712126855000000
34.18,1712126855250000
34.18,1712126855500000
34.18,1712126855750000
34.16,1712126856000000
34.16,1712126856250000
34.16,1712126856500000
34.16,1712126856750000
34.16,1712126857000000
34.16,1712126857250000
34.16,1712126857500000
34.16,1712126857750000
34.16,1712126858000000
34.16,1712126858250000
34.16,1712126858500000
34.16,1712126858750000
34.18,1712126859000000
34.18,1712126859250000
34.18,1712126859500000
34.18,1712126859750000
34.18,1712126860000000
34.18,1712126860250000
34.18,1712126860500000
34.18,1712126860750000
34.18,1712126861000000
34.18,1712126861250000
34.18,1712126861500000
34.18,1712126861750000
34.18,1712126862000000
34.18,1712126862250000
34.18,1712126862500000
34.18,1712126862750000
34.21,1712126863000000
34.21,1712126863250000
34.21,1712126863500000
34.21,1712126863750000
34.16,1712126864000000
34.16,1712126864250000
34.16,1712126864500000
34.16,1712126864750000
34.18,1712126865000000
34.18,1712126865250000
34.18,1712126865500000
34.18,1712126865750000
34.18,1712126866000000
34.18,1712126866250000
34.18,1712126866500000
34.18,1712126866750000
34.18,1712126867000000
34.18,1712126867250000
34.18,1712126867500000
34.18,1712126867750000
34.18,1712126868000000
34.18,1712126868250000
34.18,1712126868500000
34.18,1712126868750000
34.21,1712126869000000
34.21,1712126869250000
34.21,1712126869500000
34.21,1712126869750000
34.16,1712126870000000
34.16,1712126870250000
34.16,1712126870500000
34.16,1712126870750000
34.21,1712126871000000
34.21,1712126871250000
34.21,1712126871500000
34.21,1712126871750000
34.21,1712126872000000
34.21,1712126872250000
34.21,1712126872500000
34.21,1712126872750000
34.23,1712126873000000
34.23,1712126873250000
34.23,1712126873500000
34.23,1712126873750000
34.21,1712126874000000
34.21,1712126874250000
34.21,1712126874500000
34.21,1712126874750000
34.23,1712126875000000
34.23,1712126875250000
34.23,1712126875500000
34.23,1712126875750000
34.23,1712126876000000
34.23,1712126876250000
34.23,1712126876500000
34.23,1712126876750000
34.23,1712126877000000
34.23,1712126877250000
34.23,1712126877500000
34.23,1712126877750000
34.21,1712126878000000
34.21,1712126878250000
34.21,1712126878500000
34.21,1712126878750000
34.18,1712126879000000
34.18,1712126879250000
34.18,1712126879500000
34.18,1712126879750000
34.21,1712126880000000
34.21,1712126880250000
34.21,1712126880500000
34.21,1712126880750000
34.23,1712126881000000
34.23,1712126881250000
34.23,1712126881500000
34.23,1712126881750000
34.21,1712126882000000
34.21,1712126882250000
34.21,1712126882500000
34.21,1712126882750000
34.23,1712126883000000
34.23,1712126883250000
34.23,1712126883500000
34.23,1712126883750000
34.23,1712126884000000
34.23,1712126884250000
34.23,1712126884500000
34.23,1712126884750000
34.23,1712126885000000
34.23,1712126885250000
34.23,1712126885500000
34.23,1712126885750000
34.18,1712126886000000
34.18,1712126886250000
34.18,1712126886500000
34.18,1712126886750000
34.21,1712126887000000
34.21,1712126887250000
34.21,1712126887500000
34.21,1712126887750000
34.18,1712126888000000
34.18,1712126888250000
34.18,1712126888500000
34.18,1712126888750000
34.18,1712126889000000
34.18,1712126889250000
34.18,1712126889500000
34.18,1712126889750000
34.21,1712126890000000
34.21,1712126890250000
34.21,1712126890500000
34.21,1712126890750000
34.21,1712126891000000
34.21,1712126891250000
34.21,1712126891500000
34.21,1712126891750000
34.21,1712126892000000
34.21,1712126892250000
34.21,1712126892500000
34.21,1712126892750000
34.18,1712126893000000
34.18,1712126893250000
34.18,1712126893500000
34.18,1712126893750000
34.18,1712126894000000
34.18,1712126894250000
34.18,1712126894500000
34.18,1712126894750000
34.21,1712126895000000
34.21,1712126895250000
34.21,1712126895500000
34.21,1712126895750000
34.18,1712126896000000
34.18,1712126896250000
34.18,1712126896500000
34.18,1712126896750000
34.18,1712126897000000
34.18,1712126897250000
34.18,1712126897500000
34.18,1712126897750000
34.18,1712126898000000
34.18,1712126898250000
34.18,1712126898500000
34.18,1712126898750000
34.16,1712126899000000
34.16,1712126899250000
34.16,1712126899500000
34.16,1712126899750000
34.18,1712126900000000
34.18,1712126900250000
34.18,1712126900500000
34.18,1712126900750000
34.18,1712126901000000
34.18,1712126901250000
34.18,1712126901500000
34.18,1712126901750000
34.18,1712126902000000
34.18,1712126902250000
34.18,1712126902500000
34.18,1712126902750000
34.16,1712126903000000
34.16,1712126903250000
34.16,1712126903500000
34.16,1712126903750000
34.15,1712126904000000
34.15,1712126904250000
34.15,1712126904500000
34.15,1712126904750000
34.15,1712126905000000
34.15,1712126905250000
34.15,1712126905500000
34.15,1712126905750000
34.16,1712126906000000
34.16,1712126906250000
34.16,1712126906500000
34.16,1712126906750000
34.16,1712126907000000
34.16,1712126907250000
34.16,1712126907500000
34.16,1712126907750000
34.16,1712126908000000
34.16,1712126908250000
34.16,1712126908500000
34.16,1712126908750000
34.15,1712126909000000
34.15,1712126909250000
34.15,1712126909500000
34.15,1712126909750000
34.15,1712126910000000
34.15,1712126910250000
34.15,1712126910500000
34.15,1712126910750000
34.13,1712126911000000
34.13,1712126911250000
34.13,1712126911500000
34.13,1712126911750000
34.15,1712126912000000
34.15,1712126912250000
34.15,1712126912500000
34.15,1712126912750000
34.15,1712126913000000
34.15,1712126913250000
34.15,1712126913500000
34.15,1712126913750000
34.13,1712126914000000
34.13,1712126914250000
34.13,1712126914500000
34.13,1712126914750000
34.15,1712126915000000
34.15,1712126915250000
34.15,1712126915500000
34.15,1712126915750000
34.15,1712126916000000
34.15,1712126916250000
34.15,1712126916500000
34.15,1712126916750000
34.13,1712126917000000
34.13,1712126917250000
34.13,1712126917500000
34.13,1712126917750000
34.15,1712126918000000
34.15,1712126918250000
34.15,1712126918500000
34.15,1712126918750000
34.13,1712126919000000
34.13,1712126919250000
34.13,1712126919500000
34.13,1712126919750000
34.11,1712126920000000
34.11,1712126920250000
34.11,1712126920500000
34.11,1712126920750000
34.11,1712126921000000
34.11,1712126921250000
34.11,1712126921500000
34.11,1712126921750000
34.11,1712126922000000
34.11,1712126922250000
34.11,1712126922500000
34.11,1712126922750000
34.09,1712126923000000
34.09,1712126923250000
34.09,1712126923500000
34.09,1712126923750000
34.11,1712126924000000
34.11,1712126924250000
34.11,1712126924500000
34.11,1712126924750000
34.11,1712126925000000
34.11,1712126925250000
34.11,1712126925500000
34.11,1712126925750000
34.11,1712126926000000
34.11,1712126926250000
34.11,1712126926500000
34.11,1712126926750000
34.09,1712126927000000
34.09,1712126927250000
34.09,1712126927500000
34.09,1712126927750000
34.09,1712126928000000
34.09,1712126928250000
34.09,1712126928500000
34.09,1712126928750000
34.11,1712126929000000
34.11,1712126929250000
34.11,1712126929500000
34.11,1712126929750000
34.07,1712126930000000
34.07,1712126930250000
34.07,1712126930500000
34.07,1712126930750000
34.07,1712126931000000
34.07,1712126931250000
34.07,1712126931500000
34.07,1712126931750000
34.09,1712126932000000
34.09,1712126932250000
34.09,1712126932500000
34.09,1712126932750000
34.07,1712126933000000
34.07,1712126933250000
34.07,1712126933500000
34.07,1712126933750000
34.09,1712126934000000
34.09,1712126934250000
34.09,1712126934500000
34.09,1712126934750000
34.07,1712126935000000
34.07,1712126935250000
34.07,1712126935500000
34.07,1712126935750000
34.09,1712126936000000
34.09,1712126936250000
34.09,1712126936500000
34.09,1712126936750000
34.07,1712126937000000
34.07,1712126937250000
34.07,1712126937500000
34.07,1712126937750000
34.05,1712126938000000
34.05,1712126938250000
34.05,1712126938500000
34.05,1712126938750000
34.07,1712126939000000
34.07,1712126939250000
34.07,1712126939500000
34.07,1712126939750000
34.05,1712126940000000
34.05,1712126940250000
34.05,1712126940500000
34.05,1712126940750000
34.05,1712126941000000
34.05,1712126941250000
34.05,1712126941500000
34.05,1712126941750000
34.05,1712126942000000
34.05,1712126942250000
34.05,1712126942500000
34.05,1712126942750000
34.05,1712126943000000
34.05,1712126943250000
34.05,1712126943500000
34.05,1712126943750000
34.03,1712126944000000
34.03,1712126944250000
34.03,1712126944500000
34.03,1712126944750000
34.05,1712126945000000
34.05,1712126945250000
34.05,1712126945500000
34.05,1712126945750000
34.05,1712126946000000
34.05,1712126946250000
34.05,1712126946500000
34.05,1712126946750000
34.03,1712126947000000
34.03,1712126947250000
34.03,1712126947500000
34.03,1712126947750000
34.05,1712126948000000
34.05,1712126948250000
34.05,1712126948500000
34.05,1712126948750000
34.03,1712126949000000
34.03,1712126949250000
34.03,1712126949500000
34.03,1712126949750000
34.05,1712126950000000
34.05,1712126950250000
34.05,1712126950500000
34.05,1712126950750000
34.05,1712126951000000
34.05,1712126951250000
34.05,1712126951500000
34.05,1712126951750000
34.03,1712126952000000
34.03,1712126952250000
34.03,1712126952500000
34.03,1712126952750000
34.05,1712126953000000
34.05,1712126953250000
34.05,1712126953500000
34.05,1712126953750000
34.03,1712126954000000
34.03,1712126954250000
34.03,1712126954500000
34.03,1712126954750000
34.03,1712126955000000
34.03,1712126955250000
34.03,1712126955500000
34.03,1712126955750000
34.03,1712126956000000
34.03,1712126956250000
34.03,1712126956500000
34.03,1712126956750000
34.05,1712126957000000
34.05,1712126957250000
34.05,1712126957500000
34.05,1712126957750000
34.0,1712126958000000
34.0,1712126958250000
34.0,1712126958500000
34.0,1712126958750000
34.03,1712126959000000
34.03,1712126959250000
34.03,1712126959500000
34.03,1712126959750000
34.05,1712126960000000
34.05,1712126960250000
34.05,1712126960500000
34.05,1712126960750000
34.0,1712126961000000
34.0,1712126961250000
34.0,1712126961500000
34.0,1712126961750000
34.03,1712126962000000
34.03,1712126962250000
34.03,1712126962500000
34.03,1712126962750000
34.0,1712126963000000
34.0,1712126963250000
34.0,1712126963500000
34.0,1712126963750000
34.0,1712126964000000
34.0,1712126964250000
34.0,1712126964500000
34.0,1712126964750000
34.03,1712126965000000
34.03,1712126965250000
34.03,1712126965500000
34.03,1712126965750000
34.0,1712126966000000
34.0,1712126966250000
34.0,1712126966500000
34.0,1712126966750000
34.0,1712126967000000
34.0,1712126967250000
34.0,1712126967500000
34.0,1712126967750000
34.0,1712126968000000
34.0,1712126968250000
34.0,1712126968500000
34.0,1712126968750000
33.99,1712126969000000
33.99,1712126969250000
33.99,1712126969500000
33.99,1712126969750000
33.99,1712126970000000
33.99,1712126970250000
33.99,1712126970500000
33.99,1712126970750000
34.03,1712126971000000
34.03,1712126971250000
34.03,1712126971500000
34.03,1712126971750000
33.99,1712126972000000
33.99,1712126972250000
33.99,1712126972500000
33.99,1712126972750000
34.0,1712126973000000
34.0,1712126973250000
34.0,1712126973500000
34.0,1712126973750000
33.99,1712126974000000
33.99,1712126974250000
33.99,1712126974500000
33.99,1712126974750000
34.0,1712126975000000
34.0,1712126975250000
34.0,1712126975500000
34.0,1712126975750000
33.99,1712126976000000
33.99,1712126976250000
33.99,1712126976500000
33.99,1712126976750000
33.99,1712126977000000
33.99,1712126977250000
33.99,1712126977500000
33.99,1712126977750000
33.99,1712126978000000
33.99,1712126978250000
33.99,1712126978500000
33.99,1712126978750000
33.99,1712126979000000
33.99,1712126979250000
33.99,1712126979500000
33.99,1712126979750000
33.99,1712126980000000
33.99,1712126980250000
33.99,1712126980500000
33.99,1712126980750000
33.99,1712126981000000
33.99,1712126981250000
33.99,1712126981500000
33.99,1712126981750000
33.97,1712126982000000
33.97,1712126982250000
33.97,1712126982500000
33.97,1712126982750000
33.97,1712126983000000
33.97,1712126983250000
33.97,1712126983500000
33.97,1712126983750000
33.97,1712126984000000
33.97,1712126984250000
33.97,1712126984500000
33.97,1712126984750000
33.99,1712126985000000
33.99,1712126985250000
33.99,1712126985500000
33.99,1712126985750000
33.99,1712126986000000
33.99,1712126986250000
33.99,1712126986500000
33.99,1712126986750000
33.97,1712126987000000
33.97,1712126987250000
33.97,1712126987500000
33.97,1712126987750000
33.97,1712126988000000
33.97,1712126988250000
33.97,1712126988500000
33.97,1712126988750000
33.97,1712126989000000
33.97,1712126989250000
33.97,1712126989500000
33.97,1712126989750000
33.95,1712126990000000
33.95,1712126990250000
33.95,1712126990500000
33.95,1712126990750000
33.99,1712126991000000
33.99,1712126991250000
33.99,1712126991500000
33.99,1712126991750000
33.95,1712126992000000
33.95,1712126992250000
33.95,1712126992500000
33.95,1712126992750000
33.97,1712126993000000
33.97,1712126993250000
33.97,1712126993500000
33.97,1712126993750000
33.97,1712126994000000
33.97,1712126994250000
33.97,1712126994500000
33.97,1712126994750000
33.99,1712126995000000
33.99,1712126995250000
33.99,1712126995500000
33.99,1712126995750000
33.95,1712126996000000
33.95,1712126996250000
33.95,1712126996500000
33.95,1712126996750000
33.95,1712126997000000
33.95,1712126997250000
33.95,1712126997500000
33.95,1712126997750000
33.95,1712126998000000
33.95,1712126998250000
33.95,1712126998500000
33.95,1712126998750000
33.97,1712126999000000
33.97,1712126999250000
33.97,1712126999500000
33.97,1712126999750000
33.97,1712127000000000
33.97,1712127000250000
33.97,1712127000500000
33.97,1712127000750000
33.95,1712127001000000
33.95,1712127001250000
33.95,1712127001500000
33.95,1712127001750000
33.95,1712127002000000
33.95,1712127002250000
33.95,1712127002500000
33.95,1712127002750000
33.95,1712127003000000
33.95,1712127003250000
33.95,1712127003500000
33.95,1712127003750000
33.97,1712127004000000
33.97,1712127004250000
33.97,1712127004500000
33.97,1712127004750000
33.95,1712127005000000
33.95,1712127005250000
33.95,1712127005500000
33.95,1712127005750000
33.95,1712127006000000
33.95,1712127006250000
33.95,1712127006500000
33.95,1712127006750000
33.95,1712127007000000
33.95,1712127007250000
33.95,1712127007500000
33.95,1712127007750000
33.91,1712127008000000
33.91,1712127008250000
33.91,1712127008500000
33.91,1712127008750000
33.93,1712127009000000
33.93,1712127009250000
33.93,1712127009500000
33.93,1712127009750000
33.93,1712127010000000
33.93,1712127010250000
33.93,1712127010500000
33.93,1712127010750000
33.93,1712127011000000
33.93,1712127011250000
33.93,1712127011500000
33.93,1712127011750000
33.93,1712127012000000
33.93,1712127012250000
33.93,1712127012500000
33.93,1712127012750000
33.93,1712127013000000
33.93,1712127013250000
33.93,1712127013500000
33.93,1712127013750000
33.95,1712127014000000
33.95,1712127014250000
33.95,1712127014500000
33.95,1712127014750000
33.93,1712127015000000
33.93,1712127015250000
33.93,1712127015500000
33.93,1712127015750000
33.93,1712127016000000
33.93,1712127016250000
33.93,1712127016500000
33.93,1712127016750000
33.97,1712127017000000
33.97,1712127017250000
33.97,1712127017500000
33.97,1712127017750000
33.95,1712127018000000
33.95,1712127018250000
33.95,1712127018500000
33.95,1712127018750000
33.95,1712127019000000
33.95,1712127019250000
33.95,1712127019500000
33.95,1712127019750000
33.95,1712127020000000
33.95,1712127020250000
33.95,1712127020500000
33.95,1712127020750000
33.93,1712127021000000
33.93,1712127021250000
33.93,1712127021500000
33.93,1712127021750000
33.93,1712127022000000
33.93,1712127022250000
33.93,1712127022500000
33.93,1712127022750000
33.93,1712127023000000
33.93,1712127023250000
33.93,1712127023500000
33.93,1712127023750000
33.91,1712127024000000
33.91,1712127024250000
33.91,1712127024500000
33.91,1712127024750000
33.91,1712127025000000
33.91,1712127025250000
33.91,1712127025500000
33.91,1712127025750000
33.93,1712127026000000
33.93,1712127026250000
33.93,1712127026500000
33.93,1712127026750000
33.95,1712127027000000
33.95,1712127027250000
33.95,1712127027500000
33.95,1712127027750000
33.93,1712127028000000
33.93,1712127028250000
33.93,1712127028500000
33.93,1712127028750000
33.95,1712127029000000
33.95,1712127029250000
33.95,1712127029500000
33.95,1712127029750000
33.95,1712127030000000
33.95,1712127030250000
33.95,1712127030500000
33.95,1712127030750000
33.95,1712127031000000
33.95,1712127031250000
33.95,1712127031500000
33.95,1712127031750000
33.93,1712127032000000
33.93,1712127032250000
33.93,1712127032500000
33.93,1712127032750000
33.95,1712127033000000
33.95,1712127033250000
33.95,1712127033500000
33.95,1712127033750000
33.93,1712127034000000
33.93,1712127034250000
33.93,1712127034500000
33.93,1712127034750000
33.93,1712127035000000
33.93,1712127035250000
33.93,1712127035500000
33.93,1712127035750000
33.93,1712127036000000
33.93,1712127036250000
33.93,1712127036500000
33.93,1712127036750000
33.89,1712127037000000
33.89,1712127037250000
33.89,1712127037500000
33.89,1712127037750000
33.91,1712127038000000
33.91,1712127038250000
33.91,1712127038500000
33.91,1712127038750000
33.95,1712127039000000
33.95,1712127039250000
33.95,1712127039500000
33.95,1712127039750000
33.89,1712127040000000
33.89,1712127040250000
33.89,1712127040500000
33.89,1712127040750000
33.89,1712127041000000
33.89,1712127041250000
33.89,1712127041500000
33.89,1712127041750000
33.91,1712127042000000
33.91,1712127042250000
33.91,1712127042500000
33.91,1712127042750000
33.91,1712127043000000
33.91,1712127043250000
33.91,1712127043500000
33.91,1712127043750000
33.91,1712127044000000
33.91,1712127044250000
33.91,1712127044500000
33.91,1712127044750000
33.89,1712127045000000
33.89,1712127045250000
33.89,1712127045500000
33.89,1712127045750000
33.91,1712127046000000
33.91,1712127046250000
33.91,1712127046500000
33.91,1712127046750000
33.91,1712127047000000
33.91,1712127047250000
33.91,1712127047500000
33.91,1712127047750000
33.91,1712127048000000
33.91,1712127048250000
33.91,1712127048500000
33.91,1712127048750000
33.91,1712127049000000
33.91,1712127049250000
33.91,1712127049500000
33.91,1712127049750000
33.93,1712127050000000
33.93,1712127050250000
33.93,1712127050500000
33.93,1712127050750000
33.93,1712127051000000
33.93,1712127051250000
33.93,1712127051500000
33.93,1712127051750000
33.93,1712127052000000
33.93,1712127052250000
33.93,1712127052500000
33.93,1712127052750000
33.95,1712127053000000
33.95,1712127053250000
33.95,1712127053500000
33.95,1712127053750000
33.95,1712127054000000
33.95,1712127054250000
33.95,1712127054500000
33.95,1712127054750000
33.93,1712127055000000
33.93,1712127055250000
33.93,1712127055500000
33.93,1712127055750000
33.91,1712127056000000
33.91,1712127056250000
33.91,1712127056500000
33.91,1712127056750000
33.93,1712127057000000
33.93,1712127057250000
33.93,1712127057500000
33.93,1712127057750000
33.93,1712127058000000
33.93,1712127058250000
33.93,1712127058500000
33.93,1712127058750000
33.95,1712127059000000
33.95,1712127059250000
33.95,1712127059500000
33.95,1712127059750000
33.95,1712127060000000
33.95,1712127060250000
33.95,1712127060500000
33.95,1712127060750000
33.95,1712127061000000
33.95,1712127061250000
33.95,1712127061500000
33.95,1712127061750000
33.93,1712127062000000
33.93,1712127062250000
33.93,1712127062500000
33.93,1712127062750000
33.95,1712127063000000
33.95,1712127063250000
33.95,1712127063500000
33.95,1712127063750000
33.95,1712127064000000
33.95,1712127064250000
33.95,1712127064500000
33.95,1712127064750000
33.95,1712127065000000
33.95,1712127065250000
33.95,1712127065500000
33.95,1712127065750000
33.95,1712127066000000
33.95,1712127066250000
33.95,1712127066500000
33.95,1712127066750000
33.97,1712127067000000
33.97,1712127067250000
33.97,1712127067500000
33.97,1712127067750000
33.95,1712127068000000
33.95,1712127068250000
33.95,1712127068500000
33.95,1712127068750000
33.97,1712127069000000
33.97,1712127069250000
33.97,1712127069500000
33.97,1712127069750000
33.97,1712127070000000
33.97,1712127070250000
33.97,1712127070500000
33.97,1712127070750000
33.97,1712127071000000
33.97,1712127071250000
33.97,1712127071500000
33.97,1712127071750000
33.97,1712127072000000
33.97,1712127072250000
33.97,1712127072500000
33.97,1712127072750000
33.97,1712127073000000
33.97,1712127073250000
33.97,1712127073500000
33.97,1712127073750000
33.99,1712127074000000
33.99,1712127074250000
33.99,1712127074500000
33.99,1712127074750000
33.97,1712127075000000
33.97,1712127075250000
33.97,1712127075500000
33.97,1712127075750000
33.95,1712127076000000
33.95,1712127076250000
33.95,1712127076500000
33.95,1712127076750000
33.97,1712127077000000
33.97,1712127077250000
33.97,1712127077500000
33.97,1712127077750000
33.99,1712127078000000
33.99,1712127078250000
33.99,1712127078500000
33.99,1712127078750000
33.97,1712127079000000
33.97,1712127079250000
33.97,1712127079500000
33.97,1712127079750000
33.99,1712127080000000
33.99,1712127080250000
33.99,1712127080500000
33.99,1712127080750000
33.99,1712127081000000
33.99,1712127081250000
33.99,1712127081500000
33.99,1712127081750000
33.97,1712127082000000
33.97,1712127082250000
33.97,1712127082500000
33.97,1712127082750000
33.95,1712127083000000
33.95,1712127083250000
33.95,1712127083500000
33.95,1712127083750000
33.99,1712127084000000
33.99,1712127084250000
33.99,1712127084500000
33.99,1712127084750000
33.99,1712127085000000
33.99,1712127085250000
33.99,1712127085500000
33.99,1712127085750000
33.97,1712127086000000
33.97,1712127086250000
33.97,1712127086500000
33.97,1712127086750000
33.95,1712127087000000
33.95,1712127087250000
33.95,1712127087500000
33.95,1712127087750000
34.0,1712127088000000
34.0,1712127088250000
34.0,1712127088500000
34.0,1712127088750000
33.99,1712127089000000
33.99,1712127089250000
33.99,1712127089500000
33.99,1712127089750000
34.0,1712127090000000
34.0,1712127090250000
34.0,1712127090500000
34.0,1712127090750000
33.99,1712127091000000
33.99,1712127091250000
33.99,1712127091500000
33.99,1712127091750000
33.99,1712127092000000
33.99,1712127092250000
33.99,1712127092500000
33.99,1712127092750000
34.0,1712127093000000
34.0,1712127093250000
34.0,1712127093500000
34.0,1712127093750000
33.99,1712127094000000
33.99,1712127094250000
33.99,1712127094500000
33.99,1712127094750000
33.99,1712127095000000
33.99,1712127095250000
33.99,1712127095500000
33.99,1712127095750000
33.97,1712127096000000
33.97,1712127096250000
33.97,1712127096500000
33.97,1712127096750000
33.99,1712127097000000
33.99,1712127097250000
33.99,1712127097500000
33.99,1712127097750000
34.0,1712127098000000
34.0,1712127098250000
34.0,1712127098500000
34.0,1712127098750000
33.99,1712127099000000
33.99,1712127099250000
33.99,1712127099500000
33.99,1712127099750000
33.99,1712127100000000
33.99,1712127100250000
33.99,1712127100500000
33.99,1712127100750000
34.0,1712127101000000
34.0,1712127101250000
34.0,1712127101500000
34.0,1712127101750000
33.95,1712127102000000
33.95,1712127102250000
33.95,1712127102500000
33.95,1712127102750000
33.99,1712127103000000
33.99,1712127103250000
33.99,1712127103500000
33.99,1712127103750000
33.99,1712127104000000
33.99,1712127104250000
33.99,1712127104500000
33.99,1712127104750000
33.97,1712127105000000
33.97,1712127105250000
33.97,1712127105500000
33.97,1712127105750000
33.99,1712127106000000
33.99,1712127106250000
33.99,1712127106500000
33.99,1712127106750000
34.0,1712127107000000
34.0,1712127107250000
34.0,1712127107500000
34.0,1712127107750000
33.97,1712127108000000
33.97,1712127108250000
33.97,1712127108500000
33.97,1712127108750000
34.0,1712127109000000
34.0,1712127109250000
34.0,1712127109500000
34.0,1712127109750000
33.99,1712127110000000
33.99,1712127110250000
33.99,1712127110500000
33.99,1712127110750000
34.0,1712127111000000
34.0,1712127111250000
34.0,1712127111500000
34.0,1712127111750000
33.99,1712127112000000
33.99,1712127112250000
33.99,1712127112500000
33.99,1712127112750000
34.0,1712127113000000
34.0,1712127113250000
34.0,1712127113500000
34.0,1712127113750000
33.99,1712127114000000
33.99,1712127114250000
33.99,1712127114500000
33.99,1712127114750000
34.0,1712127115000000
34.0,1712127115250000
34.0,1712127115500000
34.0,1712127115750000
34.0,1712127116000000
34.0,1712127116250000
34.0,1712127116500000
34.0,1712127116750000
33.99,1712127117000000
33.99,1712127117250000
33.99,1712127117500000
33.99,1712127117750000
34.0,1712127118000000
34.0,1712127118250000
34.0,1712127118500000
34.0,1712127118750000
34.0,1712127119000000
34.0,1712127119250000
34.0,1712127119500000
34.0,1712127119750000
34.0,1712127120000000
34.0,1712127120250000
34.0,1712127120500000
34.0,1712127120750000
33.99,1712127121000000
33.99,1712127121250000
33.99,1712127121500000
33.99,1712127121750000
34.03,1712127122000000
34.03,1712127122250000
34.03,1712127122500000
34.03,1712127122750000
34.0,1712127123000000
34.0,1712127123250000
34.0,1712127123500000
34.0,1712127123750000
34.03,1712127124000000
34.03,1712127124250000
34.03,1712127124500000
34.03,1712127124750000
34.03,1712127125000000
34.03,1712127125250000
34.03,1712127125500000
34.03,1712127125750000
34.0,1712127126000000
34.0,1712127126250000
34.0,1712127126500000
34.0,1712127126750000
34.0,1712127127000000
34.0,1712127127250000
34.0,1712127127500000
34.0,1712127127750000
34.0,1712127128000000
34.0,1712127128250000
34.0,1712127128500000
34.0,1712127128750000
34.03,1712127129000000
34.03,1712127129250000
34.03,1712127129500000
34.03,1712127129750000
34.03,1712127130000000
34.03,1712127130250000
34.03,1712127130500000
34.03,1712127130750000
34.0,1712127131000000
34.0,1712127131250000
34.0,1712127131500000
34.0,1712127131750000
34.03,1712127132000000
34.03,1712127132250000
34.03,1712127132500000
34.03,1712127132750000
34.03,1712127133000000
34.03,1712127133250000
34.03,1712127133500000
34.03,1712127133750000
34.03,1712127134000000
34.03,1712127134250000
34.03,1712127134500000
34.03,1712127134750000
34.03,1712127135000000
34.03,1712127135250000
34.03,1712127135500000
34.03,1712127135750000
34.05,1712127136000000
34.05,1712127136250000
34.05,1712127136500000
34.05,1712127136750000
34.03,1712127137000000
34.03,1712127137250000
34.03,1712127137500000
34.03,1712127137750000
34.03,1712127138000000
34.03,1712127138250000
34.03,1712127138500000
34.03,1712127138750000
34.0,1712127139000000
34.0,1712127139250000
34.0,1712127139500000
34.0,1712127139750000
34.03,1712127140000000
34.03,1712127140250000
34.03,1712127140500000
34.03,1712127140750000
34.03,1712127141000000
34.03,1712127141250000
34.03,1712127141500000
34.03,1712127141750000
34.03,1712127142000000
34.03,1712127142250000
34.03,1712127142500000
34.03,1712127142750000
34.0,1712127143000000
34.0,1712127143250000
34.0,1712127143500000
34.0,1712127143750000
34.03,1712127144000000
34.03,1712127144250000
34.03,1712127144500000
34.03,1712127144750000
34.0,1712127145000000
34.0,1712127145250000
34.0,1712127145500000
34.0,1712127145750000
34.0,1712127146000000
34.0,1712127146250000
34.0,1712127146500000
34.0,1712127146750000
33.99,1712127147000000
33.99,1712127147250000
33.99,1712127147500000
33.99,1712127147750000
34.0,1712127148000000
34.0,1712127148250000
34.0,1712127148500000
34.0,1712127148750000
34.0,1712127149000000
34.0,1712127149250000
34.0,1712127149500000
34.0,1712127149750000
34.03,1712127150000000
34.03,1712127150250000
34.03,1712127150500000
34.03,1712127150750000
34.0,1712127151000000
34.0,1712127151250000
34.0,1712127151500000
34.0,1712127151750000
34.0,1712127152000000
34.0,1712127152250000
34.0,1712127152500000
34.0,1712127152750000
34.0,1712127153000000
34.0,1712127153250000
34.0,1712127153500000
34.0,1712127153750000
34.03,1712127154000000
34.03,1712127154250000
34.03,1712127154500000
34.03,1712127154750000
33.99,1712127155000000
33.99,1712127155250000
33.99,1712127155500000
33.99,1712127155750000
33.99,1712127156000000
33.99,1712127156250000
33.99,1712127156500000
33.99,1712127156750000
33.99,1712127157000000
33.99,1712127157250000
33.99,1712127157500000
33.99,1712127157750000
33.99,1712127158000000
33.99,1712127158250000
33.99,1712127158500000
33.99,1712127158750000
34.0,1712127159000000
34.0,1712127159250000
34.0,1712127159500000
34.0,1712127159750000
34.03,1712127160000000
34.03,1712127160250000
34.03,1712127160500000
34.03,1712127160750000
34.0,1712127161000000
34.0,1712127161250000
34.0,1712127161500000
34.0,1712127161750000
33.99,1712127162000000
33.99,1712127162250000
33.99,1712127162500000
33.99,1712127162750000
33.99,1712127163000000
33.99,1712127163250000
33.99,1712127163500000
33.99,1712127163750000
34.0,1712127164000000
34.0,1712127164250000
34.0,1712127164500000
34.0,1712127164750000
34.0,1712127165000000
34.0,1712127165250000
34.0,1712127165500000
34.0,1712127165750000
34.03,1712127166000000
34.03,1712127166250000
34.03,1712127166500000
34.03,1712127166750000
33.99,1712127167000000
33.99,1712127167250000
33.99,1712127167500000
33.99,1712127167750000
33.99,1712127168000000
33.99,1712127168250000
33.99,1712127168500000
33.99,1712127168750000
33.99,1712127169000000
33.99,1712127169250000
33.99,1712127169500000
33.99,1712127169750000
33.99,1712127170000000
33.99,1712127170250000
33.99,1712127170500000
33.99,1712127170750000
33.99,1712127171000000
33.99,1712127171250000
33.99,1712127171500000
33.99,1712127171750000
34.0,1712127172000000
34.0,1712127172250000
34.0,1712127172500000
34.0,1712127172750000
34.0,1712127173000000
34.0,1712127173250000
34.0,1712127173500000
34.0,1712127173750000
34.0,1712127174000000
34.0,1712127174250000
34.0,1712127174500000
34.0,1712127174750000
33.99,1712127175000000
33.99,1712127175250000
33.99,1712127175500000
33.99,1712127175750000
33.99,1712127176000000
33.99,1712127176250000
33.99,1712127176500000
33.99,1712127176750000
33.99,1712127177000000
33.99,1712127177250000
33.99,1712127177500000
33.99,1712127177750000
33.99,1712127178000000
33.99,1712127178250000
33.99,1712127178500000
33.99,1712127178750000
33.97,1712127179000000
33.97,1712127179250000
33.97,1712127179500000
33.97,1712127179750000
33.97,1712127180000000
33.97,1712127180250000
33.97,1712127180500000
33.97,1712127180750000
33.99,1712127181000000
33.99,1712127181250000
33.99,1712127181500000
33.99,1712127181750000
33.99,1712127182000000
33.99,1712127182250000
33.99,1712127182500000
33.99,1712127182750000
33.99,1712127183000000
33.99,1712127183250000
33.99,1712127183500000
33.99,1712127183750000
33.99,1712127184000000
33.99,1712127184250000
33.99,1712127184500000
33.99,1712127184750000
33.99,1712127185000000
33.99,1712127185250000
33.99,1712127185500000
33.99,1712127185750000
33.97,1712127186000000
33.97,1712127186250000
33.97,1712127186500000
33.97,1712127186750000
33.97,1712127187000000
33.97,1712127187250000
33.97,1712127187500000
33.97,1712127187750000
33.97,1712127188000000
33.97,1712127188250000
33.97,1712127188500000
33.97,1712127188750000
33.97,1712127189000000
33.97,1712127189250000
33.97,1712127189500000
33.97,1712127189750000
33.97,1712127190000000
33.97,1712127190250000
33.97,1712127190500000
33.97,1712127190750000
33.97,1712127191000000
33.97,1712127191250000
33.97,1712127191500000
33.97,1712127191750000
33.97,1712127192000000
33.97,1712127192250000
33.97,1712127192500000
33.97,1712127192750000
33.97,1712127193000000
33.97,1712127193250000
33.97,1712127193500000
33.97,1712127193750000
33.99,1712127194000000
33.99,1712127194250000
33.99,1712127194500000
33.99,1712127194750000
33.95,1712127195000000
33.95,1712127195250000
33.95,1712127195500000
33.95,1712127195750000
33.97,1712127196000000
33.97,1712127196250000
33.97,1712127196500000
33.97,1712127196750000
33.97,1712127197000000
33.97,1712127197250000
33.97,1712127197500000
33.97,1712127197750000
33.99,1712127198000000
33.99,1712127198250000
33.99,1712127198500000
33.99,1712127198750000
33.97,1712127199000000
33.97,1712127199250000
33.97,1712127199500000
33.97,1712127199750000
33.97,1712127200000000
33.97,1712127200250000
33.97,1712127200500000
33.97,1712127200750000
33.99,1712127201000000
33.99,1712127201250000
33.99,1712127201500000
33.99,1712127201750000
33.97,1712127202000000
33.97,1712127202250000
33.97,1712127202500000
33.97,1712127202750000
33.97,1712127203000000
33.97,1712127203250000
33.97,1712127203500000
33.97,1712127203750000
33.95,1712127204000000
33.95,1712127204250000
33.95,1712127204500000
33.95,1712127204750000
33.97,1712127205000000
33.97,1712127205250000
33.97,1712127205500000
33.97,1712127205750000
33.99,1712127206000000
33.99,1712127206250000
33.99,1712127206500000
33.99,1712127206750000
33.97,1712127207000000
33.97,1712127207250000
33.97,1712127207500000
33.97,1712127207750000
33.97,1712127208000000
33.97,1712127208250000
33.97,1712127208500000
33.97,1712127208750000
34.0,1712127209000000
34.0,1712127209250000
34.0,1712127209500000
34.0,1712127209750000
33.99,1712127210000000
33.99,1712127210250000
33.99,1712127210500000
33.99,1712127210750000
33.99,1712127211000000
33.99,1712127211250000
33.99,1712127211500000
33.99,1712127211750000
33.97,1712127212000000
33.97,1712127212250000
33.97,1712127212500000
33.97,1712127212750000
34.0,1712127213000000
34.0,1712127213250000
34.0,1712127213500000
34.0,1712127213750000
33.97,1712127214000000
33.97,1712127214250000
33.97,1712127214500000
33.97,1712127214750000
33.99,1712127215000000
33.99,1712127215250000
33.99,1712127215500000
33.99,1712127215750000
33.99,1712127216000000
33.99,1712127216250000
33.99,1712127216500000
33.99,1712127216750000
33.97,1712127217000000
33.97,1712127217250000
33.97,1712127217500000
33.97,1712127217750000
33.99,1712127218000000
33.99,1712127218250000
33.99,1712127218500000
33.99,1712127218750000
33.99,1712127219000000
33.99,1712127219250000
33.99,1712127219500000
33.99,1712127219750000
33.99,1712127220000000
33.99,1712127220250000
33.99,1712127220500000
33.99,1712127220750000
33.99,1712127221000000
33.99,1712127221250000
33.99,1712127221500000
33.99,1712127221750000
33.97,1712127222000000
33.97,1712127222250000
33.97,1712127222500000
33.97,1712127222750000
33.97,1712127223000000
33.97,1712127223250000
33.97,1712127223500000
33.97,1712127223750000
33.99,1712127224000000
33.99,1712127224250000
33.99,1712127224500000
33.99,1712127224750000
33.99,1712127225000000
33.99,1712127225250000
33.99,1712127225500000
33.99,1712127225750000
33.99,1712127226000000
33.99,1712127226250000
33.99,1712127226500000
33.99,1712127226750000
33.97,1712127227000000
33.97,1712127227250000
33.97,1712127227500000
33.97,1712127227750000
34.0,1712127228000000
34.0,1712127228250000
34.0,1712127228500000
34.0,1712127228750000
33.99,1712127229000000
33.99,1712127229250000
33.99,1712127229500000
33.99,1712127229750000
33.99,1712127230000000
33.99,1712127230250000
33.99,1712127230500000
33.99,1712127230750000
33.97,1712127231000000
33.97,1712127231250000
33.97,1712127231500000
33.97,1712127231750000
33.99,1712127232000000
33.99,1712127232250000
33.99,1712127232500000
33.99,1712127232750000
33.97,1712127233000000
33.97,1712127233250000
33.97,1712127233500000
33.97,1712127233750000
33.95,1712127234000000
33.95,1712127234250000
33.95,1712127234500000
33.95,1712127234750000
33.95,1712127235000000
33.95,1712127235250000
33.95,1712127235500000
33.95,1712127235750000
33.95,1712127236000000
33.95,1712127236250000
33.95,1712127236500000
33.95,1712127236750000
33.95,1712127237000000
33.95,1712127237250000
33.95,1712127237500000
33.95,1712127237750000
33.93,1712127238000000
33.93,1712127238250000
33.93,1712127238500000
33.93,1712127238750000
33.93,1712127239000000
33.93,1712127239250000
33.93,1712127239500000
33.93,1712127239750000
33.95,1712127240000000
33.95,1712127240250000
33.95,1712127240500000
33.95,1712127240750000
33.93,1712127241000000
33.93,1712127241250000
33.93,1712127241500000
33.93,1712127241750000
33.93,1712127242000000
33.93,1712127242250000
33.93,1712127242500000
33.93,1712127242750000
33.93,1712127243000000
33.93,1712127243250000
33.93,1712127243500000
33.93,1712127243750000
33.93,1712127244000000
33.93,1712127244250000
33.93,1712127244500000
33.93,1712127244750000
33.91,1712127245000000
33.91,1712127245250000
33.91,1712127245500000
33.91,1712127245750000
33.91,1712127246000000
33.91,1712127246250000
33.91,1712127246500000
33.91,1712127246750000
33.91,1712127247000000
33.91,1712127247250000
33.91,1712127247500000
33.91,1712127247750000
33.91,1712127248000000
33.91,1712127248250000
33.91,1712127248500000
33.91,1712127248750000
33.89,1712127249000000
33.89,1712127249250000
33.89,1712127249500000
33.89,1712127249750000
33.87,1712127250000000
33.87,1712127250250000
33.87,1712127250500000
33.87,1712127250750000
33.87,1712127251000000
33.87,1712127251250000
33.87,1712127251500000
33.87,1712127251750000
33.89,1712127252000000
33.89,1712127252250000
33.89,1712127252500000
33.89,1712127252750000
33.89,1712127253000000
33.89,1712127253250000
33.89,1712127253500000
33.89,1712127253750000
33.87,1712127254000000
33.87,1712127254250000
33.87,1712127254500000
33.87,1712127254750000
33.84,1712127255000000
33.84,1712127255250000
33.84,1712127255500000
33.84,1712127255750000
33.84,1712127256000000
33.84,1712127256250000
33.84,1712127256500000
33.84,1712127256750000
33.87,1712127257000000
33.87,1712127257250000
33.87,1712127257500000
33.87,1712127257750000
33.84,1712127258000000
33.84,1712127258250000
33.84,1712127258500000
33.84,1712127258750000
33.87,1712127259000000
33.87,1712127259250000
33.87,1712127259500000
33.87,1712127259750000
33.84,1712127260000000
33.84,1712127260250000
33.84,1712127260500000
33.84,1712127260750000
33.87,1712127261000000
33.87,1712127261250000
33.87,1712127261500000
33.87,1712127261750000
33.84,1712127262000000
33.84,1712127262250000
33.84,1712127262500000
33.84,1712127262750000
33.83,1712127263000000
33.83,1712127263250000
33.83,1712127263500000
33.83,1712127263750000
33.83,1712127264000000
33.83,1712127264250000
33.83,1712127264500000
33.83,1712127264750000
33.83,1712127265000000
33.83,1712127265250000
33.83,1712127265500000
33.83,1712127265750000
33.84,1712127266000000
33.84,1712127266250000
33.84,1712127266500000
33.84,1712127266750000
33.84,1712127267000000
33.84,1712127267250000
33.84,1712127267500000
33.84,1712127267750000
33.83,1712127268000000
33.83,1712127268250000
33.83,1712127268500000
33.83,1712127268750000
33.84,1712127269000000
33.84,1712127269250000
33.84,1712127269500000
33.84,1712127269750000
33.83,1712127270000000
33.83,1712127270250000
33.83,1712127270500000
33.83,1712127270750000
33.81,1712127271000000
33.81,1712127271250000
33.81,1712127271500000
33.81,1712127271750000
33.83,1712127272000000
33.83,1712127272250000
33.83,1712127272500000
33.83,1712127272750000
33.81,1712127273000000
33.81,1712127273250000
33.81,1712127273500000
33.81,1712127273750000
33.83,1712127274000000
33.83,1712127274250000
33.83,1712127274500000
33.83,1712127274750000
33.81,1712127275000000
33.81,1712127275250000
33.81,1712127275500000
33.81,1712127275750000
33.83,1712127276000000
33.83,1712127276250000
33.83,1712127276500000
33.83,1712127276750000
33.81,1712127277000000
33.81,1712127277250000
33.81,1712127277500000
33.81,1712127277750000
33.79,1712127278000000
33.79,1712127278250000
33.79,1712127278500000
33.79,1712127278750000
33.81,1712127279000000
33.81,1712127279250000
33.81,1712127279500000
33.81,1712127279750000
33.81,1712127280000000
33.81,1712127280250000
33.81,1712127280500000
33.81,1712127280750000
33.83,1712127281000000
33.83,1712127281250000
33.83,1712127281500000
33.83,1712127281750000
33.79,1712127282000000
33.79,1712127282250000
33.79,1712127282500000
33.79,1712127282750000
33.83,1712127283000000
33.83,1712127283250000
33.83,1712127283500000
33.83,1712127283750000
33.81,1712127284000000
33.81,1712127284250000
33.81,1712127284500000
33.81,1712127284750000
33.81,1712127285000000
33.81,1712127285250000
33.81,1712127285500000
33.81,1712127285750000
33.83,1712127286000000
33.83,1712127286250000
33.83,1712127286500000
33.83,1712127286750000
33.79,1712127287000000
33.79,1712127287250000
33.79,1712127287500000
33.79,1712127287750000
33.81,1712127288000000
33.81,1712127288250000
33.81,1712127288500000
33.81,1712127288750000
33.81,1712127289000000
33.81,1712127289250000
33.81,1712127289500000
33.81,1712127289750000
33.81,1712127290000000
33.81,1712127290250000
33.81,1712127290500000
33.81,1712127290750000
33.81,1712127291000000
33.81,1712127291250000
33.81,1712127291500000
33.81,1712127291750000
33.81,1712127292000000
33.81,1712127292250000
33.81,1712127292500000
33.81,1712127292750000
33.81,1712127293000000
33.81,1712127293250000
33.81,1712127293500000
33.81,1712127293750000
33.79,1712127294000000
33.79,1712127294250000
33.79,1712127294500000
33.79,1712127294750000
33.79,1712127295000000
33.79,1712127295250000
33.79,1712127295500000
33.79,1712127295750000
33.79,1712127296000000
33.79,1712127296250000
33.79,1712127296500000
33.79,1712127296750000
33.81,1712127297000000
33.81,1712127297250000
33.81,1712127297500000
33.81,1712127297750000
33.79,1712127298000000
33.79,1712127298250000
33.79,1712127298500000
33.79,1712127298750000
33.79,1712127299000000
33.79,1712127299250000
33.79,1712127299500000
33.79,1712127299750000
33.81,1712127300000000
33.81,1712127300250000
33.81,1712127300500000
33.81,1712127300750000
33.77,1712127301000000
33.77,1712127301250000
33.77,1712127301500000
33.77,1712127301750000
33.79,1712127302000000
33.79,1712127302250000
33.79,1712127302500000
33.79,1712127302750000
33.77,1712127303000000
33.77,1712127303250000
33.77,1712127303500000
33.77,1712127303750000
33.77,1712127304000000
33.77,1712127304250000
33.77,1712127304500000
33.77,1712127304750000
33.81,1712127305000000
33.81,1712127305250000
33.81,1712127305500000
33.81,1712127305750000
33.79,1712127306000000
33.79,1712127306250000
33.79,1712127306500000
33.79,1712127306750000
33.77,1712127307000000
33.77,1712127307250000
33.77,1712127307500000
33.77,1712127307750000
33.79,1712127308000000
33.79,1712127308250000
33.79,1712127308500000
33.79,1712127308750000
33.79,1712127309000000
33.79,1712127309250000
33.79,1712127309500000
33.79,1712127309750000
33.77,1712127310000000
33.77,1712127310250000
33.77,1712127310500000
33.77,1712127310750000
33.81,1712127311000000
33.81,1712127311250000
33.81,1712127311500000
33.81,1712127311750000
33.77,1712127312000000
33.77,1712127312250000
33.77,1712127312500000
33.77,1712127312750000
33.77,1712127313000000
33.77,1712127313250000
33.77,1712127313500000
33.77,1712127313750000
33.77,1712127314000000
33.77,1712127314250000
33.77,1712127314500000
33.77,1712127314750000
33.77,1712127315000000
33.77,1712127315250000
33.77,1712127315500000
33.77,1712127315750000
33.77,1712127316000000
33.77,1712127316250000
33.77,1712127316500000
33.77,1712127316750000
33.77,1712127317000000
33.77,1712127317250000
33.77,1712127317500000
33.77,1712127317750000
33.77,1712127318000000
33.77,1712127318250000
33.77,1712127318500000
33.77,1712127318750000
33.77,1712127319000000
33.77,1712127319250000
33.77,1712127319500000
33.77,1712127319750000
33.75,1712127320000000
33.75,1712127320250000
33.75,1712127320500000
33.75,1712127320750000
33.77,1712127321000000
33.77,1712127321250000
33.77,1712127321500000
33.77,1712127321750000
33.75,1712127322000000
33.75,1712127322250000
33.75,1712127322500000
33.75,1712127322750000
33.75,1712127323000000
33.75,1712127323250000
33.75,1712127323500000
33.75,1712127323750000
33.75,1712127324000000
33.75,1712127324250000
33.75,1712127324500000
33.75,1712127324750000
33.75,1712127325000000
33.75,1712127325250000
33.75,1712127325500000
33.75,1712127325750000
33.75,1712127326000000
33.75,1712127326250000
33.75,1712127326500000
33.75,1712127326750000
33.75,1712127327000000
33.75,1712127327250000
33.75,1712127327500000
33.75,1712127327750000
33.75,1712127328000000
33.75,1712127328250000
33.75,1712127328500000
33.75,1712127328750000
33.75,1712127329000000
33.75,1712127329250000
33.75,1712127329500000
33.75,1712127329750000
33.75,1712127330000000
33.75,1712127330250000
33.75,1712127330500000
33.75,1712127330750000
33.75,1712127331000000
33.75,1712127331250000
33.75,1712127331500000
33.75,1712127331750000
33.73,1712127332000000
33.73,1712127332250000
33.73,1712127332500000
33.73,1712127332750000
33.75,1712127333000000
33.75,1712127333250000
33.75,1712127333500000
33.75,1712127333750000
33.73,1712127334000000
33.73,1712127334250000
33.73,1712127334500000
33.73,1712127334750000
33.77,1712127335000000
33.77,1712127335250000
33.77,1712127335500000
33.77,1712127335750000
33.75,1712127336000000
33.75,1712127336250000
33.75,1712127336500000
33.75,1712127336750000
33.73,1712127337000000
33.73,1712127337250000
33.73,1712127337500000
33.73,1712127337750000
33.75,1712127338000000
33.75,1712127338250000
33.75,1712127338500000
33.75,1712127338750000
33.75,1712127339000000
33.75,1712127339250000
33.75,1712127339500000
33.75,1712127339750000
33.73,1712127340000000
33.73,1712127340250000
33.73,1712127340500000
33.73,1712127340750000
33.75,1712127341000000
33.75,1712127341250000
33.75,1712127341500000
33.75,1712127341750000
33.75,1712127342000000
33.75,1712127342250000
33.75,1712127342500000
33.75,1712127342750000
33.77,1712127343000000
33.77,1712127343250000
33.77,1712127343500000
33.77,1712127343750000
33.73,1712127344000000
33.73,1712127344250000
33.73,1712127344500000
33.73,1712127344750000
33.75,1712127345000000
33.75,1712127345250000
33.75,1712127345500000
33.75,1712127345750000
33.75,1712127346000000
33.75,1712127346250000
33.75,1712127346500000
33.75,1712127346750000
33.75,1712127347000000
33.75,1712127347250000
33.75,1712127347500000
33.75,1712127347750000
33.75,1712127348000000
33.75,1712127348250000
33.75,1712127348500000
33.75,1712127348750000
33.73,1712127349000000
33.73,1712127349250000
33.73,1712127349500000
33.73,1712127349750000
33.75,1712127350000000
33.75,1712127350250000
33.75,1712127350500000
33.75,1712127350750000
33.73,1712127351000000
33.73,1712127351250000
33.73,1712127351500000
33.73,1712127351750000
33.75,1712127352000000
33.75,1712127352250000
33.75,1712127352500000
33.75,1712127352750000
33.75,1712127353000000
33.75,1712127353250000
33.75,1712127353500000
33.75,1712127353750000
33.73,1712127354000000
33.73,1712127354250000
33.73,1712127354500000
33.73,1712127354750000
33.75,1712127355000000
33.75,1712127355250000
33.75,1712127355500000
33.75,1712127355750000
33.75,1712127356000000
33.75,1712127356250000
33.75,1712127356500000
33.75,1712127356750000
33.75,1712127357000000
33.75,1712127357250000
33.75,1712127357500000
33.75,1712127357750000
33.73,1712127358000000
33.73,1712127358250000
33.73,1712127358500000
33.73,1712127358750000
33.73,1712127359000000
33.73,1712127359250000
33.73,1712127359500000
33.73,1712127359750000
33.73,1712127360000000
33.73,1712127360250000
33.73,1712127360500000
33.73,1712127360750000
33.71,1712127361000000
33.71,1712127361250000
33.71,1712127361500000
33.71,1712127361750000
33.73,1712127362000000
33.73,1712127362250000
33.73,1712127362500000
33.73,1712127362750000
33.71,1712127363000000
33.71,1712127363250000
33.71,1712127363500000
33.71,1712127363750000
33.73,1712127364000000
33.73,1712127364250000
33.73,1712127364500000
33.73,1712127364750000
33.73,1712127365000000
33.73,1712127365250000
33.73,1712127365500000
33.73,1712127365750000
33.71,1712127366000000
33.71,1712127366250000
33.71,1712127366500000
33.71,1712127366750000
33.71,1712127367000000
33.71,1712127367250000
33.71,1712127367500000
33.71,1712127367750000
33.71,1712127368000000
33.71,1712127368250000
33.71,1712127368500000
33.71,1712127368750000
33.73,1712127369000000
33.73,1712127369250000
33.73,1712127369500000
33.73,1712127369750000
33.73,1712127370000000
33.73,1712127370250000
33.73,1712127370500000
33.73,1712127370750000
33.75,1712127371000000
33.75,1712127371250000
33.75,1712127371500000
33.75,1712127371750000
33.73,1712127372000000
33.73,1712127372250000
33.73,1712127372500000
33.73,1712127372750000
33.75,1712127373000000
33.75,1712127373250000
33.75,1712127373500000
33.75,1712127373750000
33.71,1712127374000000
33.71,1712127374250000
33.71,1712127374500000
33.71,1712127374750000
33.73,1712127375000000
33.73,1712127375250000
33.73,1712127375500000
33.73,1712127375750000
33.73,1712127376000000
33.73,1712127376250000
33.73,1712127376500000
33.73,1712127376750000
33.73,1712127377000000
33.73,1712127377250000
33.73,1712127377500000
33.73,1712127377750000
33.71,1712127378000000
33.71,1712127378250000
33.71,1712127378500000
33.71,1712127378750000
33.73,1712127379000000
33.73,1712127379250000
33.73,1712127379500000
33.73,1712127379750000
33.73,1712127380000000
33.73,1712127380250000
33.73,1712127380500000
33.73,1712127380750000
33.73,1712127381000000
33.73,1712127381250000
33.73,1712127381500000
33.73,1712127381750000
33.75,1712127382000000
33.75,1712127382250000
33.75,1712127382500000
33.75,1712127382750000
33.73,1712127383000000
33.73,1712127383250000
33.73,1712127383500000
33.73,1712127383750000
33.73,1712127384000000
33.73,1712127384250000
33.73,1712127384500000
33.73,1712127384750000
33.71,1712127385000000
33.71,1712127385250000
33.71,1712127385500000
33.71,1712127385750000
33.71,1712127386000000
33.71,1712127386250000
33.71,1712127386500000
33.71,1712127386750000
33.73,1712127387000000
33.73,1712127387250000
33.73,1712127387500000
33.73,1712127387750000
33.73,1712127388000000
33.73,1712127388250000
33.73,1712127388500000
33.73,1712127388750000
33.71,1712127389000000
33.71,1712127389250000
33.71,1712127389500000
33.71,1712127389750000
33.71,1712127390000000
33.71,1712127390250000
33.71,1712127390500000
33.71,1712127390750000
33.75,1712127391000000
33.75,1712127391250000
33.75,1712127391500000
33.75,1712127391750000
33.71,1712127392000000
33.71,1712127392250000
33.71,1712127392500000
33.71,1712127392750000
33.68,1712127393000000
33.68,1712127393250000
33.68,1712127393500000
33.68,1712127393750000
33.73,1712127394000000
33.73,1712127394250000
33.73,1712127394500000
33.73,1712127394750000
33.73,1712127395000000
33.73,1712127395250000
33.73,1712127395500000
33.73,1712127395750000
33.71,1712127396000000
33.71,1712127396250000
33.71,1712127396500000
33.71,1712127396750000
33.71,1712127397000000
33.71,1712127397250000
33.71,1712127397500000
33.71,1712127397750000
33.71,1712127398000000
33.71,1712127398250000
33.71,1712127398500000
33.71,1712127398750000
33.71,1712127399000000
33.71,1712127399250000
33.71,1712127399500000
33.71,1712127399750000
33.73,1712127400000000
33.73,1712127400250000
33.73,1712127400500000
33.73,1712127400750000
33.71,1712127401000000
33.71,1712127401250000
33.71,1712127401500000
33.71,1712127401750000
33.73,1712127402000000
33.73,1712127402250000
33.73,1712127402500000
33.73,1712127402750000
33.73,1712127403000000
33.73,1712127403250000
33.73,1712127403500000
33.73,1712127403750000
33.71,1712127404000000
33.71,1712127404250000
33.71,1712127404500000
33.71,1712127404750000
33.71,1712127405000000
33.71,1712127405250000
33.71,1712127405500000
33.71,1712127405750000
33.73,1712127406000000
33.73,1712127406250000
33.73,1712127406500000
33.73,1712127406750000
33.71,1712127407000000
33.71,1712127407250000
33.71,1712127407500000
33.71,1712127407750000
33.68,1712127408000000
33.68,1712127408250000
33.68,1712127408500000
33.68,1712127408750000
33.71,1712127409000000
33.71,1712127409250000
33.71,1712127409500000
33.71,1712127409750000
33.68,1712127410000000
33.68,1712127410250000
33.68,1712127410500000
33.68,1712127410750000
33.68,1712127411000000
33.68,1712127411250000
33.68,1712127411500000
33.68,1712127411750000
33.68,1712127412000000
33.68,1712127412250000
33.68,1712127412500000
33.68,1712127412750000
33.68,1712127413000000
33.68,1712127413250000
33.68,1712127413500000
33.68,1712127413750000
33.68,1712127414000000
33.68,1712127414250000
33.68,1712127414500000
33.68,1712127414750000
33.68,1712127415000000
33.68,1712127415250000
33.68,1712127415500000
33.68,1712127415750000
33.68,1712127416000000
33.68,1712127416250000
33.68,1712127416500000
33.68,1712127416750000
33.71,1712127417000000
33.71,1712127417250000
33.71,1712127417500000
33.71,1712127417750000
33.66,1712127418000000
33.66,1712127418250000
33.66,1712127418500000
33.66,1712127418750000
33.68,1712127419000000
33.68,1712127419250000
33.68,1712127419500000
33.68,1712127419750000
33.71,1712127420000000
33.71,1712127420250000
33.71,1712127420500000
33.71,1712127420750000
33.66,1712127421000000
33.66,1712127421250000
33.66,1712127421500000
33.66,1712127421750000
33.65,1712127422000000
33.65,1712127422250000
33.65,1712127422500000
33.65,1712127422750000
33.66,1712127423000000
33.66,1712127423250000
33.66,1712127423500000
33.66,1712127423750000
33.66,1712127424000000
33.66,1712127424250000
33.66,1712127424500000
33.66,1712127424750000
33.66,1712127425000000
33.66,1712127425250000
33.66,1712127425500000
33.66,1712127425750000
33.66,1712127426000000
33.66,1712127426250000
33.66,1712127426500000
33.66,1712127426750000
33.68,1712127427000000
33.68,1712127427250000
33.68,1712127427500000
33.68,1712127427750000
33.68,1712127428000000
33.68,1712127428250000
33.68,1712127428500000
33.68,1712127428750000
33.68,1712127429000000
33.68,1712127429250000
33.68,1712127429500000
33.68,1712127429750000
33.66,1712127430000000
33.66,1712127430250000
33.66,1712127430500000
33.66,1712127430750000
33.66,1712127431000000
33.66,1712127431250000
33.66,1712127431500000
33.66,1712127431750000
33.66,1712127432000000
33.66,1712127432250000
33.66,1712127432500000
33.66,1712127432750000
33.66,1712127433000000
33.66,1712127433250000
33.66,1712127433500000
33.66,1712127433750000
33.66,1712127434000000
33.66,1712127434250000
33.66,1712127434500000
33.66,1712127434750000
33.66,1712127435000000
33.66,1712127435250000
33.66,1712127435500000
33.66,1712127435750000
33.66,1712127436000000
33.66,1712127436250000
33.66,1712127436500000
33.66,1712127436750000
33.66,1712127437000000
33.66,1712127437250000
33.66,1712127437500000
33.66,1712127437750000
33.65,1712127438000000
33.65,1712127438250000
33.65,1712127438500000
33.65,1712127438750000
33.66,1712127439000000
33.66,1712127439250000
33.66,1712127439500000
33.66,1712127439750000
33.66,1712127440000000
33.66,1712127440250000
33.66,1712127440500000
33.66,1712127440750000
33.66,1712127441000000
33.66,1712127441250000
33.66,1712127441500000
33.66,1712127441750000
33.65,1712127442000000
33.65,1712127442250000
33.65,1712127442500000
33.65,1712127442750000
33.66,1712127443000000
33.66,1712127443250000
33.66,1712127443500000
33.66,1712127443750000
33.65,1712127444000000
33.65,1712127444250000
33.65,1712127444500000
33.65,1712127444750000
33.66,1712127445000000
33.66,1712127445250000
33.66,1712127445500000
33.66,1712127445750000
33.66,1712127446000000
33.66,1712127446250000
33.66,1712127446500000
33.66,1712127446750000
33.66,1712127447000000
33.66,1712127447250000
33.66,1712127447500000
33.66,1712127447750000
33.65,1712127448000000
33.65,1712127448250000
33.65,1712127448500000
33.65,1712127448750000
33.66,1712127449000000
33.66,1712127449250000
33.66,1712127449500000
33.66,1712127449750000
33.65,1712127450000000
33.65,1712127450250000
33.65,1712127450500000
33.65,1712127450750000
33.65,1712127451000000
33.65,1712127451250000
33.65,1712127451500000
33.65,1712127451750000
33.65,1712127452000000
33.65,1712127452250000
33.65,1712127452500000
33.65,1712127452750000
33.65,1712127453000000
33.65,1712127453250000
33.65,1712127453500000
33.65,1712127453750000
33.65,1712127454000000
33.65,1712127454250000
33.65,1712127454500000
33.65,1712127454750000
33.66,1712127455000000
33.66,1712127455250000
33.66,1712127455500000
33.66,1712127455750000
33.65,1712127456000000
33.65,1712127456250000
33.65,1712127456500000
33.65,1712127456750000
33.65,1712127457000000
33.65,1712127457250000
33.65,1712127457500000
33.65,1712127457750000
33.65,1712127458000000
33.65,1712127458250000
33.65,1712127458500000
33.65,1712127458750000
33.65,1712127459000000
33.65,1712127459250000
33.65,1712127459500000
33.65,1712127459750000
33.65,1712127460000000
33.65,1712127460250000
33.65,1712127460500000
33.65,1712127460750000
33.65,1712127461000000
33.65,1712127461250000
33.65,1712127461500000
33.65,1712127461750000
33.65,1712127462000000
33.65,1712127462250000
33.65,1712127462500000
33.65,1712127462750000
33.65,1712127463000000
33.65,1712127463250000
33.65,1712127463500000
33.65,1712127463750000
33.63,1712127464000000
33.63,1712127464250000
33.63,1712127464500000
33.63,1712127464750000
33.65,1712127465000000
33.65,1712127465250000
33.65,1712127465500000
33.65,1712127465750000
33.65,1712127466000000
33.65,1712127466250000
33.65,1712127466500000
33.65,1712127466750000
33.65,1712127467000000
33.65,1712127467250000
33.65,1712127467500000
33.65,1712127467750000
33.65,1712127468000000
33.65,1712127468250000
33.65,1712127468500000
33.65,1712127468750000
33.65,1712127469000000
33.65,1712127469250000
33.65,1712127469500000
33.65,1712127469750000
33.65,1712127470000000
33.65,1712127470250000
33.65,1712127470500000
33.65,1712127470750000
33.65,1712127471000000
33.65,1712127471250000
33.65,1712127471500000
33.65,1712127471750000
33.63,1712127472000000
33.63,1712127472250000
33.63,1712127472500000
33.63,1712127472750000
33.65,1712127473000000
33.65,1712127473250000
33.65,1712127473500000
33.65,1712127473750000
33.65,1712127474000000
33.65,1712127474250000
33.65,1712127474500000
33.65,1712127474750000
33.66,1712127475000000
33.66,1712127475250000
33.66,1712127475500000
33.66,1712127475750000
33.65,1712127476000000
33.65,1712127476250000
33.65,1712127476500000
33.65,1712127476750000
33.65,1712127477000000
33.65,1712127477250000
33.65,1712127477500000
33.65,1712127477750000
33.63,1712127478000000
33.63,1712127478250000
33.63,1712127478500000
33.63,1712127478750000
33.63,1712127479000000
33.63,1712127479250000
33.63,1712127479500000
33.63,1712127479750000
33.65,1712127480000000
33.65,1712127480250000
33.65,1712127480500000
33.65,1712127480750000
33.65,1712127481000000
33.65,1712127481250000
33.65,1712127481500000
33.65,1712127481750000
33.63,1712127482000000
33.63,1712127482250000
33.63,1712127482500000
33.63,1712127482750000
33.63,1712127483000000
33.63,1712127483250000
33.63,1712127483500000
33.63,1712127483750000
33.63,1712127484000000
33.63,1712127484250000
33.63,1712127484500000
33.63,1712127484750000
33.63,1712127485000000
33.63,1712127485250000
33.63,1712127485500000
33.63,1712127485750000
33.61,1712127486000000
33.61,1712127486250000
33.61,1712127486500000
33.61,1712127486750000
33.61,1712127487000000
33.61,1712127487250000
33.61,1712127487500000
33.61,1712127487750000
33.63,1712127488000000
33.63,1712127488250000
33.63,1712127488500000
33.63,1712127488750000
33.63,1712127489000000
33.63,1712127489250000
33.63,1712127489500000
33.63,1712127489750000
33.63,1712127490000000
33.63,1712127490250000
33.63,1712127490500000
33.63,1712127490750000
33.61,1712127491000000
33.61,1712127491250000
33.61,1712127491500000
33.61,1712127491750000
33.61,1712127492000000
33.61,1712127492250000
33.61,1712127492500000
33.61,1712127492750000
33.65,1712127493000000
33.65,1712127493250000
33.65,1712127493500000
33.65,1712127493750000
33.63,1712127494000000
33.63,1712127494250000
33.63,1712127494500000
33.63,1712127494750000
33.63,1712127495000000
33.63,1712127495250000
33.63,1712127495500000
33.63,1712127495750000
33.61,1712127496000000
33.61,1712127496250000
33.61,1712127496500000
33.61,1712127496750000
33.63,1712127497000000
33.63,1712127497250000
33.63,1712127497500000
33.63,1712127497750000
33.61,1712127498000000
33.61,1712127498250000
33.61,1712127498500000
33.61,1712127498750000
33.61,1712127499000000
33.61,1712127499250000
33.61,1712127499500000
33.61,1712127499750000
33.61,1712127500000000
33.61,1712127500250000
33.61,1712127500500000
33.61,1712127500750000
33.61,1712127501000000
33.61,1712127501250000
33.61,1712127501500000
33.61,1712127501750000
33.61,1712127502000000
33.61,1712127502250000
33.61,1712127502500000
33.61,1712127502750000
33.63,1712127503000000
33.63,1712127503250000
33.63,1712127503500000
33.63,1712127503750000
33.61,1712127504000000
33.61,1712127504250000
33.61,1712127504500000
33.61,1712127504750000
33.65,1712127505000000
33.65,1712127505250000
33.65,1712127505500000
33.65,1712127505750000
33.63,1712127506000000
33.63,1712127506250000
33.63,1712127506500000
33.63,1712127506750000
33.61,1712127507000000
33.61,1712127507250000
33.61,1712127507500000
33.61,1712127507750000
33.63,1712127508000000
33.63,1712127508250000
33.63,1712127508500000
33.63,1712127508750000
33.61,1712127509000000
33.61,1712127509250000
33.61,1712127509500000
33.61,1712127509750000
33.63,1712127510000000
33.63,1712127510250000
33.63,1712127510500000
33.63,1712127510750000
33.63,1712127511000000
33.63,1712127511250000
33.63,1712127511500000
33.63,1712127511750000
33.65,1712127512000000
33.65,1712127512250000
33.65,1712127512500000
33.65,1712127512750000
33.63,1712127513000000
33.63,1712127513250000
33.63,1712127513500000
33.63,1712127513750000
33.61,1712127514000000
33.61,1712127514250000
33.61,1712127514500000
33.61,1712127514750000
33.65,1712127515000000
33.65,1712127515250000
33.65,1712127515500000
33.65,1712127515750000
33.63,1712127516000000
33.63,1712127516250000
33.63,1712127516500000
33.63,1712127516750000
33.63,1712127517000000
33.63,1712127517250000
33.63,1712127517500000
33.63,1712127517750000
33.65,1712127518000000
33.65,1712127518250000
33.65,1712127518500000
33.65,1712127518750000
33.63,1712127519000000
33.63,1712127519250000
33.63,1712127519500000
33.63,1712127519750000
33.65,1712127520000000
33.65,1712127520250000
33.65,1712127520500000
33.65,1712127520750000
33.65,1712127521000000
33.65,1712127521250000
33.65,1712127521500000
33.65,1712127521750000
33.61,1712127522000000
33.61,1712127522250000
33.61,1712127522500000
33.61,1712127522750000
33.63,1712127523000000
33.63,1712127523250000
33.63,1712127523500000
33.63,1712127523750000
33.63,1712127524000000
33.63,1712127524250000
33.63,1712127524500000
33.63,1712127524750000
33.63,1712127525000000
33.63,1712127525250000
33.63,1712127525500000
33.63,1712127525750000
33.63,1712127526000000
33.63,1712127526250000
33.63,1712127526500000
33.63,1712127526750000
33.65,1712127527000000
33.65,1712127527250000
33.65,1712127527500000
33.65,1712127527750000
33.63,1712127528000000
33.63,1712127528250000
33.63,1712127528500000
33.63,1712127528750000
33.63,1712127529000000
33.63,1712127529250000
33.63,1712127529500000
33.63,1712127529750000
33.65,1712127530000000
33.65,1712127530250000
33.65,1712127530500000
33.65,1712127530750000
33.63,1712127531000000
33.63,1712127531250000
33.63,1712127531500000
33.63,1712127531750000
33.65,1712127532000000
33.65,1712127532250000
33.65,1712127532500000
33.65,1712127532750000
33.65,1712127533000000
33.65,1712127533250000
33.65,1712127533500000
33.65,1712127533750000
33.63,1712127534000000
33.63,1712127534250000
33.63,1712127534500000
33.63,1712127534750000
33.65,1712127535000000
33.65,1712127535250000
33.65,1712127535500000
33.65,1712127535750000
33.65,1712127536000000
33.65,1712127536250000
33.65,1712127536500000
33.65,1712127536750000
33.65,1712127537000000
33.65,1712127537250000
33.65,1712127537500000
33.65,1712127537750000
33.65,1712127538000000
33.65,1712127538250000
33.65,1712127538500000
33.65,1712127538750000
33.65,1712127539000000
33.65,1712127539250000
33.65,1712127539500000
33.65,1712127539750000
33.65,1712127540000000
33.65,1712127540250000
33.65,1712127540500000
33.65,1712127540750000
33.66,1712127541000000
33.66,1712127541250000
33.66,1712127541500000
33.66,1712127541750000
33.65,1712127542000000
33.65,1712127542250000
33.65,1712127542500000
33.65,1712127542750000
33.65,1712127543000000
33.65,1712127543250000
33.65,1712127543500000
33.65,1712127543750000
33.63,1712127544000000
33.63,1712127544250000
33.63,1712127544500000
33.63,1712127544750000
33.65,1712127545000000
33.65,1712127545250000
33.65,1712127545500000
33.65,1712127545750000
33.63,1712127546000000
33.63,1712127546250000
33.63,1712127546500000
33.63,1712127546750000
33.66,1712127547000000
33.66,1712127547250000
33.66,1712127547500000
33.66,1712127547750000
33.66,1712127548000000
33.66,1712127548250000
33.66,1712127548500000
33.66,1712127548750000
33.65,1712127549000000
33.65,1712127549250000
33.65,1712127549500000
33.65,1712127549750000
33.66,1712127550000000
33.66,1712127550250000
33.66,1712127550500000
33.66,1712127550750000
33.66,1712127551000000
33.66,1712127551250000
33.66,1712127551500000
33.66,1712127551750000
33.66,1712127552000000
33.66,1712127552250000
33.66,1712127552500000
33.66,1712127552750000
33.66,1712127553000000
33.66,1712127553250000
33.66,1712127553500000
33.66,1712127553750000
33.66,1712127554000000
33.66,1712127554250000
33.66,1712127554500000
33.66,1712127554750000
33.66,1712127555000000
33.66,1712127555250000
33.66,1712127555500000
33.66,1712127555750000
33.65,1712127556000000
33.65,1712127556250000
33.65,1712127556500000
33.65,1712127556750000
33.68,1712127557000000
33.68,1712127557250000
33.68,1712127557500000
33.68,1712127557750000
33.66,1712127558000000
33.66,1712127558250000
33.66,1712127558500000
33.66,1712127558750000
33.66,1712127559000000
33.66,1712127559250000
33.66,1712127559500000
33.66,1712127559750000
33.65,1712127560000000
33.65,1712127560250000
33.65,1712127560500000
33.65,1712127560750000
33.68,1712127561000000
33.68,1712127561250000
33.68,1712127561500000
33.68,1712127561750000
33.66,1712127562000000
33.66,1712127562250000
33.66,1712127562500000
33.66,1712127562750000
33.68,1712127563000000
33.68,1712127563250000
33.68,1712127563500000
33.68,1712127563750000
33.66,1712127564000000
33.66,1712127564250000
33.66,1712127564500000
33.66,1712127564750000
33.71,1712127565000000
33.71,1712127565250000
33.71,1712127565500000
33.71,1712127565750000
33.71,1712127566000000
33.71,1712127566250000
33.71,1712127566500000
33.71,1712127566750000
33.68,1712127567000000
33.68,1712127567250000
33.68,1712127567500000
33.68,1712127567750000
33.68,1712127568000000
33.68,1712127568250000
33.68,1712127568500000
33.68,1712127568750000
33.71,1712127569000000
33.71,1712127569250000
33.71,1712127569500000
33.71,1712127569750000
33.68,1712127570000000
33.68,1712127570250000
33.68,1712127570500000
33.68,1712127570750000
33.68,1712127571000000
33.68,1712127571250000
33.68,1712127571500000
33.68,1712127571750000
33.71,1712127572000000
33.71,1712127572250000
33.71,1712127572500000
33.71,1712127572750000
33.68,1712127573000000
33.68,1712127573250000
33.68,1712127573500000
33.68,1712127573750000
33.71,1712127574000000
33.71,1712127574250000
33.71,1712127574500000
33.71,1712127574750000
33.68,1712127575000000
33.68,1712127575250000
33.68,1712127575500000
33.68,1712127575750000
33.71,1712127576000000
33.71,1712127576250000
33.71,1712127576500000
33.71,1712127576750000
33.71,1712127577000000
33.71,1712127577250000
33.71,1712127577500000
33.71,1712127577750000
33.71,1712127578000000
33.71,1712127578250000
33.71,1712127578500000
33.71,1712127578750000
33.71,1712127579000000
33.71,1712127579250000
33.71,1712127579500000
33.71,1712127579750000
33.71,1712127580000000
33.71,1712127580250000
33.71,1712127580500000
33.71,1712127580750000
33.68,1712127581000000
33.68,1712127581250000
33.68,1712127581500000
33.68,1712127581750000
33.71,1712127582000000
33.71,1712127582250000
33.71,1712127582500000
33.71,1712127582750000
33.66,1712127583000000
33.66,1712127583250000
33.66,1712127583500000
33.66,1712127583750000
33.71,1712127584000000
33.71,1712127584250000
33.71,1712127584500000
33.71,1712127584750000
33.71,1712127585000000
33.71,1712127585250000
33.71,1712127585500000
33.71,1712127585750000
33.71,1712127586000000
33.71,1712127586250000
33.71,1712127586500000
33.71,1712127586750000
33.71,1712127587000000
33.71,1712127587250000
33.71,1712127587500000
33.71,1712127587750000
33.71,1712127588000000
33.71,1712127588250000
33.71,1712127588500000
33.71,1712127588750000
33.66,1712127589000000
33.66,1712127589250000
33.66,1712127589500000
33.66,1712127589750000
33.71,1712127590000000
33.71,1712127590250000
33.71,1712127590500000
33.71,1712127590750000
33.71,1712127591000000
33.71,1712127591250000
33.71,1712127591500000
33.71,1712127591750000
33.71,1712127592000000
33.71,1712127592250000
33.71,1712127592500000
33.71,1712127592750000
33.71,1712127593000000
33.71,1712127593250000
33.71,1712127593500000
33.71,1712127593750000
33.68,1712127594000000
33.68,1712127594250000
33.68,1712127594500000
33.68,1712127594750000
33.71,1712127595000000
33.71,1712127595250000
33.71,1712127595500000
33.71,1712127595750000
33.73,1712127596000000
33.73,1712127596250000
33.73,1712127596500000
33.73,1712127596750000
33.68,1712127597000000
33.68,1712127597250000
33.68,1712127597500000
33.68,1712127597750000
33.68,1712127598000000
33.68,1712127598250000
33.68,1712127598500000
33.68,1712127598750000
33.71,1712127599000000
33.71,1712127599250000
33.71,1712127599500000
33.71,1712127599750000
33.71,1712127600000000
33.71,1712127600250000
33.71,1712127600500000
33.71,1712127600750000
33.71,1712127601000000
33.71,1712127601250000
33.71,1712127601500000
33.71,1712127601750000
33.71,1712127602000000
33.71,1712127602250000
33.71,1712127602500000
33.71,1712127602750000
33.71,1712127603000000
33.71,1712127603250000
33.71,1712127603500000
33.71,1712127603750000
33.71,1712127604000000
33.71,1712127604250000
33.71,1712127604500000
33.71,1712127604750000
33.71,1712127605000000
33.71,1712127605250000
33.71,1712127605500000
33.71,1712127605750000
33.71,1712127606000000
33.71,1712127606250000
33.71,1712127606500000
33.71,1712127606750000
33.71,1712127607000000
33.71,1712127607250000
33.71,1712127607500000
33.71,1712127607750000
33.71,1712127608000000
33.71,1712127608250000
33.71,1712127608500000
33.71,1712127608750000
33.68,1712127609000000
33.68,1712127609250000
33.68,1712127609500000
33.68,1712127609750000
33.71,1712127610000000
33.71,1712127610250000
33.71,1712127610500000
33.71,1712127610750000
33.68,1712127611000000
33.68,1712127611250000
33.68,1712127611500000
33.68,1712127611750000
33.71,1712127612000000
33.71,1712127612250000
33.71,1712127612500000
33.71,1712127612750000
33.71,1712127613000000
33.71,1712127613250000
33.71,1712127613500000
33.71,1712127613750000
33.71,1712127614000000
33.71,1712127614250000
33.71,1712127614500000
33.71,1712127614750000
33.71,1712127615000000
33.71,1712127615250000
33.71,1712127615500000
33.71,1712127615750000
33.68,1712127616000000
33.68,1712127616250000
33.68,1712127616500000
33.68,1712127616750000
33.71,1712127617000000
33.71,1712127617250000
33.71,1712127617500000
33.71,1712127617750000
33.71,1712127618000000
33.71,1712127618250000
33.71,1712127618500000
33.71,1712127618750000
33.71,1712127619000000
33.71,1712127619250000
33.71,1712127619500000
33.71,1712127619750000
33.71,1712127620000000
33.71,1712127620250000
33.71,1712127620500000
33.71,1712127620750000
33.73,1712127621000000
33.73,1712127621250000
33.73,1712127621500000
33.73,1712127621750000
33.75,1712127622000000
33.75,1712127622250000
33.75,1712127622500000
33.75,1712127622750000
33.71,1712127623000000
33.71,1712127623250000
33.71,1712127623500000
33.71,1712127623750000
33.73,1712127624000000
33.73,1712127624250000
33.73,1712127624500000
33.73,1712127624750000
33.71,1712127625000000
33.71,1712127625250000
33.71,1712127625500000
33.71,1712127625750000
33.73,1712127626000000
33.73,1712127626250000
33.73,1712127626500000
33.73,1712127626750000
33.73,1712127627000000
33.73,1712127627250000
33.73,1712127627500000
33.73,1712127627750000
33.73,1712127628000000
33.73,1712127628250000
33.73,1712127628500000
33.73,1712127628750000
33.73,1712127629000000
33.73,1712127629250000
33.73,1712127629500000
33.73,1712127629750000
33.73,1712127630000000
33.73,1712127630250000
33.73,1712127630500000
33.73,1712127630750000
33.77,1712127631000000
33.77,1712127631250000
33.77,1712127631500000
33.77,1712127631750000
33.73,1712127632000000
33.73,1712127632250000
33.73,1712127632500000
33.73,1712127632750000
33.73,1712127633000000
33.73,1712127633250000
33.73,1712127633500000
33.73,1712127633750000
33.77,1712127634000000
33.77,1712127634250000
33.77,1712127634500000
33.77,1712127634750000
33.75,1712127635000000
33.75,1712127635250000
33.75,1712127635500000
33.75,1712127635750000
33.75,1712127636000000
33.75,1712127636250000
33.75,1712127636500000
33.75,1712127636750000
33.75,1712127637000000
33.75,1712127637250000
33.75,1712127637500000
33.75,1712127637750000
33.75,1712127638000000
33.75,1712127638250000
33.75,1712127638500000
33.75,1712127638750000
33.77,1712127639000000
33.77,1712127639250000
33.77,1712127639500000
33.77,1712127639750000
33.77,1712127640000000
33.77,1712127640250000
33.77,1712127640500000
33.77,1712127640750000
33.77,1712127641000000
33.77,1712127641250000
33.77,1712127641500000
33.77,1712127641750000
33.77,1712127642000000
33.77,1712127642250000
33.77,1712127642500000
33.77,1712127642750000
33.77,1712127643000000
33.77,1712127643250000
33.77,1712127643500000
33.77,1712127643750000
33.77,1712127644000000
33.77,1712127644250000
33.77,1712127644500000
33.77,1712127644750000
33.77,1712127645000000
33.77,1712127645250000
33.77,1712127645500000
33.77,1712127645750000
33.77,1712127646000000
33.77,1712127646250000
33.77,1712127646500000
33.77,1712127646750000
33.77,1712127647000000
33.77,1712127647250000
33.77,1712127647500000
33.77,1712127647750000
33.77,1712127648000000
33.77,1712127648250000
33.77,1712127648500000
33.77,1712127648750000
33.79,1712127649000000
33.79,1712127649250000
33.79,1712127649500000
33.79,1712127649750000
33.77,1712127650000000
33.77,1712127650250000
33.77,1712127650500000
33.77,1712127650750000
33.77,1712127651000000
33.77,1712127651250000
33.77,1712127651500000
33.77,1712127651750000
33.77,1712127652000000
33.77,1712127652250000
33.77,1712127652500000
33.77,1712127652750000
33.75,1712127653000000
33.75,1712127653250000
33.75,1712127653500000
33.75,1712127653750000
33.77,1712127654000000
33.77,1712127654250000
33.77,1712127654500000
33.77,1712127654750000
33.77,1712127655000000
33.77,1712127655250000
33.77,1712127655500000
33.77,1712127655750000
33.77,1712127656000000
33.77,1712127656250000
33.77,1712127656500000
33.77,1712127656750000
33.77,1712127657000000
33.77,1712127657250000
33.77,1712127657500000
33.77,1712127657750000
33.77,1712127658000000
33.77,1712127658250000
33.77,1712127658500000
33.77,1712127658750000
33.81,1712127659000000
33.81,1712127659250000
33.81,1712127659500000
33.81,1712127659750000
33.81,1712127660000000
33.81,1712127660250000
33.81,1712127660500000
33.81,1712127660750000
33.81,1712127661000000
33.81,1712127661250000
33.81,1712127661500000
33.81,1712127661750000
33.79,1712127662000000
33.79,1712127662250000
33.79,1712127662500000
33.79,1712127662750000
33.79,1712127663000000
33.79,1712127663250000
33.79,1712127663500000
33.79,1712127663750000
33.79,1712127664000000
33.79,1712127664250000
33.79,1712127664500000
33.79,1712127664750000
33.79,1712127665000000
33.79,1712127665250000
33.79,1712127665500000
33.79,1712127665750000
33.79,1712127666000000
33.79,1712127666250000
33.79,1712127666500000
33.79,1712127666750000
33.81,1712127667000000
33.81,1712127667250000
33.81,1712127667500000
33.81,1712127667750000
33.79,1712127668000000
33.79,1712127668250000
33.79,1712127668500000
33.79,1712127668750000
33.83,1712127669000000
33.83,1712127669250000
33.83,1712127669500000
33.83,1712127669750000
33.81,1712127670000000
33.81,1712127670250000
33.81,1712127670500000
33.81,1712127670750000
33.81,1712127671000000
33.81,1712127671250000
33.81,1712127671500000
33.81,1712127671750000
33.81,1712127672000000
33.81,1712127672250000
33.81,1712127672500000
33.81,1712127672750000
33.81,1712127673000000
33.81,1712127673250000
33.81,1712127673500000
33.81,1712127673750000
33.83,1712127674000000
33.83,1712127674250000
33.83,1712127674500000
33.83,1712127674750000
33.84,1712127675000000
33.84,1712127675250000
33.84,1712127675500000
33.84,1712127675750000
33.84,1712127676000000
33.84,1712127676250000
33.84,1712127676500000
33.84,1712127676750000
33.83,1712127677000000
33.83,1712127677250000
33.83,1712127677500000
33.83,1712127677750000
33.83,1712127678000000
33.83,1712127678250000
33.83,1712127678500000
33.83,1712127678750000
33.83,1712127679000000
33.83,1712127679250000
33.83,1712127679500000
33.83,1712127679750000
33.83,1712127680000000
33.83,1712127680250000
33.83,1712127680500000
33.83,1712127680750000
33.84,1712127681000000
33.84,1712127681250000
33.84,1712127681500000
33.84,1712127681750000
33.83,1712127682000000
33.83,1712127682250000
33.83,1712127682500000
33.83,1712127682750000
33.83,1712127683000000
33.83,1712127683250000
33.83,1712127683500000
33.83,1712127683750000
33.84,1712127684000000
33.84,1712127684250000
33.84,1712127684500000
33.84,1712127684750000
33.84,1712127685000000
33.84,1712127685250000
33.84,1712127685500000
33.84,1712127685750000
33.87,1712127686000000
33.87,1712127686250000
33.87,1712127686500000
33.87,1712127686750000
33.83,1712127687000000
33.83,1712127687250000
33.83,1712127687500000
33.83,1712127687750000
33.84,1712127688000000
33.84,1712127688250000
33.84,1712127688500000
33.84,1712127688750000
33.87,1712127689000000
33.87,1712127689250000
33.87,1712127689500000
33.87,1712127689750000
33.84,1712127690000000
33.84,1712127690250000
33.84,1712127690500000
33.84,1712127690750000
33.84,1712127691000000
33.84,1712127691250000
33.84,1712127691500000
33.84,1712127691750000
33.87,1712127692000000
33.87,1712127692250000
33.87,1712127692500000
33.87,1712127692750000
33.87,1712127693000000
33.87,1712127693250000
33.87,1712127693500000
33.87,1712127693750000
33.89,1712127694000000
33.89,1712127694250000
33.89,1712127694500000
33.89,1712127694750000
33.89,1712127695000000
33.89,1712127695250000
33.89,1712127695500000
33.89,1712127695750000
33.87,1712127696000000
33.87,1712127696250000
33.87,1712127696500000
33.87,1712127696750000
33.84,1712127697000000
33.84,1712127697250000
33.84,1712127697500000
33.84,1712127697750000
33.89,1712127698000000
33.89,1712127698250000
33.89,1712127698500000
33.89,1712127698750000
33.89,1712127699000000
33.89,1712127699250000
33.89,1712127699500000
33.89,1712127699750000
33.89,1712127700000000
33.89,1712127700250000
33.89,1712127700500000
33.89,1712127700750000
33.89,1712127701000000
33.89,1712127701250000
33.89,1712127701500000
33.89,1712127701750000
33.84,1712127702000000
33.84,1712127702250000
33.84,1712127702500000
33.84,1712127702750000
33.89,1712127703000000
33.89,1712127703250000
33.89,1712127703500000
33.89,1712127703750000
33.84,1712127704000000
33.84,1712127704250000
33.84,1712127704500000
33.84,1712127704750000
33.87,1712127705000000
33.87,1712127705250000
33.87,1712127705500000
33.87,1712127705750000
33.89,1712127706000000
33.89,1712127706250000
33.89,1712127706500000
33.89,1712127706750000
33.89,1712127707000000
33.89,1712127707250000
33.89,1712127707500000
33.89,1712127707750000
33.84,1712127708000000
33.84,1712127708250000
33.84,1712127708500000
33.84,1712127708750000
33.89,1712127709000000
33.89,1712127709250000
33.89,1712127709500000
33.89,1712127709750000
33.87,1712127710000000
33.87,1712127710250000
33.87,1712127710500000
33.87,1712127710750000
33.87,1712127711000000
33.87,1712127711250000
33.87,1712127711500000
33.87,1712127711750000
33.87,1712127712000000
33.87,1712127712250000
33.87,1712127712500000
33.87,1712127712750000
33.89,1712127713000000
33.89,1712127713250000
33.89,1712127713500000
33.89,1712127713750000
33.89,1712127714000000
33.89,1712127714250000
33.89,1712127714500000
33.89,1712127714750000
33.89,1712127715000000
33.89,1712127715250000
33.89,1712127715500000
33.89,1712127715750000
33.91,1712127716000000
33.91,1712127716250000
33.91,1712127716500000
33.91,1712127716750000
33.89,1712127717000000
33.89,1712127717250000
33.89,1712127717500000
33.89,1712127717750000
33.87,1712127718000000
33.87,1712127718250000
33.87,1712127718500000
33.87,1712127718750000
33.87,1712127719000000
33.87,1712127719250000
33.87,1712127719500000
33.87,1712127719750000
33.89,1712127720000000
33.89,1712127720250000
33.89,1712127720500000
33.89,1712127720750000
33.87,1712127721000000
33.87,1712127721250000
33.87,1712127721500000
33.87,1712127721750000
33.89,1712127722000000
33.89,1712127722250000
33.89,1712127722500000
33.89,1712127722750000
33.89,1712127723000000
33.89,1712127723250000
33.89,1712127723500000
33.89,1712127723750000
33.89,1712127724000000
33.89,1712127724250000
33.89,1712127724500000
33.89,1712127724750000
33.89,1712127725000000
33.89,1712127725250000
33.89,1712127725500000
33.89,1712127725750000
33.91,1712127726000000
33.91,1712127726250000
33.91,1712127726500000
33.91,1712127726750000
33.89,1712127727000000
33.89,1712127727250000
33.89,1712127727500000
33.89,1712127727750000
33.89,1712127728000000
33.89,1712127728250000
33.89,1712127728500000
33.89,1712127728750000
33.87,1712127729000000
33.87,1712127729250000
33.87,1712127729500000
33.87,1712127729750000
33.89,1712127730000000
33.89,1712127730250000
33.89,1712127730500000
33.89,1712127730750000
33.89,1712127731000000
33.89,1712127731250000
33.89,1712127731500000
33.89,1712127731750000
33.89,1712127732000000
33.89,1712127732250000
33.89,1712127732500000
33.89,1712127732750000
33.89,1712127733000000
33.89,1712127733250000
33.89,1712127733500000
33.89,1712127733750000
33.89,1712127734000000
33.89,1712127734250000
33.89,1712127734500000
33.89,1712127734750000
33.89,1712127735000000
33.89,1712127735250000
33.89,1712127735500000
33.89,1712127735750000
33.91,1712127736000000
33.91,1712127736250000
33.91,1712127736500000
33.91,1712127736750000
33.91,1712127737000000
33.91,1712127737250000
33.91,1712127737500000
33.91,1712127737750000
33.91,1712127738000000
33.91,1712127738250000
33.91,1712127738500000
33.91,1712127738750000
33.89,1712127739000000
33.89,1712127739250000
33.89,1712127739500000
33.89,1712127739750000
33.91,1712127740000000
33.91,1712127740250000
33.91,1712127740500000
33.91,1712127740750000
33.91,1712127741000000
33.91,1712127741250000
33.91,1712127741500000
33.91,1712127741750000
33.93,1712127742000000
33.93,1712127742250000
33.93,1712127742500000
33.93,1712127742750000
33.95,1712127743000000
33.95,1712127743250000
33.95,1712127743500000
33.95,1712127743750000
33.89,1712127744000000
33.89,1712127744250000
33.89,1712127744500000
33.89,1712127744750000
33.91,1712127745000000
33.91,1712127745250000
33.91,1712127745500000
33.91,1712127745750000
33.91,1712127746000000
33.91,1712127746250000
33.91,1712127746500000
33.91,1712127746750000
33.91,1712127747000000
33.91,1712127747250000
33.91,1712127747500000
33.91,1712127747750000
33.91,1712127748000000
33.91,1712127748250000
33.91,1712127748500000
33.91,1712127748750000
33.91,1712127749000000
33.91,1712127749250000
33.91,1712127749500000
33.91,1712127749750000
33.93,1712127750000000
33.93,1712127750250000
33.93,1712127750500000
33.93,1712127750750000
33.93,1712127751000000
33.93,1712127751250000
33.93,1712127751500000
33.93,1712127751750000
33.91,1712127752000000
33.91,1712127752250000
33.91,1712127752500000
33.91,1712127752750000
33.93,1712127753000000
33.93,1712127753250000
33.93,1712127753500000
33.93,1712127753750000
33.93,1712127754000000
33.93,1712127754250000
33.93,1712127754500000
33.93,1712127754750000
33.93,1712127755000000
33.93,1712127755250000
33.93,1712127755500000
33.93,1712127755750000
33.89,1712127756000000
33.89,1712127756250000
33.89,1712127756500000
33.89,1712127756750000
33.89,1712127757000000
33.89,1712127757250000
33.89,1712127757500000
33.89,1712127757750000
33.91,1712127758000000
33.91,1712127758250000
33.91,1712127758500000
33.91,1712127758750000
33.91,1712127759000000
33.91,1712127759250000
33.91,1712127759500000
33.91,1712127759750000
33.93,1712127760000000
33.93,1712127760250000
33.93,1712127760500000
33.93,1712127760750000
33.91,1712127761000000
33.91,1712127761250000
33.91,1712127761500000
33.91,1712127761750000
33.91,1712127762000000
33.91,1712127762250000
33.91,1712127762500000
33.91,1712127762750000
33.91,1712127763000000
33.91,1712127763250000
33.91,1712127763500000
33.91,1712127763750000
33.93,1712127764000000
33.93,1712127764250000
33.93,1712127764500000
33.93,1712127764750000
33.91,1712127765000000
33.91,1712127765250000
33.91,1712127765500000
33.91,1712127765750000
33.91,1712127766000000
33.91,1712127766250000
33.91,1712127766500000
33.91,1712127766750000
33.89,1712127767000000
33.89,1712127767250000
33.89,1712127767500000
33.89,1712127767750000
33.91,1712127768000000
33.91,1712127768250000
33.91,1712127768500000
33.91,1712127768750000
33.91,1712127769000000
33.91,1712127769250000
33.91,1712127769500000
33.91,1712127769750000
33.91,1712127770000000
33.91,1712127770250000
33.91,1712127770500000
33.91,1712127770750000
33.91,1712127771000000
33.91,1712127771250000
33.91,1712127771500000
33.91,1712127771750000
33.91,1712127772000000
33.91,1712127772250000
33.91,1712127772500000
33.91,1712127772750000
33.91,1712127773000000
33.91,1712127773250000
33.91,1712127773500000
33.91,1712127773750000
33.89,1712127774000000
33.89,1712127774250000
33.89,1712127774500000
33.89,1712127774750000
33.91,1712127775000000
33.91,1712127775250000
33.91,1712127775500000
33.91,1712127775750000
33.89,1712127776000000
33.89,1712127776250000
33.89,1712127776500000
33.89,1712127776750000
33.89,1712127777000000
33.89,1712127777250000
33.89,1712127777500000
33.89,1712127777750000
33.91,1712127778000000
33.91,1712127778250000
33.91,1712127778500000
33.91,1712127778750000
33.91,1712127779000000
33.91,1712127779250000
33.91,1712127779500000
33.91,1712127779750000
33.89,1712127780000000
33.89,1712127780250000
33.89,1712127780500000
33.89,1712127780750000
33.93,1712127781000000
33.93,1712127781250000
33.93,1712127781500000
33.93,1712127781750000
33.89,1712127782000000
33.89,1712127782250000
33.89,1712127782500000
33.89,1712127782750000
33.89,1712127783000000
33.89,1712127783250000
33.89,1712127783500000
33.89,1712127783750000
33.91,1712127784000000
33.91,1712127784250000
33.91,1712127784500000
33.91,1712127784750000
33.89,1712127785000000
33.89,1712127785250000
33.89,1712127785500000
33.89,1712127785750000
33.89,1712127786000000
33.89,1712127786250000
33.89,1712127786500000
33.89,1712127786750000
33.93,1712127787000000
33.93,1712127787250000
33.93,1712127787500000
33.93,1712127787750000
33.89,1712127788000000
33.89,1712127788250000
33.89,1712127788500000
33.89,1712127788750000
33.91,1712127789000000
33.91,1712127789250000
33.91,1712127789500000
33.91,1712127789750000
33.89,1712127790000000
33.89,1712127790250000
33.89,1712127790500000
33.89,1712127790750000
33.89,1712127791000000
33.89,1712127791250000
33.89,1712127791500000
33.89,1712127791750000
33.89,1712127792000000
33.89,1712127792250000
33.89,1712127792500000
33.89,1712127792750000
33.89,1712127793000000
33.89,1712127793250000
33.89,1712127793500000
33.89,1712127793750000
33.89,1712127794000000
33.89,1712127794250000
33.89,1712127794500000
33.89,1712127794750000
33.89,1712127795000000
33.89,1712127795250000
33.89,1712127795500000
33.89,1712127795750000
33.89,1712127796000000
33.89,1712127796250000
33.89,1712127796500000
33.89,1712127796750000
33.89,1712127797000000
33.89,1712127797250000
33.89,1712127797500000
33.89,1712127797750000
33.89,1712127798000000
33.89,1712127798250000
33.89,1712127798500000
33.89,1712127798750000
33.89,1712127799000000
33.89,1712127799250000
33.89,1712127799500000
33.89,1712127799750000
33.89,1712127800000000
33.89,1712127800250000
33.89,1712127800500000
33.89,1712127800750000
33.89,1712127801000000
33.89,1712127801250000
33.89,1712127801500000
33.89,1712127801750000
33.89,1712127802000000
33.89,1712127802250000
33.89,1712127802500000
33.89,1712127802750000
33.89,1712127803000000
33.89,1712127803250000
33.89,1712127803500000
33.89,1712127803750000
33.89,1712127804000000
33.89,1712127804250000
33.89,1712127804500000
33.89,1712127804750000
33.89,1712127805000000
33.89,1712127805250000
33.89,1712127805500000
33.89,1712127805750000
33.89,1712127806000000
33.89,1712127806250000
33.89,1712127806500000
33.89,1712127806750000
33.87,1712127807000000
33.87,1712127807250000
33.87,1712127807500000
33.87,1712127807750000
33.84,1712127808000000
33.84,1712127808250000
33.84,1712127808500000
33.84,1712127808750000
33.87,1712127809000000
33.87,1712127809250000
33.87,1712127809500000
33.87,1712127809750000
33.87,1712127810000000
33.87,1712127810250000
33.87,1712127810500000
33.87,1712127810750000
33.87,1712127811000000
33.87,1712127811250000
33.87,1712127811500000
33.87,1712127811750000
33.87,1712127812000000
33.87,1712127812250000
33.87,1712127812500000
33.87,1712127812750000
33.87,1712127813000000
33.87,1712127813250000
33.87,1712127813500000
33.87,1712127813750000
33.87,1712127814000000
33.87,1712127814250000
33.87,1712127814500000
33.87,1712127814750000
33.84,1712127815000000
33.84,1712127815250000
33.84,1712127815500000
33.84,1712127815750000
33.87,1712127816000000
33.87,1712127816250000
33.87,1712127816500000
33.87,1712127816750000
33.84,1712127817000000
33.84,1712127817250000
33.84,1712127817500000
33.84,1712127817750000
33.83,1712127818000000
33.83,1712127818250000
33.83,1712127818500000
33.83,1712127818750000
33.84,1712127819000000
33.84,1712127819250000
33.84,1712127819500000
33.84,1712127819750000
33.84,1712127820000000
33.84,1712127820250000
33.84,1712127820500000
33.84,1712127820750000
33.84,1712127821000000
33.84,1712127821250000
33.84,1712127821500000
33.84,1712127821750000
33.84,1712127822000000
33.84,1712127822250000
33.84,1712127822500000
33.84,1712127822750000
33.84,1712127823000000
33.84,1712127823250000
33.84,1712127823500000
33.84,1712127823750000
33.84,1712127824000000
33.84,1712127824250000
33.84,1712127824500000
33.84,1712127824750000
33.84,1712127825000000
33.84,1712127825250000
33.84,1712127825500000
33.84,1712127825750000
33.87,1712127826000000
33.87,1712127826250000
33.87,1712127826500000
33.87,1712127826750000
33.84,1712127827000000
33.84,1712127827250000
33.84,1712127827500000
33.84,1712127827750000
33.84,1712127828000000
33.84,1712127828250000
33.84,1712127828500000
33.84,1712127828750000
33.84,1712127829000000
33.84,1712127829250000
33.84,1712127829500000
33.84,1712127829750000
33.83,1712127830000000
33.83,1712127830250000
33.83,1712127830500000
33.83,1712127830750000
33.83,1712127831000000
33.83,1712127831250000
33.83,1712127831500000
33.83,1712127831750000
33.84,1712127832000000
33.84,1712127832250000
33.84,1712127832500000
33.84,1712127832750000
33.84,1712127833000000
33.84,1712127833250000
33.84,1712127833500000
33.84,1712127833750000
33.84,1712127834000000
33.84,1712127834250000
33.84,1712127834500000
33.84,1712127834750000
33.84,1712127835000000
33.84,1712127835250000
33.84,1712127835500000
33.84,1712127835750000
33.83,1712127836000000
33.83,1712127836250000
33.83,1712127836500000
33.83,1712127836750000
33.84,1712127837000000
33.84,1712127837250000
33.84,1712127837500000
33.84,1712127837750000
33.84,1712127838000000
33.84,1712127838250000
33.84,1712127838500000
33.84,1712127838750000
33.83,1712127839000000
33.83,1712127839250000
33.83,1712127839500000
33.83,1712127839750000
33.83,1712127840000000
33.83,1712127840250000
33.83,1712127840500000
33.83,1712127840750000
33.84,1712127841000000
33.84,1712127841250000
33.84,1712127841500000
33.84,1712127841750000
33.84,1712127842000000
33.84,1712127842250000
33.84,1712127842500000
33.84,1712127842750000
33.83,1712127843000000
33.83,1712127843250000
33.83,1712127843500000
33.83,1712127843750000
33.83,1712127844000000
33.83,1712127844250000
33.83,1712127844500000
33.83,1712127844750000
33.83,1712127845000000
33.83,1712127845250000
33.83,1712127845500000
33.83,1712127845750000
33.81,1712127846000000
33.81,1712127846250000
33.81,1712127846500000
33.81,1712127846750000
33.83,1712127847000000
33.83,1712127847250000
33.83,1712127847500000
33.83,1712127847750000
33.83,1712127848000000
33.83,1712127848250000
33.83,1712127848500000
33.83,1712127848750000
33.81,1712127849000000
33.81,1712127849250000
33.81,1712127849500000
33.81,1712127849750000
33.83,1712127850000000
33.83,1712127850250000
33.83,1712127850500000
33.83,1712127850750000
33.84,1712127851000000
33.84,1712127851250000
33.84,1712127851500000
33.84,1712127851750000
33.81,1712127852000000
33.81,1712127852250000
33.81,1712127852500000
33.81,1712127852750000
33.79,1712127853000000
33.79,1712127853250000
33.79,1712127853500000
33.79,1712127853750000
33.83,1712127854000000
33.83,1712127854250000
33.83,1712127854500000
33.83,1712127854750000
33.81,1712127855000000
33.81,1712127855250000
33.81,1712127855500000
33.81,1712127855750000
33.81,1712127856000000
33.81,1712127856250000
33.81,1712127856500000
33.81,1712127856750000
33.79,1712127857000000
33.79,1712127857250000
33.79,1712127857500000
33.79,1712127857750000
33.81,1712127858000000
33.81,1712127858250000
33.81,1712127858500000
33.81,1712127858750000
33.83,1712127859000000
33.83,1712127859250000
33.83,1712127859500000
33.83,1712127859750000
33.81,1712127860000000
33.81,1712127860250000
33.81,1712127860500000
33.81,1712127860750000
33.81,1712127861000000
33.81,1712127861250000
33.81,1712127861500000
33.81,1712127861750000
33.79,1712127862000000
33.79,1712127862250000
33.79,1712127862500000
33.79,1712127862750000
33.79,1712127863000000
33.79,1712127863250000
33.79,1712127863500000
33.79,1712127863750000
33.79,1712127864000000
33.79,1712127864250000
33.79,1712127864500000
33.79,1712127864750000
33.79,1712127865000000
33.79,1712127865250000
33.79,1712127865500000
33.79,1712127865750000
33.79,1712127866000000
33.79,1712127866250000
33.79,1712127866500000
33.79,1712127866750000
33.79,1712127867000000
33.79,1712127867250000
33.79,1712127867500000
33.79,1712127867750000
33.79,1712127868000000
33.79,1712127868250000
33.79,1712127868500000
33.79,1712127868750000
33.77,1712127869000000
33.77,1712127869250000
33.77,1712127869500000
33.77,1712127869750000
33.79,1712127870000000
33.79,1712127870250000
33.79,1712127870500000
33.79,1712127870750000
33.79,1712127871000000
33.79,1712127871250000
33.79,1712127871500000
33.79,1712127871750000
33.79,1712127872000000
33.79,1712127872250000
33.79,1712127872500000
33.79,1712127872750000
33.79,1712127873000000
33.79,1712127873250000
33.79,1712127873500000
33.79,1712127873750000
33.79,1712127874000000
33.79,1712127874250000
33.79,1712127874500000
33.79,1712127874750000
33.79,1712127875000000
33.79,1712127875250000
33.79,1712127875500000
33.79,1712127875750000
33.77,1712127876000000
33.77,1712127876250000
33.77,1712127876500000
33.77,1712127876750000
33.77,1712127877000000
33.77,1712127877250000
33.77,1712127877500000
33.77,1712127877750000
33.77,1712127878000000
33.77,1712127878250000
33.77,1712127878500000
33.77,1712127878750000
33.79,1712127879000000
33.79,1712127879250000
33.79,1712127879500000
33.79,1712127879750000
33.77,1712127880000000
33.77,1712127880250000
33.77,1712127880500000
33.77,1712127880750000
33.75,1712127881000000
33.75,1712127881250000
33.75,1712127881500000
33.75,1712127881750000
33.77,1712127882000000
33.77,1712127882250000
33.77,1712127882500000
33.77,1712127882750000
33.77,1712127883000000
33.77,1712127883250000
33.77,1712127883500000
33.77,1712127883750000
33.79,1712127884000000
33.79,1712127884250000
33.79,1712127884500000
33.79,1712127884750000
33.79,1712127885000000
33.79,1712127885250000
33.79,1712127885500000
33.79,1712127885750000
33.77,1712127886000000
33.77,1712127886250000
33.77,1712127886500000
33.77,1712127886750000
33.75,1712127887000000
33.75,1712127887250000
33.75,1712127887500000
33.75,1712127887750000
33.77,1712127888000000
33.77,1712127888250000
33.77,1712127888500000
33.77,1712127888750000
33.75,1712127889000000
33.75,1712127889250000
33.75,1712127889500000
33.75,1712127889750000
33.77,1712127890000000
33.77,1712127890250000
33.77,1712127890500000
33.77,1712127890750000
33.75,1712127891000000
33.75,1712127891250000
33.75,1712127891500000
33.75,1712127891750000
33.75,1712127892000000
33.75,1712127892250000
33.75,1712127892500000
33.75,1712127892750000
33.77,1712127893000000
33.77,1712127893250000
33.77,1712127893500000
33.77,1712127893750000
33.75,1712127894000000
33.75,1712127894250000
33.75,1712127894500000
33.75,1712127894750000
33.75,1712127895000000
33.75,1712127895250000
33.75,1712127895500000
33.75,1712127895750000
33.75,1712127896000000
33.75,1712127896250000
33.75,1712127896500000
33.75,1712127896750000
33.73,1712127897000000
33.73,1712127897250000
33.73,1712127897500000
33.73,1712127897750000
33.75,1712127898000000
33.75,1712127898250000
33.75,1712127898500000
33.75,1712127898750000
33.75,1712127899000000
33.75,1712127899250000
33.75,1712127899500000
33.75,1712127899750000
33.75,1712127900000000
33.75,1712127900250000
33.75,1712127900500000
33.75,1712127900750000
33.75,1712127901000000
33.75,1712127901250000
33.75,1712127901500000
33.75,1712127901750000
33.75,1712127902000000
33.75,1712127902250000
33.75,1712127902500000
33.75,1712127902750000
33.75,1712127903000000
33.75,1712127903250000
33.75,1712127903500000
33.75,1712127903750000
33.75,1712127904000000
33.75,1712127904250000
33.75,1712127904500000
33.75,1712127904750000
33.77,1712127905000000
33.77,1712127905250000
33.77,1712127905500000
33.77,1712127905750000
33.75,1712127906000000
33.75,1712127906250000
33.75,1712127906500000
33.75,1712127906750000
33.75,1712127907000000
33.75,1712127907250000
33.75,1712127907500000
33.75,1712127907750000
33.77,1712127908000000
33.77,1712127908250000
33.77,1712127908500000
33.77,1712127908750000
33.75,1712127909000000
33.75,1712127909250000
33.75,1712127909500000
33.75,1712127909750000
33.73,1712127910000000
33.73,1712127910250000
33.73,1712127910500000
33.73,1712127910750000
33.73,1712127911000000
33.73,1712127911250000
33.73,1712127911500000
33.73,1712127911750000
33.75,1712127912000000
33.75,1712127912250000
33.75,1712127912500000
33.75,1712127912750000
33.73,1712127913000000
33.73,1712127913250000
33.73,1712127913500000
33.73,1712127913750000
33.73,1712127914000000
33.73,1712127914250000
33.73,1712127914500000
33.73,1712127914750000
33.75,1712127915000000
33.75,1712127915250000
33.75,1712127915500000
33.75,1712127915750000
33.73,1712127916000000
33.73,1712127916250000
33.73,1712127916500000
33.73,1712127916750000
33.73,1712127917000000
33.73,1712127917250000
33.73,1712127917500000
33.73,1712127917750000
33.73,1712127918000000
33.73,1712127918250000
33.73,1712127918500000
33.73,1712127918750000
33.73,1712127919000000
33.73,1712127919250000
33.73,1712127919500000
33.73,1712127919750000
33.73,1712127920000000
33.73,1712127920250000
33.73,1712127920500000
33.73,1712127920750000
33.73,1712127921000000
33.73,1712127921250000
33.73,1712127921500000
33.73,1712127921750000
33.73,1712127922000000
33.73,1712127922250000
33.73,1712127922500000
33.73,1712127922750000
33.73,1712127923000000
33.73,1712127923250000
33.73,1712127923500000
33.73,1712127923750000
33.71,1712127924000000
33.71,1712127924250000
33.71,1712127924500000
33.71,1712127924750000
33.73,1712127925000000
33.73,1712127925250000
33.73,1712127925500000
33.73,1712127925750000
33.71,1712127926000000
33.71,1712127926250000
33.71,1712127926500000
33.71,1712127926750000
33.71,1712127927000000
33.71,1712127927250000
33.71,1712127927500000
33.71,1712127927750000
33.71,1712127928000000
33.71,1712127928250000
33.71,1712127928500000
33.71,1712127928750000
33.68,1712127929000000
33.68,1712127929250000
33.68,1712127929500000
33.68,1712127929750000
33.66,1712127930000000
33.66,1712127930250000
33.66,1712127930500000
33.66,1712127930750000
33.71,1712127931000000
33.71,1712127931250000
33.71,1712127931500000
33.71,1712127931750000
33.68,1712127932000000
33.68,1712127932250000
33.68,1712127932500000
33.68,1712127932750000
33.68,1712127933000000
33.68,1712127933250000
33.68,1712127933500000
33.68,1712127933750000
33.68,1712127934000000
33.68,1712127934250000
33.68,1712127934500000
33.68,1712127934750000
33.66,1712127935000000
33.66,1712127935250000
33.66,1712127935500000
33.66,1712127935750000
33.68,1712127936000000
33.68,1712127936250000
33.68,1712127936500000
33.68,1712127936750000
33.66,1712127937000000
33.66,1712127937250000
33.66,1712127937500000
33.66,1712127937750000
33.68,1712127938000000
33.68,1712127938250000
33.68,1712127938500000
33.68,1712127938750000
33.65,1712127939000000
33.65,1712127939250000
33.65,1712127939500000
33.65,1712127939750000
33.65,1712127940000000
33.65,1712127940250000
33.65,1712127940500000
33.65,1712127940750000
33.66,1712127941000000
33.66,1712127941250000
33.66,1712127941500000
33.66,1712127941750000
33.66,1712127942000000
33.66,1712127942250000
33.66,1712127942500000
33.66,1712127942750000
33.66,1712127943000000
33.66,1712127943250000
33.66,1712127943500000
33.66,1712127943750000
33.63,1712127944000000
33.63,1712127944250000
33.63,1712127944500000
33.63,1712127944750000
33.65,1712127945000000
33.65,1712127945250000
33.65,1712127945500000
33.65,1712127945750000
33.65,1712127946000000
33.65,1712127946250000
33.65,1712127946500000
33.65,1712127946750000
33.66,1712127947000000
33.66,1712127947250000
33.66,1712127947500000
33.66,1712127947750000
33.65,1712127948000000
33.65,1712127948250000
33.65,1712127948500000
33.65,1712127948750000
33.65,1712127949000000
33.65,1712127949250000
33.65,1712127949500000
33.65,1712127949750000
33.66,1712127950000000
33.66,1712127950250000
33.66,1712127950500000
33.66,1712127950750000
33.65,1712127951000000
33.65,1712127951250000
33.65,1712127951500000
33.65,1712127951750000
33.66,1712127952000000
33.66,1712127952250000
33.66,1712127952500000
33.66,1712127952750000
33.65,1712127953000000
33.65,1712127953250000
33.65,1712127953500000
33.65,1712127953750000
33.65,1712127954000000
33.65,1712127954250000
33.65,1712127954500000
33.65,1712127954750000
33.63,1712127955000000
33.63,1712127955250000
33.63,1712127955500000
33.63,1712127955750000
33.65,1712127956000000
33.65,1712127956250000
33.65,1712127956500000
33.65,1712127956750000
33.63,1712127957000000
33.63,1712127957250000
33.63,1712127957500000
33.63,1712127957750000
33.65,1712127958000000
33.65,1712127958250000
33.65,1712127958500000
33.65,1712127958750000
33.63,1712127959000000
33.63,1712127959250000
33.63,1712127959500000
33.63,1712127959750000
33.63,1712127960000000
33.63,1712127960250000
33.63,1712127960500000
33.63,1712127960750000
33.65,1712127961000000
33.65,1712127961250000
33.65,1712127961500000
33.65,1712127961750000
33.66,1712127962000000
33.66,1712127962250000
33.66,1712127962500000
33.66,1712127962750000
33.65,1712127963000000
33.65,1712127963250000
33.65,1712127963500000
33.65,1712127963750000
33.63,1712127964000000
33.63,1712127964250000
33.63,1712127964500000
33.63,1712127964750000
33.65,1712127965000000
33.65,1712127965250000
33.65,1712127965500000
33.65,1712127965750000
33.66,1712127966000000
33.66,1712127966250000
33.66,1712127966500000
33.66,1712127966750000
33.63,1712127967000000
33.63,1712127967250000
33.63,1712127967500000
33.63,1712127967750000
33.65,1712127968000000
33.65,1712127968250000
33.65,1712127968500000
33.65,1712127968750000
33.63,1712127969000000
33.63,1712127969250000
33.63,1712127969500000
33.63,1712127969750000
33.65,1712127970000000
33.65,1712127970250000
33.65,1712127970500000
33.65,1712127970750000
33.63,1712127971000000
33.63,1712127971250000
33.63,1712127971500000
33.63,1712127971750000
33.65,1712127972000000
33.65,1712127972250000
33.65,1712127972500000
33.65,1712127972750000
33.65,1712127973000000
33.65,1712127973250000
33.65,1712127973500000
33.65,1712127973750000
33.65,1712127974000000
33.65,1712127974250000
33.65,1712127974500000
33.65,1712127974750000
33.63,1712127975000000
33.63,1712127975250000
33.63,1712127975500000
33.63,1712127975750000
33.65,1712127976000000
33.65,1712127976250000
33.65,1712127976500000
33.65,1712127976750000
33.66,1712127977000000
33.66,1712127977250000
33.66,1712127977500000
33.66,1712127977750000
33.66,1712127978000000
33.66,1712127978250000
33.66,1712127978500000
33.66,1712127978750000
33.65,1712127979000000
33.65,1712127979250000
33.65,1712127979500000
33.65,1712127979750000
33.65,1712127980000000
33.65,1712127980250000
33.65,1712127980500000
33.65,1712127980750000
33.65,1712127981000000
33.65,1712127981250000
33.65,1712127981500000
33.65,1712127981750000
33.63,1712127982000000
33.63,1712127982250000
33.63,1712127982500000
33.63,1712127982750000
33.63,1712127983000000
33.63,1712127983250000
33.63,1712127983500000
33.63,1712127983750000
33.65,1712127984000000
33.65,1712127984250000
33.65,1712127984500000
33.65,1712127984750000
33.63,1712127985000000
33.63,1712127985250000
33.63,1712127985500000
33.63,1712127985750000
33.63,1712127986000000
33.63,1712127986250000
33.63,1712127986500000
33.63,1712127986750000
33.63,1712127987000000
33.63,1712127987250000
33.63,1712127987500000
33.63,1712127987750000
33.63,1712127988000000
33.63,1712127988250000
33.63,1712127988500000
33.63,1712127988750000
33.65,1712127989000000
33.65,1712127989250000
33.65,1712127989500000
33.65,1712127989750000
33.63,1712127990000000
33.63,1712127990250000
33.63,1712127990500000
33.63,1712127990750000
33.63,1712127991000000
33.63,1712127991250000
33.63,1712127991500000
33.63,1712127991750000
33.65,1712127992000000
33.65,1712127992250000
33.65,1712127992500000
33.65,1712127992750000
33.63,1712127993000000
33.63,1712127993250000
33.63,1712127993500000
33.63,1712127993750000
33.63,1712127994000000
33.63,1712127994250000
33.63,1712127994500000
33.63,1712127994750000
33.65,1712127995000000
33.65,1712127995250000
33.65,1712127995500000
33.65,1712127995750000
33.65,1712127996000000
33.65,1712127996250000
33.65,1712127996500000
33.65,1712127996750000
33.63,1712127997000000
33.63,1712127997250000
33.63,1712127997500000
33.63,1712127997750000
33.65,1712127998000000
33.65,1712127998250000
33.65,1712127998500000
33.65,1712127998750000
33.63,1712127999000000
33.63,1712127999250000
33.63,1712127999500000
33.63,1712127999750000
33.63,1712128000000000
33.63,1712128000250000
33.63,1712128000500000
33.63,1712128000750000
33.61,1712128001000000
33.61,1712128001250000
33.61,1712128001500000
33.61,1712128001750000
33.63,1712128002000000
33.63,1712128002250000
33.63,1712128002500000
33.63,1712128002750000
33.63,1712128003000000
33.63,1712128003250000
33.63,1712128003500000
33.63,1712128003750000
33.63,1712128004000000
33.63,1712128004250000
33.63,1712128004500000
33.63,1712128004750000
33.63,1712128005000000
33.63,1712128005250000
33.63,1712128005500000
33.63,1712128005750000
33.63,1712128006000000
33.63,1712128006250000
33.63,1712128006500000
33.63,1712128006750000
33.63,1712128007000000
33.63,1712128007250000
33.63,1712128007500000
33.63,1712128007750000
33.63,1712128008000000
33.63,1712128008250000
33.63,1712128008500000
33.63,1712128008750000
33.59,1712128009000000
33.59,1712128009250000
33.59,1712128009500000
33.59,1712128009750000
33.63,1712128010000000
33.63,1712128010250000
33.63,1712128010500000
33.63,1712128010750000
33.61,1712128011000000
33.61,1712128011250000
33.61,1712128011500000
33.61,1712128011750000
33.63,1712128012000000
33.63,1712128012250000
33.63,1712128012500000
33.63,1712128012750000
33.61,1712128013000000
33.61,1712128013250000
33.61,1712128013500000
33.61,1712128013750000
33.63,1712128014000000
33.63,1712128014250000
33.63,1712128014500000
33.63,1712128014750000
33.61,1712128015000000
33.61,1712128015250000
33.61,1712128015500000
33.61,1712128015750000
33.61,1712128016000000
33.61,1712128016250000
33.61,1712128016500000
33.61,1712128016750000
33.63,1712128017000000
33.63,1712128017250000
33.63,1712128017500000
33.63,1712128017750000
33.63,1712128018000000
33.63,1712128018250000
33.63,1712128018500000
33.63,1712128018750000
33.61,1712128019000000
33.61,1712128019250000
33.61,1712128019500000
33.61,1712128019750000
33.61,1712128020000000
33.61,1712128020250000
33.61,1712128020500000
33.61,1712128020750000
33.63,1712128021000000
33.63,1712128021250000
33.63,1712128021500000
33.63,1712128021750000
33.61,1712128022000000
33.61,1712128022250000
33.61,1712128022500000
33.61,1712128022750000
33.61,1712128023000000
33.61,1712128023250000
33.61,1712128023500000
33.61,1712128023750000
33.61,1712128024000000
33.61,1712128024250000
33.61,1712128024500000
33.61,1712128024750000
33.61,1712128025000000
33.61,1712128025250000
33.61,1712128025500000
33.61,1712128025750000
33.61,1712128026000000
33.61,1712128026250000
33.61,1712128026500000
33.61,1712128026750000
33.61,1712128027000000
33.61,1712128027250000
33.61,1712128027500000
33.61,1712128027750000
33.61,1712128028000000
33.61,1712128028250000
33.61,1712128028500000
33.61,1712128028750000
33.61,1712128029000000
33.61,1712128029250000
33.61,1712128029500000
33.61,1712128029750000
33.61,1712128030000000
33.61,1712128030250000
33.61,1712128030500000
33.61,1712128030750000
33.61,1712128031000000
33.61,1712128031250000
33.61,1712128031500000
33.61,1712128031750000
33.61,1712128032000000
33.61,1712128032250000
33.61,1712128032500000
33.61,1712128032750000
33.61,1712128033000000
33.61,1712128033250000
33.61,1712128033500000
33.61,1712128033750000
33.61,1712128034000000
33.61,1712128034250000
33.61,1712128034500000
33.61,1712128034750000
33.59,1712128035000000
33.59,1712128035250000
33.59,1712128035500000
33.59,1712128035750000
33.59,1712128036000000
33.59,1712128036250000
33.59,1712128036500000
33.59,1712128036750000
33.59,1712128037000000
33.59,1712128037250000
33.59,1712128037500000
33.59,1712128037750000
33.57,1712128038000000
33.57,1712128038250000
33.57,1712128038500000
33.57,1712128038750000
33.57,1712128039000000
33.57,1712128039250000
33.57,1712128039500000
33.57,1712128039750000
33.61,1712128040000000
33.61,1712128040250000
33.61,1712128040500000
33.61,1712128040750000
33.59,1712128041000000
33.59,1712128041250000
33.59,1712128041500000
33.59,1712128041750000
33.59,1712128042000000
33.59,1712128042250000
33.59,1712128042500000
33.59,1712128042750000
33.57,1712128043000000
33.57,1712128043250000
33.57,1712128043500000
33.57,1712128043750000
33.61,1712128044000000
33.61,1712128044250000
33.61,1712128044500000
33.61,1712128044750000
33.59,1712128045000000
33.59,1712128045250000
33.59,1712128045500000
33.59,1712128045750000
33.59,1712128046000000
33.59,1712128046250000
33.59,1712128046500000
33.59,1712128046750000
33.59,1712128047000000
33.59,1712128047250000
33.59,1712128047500000
33.59,1712128047750000
33.59,1712128048000000
33.59,1712128048250000
33.59,1712128048500000
33.59,1712128048750000
33.57,1712128049000000
33.57,1712128049250000
33.57,1712128049500000
33.57,1712128049750000
33.57,1712128050000000
33.57,1712128050250000
33.57,1712128050500000
33.57,1712128050750000
33.57,1712128051000000
33.57,1712128051250000
33.57,1712128051500000
33.57,1712128051750000
33.57,1712128052000000
33.57,1712128052250000
33.57,1712128052500000
33.57,1712128052750000
33.55,1712128053000000
33.55,1712128053250000
33.55,1712128053500000
33.55,1712128053750000
33.57,1712128054000000
33.57,1712128054250000
33.57,1712128054500000
33.57,1712128054750000
33.57,1712128055000000
33.57,1712128055250000
33.57,1712128055500000
33.57,1712128055750000
33.55,1712128056000000
33.55,1712128056250000
33.55,1712128056500000
33.55,1712128056750000
33.57,1712128057000000
33.57,1712128057250000
33.57,1712128057500000
33.57,1712128057750000
33.57,1712128058000000
33.57,1712128058250000
33.57,1712128058500000
33.57,1712128058750000
33.57,1712128059000000
33.57,1712128059250000
33.57,1712128059500000
33.57,1712128059750000
33.57,1712128060000000
33.57,1712128060250000
33.57,1712128060500000
33.57,1712128060750000
33.57,1712128061000000
33.57,1712128061250000
33.57,1712128061500000
33.57,1712128061750000
33.55,1712128062000000
33.55,1712128062250000
33.55,1712128062500000
33.55,1712128062750000
33.57,1712128063000000
33.57,1712128063250000
33.57,1712128063500000
33.57,1712128063750000
33.57,1712128064000000
33.57,1712128064250000
33.57,1712128064500000
33.57,1712128064750000
33.57,1712128065000000
33.57,1712128065250000
33.57,1712128065500000
33.57,1712128065750000
33.55,1712128066000000
33.55,1712128066250000
33.55,1712128066500000
33.55,1712128066750000
33.55,1712128067000000
33.55,1712128067250000
33.55,1712128067500000
33.55,1712128067750000
33.55,1712128068000000
33.55,1712128068250000
33.55,1712128068500000
33.55,1712128068750000
33.53,1712128069000000
33.53,1712128069250000
33.53,1712128069500000
33.53,1712128069750000
33.55,1712128070000000
33.55,1712128070250000
33.55,1712128070500000
33.55,1712128070750000
33.55,1712128071000000
33.55,1712128071250000
33.55,1712128071500000
33.55,1712128071750000
33.53,1712128072000000
33.53,1712128072250000
33.53,1712128072500000
33.53,1712128072750000
33.55,1712128073000000
33.55,1712128073250000
33.55,1712128073500000
33.55,1712128073750000
33.53,1712128074000000
33.53,1712128074250000
33.53,1712128074500000
33.53,1712128074750000
33.53,1712128075000000
33.53,1712128075250000
33.53,1712128075500000
33.53,1712128075750000
33.53,1712128076000000
33.53,1712128076250000
33.53,1712128076500000
33.53,1712128076750000
33.55,1712128077000000
33.55,1712128077250000
33.55,1712128077500000
33.55,1712128077750000
33.53,1712128078000000
33.53,1712128078250000
33.53,1712128078500000
33.53,1712128078750000
33.53,1712128079000000
33.53,1712128079250000
33.53,1712128079500000
33.53,1712128079750000
33.55,1712128080000000
33.55,1712128080250000
33.55,1712128080500000
33.55,1712128080750000
33.55,1712128081000000
33.55,1712128081250000
33.55,1712128081500000
33.55,1712128081750000
33.55,1712128082000000
33.55,1712128082250000
33.55,1712128082500000
33.55,1712128082750000
33.5,1712128083000000
33.5,1712128083250000
33.5,1712128083500000
33.5,1712128083750000
33.55,1712128084000000
33.55,1712128084250000
33.55,1712128084500000
33.55,1712128084750000
33.53,1712128085000000
33.53,1712128085250000
33.53,1712128085500000
33.53,1712128085750000
33.53,1712128086000000
33.53,1712128086250000
33.53,1712128086500000
33.53,1712128086750000
33.5,1712128087000000
33.5,1712128087250000
33.5,1712128087500000
33.5,1712128087750000
33.57,1712128088000000
33.57,1712128088250000
33.57,1712128088500000
33.57,1712128088750000
33.55,1712128089000000
33.55,1712128089250000
33.55,1712128089500000
33.55,1712128089750000
33.55,1712128090000000
33.55,1712128090250000
33.55,1712128090500000
33.55,1712128090750000
33.55,1712128091000000
33.55,1712128091250000
33.55,1712128091500000
33.55,1712128091750000
33.55,1712128092000000
33.55,1712128092250000
33.55,1712128092500000
33.55,1712128092750000
33.53,1712128093000000
33.53,1712128093250000
33.53,1712128093500000
33.53,1712128093750000
33.55,1712128094000000
33.55,1712128094250000
33.55,1712128094500000
33.55,1712128094750000
33.53,1712128095000000
33.53,1712128095250000
33.53,1712128095500000
33.53,1712128095750000
33.53,1712128096000000
33.53,1712128096250000
33.53,1712128096500000
33.53,1712128096750000
33.55,1712128097000000
33.55,1712128097250000
33.55,1712128097500000
33.55,1712128097750000
33.55,1712128098000000
33.55,1712128098250000
33.55,1712128098500000
33.55,1712128098750000
33.55,1712128099000000
33.55,1712128099250000
33.55,1712128099500000
33.55,1712128099750000
33.53,1712128100000000
33.53,1712128100250000
33.53,1712128100500000
33.53,1712128100750000
33.55,1712128101000000
33.55,1712128101250000
33.55,1712128101500000
33.55,1712128101750000
33.53,1712128102000000
33.53,1712128102250000
33.53,1712128102500000
33.53,1712128102750000
33.53,1712128103000000
33.53,1712128103250000
33.53,1712128103500000
33.53,1712128103750000
33.53,1712128104000000
33.53,1712128104250000
33.53,1712128104500000
33.53,1712128104750000
33.5,1712128105000000
33.5,1712128105250000
33.5,1712128105500000
33.5,1712128105750000
33.55,1712128106000000
33.55,1712128106250000
33.55,1712128106500000
33.55,1712128106750000
33.53,1712128107000000
33.53,1712128107250000
33.53,1712128107500000
33.53,1712128107750000
33.5,1712128108000000
33.5,1712128108250000
33.5,1712128108500000
33.5,1712128108750000
33.53,1712128109000000
33.53,1712128109250000
33.53,1712128109500000
33.53,1712128109750000
33.53,1712128110000000
33.53,1712128110250000
33.53,1712128110500000
33.53,1712128110750000
33.53,1712128111000000
33.53,1712128111250000
33.53,1712128111500000
33.53,1712128111750000
33.5,1712128112000000
33.5,1712128112250000
33.5,1712128112500000
33.5,1712128112750000
33.5,1712128113000000
33.5,1712128113250000
33.5,1712128113500000
33.5,1712128113750000
33.5,1712128114000000
33.5,1712128114250000
33.5,1712128114500000
33.5,1712128114750000
33.5,1712128115000000
33.5,1712128115250000
33.5,1712128115500000
33.5,1712128115750000
33.5,1712128116000000
33.5,1712128116250000
33.5,1712128116500000
33.5,1712128116750000
33.5,1712128117000000
33.5,1712128117250000
33.5,1712128117500000
33.5,1712128117750000
33.5,1712128118000000
33.5,1712128118250000
33.5,1712128118500000
33.5,1712128118750000
33.49,1712128119000000
33.49,1712128119250000
33.49,1712128119500000
33.49,1712128119750000
33.49,1712128120000000
33.49,1712128120250000
33.49,1712128120500000
33.49,1712128120750000
33.5,1712128121000000
33.5,1712128121250000
33.5,1712128121500000
33.5,1712128121750000
33.5,1712128122000000
33.5,1712128122250000
33.5,1712128122500000
33.5,1712128122750000
33.5,1712128123000000
33.5,1712128123250000
33.5,1712128123500000
33.5,1712128123750000
33.49,1712128124000000
33.49,1712128124250000
33.49,1712128124500000
33.49,1712128124750000
33.5,1712128125000000
33.5,1712128125250000
33.5,1712128125500000
33.5,1712128125750000
33.5,1712128126000000
33.5,1712128126250000
33.5,1712128126500000
33.5,1712128126750000
33.47,1712128127000000
33.47,1712128127250000
33.47,1712128127500000
33.47,1712128127750000
33.49,1712128128000000
33.49,1712128128250000
33.49,1712128128500000
33.49,1712128128750000
33.47,1712128129000000
33.47,1712128129250000
33.47,1712128129500000
33.47,1712128129750000
33.47,1712128130000000
33.47,1712128130250000
33.47,1712128130500000
33.47,1712128130750000
33.49,1712128131000000
33.49,1712128131250000
33.49,1712128131500000
33.49,1712128131750000
33.5,1712128132000000
33.5,1712128132250000
33.5,1712128132500000
33.5,1712128132750000
33.49,1712128133000000
33.49,1712128133250000
33.49,1712128133500000
33.49,1712128133750000
33.45,1712128134000000
33.45,1712128134250000
33.45,1712128134500000
33.45,1712128134750000
33.49,1712128135000000
33.49,1712128135250000
33.49,1712128135500000
33.49,1712128135750000
33.47,1712128136000000
33.47,1712128136250000
33.47,1712128136500000
33.47,1712128136750000
33.47,1712128137000000
33.47,1712128137250000
33.47,1712128137500000
33.47,1712128137750000
33.47,1712128138000000
33.47,1712128138250000
33.47,1712128138500000
33.47,1712128138750000
33.47,1712128139000000
33.47,1712128139250000
33.47,1712128139500000
33.47,1712128139750000
33.49,1712128140000000
33.49,1712128140250000
33.49,1712128140500000
33.49,1712128140750000
33.45,1712128141000000
33.45,1712128141250000
33.45,1712128141500000
33.45,1712128141750000
33.45,1712128142000000
33.45,1712128142250000
33.45,1712128142500000
33.45,1712128142750000
33.47,1712128143000000
33.47,1712128143250000
33.47,1712128143500000
33.47,1712128143750000
33.47,1712128144000000
33.47,1712128144250000
33.47,1712128144500000
33.47,1712128144750000
33.47,1712128145000000
33.47,1712128145250000
33.47,1712128145500000
33.47,1712128145750000
33.47,1712128146000000
33.47,1712128146250000
33.47,1712128146500000
33.47,1712128146750000
33.45,1712128147000000
33.45,1712128147250000
33.45,1712128147500000
33.45,1712128147750000
33.45,1712128148000000
33.45,1712128148250000
33.45,1712128148500000
33.45,1712128148750000
33.45,1712128149000000
33.45,1712128149250000
33.45,1712128149500000
33.45,1712128149750000
33.45,1712128150000000
33.45,1712128150250000
33.45,1712128150500000
33.45,1712128150750000
33.43,1712128151000000
33.43,1712128151250000
33.43,1712128151500000
33.43,1712128151750000
33.43,1712128152000000
33.43,1712128152250000
33.43,1712128152500000
33.43,1712128152750000
33.43,1712128153000000
33.43,1712128153250000
33.43,1712128153500000
33.43,1712128153750000
33.45,1712128154000000
33.45,1712128154250000
33.45,1712128154500000
33.45,1712128154750000
33.43,1712128155000000
33.43,1712128155250000
33.43,1712128155500000
33.43,1712128155750000
33.43,1712128156000000
33.43,1712128156250000
33.43,1712128156500000
33.43,1712128156750000
33.43,1712128157000000
33.43,1712128157250000
33.43,1712128157500000
33.43,1712128157750000
33.43,1712128158000000
33.43,1712128158250000
33.43,1712128158500000
33.43,1712128158750000
33.43,1712128159000000
33.43,1712128159250000
33.43,1712128159500000
33.43,1712128159750000
33.43,1712128160000000
33.43,1712128160250000
33.43,1712128160500000
33.43,1712128160750000
33.43,1712128161000000
33.43,1712128161250000
33.43,1712128161500000
33.43,1712128161750000
33.41,1712128162000000
33.41,1712128162250000
33.41,1712128162500000
33.41,1712128162750000
33.43,1712128163000000
33.43,1712128163250000
33.43,1712128163500000
33.43,1712128163750000
33.41,1712128164000000
33.41,1712128164250000
33.41,1712128164500000
33.41,1712128164750000
33.39,1712128165000000
33.39,1712128165250000
33.39,1712128165500000
33.39,1712128165750000
33.41,1712128166000000
33.41,1712128166250000
33.41,1712128166500000
33.41,1712128166750000
33.41,1712128167000000
33.41,1712128167250000
33.41,1712128167500000
33.41,1712128167750000
33.41,1712128168000000
33.41,1712128168250000
33.41,1712128168500000
33.41,1712128168750000
33.39,1712128169000000
33.39,1712128169250000
33.39,1712128169500000
33.39,1712128169750000
33.41,1712128170000000
33.41,1712128170250000
33.41,1712128170500000
33.41,1712128170750000
33.39,1712128171000000
33.39,1712128171250000
33.39,1712128171500000
33.39,1712128171750000
33.41,1712128172000000
33.41,1712128172250000
33.41,1712128172500000
33.41,1712128172750000
33.41,1712128173000000
33.41,1712128173250000
33.41,1712128173500000
33.41,1712128173750000
33.39,1712128174000000
33.39,1712128174250000
33.39,1712128174500000
33.39,1712128174750000
33.39,1712128175000000
33.39,1712128175250000
33.39,1712128175500000
33.39,1712128175750000
33.37,1712128176000000
33.37,1712128176250000
33.37,1712128176500000
33.37,1712128176750000
33.39,1712128177000000
33.39,1712128177250000
33.39,1712128177500000
33.39,1712128177750000
33.37,1712128178000000
33.37,1712128178250000
33.37,1712128178500000
33.37,1712128178750000
33.39,1712128179000000
33.39,1712128179250000
33.39,1712128179500000
33.39,1712128179750000
33.39,1712128180000000
33.39,1712128180250000
33.39,1712128180500000
33.39,1712128180750000
33.37,1712128181000000
33.37,1712128181250000
33.37,1712128181500000
33.37,1712128181750000
33.37,1712128182000000
33.37,1712128182250000
33.37,1712128182500000
33.37,1712128182750000
33.37,1712128183000000
33.37,1712128183250000
33.37,1712128183500000
33.37,1712128183750000
33.41,1712128184000000
33.41,1712128184250000
33.41,1712128184500000
33.41,1712128184750000
33.37,1712128185000000
33.37,1712128185250000
33.37,1712128185500000
33.37,1712128185750000
33.39,1712128186000000
33.39,1712128186250000
33.39,1712128186500000
33.39,1712128186750000
33.37,1712128187000000
33.37,1712128187250000
33.37,1712128187500000
33.37,1712128187750000
33.39,1712128188000000
33.39,1712128188250000
33.39,1712128188500000
33.39,1712128188750000
33.37,1712128189000000
33.37,1712128189250000
33.37,1712128189500000
33.37,1712128189750000
33.37,1712128190000000
33.37,1712128190250000
33.37,1712128190500000
33.37,1712128190750000
33.37,1712128191000000
33.37,1712128191250000
33.37,1712128191500000
33.37,1712128191750000
33.39,1712128192000000
33.39,1712128192250000
33.39,1712128192500000
33.39,1712128192750000
33.37,1712128193000000
33.37,1712128193250000
33.37,1712128193500000
33.37,1712128193750000
33.37,1712128194000000
33.37,1712128194250000
33.37,1712128194500000
33.37,1712128194750000
33.37,1712128195000000
33.37,1712128195250000
33.37,1712128195500000
33.37,1712128195750000
33.34,1712128196000000
33.34,1712128196250000
33.34,1712128196500000
33.34,1712128196750000
33.34,1712128197000000
33.34,1712128197250000
33.34,1712128197500000
33.34,1712128197750000
33.37,1712128198000000
33.37,1712128198250000
33.37,1712128198500000
33.37,1712128198750000
33.34,1712128199000000
33.34,1712128199250000
33.34,1712128199500000
33.34,1712128199750000
33.37,1712128200000000
33.37,1712128200250000
33.37,1712128200500000
33.37,1712128200750000
33.33,1712128201000000
33.33,1712128201250000
33.33,1712128201500000
33.33,1712128201750000
33.33,1712128202000000
33.33,1712128202250000
33.33,1712128202500000
33.33,1712128202750000
33.33,1712128203000000
33.33,1712128203250000
33.33,1712128203500000
33.33,1712128203750000
33.33,1712128204000000
33.33,1712128204250000
33.33,1712128204500000
33.33,1712128204750000
33.33,1712128205000000
33.33,1712128205250000
33.33,1712128205500000
33.33,1712128205750000
33.33,1712128206000000
33.33,1712128206250000
33.33,1712128206500000
33.33,1712128206750000
33.33,1712128207000000
33.33,1712128207250000
33.33,1712128207500000
33.33,1712128207750000
33.33,1712128208000000
33.33,1712128208250000
33.33,1712128208500000
33.33,1712128208750000
33.33,1712128209000000
33.33,1712128209250000
33.33,1712128209500000
33.33,1712128209750000
33.31,1712128210000000
33.31,1712128210250000
33.31,1712128210500000
33.31,1712128210750000
33.31,1712128211000000
33.31,1712128211250000
33.31,1712128211500000
33.31,1712128211750000
33.31,1712128212000000
33.31,1712128212250000
33.31,1712128212500000
33.31,1712128212750000
33.33,1712128213000000
33.33,1712128213250000
33.33,1712128213500000
33.33,1712128213750000
33.31,1712128214000000
33.31,1712128214250000
33.31,1712128214500000
33.31,1712128214750000
33.29,1712128215000000
33.29,1712128215250000
33.29,1712128215500000
33.29,1712128215750000
33.29,1712128216000000
33.29,1712128216250000
33.29,1712128216500000
33.29,1712128216750000
33.27,1712128217000000
33.27,1712128217250000
33.27,1712128217500000
33.27,1712128217750000
33.29,1712128218000000
33.29,1712128218250000
33.29,1712128218500000
33.29,1712128218750000
33.29,1712128219000000
33.29,1712128219250000
33.29,1712128219500000
33.29,1712128219750000
33.27,1712128220000000
33.27,1712128220250000
33.27,1712128220500000
33.27,1712128220750000
33.25,1712128221000000
33.25,1712128221250000
33.25,1712128221500000
33.25,1712128221750000
33.23,1712128222000000
33.23,1712128222250000
33.23,1712128222500000
33.23,1712128222750000
33.27,1712128223000000
33.27,1712128223250000
33.27,1712128223500000
33.27,1712128223750000
33.25,1712128224000000
33.25,1712128224250000
33.25,1712128224500000
33.25,1712128224750000
33.25,1712128225000000
33.25,1712128225250000
33.25,1712128225500000
33.25,1712128225750000
33.21,1712128226000000
33.21,1712128226250000
33.21,1712128226500000
33.21,1712128226750000
33.23,1712128227000000
33.23,1712128227250000
33.23,1712128227500000
33.23,1712128227750000
33.21,1712128228000000
33.21,1712128228250000
33.21,1712128228500000
33.21,1712128228750000
33.21,1712128229000000
33.21,1712128229250000
33.21,1712128229500000
33.21,1712128229750000
33.21,1712128230000000
33.21,1712128230250000
33.21,1712128230500000
33.21,1712128230750000
33.21,1712128231000000
33.21,1712128231250000
33.21,1712128231500000
33.21,1712128231750000
33.21,1712128232000000
33.21,1712128232250000
33.21,1712128232500000
33.21,1712128232750000
33.18,1712128233000000
33.18,1712128233250000
33.18,1712128233500000
33.18,1712128233750000
33.18,1712128234000000
33.18,1712128234250000
33.18,1712128234500000
33.18,1712128234750000
33.16,1712128235000000
33.16,1712128235250000
33.16,1712128235500000
33.16,1712128235750000
33.18,1712128236000000
33.18,1712128236250000
33.18,1712128236500000
33.18,1712128236750000
33.16,1712128237000000
33.16,1712128237250000
33.16,1712128237500000
33.16,1712128237750000
33.16,1712128238000000
33.16,1712128238250000
33.16,1712128238500000
33.16,1712128238750000
33.16,1712128239000000
33.16,1712128239250000
33.16,1712128239500000
33.16,1712128239750000
33.16,1712128240000000
33.16,1712128240250000
33.16,1712128240500000
33.16,1712128240750000
33.16,1712128241000000
33.16,1712128241250000
33.16,1712128241500000
33.16,1712128241750000
33.15,1712128242000000
33.15,1712128242250000
33.15,1712128242500000
33.15,1712128242750000
33.15,1712128243000000
33.15,1712128243250000
33.15,1712128243500000
33.15,1712128243750000
33.13,1712128244000000
33.13,1712128244250000
33.13,1712128244500000
33.13,1712128244750000
33.11,1712128245000000
33.11,1712128245250000
33.11,1712128245500000
33.11,1712128245750000
33.13,1712128246000000
33.13,1712128246250000
33.13,1712128246500000
33.13,1712128246750000
33.11,1712128247000000
33.11,1712128247250000
33.11,1712128247500000
33.11,1712128247750000
33.13,1712128248000000
33.13,1712128248250000
33.13,1712128248500000
33.13,1712128248750000
33.11,1712128249000000
33.11,1712128249250000
33.11,1712128249500000
33.11,1712128249750000
33.11,1712128250000000
33.11,1712128250250000
33.11,1712128250500000
33.11,1712128250750000
33.09,1712128251000000
33.09,1712128251250000
33.09,1712128251500000
33.09,1712128251750000
33.09,1712128252000000
33.09,1712128252250000
33.09,1712128252500000
33.09,1712128252750000
33.09,1712128253000000
33.09,1712128253250000
33.09,1712128253500000
33.09,1712128253750000
33.09,1712128254000000
33.09,1712128254250000
33.09,1712128254500000
33.09,1712128254750000
33.09,1712128255000000
33.09,1712128255250000
33.09,1712128255500000
33.09,1712128255750000
33.09,1712128256000000
33.09,1712128256250000
33.09,1712128256500000
33.09,1712128256750000
33.07,1712128257000000
33.07,1712128257250000
33.07,1712128257500000
33.07,1712128257750000
33.05,1712128258000000
33.05,1712128258250000
33.05,1712128258500000
33.05,1712128258750000
33.05,1712128259000000
33.05,1712128259250000
33.05,1712128259500000
33.05,1712128259750000
33.07,1712128260000000
33.07,1712128260250000
33.07,1712128260500000
33.07,1712128260750000
33.07,1712128261000000
33.07,1712128261250000
33.07,1712128261500000
33.07,1712128261750000
33.07,1712128262000000
33.07,1712128262250000
33.07,1712128262500000
33.07,1712128262750000
33.05,1712128263000000
33.05,1712128263250000
33.05,1712128263500000
33.05,1712128263750000
33.05,1712128264000000
33.05,1712128264250000
33.05,1712128264500000
33.05,1712128264750000
33.03,1712128265000000
33.03,1712128265250000
33.03,1712128265500000
33.03,1712128265750000
33.03,1712128266000000
33.03,1712128266250000
33.03,1712128266500000
33.03,1712128266750000
33.03,1712128267000000
33.03,1712128267250000
33.03,1712128267500000
33.03,1712128267750000
33.03,1712128268000000
33.03,1712128268250000
33.03,1712128268500000
33.03,1712128268750000
33.03,1712128269000000
33.03,1712128269250000
33.03,1712128269500000
33.03,1712128269750000
33.0,1712128270000000
33.0,1712128270250000
33.0,1712128270500000
33.0,1712128270750000
33.03,1712128271000000
33.03,1712128271250000
33.03,1712128271500000
33.03,1712128271750000
33.0,1712128272000000
33.0,1712128272250000
33.0,1712128272500000
33.0,1712128272750000
32.99,1712128273000000
32.99,1712128273250000
32.99,1712128273500000
32.99,1712128273750000
33.0,1712128274000000
33.0,1712128274250000
33.0,1712128274500000
33.0,1712128274750000
32.99,1712128275000000
32.99,1712128275250000
32.99,1712128275500000
32.99,1712128275750000
33.0,1712128276000000
33.0,1712128276250000
33.0,1712128276500000
33.0,1712128276750000
32.99,1712128277000000
32.99,1712128277250000
32.99,1712128277500000
32.99,1712128277750000
32.97,1712128278000000
32.97,1712128278250000
32.97,1712128278500000
32.97,1712128278750000
32.95,1712128279000000
32.95,1712128279250000
32.95,1712128279500000
32.95,1712128279750000
32.95,1712128280000000
32.95,1712128280250000
32.95,1712128280500000
32.95,1712128280750000
32.95,1712128281000000
32.95,1712128281250000
32.95,1712128281500000
32.95,1712128281750000
32.95,1712128282000000
32.95,1712128282250000
32.95,1712128282500000
32.95,1712128282750000
32.93,1712128283000000
32.93,1712128283250000
32.93,1712128283500000
32.93,1712128283750000
32.91,1712128284000000
32.91,1712128284250000
32.91,1712128284500000
32.91,1712128284750000
32.93,1712128285000000
32.93,1712128285250000
32.93,1712128285500000
32.93,1712128285750000
32.93,1712128286000000
32.93,1712128286250000
32.93,1712128286500000
32.93,1712128286750000
32.93,1712128287000000
32.93,1712128287250000
32.93,1712128287500000
32.93,1712128287750000
32.91,1712128288000000
32.91,1712128288250000
32.91,1712128288500000
32.91,1712128288750000
32.89,1712128289000000
32.89,1712128289250000
32.89,1712128289500000
32.89,1712128289750000
32.91,1712128290000000
32.91,1712128290250000
32.91,1712128290500000
32.91,1712128290750000
32.89,1712128291000000
32.89,1712128291250000
32.89,1712128291500000
32.89,1712128291750000
32.89,1712128292000000
32.89,1712128292250000
32.89,1712128292500000
32.89,1712128292750000
32.87,1712128293000000
32.87,1712128293250000
32.87,1712128293500000
32.87,1712128293750000
32.87,1712128294000000
32.87,1712128294250000
32.87,1712128294500000
32.87,1712128294750000
32.87,1712128295000000
32.87,1712128295250000
32.87,1712128295500000
32.87,1712128295750000
32.89,1712128296000000
32.89,1712128296250000
32.89,1712128296500000
32.89,1712128296750000
32.87,1712128297000000
32.87,1712128297250000
32.87,1712128297500000
32.87,1712128297750000
32.84,1712128298000000
32.84,1712128298250000
32.84,1712128298500000
32.84,1712128298750000
32.84,1712128299000000
32.84,1712128299250000
32.84,1712128299500000
32.84,1712128299750000
32.83,1712128300000000
32.83,1712128300250000
32.83,1712128300500000
32.83,1712128300750000
32.83,1712128301000000
32.83,1712128301250000
32.83,1712128301500000
32.83,1712128301750000
32.83,1712128302000000
32.83,1712128302250000
32.83,1712128302500000
32.83,1712128302750000
32.83,1712128303000000
32.83,1712128303250000
32.83,1712128303500000
32.83,1712128303750000
32.81,1712128304000000
32.81,1712128304250000
32.81,1712128304500000
32.81,1712128304750000
32.83,1712128305000000
32.83,1712128305250000
32.83,1712128305500000
32.83,1712128305750000
32.81,1712128306000000
32.81,1712128306250000
32.81,1712128306500000
32.81,1712128306750000
32.81,1712128307000000
32.81,1712128307250000
32.81,1712128307500000
32.81,1712128307750000
32.83,1712128308000000
32.83,1712128308250000
32.83,1712128308500000
32.83,1712128308750000
32.81,1712128309000000
32.81,1712128309250000
32.81,1712128309500000
32.81,1712128309750000
32.79,1712128310000000
32.79,1712128310250000
32.79,1712128310500000
32.79,1712128310750000
32.79,1712128311000000
32.79,1712128311250000
32.79,1712128311500000
32.79,1712128311750000
32.77,1712128312000000
32.77,1712128312250000
32.77,1712128312500000
32.77,1712128312750000
32.77,1712128313000000
32.77,1712128313250000
32.77,1712128313500000
32.77,1712128313750000
32.77,1712128314000000
32.77,1712128314250000
32.77,1712128314500000
32.77,1712128314750000
32.75,1712128315000000
32.75,1712128315250000
32.75,1712128315500000
32.75,1712128315750000
32.73,1712128316000000
32.73,1712128316250000
32.73,1712128316500000
32.73,1712128316750000
32.73,1712128317000000
32.73,1712128317250000
32.73,1712128317500000
32.73,1712128317750000
32.73,1712128318000000
32.73,1712128318250000
32.73,1712128318500000
32.73,1712128318750000
32.73,1712128319000000
32.73,1712128319250000
32.73,1712128319500000
32.73,1712128319750000
32.73,1712128320000000
32.73,1712128320250000
32.73,1712128320500000
32.73,1712128320750000
32.71,1712128321000000
32.71,1712128321250000
32.71,1712128321500000
32.71,1712128321750000
32.73,1712128322000000
32.73,1712128322250000
32.73,1712128322500000
32.73,1712128322750000
32.73,1712128323000000
32.73,1712128323250000
32.73,1712128323500000
32.73,1712128323750000
32.71,1712128324000000
32.71,1712128324250000
32.71,1712128324500000
32.71,1712128324750000
32.71,1712128325000000
32.71,1712128325250000
32.71,1712128325500000
32.71,1712128325750000
32.66,1712128326000000
32.66,1712128326250000
32.66,1712128326500000
32.66,1712128326750000
32.68,1712128327000000
32.68,1712128327250000
32.68,1712128327500000
32.68,1712128327750000
32.65,1712128328000000
32.65,1712128328250000
32.65,1712128328500000
32.65,1712128328750000
32.66,1712128329000000
32.66,1712128329250000
32.66,1712128329500000
32.66,1712128329750000
32.66,1712128330000000
32.66,1712128330250000
32.66,1712128330500000
32.66,1712128330750000
32.66,1712128331000000
32.66,1712128331250000
32.66,1712128331500000
32.66,1712128331750000
32.65,1712128332000000
32.65,1712128332250000
32.65,1712128332500000
32.65,1712128332750000
32.65,1712128333000000
32.65,1712128333250000
32.65,1712128333500000
32.65,1712128333750000
32.65,1712128334000000
32.65,1712128334250000
32.65,1712128334500000
32.65,1712128334750000
32.65,1712128335000000
32.65,1712128335250000
32.65,1712128335500000
32.65,1712128335750000
32.63,1712128336000000
32.63,1712128336250000
32.63,1712128336500000
32.63,1712128336750000
32.63,1712128337000000
32.63,1712128337250000
32.63,1712128337500000
32.63,1712128337750000
32.65,1712128338000000
32.65,1712128338250000
32.65,1712128338500000
32.65,1712128338750000
32.61,1712128339000000
32.61,1712128339250000
32.61,1712128339500000
32.61,1712128339750000
32.65,1712128340000000
32.65,1712128340250000
32.65,1712128340500000
32.65,1712128340750000
32.61,1712128341000000
32.61,1712128341250000
32.61,1712128341500000
32.61,1712128341750000
32.61,1712128342000000
32.61,1712128342250000
32.61,1712128342500000
32.61,1712128342750000
32.63,1712128343000000
32.63,1712128343250000
32.63,1712128343500000
32.63,1712128343750000
32.63,1712128344000000
32.63,1712128344250000
32.63,1712128344500000
32.63,1712128344750000
32.63,1712128345000000
32.63,1712128345250000
32.63,1712128345500000
32.63,1712128345750000
32.65,1712128346000000
32.65,1712128346250000
32.65,1712128346500000
32.65,1712128346750000
32.63,1712128347000000
32.63,1712128347250000
32.63,1712128347500000
32.63,1712128347750000
32.65,1712128348000000
32.65,1712128348250000
32.65,1712128348500000
32.65,1712128348750000
32.63,1712128349000000
32.63,1712128349250000
32.63,1712128349500000
32.63,1712128349750000
32.63,1712128350000000
32.63,1712128350250000
32.63,1712128350500000
32.63,1712128350750000
32.63,1712128351000000
32.63,1712128351250000
32.63,1712128351500000
32.63,1712128351750000
32.65,1712128352000000
32.65,1712128352250000
32.65,1712128352500000
32.65,1712128352750000
32.63,1712128353000000
32.63,1712128353250000
32.63,1712128353500000
32.63,1712128353750000
32.65,1712128354000000
32.65,1712128354250000
32.65,1712128354500000
32.65,1712128354750000
32.63,1712128355000000
32.63,1712128355250000
32.63,1712128355500000
32.63,1712128355750000
32.63,1712128356000000
32.63,1712128356250000
32.63,1712128356500000
32.63,1712128356750000
32.66,1712128357000000
32.66,1712128357250000
32.66,1712128357500000
32.66,1712128357750000
32.63,1712128358000000
32.63,1712128358250000
32.63,1712128358500000
32.63,1712128358750000
32.63,1712128359000000
32.63,1712128359250000
32.63,1712128359500000
32.63,1712128359750000
32.66,1712128360000000
32.66,1712128360250000
32.66,1712128360500000
32.66,1712128360750000
32.65,1712128361000000
32.65,1712128361250000
32.65,1712128361500000
32.65,1712128361750000
32.65,1712128362000000
32.65,1712128362250000
32.65,1712128362500000
32.65,1712128362750000
32.65,1712128363000000
32.65,1712128363250000
32.65,1712128363500000
32.65,1712128363750000
32.65,1712128364000000
32.65,1712128364250000
32.65,1712128364500000
32.65,1712128364750000
32.65,1712128365000000
32.65,1712128365250000
32.65,1712128365500000
32.65,1712128365750000
32.65,1712128366000000
32.65,1712128366250000
32.65,1712128366500000
32.65,1712128366750000
32.65,1712128367000000
32.65,1712128367250000
32.65,1712128367500000
32.65,1712128367750000
32.65,1712128368000000
32.65,1712128368250000
32.65,1712128368500000
32.65,1712128368750000
32.66,1712128369000000
32.66,1712128369250000
32.66,1712128369500000
32.66,1712128369750000
32.66,1712128370000000
32.66,1712128370250000
32.66,1712128370500000
32.66,1712128370750000
32.66,1712128371000000
32.66,1712128371250000
32.66,1712128371500000
32.66,1712128371750000
32.68,1712128372000000
32.68,1712128372250000
32.68,1712128372500000
32.68,1712128372750000
32.65,1712128373000000
32.65,1712128373250000
32.65,1712128373500000
32.65,1712128373750000
32.66,1712128374000000
32.66,1712128374250000
32.66,1712128374500000
32.66,1712128374750000
32.66,1712128375000000
32.66,1712128375250000
32.66,1712128375500000
32.66,1712128375750000
32.68,1712128376000000
32.68,1712128376250000
32.68,1712128376500000
32.68,1712128376750000
32.66,1712128377000000
32.66,1712128377250000
32.66,1712128377500000
32.66,1712128377750000
32.66,1712128378000000
32.66,1712128378250000
32.66,1712128378500000
32.66,1712128378750000
32.66,1712128379000000
32.66,1712128379250000
32.66,1712128379500000
32.66,1712128379750000
32.66,1712128380000000
32.66,1712128380250000
32.66,1712128380500000
32.66,1712128380750000
32.66,1712128381000000
32.66,1712128381250000
32.66,1712128381500000
32.66,1712128381750000
32.68,1712128382000000
32.68,1712128382250000
32.68,1712128382500000
32.68,1712128382750000
32.66,1712128383000000
32.66,1712128383250000
32.66,1712128383500000
32.66,1712128383750000
32.68,1712128384000000
32.68,1712128384250000
32.68,1712128384500000
32.68,1712128384750000
32.66,1712128385000000
32.66,1712128385250000
32.66,1712128385500000
32.66,1712128385750000
32.66,1712128386000000
32.66,1712128386250000
32.66,1712128386500000
32.66,1712128386750000
32.65,1712128387000000
32.65,1712128387250000
32.65,1712128387500000
32.65,1712128387750000
32.66,1712128388000000
32.66,1712128388250000
32.66,1712128388500000
32.66,1712128388750000
32.63,1712128389000000
32.63,1712128389250000
32.63,1712128389500000
32.63,1712128389750000
32.66,1712128390000000
32.66,1712128390250000
32.66,1712128390500000
32.66,1712128390750000
32.66,1712128391000000
32.66,1712128391250000
32.66,1712128391500000
32.66,1712128391750000
32.66,1712128392000000
32.66,1712128392250000
32.66,1712128392500000
32.66,1712128392750000
32.66,1712128393000000
32.66,1712128393250000
32.66,1712128393500000
32.66,1712128393750000
32.66,1712128394000000
32.66,1712128394250000
32.66,1712128394500000
32.66,1712128394750000
32.68,1712128395000000
32.68,1712128395250000
32.68,1712128395500000
32.68,1712128395750000
32.65,1712128396000000
32.65,1712128396250000
32.65,1712128396500000
32.65,1712128396750000
32.66,1712128397000000
32.66,1712128397250000
32.66,1712128397500000
32.66,1712128397750000
32.66,1712128398000000
32.66,1712128398250000
32.66,1712128398500000
32.66,1712128398750000
32.66,1712128399000000
32.66,1712128399250000
32.66,1712128399500000
32.66,1712128399750000
32.66,1712128400000000
32.66,1712128400250000
32.66,1712128400500000
32.66,1712128400750000
32.65,1712128401000000
32.65,1712128401250000
32.65,1712128401500000
32.65,1712128401750000
32.65,1712128402000000
32.65,1712128402250000
32.65,1712128402500000
32.65,1712128402750000
32.66,1712128403000000
32.66,1712128403250000
32.66,1712128403500000
32.66,1712128403750000
32.65,1712128404000000
32.65,1712128404250000
32.65,1712128404500000
32.65,1712128404750000
32.65,1712128405000000
32.65,1712128405250000
32.65,1712128405500000
32.65,1712128405750000
32.63,1712128406000000
32.63,1712128406250000
32.63,1712128406500000
32.63,1712128406750000
32.65,1712128407000000
32.65,1712128407250000
32.65,1712128407500000
32.65,1712128407750000
32.65,1712128408000000
32.65,1712128408250000
32.65,1712128408500000
32.65,1712128408750000
32.65,1712128409000000
32.65,1712128409250000
32.65,1712128409500000
32.65,1712128409750000
32.63,1712128410000000
32.63,1712128410250000
32.63,1712128410500000
32.63,1712128410750000
32.61,1712128411000000
32.61,1712128411250000
32.61,1712128411500000
32.61,1712128411750000
32.65,1712128412000000
32.65,1712128412250000
32.65,1712128412500000
32.65,1712128412750000
32.63,1712128413000000
32.63,1712128413250000
32.63,1712128413500000
32.63,1712128413750000
32.63,1712128414000000
32.63,1712128414250000
32.63,1712128414500000
32.63,1712128414750000
32.61,1712128415000000
32.61,1712128415250000
32.61,1712128415500000
32.61,1712128415750000
32.61,1712128416000000
32.61,1712128416250000
32.61,1712128416500000
32.61,1712128416750000
32.59,1712128417000000
32.59,1712128417250000
32.59,1712128417500000
32.59,1712128417750000
32.61,1712128418000000
32.61,1712128418250000
32.61,1712128418500000
32.61,1712128418750000
32.61,1712128419000000
32.61,1712128419250000
32.61,1712128419500000
32.61,1712128419750000
32.59,1712128420000000
32.59,1712128420250000
32.59,1712128420500000
32.59,1712128420750000
32.61,1712128421000000
32.61,1712128421250000
32.61,1712128421500000
32.61,1712128421750000
32.57,1712128422000000
32.57,1712128422250000
32.57,1712128422500000
32.57,1712128422750000
32.59,1712128423000000
32.59,1712128423250000
32.59,1712128423500000
32.59,1712128423750000
32.57,1712128424000000
32.57,1712128424250000
32.57,1712128424500000
32.57,1712128424750000
32.57,1712128425000000
32.57,1712128425250000
32.57,1712128425500000
32.57,1712128425750000
32.57,1712128426000000
32.57,1712128426250000
32.57,1712128426500000
32.57,1712128426750000
32.57,1712128427000000
32.57,1712128427250000
32.57,1712128427500000
32.57,1712128427750000
32.55,1712128428000000
32.55,1712128428250000
32.55,1712128428500000
32.55,1712128428750000
32.55,1712128429000000
32.55,1712128429250000
32.55,1712128429500000
32.55,1712128429750000
32.55,1712128430000000
32.55,1712128430250000
32.55,1712128430500000
32.55,1712128430750000
32.53,1712128431000000
32.53,1712128431250000
32.53,1712128431500000
32.53,1712128431750000
32.53,1712128432000000
32.53,1712128432250000
32.53,1712128432500000
32.53,1712128432750000
32.53,1712128433000000
32.53,1712128433250000
32.53,1712128433500000
32.53,1712128433750000
32.53,1712128434000000
32.53,1712128434250000
32.53,1712128434500000
32.53,1712128434750000
32.5,1712128435000000
32.5,1712128435250000
32.5,1712128435500000
32.5,1712128435750000
32.53,1712128436000000
32.53,1712128436250000
32.53,1712128436500000
32.53,1712128436750000
32.5,1712128437000000
32.5,1712128437250000
32.5,1712128437500000
32.5,1712128437750000
32.5,1712128438000000
32.5,1712128438250000
32.5,1712128438500000
32.5,1712128438750000
32.5,1712128439000000
32.5,1712128439250000
32.5,1712128439500000
32.5,1712128439750000
32.5,1712128440000000
32.5,1712128440250000
32.5,1712128440500000
32.5,1712128440750000
32.47,1712128441000000
32.47,1712128441250000
32.47,1712128441500000
32.47,1712128441750000
32.47,1712128442000000
32.47,1712128442250000
32.47,1712128442500000
32.47,1712128442750000
32.47,1712128443000000
32.47,1712128443250000
32.47,1712128443500000
32.47,1712128443750000
32.47,1712128444000000
32.47,1712128444250000
32.47,1712128444500000
32.47,1712128444750000
32.47,1712128445000000
32.47,1712128445250000
32.47,1712128445500000
32.47,1712128445750000
32.47,1712128446000000
32.47,1712128446250000
32.47,1712128446500000
32.47,1712128446750000
32.45,1712128447000000
32.45,1712128447250000
32.45,1712128447500000
32.45,1712128447750000
32.43,1712128448000000
32.43,1712128448250000
32.43,1712128448500000
32.43,1712128448750000
32.43,1712128449000000
32.43,1712128449250000
32.43,1712128449500000
32.43,1712128449750000
32.45,1712128450000000
32.45,1712128450250000
32.45,1712128450500000
32.45,1712128450750000
32.45,1712128451000000
32.45,1712128451250000
32.45,1712128451500000
32.45,1712128451750000
32.45,1712128452000000
32.45,1712128452250000
32.45,1712128452500000
32.45,1712128452750000
32.41,1712128453000000
32.41,1712128453250000
32.41,1712128453500000
32.41,1712128453750000
32.43,1712128454000000
32.43,1712128454250000
32.43,1712128454500000
32.43,1712128454750000
32.43,1712128455000000
32.43,1712128455250000
32.43,1712128455500000
32.43,1712128455750000
32.41,1712128456000000
32.41,1712128456250000
32.41,1712128456500000
32.41,1712128456750000
32.41,1712128457000000
32.41,1712128457250000
32.41,1712128457500000
32.41,1712128457750000
32.41,1712128458000000
32.41,1712128458250000
32.41,1712128458500000
32.41,1712128458750000
32.41,1712128459000000
32.41,1712128459250000
32.41,1712128459500000
32.41,1712128459750000
32.39,1712128460000000
32.39,1712128460250000
32.39,1712128460500000
32.39,1712128460750000
32.39,1712128461000000
32.39,1712128461250000
32.39,1712128461500000
32.39,1712128461750000
32.39,1712128462000000
32.39,1712128462250000
32.39,1712128462500000
32.39,1712128462750000
32.39,1712128463000000
32.39,1712128463250000
32.39,1712128463500000
32.39,1712128463750000
32.37,1712128464000000
32.37,1712128464250000
32.37,1712128464500000
32.37,1712128464750000
32.34,1712128465000000
32.34,1712128465250000
32.34,1712128465500000
32.34,1712128465750000
32.37,1712128466000000
32.37,1712128466250000
32.37,1712128466500000
32.37,1712128466750000
32.37,1712128467000000
32.37,1712128467250000
32.37,1712128467500000
32.37,1712128467750000
32.34,1712128468000000
32.34,1712128468250000
32.34,1712128468500000
32.34,1712128468750000
32.34,1712128469000000
32.34,1712128469250000
32.34,1712128469500000
32.34,1712128469750000
32.34,1712128470000000
32.34,1712128470250000
32.34,1712128470500000
32.34,1712128470750000
32.33,1712128471000000
32.33,1712128471250000
32.33,1712128471500000
32.33,1712128471750000
32.34,1712128472000000
32.34,1712128472250000
32.34,1712128472500000
32.34,1712128472750000
32.34,1712128473000000
32.34,1712128473250000
32.34,1712128473500000
32.34,1712128473750000
32.33,1712128474000000
32.33,1712128474250000
32.33,1712128474500000
32.33,1712128474750000
32.33,1712128475000000
32.33,1712128475250000
32.33,1712128475500000
32.33,1712128475750000
32.31,1712128476000000
32.31,1712128476250000
32.31,1712128476500000
32.31,1712128476750000
32.31,1712128477000000
32.31,1712128477250000
32.31,1712128477500000
32.31,1712128477750000
32.33,1712128478000000
32.33,1712128478250000
32.33,1712128478500000
32.33,1712128478750000
32.31,1712128479000000
32.31,1712128479250000
32.31,1712128479500000
32.31,1712128479750000
32.33,1712128480000000
32.33,1712128480250000
32.33,1712128480500000
32.33,1712128480750000
32.33,1712128481000000
32.33,1712128481250000
32.33,1712128481500000
32.33,1712128481750000
32.33,1712128482000000
32.33,1712128482250000
32.33,1712128482500000
32.33,1712128482750000
32.33,1712128483000000
32.33,1712128483250000
32.33,1712128483500000
32.33,1712128483750000
32.31,1712128484000000
32.31,1712128484250000
32.31,1712128484500000
32.31,1712128484750000
32.33,1712128485000000
32.33,1712128485250000
32.33,1712128485500000
32.33,1712128485750000
32.31,1712128486000000
32.31,1712128486250000
32.31,1712128486500000
32.31,1712128486750000
32.31,1712128487000000
32.31,1712128487250000
32.31,1712128487500000
32.31,1712128487750000
32.31,1712128488000000
32.31,1712128488250000
32.31,1712128488500000
32.31,1712128488750000
32.31,1712128489000000
32.31,1712128489250000
32.31,1712128489500000
32.31,1712128489750000
32.29,1712128490000000
32.29,1712128490250000
32.29,1712128490500000
32.29,1712128490750000
32.31,1712128491000000
32.31,1712128491250000
32.31,1712128491500000
32.31,1712128491750000
32.31,1712128492000000
32.31,1712128492250000
32.31,1712128492500000
32.31,1712128492750000
32.29,1712128493000000
32.29,1712128493250000
32.29,1712128493500000
32.29,1712128493750000
