RowIndex,Reason,OriginalLine
0,HeartRate out of range,Row 0 | Timestamp: 1712016476222 ms | PPG(Green=2097152, Red=2097152, Ir=2097152) | ACC(X=2.3687105178833, Y=0.581998646259308, Z=9.58501529693604) | HR=0 bpm | IBI=0 ms | Participant=P15
1,HeartRate out of range,Row 1 | Timestamp: 1712016476265 ms | PPG(Green=2441861, Red=2441861, Ir=2441861) | ACC(X=2.28488349914551, Y=0.677800893783569, Z=9.6544713973999) | HR=0 bpm | IBI=0 ms | Participant=P15
2,HeartRate out of range,Row 2 | Timestamp: 1712016476303 ms | PPG(Green=2442219, Red=2442219, Ir=2442219) | ACC(X=2.30643916130066, Y=0.550862908363342, Z=9.6448917388916) | HR=0 bpm | IBI=0 ms | Participant=P15
3,HeartRate out of range,Row 3 | Timestamp: 1712016476342 ms | PPG(Green=2442333, Red=2442333, Ir=2442333) | ACC(X=2.31122922897339, Y=0.380813926458359, Z=9.50597763061523) | HR=0 bpm | IBI=0 ms | Participant=P15
4,HeartRate out of range,Row 4 | Timestamp: 1712016476384 ms | PPG(Green=2442191, Red=2442191, Ir=2442191) | ACC(X=2.38308095932007, Y=0.402369439601898, Z=9.5490894317627) | HR=0 bpm | IBI=0 ms | Participant=P15
5,HeartRate out of range,Row 5 | Timestamp: 1712016476423 ms | PPG(Green=2441987, Red=2441987, Ir=2441987) | ACC(X=2.41661167144775, Y=0.505356848239899, Z=9.55148410797119) | HR=0 bpm | IBI=0 ms | Participant=P15
6,HeartRate out of range,Row 6 | Timestamp: 1712016476463 ms | PPG(Green=2442030, Red=2442030, Ir=2442030) | ACC(X=2.39745116233826, Y=0.507751941680908, Z=9.53471851348877) | HR=0 bpm | IBI=0 ms | Participant=P15
7,HeartRate out of range,Row 7 | Timestamp: 1712016476503 ms | PPG(Green=2442106, Red=2442106, Ir=2442106) | ACC(X=2.34475994110107, Y=0.490986526012421, Z=9.59220027923584) | HR=0 bpm | IBI=0 ms | Participant=P15
8,HeartRate out of range,Row 8 | Timestamp: 1712016476543 ms | PPG(Green=2442258, Red=2442258, Ir=2442258) | ACC(X=2.33517980575562, Y=0.536492586135864, Z=9.51316356658936) | HR=0 bpm | IBI=0 ms | Participant=P15
9,HeartRate out of range,Row 9 | Timestamp: 1712016476584 ms | PPG(Green=2442493, Red=2442493, Ir=2442493) | ACC(X=2.36152529716492, Y=0.550862908363342, Z=9.58740997314453) | HR=0 bpm | IBI=0 ms | Participant=P15
10,HeartRate out of range,Row 10 | Timestamp: 1712016476623 ms | PPG(Green=2127113, Red=2127113, Ir=2127113) | ACC(X=2.20584678649902, Y=0.536492586135864, Z=9.48202705383301) | HR=0 bpm | IBI=0 ms | Participant=P15
11,HeartRate out of range,Row 11 | Timestamp: 1712016476663 ms | PPG(Green=2127487, Red=2127487, Ir=2127487) | ACC(X=2.31601929664612, Y=0.555653035640717, Z=9.53232383728027) | HR=0 bpm | IBI=0 ms | Participant=P15
12,IBI out of range,Row 12 | Timestamp: 1712016476703 ms | PPG(Green=2127814, Red=2127814, Ir=2127814) | ACC(X=2.16992092132568, Y=0.596368968486786, Z=9.51555824279785) | HR=89 bpm | IBI=0 ms | Participant=P15
13,IBI out of range,Row 13 | Timestamp: 1712016476743 ms | PPG(Green=2128356, Red=2128356, Ir=2128356) | ACC(X=2.37829089164734, Y=0.617924511432648, Z=9.4676570892334) | HR=89 bpm | IBI=0 ms | Participant=P15
15,IBI out of range,Row 15 | Timestamp: 1712016476823 ms | PPG(Green=2098911, Red=2098911, Ir=2098911) | ACC(X=2.18429136276245, Y=0.56523323059082, Z=9.52513885498047) | HR=89 bpm | IBI=0 ms | Participant=P15
16,IBI out of range,Row 16 | Timestamp: 1712016476864 ms | PPG(Green=2099879, Red=2099879, Ir=2099879) | ACC(X=2.26572322845459, Y=0.546072840690613, Z=9.61854553222656) | HR=89 bpm | IBI=0 ms | Participant=P15
17,IBI out of range,Row 17 | Timestamp: 1712016476904 ms | PPG(Green=2100780, Red=2100780, Ir=2100780) | ACC(X=2.10525441169739, Y=0.555653035640717, Z=9.61375522613525) | HR=89 bpm | IBI=0 ms | Participant=P15
18,IBI out of range,Row 18 | Timestamp: 1712016476944 ms | PPG(Green=2101535, Red=2101535, Ir=2101535) | ACC(X=2.31601929664612, Y=0.474221110343933, Z=9.58740997314453) | HR=88 bpm | IBI=0 ms | Participant=P15
19,IBI out of range,Row 19 | Timestamp: 1712016476985 ms | PPG(Green=2102172, Red=2102172, Ir=2102172) | ACC(X=1.892094373703, Y=0.74725753068924, Z=9.61136054992676) | HR=88 bpm | IBI=0 ms | Participant=P15
20,IBI out of range,Row 20 | Timestamp: 1712016477024 ms | PPG(Green=2112068, Red=2112068, Ir=2112068) | ACC(X=2.20105671882629, Y=0.651455283164978, Z=9.71674251556396) | HR=87 bpm | IBI=0 ms | Participant=P15
21,IBI out of range,Row 21 | Timestamp: 1712016477064 ms | PPG(Green=2114144, Red=2114144, Ir=2114144) | ACC(X=2.21303200721741, Y=0.615529417991638, Z=9.7382984161377) | HR=87 bpm | IBI=0 ms | Participant=P15
22,IBI out of range,Row 22 | Timestamp: 1712016477104 ms | PPG(Green=2115698, Red=2115698, Ir=2115698) | ACC(X=2.23219227790833, Y=0.7400723695755, Z=9.70716285705566) | HR=86 bpm | IBI=0 ms | Participant=P15
23,IBI out of range,Row 23 | Timestamp: 1712016477144 ms | PPG(Green=2116259, Red=2116259, Ir=2116259) | ACC(X=2.11004447937012, Y=0.684986054897308, Z=9.743088722229) | HR=87 bpm | IBI=0 ms | Participant=P15
24,IBI out of range,Row 24 | Timestamp: 1712016477185 ms | PPG(Green=2115649, Red=2115649, Ir=2115649) | ACC(X=2.1435751914978, Y=0.615529417991638, Z=9.59220027923584) | HR=87 bpm | IBI=0 ms | Participant=P15
25,IBI out of range,Row 25 | Timestamp: 1712016477224 ms | PPG(Green=2115270, Red=2115270, Ir=2115270) | ACC(X=2.1172297000885, Y=0.682591021060944, Z=9.56824970245361) | HR=87 bpm | IBI=0 ms | Participant=P15
26,IBI out of range,Row 26 | Timestamp: 1712016477264 ms | PPG(Green=2115313, Red=2115313, Ir=2115313) | ACC(X=2.2082417011261, Y=0.699356436729431, Z=9.58740997314453) | HR=86 bpm | IBI=0 ms | Participant=P15
27,IBI out of range,Row 27 | Timestamp: 1712016477304 ms | PPG(Green=2115655, Red=2115655, Ir=2115655) | ACC(X=2.08369898796082, Y=0.720911920070648, Z=9.59699058532715) | HR=86 bpm | IBI=0 ms | Participant=P15
28,IBI out of range,Row 28 | Timestamp: 1712016477345 ms | PPG(Green=2116351, Red=2116351, Ir=2116351) | ACC(X=2.17231607437134, Y=0.804738879203796, Z=9.59699058532715) | HR=86 bpm | IBI=0 ms | Participant=P15
29,IBI out of range,Row 29 | Timestamp: 1712016477386 ms | PPG(Green=2117313, Red=2117313, Ir=2117313) | ACC(X=2.03819274902344, Y=0.823899328708649, Z=9.60177993774414) | HR=86 bpm | IBI=0 ms | Participant=P15
30,IBI out of range,Row 30 | Timestamp: 1712016477425 ms | PPG(Green=2118150, Red=2118150, Ir=2118150) | ACC(X=2.05256319046021, Y=0.790368556976318, Z=9.70476722717285) | HR=86 bpm | IBI=0 ms | Participant=P15
31,IBI out of range,Row 31 | Timestamp: 1712016477465 ms | PPG(Green=2119211, Red=2119211, Ir=2119211) | ACC(X=2.06932854652405, Y=0.811924040317535, Z=9.67602729797363) | HR=86 bpm | IBI=0 ms | Participant=P15
32,IBI out of range,Row 32 | Timestamp: 1712016477505 ms | PPG(Green=2120019, Red=2120019, Ir=2120019) | ACC(X=2.05495810508728, Y=0.864615261554718, Z=9.59699058532715) | HR=86 bpm | IBI=0 ms | Participant=P15
33,IBI out of range,Row 33 | Timestamp: 1712016477545 ms | PPG(Green=2121488, Red=2121488, Ir=2121488) | ACC(X=1.98789668083191, Y=0.77599823474884, Z=9.6568660736084) | HR=86 bpm | IBI=0 ms | Participant=P15
34,IBI out of range,Row 34 | Timestamp: 1712016477586 ms | PPG(Green=2122940, Red=2122940, Ir=2122940) | ACC(X=2.05735325813293, Y=0.845454812049866, Z=9.60177993774414) | HR=87 bpm | IBI=0 ms | Participant=P15
35,IBI out of range,Row 35 | Timestamp: 1712016477625 ms | PPG(Green=2124618, Red=2124618, Ir=2124618) | ACC(X=2.04298281669617, Y=0.823899328708649, Z=9.55387878417969) | HR=87 bpm | IBI=0 ms | Participant=P15
36,IBI out of range,Row 36 | Timestamp: 1712016477665 ms | PPG(Green=2126325, Red=2126325, Ir=2126325) | ACC(X=1.9567608833313, Y=0.88377571105957, Z=9.63770580291748) | HR=87 bpm | IBI=0 ms | Participant=P15
37,IBI out of range,Row 37 | Timestamp: 1712016477705 ms | PPG(Green=2128062, Red=2128062, Ir=2128062) | ACC(X=2.01903247833252, Y=0.85024493932724, Z=9.60657024383545) | HR=87 bpm | IBI=0 ms | Participant=P15
38,IBI out of range,Row 38 | Timestamp: 1712016477746 ms | PPG(Green=2129843, Red=2129843, Ir=2129843) | ACC(X=1.8729339838028, Y=0.867010354995728, Z=9.59459495544434) | HR=86 bpm | IBI=0 ms | Participant=P15
39,IBI out of range,Row 39 | Timestamp: 1712016477786 ms | PPG(Green=2131718, Red=2131718, Ir=2131718) | ACC(X=2.07890868186951, Y=0.905331254005432, Z=9.6472864151001) | HR=86 bpm | IBI=0 ms | Participant=P15
40,IBI out of range,Row 40 | Timestamp: 1712016477826 ms | PPG(Green=2133696, Red=2133696, Ir=2133696) | ACC(X=2.01663732528686, Y=0.831084489822388, Z=9.6472864151001) | HR=86 bpm | IBI=0 ms | Participant=P15
41,IBI out of range,Row 41 | Timestamp: 1712016477866 ms | PPG(Green=2135855, Red=2135855, Ir=2135855) | ACC(X=1.90885972976685, Y=0.804738879203796, Z=9.66644668579102) | HR=86 bpm | IBI=0 ms | Participant=P15
42,IBI out of range,Row 42 | Timestamp: 1712016477906 ms | PPG(Green=2137669, Red=2137669, Ir=2137669) | ACC(X=1.91843998432159, Y=0.898146092891693, Z=9.69758224487305) | HR=86 bpm | IBI=0 ms | Participant=P15
43,IBI out of range,Row 43 | Timestamp: 1712016477946 ms | PPG(Green=2138153, Red=2138153, Ir=2138153) | ACC(X=1.95436584949493, Y=0.876590549945831, Z=9.74069309234619) | HR=86 bpm | IBI=0 ms | Participant=P15
44,IBI out of range,Row 44 | Timestamp: 1712016477987 ms | PPG(Green=2138001, Red=2138001, Ir=2138001) | ACC(X=1.892094373703, Y=0.934071898460388, Z=9.6448917388916) | HR=86 bpm | IBI=0 ms | Participant=P15
45,IBI out of range,Row 45 | Timestamp: 1712016478026 ms | PPG(Green=2137802, Red=2137802, Ir=2137802) | ACC(X=1.8465883731842, Y=0.893355965614319, Z=9.73350811004639) | HR=87 bpm | IBI=0 ms | Participant=P15
46,IBI out of range,Row 46 | Timestamp: 1712016478066 ms | PPG(Green=2138123, Red=2138123, Ir=2138123) | ACC(X=1.95197081565857, Y=0.828689455986023, Z=9.69039726257324) | HR=87 bpm | IBI=0 ms | Participant=P15
47,IBI out of range,Row 47 | Timestamp: 1712016478106 ms | PPG(Green=2138726, Red=2138726, Ir=2138726) | ACC(X=1.88490927219391, Y=0.912516415119171, Z=9.65207672119141) | HR=88 bpm | IBI=0 ms | Participant=P15
48,IBI out of range,Row 48 | Timestamp: 1712016478146 ms | PPG(Green=2139750, Red=2139750, Ir=2139750) | ACC(X=1.9112548828125, Y=1.0035285949707, Z=9.69997787475586) | HR=89 bpm | IBI=0 ms | Participant=P15
49,IBI out of range,Row 49 | Timestamp: 1712016478187 ms | PPG(Green=2140890, Red=2140890, Ir=2140890) | ACC(X=1.88251411914825, Y=0.922096610069275, Z=9.65926170349121) | HR=89 bpm | IBI=0 ms | Participant=P15
50,IBI out of range,Row 50 | Timestamp: 1712016478226 ms | PPG(Green=2141759, Red=2141759, Ir=2141759) | ACC(X=1.81066250801086, Y=0.900541126728058, Z=9.56106472015381) | HR=90 bpm | IBI=0 ms | Participant=P15
51,IBI out of range,Row 51 | Timestamp: 1712016478266 ms | PPG(Green=2142983, Red=2142983, Ir=2142983) | ACC(X=1.86095869541168, Y=0.910121321678162, Z=9.57543468475342) | HR=90 bpm | IBI=0 ms | Participant=P15
52,IBI out of range,Row 52 | Timestamp: 1712016478306 ms | PPG(Green=2144237, Red=2144237, Ir=2144237) | ACC(X=1.82503283023834, Y=0.867010354995728, Z=9.59459495544434) | HR=90 bpm | IBI=0 ms | Participant=P15
53,IBI out of range,Row 53 | Timestamp: 1712016478347 ms | PPG(Green=2145618, Red=2145618, Ir=2145618) | ACC(X=1.79629218578339, Y=0.905331254005432, Z=9.63291645050049) | HR=90 bpm | IBI=0 ms | Participant=P15
54,IBI out of range,Row 54 | Timestamp: 1712016478388 ms | PPG(Green=2147352, Red=2147352, Ir=2147352) | ACC(X=1.8729339838028, Y=0.941257059574127, Z=9.743088722229) | HR=90 bpm | IBI=0 ms | Participant=P15
55,IBI out of range,Row 55 | Timestamp: 1712016478427 ms | PPG(Green=2148982, Red=2148982, Ir=2148982) | ACC(X=1.85616850852966, Y=1.08256542682648, Z=9.71913814544678) | HR=90 bpm | IBI=0 ms | Participant=P15
56,IBI out of range,Row 56 | Timestamp: 1712016478470 ms | PPG(Green=2150734, Red=2150734, Ir=2150734) | ACC(X=1.87053883075714, Y=1.10172581672668, Z=9.78380489349365) | HR=90 bpm | IBI=0 ms | Participant=P15
57,IBI out of range,Row 57 | Timestamp: 1712016478507 ms | PPG(Green=2152550, Red=2152550, Ir=2152550) | ACC(X=1.83461308479309, Y=1.04184949398041, Z=9.73350811004639) | HR=89 bpm | IBI=0 ms | Participant=P15
58,IBI out of range,Row 58 | Timestamp: 1712016478547 ms | PPG(Green=2154498, Red=2154498, Ir=2154498) | ACC(X=1.88969933986664, Y=0.993948340415955, Z=9.6472864151001) | HR=89 bpm | IBI=0 ms | Participant=P15
59,IBI out of range,Row 59 | Timestamp: 1712016478588 ms | PPG(Green=2156371, Red=2156371, Ir=2156371) | ACC(X=1.74120581150055, Y=0.979577958583832, Z=9.60177993774414) | HR=89 bpm | IBI=0 ms | Participant=P15
60,IBI out of range,Row 60 | Timestamp: 1712016478627 ms | PPG(Green=2158358, Red=2158358, Ir=2158358) | ACC(X=1.85856366157532, Y=0.831084489822388, Z=9.6448917388916) | HR=89 bpm | IBI=0 ms | Participant=P15
61,IBI out of range,Row 61 | Timestamp: 1712016478667 ms | PPG(Green=2160108, Red=2160108, Ir=2160108) | ACC(X=1.82982289791107, Y=0.874195516109467, Z=9.61854553222656) | HR=89 bpm | IBI=0 ms | Participant=P15
62,IBI out of range,Row 62 | Timestamp: 1712016478708 ms | PPG(Green=2160843, Red=2160843, Ir=2160843) | ACC(X=1.85856366157532, Y=0.890960931777954, Z=9.6568660736084) | HR=89 bpm | IBI=0 ms | Participant=P15
63,IBI out of range,Row 63 | Timestamp: 1712016478748 ms | PPG(Green=2160504, Red=2160504, Ir=2160504) | ACC(X=1.79150199890137, Y=0.871800422668457, Z=9.66165637969971) | HR=89 bpm | IBI=0 ms | Participant=P15
64,IBI out of range,Row 64 | Timestamp: 1712016478789 ms | PPG(Green=2160198, Red=2160198, Ir=2160198) | ACC(X=1.91604495048523, Y=0.95562744140625, Z=9.69758224487305) | HR=89 bpm | IBI=0 ms | Participant=P15
65,IBI out of range,Row 65 | Timestamp: 1712016478828 ms | PPG(Green=2160419, Red=2160419, Ir=2160419) | ACC(X=1.86335372924805, Y=0.914911448955536, Z=9.6544713973999) | HR=90 bpm | IBI=0 ms | Participant=P15
66,IBI out of range,Row 66 | Timestamp: 1712016478868 ms | PPG(Green=2161014, Red=2161014, Ir=2161014) | ACC(X=1.86574876308441, Y=0.991553246974945, Z=9.69997787475586) | HR=90 bpm | IBI=0 ms | Participant=P15
67,IBI out of range,Row 67 | Timestamp: 1712016478908 ms | PPG(Green=2161228, Red=2161228, Ir=2161228) | ACC(X=1.83940315246582, Y=0.838269650936127, Z=9.72153282165527) | HR=91 bpm | IBI=0 ms | Participant=P15
68,IBI out of range,Row 68 | Timestamp: 1712016478948 ms | PPG(Green=2161813, Red=2161813, Ir=2161813) | ACC(X=1.81784760951996, Y=1.01310873031616, Z=9.61854553222656) | HR=91 bpm | IBI=0 ms | Participant=P15
69,IBI out of range,Row 69 | Timestamp: 1712016478989 ms | PPG(Green=2162550, Red=2162550, Ir=2162550) | ACC(X=1.82503283023834, Y=0.895750999450684, Z=9.66165637969971) | HR=91 bpm | IBI=0 ms | Participant=P15
70,IBI out of range,Row 70 | Timestamp: 1712016479028 ms | PPG(Green=2163526, Red=2163526, Ir=2163526) | ACC(X=1.90406966209412, Y=0.946047186851502, Z=9.6544713973999) | HR=91 bpm | IBI=0 ms | Participant=P15
71,IBI out of range,Row 71 | Timestamp: 1712016479068 ms | PPG(Green=2164714, Red=2164714, Ir=2164714) | ACC(X=1.78431689739227, Y=0.965207636356354, Z=9.66405200958252) | HR=91 bpm | IBI=0 ms | Participant=P15
72,IBI out of range,Row 72 | Timestamp: 1712016479108 ms | PPG(Green=2165742, Red=2165742, Ir=2165742) | ACC(X=1.81066250801086, Y=0.96041750907898, Z=9.66165637969971) | HR=90 bpm | IBI=0 ms | Participant=P15
73,IBI out of range,Row 73 | Timestamp: 1712016479148 ms | PPG(Green=2167271, Red=2167271, Ir=2167271) | ACC(X=1.76036632061005, Y=0.934071898460388, Z=9.66884136199951) | HR=90 bpm | IBI=0 ms | Participant=P15
74,IBI out of range,Row 74 | Timestamp: 1712016479190 ms | PPG(Green=2168710, Red=2168710, Ir=2168710) | ACC(X=1.74360084533691, Y=0.965207636356354, Z=9.63531112670898) | HR=89 bpm | IBI=0 ms | Participant=P15
75,IBI out of range,Row 75 | Timestamp: 1712016479229 ms | PPG(Green=2170079, Red=2170079, Ir=2170079) | ACC(X=1.68851459026337, Y=0.869405388832092, Z=9.68321228027344) | HR=88 bpm | IBI=0 ms | Participant=P15
76,IBI out of range,Row 76 | Timestamp: 1712016479269 ms | PPG(Green=2171544, Red=2171544, Ir=2171544) | ACC(X=1.789106965065, Y=0.948442220687866, Z=9.69997787475586) | HR=86 bpm | IBI=0 ms | Participant=P15
77,IBI out of range,Row 77 | Timestamp: 1712016479309 ms | PPG(Green=2172947, Red=2172947, Ir=2172947) | ACC(X=1.81305754184723, Y=0.845454812049866, Z=9.70237255096436) | HR=85 bpm | IBI=0 ms | Participant=P15
78,IBI out of range,Row 78 | Timestamp: 1712016479349 ms | PPG(Green=2174582, Red=2174582, Ir=2174582) | ACC(X=1.8537734746933, Y=0.907726287841797, Z=9.67842197418213) | HR=84 bpm | IBI=0 ms | Participant=P15
79,IBI out of range,Row 79 | Timestamp: 1712016479390 ms | PPG(Green=2176033, Red=2176033, Ir=2176033) | ACC(X=1.71725523471832, Y=0.828689455986023, Z=9.71913814544678) | HR=83 bpm | IBI=0 ms | Participant=P15
80,IBI out of range,Row 80 | Timestamp: 1712016479429 ms | PPG(Green=2176410, Red=2176410, Ir=2176410) | ACC(X=1.81545257568359, Y=0.958022475242615, Z=9.72392845153809) | HR=83 bpm | IBI=0 ms | Participant=P15
81,IBI out of range,Row 81 | Timestamp: 1712016479469 ms | PPG(Green=2175847, Red=2175847, Ir=2175847) | ACC(X=1.81305754184723, Y=1.0035285949707, Z=9.69279193878174) | HR=84 bpm | IBI=0 ms | Participant=P15
82,IBI out of range,Row 82 | Timestamp: 1712016479509 ms | PPG(Green=2175043, Red=2175043, Ir=2175043) | ACC(X=1.8082674741745, Y=0.922096610069275, Z=9.71195316314697) | HR=84 bpm | IBI=0 ms | Participant=P15
83,IBI out of range,Row 83 | Timestamp: 1712016479550 ms | PPG(Green=2174738, Red=2174738, Ir=2174738) | ACC(X=1.88969933986664, Y=0.857430100440979, Z=9.69997787475586) | HR=84 bpm | IBI=0 ms | Participant=P15
84,IBI out of range,Row 84 | Timestamp: 1712016479591 ms | PPG(Green=2174756, Red=2174756, Ir=2174756) | ACC(X=1.80587232112884, Y=0.833479523658752, Z=9.66405200958252) | HR=84 bpm | IBI=0 ms | Participant=P15
85,IBI out of range,Row 85 | Timestamp: 1712016479630 ms | PPG(Green=2175136, Red=2175136, Ir=2175136) | ACC(X=1.82263779640198, Y=0.845454812049866, Z=9.76224899291992) | HR=84 bpm | IBI=0 ms | Participant=P15
86,IBI out of range,Row 86 | Timestamp: 1712016479670 ms | PPG(Green=2175606, Red=2175606, Ir=2175606) | ACC(X=1.85137844085693, Y=0.85024493932724, Z=9.7382984161377) | HR=83 bpm | IBI=0 ms | Participant=P15
87,IBI out of range,Row 87 | Timestamp: 1712016479710 ms | PPG(Green=2176226, Red=2176226, Ir=2176226) | ACC(X=1.78192186355591, Y=1.00113344192505, Z=9.6544713973999) | HR=83 bpm | IBI=0 ms | Participant=P15
88,IBI out of range,Row 88 | Timestamp: 1712016479750 ms | PPG(Green=2176857, Red=2176857, Ir=2176857) | ACC(X=1.82263779640198, Y=0.881380677223206, Z=9.4748420715332) | HR=83 bpm | IBI=0 ms | Participant=P15
89,IBI out of range,Row 89 | Timestamp: 1712016479791 ms | PPG(Green=2177624, Red=2177624, Ir=2177624) | ACC(X=1.73641574382782, Y=0.948442220687866, Z=9.64010143280029) | HR=84 bpm | IBI=0 ms | Participant=P15
90,IBI out of range,Row 90 | Timestamp: 1712016479830 ms | PPG(Green=2178673, Red=2178673, Ir=2178673) | ACC(X=1.82024264335632, Y=0.871800422668457, Z=9.60417556762695) | HR=84 bpm | IBI=0 ms | Participant=P15
91,IBI out of range,Row 91 | Timestamp: 1712016479870 ms | PPG(Green=2180150, Red=2180150, Ir=2180150) | ACC(X=1.74839103221893, Y=0.821504294872284, Z=9.72632312774658) | HR=85 bpm | IBI=0 ms | Participant=P15
92,IBI out of range,Row 92 | Timestamp: 1712016479910 ms | PPG(Green=2181386, Red=2181386, Ir=2181386) | ACC(X=1.74360084533691, Y=0.771208107471466, Z=9.72632312774658) | HR=85 bpm | IBI=0 ms | Participant=P15
93,IBI out of range,Row 93 | Timestamp: 1712016479950 ms | PPG(Green=2182937, Red=2182937, Ir=2182937) | ACC(X=1.80587232112884, Y=0.893355965614319, Z=9.70716285705566) | HR=86 bpm | IBI=0 ms | Participant=P15
94,IBI out of range,Row 94 | Timestamp: 1712016479991 ms | PPG(Green=2184140, Red=2184140, Ir=2184140) | ACC(X=1.79150199890137, Y=0.878985643386841, Z=9.63770580291748) | HR=86 bpm | IBI=0 ms | Participant=P15
95,IBI out of range,Row 95 | Timestamp: 1712016480031 ms | PPG(Green=2185500, Red=2185500, Ir=2185500) | ACC(X=1.8537734746933, Y=0.790368556976318, Z=9.5562744140625) | HR=87 bpm | IBI=0 ms | Participant=P15
96,IBI out of range,Row 96 | Timestamp: 1712016480071 ms | PPG(Green=2186873, Red=2186873, Ir=2186873) | ACC(X=1.6669590473175, Y=0.862220227718353, Z=9.67123699188232) | HR=86 bpm | IBI=0 ms | Participant=P15
97,IBI out of range,Row 97 | Timestamp: 1712016480111 ms | PPG(Green=2188286, Red=2188286, Ir=2188286) | ACC(X=1.79868721961975, Y=0.838269650936127, Z=9.66884136199951) | HR=86 bpm | IBI=0 ms | Participant=P15
98,IBI out of range,Row 98 | Timestamp: 1712016480151 ms | PPG(Green=2188802, Red=2188802, Ir=2188802) | ACC(X=1.73162567615509, Y=0.802343845367432, Z=9.66644668579102) | HR=86 bpm | IBI=0 ms | Participant=P15
99,IBI out of range,Row 99 | Timestamp: 1712016480192 ms | PPG(Green=2187853, Red=2187853, Ir=2187853) | ACC(X=1.62863826751709, Y=0.871800422668457, Z=9.87960720062256) | HR=86 bpm | IBI=0 ms | Participant=P15
100,IBI out of range,Row 100 | Timestamp: 1712016480231 ms | PPG(Green=2186604, Red=2186604, Ir=2186604) | ACC(X=1.68372452259064, Y=0.790368556976318, Z=9.77422428131104) | HR=86 bpm | IBI=0 ms | Participant=P15
101,IBI out of range,Row 101 | Timestamp: 1712016480271 ms | PPG(Green=2186514, Red=2186514, Ir=2186514) | ACC(X=1.65737891197205, Y=0.826294362545013, Z=9.7526683807373) | HR=86 bpm | IBI=0 ms | Participant=P15
102,IBI out of range,Row 102 | Timestamp: 1712016480311 ms | PPG(Green=2186857, Red=2186857, Ir=2186857) | ACC(X=1.6669590473175, Y=0.814319133758545, Z=9.75027370452881) | HR=87 bpm | IBI=0 ms | Participant=P15
103,IBI out of range,Row 103 | Timestamp: 1712016480351 ms | PPG(Green=2187744, Red=2187744, Ir=2187744) | ACC(X=1.81305754184723, Y=0.819109201431274, Z=9.82931041717529) | HR=87 bpm | IBI=0 ms | Participant=P15
104,IBI out of range,Row 104 | Timestamp: 1712016480392 ms | PPG(Green=2189061, Red=2189061, Ir=2189061) | ACC(X=1.74360084533691, Y=0.728097081184387, Z=9.70237255096436) | HR=88 bpm | IBI=0 ms | Participant=P15
105,IBI out of range,Row 105 | Timestamp: 1712016480431 ms | PPG(Green=2190559, Red=2190559, Ir=2190559) | ACC(X=1.67174923419952, Y=0.725702047348022, Z=9.72871780395508) | HR=88 bpm | IBI=0 ms | Participant=P15
106,IBI out of range,Row 106 | Timestamp: 1712016480472 ms | PPG(Green=2191851, Red=2191851, Ir=2191851) | ACC(X=1.64061343669891, Y=0.77599823474884, Z=9.6544713973999) | HR=87 bpm | IBI=0 ms | Participant=P15
107,IBI out of range,Row 107 | Timestamp: 1712016480512 ms | PPG(Green=2193221, Red=2193221, Ir=2193221) | ACC(X=1.59989750385284, Y=0.843059778213501, Z=9.77901458740234) | HR=86 bpm | IBI=0 ms | Participant=P15
108,IBI out of range,Row 108 | Timestamp: 1712016480552 ms | PPG(Green=2194733, Red=2194733, Ir=2194733) | ACC(X=1.60229253768921, Y=0.716121792793274, Z=9.65926170349121) | HR=86 bpm | IBI=0 ms | Participant=P15
109,IBI out of range,Row 109 | Timestamp: 1712016480593 ms | PPG(Green=2196424, Red=2196424, Ir=2196424) | ACC(X=1.61666297912598, Y=0.81671416759491, Z=9.65926170349121) | HR=85 bpm | IBI=0 ms | Participant=P15
110,IBI out of range,Row 110 | Timestamp: 1712016480632 ms | PPG(Green=2198365, Red=2198365, Ir=2198365) | ACC(X=1.65977394580841, Y=0.795158624649048, Z=9.7382984161377) | HR=84 bpm | IBI=0 ms | Participant=P15
111,IBI out of range,Row 111 | Timestamp: 1712016480675 ms | PPG(Green=2200264, Red=2200264, Ir=2200264) | ACC(X=1.60468769073486, Y=0.665825605392456, Z=9.70716285705566) | HR=84 bpm | IBI=0 ms | Participant=P15
112,IBI out of range,Row 112 | Timestamp: 1712016480712 ms | PPG(Green=2202515, Red=2202515, Ir=2202515) | ACC(X=1.54002118110657, Y=0.728097081184387, Z=9.62812614440918) | HR=83 bpm | IBI=0 ms | Participant=P15
113,IBI out of range,Row 113 | Timestamp: 1712016480752 ms | PPG(Green=2205389, Red=2205389, Ir=2205389) | ACC(X=1.60468769073486, Y=0.704146504402161, Z=9.79817485809326) | HR=83 bpm | IBI=0 ms | Participant=P15
114,IBI out of range,Row 114 | Timestamp: 1712016480793 ms | PPG(Green=2208724, Red=2208724, Ir=2208724) | ACC(X=1.41787326335907, Y=0.732887208461761, Z=9.68321228027344) | HR=84 bpm | IBI=0 ms | Participant=P15
115,IBI out of range,Row 115 | Timestamp: 1712016480832 ms | PPG(Green=2213101, Red=2213101, Ir=2213101) | ACC(X=1.65019369125366, Y=0.725702047348022, Z=9.69758224487305) | HR=84 bpm | IBI=0 ms | Participant=P15
116,IBI out of range,Row 116 | Timestamp: 1712016480873 ms | PPG(Green=2217092, Red=2217092, Ir=2217092) | ACC(X=1.46816945075989, Y=0.651455283164978, Z=9.82212543487549) | HR=85 bpm | IBI=0 ms | Participant=P15
117,IBI out of range,Row 117 | Timestamp: 1712016480913 ms | PPG(Green=2220305, Red=2220305, Ir=2220305) | ACC(X=1.47774970531464, Y=0.629899799823761, Z=9.76943397521973) | HR=86 bpm | IBI=0 ms | Participant=P15
118,IBI out of range,Row 118 | Timestamp: 1712016480953 ms | PPG(Green=2222334, Red=2222334, Ir=2222334) | ACC(X=1.53044092655182, Y=0.555653035640717, Z=9.8269157409668) | HR=86 bpm | IBI=0 ms | Participant=P15
119,IBI out of range,Row 119 | Timestamp: 1712016480994 ms | PPG(Green=2224614, Red=2224614, Ir=2224614) | ACC(X=1.47295951843262, Y=0.627504706382751, Z=9.82452011108398) | HR=86 bpm | IBI=0 ms | Participant=P15
120,IBI out of range,Row 120 | Timestamp: 1712016481033 ms | PPG(Green=2226822, Red=2226822, Ir=2226822) | ACC(X=1.45619416236877, Y=0.560443162918091, Z=9.81254482269287) | HR=86 bpm | IBI=0 ms | Participant=P15
121,IBI out of range,Row 121 | Timestamp: 1712016481073 ms | PPG(Green=2229410, Red=2229410, Ir=2229410) | ACC(X=1.5256507396698, Y=0.577208518981934, Z=9.75745868682861) | HR=86 bpm | IBI=0 ms | Participant=P15
122,IBI out of range,Row 122 | Timestamp: 1712016481113 ms | PPG(Green=2232584, Red=2232584, Ir=2232584) | ACC(X=1.43224358558655, Y=0.625109672546387, Z=9.70716285705566) | HR=85 bpm | IBI=0 ms | Participant=P15
123,IBI out of range,Row 123 | Timestamp: 1712016481153 ms | PPG(Green=2235742, Red=2235742, Ir=2235742) | ACC(X=1.50170028209686, Y=0.682591021060944, Z=9.84847068786621) | HR=85 bpm | IBI=0 ms | Participant=P15
124,IBI out of range,Row 124 | Timestamp: 1712016481194 ms | PPG(Green=2239045, Red=2239045, Ir=2239045) | ACC(X=1.34362649917603, Y=0.541282713413239, Z=9.62094116210938) | HR=86 bpm | IBI=0 ms | Participant=P15
125,IBI out of range,Row 125 | Timestamp: 1712016481234 ms | PPG(Green=2242675, Red=2242675, Ir=2242675) | ACC(X=1.49212002754211, Y=0.60115909576416, Z=9.73111343383789) | HR=86 bpm | IBI=0 ms | Participant=P15
126,IBI out of range,Row 126 | Timestamp: 1712016481273 ms | PPG(Green=2246340, Red=2246340, Ir=2246340) | ACC(X=1.34362649917603, Y=0.550862908363342, Z=9.61615085601807) | HR=85 bpm | IBI=0 ms | Participant=P15
127,IBI out of range,Row 127 | Timestamp: 1712016481314 ms | PPG(Green=2250209, Red=2250209, Ir=2250209) | ACC(X=1.30770063400269, Y=0.615529417991638, Z=9.69279193878174) | HR=85 bpm | IBI=0 ms | Participant=P15
128,IBI out of range,Row 128 | Timestamp: 1712016481354 ms | PPG(Green=2254486, Red=2254486, Ir=2254486) | ACC(X=1.44900894165039, Y=0.49817168712616, Z=9.62812614440918) | HR=85 bpm | IBI=0 ms | Participant=P15
129,IBI out of range,Row 129 | Timestamp: 1712016481395 ms | PPG(Green=2258938, Red=2258938, Ir=2258938) | ACC(X=1.30530560016632, Y=0.488591462373734, Z=9.64249610900879) | HR=85 bpm | IBI=0 ms | Participant=P15
130,IBI out of range,Row 130 | Timestamp: 1712016481434 ms | PPG(Green=2262888, Red=2262888, Ir=2262888) | ACC(X=1.22866380214691, Y=0.495776623487472, Z=9.5562744140625) | HR=85 bpm | IBI=0 ms | Participant=P15
131,IBI out of range,Row 131 | Timestamp: 1712016481474 ms | PPG(Green=2265734, Red=2265734, Ir=2265734) | ACC(X=1.37955236434937, Y=0.479011237621307, Z=9.35269451141357) | HR=86 bpm | IBI=0 ms | Participant=P15
132,IBI out of range,Row 132 | Timestamp: 1712016481514 ms | PPG(Green=2265437, Red=2265437, Ir=2265437) | ACC(X=1.583132147789, Y=0.730492115020752, Z=9.66405200958252) | HR=86 bpm | IBI=0 ms | Participant=P15
133,IBI out of range,Row 133 | Timestamp: 1712016481554 ms | PPG(Green=2263111, Red=2263111, Ir=2263111) | ACC(X=1.54241621494293, Y=0.579603612422943, Z=9.01978206634522) | HR=86 bpm | IBI=0 ms | Participant=P15
134,IBI out of range,Row 134 | Timestamp: 1712016481595 ms | PPG(Green=2261813, Red=2261813, Ir=2261813) | ACC(X=1.39631772041321, Y=0.759232819080353, Z=8.84015274047852) | HR=85 bpm | IBI=0 ms | Participant=P15
135,IBI out of range,Row 135 | Timestamp: 1712016481635 ms | PPG(Green=2258979, Red=2258979, Ir=2258979) | ACC(X=1.59271240234375, Y=0.639479994773865, Z=8.57430076599121) | HR=85 bpm | IBI=0 ms | Participant=P15
136,IBI out of range,Row 136 | Timestamp: 1712016481675 ms | PPG(Green=2256551, Red=2256551, Ir=2256551) | ACC(X=1.61187279224396, Y=1.5903172492981, Z=7.9683518409729) | HR=84 bpm | IBI=0 ms | Participant=P15
137,IBI out of range,Row 137 | Timestamp: 1712016481715 ms | PPG(Green=2253123, Red=2253123, Ir=2253123) | ACC(X=-0.0167653933167457, Y=-0.344888091087341, Z=9.49160766601562) | HR=84 bpm | IBI=0 ms | Participant=P15
138,IBI out of range,Row 138 | Timestamp: 1712016481755 ms | PPG(Green=2248422, Red=2248422, Ir=2248422) | ACC(X=-0.627504706382751, Y=0.680195927619934, Z=9.52274322509766) | HR=85 bpm | IBI=0 ms | Participant=P15
139,IBI out of range,Row 139 | Timestamp: 1712016481796 ms | PPG(Green=2242729, Red=2242729, Ir=2242729) | ACC(X=-1.48493480682373, Y=0.586788773536682, Z=9.24012660980225) | HR=85 bpm | IBI=0 ms | Participant=P15
140,IBI out of range,Row 140 | Timestamp: 1712016481835 ms | PPG(Green=2237235, Red=2237235, Ir=2237235) | ACC(X=-1.46577441692352, Y=0.368838667869568, Z=9.71674251556396) | HR=86 bpm | IBI=0 ms | Participant=P15
141,IBI out of range,Row 141 | Timestamp: 1712016481875 ms | PPG(Green=2232976, Red=2232976, Ir=2232976) | ACC(X=-1.71965038776398, Y=0.931676864624023, Z=10.8759498596191) | HR=86 bpm | IBI=0 ms | Participant=P15
142,IBI out of range,Row 142 | Timestamp: 1712016481915 ms | PPG(Green=2227845, Red=2227845, Ir=2227845) | ACC(X=-1.42984855175018, Y=0.0814319103956222, Z=12.214786529541) | HR=87 bpm | IBI=0 ms | Participant=P15
143,IBI out of range,Row 143 | Timestamp: 1712016481956 ms | PPG(Green=2227571, Red=2227571, Ir=2227571) | ACC(X=-2.1172297000885, Y=-0.814319133758545, Z=11.687873840332) | HR=87 bpm | IBI=0 ms | Participant=P15
144,IBI out of range,Row 144 | Timestamp: 1712016481997 ms | PPG(Green=2228502, Red=2228502, Ir=2228502) | ACC(X=-2.10046434402466, Y=-0.337702929973602, Z=10.5621976852417) | HR=87 bpm | IBI=0 ms | Participant=P15
145,IBI out of range,Row 145 | Timestamp: 1712016482036 ms | PPG(Green=2231511, Red=2231511, Ir=2231511) | ACC(X=-1.85137844085693, Y=0.593973934650421, Z=9.2880277633667) | HR=87 bpm | IBI=0 ms | Participant=P15
146,IBI out of range,Row 146 | Timestamp: 1712016482076 ms | PPG(Green=2235220, Red=2235220, Ir=2235220) | ACC(X=-2.27290821075439, Y=-0.0311357304453849, Z=9.51795291900635) | HR=86 bpm | IBI=0 ms | Participant=P15
147,IBI out of range,Row 147 | Timestamp: 1712016482116 ms | PPG(Green=2239585, Red=2239585, Ir=2239585) | ACC(X=-2.49804353713989, Y=-0.287406742572784, Z=9.98259449005127) | HR=86 bpm | IBI=0 ms | Participant=P15
148,IBI out of range,Row 148 | Timestamp: 1712016482156 ms | PPG(Green=2243573, Red=2243573, Ir=2243573) | ACC(X=-2.45732760429382, Y=-0.136518210172653, Z=9.96822357177734) | HR=87 bpm | IBI=0 ms | Participant=P15
149,IBI out of range,Row 149 | Timestamp: 1712016482197 ms | PPG(Green=2247240, Red=2247240, Ir=2247240) | ACC(X=-2.10285925865173, Y=-0.943652153015137, Z=9.86284160614014) | HR=87 bpm | IBI=0 ms | Participant=P15
150,IBI out of range,Row 150 | Timestamp: 1712016482236 ms | PPG(Green=2251210, Red=2251210, Ir=2251210) | ACC(X=-2.12201976776123, Y=-0.325727641582489, Z=9.80296516418457) | HR=88 bpm | IBI=0 ms | Participant=P15
151,IBI out of range,Row 151 | Timestamp: 1712016482276 ms | PPG(Green=2253420, Red=2253420, Ir=2253420) | ACC(X=-2.30883407592773, Y=-0.126937985420227, Z=9.71674251556396) | HR=89 bpm | IBI=0 ms | Participant=P15
152,IBI out of range,Row 152 | Timestamp: 1712016482317 ms | PPG(Green=2255342, Red=2255342, Ir=2255342) | ACC(X=-2.15794563293457, Y=-0.308962255716324, Z=9.743088722229) | HR=89 bpm | IBI=0 ms | Participant=P15
153,IBI out of range,Row 153 | Timestamp: 1712016482357 ms | PPG(Green=2257282, Red=2257282, Ir=2257282) | ACC(X=-2.29685878753662, Y=-0.0407159551978111, Z=9.7359037399292) | HR=90 bpm | IBI=0 ms | Participant=P15
154,IBI out of range,Row 154 | Timestamp: 1712016482398 ms | PPG(Green=2258940, Red=2258940, Ir=2258940) | ACC(X=-2.08609390258789, Y=-0.38799911737442, Z=9.39341068267822) | HR=91 bpm | IBI=0 ms | Participant=P15
155,IBI out of range,Row 155 | Timestamp: 1712016482437 ms | PPG(Green=2259592, Red=2259592, Ir=2259592) | ACC(X=-1.86095869541168, Y=-0.0838269665837287, Z=9.54429912567139) | HR=92 bpm | IBI=0 ms | Participant=P15
156,IBI out of range,Row 156 | Timestamp: 1712016482477 ms | PPG(Green=2258621, Red=2258621, Ir=2258621) | ACC(X=-2.20584678649902, Y=-0.174839109182358, Z=9.56824970245361) | HR=92 bpm | IBI=0 ms | Participant=P15
157,IBI out of range,Row 157 | Timestamp: 1712016482517 ms | PPG(Green=2257351, Red=2257351, Ir=2257351) | ACC(X=-2.26811814308167, Y=0.0910121351480484, Z=9.64010143280029) | HR=92 bpm | IBI=0 ms | Participant=P15
158,IBI out of range,Row 158 | Timestamp: 1712016482557 ms | PPG(Green=2256175, Red=2256175, Ir=2256175) | ACC(X=-2.23698258399963, Y=-0.0335307866334915, Z=9.68081665039062) | HR=91 bpm | IBI=0 ms | Participant=P15
159,IBI out of range,Row 159 | Timestamp: 1712016482598 ms | PPG(Green=2255538, Red=2255538, Ir=2255538) | ACC(X=-2.18429136276245, Y=-0.0646665170788765, Z=9.71674251556396) | HR=90 bpm | IBI=0 ms | Participant=P15
160,IBI out of range,Row 160 | Timestamp: 1712016482638 ms | PPG(Green=2255100, Red=2255100, Ir=2255100) | ACC(X=-2.17231607437134, Y=-0.0407159551978111, Z=9.75985431671143) | HR=90 bpm | IBI=0 ms | Participant=P15
161,IBI out of range,Row 161 | Timestamp: 1712016482678 ms | PPG(Green=2254381, Red=2254381, Ir=2254381) | ACC(X=-2.03100776672363, Y=0.0934071913361549, Z=9.62094116210938) | HR=89 bpm | IBI=0 ms | Participant=P15
162,IBI out of range,Row 162 | Timestamp: 1712016482718 ms | PPG(Green=2254347, Red=2254347, Ir=2254347) | ACC(X=-2.22261214256287, Y=0.0167653933167457, Z=9.58261966705322) | HR=88 bpm | IBI=0 ms | Participant=P15
163,IBI out of range,Row 163 | Timestamp: 1712016482758 ms | PPG(Green=2254330, Red=2254330, Ir=2254330) | ACC(X=-1.995081782341, Y=-0.0071851685643196, Z=9.63291645050049) | HR=86 bpm | IBI=0 ms | Participant=P15
164,IBI out of range,Row 164 | Timestamp: 1712016482799 ms | PPG(Green=2254534, Red=2254534, Ir=2254534) | ACC(X=-2.26332807540894, Y=0.0263456180691719, Z=9.75745868682861) | HR=85 bpm | IBI=0 ms | Participant=P15
165,IBI out of range,Row 165 | Timestamp: 1712016482838 ms | PPG(Green=2254869, Red=2254869, Ir=2254869) | ACC(X=-2.15076041221619, Y=0.0071851685643196, Z=9.69039726257324) | HR=84 bpm | IBI=0 ms | Participant=P15
166,IBI out of range,Row 166 | Timestamp: 1712016482878 ms | PPG(Green=2255369, Red=2255369, Ir=2255369) | ACC(X=-2.17950105667114, Y=0.270641356706619, Z=9.6472864151001) | HR=83 bpm | IBI=0 ms | Participant=P15
167,IBI out of range,Row 167 | Timestamp: 1712016482919 ms | PPG(Green=2255888, Red=2255888, Ir=2255888) | ACC(X=-2.18908143043518, Y=-0.035925842821598, Z=9.54669380187988) | HR=82 bpm | IBI=0 ms | Participant=P15
168,IBI out of range,Row 168 | Timestamp: 1712016482959 ms | PPG(Green=2256761, Red=2256761, Ir=2256761) | ACC(X=-2.15794563293457, Y=0.0886170789599418, Z=9.54669380187988) | HR=81 bpm | IBI=0 ms | Participant=P15
169,IBI out of range,Row 169 | Timestamp: 1712016483000 ms | PPG(Green=2257509, Red=2257509, Ir=2257509) | ACC(X=-2.15555047988892, Y=0.0455060675740242, Z=9.67363166809082) | HR=81 bpm | IBI=0 ms | Participant=P15
170,IBI out of range,Row 170 | Timestamp: 1712016483039 ms | PPG(Green=2258570, Red=2258570, Ir=2258570) | ACC(X=-2.10046434402466, Y=0, Z=9.65926170349121) | HR=80 bpm | IBI=0 ms | Participant=P15
171,IBI out of range,Row 171 | Timestamp: 1712016483079 ms | PPG(Green=2259664, Red=2259664, Ir=2259664) | ACC(X=-2.15076041221619, Y=0.0119752809405326, Z=9.69279193878174) | HR=80 bpm | IBI=0 ms | Participant=P15
172,IBI out of range,Row 172 | Timestamp: 1712016483119 ms | PPG(Green=2260978, Red=2260978, Ir=2260978) | ACC(X=-2.16752576828003, Y=-0.0095802247524261, Z=9.81494045257568) | HR=80 bpm | IBI=0 ms | Participant=P15
173,IBI out of range,Row 173 | Timestamp: 1712016483159 ms | PPG(Green=2260751, Red=2260751, Ir=2260751) | ACC(X=-2.30883407592773, Y=0.17962920665741, Z=9.53471851348877) | HR=80 bpm | IBI=0 ms | Participant=P15
174,IBI out of range,Row 174 | Timestamp: 1712016483200 ms | PPG(Green=2259215, Red=2259215, Ir=2259215) | ACC(X=-2.15076041221619, Y=-0.0550862923264503, Z=9.59938526153564) | HR=80 bpm | IBI=0 ms | Participant=P15
175,IBI out of range,Row 175 | Timestamp: 1712016483239 ms | PPG(Green=2257857, Red=2257857, Ir=2257857) | ACC(X=-2.29446387290955, Y=0.158073708415031, Z=9.82931041717529) | HR=80 bpm | IBI=0 ms | Participant=P15
176,IBI out of range,Row 176 | Timestamp: 1712016483280 ms | PPG(Green=2256443, Red=2256443, Ir=2256443) | ACC(X=-2.19147634506226, Y=0.182024270296097, Z=9.58740997314453) | HR=80 bpm | IBI=0 ms | Participant=P15
177,IBI out of range,Row 177 | Timestamp: 1712016483320 ms | PPG(Green=2255597, Red=2255597, Ir=2255597) | ACC(X=-2.11004447937012, Y=0.12454292178154, Z=9.56106472015381) | HR=81 bpm | IBI=0 ms | Participant=P15
178,IBI out of range,Row 178 | Timestamp: 1712016483360 ms | PPG(Green=2255227, Red=2255227, Ir=2255227) | ACC(X=-2.14597034454346, Y=0.148493483662605, Z=9.7454833984375) | HR=81 bpm | IBI=0 ms | Participant=P15
179,IBI out of range,Row 179 | Timestamp: 1712016483401 ms | PPG(Green=2255098, Red=2255098, Ir=2255098) | ACC(X=-2.06693339347839, Y=0.0934071913361549, Z=9.76224899291992) | HR=81 bpm | IBI=0 ms | Participant=P15
180,IBI out of range,Row 180 | Timestamp: 1712016483440 ms | PPG(Green=2254955, Red=2254955, Ir=2254955) | ACC(X=-2.23937749862671, Y=0.129333034157753, Z=9.57304000854492) | HR=81 bpm | IBI=0 ms | Participant=P15
181,IBI out of range,Row 181 | Timestamp: 1712016483480 ms | PPG(Green=2254869, Red=2254869, Ir=2254869) | ACC(X=-2.22021698951721, Y=0.191604495048523, Z=9.70237255096436) | HR=81 bpm | IBI=0 ms | Participant=P15
182,IBI out of range,Row 182 | Timestamp: 1712016483520 ms | PPG(Green=2254885, Red=2254885, Ir=2254885) | ACC(X=-2.304044008255, Y=0.114962697029114, Z=9.47244739532471) | HR=81 bpm | IBI=0 ms | Participant=P15
183,IBI out of range,Row 183 | Timestamp: 1712016483560 ms | PPG(Green=2255178, Red=2255178, Ir=2255178) | ACC(X=-2.03819274902344, Y=-0.0167653933167457, Z=9.6544713973999) | HR=81 bpm | IBI=0 ms | Participant=P15
184,IBI out of range,Row 184 | Timestamp: 1712016483601 ms | PPG(Green=2255575, Red=2255575, Ir=2255575) | ACC(X=-2.33517980575562, Y=0.273036420345306, Z=9.68560695648193) | HR=81 bpm | IBI=0 ms | Participant=P15
185,IBI out of range,Row 185 | Timestamp: 1712016483641 ms | PPG(Green=2255571, Red=2255571, Ir=2255571) | ACC(X=-2.11483454704285, Y=-0.0574813485145568, Z=9.58261966705322) | HR=82 bpm | IBI=0 ms | Participant=P15
186,IBI out of range,Row 186 | Timestamp: 1712016483680 ms | PPG(Green=2255971, Red=2255971, Ir=2255971) | ACC(X=-2.38547587394714, Y=0.112567640841007, Z=9.77182960510254) | HR=82 bpm | IBI=0 ms | Participant=P15
187,IBI out of range,Row 187 | Timestamp: 1712016483721 ms | PPG(Green=2256265, Red=2256265, Ir=2256265) | ACC(X=-2.31362438201904, Y=0.134123146533966, Z=9.46286678314209) | HR=83 bpm | IBI=0 ms | Participant=P15
188,IBI out of range,Row 188 | Timestamp: 1712016483761 ms | PPG(Green=2257138, Red=2257138, Ir=2257138) | ACC(X=-2.15794563293457, Y=0.0287406742572784, Z=9.57782936096191) | HR=83 bpm | IBI=0 ms | Participant=P15
189,IBI out of range,Row 189 | Timestamp: 1712016483802 ms | PPG(Green=2258065, Red=2258065, Ir=2258065) | ACC(X=-2.36631560325623, Y=0.201184719800949, Z=9.71913814544678) | HR=84 bpm | IBI=0 ms | Participant=P15
190,IBI out of range,Row 190 | Timestamp: 1712016483841 ms | PPG(Green=2259108, Red=2259108, Ir=2259108) | ACC(X=-2.26332807540894, Y=-0.0455060675740242, Z=9.53232383728027) | HR=84 bpm | IBI=0 ms | Participant=P15
191,IBI out of range,Row 191 | Timestamp: 1712016483881 ms | PPG(Green=2259899, Red=2259899, Ir=2259899) | ACC(X=-2.21782207489014, Y=0.0598764047026634, Z=9.70476722717285) | HR=84 bpm | IBI=0 ms | Participant=P15
192,IBI out of range,Row 192 | Timestamp: 1712016483921 ms | PPG(Green=2259818, Red=2259818, Ir=2259818) | ACC(X=-2.28967380523682, Y=0.0167653933167457, Z=9.70237255096436) | HR=83 bpm | IBI=0 ms | Participant=P15
193,IBI out of range,Row 193 | Timestamp: 1712016483961 ms | PPG(Green=2259544, Red=2259544, Ir=2259544) | ACC(X=-2.28248858451843, Y=0.141308307647705, Z=9.64010143280029) | HR=83 bpm | IBI=0 ms | Participant=P15
194,IBI out of range,Row 194 | Timestamp: 1712016484002 ms | PPG(Green=2259203, Red=2259203, Ir=2259203) | ACC(X=-2.098069190979, Y=-0.131728082895279, Z=9.56106472015381) | HR=82 bpm | IBI=0 ms | Participant=P15
195,IBI out of range,Row 195 | Timestamp: 1712016484041 ms | PPG(Green=2259344, Red=2259344, Ir=2259344) | ACC(X=-2.24177265167236, Y=0.241900682449341, Z=9.7526683807373) | HR=82 bpm | IBI=0 ms | Participant=P15
196,IBI out of range,Row 196 | Timestamp: 1712016484081 ms | PPG(Green=2259348, Red=2259348, Ir=2259348) | ACC(X=-2.21782207489014, Y=0.134123146533966, Z=9.558669090271) | HR=81 bpm | IBI=0 ms | Participant=P15
197,IBI out of range,Row 197 | Timestamp: 1712016484121 ms | PPG(Green=2259509, Red=2259509, Ir=2259509) | ACC(X=-2.28248858451843, Y=0.0143703371286392, Z=9.61854553222656) | HR=81 bpm | IBI=0 ms | Participant=P15
198,IBI out of range,Row 198 | Timestamp: 1712016484161 ms | PPG(Green=2259486, Red=2259486, Ir=2259486) | ACC(X=-2.33038973808289, Y=-0.0574813485145568, Z=9.52992820739746) | HR=81 bpm | IBI=0 ms | Participant=P15
199,IBI out of range,Row 199 | Timestamp: 1712016484202 ms | PPG(Green=2259369, Red=2259369, Ir=2259369) | ACC(X=-2.26093292236328, Y=0.102987416088581, Z=9.57064437866211) | HR=81 bpm | IBI=0 ms | Participant=P15
200,IBI out of range,Row 200 | Timestamp: 1712016484242 ms | PPG(Green=2259317, Red=2259317, Ir=2259317) | ACC(X=-2.22979736328125, Y=0.0694566294550895, Z=9.64010143280029) | HR=81 bpm | IBI=0 ms | Participant=P15
201,IBI out of range,Row 201 | Timestamp: 1712016484282 ms | PPG(Green=2259272, Red=2259272, Ir=2259272) | ACC(X=-2.31122922897339, Y=0.098197303712368, Z=9.6472864151001) | HR=81 bpm | IBI=0 ms | Participant=P15
202,IBI out of range,Row 202 | Timestamp: 1712016484322 ms | PPG(Green=2259589, Red=2259589, Ir=2259589) | ACC(X=-2.23698258399963, Y=0.167653933167457, Z=9.57064437866211) | HR=81 bpm | IBI=0 ms | Participant=P15
203,IBI out of range,Row 203 | Timestamp: 1712016484362 ms | PPG(Green=2260209, Red=2260209, Ir=2260209) | ACC(X=-2.17710614204407, Y=0.0790368542075157, Z=9.69039726257324) | HR=82 bpm | IBI=0 ms | Participant=P15
204,IBI out of range,Row 204 | Timestamp: 1712016484403 ms | PPG(Green=2261411, Red=2261411, Ir=2261411) | ACC(X=-2.35434031486511, Y=0.246690779924393, Z=9.59459495544434) | HR=82 bpm | IBI=0 ms | Participant=P15
205,IBI out of range,Row 205 | Timestamp: 1712016484442 ms | PPG(Green=2262264, Red=2262264, Ir=2262264) | ACC(X=-2.2776985168457, Y=0.0431110113859176, Z=9.43652153015137) | HR=82 bpm | IBI=0 ms | Participant=P15
206,IBI out of range,Row 206 | Timestamp: 1712016484482 ms | PPG(Green=2263254, Red=2263254, Ir=2263254) | ACC(X=-2.29206871986389, Y=0.114962697029114, Z=9.72392845153809) | HR=82 bpm | IBI=0 ms | Participant=P15
207,IBI out of range,Row 207 | Timestamp: 1712016484522 ms | PPG(Green=2264410, Red=2264410, Ir=2264410) | ACC(X=-2.27530336380005, Y=0.0550862923264503, Z=9.69279193878174) | HR=83 bpm | IBI=0 ms | Participant=P15
208,IBI out of range,Row 208 | Timestamp: 1712016484562 ms | PPG(Green=2265528, Red=2265528, Ir=2265528) | ACC(X=-2.22979736328125, Y=0.0718516856431961, Z=9.62812614440918) | HR=83 bpm | IBI=0 ms | Participant=P15
209,IBI out of range,Row 209 | Timestamp: 1712016484604 ms | PPG(Green=2265532, Red=2265532, Ir=2265532) | ACC(X=-2.14836549758911, Y=-0.035925842821598, Z=9.5658540725708) | HR=84 bpm | IBI=0 ms | Participant=P15
210,IBI out of range,Row 210 | Timestamp: 1712016484643 ms | PPG(Green=2264867, Red=2264867, Ir=2264867) | ACC(X=-2.08609390258789, Y=-0.122147865593433, Z=9.53950881958008) | HR=84 bpm | IBI=0 ms | Participant=P15
211,IBI out of range,Row 211 | Timestamp: 1712016484683 ms | PPG(Green=2264188, Red=2264188, Ir=2264188) | ACC(X=-2.17950105667114, Y=-0.0167653933167457, Z=9.70955753326416) | HR=85 bpm | IBI=0 ms | Participant=P15
212,IBI out of range,Row 212 | Timestamp: 1712016484723 ms | PPG(Green=2263901, Red=2263901, Ir=2263901) | ACC(X=-2.11962461471558, Y=-0.0910121351480484, Z=9.67363166809082) | HR=84 bpm | IBI=0 ms | Participant=P15
213,IBI out of range,Row 213 | Timestamp: 1712016484763 ms | PPG(Green=2263829, Red=2263829, Ir=2263829) | ACC(X=-2.1172297000885, Y=0.0814319103956222, Z=9.69997787475586) | HR=84 bpm | IBI=0 ms | Participant=P15
214,IBI out of range,Row 214 | Timestamp: 1712016484804 ms | PPG(Green=2264143, Red=2264143, Ir=2264143) | ACC(X=-2.23698258399963, Y=-0.153283596038818, Z=9.69039726257324) | HR=84 bpm | IBI=0 ms | Participant=P15
215,IBI out of range,Row 215 | Timestamp: 1712016484843 ms | PPG(Green=2264385, Red=2264385, Ir=2264385) | ACC(X=-2.21303200721741, Y=-0.0407159551978111, Z=9.63531112670898) | HR=84 bpm | IBI=0 ms | Participant=P15
216,IBI out of range,Row 216 | Timestamp: 1712016484883 ms | PPG(Green=2264625, Red=2264625, Ir=2264625) | ACC(X=-2.27290821075439, Y=-0.067061573266983, Z=9.66405200958252) | HR=85 bpm | IBI=0 ms | Participant=P15
217,IBI out of range,Row 217 | Timestamp: 1712016484923 ms | PPG(Green=2264826, Red=2264826, Ir=2264826) | ACC(X=-2.15315556526184, Y=-0.112567640841007, Z=9.59938526153564) | HR=85 bpm | IBI=0 ms | Participant=P15
218,IBI out of range,Row 218 | Timestamp: 1712016484964 ms | PPG(Green=2265282, Red=2265282, Ir=2265282) | ACC(X=-2.19387149810791, Y=-0.0431110113859176, Z=9.61375522613525) | HR=85 bpm | IBI=0 ms | Participant=P15
219,IBI out of range,Row 219 | Timestamp: 1712016485004 ms | PPG(Green=2265964, Red=2265964, Ir=2265964) | ACC(X=-2.19626641273499, Y=-0.0694566294550895, Z=9.57782936096191) | HR=86 bpm | IBI=0 ms | Participant=P15
220,IBI out of range,Row 220 | Timestamp: 1712016485044 ms | PPG(Green=2266807, Red=2266807, Ir=2266807) | ACC(X=-2.24656271934509, Y=0.0383208990097045, Z=9.6472864151001) | HR=86 bpm | IBI=0 ms | Participant=P15
221,IBI out of range,Row 221 | Timestamp: 1712016485084 ms | PPG(Green=2267944, Red=2267944, Ir=2267944) | ACC(X=-2.11004447937012, Y=0.0215555056929588, Z=9.57782936096191) | HR=86 bpm | IBI=0 ms | Participant=P15
222,IBI out of range,Row 222 | Timestamp: 1712016485124 ms | PPG(Green=2269095, Red=2269095, Ir=2269095) | ACC(X=-2.15555047988892, Y=-0.0910121351480484, Z=9.67842197418213) | HR=85 bpm | IBI=0 ms | Participant=P15
223,IBI out of range,Row 223 | Timestamp: 1712016485164 ms | PPG(Green=2270249, Red=2270249, Ir=2270249) | ACC(X=-2.2274022102356, Y=-0.0071851685643196, Z=9.69279193878174) | HR=84 bpm | IBI=0 ms | Participant=P15
224,IBI out of range,Row 224 | Timestamp: 1712016485205 ms | PPG(Green=2271447, Red=2271447, Ir=2271447) | ACC(X=-2.20345163345337, Y=-0.0215555056929588, Z=9.58261966705322) | HR=84 bpm | IBI=0 ms | Participant=P15
225,IBI out of range,Row 225 | Timestamp: 1712016485244 ms | PPG(Green=2272304, Red=2272304, Ir=2272304) | ACC(X=-2.17950105667114, Y=-0.0550862923264503, Z=9.63770580291748) | HR=84 bpm | IBI=0 ms | Participant=P15
226,IBI out of range,Row 226 | Timestamp: 1712016485284 ms | PPG(Green=2271312, Red=2271312, Ir=2271312) | ACC(X=-2.21303200721741, Y=-0.0119752809405326, Z=9.6568660736084) | HR=84 bpm | IBI=0 ms | Participant=P15
227,IBI out of range,Row 227 | Timestamp: 1712016485324 ms | PPG(Green=2269313, Red=2269313, Ir=2269313) | ACC(X=-2.15315556526184, Y=-0.0766417980194091, Z=9.5562744140625) | HR=84 bpm | IBI=0 ms | Participant=P15
228,IBI out of range,Row 228 | Timestamp: 1712016485364 ms | PPG(Green=2268064, Red=2268064, Ir=2268064) | ACC(X=-2.17950105667114, Y=-0.138913258910179, Z=9.57064437866211) | HR=84 bpm | IBI=0 ms | Participant=P15
229,IBI out of range,Row 229 | Timestamp: 1712016485405 ms | PPG(Green=2267345, Red=2267345, Ir=2267345) | ACC(X=-2.18429136276245, Y=-0.0167653933167457, Z=9.70716285705566) | HR=85 bpm | IBI=0 ms | Participant=P15
230,IBI out of range,Row 230 | Timestamp: 1712016485445 ms | PPG(Green=2266801, Red=2266801, Ir=2266801) | ACC(X=-2.15315556526184, Y=0.0958022475242614, Z=9.71913814544678) | HR=85 bpm | IBI=0 ms | Participant=P15
231,IBI out of range,Row 231 | Timestamp: 1712016485485 ms | PPG(Green=2266602, Red=2266602, Ir=2266602) | ACC(X=-2.19626641273499, Y=0.0239505618810653, Z=9.62573051452637) | HR=85 bpm | IBI=0 ms | Participant=P15
232,IBI out of range,Row 232 | Timestamp: 1712016485525 ms | PPG(Green=2266409, Red=2266409, Ir=2266409) | ACC(X=-2.19387149810791, Y=0.004790112376213, Z=9.54669380187988) | HR=85 bpm | IBI=0 ms | Participant=P15
233,IBI out of range,Row 233 | Timestamp: 1712016485565 ms | PPG(Green=2266145, Red=2266145, Ir=2266145) | ACC(X=-2.19866156578064, Y=-0.0718516856431961, Z=9.53950881958008) | HR=85 bpm | IBI=0 ms | Participant=P15
234,IBI out of range,Row 234 | Timestamp: 1712016485606 ms | PPG(Green=2265899, Red=2265899, Ir=2265899) | ACC(X=-2.16752576828003, Y=-0.102987416088581, Z=9.62094116210938) | HR=85 bpm | IBI=0 ms | Participant=P15
235,IBI out of range,Row 235 | Timestamp: 1712016485645 ms | PPG(Green=2265958, Red=2265958, Ir=2265958) | ACC(X=-2.10046434402466, Y=0.0383208990097045, Z=9.59938526153564) | HR=85 bpm | IBI=0 ms | Participant=P15
236,IBI out of range,Row 236 | Timestamp: 1712016485685 ms | PPG(Green=2266397, Red=2266397, Ir=2266397) | ACC(X=-2.22979736328125, Y=-0.0502961799502372, Z=9.67842197418213) | HR=85 bpm | IBI=0 ms | Participant=P15
237,IBI out of range,Row 237 | Timestamp: 1712016485725 ms | PPG(Green=2267100, Red=2267100, Ir=2267100) | ACC(X=-2.18668627738953, Y=-0.0143703371286392, Z=9.72392845153809) | HR=85 bpm | IBI=0 ms | Participant=P15
238,IBI out of range,Row 238 | Timestamp: 1712016485765 ms | PPG(Green=2267656, Red=2267656, Ir=2267656) | ACC(X=-2.17231607437134, Y=-0.126937985420227, Z=9.58980464935303) | HR=86 bpm | IBI=0 ms | Participant=P15
239,IBI out of range,Row 239 | Timestamp: 1712016485806 ms | PPG(Green=2268490, Red=2268490, Ir=2268490) | ACC(X=-2.16034078598022, Y=-0.0191604495048522, Z=9.70237255096436) | HR=86 bpm | IBI=0 ms | Participant=P15
240,IBI out of range,Row 240 | Timestamp: 1712016485845 ms | PPG(Green=2269283, Red=2269283, Ir=2269283) | ACC(X=-2.24416756629944, Y=-0.0502961799502372, Z=9.67363166809082) | HR=86 bpm | IBI=0 ms | Participant=P15
241,IBI out of range,Row 241 | Timestamp: 1712016485885 ms | PPG(Green=2269849, Red=2269849, Ir=2269849) | ACC(X=-2.1627357006073, Y=-0.0383208990097045, Z=9.6544713973999) | HR=86 bpm | IBI=0 ms | Participant=P15
242,IBI out of range,Row 242 | Timestamp: 1712016485926 ms | PPG(Green=2268740, Red=2268740, Ir=2268740) | ACC(X=-2.22500729560852, Y=-0.0215555056929588, Z=9.65926170349121) | HR=86 bpm | IBI=0 ms | Participant=P15
243,IBI out of range,Row 243 | Timestamp: 1712016485966 ms | PPG(Green=2266586, Red=2266586, Ir=2266586) | ACC(X=-2.16513085365295, Y=-0.102987416088581, Z=9.58022499084473) | HR=86 bpm | IBI=0 ms | Participant=P15
244,IBI out of range,Row 244 | Timestamp: 1712016486007 ms | PPG(Green=2264955, Red=2264955, Ir=2264955) | ACC(X=-2.15794563293457, Y=0.129333034157753, Z=9.6472864151001) | HR=86 bpm | IBI=0 ms | Participant=P15
245,IBI out of range,Row 245 | Timestamp: 1712016486046 ms | PPG(Green=2263894, Red=2263894, Ir=2263894) | ACC(X=-2.21063685417175, Y=-0.0934071913361549, Z=9.69997787475586) | HR=86 bpm | IBI=0 ms | Participant=P15
246,IBI out of range,Row 246 | Timestamp: 1712016486086 ms | PPG(Green=2263155, Red=2263155, Ir=2263155) | ACC(X=-2.20584678649902, Y=0.0550862923264503, Z=9.5658540725708) | HR=86 bpm | IBI=0 ms | Participant=P15
247,IBI out of range,Row 247 | Timestamp: 1712016486126 ms | PPG(Green=2262864, Red=2262864, Ir=2262864) | ACC(X=-2.24656271934509, Y=-0.0742467418313026, Z=9.61136054992676) | HR=86 bpm | IBI=0 ms | Participant=P15
248,IBI out of range,Row 248 | Timestamp: 1712016486166 ms | PPG(Green=2262778, Red=2262778, Ir=2262778) | ACC(X=-2.1818962097168, Y=-0.0574813485145568, Z=9.62333583831787) | HR=86 bpm | IBI=0 ms | Participant=P15
249,IBI out of range,Row 249 | Timestamp: 1712016486207 ms | PPG(Green=2262404, Red=2262404, Ir=2262404) | ACC(X=-2.17950105667114, Y=0.0119752809405326, Z=9.67123699188232) | HR=87 bpm | IBI=0 ms | Participant=P15
250,IBI out of range,Row 250 | Timestamp: 1712016486246 ms | PPG(Green=2262182, Red=2262182, Ir=2262182) | ACC(X=-2.2274022102356, Y=-0.0742467418313026, Z=9.61136054992676) | HR=87 bpm | IBI=0 ms | Participant=P15
251,IBI out of range,Row 251 | Timestamp: 1712016486286 ms | PPG(Green=2262002, Red=2262002, Ir=2262002) | ACC(X=-2.2082417011261, Y=0.0646665170788765, Z=9.58980464935303) | HR=87 bpm | IBI=0 ms | Participant=P15
252,IBI out of range,Row 252 | Timestamp: 1712016486326 ms | PPG(Green=2262189, Red=2262189, Ir=2262189) | ACC(X=-2.19147634506226, Y=-0.0239505618810653, Z=9.58980464935303) | HR=88 bpm | IBI=0 ms | Participant=P15
253,IBI out of range,Row 253 | Timestamp: 1712016486366 ms | PPG(Green=2262423, Red=2262423, Ir=2262423) | ACC(X=-2.15315556526184, Y=0.0335307866334915, Z=9.67123699188232) | HR=89 bpm | IBI=0 ms | Participant=P15
254,IBI out of range,Row 254 | Timestamp: 1712016486408 ms | PPG(Green=2263057, Red=2263057, Ir=2263057) | ACC(X=-2.22261214256287, Y=-0.0550862923264503, Z=9.61615085601807) | HR=89 bpm | IBI=0 ms | Participant=P15
255,IBI out of range,Row 255 | Timestamp: 1712016486447 ms | PPG(Green=2263744, Red=2263744, Ir=2263744) | ACC(X=-2.14836549758911, Y=-0.0431110113859176, Z=9.65207672119141) | HR=90 bpm | IBI=0 ms | Participant=P15
256,IBI out of range,Row 256 | Timestamp: 1712016486487 ms | PPG(Green=2264553, Red=2264553, Ir=2264553) | ACC(X=-2.21063685417175, Y=0.0167653933167457, Z=9.66165637969971) | HR=90 bpm | IBI=0 ms | Participant=P15
257,IBI out of range,Row 257 | Timestamp: 1712016486527 ms | PPG(Green=2265580, Red=2265580, Ir=2265580) | ACC(X=-2.14597034454346, Y=-0.112567640841007, Z=9.61136054992676) | HR=91 bpm | IBI=0 ms | Participant=P15
258,IBI out of range,Row 258 | Timestamp: 1712016486567 ms | PPG(Green=2265507, Red=2265507, Ir=2265507) | ACC(X=-2.15076041221619, Y=-0.035925842821598, Z=9.63052082061768) | HR=91 bpm | IBI=0 ms | Participant=P15
259,IBI out of range,Row 259 | Timestamp: 1712016486608 ms | PPG(Green=2263745, Red=2263745, Ir=2263745) | ACC(X=-2.13878512382507, Y=-0.107777528464794, Z=9.60657024383545) | HR=91 bpm | IBI=0 ms | Participant=P15
260,IBI out of range,Row 260 | Timestamp: 1712016486647 ms | PPG(Green=2261865, Red=2261865, Ir=2261865) | ACC(X=-2.22500729560852, Y=-0.0239505618810653, Z=9.68560695648193) | HR=91 bpm | IBI=0 ms | Participant=P15
261,IBI out of range,Row 261 | Timestamp: 1712016486687 ms | PPG(Green=2260694, Red=2260694, Ir=2260694) | ACC(X=-2.14597034454346, Y=-0.0383208990097045, Z=9.65207672119141) | HR=90 bpm | IBI=0 ms | Participant=P15
262,IBI out of range,Row 262 | Timestamp: 1712016486727 ms | PPG(Green=2260119, Red=2260119, Ir=2260119) | ACC(X=-2.12201976776123, Y=-0.0526912361383438, Z=9.53711414337158) | HR=90 bpm | IBI=0 ms | Participant=P15
263,IBI out of range,Row 263 | Timestamp: 1712016486768 ms | PPG(Green=2260156, Red=2260156, Ir=2260156) | ACC(X=-2.19626641273499, Y=-0.0191604495048522, Z=9.6472864151001) | HR=89 bpm | IBI=0 ms | Participant=P15
264,IBI out of range,Row 264 | Timestamp: 1712016486809 ms | PPG(Green=2260037, Red=2260037, Ir=2260037) | ACC(X=-2.16034078598022, Y=-0.035925842821598, Z=9.65207672119141) | HR=89 bpm | IBI=0 ms | Participant=P15
265,IBI out of range,Row 265 | Timestamp: 1712016486848 ms | PPG(Green=2259948, Red=2259948, Ir=2259948) | ACC(X=-2.19626641273499, Y=-0.0479011237621307, Z=9.60657024383545) | HR=88 bpm | IBI=0 ms | Participant=P15
266,IBI out of range,Row 266 | Timestamp: 1712016486888 ms | PPG(Green=2259747, Red=2259747, Ir=2259747) | ACC(X=-2.17710614204407, Y=-0.0910121351480484, Z=9.55387878417969) | HR=88 bpm | IBI=0 ms | Participant=P15
267,IBI out of range,Row 267 | Timestamp: 1712016486928 ms | PPG(Green=2259606, Red=2259606, Ir=2259606) | ACC(X=-2.28488349914551, Y=-0.004790112376213, Z=9.58022499084473) | HR=87 bpm | IBI=0 ms | Participant=P15
268,IBI out of range,Row 268 | Timestamp: 1712016486968 ms | PPG(Green=2259656, Red=2259656, Ir=2259656) | ACC(X=-2.15315556526184, Y=-0.0814319103956222, Z=9.58261966705322) | HR=87 bpm | IBI=0 ms | Participant=P15
269,IBI out of range,Row 269 | Timestamp: 1712016487009 ms | PPG(Green=2260345, Red=2260345, Ir=2260345) | ACC(X=-2.23458743095398, Y=0.0263456180691719, Z=9.59938526153564) | HR=87 bpm | IBI=0 ms | Participant=P15
270,IBI out of range,Row 270 | Timestamp: 1712016487048 ms | PPG(Green=2260937, Red=2260937, Ir=2260937) | ACC(X=-2.16752576828003, Y=-0.0766417980194091, Z=9.65207672119141) | HR=87 bpm | IBI=0 ms | Participant=P15
271,IBI out of range,Row 271 | Timestamp: 1712016487088 ms | PPG(Green=2261585, Red=2261585, Ir=2261585) | ACC(X=-2.15794563293457, Y=0.0071851685643196, Z=9.6472864151001) | HR=88 bpm | IBI=0 ms | Participant=P15
272,IBI out of range,Row 272 | Timestamp: 1712016487129 ms | PPG(Green=2262476, Red=2262476, Ir=2262476) | ACC(X=-2.16513085365295, Y=0.0263456180691719, Z=9.60177993774414) | HR=88 bpm | IBI=0 ms | Participant=P15
273,IBI out of range,Row 273 | Timestamp: 1712016487169 ms | PPG(Green=2263515, Red=2263515, Ir=2263515) | ACC(X=-2.22500729560852, Y=0.0287406742572784, Z=9.59938526153564) | HR=88 bpm | IBI=0 ms | Participant=P15
274,IBI out of range,Row 274 | Timestamp: 1712016487210 ms | PPG(Green=2264062, Red=2264062, Ir=2264062) | ACC(X=-2.16992092132568, Y=-0.0886170789599418, Z=9.5634593963623) | HR=88 bpm | IBI=0 ms | Participant=P15
275,IBI out of range,Row 275 | Timestamp: 1712016487249 ms | PPG(Green=2263004, Red=2263004, Ir=2263004) | ACC(X=-2.2082417011261, Y=-0.0862220227718353, Z=9.60177993774414) | HR=88 bpm | IBI=0 ms | Participant=P15
276,IBI out of range,Row 276 | Timestamp: 1712016487289 ms | PPG(Green=2260878, Red=2260878, Ir=2260878) | ACC(X=-2.20345163345337, Y=-0.0143703371286392, Z=9.66165637969971) | HR=87 bpm | IBI=0 ms | Participant=P15
277,IBI out of range,Row 277 | Timestamp: 1712016487329 ms | PPG(Green=2259556, Red=2259556, Ir=2259556) | ACC(X=-2.22979736328125, Y=-0.0335307866334915, Z=9.60657024383545) | HR=87 bpm | IBI=0 ms | Participant=P15
278,IBI out of range,Row 278 | Timestamp: 1712016487369 ms | PPG(Green=2259173, Red=2259173, Ir=2259173) | ACC(X=-2.13399505615234, Y=-0.119752809405327, Z=9.58980464935303) | HR=87 bpm | IBI=0 ms | Participant=P15
279,IBI out of range,Row 279 | Timestamp: 1712016487410 ms | PPG(Green=2258927, Red=2258927, Ir=2258927) | ACC(X=-2.14597034454346, Y=-0.0622714608907699, Z=9.61375522613525) | HR=88 bpm | IBI=0 ms | Participant=P15
280,IBI out of range,Row 280 | Timestamp: 1712016487450 ms | PPG(Green=2259306, Red=2259306, Ir=2259306) | ACC(X=-2.23458743095398, Y=-0.0287406742572784, Z=9.5490894317627) | HR=88 bpm | IBI=0 ms | Participant=P15
281,IBI out of range,Row 281 | Timestamp: 1712016487490 ms | PPG(Green=2259774, Red=2259774, Ir=2259774) | ACC(X=-2.21303200721741, Y=-0.0526912361383438, Z=9.63291645050049) | HR=88 bpm | IBI=0 ms | Participant=P15
282,IBI out of range,Row 282 | Timestamp: 1712016487530 ms | PPG(Green=2260042, Red=2260042, Ir=2260042) | ACC(X=-2.19626641273499, Y=-0.0790368542075157, Z=9.61854553222656) | HR=88 bpm | IBI=0 ms | Participant=P15
283,IBI out of range,Row 283 | Timestamp: 1712016487570 ms | PPG(Green=2260060, Red=2260060, Ir=2260060) | ACC(X=-2.17950105667114, Y=-0.0287406742572784, Z=9.62333583831787) | HR=88 bpm | IBI=0 ms | Participant=P15
284,IBI out of range,Row 284 | Timestamp: 1712016487611 ms | PPG(Green=2260507, Red=2260507, Ir=2260507) | ACC(X=-2.30643916130066, Y=-0.098197303712368, Z=9.61615085601807) | HR=88 bpm | IBI=0 ms | Participant=P15
285,IBI out of range,Row 285 | Timestamp: 1712016487650 ms | PPG(Green=2261163, Red=2261163, Ir=2261163) | ACC(X=-2.17710614204407, Y=-0.035925842821598, Z=9.62333583831787) | HR=87 bpm | IBI=0 ms | Participant=P15
286,IBI out of range,Row 286 | Timestamp: 1712016487690 ms | PPG(Green=2262032, Red=2262032, Ir=2262032) | ACC(X=-2.23219227790833, Y=-0.0862220227718353, Z=9.61615085601807) | HR=87 bpm | IBI=0 ms | Participant=P15
287,IBI out of range,Row 287 | Timestamp: 1712016487730 ms | PPG(Green=2263019, Red=2263019, Ir=2263019) | ACC(X=-2.18668627738953, Y=0.0167653933167457, Z=9.6544713973999) | HR=87 bpm | IBI=0 ms | Participant=P15
288,IBI out of range,Row 288 | Timestamp: 1712016487770 ms | PPG(Green=2264015, Red=2264015, Ir=2264015) | ACC(X=-2.15794563293457, Y=-0.0095802247524261, Z=9.5490894317627) | HR=86 bpm | IBI=0 ms | Participant=P15
289,IBI out of range,Row 289 | Timestamp: 1712016487812 ms | PPG(Green=2265232, Red=2265232, Ir=2265232) | ACC(X=-2.342365026474, Y=0.0143703371286392, Z=9.76464366912842) | HR=86 bpm | IBI=0 ms | Participant=P15
290,IBI out of range,Row 290 | Timestamp: 1712016487851 ms | PPG(Green=2266261, Red=2266261, Ir=2266261) | ACC(X=-2.26811814308167, Y=0.0431110113859176, Z=9.58980464935303) | HR=85 bpm | IBI=0 ms | Participant=P15
291,IBI out of range,Row 291 | Timestamp: 1712016487891 ms | PPG(Green=2266614, Red=2266614, Ir=2266614) | ACC(X=-2.12201976776123, Y=-0.0335307866334915, Z=9.58740997314453) | HR=85 bpm | IBI=0 ms | Participant=P15
292,IBI out of range,Row 292 | Timestamp: 1712016487931 ms | PPG(Green=2265291, Red=2265291, Ir=2265291) | ACC(X=-2.25135278701782, Y=-0.0479011237621307, Z=9.58740997314453) | HR=85 bpm | IBI=0 ms | Participant=P15
293,IBI out of range,Row 293 | Timestamp: 1712016487971 ms | PPG(Green=2263712, Red=2263712, Ir=2263712) | ACC(X=-2.21303200721741, Y=-0.0311357304453849, Z=9.62573051452637) | HR=84 bpm | IBI=0 ms | Participant=P15
294,IBI out of range,Row 294 | Timestamp: 1712016488012 ms | PPG(Green=2262933, Red=2262933, Ir=2262933) | ACC(X=-2.3232045173645, Y=-0.0407159551978111, Z=9.60896587371826) | HR=84 bpm | IBI=0 ms | Participant=P15
295,IBI out of range,Row 295 | Timestamp: 1712016488051 ms | PPG(Green=2262848, Red=2262848, Ir=2262848) | ACC(X=-2.1435751914978, Y=0.0095802247524261, Z=9.63052082061768) | HR=83 bpm | IBI=0 ms | Participant=P15
296,IBI out of range,Row 296 | Timestamp: 1712016488092 ms | PPG(Green=2263048, Red=2263048, Ir=2263048) | ACC(X=-2.29446387290955, Y=-0.0718516856431961, Z=9.60657024383545) | HR=83 bpm | IBI=0 ms | Participant=P15
297,IBI out of range,Row 297 | Timestamp: 1712016488132 ms | PPG(Green=2263243, Red=2263243, Ir=2263243) | ACC(X=-2.20105671882629, Y=-0.0479011237621307, Z=9.61375522613525) | HR=83 bpm | IBI=0 ms | Participant=P15
298,IBI out of range,Row 298 | Timestamp: 1712016488172 ms | PPG(Green=2263417, Red=2263417, Ir=2263417) | ACC(X=-2.24895787239075, Y=0.0167653933167457, Z=9.62094116210938) | HR=83 bpm | IBI=0 ms | Participant=P15
299,IBI out of range,Row 299 | Timestamp: 1712016488213 ms | PPG(Green=2263421, Red=2263421, Ir=2263421) | ACC(X=-2.22021698951721, Y=-0.0119752809405326, Z=9.6448917388916) | HR=83 bpm | IBI=0 ms | Participant=P15
300,IBI out of range,Row 300 | Timestamp: 1712016488303 ms | PPG(Green=2263519, Red=2263519, Ir=2263519) | ACC(X=-2.19866156578064, Y=-0.0407159551978111, Z=9.64249610900879) | HR=83 bpm | IBI=0 ms | Participant=P15
301,IBI out of range,Row 301 | Timestamp: 1712016488343 ms | PPG(Green=2263940, Red=2263940, Ir=2263940) | ACC(X=-2.20345163345337, Y=-0.0431110113859176, Z=9.55148410797119) | HR=83 bpm | IBI=0 ms | Participant=P15
302,IBI out of range,Row 302 | Timestamp: 1712016488383 ms | PPG(Green=2264553, Red=2264553, Ir=2264553) | ACC(X=-2.21542692184448, Y=-0.160468757152557, Z=9.5658540725708) | HR=83 bpm | IBI=0 ms | Participant=P15
303,IBI out of range,Row 303 | Timestamp: 1712016488423 ms | PPG(Green=2265589, Red=2265589, Ir=2265589) | ACC(X=-2.26093292236328, Y=-0.0574813485145568, Z=9.68081665039062) | HR=83 bpm | IBI=0 ms | Participant=P15
304,IBI out of range,Row 304 | Timestamp: 1712016488464 ms | PPG(Green=2266422, Red=2266422, Ir=2266422) | ACC(X=-2.27290821075439, Y=0.0095802247524261, Z=9.61615085601807) | HR=84 bpm | IBI=0 ms | Participant=P15
305,IBI out of range,Row 305 | Timestamp: 1712016488504 ms | PPG(Green=2267486, Red=2267486, Ir=2267486) | ACC(X=-2.21303200721741, Y=-0.110172584652901, Z=9.66644668579102) | HR=85 bpm | IBI=0 ms | Participant=P15
306,IBI out of range,Row 306 | Timestamp: 1712016488544 ms | PPG(Green=2268646, Red=2268646, Ir=2268646) | ACC(X=-2.23219227790833, Y=-0.098197303712368, Z=9.59699058532715) | HR=85 bpm | IBI=0 ms | Participant=P15
307,IBI out of range,Row 307 | Timestamp: 1712016488584 ms | PPG(Green=2269106, Red=2269106, Ir=2269106) | ACC(X=-2.19626641273499, Y=-0.0383208990097045, Z=9.57304000854492) | HR=86 bpm | IBI=0 ms | Participant=P15
308,IBI out of range,Row 308 | Timestamp: 1712016488624 ms | PPG(Green=2268138, Red=2268138, Ir=2268138) | ACC(X=-2.26093292236328, Y=0.0119752809405326, Z=9.61375522613525) | HR=87 bpm | IBI=0 ms | Participant=P15
309,IBI out of range,Row 309 | Timestamp: 1712016488665 ms | PPG(Green=2266323, Red=2266323, Ir=2266323) | ACC(X=-2.14836549758911, Y=-0.035925842821598, Z=9.6448917388916) | HR=88 bpm | IBI=0 ms | Participant=P15
310,IBI out of range,Row 310 | Timestamp: 1712016488704 ms | PPG(Green=2265190, Red=2265190, Ir=2265190) | ACC(X=-2.20584678649902, Y=-0.035925842821598, Z=9.57543468475342) | HR=88 bpm | IBI=0 ms | Participant=P15
311,IBI out of range,Row 311 | Timestamp: 1712016488744 ms | PPG(Green=2264898, Red=2264898, Ir=2264898) | ACC(X=-2.21303200721741, Y=-0.0814319103956222, Z=9.60657024383545) | HR=89 bpm | IBI=0 ms | Participant=P15
312,IBI out of range,Row 312 | Timestamp: 1712016488784 ms | PPG(Green=2265081, Red=2265081, Ir=2265081) | ACC(X=-2.22261214256287, Y=-0.0191604495048522, Z=9.57543468475342) | HR=89 bpm | IBI=0 ms | Participant=P15
313,IBI out of range,Row 313 | Timestamp: 1712016488825 ms | PPG(Green=2265653, Red=2265653, Ir=2265653) | ACC(X=-2.20105671882629, Y=-0.112567640841007, Z=9.63052082061768) | HR=89 bpm | IBI=0 ms | Participant=P15
314,IBI out of range,Row 314 | Timestamp: 1712016488866 ms | PPG(Green=2265940, Red=2265940, Ir=2265940) | ACC(X=-2.21542692184448, Y=0.0143703371286392, Z=9.57064437866211) | HR=90 bpm | IBI=0 ms | Participant=P15
315,IBI out of range,Row 315 | Timestamp: 1712016488905 ms | PPG(Green=2265979, Red=2265979, Ir=2265979) | ACC(X=-2.16034078598022, Y=-0.0694566294550895, Z=9.59938526153564) | HR=90 bpm | IBI=0 ms | Participant=P15
316,IBI out of range,Row 316 | Timestamp: 1712016488945 ms | PPG(Green=2266325, Red=2266325, Ir=2266325) | ACC(X=-2.17710614204407, Y=-0.0934071913361549, Z=9.6448917388916) | HR=90 bpm | IBI=0 ms | Participant=P15
317,IBI out of range,Row 317 | Timestamp: 1712016488985 ms | PPG(Green=2266966, Red=2266966, Ir=2266966) | ACC(X=-2.22021698951721, Y=-0.0455060675740242, Z=9.66884136199951) | HR=90 bpm | IBI=0 ms | Participant=P15
318,IBI out of range,Row 318 | Timestamp: 1712016489025 ms | PPG(Green=2267695, Red=2267695, Ir=2267695) | ACC(X=-2.25135278701782, Y=-0.0263456180691719, Z=9.63531112670898) | HR=90 bpm | IBI=0 ms | Participant=P15
319,IBI out of range,Row 319 | Timestamp: 1712016489066 ms | PPG(Green=2268726, Red=2268726, Ir=2268726) | ACC(X=-2.19626641273499, Y=-0.0622714608907699, Z=9.55387878417969) | HR=90 bpm | IBI=0 ms | Participant=P15
320,IBI out of range,Row 320 | Timestamp: 1712016489106 ms | PPG(Green=2269811, Red=2269811, Ir=2269811) | ACC(X=-2.20105671882629, Y=-0.0287406742572784, Z=9.64010143280029) | HR=90 bpm | IBI=0 ms | Participant=P15
321,IBI out of range,Row 321 | Timestamp: 1712016489145 ms | PPG(Green=2270915, Red=2270915, Ir=2270915) | ACC(X=-2.1818962097168, Y=0.0455060675740242, Z=9.63770580291748) | HR=90 bpm | IBI=0 ms | Participant=P15
322,IBI out of range,Row 322 | Timestamp: 1712016489186 ms | PPG(Green=2271813, Red=2271813, Ir=2271813) | ACC(X=-2.22500729560852, Y=-0.0958022475242614, Z=9.54669380187988) | HR=90 bpm | IBI=0 ms | Participant=P15
323,IBI out of range,Row 323 | Timestamp: 1712016489226 ms | PPG(Green=2272738, Red=2272738, Ir=2272738) | ACC(X=-2.20345163345337, Y=-0.0239505618810653, Z=9.63291645050049) | HR=90 bpm | IBI=0 ms | Participant=P15
324,IBI out of range,Row 324 | Timestamp: 1712016489267 ms | PPG(Green=2272024, Red=2272024, Ir=2272024) | ACC(X=-2.23698258399963, Y=0.0383208990097045, Z=9.67842197418213) | HR=90 bpm | IBI=0 ms | Participant=P15
325,IBI out of range,Row 325 | Timestamp: 1712016489306 ms | PPG(Green=2270187, Red=2270187, Ir=2270187) | ACC(X=-2.16752576828003, Y=-0.131728082895279, Z=9.57543468475342) | HR=90 bpm | IBI=0 ms | Participant=P15
326,IBI out of range,Row 326 | Timestamp: 1712016489346 ms | PPG(Green=2268866, Red=2268866, Ir=2268866) | ACC(X=-2.17231607437134, Y=-0.0407159551978111, Z=9.64010143280029) | HR=90 bpm | IBI=0 ms | Participant=P15
327,IBI out of range,Row 327 | Timestamp: 1712016489386 ms | PPG(Green=2268200, Red=2268200, Ir=2268200) | ACC(X=-2.13159990310669, Y=0.0023950561881065, Z=9.57782936096191) | HR=90 bpm | IBI=0 ms | Participant=P15
328,IBI out of range,Row 328 | Timestamp: 1712016489426 ms | PPG(Green=2268011, Red=2268011, Ir=2268011) | ACC(X=-2.12680983543396, Y=-0.0838269665837287, Z=9.59220027923584) | HR=90 bpm | IBI=0 ms | Participant=P15
329,IBI out of range,Row 329 | Timestamp: 1712016489468 ms | PPG(Green=2268170, Red=2268170, Ir=2268170) | ACC(X=-2.17471098899841, Y=-0.129333034157753, Z=9.62812614440918) | HR=91 bpm | IBI=0 ms | Participant=P15
330,IBI out of range,Row 330 | Timestamp: 1712016489507 ms | PPG(Green=2268317, Red=2268317, Ir=2268317) | ACC(X=-2.10764932632446, Y=0.0431110113859176, Z=9.43173122406006) | HR=91 bpm | IBI=0 ms | Participant=P15
331,IBI out of range,Row 331 | Timestamp: 1712016489547 ms | PPG(Green=2268324, Red=2268324, Ir=2268324) | ACC(X=-2.2274022102356, Y=-0.0862220227718353, Z=9.7454833984375) | HR=92 bpm | IBI=0 ms | Participant=P15
332,IBI out of range,Row 332 | Timestamp: 1712016489587 ms | PPG(Green=2268263, Red=2268263, Ir=2268263) | ACC(X=-2.19866156578064, Y=-0.0718516856431961, Z=9.62812614440918) | HR=92 bpm | IBI=0 ms | Participant=P15
333,IBI out of range,Row 333 | Timestamp: 1712016489627 ms | PPG(Green=2268421, Red=2268421, Ir=2268421) | ACC(X=-2.18668627738953, Y=-0.0622714608907699, Z=9.47723770141602) | HR=92 bpm | IBI=0 ms | Participant=P15
334,IBI out of range,Row 334 | Timestamp: 1712016489668 ms | PPG(Green=2268858, Red=2268858, Ir=2268858) | ACC(X=-2.19147634506226, Y=-0.131728082895279, Z=9.75506401062012) | HR=92 bpm | IBI=0 ms | Participant=P15
335,IBI out of range,Row 335 | Timestamp: 1712016489707 ms | PPG(Green=2269897, Red=2269897, Ir=2269897) | ACC(X=-2.17710614204407, Y=-0.035925842821598, Z=9.54190349578857) | HR=91 bpm | IBI=0 ms | Participant=P15
336,IBI out of range,Row 336 | Timestamp: 1712016489747 ms | PPG(Green=2270836, Red=2270836, Ir=2270836) | ACC(X=-2.21063685417175, Y=-0.167653933167457, Z=9.7382984161377) | HR=91 bpm | IBI=0 ms | Participant=P15
337,IBI out of range,Row 337 | Timestamp: 1712016489788 ms | PPG(Green=2271770, Red=2271770, Ir=2271770) | ACC(X=-2.25374794006348, Y=-0.0239505618810653, Z=9.63291645050049) | HR=90 bpm | IBI=0 ms | Participant=P15
338,IBI out of range,Row 338 | Timestamp: 1712016489828 ms | PPG(Green=2272919, Red=2272919, Ir=2272919) | ACC(X=-2.22261214256287, Y=-0.0431110113859176, Z=9.65207672119141) | HR=90 bpm | IBI=0 ms | Participant=P15
339,IBI out of range,Row 339 | Timestamp: 1712016489869 ms | PPG(Green=2273955, Red=2273955, Ir=2273955) | ACC(X=-2.20105671882629, Y=0.0095802247524261, Z=9.60657024383545) | HR=89 bpm | IBI=0 ms | Participant=P15
340,IBI out of range,Row 340 | Timestamp: 1712016489908 ms | PPG(Green=2274489, Red=2274489, Ir=2274489) | ACC(X=-2.22261214256287, Y=-0.100592359900475, Z=9.64249610900879) | HR=87 bpm | IBI=0 ms | Participant=P15
341,IBI out of range,Row 341 | Timestamp: 1712016489948 ms | PPG(Green=2273349, Red=2273349, Ir=2273349) | ACC(X=-2.25135278701782, Y=-0.0550862923264503, Z=9.61136054992676) | HR=86 bpm | IBI=0 ms | Participant=P15
342,IBI out of range,Row 342 | Timestamp: 1712016489988 ms | PPG(Green=2271464, Red=2271464, Ir=2271464) | ACC(X=-2.16752576828003, Y=-0.0814319103956222, Z=9.57782936096191) | HR=84 bpm | IBI=0 ms | Participant=P15
343,IBI out of range,Row 343 | Timestamp: 1712016490028 ms | PPG(Green=2269995, Red=2269995, Ir=2269995) | ACC(X=-2.17710614204407, Y=-0.0574813485145568, Z=9.53711414337158) | HR=84 bpm | IBI=0 ms | Participant=P15
344,IBI out of range,Row 344 | Timestamp: 1712016490070 ms | PPG(Green=2269575, Red=2269575, Ir=2269575) | ACC(X=-2.14597034454346, Y=-0.0622714608907699, Z=9.61136054992676) | HR=84 bpm | IBI=0 ms | Participant=P15
345,IBI out of range,Row 345 | Timestamp: 1712016490109 ms | PPG(Green=2269410, Red=2269410, Ir=2269410) | ACC(X=-2.18668627738953, Y=-0.107777528464794, Z=9.59699058532715) | HR=84 bpm | IBI=0 ms | Participant=P15
346,IBI out of range,Row 346 | Timestamp: 1712016490149 ms | PPG(Green=2269665, Red=2269665, Ir=2269665) | ACC(X=-2.14597034454346, Y=-0.126937985420227, Z=9.56106472015381) | HR=85 bpm | IBI=0 ms | Participant=P15
347,IBI out of range,Row 347 | Timestamp: 1712016490189 ms | PPG(Green=2269712, Red=2269712, Ir=2269712) | ACC(X=-2.22021698951721, Y=0.0071851685643196, Z=9.60417556762695) | HR=85 bpm | IBI=0 ms | Participant=P15
348,IBI out of range,Row 348 | Timestamp: 1712016490229 ms | PPG(Green=2269717, Red=2269717, Ir=2269717) | ACC(X=-2.20105671882629, Y=-0.0742467418313026, Z=9.67602729797363) | HR=86 bpm | IBI=0 ms | Participant=P15
349,IBI out of range,Row 349 | Timestamp: 1712016490270 ms | PPG(Green=2269840, Red=2269840, Ir=2269840) | ACC(X=-2.28248858451843, Y=-0.0383208990097045, Z=9.60657024383545) | HR=86 bpm | IBI=0 ms | Participant=P15
350,IBI out of range,Row 350 | Timestamp: 1712016490310 ms | PPG(Green=2270211, Red=2270211, Ir=2270211) | ACC(X=-2.15076041221619, Y=-0.134123146533966, Z=9.60657024383545) | HR=86 bpm | IBI=0 ms | Participant=P15
351,IBI out of range,Row 351 | Timestamp: 1712016490350 ms | PPG(Green=2270914, Red=2270914, Ir=2270914) | ACC(X=-2.25614285469055, Y=-0.0191604495048522, Z=9.70237255096436) | HR=87 bpm | IBI=0 ms | Participant=P15
352,IBI out of range,Row 352 | Timestamp: 1712016490390 ms | PPG(Green=2271769, Red=2271769, Ir=2271769) | ACC(X=-2.33278465270996, Y=-0.0287406742572784, Z=9.5634593963623) | HR=87 bpm | IBI=0 ms | Participant=P15
353,IBI out of range,Row 353 | Timestamp: 1712016490430 ms | PPG(Green=2272707, Red=2272707, Ir=2272707) | ACC(X=-2.1627357006073, Y=-0.0742467418313026, Z=9.63531112670898) | HR=87 bpm | IBI=0 ms | Participant=P15
354,IBI out of range,Row 354 | Timestamp: 1712016490471 ms | PPG(Green=2273405, Red=2273405, Ir=2273405) | ACC(X=-2.19626641273499, Y=-0.004790112376213, Z=9.52992820739746) | HR=88 bpm | IBI=0 ms | Participant=P15
355,IBI out of range,Row 355 | Timestamp: 1712016490510 ms | PPG(Green=2274505, Red=2274505, Ir=2274505) | ACC(X=-2.15076041221619, Y=-0.107777528464794, Z=9.63770580291748) | HR=88 bpm | IBI=0 ms | Participant=P15
356,IBI out of range,Row 356 | Timestamp: 1712016490550 ms | PPG(Green=2275198, Red=2275198, Ir=2275198) | ACC(X=-2.0717236995697, Y=-0.0718516856431961, Z=9.51795291900635) | HR=88 bpm | IBI=0 ms | Participant=P15
357,IBI out of range,Row 357 | Timestamp: 1712016490591 ms | PPG(Green=2275549, Red=2275549, Ir=2275549) | ACC(X=-2.15555047988892, Y=-0.0550862923264503, Z=9.64010143280029) | HR=88 bpm | IBI=0 ms | Participant=P15
358,IBI out of range,Row 358 | Timestamp: 1712016490631 ms | PPG(Green=2274263, Red=2274263, Ir=2274263) | ACC(X=-2.2776985168457, Y=-0.102987416088581, Z=9.71674251556396) | HR=89 bpm | IBI=0 ms | Participant=P15
359,IBI out of range,Row 359 | Timestamp: 1712016490672 ms | PPG(Green=2271874, Red=2271874, Ir=2271874) | ACC(X=-2.22500729560852, Y=-0.098197303712368, Z=9.69279193878174) | HR=89 bpm | IBI=0 ms | Participant=P15
360,IBI out of range,Row 360 | Timestamp: 1712016490711 ms | PPG(Green=2270253, Red=2270253, Ir=2270253) | ACC(X=-2.20584678649902, Y=-0.0502961799502372, Z=9.52274322509766) | HR=90 bpm | IBI=0 ms | Participant=P15
361,IBI out of range,Row 361 | Timestamp: 1712016490751 ms | PPG(Green=2269797, Red=2269797, Ir=2269797) | ACC(X=-2.1818962097168, Y=0.0191604495048522, Z=9.6568660736084) | HR=90 bpm | IBI=0 ms | Participant=P15
362,IBI out of range,Row 362 | Timestamp: 1712016490791 ms | PPG(Green=2269695, Red=2269695, Ir=2269695) | ACC(X=-2.22021698951721, Y=-0.0622714608907699, Z=9.64010143280029) | HR=90 bpm | IBI=0 ms | Participant=P15
363,IBI out of range,Row 363 | Timestamp: 1712016490831 ms | PPG(Green=2269850, Red=2269850, Ir=2269850) | ACC(X=-2.23219227790833, Y=-0.0167653933167457, Z=9.6472864151001) | HR=90 bpm | IBI=0 ms | Participant=P15
364,IBI out of range,Row 364 | Timestamp: 1712016490872 ms | PPG(Green=2270046, Red=2270046, Ir=2270046) | ACC(X=-2.17471098899841, Y=-0.0862220227718353, Z=9.57782936096191) | HR=90 bpm | IBI=0 ms | Participant=P15
365,IBI out of range,Row 365 | Timestamp: 1712016490911 ms | PPG(Green=2269918, Red=2269918, Ir=2269918) | ACC(X=-2.2082417011261, Y=-0.0431110113859176, Z=9.61854553222656) | HR=89 bpm | IBI=0 ms | Participant=P15
366,IBI out of range,Row 366 | Timestamp: 1712016490951 ms | PPG(Green=2269793, Red=2269793, Ir=2269793) | ACC(X=-2.2082417011261, Y=-0.0718516856431961, Z=9.62333583831787) | HR=89 bpm | IBI=0 ms | Participant=P15
367,IBI out of range,Row 367 | Timestamp: 1712016490991 ms | PPG(Green=2269998, Red=2269998, Ir=2269998) | ACC(X=-2.22261214256287, Y=-0.0598764047026634, Z=9.62812614440918) | HR=89 bpm | IBI=0 ms | Participant=P15
368,IBI out of range,Row 368 | Timestamp: 1712016491032 ms | PPG(Green=2270225, Red=2270225, Ir=2270225) | ACC(X=-2.45732760429382, Y=-0.067061573266983, Z=9.77422428131104) | HR=89 bpm | IBI=0 ms | Participant=P15
369,IBI out of range,Row 369 | Timestamp: 1712016491072 ms | PPG(Green=2270874, Red=2270874, Ir=2270874) | ACC(X=-2.66090750694275, Y=0.270641356706619, Z=9.13234901428223) | HR=89 bpm | IBI=0 ms | Participant=P15
370,IBI out of range,Row 370 | Timestamp: 1712016491112 ms | PPG(Green=2271596, Red=2271596, Ir=2271596) | ACC(X=-3.08243727684021, Y=0.320937514305115, Z=9.21378135681152) | HR=89 bpm | IBI=0 ms | Participant=P15
371,IBI out of range,Row 371 | Timestamp: 1712016491152 ms | PPG(Green=2271594, Red=2271594, Ir=2271594) | ACC(X=-2.89083290100098, Y=-0.141308307647705, Z=8.67489337921143) | HR=89 bpm | IBI=0 ms | Participant=P15
372,IBI out of range,Row 372 | Timestamp: 1712016491192 ms | PPG(Green=2271503, Red=2271503, Ir=2271503) | ACC(X=-2.9794499874115, Y=-0.275431454181671, Z=8.55514049530029) | HR=89 bpm | IBI=0 ms | Participant=P15
373,IBI out of range,Row 373 | Timestamp: 1712016491232 ms | PPG(Green=2271220, Red=2271220, Ir=2271220) | ACC(X=-2.86209225654602, Y=-0.105382472276688, Z=8.68447399139404) | HR=89 bpm | IBI=0 ms | Participant=P15
374,IBI out of range,Row 374 | Timestamp: 1712016491273 ms | PPG(Green=2270406, Red=2270406, Ir=2270406) | ACC(X=-2.4142165184021, Y=-0.450270563364029, Z=8.61501693725586) | HR=89 bpm | IBI=0 ms | Participant=P15
375,IBI out of range,Row 375 | Timestamp: 1712016491312 ms | PPG(Green=2266807, Red=2266807, Ir=2266807) | ACC(X=-2.19387149810791, Y=-0.112567640841007, Z=8.65333843231201) | HR=89 bpm | IBI=0 ms | Participant=P15
376,IBI out of range,Row 376 | Timestamp: 1712016491352 ms | PPG(Green=2258850, Red=2258850, Ir=2258850) | ACC(X=-2.13878512382507, Y=-0.479011237621307, Z=8.75632572174072) | HR=89 bpm | IBI=0 ms | Participant=P15
377,IBI out of range,Row 377 | Timestamp: 1712016491392 ms | PPG(Green=2249719, Red=2249719, Ir=2249719) | ACC(X=-2.3878710269928, Y=0.263456165790558, Z=9.51316356658936) | HR=89 bpm | IBI=0 ms | Participant=P15
378,IBI out of range,Row 378 | Timestamp: 1712016491432 ms | PPG(Green=2245261, Red=2245261, Ir=2245261) | ACC(X=-2.25853800773621, Y=-0.253875970840454, Z=8.67489337921143) | HR=89 bpm | IBI=0 ms | Participant=P15
379,IBI out of range,Row 379 | Timestamp: 1712016491473 ms | PPG(Green=2243465, Red=2243465, Ir=2243465) | ACC(X=-2.12441492080688, Y=-0.196394607424736, Z=7.92524099349976) | HR=88 bpm | IBI=0 ms | Participant=P15
380,IBI out of range,Row 380 | Timestamp: 1712016491513 ms | PPG(Green=2245998, Red=2245998, Ir=2245998) | ACC(X=-2.16992092132568, Y=0.174839109182358, Z=7.44383478164673) | HR=88 bpm | IBI=0 ms | Participant=P15
381,IBI out of range,Row 381 | Timestamp: 1712016491553 ms | PPG(Green=2244412, Red=2244412, Ir=2244412) | ACC(X=-3.26925158500671, Y=-0.0071851685643196, Z=7.79351282119751) | HR=88 bpm | IBI=0 ms | Participant=P15
382,IBI out of range,Row 382 | Timestamp: 1712016491593 ms | PPG(Green=2240066, Red=2240066, Ir=2240066) | ACC(X=-4.35181713104248, Y=0.122147865593433, Z=7.39114332199097) | HR=88 bpm | IBI=0 ms | Participant=P15
383,IBI out of range,Row 383 | Timestamp: 1712016491633 ms | PPG(Green=2237661, Red=2237661, Ir=2237661) | ACC(X=-4.86196422576904, Y=1.78671193122864, Z=11.8459482192993) | HR=87 bpm | IBI=0 ms | Participant=P15
384,IBI out of range,Row 384 | Timestamp: 1712016491674 ms | PPG(Green=2236419, Red=2236419, Ir=2236419) | ACC(X=-12.3273544311523, Y=-1.22626876831055, Z=22.2309112548828) | HR=87 bpm | IBI=0 ms | Participant=P15
385,IBI out of range,Row 385 | Timestamp: 1712016491713 ms | PPG(Green=2232979, Red=2232979, Ir=2232979) | ACC(X=-4.36618757247925, Y=-1.43224358558655, Z=7.94440126419067) | HR=87 bpm | IBI=0 ms | Participant=P15
386,IBI out of range,Row 386 | Timestamp: 1712016491753 ms | PPG(Green=2246318, Red=2246318, Ir=2246318) | ACC(X=-3.34110331535339, Y=-0.716121792793274, Z=5.13979053497314) | HR=87 bpm | IBI=0 ms | Participant=P15
387,IBI out of range,Row 387 | Timestamp: 1712016491793 ms | PPG(Green=2266494, Red=2266494, Ir=2266494) | ACC(X=-5.52060461044312, Y=-0.18681438267231, Z=5.42719745635986) | HR=87 bpm | IBI=0 ms | Participant=P15
388,IBI out of range,Row 388 | Timestamp: 1712016491834 ms | PPG(Green=2269935, Red=2269935, Ir=2269935) | ACC(X=-6.54568862915039, Y=-1.40589797496796, Z=9.17545986175537) | HR=87 bpm | IBI=0 ms | Participant=P15
389,IBI out of range,Row 389 | Timestamp: 1712016491874 ms | PPG(Green=2276243, Red=2276243, Ir=2276243) | ACC(X=-5.96368980407715, Y=-1.84898340702057, Z=8.40185737609863) | HR=87 bpm | IBI=0 ms | Participant=P15
390,IBI out of range,Row 390 | Timestamp: 1712016491914 ms | PPG(Green=2281497, Red=2281497, Ir=2281497) | ACC(X=-5.49425888061523, Y=-1.38913261890411, Z=7.90368556976318) | HR=87 bpm | IBI=0 ms | Participant=P15
391,IBI out of range,Row 391 | Timestamp: 1712016491954 ms | PPG(Green=2290327, Red=2290327, Ir=2290327) | ACC(X=-6.01398611068726, Y=-1.37476229667664, Z=8.16714191436768) | HR=87 bpm | IBI=0 ms | Participant=P15
392,IBI out of range,Row 392 | Timestamp: 1712016491994 ms | PPG(Green=2297554, Red=2297554, Ir=2297554) | ACC(X=-5.50383901596069, Y=-1.83461308479309, Z=7.90847539901733) | HR=87 bpm | IBI=0 ms | Participant=P15
393,IBI out of range,Row 393 | Timestamp: 1712016492034 ms | PPG(Green=2303617, Red=2303617, Ir=2303617) | ACC(X=-5.64035749435425, Y=-1.41068804264069, Z=7.8773398399353) | HR=88 bpm | IBI=0 ms | Participant=P15
394,IBI out of range,Row 394 | Timestamp: 1712016492075 ms | PPG(Green=2308255, Red=2308255, Ir=2308255) | ACC(X=-5.85112237930298, Y=-1.29093527793884, Z=7.85578441619873) | HR=88 bpm | IBI=0 ms | Participant=P15
395,IBI out of range,Row 395 | Timestamp: 1712016492114 ms | PPG(Green=2311552, Red=2311552, Ir=2311552) | ACC(X=-5.69783878326416, Y=-1.5256507396698, Z=7.6977105140686) | HR=88 bpm | IBI=0 ms | Participant=P15
396,IBI out of range,Row 396 | Timestamp: 1712016492154 ms | PPG(Green=2315016, Red=2315016, Ir=2315016) | ACC(X=-5.63077688217163, Y=-1.377157330513, Z=8.01864814758301) | HR=88 bpm | IBI=0 ms | Participant=P15
397,IBI out of range,Row 397 | Timestamp: 1712016492194 ms | PPG(Green=2318741, Red=2318741, Ir=2318741) | ACC(X=-5.61640691757202, Y=-1.11130607128143, Z=8.13121604919434) | HR=88 bpm | IBI=0 ms | Participant=P15
398,IBI out of range,Row 398 | Timestamp: 1712016492235 ms | PPG(Green=2322356, Red=2322356, Ir=2322356) | ACC(X=-5.81040620803833, Y=-1.44421887397766, Z=7.67375993728638) | HR=88 bpm | IBI=0 ms | Participant=P15
399,IBI out of range,Row 399 | Timestamp: 1712016492275 ms | PPG(Green=2325843, Red=2325843, Ir=2325843) | ACC(X=-5.63556718826294, Y=-1.53523099422455, Z=7.8773398399353) | HR=88 bpm | IBI=0 ms | Participant=P15
400,IBI out of range,Row 400 | Timestamp: 1712016492315 ms | PPG(Green=2328885, Red=2328885, Ir=2328885) | ACC(X=-5.6882586479187, Y=-1.39152765274048, Z=7.84380912780762) | HR=88 bpm | IBI=0 ms | Participant=P15
401,IBI out of range,Row 401 | Timestamp: 1712016492355 ms | PPG(Green=2331620, Red=2331620, Ir=2331620) | ACC(X=-5.66191291809082, Y=-1.53283596038818, Z=7.72405624389648) | HR=88 bpm | IBI=0 ms | Participant=P15
402,IBI out of range,Row 402 | Timestamp: 1712016492395 ms | PPG(Green=2334137, Red=2334137, Ir=2334137) | ACC(X=-5.76010990142822, Y=-1.31728088855743, Z=7.91805553436279) | HR=88 bpm | IBI=0 ms | Participant=P15
403,IBI out of range,Row 403 | Timestamp: 1712016492435 ms | PPG(Green=2337161, Red=2337161, Ir=2337161) | ACC(X=-5.75052976608276, Y=-1.36757707595825, Z=7.97553730010986) | HR=88 bpm | IBI=0 ms | Participant=P15
404,IBI out of range,Row 404 | Timestamp: 1712016492476 ms | PPG(Green=2339987, Red=2339987, Ir=2339987) | ACC(X=-5.56132030487061, Y=-1.50649034976959, Z=7.7815375328064) | HR=88 bpm | IBI=0 ms | Participant=P15
405,IBI out of range,Row 405 | Timestamp: 1712016492515 ms | PPG(Green=2343268, Red=2343268, Ir=2343268) | ACC(X=-5.7409496307373, Y=-1.26937973499298, Z=7.90847539901733) | HR=88 bpm | IBI=0 ms | Participant=P15
406,IBI out of range,Row 406 | Timestamp: 1712016492555 ms | PPG(Green=2346126, Red=2346126, Ir=2346126) | ACC(X=-5.73615980148315, Y=-1.45858919620514, Z=7.89410495758057) | HR=88 bpm | IBI=0 ms | Participant=P15
407,IBI out of range,Row 407 | Timestamp: 1712016492596 ms | PPG(Green=2348738, Red=2348738, Ir=2348738) | ACC(X=-5.60922145843506, Y=-1.5256507396698, Z=7.86536455154419) | HR=88 bpm | IBI=0 ms | Participant=P15
408,IBI out of range,Row 408 | Timestamp: 1712016492636 ms | PPG(Green=2351530, Red=2351530, Ir=2351530) | ACC(X=-5.72657918930054, Y=-1.3579968214035, Z=7.86057424545288) | HR=88 bpm | IBI=0 ms | Participant=P15
409,IBI out of range,Row 409 | Timestamp: 1712016492676 ms | PPG(Green=2353952, Red=2353952, Ir=2353952) | ACC(X=-5.52539443969727, Y=-1.59750247001648, Z=7.88931512832642) | HR=88 bpm | IBI=0 ms | Participant=P15
410,IBI out of range,Row 410 | Timestamp: 1712016492716 ms | PPG(Green=2355935, Red=2355935, Ir=2355935) | ACC(X=-5.74573993682861, Y=-1.44900894165039, Z=8.04738903045654) | HR=88 bpm | IBI=0 ms | Participant=P15
411,IBI out of range,Row 411 | Timestamp: 1712016492756 ms | PPG(Green=2357181, Red=2357181, Ir=2357181) | ACC(X=-5.68586349487305, Y=-1.48972499370575, Z=7.86775970458984) | HR=88 bpm | IBI=0 ms | Participant=P15
412,IBI out of range,Row 412 | Timestamp: 1712016492796 ms | PPG(Green=2357577, Red=2357577, Ir=2357577) | ACC(X=-5.81280136108398, Y=-1.46816945075989, Z=7.74800682067871) | HR=88 bpm | IBI=0 ms | Participant=P15
413,IBI out of range,Row 413 | Timestamp: 1712016492836 ms | PPG(Green=2358138, Red=2358138, Ir=2358138) | ACC(X=-5.6451473236084, Y=-1.35320675373077, Z=7.93721628189087) | HR=88 bpm | IBI=0 ms | Participant=P15
414,IBI out of range,Row 414 | Timestamp: 1712016492877 ms | PPG(Green=2358993, Red=2358993, Ir=2358993) | ACC(X=-5.59245634078979, Y=-1.32686114311218, Z=8.00188255310059) | HR=88 bpm | IBI=0 ms | Participant=P15
415,IBI out of range,Row 415 | Timestamp: 1712016492916 ms | PPG(Green=2360066, Red=2360066, Ir=2360066) | ACC(X=-5.61401176452637, Y=-1.39392268657684, Z=7.89889526367188) | HR=89 bpm | IBI=0 ms | Participant=P15
416,IBI out of range,Row 416 | Timestamp: 1712016492957 ms | PPG(Green=2361504, Red=2361504, Ir=2361504) | ACC(X=-5.57569074630737, Y=-1.47774970531464, Z=7.95398139953613) | HR=89 bpm | IBI=0 ms | Participant=P15
417,IBI out of range,Row 417 | Timestamp: 1712016492996 ms | PPG(Green=2363142, Red=2363142, Ir=2363142) | ACC(X=-5.67867803573608, Y=-1.44900894165039, Z=7.83901882171631) | HR=89 bpm | IBI=0 ms | Participant=P15
418,IBI out of range,Row 418 | Timestamp: 1712016493037 ms | PPG(Green=2364120, Red=2364120, Ir=2364120) | ACC(X=-5.71699905395508, Y=-1.43224358558655, Z=7.86536455154419) | HR=89 bpm | IBI=0 ms | Participant=P15
419,IBI out of range,Row 419 | Timestamp: 1712016493078 ms | PPG(Green=2365088, Red=2365088, Ir=2365088) | ACC(X=-5.72897434234619, Y=-1.43703365325928, Z=7.88931512832642) | HR=89 bpm | IBI=0 ms | Participant=P15
420,IBI out of range,Row 420 | Timestamp: 1712016493117 ms | PPG(Green=2366127, Red=2366127, Ir=2366127) | ACC(X=-5.65951776504517, Y=-1.44421887397766, Z=7.97314214706421) | HR=89 bpm | IBI=0 ms | Participant=P15
421,IBI out of range,Row 421 | Timestamp: 1712016493157 ms | PPG(Green=2367784, Red=2367784, Ir=2367784) | ACC(X=-5.71699905395508, Y=-1.43224358558655, Z=7.96356201171875) | HR=89 bpm | IBI=0 ms | Participant=P15
422,IBI out of range,Row 422 | Timestamp: 1712016493197 ms | PPG(Green=2369588, Red=2369588, Ir=2369588) | ACC(X=-5.62119674682617, Y=-1.59750247001648, Z=7.88213014602661) | HR=89 bpm | IBI=0 ms | Participant=P15
424,IBI out of range,Row 424 | Timestamp: 1712016493278 ms | PPG(Green=2373088, Red=2373088, Ir=2373088) | ACC(X=-5.48946857452393, Y=-1.40350294113159, Z=8.45694351196289) | HR=89 bpm | IBI=0 ms | Participant=P15
425,IBI out of range,Row 425 | Timestamp: 1712016493317 ms | PPG(Green=2374238, Red=2374238, Ir=2374238) | ACC(X=-4.93142080307007, Y=-1.57834208011627, Z=8.62938785552979) | HR=88 bpm | IBI=0 ms | Participant=P15
426,IBI out of range,Row 426 | Timestamp: 1712016493357 ms | PPG(Green=2374584, Red=2374584, Ir=2374584) | ACC(X=-4.50989103317261, Y=-1.07538020610809, Z=9.13953399658203) | HR=88 bpm | IBI=0 ms | Participant=P15
427,IBI out of range,Row 427 | Timestamp: 1712016493397 ms | PPG(Green=2371257, Red=2371257, Ir=2371257) | ACC(X=-4.29433584213257, Y=-1.76515638828278, Z=8.59585666656494) | HR=87 bpm | IBI=0 ms | Participant=P15
428,IBI out of range,Row 428 | Timestamp: 1712016493438 ms | PPG(Green=2366759, Red=2366759, Ir=2366759) | ACC(X=-4.92184066772461, Y=-1.73402070999146, Z=8.57430076599121) | HR=87 bpm | IBI=0 ms | Participant=P15
429,IBI out of range,Row 429 | Timestamp: 1712016493478 ms | PPG(Green=2358422, Red=2358422, Ir=2358422) | ACC(X=-5.98045539855957, Y=-0.907726287841797, Z=7.77914237976074) | HR=87 bpm | IBI=0 ms | Participant=P15
430,IBI out of range,Row 430 | Timestamp: 1712016493518 ms | PPG(Green=2345018, Red=2345018, Ir=2345018) | ACC(X=-6.5073676109314, Y=-0.526912331581116, Z=7.11571216583252) | HR=86 bpm | IBI=0 ms | Participant=P15
431,IBI out of range,Row 431 | Timestamp: 1712016493558 ms | PPG(Green=2338258, Red=2338258, Ir=2338258) | ACC(X=-7.17798328399658, Y=-0.330517768859863, Z=6.84267568588257) | HR=86 bpm | IBI=0 ms | Participant=P15
432,IBI out of range,Row 432 | Timestamp: 1712016493598 ms | PPG(Green=2333503, Red=2333503, Ir=2333503) | ACC(X=-7.27618074417114, Y=0.268246293067932, Z=6.27744245529175) | HR=86 bpm | IBI=0 ms | Participant=P15
433,IBI out of range,Row 433 | Timestamp: 1712016493638 ms | PPG(Green=2329337, Red=2329337, Ir=2329337) | ACC(X=-7.41030406951904, Y=0.452665627002716, Z=6.31336832046509) | HR=86 bpm | IBI=0 ms | Participant=P15
434,IBI out of range,Row 434 | Timestamp: 1712016493679 ms | PPG(Green=2326307, Red=2326307, Ir=2326307) | ACC(X=-7.23067474365234, Y=1.28375005722046, Z=6.35168886184692) | HR=86 bpm | IBI=0 ms | Participant=P15
435,IBI out of range,Row 435 | Timestamp: 1712016493718 ms | PPG(Green=2323002, Red=2323002, Ir=2323002) | ACC(X=-8.48807907104492, Y=0.910121321678162, Z=6.45946645736694) | HR=86 bpm | IBI=0 ms | Participant=P15
436,IBI out of range,Row 436 | Timestamp: 1712016493758 ms | PPG(Green=2319851, Red=2319851, Ir=2319851) | ACC(X=-4.15781736373901, Y=-0.730492115020752, Z=4.83801364898682) | HR=86 bpm | IBI=0 ms | Participant=P15
437,IBI out of range,Row 437 | Timestamp: 1712016493799 ms | PPG(Green=2318697, Red=2318697, Ir=2318697) | ACC(X=-7.24504518508911, Y=1.34841668605804, Z=7.43425464630127) | HR=86 bpm | IBI=0 ms | Participant=P15
438,IBI out of range,Row 438 | Timestamp: 1712016493838 ms | PPG(Green=2318245, Red=2318245, Ir=2318245) | ACC(X=-6.21996068954468, Y=-1.6477986574173, Z=8.42341232299805) | HR=86 bpm | IBI=0 ms | Participant=P15
439,IBI out of range,Row 439 | Timestamp: 1712016493879 ms | PPG(Green=2317671, Red=2317671, Ir=2317671) | ACC(X=-6.59119462966919, Y=-0.764022946357727, Z=9.0988187789917) | HR=86 bpm | IBI=0 ms | Participant=P15
440,IBI out of range,Row 440 | Timestamp: 1712016493919 ms | PPG(Green=2322554, Red=2322554, Ir=2322554) | ACC(X=-6.64628076553345, Y=0.0958022475242614, Z=7.43185949325562) | HR=87 bpm | IBI=0 ms | Participant=P15
441,IBI out of range,Row 441 | Timestamp: 1712016493959 ms | PPG(Green=2325115, Red=2325115, Ir=2325115) | ACC(X=-6.92171239852905, Y=0.464640915393829, Z=6.39240503311157) | HR=87 bpm | IBI=0 ms | Participant=P15
442,IBI out of range,Row 442 | Timestamp: 1712016493999 ms | PPG(Green=2326747, Red=2326747, Ir=2326747) | ACC(X=-7.06302070617676, Y=0.0455060675740242, Z=6.72292280197144) | HR=88 bpm | IBI=0 ms | Participant=P15
443,IBI out of range,Row 443 | Timestamp: 1712016494039 ms | PPG(Green=2328472, Red=2328472, Ir=2328472) | ACC(X=-6.92650270462036, Y=0.433505177497864, Z=7.26181030273438) | HR=89 bpm | IBI=0 ms | Participant=P15
444,IBI out of range,Row 444 | Timestamp: 1712016494080 ms | PPG(Green=2330510, Red=2330510, Ir=2330510) | ACC(X=-6.98158884048462, Y=0.313752353191376, Z=7.12768745422363) | HR=89 bpm | IBI=0 ms | Participant=P15
445,IBI out of range,Row 445 | Timestamp: 1712016494119 ms | PPG(Green=2332537, Red=2332537, Ir=2332537) | ACC(X=-6.65825605392456, Y=0.483801364898682, Z=7.22109460830688) | HR=91 bpm | IBI=0 ms | Participant=P15
446,IBI out of range,Row 446 | Timestamp: 1712016494160 ms | PPG(Green=2335772, Red=2335772, Ir=2335772) | ACC(X=-6.72531795501709, Y=0.361653476953506, Z=7.04146528244019) | HR=92 bpm | IBI=0 ms | Participant=P15
447,IBI out of range,Row 447 | Timestamp: 1712016494200 ms | PPG(Green=2336251, Red=2336251, Ir=2336251) | ACC(X=-7.2785758972168, Y=-0.371233701705933, Z=6.8283052444458) | HR=92 bpm | IBI=0 ms | Participant=P15
448,IBI out of range,Row 448 | Timestamp: 1712016494240 ms | PPG(Green=2334522, Red=2334522, Ir=2334522) | ACC(X=-7.05104541778564, Y=0.270641356706619, Z=6.94566297531128) | HR=92 bpm | IBI=0 ms | Participant=P15
449,IBI out of range,Row 449 | Timestamp: 1712016494281 ms | PPG(Green=2334476, Red=2334476, Ir=2334476) | ACC(X=-6.9193172454834, Y=-0.311357319355011, Z=7.13966226577759) | HR=92 bpm | IBI=0 ms | Participant=P15
450,IBI out of range,Row 450 | Timestamp: 1712016494320 ms | PPG(Green=2335496, Red=2335496, Ir=2335496) | ACC(X=-6.76603364944458, Y=-0.986763119697571, Z=7.08218097686768) | HR=92 bpm | IBI=0 ms | Participant=P15
451,IBI out of range,Row 451 | Timestamp: 1712016494360 ms | PPG(Green=2336443, Red=2336443, Ir=2336443) | ACC(X=-6.58640432357788, Y=-0.627504706382751, Z=7.1444525718689) | HR=91 bpm | IBI=0 ms | Participant=P15
452,IBI out of range,Row 452 | Timestamp: 1712016494400 ms | PPG(Green=2338181, Red=2338181, Ir=2338181) | ACC(X=-6.33252859115601, Y=-0.63468986749649, Z=7.42946434020996) | HR=90 bpm | IBI=0 ms | Participant=P15
453,IBI out of range,Row 453 | Timestamp: 1712016494440 ms | PPG(Green=2339461, Red=2339461, Ir=2339461) | ACC(X=-6.50497245788574, Y=-1.04424452781677, Z=7.27378559112549) | HR=90 bpm | IBI=0 ms | Participant=P15
454,IBI out of range,Row 454 | Timestamp: 1712016494481 ms | PPG(Green=2340928, Red=2340928, Ir=2340928) | ACC(X=-6.85225582122803, Y=-0.546072840690613, Z=7.3743782043457) | HR=89 bpm | IBI=0 ms | Participant=P15
455,IBI out of range,Row 455 | Timestamp: 1712016494521 ms | PPG(Green=2342249, Red=2342249, Ir=2342249) | ACC(X=-6.95763826370239, Y=-0.205974832177162, Z=7.03667497634888) | HR=88 bpm | IBI=0 ms | Participant=P15
456,IBI out of range,Row 456 | Timestamp: 1712016494561 ms | PPG(Green=2343892, Red=2343892, Ir=2343892) | ACC(X=-6.95284795761108, Y=-0.294591903686523, Z=6.93608283996582) | HR=87 bpm | IBI=0 ms | Participant=P15
457,IBI out of range,Row 457 | Timestamp: 1712016494601 ms | PPG(Green=2345786, Red=2345786, Ir=2345786) | ACC(X=-6.66544151306152, Y=-0.581998646259308, Z=7.07020568847656) | HR=85 bpm | IBI=0 ms | Participant=P15
458,IBI out of range,Row 458 | Timestamp: 1712016494641 ms | PPG(Green=2347919, Red=2347919, Ir=2347919) | ACC(X=-6.86423110961914, Y=-0.433505177497864, Z=7.0606255531311) | HR=85 bpm | IBI=0 ms | Participant=P15
459,IBI out of range,Row 459 | Timestamp: 1712016494682 ms | PPG(Green=2349599, Red=2349599, Ir=2349599) | ACC(X=-6.59837961196899, Y=-0.720911920070648, Z=7.194748878479) | HR=83 bpm | IBI=0 ms | Participant=P15
460,IBI out of range,Row 460 | Timestamp: 1712016494721 ms | PPG(Green=2351703, Red=2351703, Ir=2351703) | ACC(X=-7.00074911117554, Y=-0.859825193881989, Z=7.1516375541687) | HR=83 bpm | IBI=0 ms | Participant=P15
461,IBI out of range,Row 461 | Timestamp: 1712016494761 ms | PPG(Green=2353746, Red=2353746, Ir=2353746) | ACC(X=-6.07146739959717, Y=-0.876590549945831, Z=6.98158884048462) | HR=81 bpm | IBI=0 ms | Participant=P15
462,IBI out of range,Row 462 | Timestamp: 1712016494801 ms | PPG(Green=2355216, Red=2355216, Ir=2355216) | ACC(X=-7.14924287796021, Y=-1.08975052833557, Z=7.0534405708313) | HR=80 bpm | IBI=0 ms | Participant=P15
463,IBI out of range,Row 463 | Timestamp: 1712016494841 ms | PPG(Green=2357266, Red=2357266, Ir=2357266) | ACC(X=-6.45707130432129, Y=-0.5340975522995, Z=7.38395833969116) | HR=79 bpm | IBI=0 ms | Participant=P15
464,IBI out of range,Row 464 | Timestamp: 1712016494882 ms | PPG(Green=2359005, Red=2359005, Ir=2359005) | ACC(X=-6.97679853439331, Y=-0.838269650936127, Z=7.12768745422363) | HR=79 bpm | IBI=0 ms | Participant=P15
465,IBI out of range,Row 465 | Timestamp: 1712016494922 ms | PPG(Green=2361194, Red=2361194, Ir=2361194) | ACC(X=-6.67981147766113, Y=-0.392789214849472, Z=7.11331701278687) | HR=79 bpm | IBI=0 ms | Participant=P15
466,IBI out of range,Row 466 | Timestamp: 1712016494962 ms | PPG(Green=2359980, Red=2359980, Ir=2359980) | ACC(X=-6.75645351409912, Y=-0.7113316655159, Z=7.16361284255982) | HR=80 bpm | IBI=0 ms | Participant=P15
467,IBI out of range,Row 467 | Timestamp: 1712016495002 ms | PPG(Green=2358903, Red=2358903, Ir=2358903) | ACC(X=-6.80914497375488, Y=-0.675405859947205, Z=7.27378559112549) | HR=80 bpm | IBI=0 ms | Participant=P15
468,IBI out of range,Row 468 | Timestamp: 1712016495042 ms | PPG(Green=2358459, Red=2358459, Ir=2358459) | ACC(X=-6.49539232254028, Y=-0.716121792793274, Z=6.94566297531128) | HR=81 bpm | IBI=0 ms | Participant=P15
469,IBI out of range,Row 469 | Timestamp: 1712016495083 ms | PPG(Green=2359016, Red=2359016, Ir=2359016) | ACC(X=-6.8283052444458, Y=-0.95562744140625, Z=7.12050199508667) | HR=81 bpm | IBI=0 ms | Participant=P15
470,IBI out of range,Row 470 | Timestamp: 1712016495122 ms | PPG(Green=2359711, Red=2359711, Ir=2359711) | ACC(X=-6.63430547714233, Y=-0.871800422668457, Z=7.29773616790771) | HR=80 bpm | IBI=0 ms | Participant=P15
471,IBI out of range,Row 471 | Timestamp: 1712016495162 ms | PPG(Green=2360924, Red=2360924, Ir=2360924) | ACC(X=-6.56724405288696, Y=-1.08017039299011, Z=7.07020568847656) | HR=80 bpm | IBI=0 ms | Participant=P15
472,IBI out of range,Row 472 | Timestamp: 1712016495203 ms | PPG(Green=2362009, Red=2362009, Ir=2362009) | ACC(X=-6.76603364944458, Y=-0.742467403411865, Z=6.94087266921997) | HR=80 bpm | IBI=0 ms | Participant=P15
473,IBI out of range,Row 473 | Timestamp: 1712016495243 ms | PPG(Green=2363003, Red=2363003, Ir=2363003) | ACC(X=-6.84267568588257, Y=-0.924491703510284, Z=7.35761260986328) | HR=80 bpm | IBI=0 ms | Participant=P15
474,IBI out of range,Row 474 | Timestamp: 1712016495284 ms | PPG(Green=2364762, Red=2364762, Ir=2364762) | ACC(X=-6.49060249328613, Y=-0.85264003276825, Z=7.27139043807983) | HR=80 bpm | IBI=0 ms | Participant=P15
475,IBI out of range,Row 475 | Timestamp: 1712016495323 ms | PPG(Green=2367407, Red=2367407, Ir=2367407) | ACC(X=-6.48820734024048, Y=-1.02268898487091, Z=7.0079345703125) | HR=80 bpm | IBI=0 ms | Participant=P15
476,IBI out of range,Row 476 | Timestamp: 1712016495363 ms | PPG(Green=2371048, Red=2371048, Ir=2371048) | ACC(X=-6.92171239852905, Y=-1.13286161422729, Z=7.16600799560547) | HR=81 bpm | IBI=0 ms | Participant=P15
477,IBI out of range,Row 477 | Timestamp: 1712016495403 ms | PPG(Green=2373596, Red=2373596, Ir=2373596) | ACC(X=-6.62951564788818, Y=-0.581998646259308, Z=7.38156318664551) | HR=81 bpm | IBI=0 ms | Participant=P15
478,IBI out of range,Row 478 | Timestamp: 1712016495443 ms | PPG(Green=2375793, Red=2375793, Ir=2375793) | ACC(X=-6.80674982070923, Y=-0.795158624649048, Z=6.98637866973877) | HR=81 bpm | IBI=0 ms | Participant=P15
479,IBI out of range,Row 479 | Timestamp: 1712016495484 ms | PPG(Green=2378382, Red=2378382, Ir=2378382) | ACC(X=-6.62951564788818, Y=-1.44900894165039, Z=7.07260084152222) | HR=82 bpm | IBI=0 ms | Participant=P15
480,IBI out of range,Row 480 | Timestamp: 1712016495524 ms | PPG(Green=2380143, Red=2380143, Ir=2380143) | ACC(X=-6.61754035949707, Y=-0.931676864624023, Z=7.38395833969116) | HR=82 bpm | IBI=0 ms | Participant=P15
481,IBI out of range,Row 481 | Timestamp: 1712016495564 ms | PPG(Green=2382157, Red=2382157, Ir=2382157) | ACC(X=-6.84507036209106, Y=-1.11609613895416, Z=7.03907012939453) | HR=82 bpm | IBI=0 ms | Participant=P15
482,IBI out of range,Row 482 | Timestamp: 1712016495604 ms | PPG(Green=2384648, Red=2384648, Ir=2384648) | ACC(X=-6.57442903518677, Y=-0.936466991901398, Z=7.1061315536499) | HR=82 bpm | IBI=0 ms | Participant=P15
483,IBI out of range,Row 483 | Timestamp: 1712016495644 ms | PPG(Green=2386516, Red=2386516, Ir=2386516) | ACC(X=-6.92410755157471, Y=-0.517332136631012, Z=7.23785972595215) | HR=82 bpm | IBI=0 ms | Participant=P15
484,IBI out of range,Row 484 | Timestamp: 1712016495685 ms | PPG(Green=2386114, Red=2386114, Ir=2386114) | ACC(X=-6.6031699180603, Y=-1.08496046066284, Z=6.92650270462036) | HR=82 bpm | IBI=0 ms | Participant=P15
485,IBI out of range,Row 485 | Timestamp: 1712016495724 ms | PPG(Green=2384657, Red=2384657, Ir=2384657) | ACC(X=-6.63670063018799, Y=-1.22387373447418, Z=7.17798328399658) | HR=82 bpm | IBI=0 ms | Participant=P15
486,IBI out of range,Row 486 | Timestamp: 1712016495764 ms | PPG(Green=2384194, Red=2384194, Ir=2384194) | ACC(X=-7.0079345703125, Y=-0.77599823474884, Z=7.26181030273438) | HR=82 bpm | IBI=0 ms | Participant=P15
487,IBI out of range,Row 487 | Timestamp: 1712016495804 ms | PPG(Green=2384470, Red=2384470, Ir=2384470) | ACC(X=-6.70376205444336, Y=-0.462245851755142, Z=6.95045328140259) | HR=82 bpm | IBI=0 ms | Participant=P15
488,IBI out of range,Row 488 | Timestamp: 1712016495845 ms | PPG(Green=2385487, Red=2385487, Ir=2385487) | ACC(X=-6.61993551254272, Y=-1.14723193645477, Z=6.99356412887573) | HR=81 bpm | IBI=0 ms | Participant=P15
489,IBI out of range,Row 489 | Timestamp: 1712016495885 ms | PPG(Green=2386617, Red=2386617, Ir=2386617) | ACC(X=-6.57442903518677, Y=-1.39392268657684, Z=7.32168674468994) | HR=81 bpm | IBI=0 ms | Participant=P15
490,IBI out of range,Row 490 | Timestamp: 1712016495925 ms | PPG(Green=2387382, Red=2387382, Ir=2387382) | ACC(X=-6.63670063018799, Y=-1.17836761474609, Z=7.25223016738892) | HR=81 bpm | IBI=0 ms | Participant=P15
491,IBI out of range,Row 491 | Timestamp: 1712016495965 ms | PPG(Green=2388288, Red=2388288, Ir=2388288) | ACC(X=-6.71334266662598, Y=-1.06340491771698, Z=7.00074911117554) | HR=82 bpm | IBI=0 ms | Participant=P15
492,IBI out of range,Row 492 | Timestamp: 1712016496005 ms | PPG(Green=2390022, Red=2390022, Ir=2390022) | ACC(X=-6.90494680404663, Y=-0.838269650936127, Z=7.16121816635132) | HR=82 bpm | IBI=0 ms | Participant=P15
493,IBI out of range,Row 493 | Timestamp: 1712016496045 ms | PPG(Green=2392134, Red=2392134, Ir=2392134) | ACC(X=-6.87860155105591, Y=-0.677800893783569, Z=7.14205741882324) | HR=82 bpm | IBI=0 ms | Participant=P15
494,IBI out of range,Row 494 | Timestamp: 1712016496086 ms | PPG(Green=2394840, Red=2394840, Ir=2394840) | ACC(X=-6.42114543914795, Y=-1.068195104599, Z=6.89297151565552) | HR=83 bpm | IBI=0 ms | Participant=P15
495,IBI out of range,Row 495 | Timestamp: 1712016496125 ms | PPG(Green=2397828, Red=2397828, Ir=2397828) | ACC(X=-6.82591009140015, Y=-1.51846563816071, Z=7.06541585922241) | HR=83 bpm | IBI=0 ms | Participant=P15
496,IBI out of range,Row 496 | Timestamp: 1712016496165 ms | PPG(Green=2400497, Red=2400497, Ir=2400497) | ACC(X=-6.83788537979126, Y=-1.02029395103455, Z=7.32647705078125) | HR=83 bpm | IBI=0 ms | Participant=P15
497,IBI out of range,Row 497 | Timestamp: 1712016496206 ms | PPG(Green=2402490, Red=2402490, Ir=2402490) | ACC(X=-6.81153964996338, Y=-0.895750999450684, Z=7.02709484100342) | HR=84 bpm | IBI=0 ms | Participant=P15
498,IBI out of range,Row 498 | Timestamp: 1712016496246 ms | PPG(Green=2405162, Red=2405162, Ir=2405162) | ACC(X=-6.66065120697021, Y=-1.00113344192505, Z=6.88578653335571) | HR=84 bpm | IBI=0 ms | Participant=P15
499,IBI out of range,Row 499 | Timestamp: 1712016496287 ms | PPG(Green=2407607, Red=2407607, Ir=2407607) | ACC(X=-6.55047845840454, Y=-1.32686114311218, Z=7.19235372543335) | HR=85 bpm | IBI=0 ms | Participant=P15
500,IBI out of range,Row 500 | Timestamp: 1712016496326 ms | PPG(Green=2409895, Red=2409895, Ir=2409895) | ACC(X=-6.56245374679565, Y=-1.56876182556152, Z=7.35282230377197) | HR=85 bpm | IBI=0 ms | Participant=P15
501,IBI out of range,Row 501 | Timestamp: 1712016496366 ms | PPG(Green=2410978, Red=2410978, Ir=2410978) | ACC(X=-6.63191080093384, Y=-1.49212002754211, Z=7.19235372543335) | HR=85 bpm | IBI=0 ms | Participant=P15
502,IBI out of range,Row 502 | Timestamp: 1712016496406 ms | PPG(Green=2411228, Red=2411228, Ir=2411228) | ACC(X=-6.50018262863159, Y=-1.27895998954773, Z=6.92650270462036) | HR=85 bpm | IBI=0 ms | Participant=P15
503,IBI out of range,Row 503 | Timestamp: 1712016496446 ms | PPG(Green=2411448, Red=2411448, Ir=2411448) | ACC(X=-6.77321910858154, Y=-1.3388364315033, Z=7.08697128295898) | HR=85 bpm | IBI=0 ms | Participant=P15
504,IBI out of range,Row 504 | Timestamp: 1712016496487 ms | PPG(Green=2412822, Red=2412822, Ir=2412822) | ACC(X=-6.78998422622681, Y=-1.23824405670166, Z=7.27139043807983) | HR=85 bpm | IBI=0 ms | Participant=P15
505,IBI out of range,Row 505 | Timestamp: 1712016496527 ms | PPG(Green=2414513, Red=2414513, Ir=2414513) | ACC(X=-6.78040409088135, Y=-1.18555283546448, Z=7.04386043548584) | HR=86 bpm | IBI=0 ms | Participant=P15
506,IBI out of range,Row 506 | Timestamp: 1712016496567 ms | PPG(Green=2417041, Red=2417041, Ir=2417041) | ACC(X=-6.64388608932495, Y=-1.4609842300415, Z=6.93847799301147) | HR=86 bpm | IBI=0 ms | Participant=P15
507,IBI out of range,Row 507 | Timestamp: 1712016496607 ms | PPG(Green=2419777, Red=2419777, Ir=2419777) | ACC(X=-6.42593574523926, Y=-1.5639716386795, Z=7.17798328399658) | HR=87 bpm | IBI=0 ms | Participant=P15
508,IBI out of range,Row 508 | Timestamp: 1712016496647 ms | PPG(Green=2421627, Red=2421627, Ir=2421627) | ACC(X=-6.70615720748901, Y=-1.48493480682373, Z=7.28336572647095) | HR=88 bpm | IBI=0 ms | Participant=P15
509,IBI out of range,Row 509 | Timestamp: 1712016496688 ms | PPG(Green=2423937, Red=2423937, Ir=2423937) | ACC(X=-6.62951564788818, Y=-1.29333031177521, Z=6.99595928192139) | HR=88 bpm | IBI=0 ms | Participant=P15
510,IBI out of range,Row 510 | Timestamp: 1712016496727 ms | PPG(Green=2426383, Red=2426383, Ir=2426383) | ACC(X=-6.82351493835449, Y=-1.32207107543945, Z=6.99595928192139) | HR=89 bpm | IBI=0 ms | Participant=P15
511,IBI out of range,Row 511 | Timestamp: 1712016496767 ms | PPG(Green=2429120, Red=2429120, Ir=2429120) | ACC(X=-6.63430547714233, Y=-1.49930512905121, Z=6.97200870513916) | HR=89 bpm | IBI=0 ms | Participant=P15
512,IBI out of range,Row 512 | Timestamp: 1712016496808 ms | PPG(Green=2431509, Red=2431509, Ir=2431509) | ACC(X=-6.56963920593262, Y=-1.55199646949768, Z=7.16840314865112) | HR=89 bpm | IBI=0 ms | Participant=P15
513,IBI out of range,Row 513 | Timestamp: 1712016496847 ms | PPG(Green=2434250, Red=2434250, Ir=2434250) | ACC(X=-6.60796022415161, Y=-1.77234160900116, Z=7.13487243652344) | HR=89 bpm | IBI=0 ms | Participant=P15
514,IBI out of range,Row 514 | Timestamp: 1712016496888 ms | PPG(Green=2436970, Red=2436970, Ir=2436970) | ACC(X=-6.69178676605225, Y=-1.42745351791382, Z=7.12768745422363) | HR=89 bpm | IBI=0 ms | Participant=P15
515,IBI out of range,Row 515 | Timestamp: 1712016496928 ms | PPG(Green=2439686, Red=2439686, Ir=2439686) | ACC(X=-6.55526876449585, Y=-1.43224358558655, Z=7.02948999404907) | HR=88 bpm | IBI=0 ms | Participant=P15
516,IBI out of range,Row 516 | Timestamp: 1712016496968 ms | PPG(Green=2442252, Red=2442252, Ir=2442252) | ACC(X=-6.68460178375244, Y=-1.5639716386795, Z=7.08218097686768) | HR=88 bpm | IBI=0 ms | Participant=P15
517,IBI out of range,Row 517 | Timestamp: 1712016497008 ms | PPG(Green=2444678, Red=2444678, Ir=2444678) | ACC(X=-6.66544151306152, Y=-1.36757707595825, Z=7.11810684204102) | HR=87 bpm | IBI=0 ms | Participant=P15
518,IBI out of range,Row 518 | Timestamp: 1712016497048 ms | PPG(Green=2445905, Red=2445905, Ir=2445905) | ACC(X=-6.71813249588013, Y=-1.49212002754211, Z=6.92171239852905) | HR=87 bpm | IBI=0 ms | Participant=P15
519,IBI out of range,Row 519 | Timestamp: 1712016497089 ms | PPG(Green=2446355, Red=2446355, Ir=2446355) | ACC(X=-6.67981147766113, Y=-1.480144739151, Z=7.10373687744141) | HR=85 bpm | IBI=0 ms | Participant=P15
520,IBI out of range,Row 520 | Timestamp: 1712016497128 ms | PPG(Green=2446000, Red=2446000, Ir=2446000) | ACC(X=-6.56963920593262, Y=-1.49451506137848, Z=6.99116897583008) | HR=85 bpm | IBI=0 ms | Participant=P15
521,IBI out of range,Row 521 | Timestamp: 1712016497169 ms | PPG(Green=2446692, Red=2446692, Ir=2446692) | ACC(X=-6.58400964736938, Y=-1.74599599838257, Z=7.06541585922241) | HR=84 bpm | IBI=0 ms | Participant=P15
522,IBI out of range,Row 522 | Timestamp: 1712016497209 ms | PPG(Green=2448069, Red=2448069, Ir=2448069) | ACC(X=-6.64628076553345, Y=-1.54002118110657, Z=7.22109460830688) | HR=84 bpm | IBI=0 ms | Participant=P15
523,IBI out of range,Row 523 | Timestamp: 1712016497249 ms | PPG(Green=2449584, Red=2449584, Ir=2449584) | ACC(X=-6.69897222518921, Y=-1.66456401348114, Z=7.04386043548584) | HR=84 bpm | IBI=0 ms | Participant=P15
524,IBI out of range,Row 524 | Timestamp: 1712016497290 ms | PPG(Green=2451120, Red=2451120, Ir=2451120) | ACC(X=-6.47862720489502, Y=-1.789106965065, Z=7.07739114761353) | HR=83 bpm | IBI=0 ms | Participant=P15
525,IBI out of range,Row 525 | Timestamp: 1712016497329 ms | PPG(Green=2452855, Red=2452855, Ir=2452855) | ACC(X=-6.44988632202148, Y=-1.63582336902618, Z=7.11092185974121) | HR=83 bpm | IBI=0 ms | Participant=P15
526,IBI out of range,Row 526 | Timestamp: 1712016497369 ms | PPG(Green=2454317, Red=2454317, Ir=2454317) | ACC(X=-6.73010778427124, Y=-1.65977394580841, Z=7.10852670669556) | HR=82 bpm | IBI=0 ms | Participant=P15
527,IBI out of range,Row 527 | Timestamp: 1712016497409 ms | PPG(Green=2455796, Red=2455796, Ir=2455796) | ACC(X=-6.59837961196899, Y=-1.46816945075989, Z=7.07260084152222) | HR=82 bpm | IBI=0 ms | Participant=P15
528,IBI out of range,Row 528 | Timestamp: 1712016497449 ms | PPG(Green=2457457, Red=2457457, Ir=2457457) | ACC(X=-6.81393480300903, Y=-1.54002118110657, Z=6.95284795761108) | HR=81 bpm | IBI=0 ms | Participant=P15
529,IBI out of range,Row 529 | Timestamp: 1712016497490 ms | PPG(Green=2459370, Red=2459370, Ir=2459370) | ACC(X=-6.5959849357605, Y=-1.55439150333405, Z=6.95524311065674) | HR=81 bpm | IBI=0 ms | Participant=P15
530,IBI out of range,Row 530 | Timestamp: 1712016497530 ms | PPG(Green=2461111, Red=2461111, Ir=2461111) | ACC(X=-6.61275005340576, Y=-1.60229253768921, Z=7.18037843704224) | HR=81 bpm | IBI=0 ms | Participant=P15
531,IBI out of range,Row 531 | Timestamp: 1712016497570 ms | PPG(Green=2463175, Red=2463175, Ir=2463175) | ACC(X=-6.57921934127808, Y=-1.63103330135345, Z=7.26660060882568) | HR=81 bpm | IBI=0 ms | Participant=P15
532,IBI out of range,Row 532 | Timestamp: 1712016497610 ms | PPG(Green=2465311, Red=2465311, Ir=2465311) | ACC(X=-6.52652788162231, Y=-1.80108225345612, Z=7.08218097686768) | HR=82 bpm | IBI=0 ms | Participant=P15
533,IBI out of range,Row 533 | Timestamp: 1712016497650 ms | PPG(Green=2468110, Red=2468110, Ir=2468110) | ACC(X=-6.56724405288696, Y=-1.86814379692078, Z=6.98877382278442) | HR=82 bpm | IBI=0 ms | Participant=P15
534,IBI out of range,Row 534 | Timestamp: 1712016497691 ms | PPG(Green=2470632, Red=2470632, Ir=2470632) | ACC(X=-6.62951564788818, Y=-1.4873298406601, Z=7.08218097686768) | HR=83 bpm | IBI=0 ms | Participant=P15
535,IBI out of range,Row 535 | Timestamp: 1712016497730 ms | PPG(Green=2472403, Red=2472403, Ir=2472403) | ACC(X=-6.61754035949707, Y=-1.28135502338409, Z=7.08936643600464) | HR=83 bpm | IBI=0 ms | Participant=P15
536,IBI out of range,Row 536 | Timestamp: 1712016497770 ms | PPG(Green=2473122, Red=2473122, Ir=2473122) | ACC(X=-6.61275005340576, Y=-1.6477986574173, Z=7.06781101226807) | HR=84 bpm | IBI=0 ms | Participant=P15
537,IBI out of range,Row 537 | Timestamp: 1712016497810 ms | PPG(Green=2474376, Red=2474376, Ir=2474376) | ACC(X=-6.64388608932495, Y=-1.87053883075714, Z=7.15642786026001) | HR=84 bpm | IBI=0 ms | Participant=P15
538,IBI out of range,Row 538 | Timestamp: 1712016497850 ms | PPG(Green=2475442, Red=2475442, Ir=2475442) | ACC(X=-6.54329347610474, Y=-2.84293174743652, Z=6.93847799301147) | HR=84 bpm | IBI=0 ms | Participant=P15
539,IBI out of range,Row 539 | Timestamp: 1712016497891 ms | PPG(Green=2476579, Red=2476579, Ir=2476579) | ACC(X=-6.45228147506714, Y=-1.77234160900116, Z=7.20911931991577) | HR=84 bpm | IBI=0 ms | Participant=P15
540,IBI out of range,Row 540 | Timestamp: 1712016497930 ms | PPG(Green=2477660, Red=2477660, Ir=2477660) | ACC(X=-6.12655353546143, Y=-1.39152765274048, Z=6.60556507110596) | HR=84 bpm | IBI=0 ms | Participant=P15
541,IBI out of range,Row 541 | Timestamp: 1712016497971 ms | PPG(Green=2479007, Red=2479007, Ir=2479007) | ACC(X=-6.78040409088135, Y=-2.0022668838501, Z=7.19714403152466) | HR=84 bpm | IBI=0 ms | Participant=P15
542,IBI out of range,Row 542 | Timestamp: 1712016498011 ms | PPG(Green=2480490, Red=2480490, Ir=2480490) | ACC(X=-6.68939208984375, Y=-1.86335372924805, Z=7.83422899246216) | HR=84 bpm | IBI=0 ms | Participant=P15
543,IBI out of range,Row 543 | Timestamp: 1712016498051 ms | PPG(Green=2480946, Red=2480946, Ir=2480946) | ACC(X=-6.52173805236816, Y=-2.12441492080688, Z=7.16600799560547) | HR=84 bpm | IBI=0 ms | Participant=P15
544,IBI out of range,Row 544 | Timestamp: 1712016498092 ms | PPG(Green=2482619, Red=2482619, Ir=2482619) | ACC(X=-6.56724405288696, Y=-2.19387149810791, Z=6.59358978271484) | HR=85 bpm | IBI=0 ms | Participant=P15
545,IBI out of range,Row 545 | Timestamp: 1712016498131 ms | PPG(Green=2485038, Red=2485038, Ir=2485038) | ACC(X=-6.35168886184692, Y=-1.68851459026337, Z=6.46665191650391) | HR=85 bpm | IBI=0 ms | Participant=P15
546,IBI out of range,Row 546 | Timestamp: 1712016498171 ms | PPG(Green=2486447, Red=2486447, Ir=2486447) | ACC(X=-6.62951564788818, Y=-1.83940315246582, Z=7.02948999404907) | HR=85 bpm | IBI=0 ms | Participant=P15
547,IBI out of range,Row 547 | Timestamp: 1712016498211 ms | PPG(Green=2487246, Red=2487246, Ir=2487246) | ACC(X=-6.72771263122559, Y=-1.85137844085693, Z=7.65938949584961) | HR=85 bpm | IBI=0 ms | Participant=P15
548,IBI out of range,Row 548 | Timestamp: 1712016498252 ms | PPG(Green=2487625, Red=2487625, Ir=2487625) | ACC(X=-6.58640432357788, Y=-1.83700811862946, Z=7.29055118560791) | HR=85 bpm | IBI=0 ms | Participant=P15
549,IBI out of range,Row 549 | Timestamp: 1712016498292 ms | PPG(Green=2489331, Red=2489331, Ir=2489331) | ACC(X=-6.35408401489258, Y=-2.07651376724243, Z=6.62712049484253) | HR=85 bpm | IBI=0 ms | Participant=P15
550,IBI out of range,Row 550 | Timestamp: 1712016498332 ms | PPG(Green=2491586, Red=2491586, Ir=2491586) | ACC(X=-6.57921934127808, Y=-2.27051329612732, Z=6.74926853179932) | HR=85 bpm | IBI=0 ms | Participant=P15
551,IBI out of range,Row 551 | Timestamp: 1712016498372 ms | PPG(Green=2493473, Red=2493473, Ir=2493473) | ACC(X=-6.58400964736938, Y=-1.9495757818222, Z=7.07020568847656) | HR=84 bpm | IBI=0 ms | Participant=P15
552,IBI out of range,Row 552 | Timestamp: 1712016498412 ms | PPG(Green=2494159, Red=2494159, Ir=2494159) | ACC(X=-6.76363849639893, Y=-1.51128041744232, Z=7.19235372543335) | HR=84 bpm | IBI=0 ms | Participant=P15
553,IBI out of range,Row 553 | Timestamp: 1712016498452 ms | PPG(Green=2494154, Red=2494154, Ir=2494154) | ACC(X=-6.40438032150269, Y=-1.49451506137848, Z=7.08697128295898) | HR=84 bpm | IBI=0 ms | Participant=P15
554,IBI out of range,Row 554 | Timestamp: 1712016498493 ms | PPG(Green=2494458, Red=2494458, Ir=2494458) | ACC(X=-6.52652788162231, Y=-2.07890868186951, Z=7.13487243652344) | HR=84 bpm | IBI=0 ms | Participant=P15
555,IBI out of range,Row 555 | Timestamp: 1712016498533 ms | PPG(Green=2495271, Red=2495271, Ir=2495271) | ACC(X=-6.68460178375244, Y=-2.09327912330627, Z=7.13726758956909) | HR=84 bpm | IBI=0 ms | Participant=P15
556,IBI out of range,Row 556 | Timestamp: 1712016498573 ms | PPG(Green=2496403, Red=2496403, Ir=2496403) | ACC(X=-6.5576639175415, Y=-2.09327912330627, Z=7.04386043548584) | HR=84 bpm | IBI=0 ms | Participant=P15
557,IBI out of range,Row 557 | Timestamp: 1712016498613 ms | PPG(Green=2497605, Red=2497605, Ir=2497605) | ACC(X=-6.6414909362793, Y=-1.78671193122864, Z=7.06541585922241) | HR=85 bpm | IBI=0 ms | Participant=P15
558,IBI out of range,Row 558 | Timestamp: 1712016498653 ms | PPG(Green=2499099, Red=2499099, Ir=2499099) | ACC(X=-6.50018262863159, Y=-1.64540362358093, Z=6.9648232460022) | HR=85 bpm | IBI=0 ms | Participant=P15
559,IBI out of range,Row 559 | Timestamp: 1712016498694 ms | PPG(Green=2499923, Red=2499923, Ir=2499923) | ACC(X=-6.61035490036011, Y=-1.76036632061005, Z=7.04865026473999) | HR=85 bpm | IBI=0 ms | Participant=P15
560,IBI out of range,Row 560 | Timestamp: 1712016498734 ms | PPG(Green=2500893, Red=2500893, Ir=2500893) | ACC(X=-6.37563943862915, Y=-2.25614285469055, Z=7.1444525718689) | HR=85 bpm | IBI=0 ms | Participant=P15
561,IBI out of range,Row 561 | Timestamp: 1712016498774 ms | PPG(Green=2501474, Red=2501474, Ir=2501474) | ACC(X=-6.48102188110352, Y=-2.40942645072937, Z=7.25941514968872) | HR=86 bpm | IBI=0 ms | Participant=P15
562,IBI out of range,Row 562 | Timestamp: 1712016498814 ms | PPG(Green=2502393, Red=2502393, Ir=2502393) | ACC(X=-6.4618616104126, Y=-2.04537796974182, Z=7.08218097686768) | HR=87 bpm | IBI=0 ms | Participant=P15
563,IBI out of range,Row 563 | Timestamp: 1712016498854 ms | PPG(Green=2503128, Red=2503128, Ir=2503128) | ACC(X=-6.62233018875122, Y=-1.9567608833313, Z=7.34324216842651) | HR=89 bpm | IBI=0 ms | Participant=P15
564,IBI out of range,Row 564 | Timestamp: 1712016498895 ms | PPG(Green=2504113, Red=2504113, Ir=2504113) | ACC(X=-6.70855236053467, Y=-1.69090962409973, Z=7.04625511169434) | HR=90 bpm | IBI=0 ms | Participant=P15
565,IBI out of range,Row 565 | Timestamp: 1712016498934 ms | PPG(Green=2504473, Red=2504473, Ir=2504473) | ACC(X=-6.6486759185791, Y=-1.72204542160034, Z=6.93129253387451) | HR=91 bpm | IBI=0 ms | Participant=P15
566,IBI out of range,Row 566 | Timestamp: 1712016498975 ms | PPG(Green=2503754, Red=2503754, Ir=2503754) | ACC(X=-6.60077476501465, Y=-1.15920722484589, Z=6.75405836105347) | HR=92 bpm | IBI=0 ms | Participant=P15
567,IBI out of range,Row 567 | Timestamp: 1712016499015 ms | PPG(Green=2500838, Red=2500838, Ir=2500838) | ACC(X=-6.71813249588013, Y=-1.88011908531189, Z=7.11810684204102) | HR=94 bpm | IBI=0 ms | Participant=P15
568,IBI out of range,Row 568 | Timestamp: 1712016499055 ms | PPG(Green=2497282, Red=2497282, Ir=2497282) | ACC(X=-6.7325029373169, Y=-1.38673758506775, Z=7.06781101226807) | HR=93 bpm | IBI=0 ms | Participant=P15
569,IBI out of range,Row 569 | Timestamp: 1712016499096 ms | PPG(Green=2494670, Red=2494670, Ir=2494670) | ACC(X=-6.53131818771362, Y=-1.18076264858246, Z=6.89776182174683) | HR=92 bpm | IBI=0 ms | Participant=P15
570,IBI out of range,Row 570 | Timestamp: 1712016499135 ms | PPG(Green=2491626, Red=2491626, Ir=2491626) | ACC(X=-6.77800893783569, Y=-1.38913261890411, Z=7.02948999404907) | HR=93 bpm | IBI=0 ms | Participant=P15
571,IBI out of range,Row 571 | Timestamp: 1712016499175 ms | PPG(Green=2485633, Red=2485633, Ir=2485633) | ACC(X=-6.5073676109314, Y=-1.36518204212189, Z=7.11571216583252) | HR=92 bpm | IBI=0 ms | Participant=P15
572,IBI out of range,Row 572 | Timestamp: 1712016499216 ms | PPG(Green=2477078, Red=2477078, Ir=2477078) | ACC(X=-6.73010778427124, Y=-1.686119556427, Z=7.07978630065918) | HR=92 bpm | IBI=0 ms | Participant=P15
573,IBI out of range,Row 573 | Timestamp: 1712016499256 ms | PPG(Green=2469700, Red=2469700, Ir=2469700) | ACC(X=-6.62712049484253, Y=-1.61666297912598, Z=7.19714403152466) | HR=93 bpm | IBI=0 ms | Participant=P15
574,IBI out of range,Row 574 | Timestamp: 1712016499297 ms | PPG(Green=2465756, Red=2465756, Ir=2465756) | ACC(X=-6.65586137771606, Y=-1.47535467147827, Z=6.98877382278442) | HR=94 bpm | IBI=0 ms | Participant=P15
575,IBI out of range,Row 575 | Timestamp: 1712016499337 ms | PPG(Green=2463861, Red=2463861, Ir=2463861) | ACC(X=-6.73010778427124, Y=-1.79389703273773, Z=7.07020568847656) | HR=94 bpm | IBI=0 ms | Participant=P15
576,IBI out of range,Row 576 | Timestamp: 1712016499377 ms | PPG(Green=2462930, Red=2462930, Ir=2462930) | ACC(X=-6.71573734283447, Y=-1.53283596038818, Z=7.13487243652344) | HR=95 bpm | IBI=0 ms | Participant=P15
577,IBI out of range,Row 577 | Timestamp: 1712016499417 ms | PPG(Green=2462165, Red=2462165, Ir=2462165) | ACC(X=-6.76363849639893, Y=-1.5903172492981, Z=7.07499599456787) | HR=94 bpm | IBI=0 ms | Participant=P15
578,IBI out of range,Row 578 | Timestamp: 1712016499457 ms | PPG(Green=2461293, Red=2461293, Ir=2461293) | ACC(X=-6.54808378219604, Y=-1.59750247001648, Z=7.00074911117554) | HR=94 bpm | IBI=0 ms | Participant=P15
579,IBI out of range,Row 579 | Timestamp: 1712016499498 ms | PPG(Green=2460681, Red=2460681, Ir=2460681) | ACC(X=-6.54329347610474, Y=-1.70767509937286, Z=7.08218097686768) | HR=95 bpm | IBI=0 ms | Participant=P15
580,IBI out of range,Row 580 | Timestamp: 1712016499537 ms | PPG(Green=2460767, Red=2460767, Ir=2460767) | ACC(X=-6.57921934127808, Y=-1.65737891197205, Z=7.13487243652344) | HR=95 bpm | IBI=0 ms | Participant=P15
581,IBI out of range,Row 581 | Timestamp: 1712016499578 ms | PPG(Green=2461279, Red=2461279, Ir=2461279) | ACC(X=-6.58161449432373, Y=-1.6669590473175, Z=7.13487243652344) | HR=96 bpm | IBI=0 ms | Participant=P15
582,IBI out of range,Row 582 | Timestamp: 1712016499618 ms | PPG(Green=2462399, Red=2462399, Ir=2462399) | ACC(X=-6.66065120697021, Y=-1.58073711395264, Z=7.02469968795776) | HR=97 bpm | IBI=0 ms | Participant=P15
583,IBI out of range,Row 583 | Timestamp: 1712016499658 ms | PPG(Green=2464166, Red=2464166, Ir=2464166) | ACC(X=-6.68939208984375, Y=-1.65737891197205, Z=6.97200870513916) | HR=97 bpm | IBI=0 ms | Participant=P15
584,IBI out of range,Row 584 | Timestamp: 1712016499699 ms | PPG(Green=2465408, Red=2465408, Ir=2465408) | ACC(X=-6.66544151306152, Y=-1.46577441692352, Z=7.07739114761353) | HR=96 bpm | IBI=0 ms | Participant=P15
585,IBI out of range,Row 585 | Timestamp: 1712016499739 ms | PPG(Green=2466703, Red=2466703, Ir=2466703) | ACC(X=-6.6486759185791, Y=-1.78192186355591, Z=6.94805812835693) | HR=94 bpm | IBI=0 ms | Participant=P15
586,IBI out of range,Row 586 | Timestamp: 1712016499779 ms | PPG(Green=2467962, Red=2467962, Ir=2467962) | ACC(X=-6.57921934127808, Y=-1.73402070999146, Z=7.13726758956909) | HR=96 bpm | IBI=0 ms | Participant=P15
587,IBI out of range,Row 587 | Timestamp: 1712016499819 ms | PPG(Green=2469174, Red=2469174, Ir=2469174) | ACC(X=-6.67981147766113, Y=-1.57355189323425, Z=7.05583572387695) | HR=96 bpm | IBI=0 ms | Participant=P15
588,IBI out of range,Row 588 | Timestamp: 1712016499860 ms | PPG(Green=2468289, Red=2468289, Ir=2468289) | ACC(X=-6.72292280197144, Y=-1.58073711395264, Z=6.94805812835693) | HR=95 bpm | IBI=0 ms | Participant=P15
589,IBI out of range,Row 589 | Timestamp: 1712016499900 ms | PPG(Green=2465474, Red=2465474, Ir=2465474) | ACC(X=-6.70136737823486, Y=-1.61426782608032, Z=7.02948999404907) | HR=95 bpm | IBI=0 ms | Participant=P15
590,IBI out of range,Row 590 | Timestamp: 1712016499940 ms | PPG(Green=2463580, Red=2463580, Ir=2463580) | ACC(X=-6.60077476501465, Y=-1.63582336902618, Z=7.1444525718689) | HR=94 bpm | IBI=0 ms | Participant=P15
591,IBI out of range,Row 591 | Timestamp: 1712016499980 ms | PPG(Green=2463010, Red=2463010, Ir=2463010) | ACC(X=-6.65825605392456, Y=-1.67174923419952, Z=7.02948999404907) | HR=93 bpm | IBI=0 ms | Participant=P15
592,IBI out of range,Row 592 | Timestamp: 1712016500020 ms | PPG(Green=2463066, Red=2463066, Ir=2463066) | ACC(X=-6.53610849380493, Y=-1.70048987865448, Z=7.01751470565796) | HR=93 bpm | IBI=0 ms | Participant=P15
593,IBI out of range,Row 593 | Timestamp: 1712016500061 ms | PPG(Green=2463482, Red=2463482, Ir=2463482) | ACC(X=-6.60796022415161, Y=-1.70288491249084, Z=7.11331701278687) | HR=92 bpm | IBI=0 ms | Participant=P15
594,IBI out of range,Row 594 | Timestamp: 1712016500102 ms | PPG(Green=2464056, Red=2464056, Ir=2464056) | ACC(X=-6.65346622467041, Y=-1.66456401348114, Z=7.11331701278687) | HR=92 bpm | IBI=0 ms | Participant=P15
595,IBI out of range,Row 595 | Timestamp: 1712016500141 ms | PPG(Green=2464299, Red=2464299, Ir=2464299) | ACC(X=-6.7325029373169, Y=-1.53283596038818, Z=6.9648232460022) | HR=92 bpm | IBI=0 ms | Participant=P15
596,IBI out of range,Row 596 | Timestamp: 1712016500182 ms | PPG(Green=2464752, Red=2464752, Ir=2464752) | ACC(X=-6.63670063018799, Y=-1.4418238401413, Z=7.08697128295898) | HR=91 bpm | IBI=0 ms | Participant=P15
597,IBI out of range,Row 597 | Timestamp: 1712016500222 ms | PPG(Green=2465289, Red=2465289, Ir=2465289) | ACC(X=-6.8738112449646, Y=-1.46337938308716, Z=7.194748878479) | HR=91 bpm | IBI=0 ms | Participant=P15
598,IBI out of range,Row 598 | Timestamp: 1712016500264 ms | PPG(Green=2466195, Red=2466195, Ir=2466195) | ACC(X=-6.58879947662354, Y=-1.74120581150055, Z=6.94326782226563) | HR=91 bpm | IBI=0 ms | Participant=P15
599,IBI out of range,Row 599 | Timestamp: 1712016500305 ms | PPG(Green=2467151, Red=2467151, Ir=2467151) | ACC(X=-6.99356412887573, Y=-1.62624311447144, Z=7.11092185974121) | HR=91 bpm | IBI=0 ms | Participant=P15
600,IBI out of range,Row 600 | Timestamp: 1712016500345 ms | PPG(Green=2467935, Red=2467935, Ir=2467935) | ACC(X=-6.94805812835693, Y=-1.35081171989441, Z=6.78519439697266) | HR=91 bpm | IBI=0 ms | Participant=P15
601,IBI out of range,Row 601 | Timestamp: 1712016500385 ms | PPG(Green=2467404, Red=2467404, Ir=2467404) | ACC(X=-7.16840314865112, Y=-2.098069190979, Z=6.45467662811279) | HR=96 bpm | IBI=0 ms | Participant=P15
602,IBI out of range,Row 602 | Timestamp: 1712016500425 ms | PPG(Green=2464114, Red=2464114, Ir=2464114) | ACC(X=-6.98877382278442, Y=-1.89448940753937, Z=6.71573734283447) | HR=91 bpm | IBI=0 ms | Participant=P15
603,IBI out of range,Row 603 | Timestamp: 1712016500465 ms | PPG(Green=2459147, Red=2459147, Ir=2459147) | ACC(X=-6.8809962272644, Y=-2.21782207489014, Z=7.14684772491455) | HR=93 bpm | IBI=0 ms | Participant=P15
604,IBI out of range,Row 604 | Timestamp: 1712016500505 ms | PPG(Green=2453576, Red=2453576, Ir=2453576) | ACC(X=-5.79843091964722, Y=-2.86927723884583, Z=6.821120262146) | HR=92 bpm | IBI=0 ms | Participant=P15
605,IBI out of range,Row 605 | Timestamp: 1712016500545 ms | PPG(Green=2446915, Red=2446915, Ir=2446915) | ACC(X=-5.1038646697998, Y=-2.960289478302, Z=6.6941819190979) | HR=91 bpm | IBI=0 ms | Participant=P15
606,IBI out of range,Row 606 | Timestamp: 1712016500585 ms | PPG(Green=2436222, Red=2436222, Ir=2436222) | ACC(X=-5.39606142044067, Y=-4.15063238143921, Z=6.66304636001587) | HR=91 bpm | IBI=0 ms | Participant=P15
607,HeartRate out of range,Row 607 | Timestamp: 1712016500625 ms | PPG(Green=2428244, Red=2428244, Ir=2428244) | ACC(X=-4.94818592071533, Y=-5.03680324554443, Z=8.3731164932251) | HR=0 bpm | IBI=0 ms | Participant=P15
608,HeartRate out of range,Row 608 | Timestamp: 1712016500665 ms | PPG(Green=2423816, Red=2423816, Ir=2423816) | ACC(X=-4.1889533996582, Y=-4.22966909408569, Z=8.84494209289551) | HR=0 bpm | IBI=0 ms | Participant=P15
609,HeartRate out of range,Row 609 | Timestamp: 1712016500705 ms | PPG(Green=2424691, Red=2424691, Ir=2424691) | ACC(X=-4.06201553344727, Y=-3.87999105453491, Z=7.52287149429321) | HR=0 bpm | IBI=0 ms | Participant=P15
610,HeartRate out of range,Row 610 | Timestamp: 1712016500745 ms | PPG(Green=2427079, Red=2427079, Ir=2427079) | ACC(X=-5.34337043762207, Y=-3.89915156364441, Z=6.13134384155273) | HR=0 bpm | IBI=0 ms | Participant=P15
611,HeartRate out of range,Row 611 | Timestamp: 1712016500785 ms | PPG(Green=2428814, Red=2428814, Ir=2428814) | ACC(X=-6.02596139907837, Y=-4.5122857093811, Z=6.29660272598267) | HR=0 bpm | IBI=0 ms | Participant=P15
612,HeartRate out of range,Row 612 | Timestamp: 1712016500825 ms | PPG(Green=2428738, Red=2428738, Ir=2428738) | ACC(X=-5.79603576660156, Y=-4.21290397644043, Z=7.6019082069397) | HR=0 bpm | IBI=0 ms | Participant=P15
613,HeartRate out of range,Row 613 | Timestamp: 1712016500865 ms | PPG(Green=2429544, Red=2429544, Ir=2429544) | ACC(X=-5.12542009353638, Y=-3.80574417114258, Z=7.55400705337524) | HR=0 bpm | IBI=0 ms | Participant=P15
614,HeartRate out of range,Row 614 | Timestamp: 1712016500905 ms | PPG(Green=2432212, Red=2432212, Ir=2432212) | ACC(X=-5.48946857452393, Y=-3.48001670837402, Z=6.97200870513916) | HR=0 bpm | IBI=0 ms | Participant=P15
615,HeartRate out of range,Row 615 | Timestamp: 1712016500945 ms | PPG(Green=2437494, Red=2437494, Ir=2437494) | ACC(X=-5.71220922470093, Y=-4.0021390914917, Z=6.7325029373169) | HR=0 bpm | IBI=0 ms | Participant=P15
616,HeartRate out of range,Row 616 | Timestamp: 1712016500985 ms | PPG(Green=2442098, Red=2442098, Ir=2442098) | ACC(X=-5.76969051361084, Y=-4.31589126586914, Z=6.9624285697937) | HR=0 bpm | IBI=0 ms | Participant=P15
617,HeartRate out of range,Row 617 | Timestamp: 1712016501025 ms | PPG(Green=2447098, Red=2447098, Ir=2447098) | ACC(X=-5.47988843917847, Y=-4.08596563339233, Z=6.84507036209106) | HR=0 bpm | IBI=0 ms | Participant=P15
618,IBI out of range,Row 618 | Timestamp: 1712016501065 ms | PPG(Green=2451711, Red=2451711, Ir=2451711) | ACC(X=-5.2763090133667, Y=-4.48115015029907, Z=6.9193172454834) | HR=83 bpm | IBI=0 ms | Participant=P15
619,IBI out of range,Row 619 | Timestamp: 1712016501105 ms | PPG(Green=2456233, Red=2456233, Ir=2456233) | ACC(X=-5.2787036895752, Y=-4.6919150352478, Z=7.12529230117798) | HR=80 bpm | IBI=0 ms | Participant=P15
620,IBI out of range,Row 620 | Timestamp: 1712016501145 ms | PPG(Green=2460964, Red=2460964, Ir=2460964) | ACC(X=-5.48467874526978, Y=-4.47875499725342, Z=6.95284795761108) | HR=77 bpm | IBI=0 ms | Participant=P15
621,IBI out of range,Row 621 | Timestamp: 1712016501185 ms | PPG(Green=2465648, Red=2465648, Ir=2465648) | ACC(X=-5.47270345687866, Y=-4.54581642150879, Z=6.47144174575806) | HR=74 bpm | IBI=0 ms | Participant=P15
622,IBI out of range,Row 622 | Timestamp: 1712016501225 ms | PPG(Green=2470402, Red=2470402, Ir=2470402) | ACC(X=-5.40564203262329, Y=-4.68233489990234, Z=6.66304636001587) | HR=74 bpm | IBI=0 ms | Participant=P15
623,IBI out of range,Row 623 | Timestamp: 1712016501265 ms | PPG(Green=2473632, Red=2473632, Ir=2473632) | ACC(X=-5.2834939956665, Y=-4.65838432312012, Z=6.83788537979126) | HR=75 bpm | IBI=0 ms | Participant=P15
624,IBI out of range,Row 624 | Timestamp: 1712016501305 ms | PPG(Green=2475509, Red=2475509, Ir=2475509) | ACC(X=-5.25475311279297, Y=-4.52426099777222, Z=6.9193172454834) | HR=75 bpm | IBI=0 ms | Participant=P15
625,IBI out of range,Row 625 | Timestamp: 1712016501345 ms | PPG(Green=2477510, Red=2477510, Ir=2477510) | ACC(X=-5.24038314819336, Y=-4.32068157196045, Z=7.00074911117554) | HR=75 bpm | IBI=0 ms | Participant=P15
626,IBI out of range,Row 626 | Timestamp: 1712016501385 ms | PPG(Green=2480490, Red=2480490, Ir=2480490) | ACC(X=-5.28588914871216, Y=-4.40690326690674, Z=6.93368768692017) | HR=74 bpm | IBI=0 ms | Participant=P15
627,IBI out of range,Row 627 | Timestamp: 1712016501425 ms | PPG(Green=2483905, Red=2483905, Ir=2483905) | ACC(X=-5.36492586135864, Y=-4.5577917098999, Z=6.81632995605469) | HR=74 bpm | IBI=0 ms | Participant=P15
628,IBI out of range,Row 628 | Timestamp: 1712016501465 ms | PPG(Green=2487506, Red=2487506, Ir=2487506) | ACC(X=-5.40085172653198, Y=-4.64880418777466, Z=6.7372932434082) | HR=74 bpm | IBI=0 ms | Participant=P15
629,IBI out of range,Row 629 | Timestamp: 1712016501505 ms | PPG(Green=2490579, Red=2490579, Ir=2490579) | ACC(X=-5.27391386032104, Y=-4.5961127281189, Z=6.74926853179932) | HR=74 bpm | IBI=0 ms | Participant=P15
630,IBI out of range,Row 630 | Timestamp: 1712016501545 ms | PPG(Green=2493140, Red=2493140, Ir=2493140) | ACC(X=-5.21643257141113, Y=-4.59850788116455, Z=6.74687337875366) | HR=74 bpm | IBI=0 ms | Participant=P15
631,IBI out of range,Row 631 | Timestamp: 1712016501585 ms | PPG(Green=2495266, Red=2495266, Ir=2495266) | ACC(X=-5.33139514923096, Y=-4.65598917007446, Z=6.72531795501709) | HR=74 bpm | IBI=0 ms | Participant=P15
632,IBI out of range,Row 632 | Timestamp: 1712016501625 ms | PPG(Green=2497392, Red=2497392, Ir=2497392) | ACC(X=-5.2787036895752, Y=-4.646409034729, Z=6.83788537979126) | HR=75 bpm | IBI=0 ms | Participant=P15
633,IBI out of range,Row 633 | Timestamp: 1712016501665 ms | PPG(Green=2499333, Red=2499333, Ir=2499333) | ACC(X=-5.34097528457642, Y=-4.52905130386353, Z=6.76603364944458) | HR=76 bpm | IBI=0 ms | Participant=P15
634,IBI out of range,Row 634 | Timestamp: 1712016501705 ms | PPG(Green=2501321, Red=2501321, Ir=2501321) | ACC(X=-5.4176173210144, Y=-4.61527347564697, Z=6.76842880249023) | HR=77 bpm | IBI=0 ms | Participant=P15
635,IBI out of range,Row 635 | Timestamp: 1712016501745 ms | PPG(Green=2503154, Red=2503154, Ir=2503154) | ACC(X=-5.3289999961853, Y=-4.54581642150879, Z=6.69178676605225) | HR=78 bpm | IBI=0 ms | Participant=P15
636,IBI out of range,Row 636 | Timestamp: 1712016501785 ms | PPG(Green=2505065, Red=2505065, Ir=2505065) | ACC(X=-5.47270345687866, Y=-4.58892774581909, Z=6.8738112449646) | HR=79 bpm | IBI=0 ms | Participant=P15
637,IBI out of range,Row 637 | Timestamp: 1712016501825 ms | PPG(Green=2506711, Red=2506711, Ir=2506711) | ACC(X=-5.4583330154419, Y=-4.53384113311768, Z=6.76603364944458) | HR=79 bpm | IBI=0 ms | Participant=P15
638,IBI out of range,Row 638 | Timestamp: 1712016501865 ms | PPG(Green=2508301, Red=2508301, Ir=2508301) | ACC(X=-5.36492586135864, Y=-4.52905130386353, Z=6.73489809036255) | HR=78 bpm | IBI=0 ms | Participant=P15
639,IBI out of range,Row 639 | Timestamp: 1712016501905 ms | PPG(Green=2509959, Red=2509959, Ir=2509959) | ACC(X=-5.47988843917847, Y=-4.53623628616333, Z=6.78519439697266) | HR=79 bpm | IBI=0 ms | Participant=P15
640,IBI out of range,Row 640 | Timestamp: 1712016501945 ms | PPG(Green=2510984, Red=2510984, Ir=2510984) | ACC(X=-5.51581430435181, Y=-4.58653259277344, Z=6.80195951461792) | HR=80 bpm | IBI=0 ms | Participant=P15
641,IBI out of range,Row 641 | Timestamp: 1712016501985 ms | PPG(Green=2511484, Red=2511484, Ir=2511484) | ACC(X=-5.40803670883179, Y=-4.62245845794678, Z=6.71813249588013) | HR=80 bpm | IBI=0 ms | Participant=P15
642,IBI out of range,Row 642 | Timestamp: 1712016502025 ms | PPG(Green=2511977, Red=2511977, Ir=2511977) | ACC(X=-5.2763090133667, Y=-4.67514991760254, Z=6.6869969367981) | HR=81 bpm | IBI=0 ms | Participant=P15
643,IBI out of range,Row 643 | Timestamp: 1712016502065 ms | PPG(Green=2512824, Red=2512824, Ir=2512824) | ACC(X=-5.45593786239624, Y=-4.5577917098999, Z=6.71813249588013) | HR=82 bpm | IBI=0 ms | Participant=P15
644,IBI out of range,Row 644 | Timestamp: 1712016502105 ms | PPG(Green=2513855, Red=2513855, Ir=2513855) | ACC(X=-5.40803670883179, Y=-4.59371757507324, Z=6.76603364944458) | HR=84 bpm | IBI=0 ms | Participant=P15
645,IBI out of range,Row 645 | Timestamp: 1712016502145 ms | PPG(Green=2514609, Red=2514609, Ir=2514609) | ACC(X=-5.45593786239624, Y=-4.54342174530029, Z=6.74926853179932) | HR=85 bpm | IBI=0 ms | Participant=P15
646,IBI out of range,Row 646 | Timestamp: 1712016502185 ms | PPG(Green=2515397, Red=2515397, Ir=2515397) | ACC(X=-5.41522216796875, Y=-4.60329818725586, Z=6.70615720748901) | HR=84 bpm | IBI=0 ms | Participant=P15
647,IBI out of range,Row 647 | Timestamp: 1712016502225 ms | PPG(Green=2516208, Red=2516208, Ir=2516208) | ACC(X=-5.42480230331421, Y=-4.55300188064575, Z=6.69178676605225) | HR=85 bpm | IBI=0 ms | Participant=P15
648,IBI out of range,Row 648 | Timestamp: 1712016502265 ms | PPG(Green=2516753, Red=2516753, Ir=2516753) | ACC(X=-5.45354270935059, Y=-4.56976699829102, Z=6.78519439697266) | HR=85 bpm | IBI=0 ms | Participant=P15
649,IBI out of range,Row 649 | Timestamp: 1712016502305 ms | PPG(Green=2517445, Red=2517445, Ir=2517445) | ACC(X=-5.40324687957764, Y=-4.55300188064575, Z=6.71573734283447) | HR=85 bpm | IBI=0 ms | Participant=P15
650,IBI out of range,Row 650 | Timestamp: 1712016502345 ms | PPG(Green=2518225, Red=2518225, Ir=2518225) | ACC(X=-5.35534572601318, Y=-4.64401388168335, Z=6.75166320800781) | HR=86 bpm | IBI=0 ms | Participant=P15
651,IBI out of range,Row 651 | Timestamp: 1712016502385 ms | PPG(Green=2519290, Red=2519290, Ir=2519290) | ACC(X=-5.35295057296753, Y=-4.70389032363892, Z=6.73010778427124) | HR=86 bpm | IBI=0 ms | Participant=P15
652,IBI out of range,Row 652 | Timestamp: 1712016502425 ms | PPG(Green=2520281, Red=2520281, Ir=2520281) | ACC(X=-5.31941986083984, Y=-4.60569286346436, Z=6.75884866714478) | HR=86 bpm | IBI=0 ms | Participant=P15
653,IBI out of range,Row 653 | Timestamp: 1712016502465 ms | PPG(Green=2521296, Red=2521296, Ir=2521296) | ACC(X=-5.39127159118652, Y=-4.52426099777222, Z=6.78519439697266) | HR=86 bpm | IBI=0 ms | Participant=P15
654,IBI out of range,Row 654 | Timestamp: 1712016502505 ms | PPG(Green=2522393, Red=2522393, Ir=2522393) | ACC(X=-5.45354270935059, Y=-4.59132289886475, Z=6.71094751358032) | HR=86 bpm | IBI=0 ms | Participant=P15
655,IBI out of range,Row 655 | Timestamp: 1712016502545 ms | PPG(Green=2523252, Red=2523252, Ir=2523252) | ACC(X=-5.39366674423218, Y=-4.58892774581909, Z=6.71813249588013) | HR=86 bpm | IBI=0 ms | Participant=P15
656,IBI out of range,Row 656 | Timestamp: 1712016502585 ms | PPG(Green=2524167, Red=2524167, Ir=2524167) | ACC(X=-5.41043186187744, Y=-4.67275476455688, Z=6.72531795501709) | HR=86 bpm | IBI=0 ms | Participant=P15
657,IBI out of range,Row 657 | Timestamp: 1712016502625 ms | PPG(Green=2524321, Red=2524321, Ir=2524321) | ACC(X=-5.51102447509766, Y=-4.58174228668213, Z=6.76842880249023) | HR=86 bpm | IBI=0 ms | Participant=P15
658,IBI out of range,Row 658 | Timestamp: 1712016502665 ms | PPG(Green=2523959, Red=2523959, Ir=2523959) | ACC(X=-5.36013555526733, Y=-4.59850788116455, Z=6.782799243927) | HR=86 bpm | IBI=0 ms | Participant=P15
659,IBI out of range,Row 659 | Timestamp: 1712016502705 ms | PPG(Green=2523847, Red=2523847, Ir=2523847) | ACC(X=-5.4176173210144, Y=-4.54581642150879, Z=6.74687337875366) | HR=86 bpm | IBI=0 ms | Participant=P15
660,IBI out of range,Row 660 | Timestamp: 1712016502745 ms | PPG(Green=2524077, Red=2524077, Ir=2524077) | ACC(X=-5.41043186187744, Y=-4.61048316955566, Z=6.76603364944458) | HR=86 bpm | IBI=0 ms | Participant=P15
661,IBI out of range,Row 661 | Timestamp: 1712016502785 ms | PPG(Green=2524638, Red=2524638, Ir=2524638) | ACC(X=-5.43917274475098, Y=-4.56497716903687, Z=6.67023134231567) | HR=85 bpm | IBI=0 ms | Participant=P15
662,IBI out of range,Row 662 | Timestamp: 1712016502825 ms | PPG(Green=2525422, Red=2525422, Ir=2525422) | ACC(X=-5.43677759170532, Y=-4.62964344024658, Z=6.7372932434082) | HR=85 bpm | IBI=0 ms | Participant=P15
663,IBI out of range,Row 663 | Timestamp: 1712016502865 ms | PPG(Green=2526090, Red=2526090, Ir=2526090) | ACC(X=-5.38648128509521, Y=-4.52905130386353, Z=6.75166320800781) | HR=84 bpm | IBI=0 ms | Participant=P15
664,IBI out of range,Row 664 | Timestamp: 1712016502905 ms | PPG(Green=2526676, Red=2526676, Ir=2526676) | ACC(X=-5.45114803314209, Y=-4.56497716903687, Z=6.77800893783569) | HR=83 bpm | IBI=0 ms | Participant=P15
665,IBI out of range,Row 665 | Timestamp: 1712016502945 ms | PPG(Green=2527271, Red=2527271, Ir=2527271) | ACC(X=-5.42959260940552, Y=-4.60808801651001, Z=6.74687337875366) | HR=83 bpm | IBI=0 ms | Participant=P15
666,IBI out of range,Row 666 | Timestamp: 1712016502985 ms | PPG(Green=2527911, Red=2527911, Ir=2527911) | ACC(X=-5.41522216796875, Y=-4.6416187286377, Z=6.75166320800781) | HR=84 bpm | IBI=0 ms | Participant=P15
667,IBI out of range,Row 667 | Timestamp: 1712016503025 ms | PPG(Green=2528602, Red=2528602, Ir=2528602) | ACC(X=-5.37690114974976, Y=-4.67035961151123, Z=6.74208307266235) | HR=84 bpm | IBI=0 ms | Participant=P15
668,IBI out of range,Row 668 | Timestamp: 1712016503065 ms | PPG(Green=2529724, Red=2529724, Ir=2529724) | ACC(X=-5.46072816848755, Y=-4.69670534133911, Z=6.70615720748901) | HR=84 bpm | IBI=0 ms | Participant=P15
669,IBI out of range,Row 669 | Timestamp: 1712016503105 ms | PPG(Green=2530502, Red=2530502, Ir=2530502) | ACC(X=-5.35534572601318, Y=-4.58653259277344, Z=6.72771263122559) | HR=85 bpm | IBI=0 ms | Participant=P15
670,IBI out of range,Row 670 | Timestamp: 1712016503145 ms | PPG(Green=2531457, Red=2531457, Ir=2531457) | ACC(X=-5.39366674423218, Y=-4.54102659225464, Z=6.73489809036255) | HR=86 bpm | IBI=0 ms | Participant=P15
671,IBI out of range,Row 671 | Timestamp: 1712016503185 ms | PPG(Green=2532303, Red=2532303, Ir=2532303) | ACC(X=-5.48467874526978, Y=-4.64880418777466, Z=6.73489809036255) | HR=87 bpm | IBI=0 ms | Participant=P15
672,IBI out of range,Row 672 | Timestamp: 1712016503225 ms | PPG(Green=2533277, Red=2533277, Ir=2533277) | ACC(X=-5.35295057296753, Y=-4.58413743972778, Z=6.79477453231812) | HR=88 bpm | IBI=0 ms | Participant=P15
673,IBI out of range,Row 673 | Timestamp: 1712016503265 ms | PPG(Green=2533800, Red=2533800, Ir=2533800) | ACC(X=-5.38887643814087, Y=-4.58892774581909, Z=6.70855236053467) | HR=89 bpm | IBI=0 ms | Participant=P15
674,IBI out of range,Row 674 | Timestamp: 1712016503305 ms | PPG(Green=2533606, Red=2533606, Ir=2533606) | ACC(X=-5.49186372756958, Y=-4.71826076507568, Z=6.76124382019043) | HR=88 bpm | IBI=0 ms | Participant=P15
675,IBI out of range,Row 675 | Timestamp: 1712016503345 ms | PPG(Green=2533199, Red=2533199, Ir=2533199) | ACC(X=-5.3218150138855, Y=-4.60090303421021, Z=6.73010778427124) | HR=89 bpm | IBI=0 ms | Participant=P15
676,IBI out of range,Row 676 | Timestamp: 1712016503385 ms | PPG(Green=2532849, Red=2532849, Ir=2532849) | ACC(X=-5.3218150138855, Y=-4.55539703369141, Z=6.70136737823486) | HR=89 bpm | IBI=0 ms | Participant=P15
677,IBI out of range,Row 677 | Timestamp: 1712016503425 ms | PPG(Green=2533206, Red=2533206, Ir=2533206) | ACC(X=-5.45114803314209, Y=-4.646409034729, Z=6.71094751358032) | HR=89 bpm | IBI=0 ms | Participant=P15
678,IBI out of range,Row 678 | Timestamp: 1712016503465 ms | PPG(Green=2533571, Red=2533571, Ir=2533571) | ACC(X=-5.40803670883179, Y=-4.61766815185547, Z=6.80195951461792) | HR=88 bpm | IBI=0 ms | Participant=P15
679,IBI out of range,Row 679 | Timestamp: 1712016503505 ms | PPG(Green=2534225, Red=2534225, Ir=2534225) | ACC(X=-5.39606142044067, Y=-4.5577917098999, Z=6.68220663070679) | HR=89 bpm | IBI=0 ms | Participant=P15
680,IBI out of range,Row 680 | Timestamp: 1712016503545 ms | PPG(Green=2534817, Red=2534817, Ir=2534817) | ACC(X=-5.38887643814087, Y=-4.6416187286377, Z=6.70855236053467) | HR=89 bpm | IBI=0 ms | Participant=P15
681,IBI out of range,Row 681 | Timestamp: 1712016503585 ms | PPG(Green=2535323, Red=2535323, Ir=2535323) | ACC(X=-5.43438243865967, Y=-4.60569286346436, Z=6.79956436157227) | HR=89 bpm | IBI=0 ms | Participant=P15
682,IBI out of range,Row 682 | Timestamp: 1712016503625 ms | PPG(Green=2535725, Red=2535725, Ir=2535725) | ACC(X=-5.44875288009644, Y=-4.69431018829346, Z=6.71094751358032) | HR=90 bpm | IBI=0 ms | Participant=P15
683,IBI out of range,Row 683 | Timestamp: 1712016503665 ms | PPG(Green=2536197, Red=2536197, Ir=2536197) | ACC(X=-5.34816026687622, Y=-4.61766815185547, Z=6.68220663070679) | HR=89 bpm | IBI=0 ms | Participant=P15
684,IBI out of range,Row 684 | Timestamp: 1712016503705 ms | PPG(Green=2537139, Red=2537139, Ir=2537139) | ACC(X=-5.36013555526733, Y=-4.63443374633789, Z=6.73010778427124) | HR=89 bpm | IBI=0 ms | Participant=P15
685,IBI out of range,Row 685 | Timestamp: 1712016503745 ms | PPG(Green=2537996, Red=2537996, Ir=2537996) | ACC(X=-5.44875288009644, Y=-4.684730052948, Z=6.71334266662598) | HR=88 bpm | IBI=0 ms | Participant=P15
686,IBI out of range,Row 686 | Timestamp: 1712016503785 ms | PPG(Green=2538731, Red=2538731, Ir=2538731) | ACC(X=-5.38648128509521, Y=-4.65838432312012, Z=6.71094751358032) | HR=88 bpm | IBI=0 ms | Participant=P15
687,IBI out of range,Row 687 | Timestamp: 1712016503825 ms | PPG(Green=2539346, Red=2539346, Ir=2539346) | ACC(X=-5.40085172653198, Y=-4.6392240524292, Z=6.82591009140015) | HR=87 bpm | IBI=0 ms | Participant=P15
688,IBI out of range,Row 688 | Timestamp: 1712016503865 ms | PPG(Green=2540190, Red=2540190, Ir=2540190) | ACC(X=-5.42719745635986, Y=-4.63203859329224, Z=6.6414909362793) | HR=87 bpm | IBI=0 ms | Participant=P15
689,IBI out of range,Row 689 | Timestamp: 1712016503905 ms | PPG(Green=2541064, Red=2541064, Ir=2541064) | ACC(X=-5.39606142044067, Y=-4.42845869064331, Z=6.60556507110596) | HR=87 bpm | IBI=0 ms | Participant=P15
690,IBI out of range,Row 690 | Timestamp: 1712016503945 ms | PPG(Green=2541645, Red=2541645, Ir=2541645) | ACC(X=-5.3745059967041, Y=-4.45001459121704, Z=6.70855236053467) | HR=87 bpm | IBI=0 ms | Participant=P15
691,IBI out of range,Row 691 | Timestamp: 1712016503985 ms | PPG(Green=2541251, Red=2541251, Ir=2541251) | ACC(X=-5.34337043762207, Y=-4.50749588012695, Z=6.79477453231812) | HR=87 bpm | IBI=0 ms | Participant=P15
692,IBI out of range,Row 692 | Timestamp: 1712016504025 ms | PPG(Green=2540370, Red=2540370, Ir=2540370) | ACC(X=-5.23559284210205, Y=-4.89789009094238, Z=6.88339138031006) | HR=87 bpm | IBI=0 ms | Participant=P15
693,IBI out of range,Row 693 | Timestamp: 1712016504065 ms | PPG(Green=2539896, Red=2539896, Ir=2539896) | ACC(X=-5.26672840118408, Y=-4.88112449645996, Z=6.94326782226563) | HR=87 bpm | IBI=0 ms | Participant=P15
694,IBI out of range,Row 694 | Timestamp: 1712016504105 ms | PPG(Green=2540473, Red=2540473, Ir=2540473) | ACC(X=-5.4200119972229, Y=-4.76855707168579, Z=6.65586137771606) | HR=87 bpm | IBI=0 ms | Participant=P15
695,IBI out of range,Row 695 | Timestamp: 1712016504145 ms | PPG(Green=2541215, Red=2541215, Ir=2541215) | ACC(X=-5.60443162918091, Y=-4.684730052948, Z=6.49299716949463) | HR=86 bpm | IBI=0 ms | Participant=P15
696,IBI out of range,Row 696 | Timestamp: 1712016504185 ms | PPG(Green=2542070, Red=2542070, Ir=2542070) | ACC(X=-5.80561637878418, Y=-4.42845869064331, Z=6.45707130432129) | HR=86 bpm | IBI=0 ms | Participant=P15
697,IBI out of range,Row 697 | Timestamp: 1712016504225 ms | PPG(Green=2542425, Red=2542425, Ir=2542425) | ACC(X=-5.39845657348633, Y=-4.47875499725342, Z=6.36366415023804) | HR=85 bpm | IBI=0 ms | Participant=P15
698,IBI out of range,Row 698 | Timestamp: 1712016504265 ms | PPG(Green=2541918, Red=2541918, Ir=2541918) | ACC(X=-5.34097528457642, Y=-4.74700117111206, Z=6.89297151565552) | HR=85 bpm | IBI=0 ms | Participant=P15
699,IBI out of range,Row 699 | Timestamp: 1712016504305 ms | PPG(Green=2541317, Red=2541317, Ir=2541317) | ACC(X=-4.99848222732544, Y=-4.90747022628784, Z=7.31450176239014) | HR=85 bpm | IBI=0 ms | Participant=P15
700,IBI out of range,Row 700 | Timestamp: 1712016504345 ms | PPG(Green=2541253, Red=2541253, Ir=2541253) | ACC(X=-5.06554365158081, Y=-4.80208778381348, Z=7.07739114761353) | HR=85 bpm | IBI=0 ms | Participant=P15
701,IBI out of range,Row 701 | Timestamp: 1712016504385 ms | PPG(Green=2542072, Red=2542072, Ir=2542072) | ACC(X=-5.29786443710327, Y=-4.74460649490356, Z=6.35168886184692) | HR=85 bpm | IBI=0 ms | Participant=P15
702,IBI out of range,Row 702 | Timestamp: 1712016504425 ms | PPG(Green=2543849, Red=2543849, Ir=2543849) | ACC(X=-5.67628335952759, Y=-4.54342174530029, Z=6.27265214920044) | HR=84 bpm | IBI=0 ms | Participant=P15
703,IBI out of range,Row 703 | Timestamp: 1712016504465 ms | PPG(Green=2545502, Red=2545502, Ir=2545502) | ACC(X=-5.53736972808838, Y=-4.67754459381104, Z=6.6486759185791) | HR=84 bpm | IBI=0 ms | Participant=P15
704,IBI out of range,Row 704 | Timestamp: 1712016504505 ms | PPG(Green=2545941, Red=2545941, Ir=2545941) | ACC(X=-5.43198728561401, Y=-4.52905130386353, Z=6.95284795761108) | HR=84 bpm | IBI=0 ms | Participant=P15
705,IBI out of range,Row 705 | Timestamp: 1712016504545 ms | PPG(Green=2545725, Red=2545725, Ir=2545725) | ACC(X=-5.13739538192749, Y=-4.73263120651245, Z=7.06541585922241) | HR=85 bpm | IBI=0 ms | Participant=P15
706,IBI out of range,Row 706 | Timestamp: 1712016504585 ms | PPG(Green=2545917, Red=2545917, Ir=2545917) | ACC(X=-5.12781524658203, Y=-4.75897645950317, Z=6.90734195709229) | HR=85 bpm | IBI=0 ms | Participant=P15
707,IBI out of range,Row 707 | Timestamp: 1712016504625 ms | PPG(Green=2546671, Red=2546671, Ir=2546671) | ACC(X=-5.24996328353882, Y=-4.8284330368042, Z=6.48820734024048) | HR=87 bpm | IBI=0 ms | Participant=P15
708,IBI out of range,Row 708 | Timestamp: 1712016504665 ms | PPG(Green=2547081, Red=2547081, Ir=2547081) | ACC(X=-5.51102447509766, Y=-4.89549493789673, Z=6.45228147506714) | HR=87 bpm | IBI=0 ms | Participant=P15
709,IBI out of range,Row 709 | Timestamp: 1712016504705 ms | PPG(Green=2546903, Red=2546903, Ir=2546903) | ACC(X=-5.45593786239624, Y=-4.73502588272095, Z=6.65586137771606) | HR=88 bpm | IBI=0 ms | Participant=P15
710,IBI out of range,Row 710 | Timestamp: 1712016504745 ms | PPG(Green=2546120, Red=2546120, Ir=2546120) | ACC(X=-5.4631233215332, Y=-4.62964344024658, Z=6.7396879196167) | HR=87 bpm | IBI=0 ms | Participant=P15
711,IBI out of range,Row 711 | Timestamp: 1712016504785 ms | PPG(Green=2545546, Red=2545546, Ir=2545546) | ACC(X=-5.40803670883179, Y=-4.57695245742798, Z=6.84267568588257) | HR=87 bpm | IBI=0 ms | Participant=P15
712,IBI out of range,Row 712 | Timestamp: 1712016504825 ms | PPG(Green=2545498, Red=2545498, Ir=2545498) | ACC(X=-5.24996328353882, Y=-4.84519863128662, Z=6.76603364944458) | HR=88 bpm | IBI=0 ms | Participant=P15
713,IBI out of range,Row 713 | Timestamp: 1712016504865 ms | PPG(Green=2546070, Red=2546070, Ir=2546070) | ACC(X=-5.31462955474854, Y=-4.83801364898682, Z=6.65346622467041) | HR=89 bpm | IBI=0 ms | Participant=P15
714,IBI out of range,Row 714 | Timestamp: 1712016504905 ms | PPG(Green=2546821, Red=2546821, Ir=2546821) | ACC(X=-5.58527088165283, Y=-4.75179147720337, Z=6.49060249328613) | HR=89 bpm | IBI=0 ms | Participant=P15
715,IBI out of range,Row 715 | Timestamp: 1712016504945 ms | PPG(Green=2547462, Red=2547462, Ir=2547462) | ACC(X=-5.07751893997192, Y=-4.72305059432983, Z=6.92410755157471) | HR=90 bpm | IBI=0 ms | Participant=P15
716,IBI out of range,Row 716 | Timestamp: 1712016504985 ms | PPG(Green=2547898, Red=2547898, Ir=2547898) | ACC(X=-5.26433372497559, Y=-4.43324899673462, Z=6.99116897583008) | HR=90 bpm | IBI=0 ms | Participant=P15
717,IBI out of range,Row 717 | Timestamp: 1712016505025 ms | PPG(Green=2545583, Red=2545583, Ir=2545583) | ACC(X=-5.23798799514771, Y=-4.62006330490112, Z=6.85944080352783) | HR=90 bpm | IBI=0 ms | Participant=P15
718,IBI out of range,Row 718 | Timestamp: 1712016505065 ms | PPG(Green=2536280, Red=2536280, Ir=2536280) | ACC(X=-5.10625982284546, Y=-5.06075382232666, Z=6.89297151565552) | HR=89 bpm | IBI=0 ms | Participant=P15
719,IBI out of range,Row 719 | Timestamp: 1712016505105 ms | PPG(Green=2529796, Red=2529796, Ir=2529796) | ACC(X=-5.08949422836304, Y=-4.74700117111206, Z=6.75166320800781) | HR=89 bpm | IBI=0 ms | Participant=P15
720,IBI out of range,Row 720 | Timestamp: 1712016505145 ms | PPG(Green=2528061, Red=2528061, Ir=2528061) | ACC(X=-5.24996328353882, Y=-4.86435890197754, Z=6.64628076553345) | HR=88 bpm | IBI=0 ms | Participant=P15
721,IBI out of range,Row 721 | Timestamp: 1712016505185 ms | PPG(Green=2529440, Red=2529440, Ir=2529440) | ACC(X=-5.33618497848511, Y=-4.74939632415771, Z=6.7325029373169) | HR=88 bpm | IBI=0 ms | Participant=P15
722,IBI out of range,Row 722 | Timestamp: 1712016505225 ms | PPG(Green=2532885, Red=2532885, Ir=2532885) | ACC(X=-5.39366674423218, Y=-4.67514991760254, Z=6.72531795501709) | HR=88 bpm | IBI=0 ms | Participant=P15
723,IBI out of range,Row 723 | Timestamp: 1712016505265 ms | PPG(Green=2535192, Red=2535192, Ir=2535192) | ACC(X=-5.28588914871216, Y=-4.684730052948, Z=6.71094751358032) | HR=88 bpm | IBI=0 ms | Participant=P15
724,IBI out of range,Row 724 | Timestamp: 1712016505305 ms | PPG(Green=2537041, Red=2537041, Ir=2537041) | ACC(X=-5.42240715026855, Y=-4.8260383605957, Z=6.67741680145264) | HR=87 bpm | IBI=0 ms | Participant=P15
725,IBI out of range,Row 725 | Timestamp: 1712016505345 ms | PPG(Green=2538136, Red=2538136, Ir=2538136) | ACC(X=-5.35774087905884, Y=-4.76137161254883, Z=6.68460178375244) | HR=87 bpm | IBI=0 ms | Participant=P15
726,IBI out of range,Row 726 | Timestamp: 1712016505385 ms | PPG(Green=2538377, Red=2538377, Ir=2538377) | ACC(X=-5.35295057296753, Y=-4.79011249542236, Z=6.6941819190979) | HR=86 bpm | IBI=0 ms | Participant=P15
727,IBI out of range,Row 727 | Timestamp: 1712016505425 ms | PPG(Green=2537926, Red=2537926, Ir=2537926) | ACC(X=-5.2763090133667, Y=-4.71826076507568, Z=6.70855236053467) | HR=86 bpm | IBI=0 ms | Participant=P15
728,IBI out of range,Row 728 | Timestamp: 1712016505465 ms | PPG(Green=2537930, Red=2537930, Ir=2537930) | ACC(X=-5.38648128509521, Y=-4.67754459381104, Z=6.66304636001587) | HR=86 bpm | IBI=0 ms | Participant=P15
729,IBI out of range,Row 729 | Timestamp: 1712016505505 ms | PPG(Green=2538143, Red=2538143, Ir=2538143) | ACC(X=-5.36253070831299, Y=-4.76376676559448, Z=6.6941819190979) | HR=86 bpm | IBI=0 ms | Participant=P15
730,IBI out of range,Row 730 | Timestamp: 1712016505545 ms | PPG(Green=2538755, Red=2538755, Ir=2538755) | ACC(X=-5.2787036895752, Y=-4.82124805450439, Z=6.66544151306152) | HR=86 bpm | IBI=0 ms | Participant=P15
731,IBI out of range,Row 731 | Timestamp: 1712016505585 ms | PPG(Green=2539204, Red=2539204, Ir=2539204) | ACC(X=-5.4200119972229, Y=-4.80208778381348, Z=6.71094751358032) | HR=87 bpm | IBI=0 ms | Participant=P15
732,IBI out of range,Row 732 | Timestamp: 1712016505625 ms | PPG(Green=2539401, Red=2539401, Ir=2539401) | ACC(X=-5.28828430175781, Y=-4.78771734237671, Z=6.6941819190979) | HR=87 bpm | IBI=0 ms | Participant=P15
733,IBI out of range,Row 733 | Timestamp: 1712016505665 ms | PPG(Green=2539421, Red=2539421, Ir=2539421) | ACC(X=-5.33618497848511, Y=-4.78771734237671, Z=6.7396879196167) | HR=87 bpm | IBI=0 ms | Participant=P15
734,IBI out of range,Row 734 | Timestamp: 1712016505705 ms | PPG(Green=2539735, Red=2539735, Ir=2539735) | ACC(X=-5.3673210144043, Y=-4.72305059432983, Z=6.68939208984375) | HR=87 bpm | IBI=0 ms | Participant=P15
735,IBI out of range,Row 735 | Timestamp: 1712016505745 ms | PPG(Green=2540210, Red=2540210, Ir=2540210) | ACC(X=-5.33618497848511, Y=-4.78532218933105, Z=6.63670063018799) | HR=88 bpm | IBI=0 ms | Participant=P15
736,IBI out of range,Row 736 | Timestamp: 1712016505785 ms | PPG(Green=2541032, Red=2541032, Ir=2541032) | ACC(X=-5.33379030227661, Y=-4.83082818984985, Z=6.70855236053467) | HR=87 bpm | IBI=0 ms | Participant=P15
737,IBI out of range,Row 737 | Timestamp: 1712016505825 ms | PPG(Green=2542066, Red=2542066, Ir=2542066) | ACC(X=-5.30744457244873, Y=-4.83801364898682, Z=6.69657707214355) | HR=87 bpm | IBI=0 ms | Participant=P15
738,IBI out of range,Row 738 | Timestamp: 1712016505865 ms | PPG(Green=2542785, Red=2542785, Ir=2542785) | ACC(X=-5.2787036895752, Y=-4.7805323600769, Z=6.74208307266235) | HR=87 bpm | IBI=0 ms | Participant=P15
739,IBI out of range,Row 739 | Timestamp: 1712016505905 ms | PPG(Green=2543614, Red=2543614, Ir=2543614) | ACC(X=-5.33139514923096, Y=-4.90028476715088, Z=6.67502164840698) | HR=86 bpm | IBI=0 ms | Participant=P15
740,IBI out of range,Row 740 | Timestamp: 1712016505945 ms | PPG(Green=2544647, Red=2544647, Ir=2544647) | ACC(X=-5.27391386032104, Y=-4.83322334289551, Z=6.6414909362793) | HR=86 bpm | IBI=0 ms | Participant=P15
741,IBI out of range,Row 741 | Timestamp: 1712016505985 ms | PPG(Green=2545357, Red=2545357, Ir=2545357) | ACC(X=-5.37690114974976, Y=-4.84040832519531, Z=6.68460178375244) | HR=87 bpm | IBI=0 ms | Participant=P15
742,IBI out of range,Row 742 | Timestamp: 1712016506025 ms | PPG(Green=2545184, Red=2545184, Ir=2545184) | ACC(X=-5.38169145584106, Y=-4.74700117111206, Z=6.7372932434082) | HR=87 bpm | IBI=0 ms | Participant=P15
743,IBI out of range,Row 743 | Timestamp: 1712016506065 ms | PPG(Green=2543898, Red=2543898, Ir=2543898) | ACC(X=-5.26433372497559, Y=-4.84519863128662, Z=6.65825605392456) | HR=88 bpm | IBI=0 ms | Participant=P15
744,IBI out of range,Row 744 | Timestamp: 1712016506105 ms | PPG(Green=2542338, Red=2542338, Ir=2542338) | ACC(X=-5.3289999961853, Y=-4.76616191864014, Z=6.67502164840698) | HR=89 bpm | IBI=0 ms | Participant=P15
745,IBI out of range,Row 745 | Timestamp: 1712016506145 ms | PPG(Green=2541727, Red=2541727, Ir=2541727) | ACC(X=-5.31941986083984, Y=-4.77095174789429, Z=6.63909578323364) | HR=89 bpm | IBI=0 ms | Participant=P15
746,IBI out of range,Row 746 | Timestamp: 1712016506185 ms | PPG(Green=2541851, Red=2541851, Ir=2541851) | ACC(X=-5.28588914871216, Y=-4.78771734237671, Z=6.6941819190979) | HR=90 bpm | IBI=0 ms | Participant=P15
747,IBI out of range,Row 747 | Timestamp: 1712016506225 ms | PPG(Green=2542374, Red=2542374, Ir=2542374) | ACC(X=-5.33139514923096, Y=-4.80927276611328, Z=6.67981147766113) | HR=91 bpm | IBI=0 ms | Participant=P15
748,IBI out of range,Row 748 | Timestamp: 1712016506265 ms | PPG(Green=2542749, Red=2542749, Ir=2542749) | ACC(X=-5.27151870727539, Y=-4.7757420539856, Z=6.69178676605225) | HR=91 bpm | IBI=0 ms | Participant=P15
749,IBI out of range,Row 749 | Timestamp: 1712016506305 ms | PPG(Green=2543032, Red=2543032, Ir=2543032) | ACC(X=-5.41522216796875, Y=-4.77095174789429, Z=6.7396879196167) | HR=92 bpm | IBI=0 ms | Participant=P15
750,IBI out of range,Row 750 | Timestamp: 1712016506345 ms | PPG(Green=2543063, Red=2543063, Ir=2543063) | ACC(X=-5.34097528457642, Y=-4.77334690093994, Z=6.67023134231567) | HR=94 bpm | IBI=0 ms | Participant=P15
751,IBI out of range,Row 751 | Timestamp: 1712016506385 ms | PPG(Green=2543423, Red=2543423, Ir=2543423) | ACC(X=-5.34097528457642, Y=-4.86435890197754, Z=6.70615720748901) | HR=95 bpm | IBI=0 ms | Participant=P15
752,HeartRate out of range,Row 752 | Timestamp: 1712016506425 ms | PPG(Green=2543958, Red=2543958, Ir=2543958) | ACC(X=-5.35295057296753, Y=-4.83561849594116, Z=6.66544151306152) | HR=0 bpm | IBI=0 ms | Participant=P15
753,HeartRate out of range,Row 753 | Timestamp: 1712016506465 ms | PPG(Green=2544819, Red=2544819, Ir=2544819) | ACC(X=-5.36492586135864, Y=-4.77813720703125, Z=6.63191080093384) | HR=0 bpm | IBI=0 ms | Participant=P15
754,HeartRate out of range,Row 754 | Timestamp: 1712016506505 ms | PPG(Green=2545856, Red=2545856, Ir=2545856) | ACC(X=-5.31941986083984, Y=-4.80687761306763, Z=6.64388608932495) | HR=0 bpm | IBI=0 ms | Participant=P15
755,HeartRate out of range,Row 755 | Timestamp: 1712016506545 ms | PPG(Green=2546616, Red=2546616, Ir=2546616) | ACC(X=-5.31941986083984, Y=-4.72784090042114, Z=6.73010778427124) | HR=0 bpm | IBI=0 ms | Participant=P15
756,HeartRate out of range,Row 756 | Timestamp: 1712016506585 ms | PPG(Green=2547503, Red=2547503, Ir=2547503) | ACC(X=-5.32660484313965, Y=-4.86435890197754, Z=6.63670063018799) | HR=0 bpm | IBI=0 ms | Participant=P15
757,HeartRate out of range,Row 757 | Timestamp: 1712016506625 ms | PPG(Green=2548234, Red=2548234, Ir=2548234) | ACC(X=-5.25235843658447, Y=-4.82364320755005, Z=6.7396879196167) | HR=0 bpm | IBI=0 ms | Participant=P15
758,HeartRate out of range,Row 758 | Timestamp: 1712016506665 ms | PPG(Green=2549003, Red=2549003, Ir=2549003) | ACC(X=-5.35534572601318, Y=-4.84280347824097, Z=6.66783618927002) | HR=0 bpm | IBI=0 ms | Participant=P15
759,HeartRate out of range,Row 759 | Timestamp: 1712016506705 ms | PPG(Green=2549025, Red=2549025, Ir=2549025) | ACC(X=-5.34097528457642, Y=-4.79969263076782, Z=6.65107107162476) | HR=0 bpm | IBI=0 ms | Participant=P15
760,HeartRate out of range,Row 760 | Timestamp: 1712016506745 ms | PPG(Green=2547854, Red=2547854, Ir=2547854) | ACC(X=-5.3289999961853, Y=-4.81166791915894, Z=6.69897222518921) | HR=0 bpm | IBI=0 ms | Participant=P15
761,HeartRate out of range,Row 761 | Timestamp: 1712016506785 ms | PPG(Green=2545907, Red=2545907, Ir=2545907) | ACC(X=-5.26912355422974, Y=-4.70389032363892, Z=6.63670063018799) | HR=0 bpm | IBI=0 ms | Participant=P15
762,HeartRate out of range,Row 762 | Timestamp: 1712016506825 ms | PPG(Green=2544935, Red=2544935, Ir=2544935) | ACC(X=-5.35774087905884, Y=-4.84280347824097, Z=6.65346622467041) | HR=0 bpm | IBI=0 ms | Participant=P15
763,HeartRate out of range,Row 763 | Timestamp: 1712016506865 ms | PPG(Green=2544663, Red=2544663, Ir=2544663) | ACC(X=-5.21643257141113, Y=-4.87872934341431, Z=6.69178676605225) | HR=0 bpm | IBI=0 ms | Participant=P15
764,HeartRate out of range,Row 764 | Timestamp: 1712016506905 ms | PPG(Green=2544928, Red=2544928, Ir=2544928) | ACC(X=-5.29307413101196, Y=-4.80448293685913, Z=6.6414909362793) | HR=0 bpm | IBI=0 ms | Participant=P15
765,HeartRate out of range,Row 765 | Timestamp: 1712016506945 ms | PPG(Green=2545274, Red=2545274, Ir=2545274) | ACC(X=-5.36013555526733, Y=-4.79969263076782, Z=6.66544151306152) | HR=0 bpm | IBI=0 ms | Participant=P15
766,HeartRate out of range,Row 766 | Timestamp: 1712016506985 ms | PPG(Green=2545411, Red=2545411, Ir=2545411) | ACC(X=-5.36971616744995, Y=-4.92184066772461, Z=6.73010778427124) | HR=0 bpm | IBI=0 ms | Participant=P15
767,HeartRate out of range,Row 767 | Timestamp: 1712016507025 ms | PPG(Green=2545525, Red=2545525, Ir=2545525) | ACC(X=-5.4128270149231, Y=-4.74939632415771, Z=6.68220663070679) | HR=0 bpm | IBI=0 ms | Participant=P15
768,HeartRate out of range,Row 768 | Timestamp: 1712016507065 ms | PPG(Green=2545637, Red=2545637, Ir=2545637) | ACC(X=-5.09188938140869, Y=-4.54821157455444, Z=6.21517086029053) | HR=0 bpm | IBI=0 ms | Participant=P15
769,HeartRate out of range,Row 769 | Timestamp: 1712016507105 ms | PPG(Green=2545985, Red=2545985, Ir=2545985) | ACC(X=-5.25714826583862, Y=-4.93381595611572, Z=6.62472534179688) | HR=0 bpm | IBI=0 ms | Participant=P15
770,HeartRate out of range,Row 770 | Timestamp: 1712016507145 ms | PPG(Green=2546634, Red=2546634, Ir=2546634) | ACC(X=-5.11344480514526, Y=-5.508629322052, Z=7.42227935791016) | HR=0 bpm | IBI=0 ms | Participant=P15
771,HeartRate out of range,Row 771 | Timestamp: 1712016507185 ms | PPG(Green=2547576, Red=2547576, Ir=2547576) | ACC(X=-5.0080623626709, Y=-5.14458084106445, Z=7.04146528244019) | HR=0 bpm | IBI=0 ms | Participant=P15
772,HeartRate out of range,Row 772 | Timestamp: 1712016507225 ms | PPG(Green=2548466, Red=2548466, Ir=2548466) | ACC(X=-5.37211084365845, Y=-4.83322334289551, Z=6.26546716690063) | HR=0 bpm | IBI=0 ms | Participant=P15
773,HeartRate out of range,Row 773 | Timestamp: 1712016507265 ms | PPG(Green=2550347, Red=2550347, Ir=2550347) | ACC(X=-5.71699905395508, Y=-4.58653259277344, Z=6.06428241729736) | HR=0 bpm | IBI=0 ms | Participant=P15
774,HeartRate out of range,Row 774 | Timestamp: 1712016507305 ms | PPG(Green=2552426, Red=2552426, Ir=2552426) | ACC(X=-5.47749328613281, Y=-4.73263120651245, Z=6.40438032150269) | HR=0 bpm | IBI=0 ms | Participant=P15
775,HeartRate out of range,Row 775 | Timestamp: 1712016507345 ms | PPG(Green=2552982, Red=2552982, Ir=2552982) | ACC(X=-5.15416097640991, Y=-4.96734666824341, Z=6.88339138031006) | HR=0 bpm | IBI=0 ms | Participant=P15
776,HeartRate out of range,Row 776 | Timestamp: 1712016507385 ms | PPG(Green=2551805, Red=2551805, Ir=2551805) | ACC(X=-4.96734666824341, Y=-5.15655612945557, Z=7.56358766555786) | HR=0 bpm | IBI=0 ms | Participant=P15
777,HeartRate out of range,Row 777 | Timestamp: 1712016507425 ms | PPG(Green=2549923, Red=2549923, Ir=2549923) | ACC(X=-4.79250764846802, Y=-5.03201293945313, Z=7.00314426422119) | HR=0 bpm | IBI=0 ms | Participant=P15
778,HeartRate out of range,Row 778 | Timestamp: 1712016507465 ms | PPG(Green=2548370, Red=2548370, Ir=2548370) | ACC(X=-5.29786443710327, Y=-5.03680324554443, Z=6.24151659011841) | HR=0 bpm | IBI=0 ms | Participant=P15
779,HeartRate out of range,Row 779 | Timestamp: 1712016507505 ms | PPG(Green=2548991, Red=2548991, Ir=2548991) | ACC(X=-5.64035749435425, Y=-4.75418663024902, Z=6.05949211120605) | HR=0 bpm | IBI=0 ms | Participant=P15
780,IBI out of range,Row 780 | Timestamp: 1712016507545 ms | PPG(Green=2550754, Red=2550754, Ir=2550754) | ACC(X=-5.42959260940552, Y=-4.74221134185791, Z=6.29899787902832) | HR=89 bpm | IBI=0 ms | Participant=P15
781,IBI out of range,Row 781 | Timestamp: 1712016507585 ms | PPG(Green=2550847, Red=2550847, Ir=2550847) | ACC(X=-5.38408613204956, Y=-4.62245845794678, Z=6.90494680404663) | HR=89 bpm | IBI=0 ms | Participant=P15
782,IBI out of range,Row 782 | Timestamp: 1712016507625 ms | PPG(Green=2549577, Red=2549577, Ir=2549577) | ACC(X=-5.01045751571655, Y=-4.8715443611145, Z=7.29294586181641) | HR=88 bpm | IBI=0 ms | Participant=P15
783,IBI out of range,Row 783 | Timestamp: 1712016507665 ms | PPG(Green=2548435, Red=2548435, Ir=2548435) | ACC(X=-5.0535683631897, Y=-4.85238361358643, Z=6.76842880249023) | HR=88 bpm | IBI=0 ms | Participant=P15
784,IBI out of range,Row 784 | Timestamp: 1712016507705 ms | PPG(Green=2548461, Red=2548461, Ir=2548461) | ACC(X=-5.29786443710327, Y=-5.12542009353638, Z=6.30618286132813) | HR=88 bpm | IBI=0 ms | Participant=P15
785,IBI out of range,Row 785 | Timestamp: 1712016507745 ms | PPG(Green=2550131, Red=2550131, Ir=2550131) | ACC(X=-5.43917274475098, Y=-5.01524782180786, Z=6.34450387954712) | HR=88 bpm | IBI=0 ms | Participant=P15
786,IBI out of range,Row 786 | Timestamp: 1712016507785 ms | PPG(Green=2552111, Red=2552111, Ir=2552111) | ACC(X=-5.37211084365845, Y=-4.80448293685913, Z=6.48581218719482) | HR=88 bpm | IBI=0 ms | Participant=P15
787,IBI out of range,Row 787 | Timestamp: 1712016507825 ms | PPG(Green=2552813, Red=2552813, Ir=2552813) | ACC(X=-5.29786443710327, Y=-4.59850788116455, Z=6.80674982070923) | HR=88 bpm | IBI=0 ms | Participant=P15
788,IBI out of range,Row 788 | Timestamp: 1712016507865 ms | PPG(Green=2552471, Red=2552471, Ir=2552471) | ACC(X=-5.18050670623779, Y=-4.71586561203003, Z=6.98398399353027) | HR=88 bpm | IBI=0 ms | Participant=P15
789,IBI out of range,Row 789 | Timestamp: 1712016507905 ms | PPG(Green=2552531, Red=2552531, Ir=2552531) | ACC(X=-5.08709955215454, Y=-4.98171710968018, Z=7.00314426422119) | HR=88 bpm | IBI=0 ms | Participant=P15
790,IBI out of range,Row 790 | Timestamp: 1712016507945 ms | PPG(Green=2553167, Red=2553167, Ir=2553167) | ACC(X=-5.21164226531982, Y=-5.08709955215454, Z=6.54089832305908) | HR=89 bpm | IBI=0 ms | Participant=P15
791,IBI out of range,Row 791 | Timestamp: 1712016507985 ms | PPG(Green=2554683, Red=2554683, Ir=2554683) | ACC(X=-5.25475311279297, Y=-5.11344480514526, Z=6.39000988006592) | HR=88 bpm | IBI=0 ms | Participant=P15
792,IBI out of range,Row 792 | Timestamp: 1712016508025 ms | PPG(Green=2556488, Red=2556488, Ir=2556488) | ACC(X=-5.37690114974976, Y=-4.79490232467651, Z=6.52413320541382) | HR=88 bpm | IBI=0 ms | Participant=P15
793,IBI out of range,Row 793 | Timestamp: 1712016508065 ms | PPG(Green=2557498, Red=2557498, Ir=2557498) | ACC(X=-5.41522216796875, Y=-4.75658178329468, Z=6.77800893783569) | HR=88 bpm | IBI=0 ms | Participant=P15
794,IBI out of range,Row 794 | Timestamp: 1712016508105 ms | PPG(Green=2556692, Red=2556692, Ir=2556692) | ACC(X=-5.32420969009399, Y=-4.7829270362854, Z=6.8283052444458) | HR=87 bpm | IBI=0 ms | Participant=P15
795,IBI out of range,Row 795 | Timestamp: 1712016508145 ms | PPG(Green=2554319, Red=2554319, Ir=2554319) | ACC(X=-5.12781524658203, Y=-4.87872934341431, Z=6.79237937927246) | HR=88 bpm | IBI=0 ms | Participant=P15
796,IBI out of range,Row 796 | Timestamp: 1712016508185 ms | PPG(Green=2552213, Red=2552213, Ir=2552213) | ACC(X=-5.13739538192749, Y=-4.97932195663452, Z=6.61993551254272) | HR=88 bpm | IBI=0 ms | Participant=P15
797,IBI out of range,Row 797 | Timestamp: 1712016508225 ms | PPG(Green=2551865, Red=2551865, Ir=2551865) | ACC(X=-5.19727182388306, Y=-5.03680324554443, Z=6.56484889984131) | HR=87 bpm | IBI=0 ms | Participant=P15
798,IBI out of range,Row 798 | Timestamp: 1712016508265 ms | PPG(Green=2552163, Red=2552163, Ir=2552163) | ACC(X=-5.32420969009399, Y=-4.96734666824341, Z=6.6869969367981) | HR=87 bpm | IBI=0 ms | Participant=P15
799,IBI out of range,Row 799 | Timestamp: 1712016508305 ms | PPG(Green=2552355, Red=2552355, Ir=2552355) | ACC(X=-5.35534572601318, Y=-4.8260383605957, Z=6.67023134231567) | HR=87 bpm | IBI=0 ms | Participant=P15
800,IBI out of range,Row 800 | Timestamp: 1712016508345 ms | PPG(Green=2552211, Red=2552211, Ir=2552211) | ACC(X=-5.32660484313965, Y=-4.79250764846802, Z=6.62712049484253) | HR=88 bpm | IBI=0 ms | Participant=P15
801,IBI out of range,Row 801 | Timestamp: 1712016508385 ms | PPG(Green=2552024, Red=2552024, Ir=2552024) | ACC(X=-5.1876916885376, Y=-4.85477876663208, Z=6.67023134231567) | HR=89 bpm | IBI=0 ms | Participant=P15
802,IBI out of range,Row 802 | Timestamp: 1712016508425 ms | PPG(Green=2551975, Red=2551975, Ir=2551975) | ACC(X=-5.23080253601074, Y=-4.9098653793335, Z=6.73010778427124) | HR=90 bpm | IBI=0 ms | Participant=P15
803,IBI out of range,Row 803 | Timestamp: 1712016508465 ms | PPG(Green=2552283, Red=2552283, Ir=2552283) | ACC(X=-5.08709955215454, Y=-4.93381595611572, Z=6.63191080093384) | HR=90 bpm | IBI=0 ms | Participant=P15
804,IBI out of range,Row 804 | Timestamp: 1712016508505 ms | PPG(Green=2552754, Red=2552754, Ir=2552754) | ACC(X=-5.26912355422974, Y=-4.90747022628784, Z=6.70855236053467) | HR=90 bpm | IBI=0 ms | Participant=P15
805,IBI out of range,Row 805 | Timestamp: 1712016508545 ms | PPG(Green=2553511, Red=2553511, Ir=2553511) | ACC(X=-5.27151870727539, Y=-4.90507507324219, Z=6.66304636001587) | HR=90 bpm | IBI=0 ms | Participant=P15
806,IBI out of range,Row 806 | Timestamp: 1712016508585 ms | PPG(Green=2554299, Red=2554299, Ir=2554299) | ACC(X=-5.23080253601074, Y=-4.73502588272095, Z=6.65107107162476) | HR=90 bpm | IBI=0 ms | Participant=P15
807,IBI out of range,Row 807 | Timestamp: 1712016508625 ms | PPG(Green=2554906, Red=2554906, Ir=2554906) | ACC(X=-5.35055541992188, Y=-4.96734666824341, Z=6.73489809036255) | HR=90 bpm | IBI=0 ms | Participant=P15
808,IBI out of range,Row 808 | Timestamp: 1712016508665 ms | PPG(Green=2555791, Red=2555791, Ir=2555791) | ACC(X=-5.16853141784668, Y=-4.91226005554199, Z=6.61514520645142) | HR=90 bpm | IBI=0 ms | Participant=P15
809,IBI out of range,Row 809 | Timestamp: 1712016508705 ms | PPG(Green=2556578, Red=2556578, Ir=2556578) | ACC(X=-5.17571640014648, Y=-4.89789009094238, Z=6.68220663070679) | HR=90 bpm | IBI=0 ms | Participant=P15
810,IBI out of range,Row 810 | Timestamp: 1712016508745 ms | PPG(Green=2557253, Red=2557253, Ir=2557253) | ACC(X=-5.30025911331177, Y=-4.91944551467896, Z=6.6869969367981) | HR=91 bpm | IBI=0 ms | Participant=P15
811,IBI out of range,Row 811 | Timestamp: 1712016508785 ms | PPG(Green=2557237, Red=2557237, Ir=2557237) | ACC(X=-5.25714826583862, Y=-4.75418663024902, Z=6.6869969367981) | HR=91 bpm | IBI=0 ms | Participant=P15
812,IBI out of range,Row 812 | Timestamp: 1712016508825 ms | PPG(Green=2555878, Red=2555878, Ir=2555878) | ACC(X=-5.29546928405762, Y=-4.87393951416016, Z=6.70615720748901) | HR=91 bpm | IBI=0 ms | Participant=P15
813,IBI out of range,Row 813 | Timestamp: 1712016508865 ms | PPG(Green=2553941, Red=2553941, Ir=2553941) | ACC(X=-5.23798799514771, Y=-4.79729747772217, Z=6.66304636001587) | HR=91 bpm | IBI=0 ms | Participant=P15
814,IBI out of range,Row 814 | Timestamp: 1712016508905 ms | PPG(Green=2552870, Red=2552870, Ir=2552870) | ACC(X=-5.24517297744751, Y=-4.90028476715088, Z=6.67741680145264) | HR=90 bpm | IBI=0 ms | Participant=P15
815,IBI out of range,Row 815 | Timestamp: 1712016508945 ms | PPG(Green=2552678, Red=2552678, Ir=2552678) | ACC(X=-5.2331976890564, Y=-4.88112449645996, Z=6.61993551254272) | HR=90 bpm | IBI=0 ms | Participant=P15
816,IBI out of range,Row 816 | Timestamp: 1712016508985 ms | PPG(Green=2553053, Red=2553053, Ir=2553053) | ACC(X=-5.22840785980225, Y=-4.86914920806885, Z=6.72052764892578) | HR=90 bpm | IBI=0 ms | Participant=P15
817,IBI out of range,Row 817 | Timestamp: 1712016509025 ms | PPG(Green=2553214, Red=2553214, Ir=2553214) | ACC(X=-5.29786443710327, Y=-4.85956907272339, Z=6.67023134231567) | HR=90 bpm | IBI=0 ms | Participant=P15
818,IBI out of range,Row 818 | Timestamp: 1712016509065 ms | PPG(Green=2553412, Red=2553412, Ir=2553412) | ACC(X=-5.31462955474854, Y=-4.8284330368042, Z=6.65346622467041) | HR=90 bpm | IBI=0 ms | Participant=P15
819,IBI out of range,Row 819 | Timestamp: 1712016509105 ms | PPG(Green=2553226, Red=2553226, Ir=2553226) | ACC(X=-5.26672840118408, Y=-4.91226005554199, Z=6.7396879196167) | HR=89 bpm | IBI=0 ms | Participant=P15
820,IBI out of range,Row 820 | Timestamp: 1712016509145 ms | PPG(Green=2553124, Red=2553124, Ir=2553124) | ACC(X=-5.29067897796631, Y=-4.93142080307007, Z=6.64628076553345) | HR=89 bpm | IBI=0 ms | Participant=P15
821,IBI out of range,Row 821 | Timestamp: 1712016509185 ms | PPG(Green=2553494, Red=2553494, Ir=2553494) | ACC(X=-5.28588914871216, Y=-4.84759378433228, Z=6.65586137771606) | HR=90 bpm | IBI=0 ms | Participant=P15
822,IBI out of range,Row 822 | Timestamp: 1712016509225 ms | PPG(Green=2554176, Red=2554176, Ir=2554176) | ACC(X=-5.22361755371094, Y=-4.89549493789673, Z=6.70376205444336) | HR=89 bpm | IBI=0 ms | Participant=P15
823,IBI out of range,Row 823 | Timestamp: 1712016509265 ms | PPG(Green=2555140, Red=2555140, Ir=2555140) | ACC(X=-5.29546928405762, Y=-4.79250764846802, Z=6.7372932434082) | HR=90 bpm | IBI=0 ms | Participant=P15
824,IBI out of range,Row 824 | Timestamp: 1712016509305 ms | PPG(Green=2555758, Red=2555758, Ir=2555758) | ACC(X=-5.3218150138855, Y=-4.8260383605957, Z=6.70615720748901) | HR=90 bpm | IBI=0 ms | Participant=P15
825,IBI out of range,Row 825 | Timestamp: 1712016509345 ms | PPG(Green=2556452, Red=2556452, Ir=2556452) | ACC(X=-5.25235843658447, Y=-4.85956907272339, Z=6.62712049484253) | HR=91 bpm | IBI=0 ms | Participant=P15
826,IBI out of range,Row 826 | Timestamp: 1712016509385 ms | PPG(Green=2557268, Red=2557268, Ir=2557268) | ACC(X=-5.22361755371094, Y=-4.90267992019653, Z=6.63670063018799) | HR=92 bpm | IBI=0 ms | Participant=P15
827,IBI out of range,Row 827 | Timestamp: 1712016509425 ms | PPG(Green=2558014, Red=2558014, Ir=2558014) | ACC(X=-5.42719745635986, Y=-5.01524782180786, Z=6.63670063018799) | HR=93 bpm | IBI=0 ms | Participant=P15
828,IBI out of range,Row 828 | Timestamp: 1712016509465 ms | PPG(Green=2557992, Red=2557992, Ir=2557992) | ACC(X=-5.25714826583862, Y=-4.79729747772217, Z=6.7372932434082) | HR=94 bpm | IBI=0 ms | Participant=P15
829,IBI out of range,Row 829 | Timestamp: 1712016509505 ms | PPG(Green=2556657, Red=2556657, Ir=2556657) | ACC(X=-5.24756813049316, Y=-4.86914920806885, Z=6.70615720748901) | HR=94 bpm | IBI=0 ms | Participant=P15
830,IBI out of range,Row 830 | Timestamp: 1712016509545 ms | PPG(Green=2554550, Red=2554550, Ir=2554550) | ACC(X=-5.29307413101196, Y=-4.85477876663208, Z=6.62712049484253) | HR=94 bpm | IBI=0 ms | Participant=P15
831,IBI out of range,Row 831 | Timestamp: 1712016509585 ms | PPG(Green=2553379, Red=2553379, Ir=2553379) | ACC(X=-5.31702470779419, Y=-4.94339609146118, Z=6.67502164840698) | HR=94 bpm | IBI=0 ms | Participant=P15
832,IBI out of range,Row 832 | Timestamp: 1712016509625 ms | PPG(Green=2553184, Red=2553184, Ir=2553184) | ACC(X=-5.22601270675659, Y=-4.84998893737793, Z=6.73010778427124) | HR=94 bpm | IBI=0 ms | Participant=P15
833,IBI out of range,Row 833 | Timestamp: 1712016509665 ms | PPG(Green=2553423, Red=2553423, Ir=2553423) | ACC(X=-5.30265426635742, Y=-4.95058107376099, Z=6.62712049484253) | HR=94 bpm | IBI=0 ms | Participant=P15
834,IBI out of range,Row 834 | Timestamp: 1712016509705 ms | PPG(Green=2553650, Red=2553650, Ir=2553650) | ACC(X=-5.37690114974976, Y=-4.84280347824097, Z=6.66304636001587) | HR=95 bpm | IBI=0 ms | Participant=P15
835,IBI out of range,Row 835 | Timestamp: 1712016509745 ms | PPG(Green=2553583, Red=2553583, Ir=2553583) | ACC(X=-5.22601270675659, Y=-4.84759378433228, Z=6.6869969367981) | HR=95 bpm | IBI=0 ms | Participant=P15
836,IBI out of range,Row 836 | Timestamp: 1712016509785 ms | PPG(Green=2553349, Red=2553349, Ir=2553349) | ACC(X=-5.29546928405762, Y=-4.90267992019653, Z=6.62951564788818) | HR=95 bpm | IBI=0 ms | Participant=P15
837,IBI out of range,Row 837 | Timestamp: 1712016509825 ms | PPG(Green=2553260, Red=2553260, Ir=2553260) | ACC(X=-5.24277782440186, Y=-4.83322334289551, Z=6.6486759185791) | HR=95 bpm | IBI=0 ms | Participant=P15
838,IBI out of range,Row 838 | Timestamp: 1712016509865 ms | PPG(Green=2553646, Red=2553646, Ir=2553646) | ACC(X=-5.32420969009399, Y=-4.83801364898682, Z=6.5959849357605) | HR=94 bpm | IBI=0 ms | Participant=P15
839,IBI out of range,Row 839 | Timestamp: 1712016509905 ms | PPG(Green=2554385, Red=2554385, Ir=2554385) | ACC(X=-5.2763090133667, Y=-4.89309978485107, Z=6.68220663070679) | HR=94 bpm | IBI=0 ms | Participant=P15
840,IBI out of range,Row 840 | Timestamp: 1712016509945 ms | PPG(Green=2555100, Red=2555100, Ir=2555100) | ACC(X=-5.25714826583862, Y=-4.84519863128662, Z=6.74447822570801) | HR=94 bpm | IBI=0 ms | Participant=P15
841,IBI out of range,Row 841 | Timestamp: 1712016509985 ms | PPG(Green=2555731, Red=2555731, Ir=2555731) | ACC(X=-5.3673210144043, Y=-4.85238361358643, Z=6.63191080093384) | HR=95 bpm | IBI=0 ms | Participant=P15
842,IBI out of range,Row 842 | Timestamp: 1712016510025 ms | PPG(Green=2556350, Red=2556350, Ir=2556350) | ACC(X=-5.21164226531982, Y=-4.93860578536987, Z=6.70136737823486) | HR=95 bpm | IBI=0 ms | Participant=P15
843,IBI out of range,Row 843 | Timestamp: 1712016510065 ms | PPG(Green=2557220, Red=2557220, Ir=2557220) | ACC(X=-5.24996328353882, Y=-4.93381595611572, Z=6.65586137771606) | HR=96 bpm | IBI=0 ms | Participant=P15
844,IBI out of range,Row 844 | Timestamp: 1712016510105 ms | PPG(Green=2557715, Red=2557715, Ir=2557715) | ACC(X=-5.31223440170288, Y=-4.81406307220459, Z=6.5959849357605) | HR=96 bpm | IBI=0 ms | Participant=P15
845,IBI out of range,Row 845 | Timestamp: 1712016510145 ms | PPG(Green=2557582, Red=2557582, Ir=2557582) | ACC(X=-5.29307413101196, Y=-4.75658178329468, Z=6.74687337875366) | HR=96 bpm | IBI=0 ms | Participant=P15
846,IBI out of range,Row 846 | Timestamp: 1712016510185 ms | PPG(Green=2555855, Red=2555855, Ir=2555855) | ACC(X=-5.26672840118408, Y=-4.83322334289551, Z=6.68220663070679) | HR=97 bpm | IBI=0 ms | Participant=P15
847,HeartRate out of range,Row 847 | Timestamp: 1712016510225 ms | PPG(Green=2553278, Red=2553278, Ir=2553278) | ACC(X=-5.29067897796631, Y=-4.83082818984985, Z=6.68460178375244) | HR=0 bpm | IBI=0 ms | Participant=P15
848,HeartRate out of range,Row 848 | Timestamp: 1712016510265 ms | PPG(Green=2551590, Red=2551590, Ir=2551590) | ACC(X=-5.35295057296753, Y=-4.90747022628784, Z=6.6941819190979) | HR=0 bpm | IBI=0 ms | Participant=P15
849,IBI out of range,Row 849 | Timestamp: 1712016510305 ms | PPG(Green=2551048, Red=2551048, Ir=2551048) | ACC(X=-5.30983972549438, Y=-4.80687761306763, Z=6.67023134231567) | HR=97 bpm | IBI=0 ms | Participant=P15
850,HeartRate out of range,Row 850 | Timestamp: 1712016510345 ms | PPG(Green=2551063, Red=2551063, Ir=2551063) | ACC(X=-5.30265426635742, Y=-4.81645822525024, Z=6.6414909362793) | HR=0 bpm | IBI=0 ms | Participant=P15
851,HeartRate out of range,Row 851 | Timestamp: 1712016510385 ms | PPG(Green=2550863, Red=2550863, Ir=2550863) | ACC(X=-5.37211084365845, Y=-4.86675405502319, Z=6.66783618927002) | HR=0 bpm | IBI=0 ms | Participant=P15
852,IBI out of range,Row 852 | Timestamp: 1712016510425 ms | PPG(Green=2550486, Red=2550486, Ir=2550486) | ACC(X=-5.26433372497559, Y=-4.83082818984985, Z=6.64628076553345) | HR=95 bpm | IBI=0 ms | Participant=P15
853,IBI out of range,Row 853 | Timestamp: 1712016510465 ms | PPG(Green=2550270, Red=2550270, Ir=2550270) | ACC(X=-5.2834939956665, Y=-4.90267992019653, Z=6.72292280197144) | HR=94 bpm | IBI=0 ms | Participant=P15
854,IBI out of range,Row 854 | Timestamp: 1712016510505 ms | PPG(Green=2550474, Red=2550474, Ir=2550474) | ACC(X=-5.22361755371094, Y=-4.83322334289551, Z=6.67981147766113) | HR=93 bpm | IBI=0 ms | Participant=P15
855,IBI out of range,Row 855 | Timestamp: 1712016510545 ms | PPG(Green=2550968, Red=2550968, Ir=2550968) | ACC(X=-5.32660484313965, Y=-4.80687761306763, Z=6.68460178375244) | HR=91 bpm | IBI=0 ms | Participant=P15
856,IBI out of range,Row 856 | Timestamp: 1712016510585 ms | PPG(Green=2551856, Red=2551856, Ir=2551856) | ACC(X=-5.38648128509521, Y=-4.91944551467896, Z=6.65346622467041) | HR=92 bpm | IBI=0 ms | Participant=P15
857,IBI out of range,Row 857 | Timestamp: 1712016510625 ms | PPG(Green=2552608, Red=2552608, Ir=2552608) | ACC(X=-5.25475311279297, Y=-4.8284330368042, Z=6.68939208984375) | HR=92 bpm | IBI=0 ms | Participant=P15
858,IBI out of range,Row 858 | Timestamp: 1712016510665 ms | PPG(Green=2553093, Red=2553093, Ir=2553093) | ACC(X=-5.33858013153076, Y=-4.86196422576904, Z=6.70855236053467) | HR=92 bpm | IBI=0 ms | Participant=P15
859,IBI out of range,Row 859 | Timestamp: 1712016510705 ms | PPG(Green=2554062, Red=2554062, Ir=2554062) | ACC(X=-5.25475311279297, Y=-4.84040832519531, Z=6.65825605392456) | HR=92 bpm | IBI=0 ms | Participant=P15
860,HeartRate out of range,Row 860 | Timestamp: 1712016510745 ms | PPG(Green=2554913, Red=2554913, Ir=2554913) | ACC(X=-5.20685195922852, Y=-4.89309978485107, Z=6.65346622467041) | HR=0 bpm | IBI=0 ms | Participant=P15
861,HeartRate out of range,Row 861 | Timestamp: 1712016510785 ms | PPG(Green=2554920, Red=2554920, Ir=2554920) | ACC(X=-5.31702470779419, Y=-4.90507507324219, Z=6.65346622467041) | HR=0 bpm | IBI=0 ms | Participant=P15
862,HeartRate out of range,Row 862 | Timestamp: 1712016510825 ms | PPG(Green=2553251, Red=2553251, Ir=2553251) | ACC(X=-5.23559284210205, Y=-4.83801364898682, Z=6.70615720748901) | HR=0 bpm | IBI=0 ms | Participant=P15
863,HeartRate out of range,Row 863 | Timestamp: 1712016510865 ms | PPG(Green=2550208, Red=2550208, Ir=2550208) | ACC(X=-5.30504941940308, Y=-4.8260383605957, Z=6.70615720748901) | HR=0 bpm | IBI=0 ms | Participant=P15
864,HeartRate out of range,Row 864 | Timestamp: 1712016510905 ms | PPG(Green=2547895, Red=2547895, Ir=2547895) | ACC(X=-5.35055541992188, Y=-4.7805323600769, Z=6.67023134231567) | HR=0 bpm | IBI=0 ms | Participant=P15
865,HeartRate out of range,Row 865 | Timestamp: 1712016510945 ms | PPG(Green=2547053, Red=2547053, Ir=2547053) | ACC(X=-5.31223440170288, Y=-4.89549493789673, Z=6.61514520645142) | HR=0 bpm | IBI=0 ms | Participant=P15
866,HeartRate out of range,Row 866 | Timestamp: 1712016510985 ms | PPG(Green=2546836, Red=2546836, Ir=2546836) | ACC(X=-5.29786443710327, Y=-4.92423534393311, Z=6.64388608932495) | HR=0 bpm | IBI=0 ms | Participant=P15
867,HeartRate out of range,Row 867 | Timestamp: 1712016511025 ms | PPG(Green=2546885, Red=2546885, Ir=2546885) | ACC(X=-5.30744457244873, Y=-4.85477876663208, Z=6.6869969367981) | HR=0 bpm | IBI=0 ms | Participant=P15
868,HeartRate out of range,Row 868 | Timestamp: 1712016511065 ms | PPG(Green=2546550, Red=2546550, Ir=2546550) | ACC(X=-5.37690114974976, Y=-4.84519863128662, Z=6.63430547714233) | HR=0 bpm | IBI=0 ms | Participant=P15
869,HeartRate out of range,Row 869 | Timestamp: 1712016511105 ms | PPG(Green=2546180, Red=2546180, Ir=2546180) | ACC(X=-5.31223440170288, Y=-4.83561849594116, Z=6.63430547714233) | HR=0 bpm | IBI=0 ms | Participant=P15
870,HeartRate out of range,Row 870 | Timestamp: 1712016511145 ms | PPG(Green=2545918, Red=2545918, Ir=2545918) | ACC(X=-5.26193857192993, Y=-4.86675405502319, Z=6.71094751358032) | HR=0 bpm | IBI=0 ms | Participant=P15
871,HeartRate out of range,Row 871 | Timestamp: 1712016511185 ms | PPG(Green=2546069, Red=2546069, Ir=2546069) | ACC(X=-5.25235843658447, Y=-4.85717391967773, Z=6.67502164840698) | HR=0 bpm | IBI=0 ms | Participant=P15
872,HeartRate out of range,Row 872 | Timestamp: 1712016511225 ms | PPG(Green=2546542, Red=2546542, Ir=2546542) | ACC(X=-5.29067897796631, Y=-4.79011249542236, Z=6.6941819190979) | HR=0 bpm | IBI=0 ms | Participant=P15
873,HeartRate out of range,Row 873 | Timestamp: 1712016511265 ms | PPG(Green=2547120, Red=2547120, Ir=2547120) | ACC(X=-5.30744457244873, Y=-4.6919150352478, Z=6.70136737823486) | HR=0 bpm | IBI=0 ms | Participant=P15
874,HeartRate out of range,Row 874 | Timestamp: 1712016511305 ms | PPG(Green=2547815, Red=2547815, Ir=2547815) | ACC(X=-5.39127159118652, Y=-4.88591480255127, Z=6.62472534179688) | HR=0 bpm | IBI=0 ms | Participant=P15
875,HeartRate out of range,Row 875 | Timestamp: 1712016511345 ms | PPG(Green=2548547, Red=2548547, Ir=2548547) | ACC(X=-5.49665403366089, Y=-4.77095174789429, Z=6.73010778427124) | HR=0 bpm | IBI=0 ms | Participant=P15
876,HeartRate out of range,Row 876 | Timestamp: 1712016511385 ms | PPG(Green=2549069, Red=2549069, Ir=2549069) | ACC(X=-5.30744457244873, Y=-4.78532218933105, Z=6.65825605392456) | HR=0 bpm | IBI=0 ms | Participant=P15
877,HeartRate out of range,Row 877 | Timestamp: 1712016511425 ms | PPG(Green=2549382, Red=2549382, Ir=2549382) | ACC(X=-5.26433372497559, Y=-4.82364320755005, Z=6.47383689880371) | HR=0 bpm | IBI=0 ms | Participant=P15
878,HeartRate out of range,Row 878 | Timestamp: 1712016511465 ms | PPG(Green=2549221, Red=2549221, Ir=2549221) | ACC(X=-5.39366674423218, Y=-4.87393951416016, Z=6.68460178375244) | HR=0 bpm | IBI=0 ms | Participant=P15
879,HeartRate out of range,Row 879 | Timestamp: 1712016511505 ms | PPG(Green=2546218, Red=2546218, Ir=2546218) | ACC(X=-5.40324687957764, Y=-4.88591480255127, Z=6.79477453231812) | HR=0 bpm | IBI=0 ms | Participant=P15
880,IBI out of range,Row 880 | Timestamp: 1712016511545 ms | PPG(Green=2541354, Red=2541354, Ir=2541354) | ACC(X=-5.35295057296753, Y=-4.79011249542236, Z=6.58879947662354) | HR=89 bpm | IBI=0 ms | Participant=P15
881,IBI out of range,Row 881 | Timestamp: 1712016511585 ms | PPG(Green=2538318, Red=2538318, Ir=2538318) | ACC(X=-5.24517297744751, Y=-4.65838432312012, Z=6.63430547714233) | HR=90 bpm | IBI=0 ms | Participant=P15
882,IBI out of range,Row 882 | Timestamp: 1712016511625 ms | PPG(Green=2537083, Red=2537083, Ir=2537083) | ACC(X=-5.25235843658447, Y=-4.78771734237671, Z=6.78040409088135) | HR=91 bpm | IBI=0 ms | Participant=P15
883,IBI out of range,Row 883 | Timestamp: 1712016511665 ms | PPG(Green=2536658, Red=2536658, Ir=2536658) | ACC(X=-5.33858013153076, Y=-4.79490232467651, Z=6.60077476501465) | HR=90 bpm | IBI=0 ms | Participant=P15
884,IBI out of range,Row 884 | Timestamp: 1712016511705 ms | PPG(Green=2536905, Red=2536905, Ir=2536905) | ACC(X=-5.37690114974976, Y=-4.90028476715088, Z=6.52173805236816) | HR=89 bpm | IBI=0 ms | Participant=P15
885,IBI out of range,Row 885 | Timestamp: 1712016511745 ms | PPG(Green=2537115, Red=2537115, Ir=2537115) | ACC(X=-5.34816026687622, Y=-4.92423534393311, Z=6.69897222518921) | HR=89 bpm | IBI=0 ms | Participant=P15
886,IBI out of range,Row 886 | Timestamp: 1712016511785 ms | PPG(Green=2536562, Red=2536562, Ir=2536562) | ACC(X=-5.36492586135864, Y=-4.88591480255127, Z=6.5959849357605) | HR=87 bpm | IBI=0 ms | Participant=P15
887,IBI out of range,Row 887 | Timestamp: 1712016511825 ms | PPG(Green=2535690, Red=2535690, Ir=2535690) | ACC(X=-5.30504941940308, Y=-4.75418663024902, Z=6.57442903518677) | HR=86 bpm | IBI=0 ms | Participant=P15
888,IBI out of range,Row 888 | Timestamp: 1712016511865 ms | PPG(Green=2535173, Red=2535173, Ir=2535173) | ACC(X=-5.2834939956665, Y=-4.85238361358643, Z=6.67741680145264) | HR=85 bpm | IBI=0 ms | Participant=P15
889,IBI out of range,Row 889 | Timestamp: 1712016511905 ms | PPG(Green=2535026, Red=2535026, Ir=2535026) | ACC(X=-5.22840785980225, Y=-4.97932195663452, Z=6.74208307266235) | HR=86 bpm | IBI=0 ms | Participant=P15
890,IBI out of range,Row 890 | Timestamp: 1712016511945 ms | PPG(Green=2535396, Red=2535396, Ir=2535396) | ACC(X=-5.22601270675659, Y=-4.93381595611572, Z=6.67502164840698) | HR=87 bpm | IBI=0 ms | Participant=P15
891,IBI out of range,Row 891 | Timestamp: 1712016511985 ms | PPG(Green=2536042, Red=2536042, Ir=2536042) | ACC(X=-5.17571640014648, Y=-4.88112449645996, Z=6.62472534179688) | HR=87 bpm | IBI=0 ms | Participant=P15
892,IBI out of range,Row 892 | Timestamp: 1712016512025 ms | PPG(Green=2537067, Red=2537067, Ir=2537067) | ACC(X=-5.29546928405762, Y=-4.86914920806885, Z=6.67262649536133) | HR=86 bpm | IBI=0 ms | Participant=P15
893,IBI out of range,Row 893 | Timestamp: 1712016512065 ms | PPG(Green=2538129, Red=2538129, Ir=2538129) | ACC(X=-5.33618497848511, Y=-4.90747022628784, Z=6.57921934127808) | HR=87 bpm | IBI=0 ms | Participant=P15
894,IBI out of range,Row 894 | Timestamp: 1712016512105 ms | PPG(Green=2538960, Red=2538960, Ir=2538960) | ACC(X=-5.25235843658447, Y=-4.88591480255127, Z=6.68939208984375) | HR=87 bpm | IBI=0 ms | Participant=P15
895,IBI out of range,Row 895 | Timestamp: 1712016512145 ms | PPG(Green=2539842, Red=2539842, Ir=2539842) | ACC(X=-5.21164226531982, Y=-4.91944551467896, Z=6.65825605392456) | HR=86 bpm | IBI=0 ms | Participant=P15
896,IBI out of range,Row 896 | Timestamp: 1712016512185 ms | PPG(Green=2539384, Red=2539384, Ir=2539384) | ACC(X=-5.28828430175781, Y=-4.97453165054321, Z=6.5959849357605) | HR=86 bpm | IBI=0 ms | Participant=P15
897,IBI out of range,Row 897 | Timestamp: 1712016512225 ms | PPG(Green=2536433, Red=2536433, Ir=2536433) | ACC(X=-5.17811155319214, Y=-4.88830947875977, Z=6.59119462966919) | HR=87 bpm | IBI=0 ms | Participant=P15
898,IBI out of range,Row 898 | Timestamp: 1712016512265 ms | PPG(Green=2533208, Red=2533208, Ir=2533208) | ACC(X=-5.26193857192993, Y=-4.94579124450684, Z=6.71094751358032) | HR=87 bpm | IBI=0 ms | Participant=P15
899,IBI out of range,Row 899 | Timestamp: 1712016512306 ms | PPG(Green=2531206, Red=2531206, Ir=2531206) | ACC(X=-5.33379030227661, Y=-4.81645822525024, Z=6.56005907058716) | HR=86 bpm | IBI=0 ms | Participant=P15
900,IBI out of range,Row 900 | Timestamp: 1712016512395 ms | PPG(Green=2530235, Red=2530235, Ir=2530235) | ACC(X=-5.31941986083984, Y=-4.87393951416016, Z=6.6414909362793) | HR=85 bpm | IBI=0 ms | Participant=P15
901,IBI out of range,Row 901 | Timestamp: 1712016512435 ms | PPG(Green=2530212, Red=2530212, Ir=2530212) | ACC(X=-5.31702470779419, Y=-4.90747022628784, Z=6.75166320800781) | HR=84 bpm | IBI=0 ms | Participant=P15
902,IBI out of range,Row 902 | Timestamp: 1712016512475 ms | PPG(Green=2530303, Red=2530303, Ir=2530303) | ACC(X=-5.25714826583862, Y=-4.87633419036865, Z=6.57442903518677) | HR=85 bpm | IBI=0 ms | Participant=P15
903,IBI out of range,Row 903 | Timestamp: 1712016512515 ms | PPG(Green=2530100, Red=2530100, Ir=2530100) | ACC(X=-5.24277782440186, Y=-4.86435890197754, Z=6.57682418823242) | HR=84 bpm | IBI=0 ms | Participant=P15
904,IBI out of range,Row 904 | Timestamp: 1712016512556 ms | PPG(Green=2529927, Red=2529927, Ir=2529927) | ACC(X=-5.30265426635742, Y=-4.85717391967773, Z=6.65586137771606) | HR=84 bpm | IBI=0 ms | Participant=P15
905,IBI out of range,Row 905 | Timestamp: 1712016512596 ms | PPG(Green=2529560, Red=2529560, Ir=2529560) | ACC(X=-5.29786443710327, Y=-4.95297622680664, Z=6.65107107162476) | HR=85 bpm | IBI=0 ms | Participant=P15
906,IBI out of range,Row 906 | Timestamp: 1712016512636 ms | PPG(Green=2529565, Red=2529565, Ir=2529565) | ACC(X=-5.23080253601074, Y=-4.89549493789673, Z=6.59358978271484) | HR=86 bpm | IBI=0 ms | Participant=P15
907,IBI out of range,Row 907 | Timestamp: 1712016512676 ms | PPG(Green=2530190, Red=2530190, Ir=2530190) | ACC(X=-5.29786443710327, Y=-4.89549493789673, Z=6.63430547714233) | HR=86 bpm | IBI=0 ms | Participant=P15
908,IBI out of range,Row 908 | Timestamp: 1712016512716 ms | PPG(Green=2531096, Red=2531096, Ir=2531096) | ACC(X=-5.2763090133667, Y=-4.90507507324219, Z=6.68460178375244) | HR=87 bpm | IBI=0 ms | Participant=P15
909,IBI out of range,Row 909 | Timestamp: 1712016512757 ms | PPG(Green=2531826, Red=2531826, Ir=2531826) | ACC(X=-5.2834939956665, Y=-4.86914920806885, Z=6.65586137771606) | HR=87 bpm | IBI=0 ms | Participant=P15
910,IBI out of range,Row 910 | Timestamp: 1712016512796 ms | PPG(Green=2532528, Red=2532528, Ir=2532528) | ACC(X=-5.35295057296753, Y=-4.93860578536987, Z=6.68220663070679) | HR=88 bpm | IBI=0 ms | Participant=P15
911,IBI out of range,Row 911 | Timestamp: 1712016512837 ms | PPG(Green=2533442, Red=2533442, Ir=2533442) | ACC(X=-5.2787036895752, Y=-4.83561849594116, Z=6.56963920593262) | HR=87 bpm | IBI=0 ms | Participant=P15
912,IBI out of range,Row 912 | Timestamp: 1712016512877 ms | PPG(Green=2534272, Red=2534272, Ir=2534272) | ACC(X=-5.30504941940308, Y=-4.83801364898682, Z=6.59837961196899) | HR=87 bpm | IBI=0 ms | Participant=P15
913,IBI out of range,Row 913 | Timestamp: 1712016512917 ms | PPG(Green=2534854, Red=2534854, Ir=2534854) | ACC(X=-5.27151870727539, Y=-4.86196422576904, Z=6.6414909362793) | HR=86 bpm | IBI=0 ms | Participant=P15
914,IBI out of range,Row 914 | Timestamp: 1712016512958 ms | PPG(Green=2533145, Red=2533145, Ir=2533145) | ACC(X=-5.31223440170288, Y=-4.83082818984985, Z=6.62951564788818) | HR=86 bpm | IBI=0 ms | Participant=P15
915,IBI out of range,Row 915 | Timestamp: 1712016512997 ms | PPG(Green=2529323, Red=2529323, Ir=2529323) | ACC(X=-5.29786443710327, Y=-4.95058107376099, Z=6.67981147766113) | HR=85 bpm | IBI=0 ms | Participant=P15
916,IBI out of range,Row 916 | Timestamp: 1712016513037 ms | PPG(Green=2526968, Red=2526968, Ir=2526968) | ACC(X=-5.26912355422974, Y=-4.83082818984985, Z=6.67741680145264) | HR=84 bpm | IBI=0 ms | Participant=P15
917,IBI out of range,Row 917 | Timestamp: 1712016513077 ms | PPG(Green=2525920, Red=2525920, Ir=2525920) | ACC(X=-5.3289999961853, Y=-4.9625563621521, Z=6.58879947662354) | HR=83 bpm | IBI=0 ms | Participant=P15
918,IBI out of range,Row 918 | Timestamp: 1712016513117 ms | PPG(Green=2525322, Red=2525322, Ir=2525322) | ACC(X=-5.26193857192993, Y=-4.84759378433228, Z=6.61514520645142) | HR=83 bpm | IBI=0 ms | Participant=P15
919,IBI out of range,Row 919 | Timestamp: 1712016513158 ms | PPG(Green=2525058, Red=2525058, Ir=2525058) | ACC(X=-5.34097528457642, Y=-4.84998893737793, Z=6.66065120697021) | HR=82 bpm | IBI=0 ms | Participant=P15
920,IBI out of range,Row 920 | Timestamp: 1712016513197 ms | PPG(Green=2524760, Red=2524760, Ir=2524760) | ACC(X=-5.31462955474854, Y=-4.84280347824097, Z=6.57921934127808) | HR=82 bpm | IBI=0 ms | Participant=P15
921,IBI out of range,Row 921 | Timestamp: 1712016513237 ms | PPG(Green=2524202, Red=2524202, Ir=2524202) | ACC(X=-5.30504941940308, Y=-4.90267992019653, Z=6.65825605392456) | HR=82 bpm | IBI=0 ms | Participant=P15
922,IBI out of range,Row 922 | Timestamp: 1712016513278 ms | PPG(Green=2523903, Red=2523903, Ir=2523903) | ACC(X=-5.29067897796631, Y=-4.88591480255127, Z=6.65346622467041) | HR=82 bpm | IBI=0 ms | Participant=P15
923,IBI out of range,Row 923 | Timestamp: 1712016513318 ms | PPG(Green=2523818, Red=2523818, Ir=2523818) | ACC(X=-5.42719745635986, Y=-4.9625563621521, Z=6.51694774627686) | HR=82 bpm | IBI=0 ms | Participant=P15
924,IBI out of range,Row 924 | Timestamp: 1712016513358 ms | PPG(Green=2524482, Red=2524482, Ir=2524482) | ACC(X=-5.28588914871216, Y=-4.93621063232422, Z=6.65346622467041) | HR=82 bpm | IBI=0 ms | Participant=P15
925,IBI out of range,Row 925 | Timestamp: 1712016513398 ms | PPG(Green=2525252, Red=2525252, Ir=2525252) | ACC(X=-5.32660484313965, Y=-4.80208778381348, Z=6.60077476501465) | HR=81 bpm | IBI=0 ms | Participant=P15
926,IBI out of range,Row 926 | Timestamp: 1712016513438 ms | PPG(Green=2526229, Red=2526229, Ir=2526229) | ACC(X=-5.24277782440186, Y=-4.80927276611328, Z=6.54089832305908) | HR=81 bpm | IBI=0 ms | Participant=P15
927,IBI out of range,Row 927 | Timestamp: 1712016513478 ms | PPG(Green=2527113, Red=2527113, Ir=2527113) | ACC(X=-5.28828430175781, Y=-4.92423534393311, Z=6.66304636001587) | HR=81 bpm | IBI=0 ms | Participant=P15
928,IBI out of range,Row 928 | Timestamp: 1712016513518 ms | PPG(Green=2528026, Red=2528026, Ir=2528026) | ACC(X=-5.28109884262085, Y=-4.92184066772461, Z=6.65107107162476) | HR=80 bpm | IBI=0 ms | Participant=P15
929,IBI out of range,Row 929 | Timestamp: 1712016513559 ms | PPG(Green=2528825, Red=2528825, Ir=2528825) | ACC(X=-5.30504941940308, Y=-4.80208778381348, Z=6.62472534179688) | HR=81 bpm | IBI=0 ms | Participant=P15
930,IBI out of range,Row 930 | Timestamp: 1712016513598 ms | PPG(Green=2529768, Red=2529768, Ir=2529768) | ACC(X=-5.32660484313965, Y=-4.83082818984985, Z=6.60077476501465) | HR=81 bpm | IBI=0 ms | Participant=P15
931,IBI out of range,Row 931 | Timestamp: 1712016513638 ms | PPG(Green=2530321, Red=2530321, Ir=2530321) | ACC(X=-5.31941986083984, Y=-4.86675405502319, Z=6.59837961196899) | HR=82 bpm | IBI=0 ms | Participant=P15
932,IBI out of range,Row 932 | Timestamp: 1712016513679 ms | PPG(Green=2528260, Red=2528260, Ir=2528260) | ACC(X=-5.22601270675659, Y=-4.84040832519531, Z=6.69178676605225) | HR=83 bpm | IBI=0 ms | Participant=P15
933,IBI out of range,Row 933 | Timestamp: 1712016513719 ms | PPG(Green=2524839, Red=2524839, Ir=2524839) | ACC(X=-5.28109884262085, Y=-4.81166791915894, Z=6.62472534179688) | HR=84 bpm | IBI=0 ms | Participant=P15
934,IBI out of range,Row 934 | Timestamp: 1712016513760 ms | PPG(Green=2522686, Red=2522686, Ir=2522686) | ACC(X=-5.30025911331177, Y=-4.84519863128662, Z=6.58400964736938) | HR=85 bpm | IBI=0 ms | Participant=P15
935,IBI out of range,Row 935 | Timestamp: 1712016513799 ms | PPG(Green=2521932, Red=2521932, Ir=2521932) | ACC(X=-5.24756813049316, Y=-4.85238361358643, Z=6.66304636001587) | HR=86 bpm | IBI=0 ms | Participant=P15
936,IBI out of range,Row 936 | Timestamp: 1712016513839 ms | PPG(Green=2521781, Red=2521781, Ir=2521781) | ACC(X=-5.20445728302002, Y=-4.89549493789673, Z=6.67262649536133) | HR=86 bpm | IBI=0 ms | Participant=P15
937,IBI out of range,Row 937 | Timestamp: 1712016513879 ms | PPG(Green=2521800, Red=2521800, Ir=2521800) | ACC(X=-5.35774087905884, Y=-4.92902565002441, Z=6.57921934127808) | HR=87 bpm | IBI=0 ms | Participant=P15
938,IBI out of range,Row 938 | Timestamp: 1712016513919 ms | PPG(Green=2521628, Red=2521628, Ir=2521628) | ACC(X=-5.30983972549438, Y=-4.85717391967773, Z=6.67741680145264) | HR=87 bpm | IBI=0 ms | Participant=P15
939,IBI out of range,Row 939 | Timestamp: 1712016513960 ms | PPG(Green=2521348, Red=2521348, Ir=2521348) | ACC(X=-5.29546928405762, Y=-4.8715443611145, Z=6.63670063018799) | HR=87 bpm | IBI=0 ms | Participant=P15
940,IBI out of range,Row 940 | Timestamp: 1712016514000 ms | PPG(Green=2521289, Red=2521289, Ir=2521289) | ACC(X=-5.31462955474854, Y=-4.87393951416016, Z=6.61035490036011) | HR=88 bpm | IBI=0 ms | Participant=P15
941,IBI out of range,Row 941 | Timestamp: 1712016514040 ms | PPG(Green=2521733, Red=2521733, Ir=2521733) | ACC(X=-5.26193857192993, Y=-4.88591480255127, Z=6.66065120697021) | HR=88 bpm | IBI=0 ms | Participant=P15
942,IBI out of range,Row 942 | Timestamp: 1712016514080 ms | PPG(Green=2522395, Red=2522395, Ir=2522395) | ACC(X=-5.24996328353882, Y=-4.90267992019653, Z=6.67023134231567) | HR=88 bpm | IBI=0 ms | Participant=P15
943,IBI out of range,Row 943 | Timestamp: 1712016514120 ms | PPG(Green=2523318, Red=2523318, Ir=2523318) | ACC(X=-5.34337043762207, Y=-4.85717391967773, Z=6.5576639175415) | HR=87 bpm | IBI=0 ms | Participant=P15
944,IBI out of range,Row 944 | Timestamp: 1712016514161 ms | PPG(Green=2524477, Red=2524477, Ir=2524477) | ACC(X=-5.24996328353882, Y=-4.83801364898682, Z=6.52652788162231) | HR=86 bpm | IBI=0 ms | Participant=P15
945,IBI out of range,Row 945 | Timestamp: 1712016514200 ms | PPG(Green=2525498, Red=2525498, Ir=2525498) | ACC(X=-5.2763090133667, Y=-4.89549493789673, Z=6.69178676605225) | HR=85 bpm | IBI=0 ms | Participant=P15
946,IBI out of range,Row 946 | Timestamp: 1712016514240 ms | PPG(Green=2526419, Red=2526419, Ir=2526419) | ACC(X=-5.26672840118408, Y=-4.93142080307007, Z=6.65346622467041) | HR=85 bpm | IBI=0 ms | Participant=P15
947,IBI out of range,Row 947 | Timestamp: 1712016514280 ms | PPG(Green=2527519, Red=2527519, Ir=2527519) | ACC(X=-5.25475311279297, Y=-4.87633419036865, Z=6.61993551254272) | HR=85 bpm | IBI=0 ms | Participant=P15
948,IBI out of range,Row 948 | Timestamp: 1712016514320 ms | PPG(Green=2528677, Red=2528677, Ir=2528677) | ACC(X=-5.31941986083984, Y=-4.9098653793335, Z=6.6486759185791) | HR=85 bpm | IBI=0 ms | Participant=P15
949,IBI out of range,Row 949 | Timestamp: 1712016514361 ms | PPG(Green=2529168, Red=2529168, Ir=2529168) | ACC(X=-5.39366674423218, Y=-4.98411178588867, Z=6.5528736114502) | HR=86 bpm | IBI=0 ms | Participant=P15
950,IBI out of range,Row 950 | Timestamp: 1712016514401 ms | PPG(Green=2527367, Red=2527367, Ir=2527367) | ACC(X=-5.35295057296753, Y=-4.89549493789673, Z=6.56963920593262) | HR=88 bpm | IBI=0 ms | Participant=P15
951,IBI out of range,Row 951 | Timestamp: 1712016514441 ms | PPG(Green=2524007, Red=2524007, Ir=2524007) | ACC(X=-5.3673210144043, Y=-4.91944551467896, Z=6.6486759185791) | HR=89 bpm | IBI=0 ms | Participant=P15
952,IBI out of range,Row 952 | Timestamp: 1712016514481 ms | PPG(Green=2521806, Red=2521806, Ir=2521806) | ACC(X=-5.2331976890564, Y=-4.95058107376099, Z=6.66544151306152) | HR=90 bpm | IBI=0 ms | Participant=P15
953,IBI out of range,Row 953 | Timestamp: 1712016514521 ms | PPG(Green=2521199, Red=2521199, Ir=2521199) | ACC(X=-5.30025911331177, Y=-4.99129724502563, Z=6.7372932434082) | HR=90 bpm | IBI=0 ms | Participant=P15
954,IBI out of range,Row 954 | Timestamp: 1712016514562 ms | PPG(Green=2521132, Red=2521132, Ir=2521132) | ACC(X=-5.19727182388306, Y=-4.86196422576904, Z=6.67741680145264) | HR=89 bpm | IBI=0 ms | Participant=P15
955,IBI out of range,Row 955 | Timestamp: 1712016514601 ms | PPG(Green=2521530, Red=2521530, Ir=2521530) | ACC(X=-5.21403741836548, Y=-5.08230924606323, Z=6.74687337875366) | HR=88 bpm | IBI=0 ms | Participant=P15
956,IBI out of range,Row 956 | Timestamp: 1712016514641 ms | PPG(Green=2521652, Red=2521652, Ir=2521652) | ACC(X=-5.08230924606323, Y=-4.74700117111206, Z=6.6414909362793) | HR=87 bpm | IBI=0 ms | Participant=P15
957,IBI out of range,Row 957 | Timestamp: 1712016514681 ms | PPG(Green=2521901, Red=2521901, Ir=2521901) | ACC(X=-5.00566720962524, Y=-4.70389032363892, Z=6.68460178375244) | HR=85 bpm | IBI=0 ms | Participant=P15
958,IBI out of range,Row 958 | Timestamp: 1712016514722 ms | PPG(Green=2522138, Red=2522138, Ir=2522138) | ACC(X=-4.88830947875977, Y=-5.03440809249878, Z=6.81632995605469) | HR=85 bpm | IBI=0 ms | Participant=P15
959,IBI out of range,Row 959 | Timestamp: 1712016514762 ms | PPG(Green=2522468, Red=2522468, Ir=2522468) | ACC(X=-5.13500022888184, Y=-5.21164226531982, Z=6.84746551513672) | HR=85 bpm | IBI=0 ms | Participant=P15
960,IBI out of range,Row 960 | Timestamp: 1712016514802 ms | PPG(Green=2523243, Red=2523243, Ir=2523243) | ACC(X=-5.27151870727539, Y=-5.02722311019897, Z=6.59119462966919) | HR=85 bpm | IBI=0 ms | Participant=P15
961,IBI out of range,Row 961 | Timestamp: 1712016514842 ms | PPG(Green=2524396, Red=2524396, Ir=2524396) | ACC(X=-5.30744457244873, Y=-4.87633419036865, Z=6.60796022415161) | HR=85 bpm | IBI=0 ms | Participant=P15
962,IBI out of range,Row 962 | Timestamp: 1712016514882 ms | PPG(Green=2525480, Red=2525480, Ir=2525480) | ACC(X=-5.07991409301758, Y=-4.8284330368042, Z=6.60556507110596) | HR=85 bpm | IBI=0 ms | Participant=P15
963,IBI out of range,Row 963 | Timestamp: 1712016514922 ms | PPG(Green=2526388, Red=2526388, Ir=2526388) | ACC(X=-5.02961778640747, Y=-4.81166791915894, Z=6.6941819190979) | HR=85 bpm | IBI=0 ms | Participant=P15
964,IBI out of range,Row 964 | Timestamp: 1712016514963 ms | PPG(Green=2527236, Red=2527236, Ir=2527236) | ACC(X=-5.17332124710083, Y=-4.91944551467896, Z=6.82351493835449) | HR=85 bpm | IBI=0 ms | Participant=P15
965,IBI out of range,Row 965 | Timestamp: 1712016515002 ms | PPG(Green=2528303, Red=2528303, Ir=2528303) | ACC(X=-5.53497505187988, Y=-5.16374111175537, Z=6.75884866714478) | HR=85 bpm | IBI=0 ms | Participant=P15
966,IBI out of range,Row 966 | Timestamp: 1712016515042 ms | PPG(Green=2529509, Red=2529509, Ir=2529509) | ACC(X=-5.60443162918091, Y=-5.12302541732788, Z=6.58161449432373) | HR=85 bpm | IBI=0 ms | Participant=P15
967,IBI out of range,Row 967 | Timestamp: 1712016515082 ms | PPG(Green=2530750, Red=2530750, Ir=2530750) | ACC(X=-5.37690114974976, Y=-4.75418663024902, Z=6.49778747558594) | HR=86 bpm | IBI=0 ms | Participant=P15
968,IBI out of range,Row 968 | Timestamp: 1712016515123 ms | PPG(Green=2530448, Red=2530448, Ir=2530448) | ACC(X=-5.1421856880188, Y=-4.73981618881226, Z=6.50976276397705) | HR=87 bpm | IBI=0 ms | Participant=P15
969,IBI out of range,Row 969 | Timestamp: 1712016515163 ms | PPG(Green=2528773, Red=2528773, Ir=2528773) | ACC(X=-5.29546928405762, Y=-5.13021039962769, Z=6.66544151306152) | HR=87 bpm | IBI=0 ms | Participant=P15
970,IBI out of range,Row 970 | Timestamp: 1712016515203 ms | PPG(Green=2526860, Red=2526860, Ir=2526860) | ACC(X=-5.29786443710327, Y=-4.95537137985229, Z=6.72531795501709) | HR=87 bpm | IBI=0 ms | Participant=P15
971,IBI out of range,Row 971 | Timestamp: 1712016515243 ms | PPG(Green=2525650, Red=2525650, Ir=2525650) | ACC(X=-5.42240715026855, Y=-4.74460649490356, Z=6.66304636001587) | HR=87 bpm | IBI=0 ms | Participant=P15
972,IBI out of range,Row 972 | Timestamp: 1712016515283 ms | PPG(Green=2525446, Red=2525446, Ir=2525446) | ACC(X=-5.24996328353882, Y=-4.85956907272339, Z=6.56724405288696) | HR=88 bpm | IBI=0 ms | Participant=P15
973,IBI out of range,Row 973 | Timestamp: 1712016515323 ms | PPG(Green=2526210, Red=2526210, Ir=2526210) | ACC(X=-5.29546928405762, Y=-5.11344480514526, Z=6.60077476501465) | HR=88 bpm | IBI=0 ms | Participant=P15
974,IBI out of range,Row 974 | Timestamp: 1712016515364 ms | PPG(Green=2527176, Red=2527176, Ir=2527176) | ACC(X=-5.32660484313965, Y=-4.81885290145874, Z=6.54568862915039) | HR=87 bpm | IBI=0 ms | Participant=P15
975,IBI out of range,Row 975 | Timestamp: 1712016515403 ms | PPG(Green=2527479, Red=2527479, Ir=2527479) | ACC(X=-5.35534572601318, Y=-4.80687761306763, Z=6.62233018875122) | HR=86 bpm | IBI=0 ms | Participant=P15
976,IBI out of range,Row 976 | Timestamp: 1712016515443 ms | PPG(Green=2527701, Red=2527701, Ir=2527701) | ACC(X=-5.2331976890564, Y=-4.88351964950562, Z=6.63430547714233) | HR=86 bpm | IBI=0 ms | Participant=P15
977,IBI out of range,Row 977 | Timestamp: 1712016515484 ms | PPG(Green=2528232, Red=2528232, Ir=2528232) | ACC(X=-5.27391386032104, Y=-4.90507507324219, Z=6.63191080093384) | HR=86 bpm | IBI=0 ms | Participant=P15
978,IBI out of range,Row 978 | Timestamp: 1712016515524 ms | PPG(Green=2529341, Red=2529341, Ir=2529341) | ACC(X=-5.28588914871216, Y=-4.93860578536987, Z=6.61275005340576) | HR=86 bpm | IBI=0 ms | Participant=P15
979,IBI out of range,Row 979 | Timestamp: 1712016515565 ms | PPG(Green=2530501, Red=2530501, Ir=2530501) | ACC(X=-5.31941986083984, Y=-4.8260383605957, Z=6.60556507110596) | HR=87 bpm | IBI=0 ms | Participant=P15
980,IBI out of range,Row 980 | Timestamp: 1712016515604 ms | PPG(Green=2531851, Red=2531851, Ir=2531851) | ACC(X=-5.30504941940308, Y=-4.96734666824341, Z=6.5528736114502) | HR=87 bpm | IBI=0 ms | Participant=P15
981,IBI out of range,Row 981 | Timestamp: 1712016515644 ms | PPG(Green=2532896, Red=2532896, Ir=2532896) | ACC(X=-5.33139514923096, Y=-4.85956907272339, Z=6.66544151306152) | HR=87 bpm | IBI=0 ms | Participant=P15
982,IBI out of range,Row 982 | Timestamp: 1712016515684 ms | PPG(Green=2533995, Red=2533995, Ir=2533995) | ACC(X=-5.2787036895752, Y=-4.79729747772217, Z=6.64628076553345) | HR=86 bpm | IBI=0 ms | Participant=P15
983,IBI out of range,Row 983 | Timestamp: 1712016515724 ms | PPG(Green=2535074, Red=2535074, Ir=2535074) | ACC(X=-5.31462955474854, Y=-4.88830947875977, Z=6.5959849357605) | HR=85 bpm | IBI=0 ms | Participant=P15
984,IBI out of range,Row 984 | Timestamp: 1712016515765 ms | PPG(Green=2536370, Red=2536370, Ir=2536370) | ACC(X=-5.25954341888428, Y=-4.9098653793335, Z=6.6869969367981) | HR=84 bpm | IBI=0 ms | Participant=P15
985,IBI out of range,Row 985 | Timestamp: 1712016515805 ms | PPG(Green=2537171, Red=2537171, Ir=2537171) | ACC(X=-5.29067897796631, Y=-4.90747022628784, Z=6.67023134231567) | HR=84 bpm | IBI=0 ms | Participant=P15
986,IBI out of range,Row 986 | Timestamp: 1712016515845 ms | PPG(Green=2536993, Red=2536993, Ir=2536993) | ACC(X=-5.30744457244873, Y=-4.85238361358643, Z=6.68220663070679) | HR=84 bpm | IBI=0 ms | Participant=P15
987,IBI out of range,Row 987 | Timestamp: 1712016515885 ms | PPG(Green=2535223, Red=2535223, Ir=2535223) | ACC(X=-5.24517297744751, Y=-4.97213649749756, Z=6.65107107162476) | HR=84 bpm | IBI=0 ms | Participant=P15
988,IBI out of range,Row 988 | Timestamp: 1712016515925 ms | PPG(Green=2533522, Red=2533522, Ir=2533522) | ACC(X=-5.29067897796631, Y=-4.9098653793335, Z=6.52173805236816) | HR=85 bpm | IBI=0 ms | Participant=P15
989,IBI out of range,Row 989 | Timestamp: 1712016515966 ms | PPG(Green=2532768, Red=2532768, Ir=2532768) | ACC(X=-5.35055541992188, Y=-5.00327253341675, Z=6.57921934127808) | HR=86 bpm | IBI=0 ms | Participant=P15
990,IBI out of range,Row 990 | Timestamp: 1712016516005 ms | PPG(Green=2532581, Red=2532581, Ir=2532581) | ACC(X=-5.27151870727539, Y=-4.88830947875977, Z=6.65825605392456) | HR=87 bpm | IBI=0 ms | Participant=P15
991,IBI out of range,Row 991 | Timestamp: 1712016516045 ms | PPG(Green=2532906, Red=2532906, Ir=2532906) | ACC(X=-5.30504941940308, Y=-4.9625563621521, Z=6.58161449432373) | HR=87 bpm | IBI=0 ms | Participant=P15
992,IBI out of range,Row 992 | Timestamp: 1712016516085 ms | PPG(Green=2532990, Red=2532990, Ir=2532990) | ACC(X=-5.31223440170288, Y=-4.87393951416016, Z=6.60556507110596) | HR=87 bpm | IBI=0 ms | Participant=P15
993,IBI out of range,Row 993 | Timestamp: 1712016516126 ms | PPG(Green=2533127, Red=2533127, Ir=2533127) | ACC(X=-5.35295057296753, Y=-4.89070463180542, Z=6.6414909362793) | HR=86 bpm | IBI=0 ms | Participant=P15
994,IBI out of range,Row 994 | Timestamp: 1712016516166 ms | PPG(Green=2533270, Red=2533270, Ir=2533270) | ACC(X=-5.29067897796631, Y=-4.87393951416016, Z=6.66065120697021) | HR=85 bpm | IBI=0 ms | Participant=P15
995,IBI out of range,Row 995 | Timestamp: 1712016516206 ms | PPG(Green=2533635, Red=2533635, Ir=2533635) | ACC(X=-5.22601270675659, Y=-4.89549493789673, Z=6.62712049484253) | HR=84 bpm | IBI=0 ms | Participant=P15
996,IBI out of range,Row 996 | Timestamp: 1712016516246 ms | PPG(Green=2534377, Red=2534377, Ir=2534377) | ACC(X=-5.2763090133667, Y=-4.99369192123413, Z=6.56484889984131) | HR=84 bpm | IBI=0 ms | Participant=P15
997,IBI out of range,Row 997 | Timestamp: 1712016516286 ms | PPG(Green=2535393, Red=2535393, Ir=2535393) | ACC(X=-5.34097528457642, Y=-4.8715443611145, Z=6.56963920593262) | HR=83 bpm | IBI=0 ms | Participant=P15
998,IBI out of range,Row 998 | Timestamp: 1712016516326 ms | PPG(Green=2536394, Red=2536394, Ir=2536394) | ACC(X=-5.30504941940308, Y=-4.92663049697876, Z=6.65346622467041) | HR=82 bpm | IBI=0 ms | Participant=P15
999,IBI out of range,Row 999 | Timestamp: 1712016516367 ms | PPG(Green=2537291, Red=2537291, Ir=2537291) | ACC(X=-5.33618497848511, Y=-4.84040832519531, Z=6.56005907058716) | HR=81 bpm | IBI=0 ms | Participant=P15
1000,IBI out of range,Row 1000 | Timestamp: 1712016516406 ms | PPG(Green=2538261, Red=2538261, Ir=2538261) | ACC(X=-5.2787036895752, Y=-4.93381595611572, Z=6.53850317001343) | HR=80 bpm | IBI=0 ms | Participant=P15
1001,IBI out of range,Row 1001 | Timestamp: 1712016516446 ms | PPG(Green=2539374, Red=2539374, Ir=2539374) | ACC(X=-5.2787036895752, Y=-4.91465520858765, Z=6.62472534179688) | HR=80 bpm | IBI=0 ms | Participant=P15
1002,IBI out of range,Row 1002 | Timestamp: 1712016516487 ms | PPG(Green=2540392, Red=2540392, Ir=2540392) | ACC(X=-5.23559284210205, Y=-5.01285266876221, Z=6.66304636001587) | HR=80 bpm | IBI=0 ms | Participant=P15
1003,IBI out of range,Row 1003 | Timestamp: 1712016516527 ms | PPG(Green=2540107, Red=2540107, Ir=2540107) | ACC(X=-5.30744457244873, Y=-4.96016120910645, Z=6.67981147766113) | HR=80 bpm | IBI=0 ms | Participant=P15
1004,IBI out of range,Row 1004 | Timestamp: 1712016516568 ms | PPG(Green=2538708, Red=2538708, Ir=2538708) | ACC(X=-5.24277782440186, Y=-5.00566720962524, Z=6.63909578323364) | HR=79 bpm | IBI=0 ms | Participant=P15
1005,IBI out of range,Row 1005 | Timestamp: 1712016516607 ms | PPG(Green=2536863, Red=2536863, Ir=2536863) | ACC(X=-5.24756813049316, Y=-4.94818592071533, Z=6.57203435897827) | HR=79 bpm | IBI=0 ms | Participant=P15
1006,IBI out of range,Row 1006 | Timestamp: 1712016516647 ms | PPG(Green=2535981, Red=2535981, Ir=2535981) | ACC(X=-5.2331976890564, Y=-4.94579124450684, Z=6.65346622467041) | HR=78 bpm | IBI=0 ms | Participant=P15
1007,IBI out of range,Row 1007 | Timestamp: 1712016516688 ms | PPG(Green=2535733, Red=2535733, Ir=2535733) | ACC(X=-5.24517297744751, Y=-5.00566720962524, Z=6.6869969367981) | HR=78 bpm | IBI=0 ms | Participant=P15
1008,IBI out of range,Row 1008 | Timestamp: 1712016516728 ms | PPG(Green=2535874, Red=2535874, Ir=2535874) | ACC(X=-5.24996328353882, Y=-4.93381595611572, Z=6.63670063018799) | HR=77 bpm | IBI=0 ms | Participant=P15
1009,IBI out of range,Row 1009 | Timestamp: 1712016516769 ms | PPG(Green=2535946, Red=2535946, Ir=2535946) | ACC(X=-5.30265426635742, Y=-4.89070463180542, Z=6.62233018875122) | HR=77 bpm | IBI=0 ms | Participant=P15
1010,IBI out of range,Row 1010 | Timestamp: 1712016516808 ms | PPG(Green=2536312, Red=2536312, Ir=2536312) | ACC(X=-5.24038314819336, Y=-4.97932195663452, Z=6.59358978271484) | HR=76 bpm | IBI=0 ms | Participant=P15
1011,IBI out of range,Row 1011 | Timestamp: 1712016516849 ms | PPG(Green=2536236, Red=2536236, Ir=2536236) | ACC(X=-5.19008684158325, Y=-5.01285266876221, Z=6.58640432357788) | HR=77 bpm | IBI=0 ms | Participant=P15
1012,IBI out of range,Row 1012 | Timestamp: 1712016516889 ms | PPG(Green=2536523, Red=2536523, Ir=2536523) | ACC(X=-5.15655612945557, Y=-4.95058107376099, Z=6.59837961196899) | HR=77 bpm | IBI=0 ms | Participant=P15
1013,IBI out of range,Row 1013 | Timestamp: 1712016516929 ms | PPG(Green=2537144, Red=2537144, Ir=2537144) | ACC(X=-5.29307413101196, Y=-5.01764249801636, Z=6.61993551254272) | HR=77 bpm | IBI=0 ms | Participant=P15
1014,IBI out of range,Row 1014 | Timestamp: 1712016516970 ms | PPG(Green=2538172, Red=2538172, Ir=2538172) | ACC(X=-5.20206212997437, Y=-5.0511736869812, Z=6.57203435897827) | HR=77 bpm | IBI=0 ms | Participant=P15
1015,IBI out of range,Row 1015 | Timestamp: 1712016517010 ms | PPG(Green=2538984, Red=2538984, Ir=2538984) | ACC(X=-5.19248199462891, Y=-4.98411178588867, Z=6.67502164840698) | HR=77 bpm | IBI=0 ms | Participant=P15
1016,IBI out of range,Row 1016 | Timestamp: 1712016517050 ms | PPG(Green=2539962, Red=2539962, Ir=2539962) | ACC(X=-5.27391386032104, Y=-4.96495151519775, Z=6.70615720748901) | HR=77 bpm | IBI=0 ms | Participant=P15
1017,IBI out of range,Row 1017 | Timestamp: 1712016517091 ms | PPG(Green=2540842, Red=2540842, Ir=2540842) | ACC(X=-5.18290138244629, Y=-5.04877853393555, Z=6.61275005340576) | HR=77 bpm | IBI=0 ms | Participant=P15
1018,IBI out of range,Row 1018 | Timestamp: 1712016517131 ms | PPG(Green=2541879, Red=2541879, Ir=2541879) | ACC(X=-5.26433372497559, Y=-4.97692680358887, Z=6.65107107162476) | HR=77 bpm | IBI=0 ms | Participant=P15
1019,IBI out of range,Row 1019 | Timestamp: 1712016517172 ms | PPG(Green=2542805, Red=2542805, Ir=2542805) | ACC(X=-5.31223440170288, Y=-5.00566720962524, Z=6.53850317001343) | HR=77 bpm | IBI=0 ms | Participant=P15
1020,IBI out of range,Row 1020 | Timestamp: 1712016517211 ms | PPG(Green=2542629, Red=2542629, Ir=2542629) | ACC(X=-5.25954341888428, Y=-4.88830947875977, Z=6.57203435897827) | HR=77 bpm | IBI=0 ms | Participant=P15
1021,IBI out of range,Row 1021 | Timestamp: 1712016517251 ms | PPG(Green=2541359, Red=2541359, Ir=2541359) | ACC(X=-5.18290138244629, Y=-5.07033395767212, Z=6.65586137771606) | HR=77 bpm | IBI=0 ms | Participant=P15
1022,IBI out of range,Row 1022 | Timestamp: 1712016517292 ms | PPG(Green=2539521, Red=2539521, Ir=2539521) | ACC(X=-5.25714826583862, Y=-4.9170503616333, Z=6.67981147766113) | HR=77 bpm | IBI=0 ms | Participant=P15
1024,IBI out of range,Row 1024 | Timestamp: 1712016517373 ms | PPG(Green=2538358, Red=2538358, Ir=2538358) | ACC(X=-5.24038314819336, Y=-4.97932195663452, Z=6.62472534179688) | HR=77 bpm | IBI=0 ms | Participant=P15
1025,IBI out of range,Row 1025 | Timestamp: 1712016517412 ms | PPG(Green=2538844, Red=2538844, Ir=2538844) | ACC(X=-5.21164226531982, Y=-4.85717391967773, Z=6.57682418823242) | HR=78 bpm | IBI=0 ms | Participant=P15
1026,IBI out of range,Row 1026 | Timestamp: 1712016517452 ms | PPG(Green=2539218, Red=2539218, Ir=2539218) | ACC(X=-5.27391386032104, Y=-4.99608707427979, Z=6.6941819190979) | HR=78 bpm | IBI=0 ms | Participant=P15
1027,IBI out of range,Row 1027 | Timestamp: 1712016517493 ms | PPG(Green=2539636, Red=2539636, Ir=2539636) | ACC(X=-5.35534572601318, Y=-4.83561849594116, Z=6.59358978271484) | HR=79 bpm | IBI=0 ms | Participant=P15
1028,IBI out of range,Row 1028 | Timestamp: 1712016517533 ms | PPG(Green=2539969, Red=2539969, Ir=2539969) | ACC(X=-5.34097528457642, Y=-4.96974182128906, Z=6.49778747558594) | HR=80 bpm | IBI=0 ms | Participant=P15
1029,IBI out of range,Row 1029 | Timestamp: 1712016517574 ms | PPG(Green=2540507, Red=2540507, Ir=2540507) | ACC(X=-5.28828430175781, Y=-4.93621063232422, Z=6.52652788162231) | HR=81 bpm | IBI=0 ms | Participant=P15
1030,IBI out of range,Row 1030 | Timestamp: 1712016517613 ms | PPG(Green=2541223, Red=2541223, Ir=2541223) | ACC(X=-5.33379030227661, Y=-4.88112449645996, Z=6.58879947662354) | HR=82 bpm | IBI=0 ms | Participant=P15
1031,IBI out of range,Row 1031 | Timestamp: 1712016517653 ms | PPG(Green=2541979, Red=2541979, Ir=2541979) | ACC(X=-5.35774087905884, Y=-4.91465520858765, Z=6.58879947662354) | HR=83 bpm | IBI=0 ms | Participant=P15
1032,IBI out of range,Row 1032 | Timestamp: 1712016517693 ms | PPG(Green=2542727, Red=2542727, Ir=2542727) | ACC(X=-5.36971616744995, Y=-4.94339609146118, Z=6.61514520645142) | HR=85 bpm | IBI=0 ms | Participant=P15
1033,IBI out of range,Row 1033 | Timestamp: 1712016517734 ms | PPG(Green=2543410, Red=2543410, Ir=2543410) | ACC(X=-5.31462955474854, Y=-5.0080623626709, Z=6.65107107162476) | HR=86 bpm | IBI=0 ms | Participant=P15
1034,IBI out of range,Row 1034 | Timestamp: 1712016517775 ms | PPG(Green=2544155, Red=2544155, Ir=2544155) | ACC(X=-5.23080253601074, Y=-4.91465520858765, Z=6.52892303466797) | HR=86 bpm | IBI=0 ms | Participant=P15
1035,IBI out of range,Row 1035 | Timestamp: 1712016517814 ms | PPG(Green=2544983, Red=2544983, Ir=2544983) | ACC(X=-5.31462955474854, Y=-4.86914920806885, Z=6.58879947662354) | HR=87 bpm | IBI=0 ms | Participant=P15
1036,IBI out of range,Row 1036 | Timestamp: 1712016517854 ms | PPG(Green=2545711, Red=2545711, Ir=2545711) | ACC(X=-5.31941986083984, Y=-5.04159307479858, Z=6.59119462966919) | HR=87 bpm | IBI=0 ms | Participant=P15
1037,IBI out of range,Row 1037 | Timestamp: 1712016517895 ms | PPG(Green=2545641, Red=2545641, Ir=2545641) | ACC(X=-5.30744457244873, Y=-4.92663049697876, Z=6.59837961196899) | HR=88 bpm | IBI=0 ms | Participant=P15
1038,IBI out of range,Row 1038 | Timestamp: 1712016517935 ms | PPG(Green=2544725, Red=2544725, Ir=2544725) | ACC(X=-5.35774087905884, Y=-4.91465520858765, Z=6.61754035949707) | HR=88 bpm | IBI=0 ms | Participant=P15
1039,IBI out of range,Row 1039 | Timestamp: 1712016517976 ms | PPG(Green=2543389, Red=2543389, Ir=2543389) | ACC(X=-5.20206212997437, Y=-5.02003765106201, Z=6.56245374679565) | HR=89 bpm | IBI=0 ms | Participant=P15
1040,IBI out of range,Row 1040 | Timestamp: 1712016518015 ms | PPG(Green=2542343, Red=2542343, Ir=2542343) | ACC(X=-5.29786443710327, Y=-4.97932195663452, Z=6.60796022415161) | HR=90 bpm | IBI=0 ms | Participant=P15
1041,IBI out of range,Row 1041 | Timestamp: 1712016518055 ms | PPG(Green=2542306, Red=2542306, Ir=2542306) | ACC(X=-5.21164226531982, Y=-4.9625563621521, Z=6.53371334075928) | HR=90 bpm | IBI=0 ms | Participant=P15
1042,IBI out of range,Row 1042 | Timestamp: 1712016518095 ms | PPG(Green=2542456, Red=2542456, Ir=2542456) | ACC(X=-5.34337043762207, Y=-4.95297622680664, Z=6.56963920593262) | HR=90 bpm | IBI=0 ms | Participant=P15
1043,IBI out of range,Row 1043 | Timestamp: 1712016518136 ms | PPG(Green=2542618, Red=2542618, Ir=2542618) | ACC(X=-5.36492586135864, Y=-4.87872934341431, Z=6.61035490036011) | HR=90 bpm | IBI=0 ms | Participant=P15
1044,IBI out of range,Row 1044 | Timestamp: 1712016518177 ms | PPG(Green=2542869, Red=2542869, Ir=2542869) | ACC(X=-5.34576559066772, Y=-4.92663049697876, Z=6.57921934127808) | HR=89 bpm | IBI=0 ms | Participant=P15
1045,IBI out of range,Row 1045 | Timestamp: 1712016518216 ms | PPG(Green=2542894, Red=2542894, Ir=2542894) | ACC(X=-5.31462955474854, Y=-4.98171710968018, Z=6.56245374679565) | HR=89 bpm | IBI=0 ms | Participant=P15
1046,IBI out of range,Row 1046 | Timestamp: 1712016518257 ms | PPG(Green=2543258, Red=2543258, Ir=2543258) | ACC(X=-5.3218150138855, Y=-4.95537137985229, Z=6.61035490036011) | HR=90 bpm | IBI=0 ms | Participant=P15
1047,IBI out of range,Row 1047 | Timestamp: 1712016518297 ms | PPG(Green=2543748, Red=2543748, Ir=2543748) | ACC(X=-5.35295057296753, Y=-4.97692680358887, Z=6.56484889984131) | HR=89 bpm | IBI=0 ms | Participant=P15
1048,IBI out of range,Row 1048 | Timestamp: 1712016518337 ms | PPG(Green=2544443, Red=2544443, Ir=2544443) | ACC(X=-5.33379030227661, Y=-4.89549493789673, Z=6.58879947662354) | HR=89 bpm | IBI=0 ms | Participant=P15
1049,IBI out of range,Row 1049 | Timestamp: 1712016518378 ms | PPG(Green=2545230, Red=2545230, Ir=2545230) | ACC(X=-5.31223440170288, Y=-4.95776653289795, Z=6.65586137771606) | HR=88 bpm | IBI=0 ms | Participant=P15
1050,IBI out of range,Row 1050 | Timestamp: 1712016518418 ms | PPG(Green=2546120, Red=2546120, Ir=2546120) | ACC(X=-5.30025911331177, Y=-4.92663049697876, Z=6.50257778167725) | HR=88 bpm | IBI=0 ms | Participant=P15
1051,IBI out of range,Row 1051 | Timestamp: 1712016518458 ms | PPG(Green=2546975, Red=2546975, Ir=2546975) | ACC(X=-5.30983972549438, Y=-4.99608707427979, Z=6.63670063018799) | HR=74 bpm | IBI=0 ms | Participant=P15
1052,IBI out of range,Row 1052 | Timestamp: 1712016518498 ms | PPG(Green=2547832, Red=2547832, Ir=2547832) | ACC(X=-5.19966697692871, Y=-5.04877853393555, Z=6.77082395553589) | HR=74 bpm | IBI=0 ms | Participant=P15
1053,IBI out of range,Row 1053 | Timestamp: 1712016518538 ms | PPG(Green=2547926, Red=2547926, Ir=2547926) | ACC(X=-5.35774087905884, Y=-5.05596351623535, Z=6.5576639175415) | HR=74 bpm | IBI=0 ms | Participant=P15
1054,IBI out of range,Row 1054 | Timestamp: 1712016518579 ms | PPG(Green=2547151, Red=2547151, Ir=2547151) | ACC(X=-5.26912355422974, Y=-5.01524782180786, Z=6.4618616104126) | HR=74 bpm | IBI=0 ms | Participant=P15
1055,IBI out of range,Row 1055 | Timestamp: 1712016518619 ms | PPG(Green=2545552, Red=2545552, Ir=2545552) | ACC(X=-5.25235843658447, Y=-4.90267992019653, Z=6.66304636001587) | HR=75 bpm | IBI=0 ms | Participant=P15
1056,IBI out of range,Row 1056 | Timestamp: 1712016518659 ms | PPG(Green=2544261, Red=2544261, Ir=2544261) | ACC(X=-5.25235843658447, Y=-4.98411178588867, Z=6.60556507110596) | HR=76 bpm | IBI=0 ms | Participant=P15
1057,IBI out of range,Row 1057 | Timestamp: 1712016518699 ms | PPG(Green=2543257, Red=2543257, Ir=2543257) | ACC(X=-5.27151870727539, Y=-4.99369192123413, Z=6.61993551254272) | HR=77 bpm | IBI=0 ms | Participant=P15
1058,IBI out of range,Row 1058 | Timestamp: 1712016518740 ms | PPG(Green=2542743, Red=2542743, Ir=2542743) | ACC(X=-5.23798799514771, Y=-5.02722311019897, Z=6.61035490036011) | HR=77 bpm | IBI=0 ms | Participant=P15
1059,IBI out of range,Row 1059 | Timestamp: 1712016518781 ms | PPG(Green=2542792, Red=2542792, Ir=2542792) | ACC(X=-5.33618497848511, Y=-4.97453165054321, Z=6.56724405288696) | HR=78 bpm | IBI=0 ms | Participant=P15
1060,IBI out of range,Row 1060 | Timestamp: 1712016518820 ms | PPG(Green=2543031, Red=2543031, Ir=2543031) | ACC(X=-5.38648128509521, Y=-4.95776653289795, Z=6.56724405288696) | HR=78 bpm | IBI=0 ms | Participant=P15
1061,IBI out of range,Row 1061 | Timestamp: 1712016518861 ms | PPG(Green=2543192, Red=2543192, Ir=2543192) | ACC(X=-5.30744457244873, Y=-4.9625563621521, Z=6.60556507110596) | HR=79 bpm | IBI=0 ms | Participant=P15
1062,IBI out of range,Row 1062 | Timestamp: 1712016518901 ms | PPG(Green=2543469, Red=2543469, Ir=2543469) | ACC(X=-5.17332124710083, Y=-5.01285266876221, Z=6.6031699180603) | HR=80 bpm | IBI=0 ms | Participant=P15
1063,IBI out of range,Row 1063 | Timestamp: 1712016518941 ms | PPG(Green=2543869, Red=2543869, Ir=2543869) | ACC(X=-5.35055541992188, Y=-5.02243280410767, Z=6.49539232254028) | HR=81 bpm | IBI=0 ms | Participant=P15
1064,IBI out of range,Row 1064 | Timestamp: 1712016518982 ms | PPG(Green=2544523, Red=2544523, Ir=2544523) | ACC(X=-5.28828430175781, Y=-5.00566720962524, Z=6.54568862915039) | HR=81 bpm | IBI=0 ms | Participant=P15
1065,IBI out of range,Row 1065 | Timestamp: 1712016519021 ms | PPG(Green=2545631, Red=2545631, Ir=2545631) | ACC(X=-5.24277782440186, Y=-5.02003765106201, Z=6.6486759185791) | HR=82 bpm | IBI=0 ms | Participant=P15
1066,IBI out of range,Row 1066 | Timestamp: 1712016519062 ms | PPG(Green=2546499, Red=2546499, Ir=2546499) | ACC(X=-5.24277782440186, Y=-4.9625563621521, Z=6.49778747558594) | HR=82 bpm | IBI=0 ms | Participant=P15
1067,IBI out of range,Row 1067 | Timestamp: 1712016519102 ms | PPG(Green=2547581, Red=2547581, Ir=2547581) | ACC(X=-5.24756813049316, Y=-5.02003765106201, Z=6.6414909362793) | HR=83 bpm | IBI=0 ms | Participant=P15
1068,IBI out of range,Row 1068 | Timestamp: 1712016519142 ms | PPG(Green=2548555, Red=2548555, Ir=2548555) | ACC(X=-5.3218150138855, Y=-5.00087738037109, Z=6.60556507110596) | HR=83 bpm | IBI=0 ms | Participant=P15
1069,IBI out of range,Row 1069 | Timestamp: 1712016519183 ms | PPG(Green=2549030, Red=2549030, Ir=2549030) | ACC(X=-5.31223440170288, Y=-4.94818592071533, Z=6.50976276397705) | HR=83 bpm | IBI=0 ms | Participant=P15
1070,IBI out of range,Row 1070 | Timestamp: 1712016519223 ms | PPG(Green=2548616, Red=2548616, Ir=2548616) | ACC(X=-5.25475311279297, Y=-5.01524782180786, Z=6.6031699180603) | HR=83 bpm | IBI=0 ms | Participant=P15
1071,IBI out of range,Row 1071 | Timestamp: 1712016519263 ms | PPG(Green=2547426, Red=2547426, Ir=2547426) | ACC(X=-5.22361755371094, Y=-5.0080623626709, Z=6.66304636001587) | HR=83 bpm | IBI=0 ms | Participant=P15
1072,IBI out of range,Row 1072 | Timestamp: 1712016519303 ms | PPG(Green=2546381, Red=2546381, Ir=2546381) | ACC(X=-5.15655612945557, Y=-5.05835866928101, Z=6.52413320541382) | HR=82 bpm | IBI=0 ms | Participant=P15
1073,IBI out of range,Row 1073 | Timestamp: 1712016519344 ms | PPG(Green=2545923, Red=2545923, Ir=2545923) | ACC(X=-5.1948766708374, Y=-5.06554365158081, Z=6.58640432357788) | HR=82 bpm | IBI=0 ms | Participant=P15
1074,IBI out of range,Row 1074 | Timestamp: 1712016519384 ms | PPG(Green=2545824, Red=2545824, Ir=2545824) | ACC(X=-5.29786443710327, Y=-5.02482795715332, Z=6.5576639175415) | HR=81 bpm | IBI=0 ms | Participant=P15
1075,IBI out of range,Row 1075 | Timestamp: 1712016519424 ms | PPG(Green=2546118, Red=2546118, Ir=2546118) | ACC(X=-5.22122240066528, Y=-5.0511736869812, Z=6.55526876449585) | HR=81 bpm | IBI=0 ms | Participant=P15
1076,IBI out of range,Row 1076 | Timestamp: 1712016519464 ms | PPG(Green=2546568, Red=2546568, Ir=2546568) | ACC(X=-5.2331976890564, Y=-5.09907484054565, Z=6.66065120697021) | HR=81 bpm | IBI=0 ms | Participant=P15
1077,IBI out of range,Row 1077 | Timestamp: 1712016519504 ms | PPG(Green=2547014, Red=2547014, Ir=2547014) | ACC(X=-5.20685195922852, Y=-5.03440809249878, Z=6.53371334075928) | HR=82 bpm | IBI=0 ms | Participant=P15
1078,IBI out of range,Row 1078 | Timestamp: 1712016519545 ms | PPG(Green=2547232, Red=2547232, Ir=2547232) | ACC(X=-5.30744457244873, Y=-5.04159307479858, Z=6.61993551254272) | HR=83 bpm | IBI=0 ms | Participant=P15
1079,IBI out of range,Row 1079 | Timestamp: 1712016519586 ms | PPG(Green=2547893, Red=2547893, Ir=2547893) | ACC(X=-5.20445728302002, Y=-5.12542009353638, Z=6.54089832305908) | HR=84 bpm | IBI=0 ms | Participant=P15
1080,IBI out of range,Row 1080 | Timestamp: 1712016519625 ms | PPG(Green=2548879, Red=2548879, Ir=2548879) | ACC(X=-5.15176582336426, Y=-5.06793880462646, Z=6.54089832305908) | HR=84 bpm | IBI=0 ms | Participant=P15
1081,IBI out of range,Row 1081 | Timestamp: 1712016519666 ms | PPG(Green=2549980, Red=2549980, Ir=2549980) | ACC(X=-5.13260555267334, Y=-5.01764249801636, Z=6.65346622467041) | HR=84 bpm | IBI=0 ms | Participant=P15
1082,IBI out of range,Row 1082 | Timestamp: 1712016519706 ms | PPG(Green=2551126, Red=2551126, Ir=2551126) | ACC(X=-5.11583995819092, Y=-5.1421856880188, Z=6.59358978271484) | HR=84 bpm | IBI=0 ms | Participant=P15
1083,IBI out of range,Row 1083 | Timestamp: 1712016519746 ms | PPG(Green=2552110, Red=2552110, Ir=2552110) | ACC(X=-5.09428453445435, Y=-5.12302541732788, Z=6.58400964736938) | HR=86 bpm | IBI=0 ms | Participant=P15
1084,HeartRate out of range,Row 1084 | Timestamp: 1712016519787 ms | PPG(Green=2553244, Red=2553244, Ir=2553244) | ACC(X=-5.19008684158325, Y=-5.11344480514526, Z=6.62233018875122) | HR=0 bpm | IBI=0 ms | Participant=P15
1085,IBI out of range,Row 1085 | Timestamp: 1712016519827 ms | PPG(Green=2553855, Red=2553855, Ir=2553855) | ACC(X=-5.21403741836548, Y=-5.0080623626709, Z=6.60077476501465) | HR=90 bpm | IBI=0 ms | Participant=P15
1086,HeartRate out of range,Row 1086 | Timestamp: 1712016519867 ms | PPG(Green=2553538, Red=2553538, Ir=2553538) | ACC(X=-5.14697551727295, Y=-5.14458084106445, Z=6.58640432357788) | HR=0 bpm | IBI=0 ms | Participant=P15
1087,IBI out of range,Row 1087 | Timestamp: 1712016519907 ms | PPG(Green=2552932, Red=2552932, Ir=2552932) | ACC(X=-5.13500022888184, Y=-5.01524782180786, Z=6.63191080093384) | HR=92 bpm | IBI=0 ms | Participant=P15
1088,IBI out of range,Row 1088 | Timestamp: 1712016519947 ms | PPG(Green=2552468, Red=2552468, Ir=2552468) | ACC(X=-5.15416097640991, Y=-5.11105012893677, Z=6.60077476501465) | HR=92 bpm | IBI=0 ms | Participant=P15
1089,IBI out of range,Row 1089 | Timestamp: 1712016519988 ms | PPG(Green=2552538, Red=2552538, Ir=2552538) | ACC(X=-5.20685195922852, Y=-5.06075382232666, Z=6.54808378219604) | HR=92 bpm | IBI=0 ms | Participant=P15
1090,IBI out of range,Row 1090 | Timestamp: 1712016520028 ms | PPG(Green=2552981, Red=2552981, Ir=2552981) | ACC(X=-5.15895080566406, Y=-5.0511736869812, Z=6.61035490036011) | HR=93 bpm | IBI=0 ms | Participant=P15
1091,IBI out of range,Row 1091 | Timestamp: 1712016520068 ms | PPG(Green=2553571, Red=2553571, Ir=2553571) | ACC(X=-5.17092609405518, Y=-5.0966796875, Z=6.52413320541382) | HR=94 bpm | IBI=0 ms | Participant=P15
1092,IBI out of range,Row 1092 | Timestamp: 1712016520108 ms | PPG(Green=2554490, Red=2554490, Ir=2554490) | ACC(X=-5.16613626480103, Y=-5.11105012893677, Z=6.61754035949707) | HR=94 bpm | IBI=0 ms | Participant=P15
1093,IBI out of range,Row 1093 | Timestamp: 1712016520148 ms | PPG(Green=2554963, Red=2554963, Ir=2554963) | ACC(X=-5.11344480514526, Y=-5.09188938140869, Z=6.6414909362793) | HR=94 bpm | IBI=0 ms | Participant=P15
1094,HeartRate out of range,Row 1094 | Timestamp: 1712016520190 ms | PPG(Green=2555570, Red=2555570, Ir=2555570) | ACC(X=-5.23798799514771, Y=-5.12063026428223, Z=6.56963920593262) | HR=0 bpm | IBI=0 ms | Participant=P15
1095,IBI out of range,Row 1095 | Timestamp: 1712016520229 ms | PPG(Green=2556448, Red=2556448, Ir=2556448) | ACC(X=-5.22122240066528, Y=-5.14697551727295, Z=6.52413320541382) | HR=93 bpm | IBI=0 ms | Participant=P15
1096,HeartRate out of range,Row 1096 | Timestamp: 1712016520269 ms | PPG(Green=2557311, Red=2557311, Ir=2557311) | ACC(X=-5.1876916885376, Y=-5.02961778640747, Z=6.63191080093384) | HR=0 bpm | IBI=0 ms | Participant=P15
1097,HeartRate out of range,Row 1097 | Timestamp: 1712016520309 ms | PPG(Green=2558238, Red=2558238, Ir=2558238) | ACC(X=-5.18529653549194, Y=-5.06314897537231, Z=6.54568862915039) | HR=0 bpm | IBI=0 ms | Participant=P15
1098,IBI out of range,Row 1098 | Timestamp: 1712016520349 ms | PPG(Green=2559116, Red=2559116, Ir=2559116) | ACC(X=-5.14697551727295, Y=-5.12302541732788, Z=6.60796022415161) | HR=90 bpm | IBI=0 ms | Participant=P15
1099,HeartRate out of range,Row 1099 | Timestamp: 1712016520390 ms | PPG(Green=2559931, Red=2559931, Ir=2559931) | ACC(X=-5.13021039962769, Y=-5.02482795715332, Z=6.65107107162476) | HR=0 bpm | IBI=0 ms | Participant=P15
1100,HeartRate out of range,Row 1100 | Timestamp: 1712016520430 ms | PPG(Green=2560163, Red=2560163, Ir=2560163) | ACC(X=-5.26672840118408, Y=-5.12063026428223, Z=6.55526876449585) | HR=0 bpm | IBI=0 ms | Participant=P15
1101,IBI out of range,Row 1101 | Timestamp: 1712016520470 ms | PPG(Green=2559589, Red=2559589, Ir=2559589) | ACC(X=-5.1421856880188, Y=-5.17332124710083, Z=6.65107107162476) | HR=85 bpm | IBI=0 ms | Participant=P15
1102,IBI out of range,Row 1102 | Timestamp: 1712016520510 ms | PPG(Green=2559026, Red=2559026, Ir=2559026) | ACC(X=-5.09907484054565, Y=-5.04159307479858, Z=6.60556507110596) | HR=83 bpm | IBI=0 ms | Participant=P15
1103,IBI out of range,Row 1103 | Timestamp: 1712016520550 ms | PPG(Green=2558818, Red=2558818, Ir=2558818) | ACC(X=-5.18529653549194, Y=-5.0511736869812, Z=6.57921934127808) | HR=81 bpm | IBI=0 ms | Participant=P15
1104,IBI out of range,Row 1104 | Timestamp: 1712016520591 ms | PPG(Green=2559213, Red=2559213, Ir=2559213) | ACC(X=-5.13500022888184, Y=-5.12302541732788, Z=6.5959849357605) | HR=80 bpm | IBI=0 ms | Participant=P15
1105,IBI out of range,Row 1105 | Timestamp: 1712016520631 ms | PPG(Green=2559780, Red=2559780, Ir=2559780) | ACC(X=-5.17811155319214, Y=-5.16613626480103, Z=6.58161449432373) | HR=80 bpm | IBI=0 ms | Participant=P15
1106,IBI out of range,Row 1106 | Timestamp: 1712016520671 ms | PPG(Green=2560212, Red=2560212, Ir=2560212) | ACC(X=-5.08709955215454, Y=-5.07033395767212, Z=6.62951564788818) | HR=80 bpm | IBI=0 ms | Participant=P15
1107,IBI out of range,Row 1107 | Timestamp: 1712016520711 ms | PPG(Green=2560599, Red=2560599, Ir=2560599) | ACC(X=-5.1493706703186, Y=-5.1038646697998, Z=6.57682418823242) | HR=81 bpm | IBI=0 ms | Participant=P15
1108,IBI out of range,Row 1108 | Timestamp: 1712016520751 ms | PPG(Green=2560984, Red=2560984, Ir=2560984) | ACC(X=-5.17332124710083, Y=-5.11105012893677, Z=6.57921934127808) | HR=81 bpm | IBI=0 ms | Participant=P15
1109,IBI out of range,Row 1109 | Timestamp: 1712016520792 ms | PPG(Green=2561324, Red=2561324, Ir=2561324) | ACC(X=-5.13979053497314, Y=-5.19966697692871, Z=6.57921934127808) | HR=81 bpm | IBI=0 ms | Participant=P15
1110,IBI out of range,Row 1110 | Timestamp: 1712016520831 ms | PPG(Green=2562081, Red=2562081, Ir=2562081) | ACC(X=-5.16374111175537, Y=-5.20685195922852, Z=6.48820734024048) | HR=80 bpm | IBI=0 ms | Participant=P15
1111,IBI out of range,Row 1111 | Timestamp: 1712016520872 ms | PPG(Green=2562998, Red=2562998, Ir=2562998) | ACC(X=-5.11583995819092, Y=-5.10865497589111, Z=6.59358978271484) | HR=80 bpm | IBI=0 ms | Participant=P15
1112,IBI out of range,Row 1112 | Timestamp: 1712016520912 ms | PPG(Green=2563726, Red=2563726, Ir=2563726) | ACC(X=-5.16134595870972, Y=-5.12781524658203, Z=6.70376205444336) | HR=79 bpm | IBI=0 ms | Participant=P15
1113,IBI out of range,Row 1113 | Timestamp: 1712016520952 ms | PPG(Green=2564513, Red=2564513, Ir=2564513) | ACC(X=-5.17571640014648, Y=-5.15176582336426, Z=6.52892303466797) | HR=79 bpm | IBI=0 ms | Participant=P15
1114,IBI out of range,Row 1114 | Timestamp: 1712016520993 ms | PPG(Green=2565365, Red=2565365, Ir=2565365) | ACC(X=-5.0966796875, Y=-5.1876916885376, Z=6.58879947662354) | HR=79 bpm | IBI=0 ms | Participant=P15
1115,IBI out of range,Row 1115 | Timestamp: 1712016521032 ms | PPG(Green=2566097, Red=2566097, Ir=2566097) | ACC(X=-5.15655612945557, Y=-5.13500022888184, Z=6.56963920593262) | HR=80 bpm | IBI=0 ms | Participant=P15
1116,IBI out of range,Row 1116 | Timestamp: 1712016521072 ms | PPG(Green=2566049, Red=2566049, Ir=2566049) | ACC(X=-5.15416097640991, Y=-5.11583995819092, Z=6.56724405288696) | HR=80 bpm | IBI=0 ms | Participant=P15
1117,IBI out of range,Row 1117 | Timestamp: 1712016521113 ms | PPG(Green=2565399, Red=2565399, Ir=2565399) | ACC(X=-5.1493706703186, Y=-5.05835866928101, Z=6.61035490036011) | HR=80 bpm | IBI=0 ms | Participant=P15
1118,IBI out of range,Row 1118 | Timestamp: 1712016521153 ms | PPG(Green=2564952, Red=2564952, Ir=2564952) | ACC(X=-5.07751893997192, Y=-5.1421856880188, Z=6.6031699180603) | HR=81 bpm | IBI=0 ms | Participant=P15
1119,IBI out of range,Row 1119 | Timestamp: 1712016521194 ms | PPG(Green=2564933, Red=2564933, Ir=2564933) | ACC(X=-5.23798799514771, Y=-5.1038646697998, Z=6.61275005340576) | HR=81 bpm | IBI=0 ms | Participant=P15
1120,IBI out of range,Row 1120 | Timestamp: 1712016521233 ms | PPG(Green=2565347, Red=2565347, Ir=2565347) | ACC(X=-5.09428453445435, Y=-5.11823511123657, Z=6.5959849357605) | HR=82 bpm | IBI=0 ms | Participant=P15
1121,IBI out of range,Row 1121 | Timestamp: 1712016521273 ms | PPG(Green=2566159, Red=2566159, Ir=2566159) | ACC(X=-5.19008684158325, Y=-5.17332124710083, Z=6.55047845840454) | HR=82 bpm | IBI=0 ms | Participant=P15
1122,IBI out of range,Row 1122 | Timestamp: 1712016521313 ms | PPG(Green=2566556, Red=2566556, Ir=2566556) | ACC(X=-5.19727182388306, Y=-5.07512426376343, Z=6.5576639175415) | HR=83 bpm | IBI=0 ms | Participant=P15
1123,IBI out of range,Row 1123 | Timestamp: 1712016521354 ms | PPG(Green=2566919, Red=2566919, Ir=2566919) | ACC(X=-5.19008684158325, Y=-5.11823511123657, Z=6.57682418823242) | HR=83 bpm | IBI=0 ms | Participant=P15
1124,IBI out of range,Row 1124 | Timestamp: 1712016521395 ms | PPG(Green=2567078, Red=2567078, Ir=2567078) | ACC(X=-5.13979053497314, Y=-5.06554365158081, Z=6.60556507110596) | HR=83 bpm | IBI=0 ms | Participant=P15
1125,IBI out of range,Row 1125 | Timestamp: 1712016521434 ms | PPG(Green=2567487, Red=2567487, Ir=2567487) | ACC(X=-5.10146951675415, Y=-5.14697551727295, Z=6.6031699180603) | HR=83 bpm | IBI=0 ms | Participant=P15
1126,IBI out of range,Row 1126 | Timestamp: 1712016521474 ms | PPG(Green=2568189, Red=2568189, Ir=2568189) | ACC(X=-5.15895080566406, Y=-5.13021039962769, Z=6.62712049484253) | HR=83 bpm | IBI=0 ms | Participant=P15
1127,IBI out of range,Row 1127 | Timestamp: 1712016521515 ms | PPG(Green=2568917, Red=2568917, Ir=2568917) | ACC(X=-5.11344480514526, Y=-5.15655612945557, Z=6.59119462966919) | HR=83 bpm | IBI=0 ms | Participant=P15
1128,IBI out of range,Row 1128 | Timestamp: 1712016521555 ms | PPG(Green=2569695, Red=2569695, Ir=2569695) | ACC(X=-5.18050670623779, Y=-5.07751893997192, Z=6.60556507110596) | HR=84 bpm | IBI=0 ms | Participant=P15
1129,IBI out of range,Row 1129 | Timestamp: 1712016521596 ms | PPG(Green=2570329, Red=2570329, Ir=2570329) | ACC(X=-5.1493706703186, Y=-5.12542009353638, Z=6.55047845840454) | HR=84 bpm | IBI=0 ms | Participant=P15
1130,IBI out of range,Row 1130 | Timestamp: 1712016521635 ms | PPG(Green=2571052, Red=2571052, Ir=2571052) | ACC(X=-5.15895080566406, Y=-5.02722311019897, Z=6.53610849380493) | HR=84 bpm | IBI=0 ms | Participant=P15
1131,IBI out of range,Row 1131 | Timestamp: 1712016521675 ms | PPG(Green=2571644, Red=2571644, Ir=2571644) | ACC(X=-5.1948766708374, Y=-5.13739538192749, Z=6.56005907058716) | HR=84 bpm | IBI=0 ms | Participant=P15
1132,IBI out of range,Row 1132 | Timestamp: 1712016521716 ms | PPG(Green=2571430, Red=2571430, Ir=2571430) | ACC(X=-5.12542009353638, Y=-5.07512426376343, Z=6.61754035949707) | HR=84 bpm | IBI=0 ms | Participant=P15
1133,IBI out of range,Row 1133 | Timestamp: 1712016521756 ms | PPG(Green=2570728, Red=2570728, Ir=2570728) | ACC(X=-5.15416097640991, Y=-5.15176582336426, Z=6.56724405288696) | HR=84 bpm | IBI=0 ms | Participant=P15
1134,IBI out of range,Row 1134 | Timestamp: 1712016521797 ms | PPG(Green=2570319, Red=2570319, Ir=2570319) | ACC(X=-5.18050670623779, Y=-5.06314897537231, Z=6.6031699180603) | HR=84 bpm | IBI=0 ms | Participant=P15
1135,IBI out of range,Row 1135 | Timestamp: 1712016521837 ms | PPG(Green=2570401, Red=2570401, Ir=2570401) | ACC(X=-5.19727182388306, Y=-5.07991409301758, Z=6.58161449432373) | HR=84 bpm | IBI=0 ms | Participant=P15
1136,IBI out of range,Row 1136 | Timestamp: 1712016521877 ms | PPG(Green=2570891, Red=2570891, Ir=2570891) | ACC(X=-5.1038646697998, Y=-5.13979053497314, Z=6.54568862915039) | HR=84 bpm | IBI=0 ms | Participant=P15
1137,IBI out of range,Row 1137 | Timestamp: 1712016521917 ms | PPG(Green=2571439, Red=2571439, Ir=2571439) | ACC(X=-5.17571640014648, Y=-5.12542009353638, Z=6.56005907058716) | HR=84 bpm | IBI=0 ms | Participant=P15
1138,IBI out of range,Row 1138 | Timestamp: 1712016521957 ms | PPG(Green=2571708, Red=2571708, Ir=2571708) | ACC(X=-5.10865497589111, Y=-5.09188938140869, Z=6.57203435897827) | HR=84 bpm | IBI=0 ms | Participant=P15
1139,IBI out of range,Row 1139 | Timestamp: 1712016521998 ms | PPG(Green=2571894, Red=2571894, Ir=2571894) | ACC(X=-5.19248199462891, Y=-5.06793880462646, Z=6.57921934127808) | HR=84 bpm | IBI=0 ms | Participant=P15
1140,IBI out of range,Row 1140 | Timestamp: 1712016522038 ms | PPG(Green=2572132, Red=2572132, Ir=2572132) | ACC(X=-5.08949422836304, Y=-5.15416097640991, Z=6.57682418823242) | HR=84 bpm | IBI=0 ms | Participant=P15
1141,IBI out of range,Row 1141 | Timestamp: 1712016522078 ms | PPG(Green=2572462, Red=2572462, Ir=2572462) | ACC(X=-5.12781524658203, Y=-5.07033395767212, Z=6.58161449432373) | HR=84 bpm | IBI=0 ms | Participant=P15
1142,IBI out of range,Row 1142 | Timestamp: 1712016522118 ms | PPG(Green=2572986, Red=2572986, Ir=2572986) | ACC(X=-5.17332124710083, Y=-5.12542009353638, Z=6.60556507110596) | HR=84 bpm | IBI=0 ms | Participant=P15
1143,IBI out of range,Row 1143 | Timestamp: 1712016522158 ms | PPG(Green=2573610, Red=2573610, Ir=2573610) | ACC(X=-5.14697551727295, Y=-5.16134595870972, Z=6.64628076553345) | HR=84 bpm | IBI=0 ms | Participant=P15
1144,IBI out of range,Row 1144 | Timestamp: 1712016522201 ms | PPG(Green=2574269, Red=2574269, Ir=2574269) | ACC(X=-5.18050670623779, Y=-5.15895080566406, Z=6.60077476501465) | HR=83 bpm | IBI=0 ms | Participant=P15
1145,IBI out of range,Row 1145 | Timestamp: 1712016522241 ms | PPG(Green=2574846, Red=2574846, Ir=2574846) | ACC(X=-5.15655612945557, Y=-5.11823511123657, Z=6.57682418823242) | HR=83 bpm | IBI=0 ms | Participant=P15
1146,IBI out of range,Row 1146 | Timestamp: 1712016522281 ms | PPG(Green=2575494, Red=2575494, Ir=2575494) | ACC(X=-5.14697551727295, Y=-5.13021039962769, Z=6.56724405288696) | HR=83 bpm | IBI=0 ms | Participant=P15
1147,IBI out of range,Row 1147 | Timestamp: 1712016522321 ms | PPG(Green=2575840, Red=2575840, Ir=2575840) | ACC(X=-5.19248199462891, Y=-5.12781524658203, Z=6.60556507110596) | HR=82 bpm | IBI=0 ms | Participant=P15
1148,IBI out of range,Row 1148 | Timestamp: 1712016522361 ms | PPG(Green=2575278, Red=2575278, Ir=2575278) | ACC(X=-5.10625982284546, Y=-5.1421856880188, Z=6.6031699180603) | HR=82 bpm | IBI=0 ms | Participant=P15
1149,IBI out of range,Row 1149 | Timestamp: 1712016522402 ms | PPG(Green=2574789, Red=2574789, Ir=2574789) | ACC(X=-5.20445728302002, Y=-5.13500022888184, Z=6.61514520645142) | HR=81 bpm | IBI=0 ms | Participant=P15
1150,IBI out of range,Row 1150 | Timestamp: 1712016522442 ms | PPG(Green=2574504, Red=2574504, Ir=2574504) | ACC(X=-5.14697551727295, Y=-5.06314897537231, Z=6.54808378219604) | HR=80 bpm | IBI=0 ms | Participant=P15
1151,IBI out of range,Row 1151 | Timestamp: 1712016522482 ms | PPG(Green=2574680, Red=2574680, Ir=2574680) | ACC(X=-5.23080253601074, Y=-5.13021039962769, Z=6.52413320541382) | HR=81 bpm | IBI=0 ms | Participant=P15
1152,IBI out of range,Row 1152 | Timestamp: 1712016522522 ms | PPG(Green=2575215, Red=2575215, Ir=2575215) | ACC(X=-5.13500022888184, Y=-5.08230924606323, Z=6.57203435897827) | HR=81 bpm | IBI=0 ms | Participant=P15
1153,IBI out of range,Row 1153 | Timestamp: 1712016522563 ms | PPG(Green=2575618, Red=2575618, Ir=2575618) | ACC(X=-5.24277782440186, Y=-5.12781524658203, Z=6.63430547714233) | HR=81 bpm | IBI=0 ms | Participant=P15
1154,IBI out of range,Row 1154 | Timestamp: 1712016522604 ms | PPG(Green=2575912, Red=2575912, Ir=2575912) | ACC(X=-5.10146951675415, Y=-5.1038646697998, Z=6.60796022415161) | HR=82 bpm | IBI=0 ms | Participant=P15
1155,IBI out of range,Row 1155 | Timestamp: 1712016522643 ms | PPG(Green=2576241, Red=2576241, Ir=2576241) | ACC(X=-5.11823511123657, Y=-5.13739538192749, Z=6.58640432357788) | HR=83 bpm | IBI=0 ms | Participant=P15
1156,IBI out of range,Row 1156 | Timestamp: 1712016522683 ms | PPG(Green=2576404, Red=2576404, Ir=2576404) | ACC(X=-5.11823511123657, Y=-5.0966796875, Z=6.62951564788818) | HR=83 bpm | IBI=0 ms | Participant=P15
1157,IBI out of range,Row 1157 | Timestamp: 1712016522724 ms | PPG(Green=2576909, Red=2576909, Ir=2576909) | ACC(X=-5.10146951675415, Y=-5.19248199462891, Z=6.61275005340576) | HR=83 bpm | IBI=0 ms | Participant=P15
1158,IBI out of range,Row 1158 | Timestamp: 1712016522764 ms | PPG(Green=2577471, Red=2577471, Ir=2577471) | ACC(X=-5.15416097640991, Y=-5.10865497589111, Z=6.54568862915039) | HR=83 bpm | IBI=0 ms | Participant=P15
1159,IBI out of range,Row 1159 | Timestamp: 1712016522805 ms | PPG(Green=2578179, Red=2578179, Ir=2578179) | ACC(X=-5.17092609405518, Y=-5.04398822784424, Z=6.60796022415161) | HR=84 bpm | IBI=0 ms | Participant=P15
1160,IBI out of range,Row 1160 | Timestamp: 1712016522844 ms | PPG(Green=2578756, Red=2578756, Ir=2578756) | ACC(X=-5.1948766708374, Y=-5.17571640014648, Z=6.61993551254272) | HR=85 bpm | IBI=0 ms | Participant=P15
1161,IBI out of range,Row 1161 | Timestamp: 1712016522885 ms | PPG(Green=2579618, Red=2579618, Ir=2579618) | ACC(X=-5.11105012893677, Y=-5.13979053497314, Z=6.58161449432373) | HR=85 bpm | IBI=0 ms | Participant=P15
1162,IBI out of range,Row 1162 | Timestamp: 1712016522925 ms | PPG(Green=2580361, Red=2580361, Ir=2580361) | ACC(X=-5.16613626480103, Y=-5.10625982284546, Z=6.52652788162231) | HR=85 bpm | IBI=0 ms | Participant=P15
1163,IBI out of range,Row 1163 | Timestamp: 1712016522965 ms | PPG(Green=2580225, Red=2580225, Ir=2580225) | ACC(X=-5.17332124710083, Y=-5.10146951675415, Z=6.63909578323364) | HR=86 bpm | IBI=0 ms | Participant=P15
1164,IBI out of range,Row 1164 | Timestamp: 1712016523006 ms | PPG(Green=2579525, Red=2579525, Ir=2579525) | ACC(X=-5.12063026428223, Y=-5.26433372497559, Z=6.59358978271484) | HR=88 bpm | IBI=0 ms | Participant=P15
1165,HeartRate out of range,Row 1165 | Timestamp: 1712016523046 ms | PPG(Green=2578943, Red=2578943, Ir=2578943) | ACC(X=-5.11105012893677, Y=-5.1948766708374, Z=6.56724405288696) | HR=0 bpm | IBI=0 ms | Participant=P15
1166,IBI out of range,Row 1166 | Timestamp: 1712016523086 ms | PPG(Green=2578734, Red=2578734, Ir=2578734) | ACC(X=-5.11583995819092, Y=-5.16853141784668, Z=6.63909578323364) | HR=90 bpm | IBI=0 ms | Participant=P15
1167,IBI out of range,Row 1167 | Timestamp: 1712016523126 ms | PPG(Green=2578819, Red=2578819, Ir=2578819) | ACC(X=-5.12781524658203, Y=-5.13979053497314, Z=6.56484889984131) | HR=91 bpm | IBI=0 ms | Participant=P15
1168,IBI out of range,Row 1168 | Timestamp: 1712016523166 ms | PPG(Green=2579259, Red=2579259, Ir=2579259) | ACC(X=-5.1493706703186, Y=-5.17092609405518, Z=6.53131818771362) | HR=92 bpm | IBI=0 ms | Participant=P15
1169,IBI out of range,Row 1169 | Timestamp: 1712016523208 ms | PPG(Green=2579567, Red=2579567, Ir=2579567) | ACC(X=-5.16853141784668, Y=-5.11105012893677, Z=6.50018262863159) | HR=93 bpm | IBI=0 ms | Participant=P15
1170,IBI out of range,Row 1170 | Timestamp: 1712016523248 ms | PPG(Green=2579614, Red=2579614, Ir=2579614) | ACC(X=-5.15895080566406, Y=-5.0966796875, Z=6.57442903518677) | HR=95 bpm | IBI=0 ms | Participant=P15
1171,IBI out of range,Row 1171 | Timestamp: 1712016523288 ms | PPG(Green=2579833, Red=2579833, Ir=2579833) | ACC(X=-5.14458084106445, Y=-5.08709955215454, Z=6.62951564788818) | HR=95 bpm | IBI=0 ms | Participant=P15
1172,IBI out of range,Row 1172 | Timestamp: 1712016523328 ms | PPG(Green=2579994, Red=2579994, Ir=2579994) | ACC(X=-5.08470439910889, Y=-5.18290138244629, Z=6.62233018875122) | HR=95 bpm | IBI=0 ms | Participant=P15
1173,IBI out of range,Row 1173 | Timestamp: 1712016523368 ms | PPG(Green=2580384, Red=2580384, Ir=2580384) | ACC(X=-5.11583995819092, Y=-5.19727182388306, Z=6.56245374679565) | HR=94 bpm | IBI=0 ms | Participant=P15
1174,IBI out of range,Row 1174 | Timestamp: 1712016523409 ms | PPG(Green=2580946, Red=2580946, Ir=2580946) | ACC(X=-5.04159307479858, Y=-5.15416097640991, Z=6.57203435897827) | HR=94 bpm | IBI=0 ms | Participant=P15
1175,IBI out of range,Row 1175 | Timestamp: 1712016523449 ms | PPG(Green=2581468, Red=2581468, Ir=2581468) | ACC(X=-5.20924711227417, Y=-5.08230924606323, Z=6.62472534179688) | HR=93 bpm | IBI=0 ms | Participant=P15
1176,IBI out of range,Row 1176 | Timestamp: 1712016523489 ms | PPG(Green=2582236, Red=2582236, Ir=2582236) | ACC(X=-5.11823511123657, Y=-5.22122240066528, Z=6.58640432357788) | HR=93 bpm | IBI=0 ms | Participant=P15
1177,IBI out of range,Row 1177 | Timestamp: 1712016523529 ms | PPG(Green=2582654, Red=2582654, Ir=2582654) | ACC(X=-5.11105012893677, Y=-5.18050670623779, Z=6.59119462966919) | HR=92 bpm | IBI=0 ms | Participant=P15
1178,IBI out of range,Row 1178 | Timestamp: 1712016523569 ms | PPG(Green=2583255, Red=2583255, Ir=2583255) | ACC(X=-5.13739538192749, Y=-5.14697551727295, Z=6.5528736114502) | HR=92 bpm | IBI=0 ms | Participant=P15
1179,IBI out of range,Row 1179 | Timestamp: 1712016523610 ms | PPG(Green=2583067, Red=2583067, Ir=2583067) | ACC(X=-5.0966796875, Y=-5.13739538192749, Z=6.5528736114502) | HR=91 bpm | IBI=0 ms | Participant=P15
1180,IBI out of range,Row 1180 | Timestamp: 1712016523650 ms | PPG(Green=2582217, Red=2582217, Ir=2582217) | ACC(X=-5.10625982284546, Y=-5.16613626480103, Z=6.60796022415161) | HR=91 bpm | IBI=0 ms | Participant=P15
1181,IBI out of range,Row 1181 | Timestamp: 1712016523690 ms | PPG(Green=2581482, Red=2581482, Ir=2581482) | ACC(X=-5.12542009353638, Y=-5.13260555267334, Z=6.56005907058716) | HR=91 bpm | IBI=0 ms | Participant=P15
1182,IBI out of range,Row 1182 | Timestamp: 1712016523730 ms | PPG(Green=2581104, Red=2581104, Ir=2581104) | ACC(X=-5.0966796875, Y=-5.22840785980225, Z=6.59358978271484) | HR=90 bpm | IBI=0 ms | Participant=P15
1183,IBI out of range,Row 1183 | Timestamp: 1712016523770 ms | PPG(Green=2581068, Red=2581068, Ir=2581068) | ACC(X=-5.10865497589111, Y=-5.1421856880188, Z=6.56245374679565) | HR=90 bpm | IBI=0 ms | Participant=P15
1184,IBI out of range,Row 1184 | Timestamp: 1712016523811 ms | PPG(Green=2581469, Red=2581469, Ir=2581469) | ACC(X=-5.13260555267334, Y=-5.10146951675415, Z=6.56724405288696) | HR=91 bpm | IBI=0 ms | Participant=P15
1185,IBI out of range,Row 1185 | Timestamp: 1712016523850 ms | PPG(Green=2581591, Red=2581591, Ir=2581591) | ACC(X=-5.19727182388306, Y=-5.13021039962769, Z=6.54329347610474) | HR=90 bpm | IBI=0 ms | Participant=P15
1186,IBI out of range,Row 1186 | Timestamp: 1712016523891 ms | PPG(Green=2581758, Red=2581758, Ir=2581758) | ACC(X=-5.13739538192749, Y=-5.10865497589111, Z=6.52652788162231) | HR=90 bpm | IBI=0 ms | Participant=P15
1187,IBI out of range,Row 1187 | Timestamp: 1712016523931 ms | PPG(Green=2581871, Red=2581871, Ir=2581871) | ACC(X=-5.07272911071777, Y=-5.1876916885376, Z=6.53610849380493) | HR=90 bpm | IBI=0 ms | Participant=P15
1188,IBI out of range,Row 1188 | Timestamp: 1712016523971 ms | PPG(Green=2581994, Red=2581994, Ir=2581994) | ACC(X=-5.13260555267334, Y=-5.17571640014648, Z=6.56245374679565) | HR=89 bpm | IBI=0 ms | Participant=P15
1189,IBI out of range,Row 1189 | Timestamp: 1712016524012 ms | PPG(Green=2582339, Red=2582339, Ir=2582339) | ACC(X=-5.15416097640991, Y=-5.17571640014648, Z=6.51455307006836) | HR=89 bpm | IBI=0 ms | Participant=P15
1190,IBI out of range,Row 1190 | Timestamp: 1712016524051 ms | PPG(Green=2582888, Red=2582888, Ir=2582888) | ACC(X=-5.13739538192749, Y=-5.11583995819092, Z=6.64388608932495) | HR=88 bpm | IBI=0 ms | Participant=P15
1191,IBI out of range,Row 1191 | Timestamp: 1712016524091 ms | PPG(Green=2583410, Red=2583410, Ir=2583410) | ACC(X=-5.15655612945557, Y=-5.08230924606323, Z=6.58400964736938) | HR=88 bpm | IBI=0 ms | Participant=P15
1192,IBI out of range,Row 1192 | Timestamp: 1712016524132 ms | PPG(Green=2583903, Red=2583903, Ir=2583903) | ACC(X=-5.1421856880188, Y=-5.24996328353882, Z=6.54329347610474) | HR=87 bpm | IBI=0 ms | Participant=P15
1193,IBI out of range,Row 1193 | Timestamp: 1712016524172 ms | PPG(Green=2584445, Red=2584445, Ir=2584445) | ACC(X=-5.05835866928101, Y=-5.12781524658203, Z=6.61275005340576) | HR=87 bpm | IBI=0 ms | Participant=P15
1194,IBI out of range,Row 1194 | Timestamp: 1712016524213 ms | PPG(Green=2585006, Red=2585006, Ir=2585006) | ACC(X=-5.13739538192749, Y=-5.15895080566406, Z=6.48341703414917) | HR=87 bpm | IBI=0 ms | Participant=P15
1195,IBI out of range,Row 1195 | Timestamp: 1712016524252 ms | PPG(Green=2584857, Red=2584857, Ir=2584857) | ACC(X=-5.14697551727295, Y=-5.12063026428223, Z=6.56005907058716) | HR=86 bpm | IBI=0 ms | Participant=P15
1196,IBI out of range,Row 1196 | Timestamp: 1712016524292 ms | PPG(Green=2583909, Red=2583909, Ir=2583909) | ACC(X=-5.10146951675415, Y=-5.15416097640991, Z=6.61514520645142) | HR=86 bpm | IBI=0 ms | Participant=P15
1197,IBI out of range,Row 1197 | Timestamp: 1712016524332 ms | PPG(Green=2583162, Red=2583162, Ir=2583162) | ACC(X=-5.10625982284546, Y=-5.14458084106445, Z=6.50018262863159) | HR=85 bpm | IBI=0 ms | Participant=P15
1198,IBI out of range,Row 1198 | Timestamp: 1712016524373 ms | PPG(Green=2582700, Red=2582700, Ir=2582700) | ACC(X=-5.21164226531982, Y=-5.1876916885376, Z=6.54808378219604) | HR=85 bpm | IBI=0 ms | Participant=P15
1199,IBI out of range,Row 1199 | Timestamp: 1712016524414 ms | PPG(Green=2582588, Red=2582588, Ir=2582588) | ACC(X=-5.11105012893677, Y=-5.19008684158325, Z=6.63191080093384) | HR=85 bpm | IBI=0 ms | Participant=P15
1200,IBI out of range,Row 1200 | Timestamp: 1712016524449 ms | PPG(Green=2582905, Red=2582905, Ir=2582905) | ACC(X=-5.19008684158325, Y=-5.17811155319214, Z=6.50976276397705) | HR=85 bpm | IBI=0 ms | Participant=P15
1201,IBI out of range,Row 1201 | Timestamp: 1712016524489 ms | PPG(Green=2583103, Red=2583103, Ir=2583103) | ACC(X=-5.14458084106445, Y=-5.13500022888184, Z=6.62951564788818) | HR=86 bpm | IBI=0 ms | Participant=P15
1202,IBI out of range,Row 1202 | Timestamp: 1712016524529 ms | PPG(Green=2583077, Red=2583077, Ir=2583077) | ACC(X=-5.13979053497314, Y=-5.13260555267334, Z=6.59358978271484) | HR=86 bpm | IBI=0 ms | Participant=P15
1203,IBI out of range,Row 1203 | Timestamp: 1712016524569 ms | PPG(Green=2583089, Red=2583089, Ir=2583089) | ACC(X=-5.15176582336426, Y=-5.19248199462891, Z=6.59119462966919) | HR=86 bpm | IBI=0 ms | Participant=P15
1204,IBI out of range,Row 1204 | Timestamp: 1712016524610 ms | PPG(Green=2583172, Red=2583172, Ir=2583172) | ACC(X=-5.11583995819092, Y=-5.09428453445435, Z=6.54089832305908) | HR=87 bpm | IBI=0 ms | Participant=P15
1205,IBI out of range,Row 1205 | Timestamp: 1712016524649 ms | PPG(Green=2583517, Red=2583517, Ir=2583517) | ACC(X=-5.12781524658203, Y=-5.1421856880188, Z=6.52413320541382) | HR=87 bpm | IBI=0 ms | Participant=P15
1206,IBI out of range,Row 1206 | Timestamp: 1712016524689 ms | PPG(Green=2583950, Red=2583950, Ir=2583950) | ACC(X=-5.06554365158081, Y=-5.15416097640991, Z=6.57442903518677) | HR=87 bpm | IBI=0 ms | Participant=P15
1207,IBI out of range,Row 1207 | Timestamp: 1712016524730 ms | PPG(Green=2584384, Red=2584384, Ir=2584384) | ACC(X=-5.12781524658203, Y=-5.11823511123657, Z=6.64388608932495) | HR=87 bpm | IBI=0 ms | Participant=P15
1208,IBI out of range,Row 1208 | Timestamp: 1712016524770 ms | PPG(Green=2584724, Red=2584724, Ir=2584724) | ACC(X=-5.1421856880188, Y=-5.17092609405518, Z=6.54089832305908) | HR=86 bpm | IBI=0 ms | Participant=P15
1209,IBI out of range,Row 1209 | Timestamp: 1712016524810 ms | PPG(Green=2585180, Red=2585180, Ir=2585180) | ACC(X=-5.08470439910889, Y=-5.17811155319214, Z=6.59837961196899) | HR=86 bpm | IBI=0 ms | Participant=P15
1210,IBI out of range,Row 1210 | Timestamp: 1712016524850 ms | PPG(Green=2585722, Red=2585722, Ir=2585722) | ACC(X=-5.10865497589111, Y=-5.16134595870972, Z=6.53371334075928) | HR=85 bpm | IBI=0 ms | Participant=P15
1211,IBI out of range,Row 1211 | Timestamp: 1712016524890 ms | PPG(Green=2585737, Red=2585737, Ir=2585737) | ACC(X=-5.20445728302002, Y=-5.08709955215454, Z=6.52413320541382) | HR=85 bpm | IBI=0 ms | Participant=P15
1212,IBI out of range,Row 1212 | Timestamp: 1712016524930 ms | PPG(Green=2584899, Red=2584899, Ir=2584899) | ACC(X=-5.19966697692871, Y=-5.08470439910889, Z=6.60077476501465) | HR=85 bpm | IBI=0 ms | Participant=P15
1213,IBI out of range,Row 1213 | Timestamp: 1712016524970 ms | PPG(Green=2583892, Red=2583892, Ir=2583892) | ACC(X=-5.15176582336426, Y=-5.06075382232666, Z=6.58400964736938) | HR=85 bpm | IBI=0 ms | Participant=P15
1214,IBI out of range,Row 1214 | Timestamp: 1712016525011 ms | PPG(Green=2583176, Red=2583176, Ir=2583176) | ACC(X=-5.25475311279297, Y=-5.12781524658203, Z=6.53131818771362) | HR=85 bpm | IBI=0 ms | Participant=P15
1215,IBI out of range,Row 1215 | Timestamp: 1712016525050 ms | PPG(Green=2582856, Red=2582856, Ir=2582856) | ACC(X=-5.07033395767212, Y=-5.20206212997437, Z=6.58640432357788) | HR=85 bpm | IBI=0 ms | Participant=P15
1216,IBI out of range,Row 1216 | Timestamp: 1712016525090 ms | PPG(Green=2582948, Red=2582948, Ir=2582948) | ACC(X=-5.14697551727295, Y=-5.21164226531982, Z=6.5576639175415) | HR=85 bpm | IBI=0 ms | Participant=P15
1217,IBI out of range,Row 1217 | Timestamp: 1712016525131 ms | PPG(Green=2583023, Red=2583023, Ir=2583023) | ACC(X=-5.12542009353638, Y=-5.12542009353638, Z=6.51934289932251) | HR=85 bpm | IBI=0 ms | Participant=P15
1218,IBI out of range,Row 1218 | Timestamp: 1712016525171 ms | PPG(Green=2582999, Red=2582999, Ir=2582999) | ACC(X=-5.21403741836548, Y=-5.0966796875, Z=6.54808378219604) | HR=85 bpm | IBI=0 ms | Participant=P15
1219,IBI out of range,Row 1219 | Timestamp: 1712016525212 ms | PPG(Green=2582796, Red=2582796, Ir=2582796) | ACC(X=-5.19727182388306, Y=-5.12781524658203, Z=6.58400964736938) | HR=85 bpm | IBI=0 ms | Participant=P15
1220,IBI out of range,Row 1220 | Timestamp: 1712016525251 ms | PPG(Green=2582631, Red=2582631, Ir=2582631) | ACC(X=-5.1493706703186, Y=-5.1493706703186, Z=6.51455307006836) | HR=86 bpm | IBI=0 ms | Participant=P15
1221,IBI out of range,Row 1221 | Timestamp: 1712016525291 ms | PPG(Green=2582687, Red=2582687, Ir=2582687) | ACC(X=-5.20445728302002, Y=-5.13021039962769, Z=6.54329347610474) | HR=86 bpm | IBI=0 ms | Participant=P15
1222,IBI out of range,Row 1222 | Timestamp: 1712016525331 ms | PPG(Green=2583144, Red=2583144, Ir=2583144) | ACC(X=-5.14458084106445, Y=-5.13260555267334, Z=6.52652788162231) | HR=86 bpm | IBI=0 ms | Participant=P15
1223,IBI out of range,Row 1223 | Timestamp: 1712016525371 ms | PPG(Green=2583267, Red=2583267, Ir=2583267) | ACC(X=-5.24277782440186, Y=-5.1038646697998, Z=6.62472534179688) | HR=87 bpm | IBI=0 ms | Participant=P15
1224,IBI out of range,Row 1224 | Timestamp: 1712016525412 ms | PPG(Green=2583542, Red=2583542, Ir=2583542) | ACC(X=-5.18050670623779, Y=-5.02482795715332, Z=6.57921934127808) | HR=88 bpm | IBI=0 ms | Participant=P15
1225,IBI out of range,Row 1225 | Timestamp: 1712016525451 ms | PPG(Green=2583957, Red=2583957, Ir=2583957) | ACC(X=-5.19248199462891, Y=-5.09907484054565, Z=6.54568862915039) | HR=88 bpm | IBI=0 ms | Participant=P15
1226,IBI out of range,Row 1226 | Timestamp: 1712016525492 ms | PPG(Green=2584081, Red=2584081, Ir=2584081) | ACC(X=-5.16134595870972, Y=-5.12063026428223, Z=6.48581218719482) | HR=89 bpm | IBI=0 ms | Participant=P15
1227,IBI out of range,Row 1227 | Timestamp: 1712016525532 ms | PPG(Green=2584536, Red=2584536, Ir=2584536) | ACC(X=-5.19966697692871, Y=-5.13739538192749, Z=6.51934289932251) | HR=90 bpm | IBI=0 ms | Participant=P15
1228,IBI out of range,Row 1228 | Timestamp: 1712016525572 ms | PPG(Green=2583947, Red=2583947, Ir=2583947) | ACC(X=-5.16853141784668, Y=-5.07991409301758, Z=6.51455307006836) | HR=91 bpm | IBI=0 ms | Participant=P15
1229,IBI out of range,Row 1229 | Timestamp: 1712016525613 ms | PPG(Green=2582763, Red=2582763, Ir=2582763) | ACC(X=-5.15416097640991, Y=-5.07512426376343, Z=6.54808378219604) | HR=92 bpm | IBI=0 ms | Participant=P15
1230,IBI out of range,Row 1230 | Timestamp: 1712016525652 ms | PPG(Green=2581589, Red=2581589, Ir=2581589) | ACC(X=-5.16374111175537, Y=-5.11105012893677, Z=6.5576639175415) | HR=92 bpm | IBI=0 ms | Participant=P15
1231,IBI out of range,Row 1231 | Timestamp: 1712016525692 ms | PPG(Green=2580883, Red=2580883, Ir=2580883) | ACC(X=-5.21643257141113, Y=-5.14458084106445, Z=6.6031699180603) | HR=93 bpm | IBI=0 ms | Participant=P15
1232,IBI out of range,Row 1232 | Timestamp: 1712016525732 ms | PPG(Green=2580686, Red=2580686, Ir=2580686) | ACC(X=-5.1493706703186, Y=-5.10625982284546, Z=6.50257778167725) | HR=93 bpm | IBI=0 ms | Participant=P15
1233,IBI out of range,Row 1233 | Timestamp: 1712016525772 ms | PPG(Green=2580656, Red=2580656, Ir=2580656) | ACC(X=-5.21882724761963, Y=-5.08709955215454, Z=6.5073676109314) | HR=93 bpm | IBI=0 ms | Participant=P15
1234,IBI out of range,Row 1234 | Timestamp: 1712016525813 ms | PPG(Green=2580680, Red=2580680, Ir=2580680) | ACC(X=-5.14458084106445, Y=-5.1038646697998, Z=6.59837961196899) | HR=92 bpm | IBI=0 ms | Participant=P15
1235,IBI out of range,Row 1235 | Timestamp: 1712016525852 ms | PPG(Green=2580585, Red=2580585, Ir=2580585) | ACC(X=-5.16134595870972, Y=-5.15176582336426, Z=6.55526876449585) | HR=92 bpm | IBI=0 ms | Participant=P15
1236,IBI out of range,Row 1236 | Timestamp: 1712016525892 ms | PPG(Green=2580534, Red=2580534, Ir=2580534) | ACC(X=-5.15895080566406, Y=-5.07033395767212, Z=6.51934289932251) | HR=92 bpm | IBI=0 ms | Participant=P15
1237,IBI out of range,Row 1237 | Timestamp: 1712016525933 ms | PPG(Green=2580420, Red=2580420, Ir=2580420) | ACC(X=-5.19248199462891, Y=-5.13979053497314, Z=6.57682418823242) | HR=92 bpm | IBI=0 ms | Participant=P15
1238,IBI out of range,Row 1238 | Timestamp: 1712016525973 ms | PPG(Green=2580594, Red=2580594, Ir=2580594) | ACC(X=-5.12542009353638, Y=-5.1421856880188, Z=6.51694774627686) | HR=91 bpm | IBI=0 ms | Participant=P15
1239,IBI out of range,Row 1239 | Timestamp: 1712016526013 ms | PPG(Green=2580992, Red=2580992, Ir=2580992) | ACC(X=-5.0966796875, Y=-5.04638338088989, Z=6.55526876449585) | HR=90 bpm | IBI=0 ms | Participant=P15
1240,IBI out of range,Row 1240 | Timestamp: 1712016526053 ms | PPG(Green=2581512, Red=2581512, Ir=2581512) | ACC(X=-5.24038314819336, Y=-5.02243280410767, Z=6.56005907058716) | HR=90 bpm | IBI=0 ms | Participant=P15
1241,IBI out of range,Row 1241 | Timestamp: 1712016526093 ms | PPG(Green=2582029, Red=2582029, Ir=2582029) | ACC(X=-5.15176582336426, Y=-5.17092609405518, Z=6.56724405288696) | HR=88 bpm | IBI=0 ms | Participant=P15
1242,IBI out of range,Row 1242 | Timestamp: 1712016526133 ms | PPG(Green=2582529, Red=2582529, Ir=2582529) | ACC(X=-5.15416097640991, Y=-5.17811155319214, Z=6.53371334075928) | HR=86 bpm | IBI=0 ms | Participant=P15
1243,IBI out of range,Row 1243 | Timestamp: 1712016526173 ms | PPG(Green=2582895, Red=2582895, Ir=2582895) | ACC(X=-5.12781524658203, Y=-5.17332124710083, Z=6.58879947662354) | HR=85 bpm | IBI=0 ms | Participant=P15
1244,IBI out of range,Row 1244 | Timestamp: 1712016526214 ms | PPG(Green=2582753, Red=2582753, Ir=2582753) | ACC(X=-5.10146951675415, Y=-5.15895080566406, Z=6.57203435897827) | HR=84 bpm | IBI=0 ms | Participant=P15
1245,IBI out of range,Row 1245 | Timestamp: 1712016526253 ms | PPG(Green=2581760, Red=2581760, Ir=2581760) | ACC(X=-5.16853141784668, Y=-5.25475311279297, Z=6.57921934127808) | HR=84 bpm | IBI=0 ms | Participant=P15
1246,IBI out of range,Row 1246 | Timestamp: 1712016526293 ms | PPG(Green=2580926, Red=2580926, Ir=2580926) | ACC(X=-5.08470439910889, Y=-5.13979053497314, Z=6.53850317001343) | HR=84 bpm | IBI=0 ms | Participant=P15
1247,IBI out of range,Row 1247 | Timestamp: 1712016526334 ms | PPG(Green=2580061, Red=2580061, Ir=2580061) | ACC(X=-5.08949422836304, Y=-5.19248199462891, Z=6.57921934127808) | HR=85 bpm | IBI=0 ms | Participant=P15
1248,IBI out of range,Row 1248 | Timestamp: 1712016526374 ms | PPG(Green=2579897, Red=2579897, Ir=2579897) | ACC(X=-5.08230924606323, Y=-5.23559284210205, Z=6.60556507110596) | HR=86 bpm | IBI=0 ms | Participant=P15
1249,IBI out of range,Row 1249 | Timestamp: 1712016526415 ms | PPG(Green=2580217, Red=2580217, Ir=2580217) | ACC(X=-5.09188938140869, Y=-5.1876916885376, Z=6.56245374679565) | HR=86 bpm | IBI=0 ms | Participant=P15
1250,IBI out of range,Row 1250 | Timestamp: 1712016526454 ms | PPG(Green=2580577, Red=2580577, Ir=2580577) | ACC(X=-5.13739538192749, Y=-5.15895080566406, Z=6.5576639175415) | HR=86 bpm | IBI=0 ms | Participant=P15
1251,IBI out of range,Row 1251 | Timestamp: 1712016526494 ms | PPG(Green=2580482, Red=2580482, Ir=2580482) | ACC(X=-5.14458084106445, Y=-5.1421856880188, Z=6.54568862915039) | HR=86 bpm | IBI=0 ms | Participant=P15
1252,IBI out of range,Row 1252 | Timestamp: 1712016526534 ms | PPG(Green=2580511, Red=2580511, Ir=2580511) | ACC(X=-5.06075382232666, Y=-5.1421856880188, Z=6.6031699180603) | HR=85 bpm | IBI=0 ms | Participant=P15
1253,IBI out of range,Row 1253 | Timestamp: 1712016526574 ms | PPG(Green=2580751, Red=2580751, Ir=2580751) | ACC(X=-5.08470439910889, Y=-5.13739538192749, Z=6.57682418823242) | HR=85 bpm | IBI=0 ms | Participant=P15
1254,IBI out of range,Row 1254 | Timestamp: 1712016526615 ms | PPG(Green=2581063, Red=2581063, Ir=2581063) | ACC(X=-5.16613626480103, Y=-5.17332124710083, Z=6.56724405288696) | HR=85 bpm | IBI=0 ms | Participant=P15
1255,IBI out of range,Row 1255 | Timestamp: 1712016526654 ms | PPG(Green=2581727, Red=2581727, Ir=2581727) | ACC(X=-5.14458084106445, Y=-5.17332124710083, Z=6.52413320541382) | HR=85 bpm | IBI=0 ms | Participant=P15
1256,IBI out of range,Row 1256 | Timestamp: 1712016526695 ms | PPG(Green=2582220, Red=2582220, Ir=2582220) | ACC(X=-5.12063026428223, Y=-5.13979053497314, Z=6.60077476501465) | HR=85 bpm | IBI=0 ms | Participant=P15
1257,IBI out of range,Row 1257 | Timestamp: 1712016526735 ms | PPG(Green=2582732, Red=2582732, Ir=2582732) | ACC(X=-5.12063026428223, Y=-5.13979053497314, Z=6.50497245788574) | HR=86 bpm | IBI=0 ms | Participant=P15
1258,IBI out of range,Row 1258 | Timestamp: 1712016526775 ms | PPG(Green=2583325, Red=2583325, Ir=2583325) | ACC(X=-5.13500022888184, Y=-5.15176582336426, Z=6.56724405288696) | HR=86 bpm | IBI=0 ms | Participant=P15
1259,IBI out of range,Row 1259 | Timestamp: 1712016526816 ms | PPG(Green=2583867, Red=2583867, Ir=2583867) | ACC(X=-5.13500022888184, Y=-5.17332124710083, Z=6.59358978271484) | HR=87 bpm | IBI=0 ms | Participant=P15
1260,IBI out of range,Row 1260 | Timestamp: 1712016526855 ms | PPG(Green=2584125, Red=2584125, Ir=2584125) | ACC(X=-5.18050670623779, Y=-5.20206212997437, Z=6.50497245788574) | HR=87 bpm | IBI=0 ms | Participant=P15
1261,IBI out of range,Row 1261 | Timestamp: 1712016526895 ms | PPG(Green=2583349, Red=2583349, Ir=2583349) | ACC(X=-5.10625982284546, Y=-5.13979053497314, Z=6.63909578323364) | HR=87 bpm | IBI=0 ms | Participant=P15
1262,IBI out of range,Row 1262 | Timestamp: 1712016526935 ms | PPG(Green=2582309, Red=2582309, Ir=2582309) | ACC(X=-5.06554365158081, Y=-5.15655612945557, Z=6.5528736114502) | HR=87 bpm | IBI=0 ms | Participant=P15
1263,IBI out of range,Row 1263 | Timestamp: 1712016526975 ms | PPG(Green=2581390, Red=2581390, Ir=2581390) | ACC(X=-5.16374111175537, Y=-5.21643257141113, Z=6.53610849380493) | HR=87 bpm | IBI=0 ms | Participant=P15
1264,IBI out of range,Row 1264 | Timestamp: 1712016527016 ms | PPG(Green=2580999, Red=2580999, Ir=2580999) | ACC(X=-5.14458084106445, Y=-5.16374111175537, Z=6.57921934127808) | HR=87 bpm | IBI=0 ms | Participant=P15
1265,IBI out of range,Row 1265 | Timestamp: 1712016527056 ms | PPG(Green=2580826, Red=2580826, Ir=2580826) | ACC(X=-5.14458084106445, Y=-5.21643257141113, Z=6.54089832305908) | HR=86 bpm | IBI=0 ms | Participant=P15
1266,IBI out of range,Row 1266 | Timestamp: 1712016527095 ms | PPG(Green=2581037, Red=2581037, Ir=2581037) | ACC(X=-5.1948766708374, Y=-5.2331976890564, Z=6.6031699180603) | HR=86 bpm | IBI=0 ms | Participant=P15
1267,IBI out of range,Row 1267 | Timestamp: 1712016527136 ms | PPG(Green=2580896, Red=2580896, Ir=2580896) | ACC(X=-5.15655612945557, Y=-5.19966697692871, Z=6.54568862915039) | HR=87 bpm | IBI=0 ms | Participant=P15
1268,IBI out of range,Row 1268 | Timestamp: 1712016527176 ms | PPG(Green=2580916, Red=2580916, Ir=2580916) | ACC(X=-5.17332124710083, Y=-5.1038646697998, Z=6.44988632202148) | HR=87 bpm | IBI=0 ms | Participant=P15
1269,IBI out of range,Row 1269 | Timestamp: 1712016527217 ms | PPG(Green=2580968, Red=2580968, Ir=2580968) | ACC(X=-5.02482795715332, Y=-5.00566720962524, Z=6.44749116897583) | HR=88 bpm | IBI=0 ms | Participant=P15
1270,IBI out of range,Row 1270 | Timestamp: 1712016527256 ms | PPG(Green=2581144, Red=2581144, Ir=2581144) | ACC(X=-4.99848222732544, Y=-5.32660484313965, Z=6.6941819190979) | HR=89 bpm | IBI=0 ms | Participant=P15
1271,IBI out of range,Row 1271 | Timestamp: 1712016527296 ms | PPG(Green=2581284, Red=2581284, Ir=2581284) | ACC(X=-4.8715443611145, Y=-5.30504941940308, Z=6.59358978271484) | HR=89 bpm | IBI=0 ms | Participant=P15
1272,IBI out of range,Row 1272 | Timestamp: 1712016527336 ms | PPG(Green=2581503, Red=2581503, Ir=2581503) | ACC(X=-4.80687761306763, Y=-5.5541353225708, Z=6.92171239852905) | HR=90 bpm | IBI=0 ms | Participant=P15
1273,IBI out of range,Row 1273 | Timestamp: 1712016527376 ms | PPG(Green=2581934, Red=2581934, Ir=2581934) | ACC(X=-5.13979053497314, Y=-5.25954341888428, Z=6.71334266662598) | HR=91 bpm | IBI=0 ms | Participant=P15
1274,IBI out of range,Row 1274 | Timestamp: 1712016527417 ms | PPG(Green=2582601, Red=2582601, Ir=2582601) | ACC(X=-5.48707389831543, Y=-5.17811155319214, Z=6.17206001281738) | HR=92 bpm | IBI=0 ms | Participant=P15
1275,IBI out of range,Row 1275 | Timestamp: 1712016527457 ms | PPG(Green=2583608, Red=2583608, Ir=2583608) | ACC(X=-5.48946857452393, Y=-5.02003765106201, Z=6.16487455368042) | HR=92 bpm | IBI=0 ms | Participant=P15
1276,IBI out of range,Row 1276 | Timestamp: 1712016527497 ms | PPG(Green=2584716, Red=2584716, Ir=2584716) | ACC(X=-5.29786443710327, Y=-4.98650693893433, Z=6.22714614868164) | HR=93 bpm | IBI=0 ms | Participant=P15
1277,IBI out of range,Row 1277 | Timestamp: 1712016527537 ms | PPG(Green=2584695, Red=2584695, Ir=2584695) | ACC(X=-5.15895080566406, Y=-4.86196422576904, Z=6.61035490036011) | HR=94 bpm | IBI=0 ms | Participant=P15
1278,IBI out of range,Row 1278 | Timestamp: 1712016527577 ms | PPG(Green=2582575, Red=2582575, Ir=2582575) | ACC(X=-4.67275476455688, Y=-5.31702470779419, Z=7.27378559112549) | HR=94 bpm | IBI=0 ms | Participant=P15
1279,IBI out of range,Row 1279 | Timestamp: 1712016527618 ms | PPG(Green=2579551, Red=2579551, Ir=2579551) | ACC(X=-4.54342174530029, Y=-5.57569074630737, Z=7.24504518508911) | HR=94 bpm | IBI=0 ms | Participant=P15
1280,IBI out of range,Row 1280 | Timestamp: 1712016527657 ms | PPG(Green=2577977, Red=2577977, Ir=2577977) | ACC(X=-4.93381595611572, Y=-5.26912355422974, Z=6.42593574523926) | HR=94 bpm | IBI=0 ms | Participant=P15
1281,IBI out of range,Row 1281 | Timestamp: 1712016527697 ms | PPG(Green=2578621, Red=2578621, Ir=2578621) | ACC(X=-5.3673210144043, Y=-5.03440809249878, Z=5.99961566925049) | HR=93 bpm | IBI=0 ms | Participant=P15
1282,IBI out of range,Row 1282 | Timestamp: 1712016527738 ms | PPG(Green=2581065, Red=2581065, Ir=2581065) | ACC(X=-5.64754247665405, Y=-4.95058107376099, Z=6.13134384155273) | HR=93 bpm | IBI=0 ms | Participant=P15
1283,IBI out of range,Row 1283 | Timestamp: 1712016527778 ms | PPG(Green=2583121, Red=2583121, Ir=2583121) | ACC(X=-5.2834939956665, Y=-4.94818592071533, Z=6.58879947662354) | HR=92 bpm | IBI=0 ms | Participant=P15
1284,IBI out of range,Row 1284 | Timestamp: 1712016527818 ms | PPG(Green=2583612, Red=2583612, Ir=2583612) | ACC(X=-4.93621063232422, Y=-5.16613626480103, Z=6.90255212783813) | HR=92 bpm | IBI=0 ms | Participant=P15
1285,IBI out of range,Row 1285 | Timestamp: 1712016527858 ms | PPG(Green=2582350, Red=2582350, Ir=2582350) | ACC(X=-4.73981618881226, Y=-5.31941986083984, Z=6.97679853439331) | HR=80 bpm | IBI=0 ms | Participant=P15
1286,IBI out of range,Row 1286 | Timestamp: 1712016527898 ms | PPG(Green=2581402, Red=2581402, Ir=2581402) | ACC(X=-4.89549493789673, Y=-5.35774087905884, Z=6.53371334075928) | HR=79 bpm | IBI=0 ms | Participant=P15
1287,IBI out of range,Row 1287 | Timestamp: 1712016527938 ms | PPG(Green=2581830, Red=2581830, Ir=2581830) | ACC(X=-5.07272911071777, Y=-5.33618497848511, Z=6.16966485977173) | HR=80 bpm | IBI=0 ms | Participant=P15
1288,IBI out of range,Row 1288 | Timestamp: 1712016527978 ms | PPG(Green=2583725, Red=2583725, Ir=2583725) | ACC(X=-5.26912355422974, Y=-5.13979053497314, Z=6.49539232254028) | HR=80 bpm | IBI=0 ms | Participant=P15
1289,IBI out of range,Row 1289 | Timestamp: 1712016528019 ms | PPG(Green=2585623, Red=2585623, Ir=2585623) | ACC(X=-5.22840785980225, Y=-5.06793880462646, Z=6.62472534179688) | HR=80 bpm | IBI=0 ms | Participant=P15
1290,IBI out of range,Row 1290 | Timestamp: 1712016528059 ms | PPG(Green=2586323, Red=2586323, Ir=2586323) | ACC(X=-5.1421856880188, Y=-5.01764249801636, Z=6.76363849639893) | HR=82 bpm | IBI=0 ms | Participant=P15
1291,IBI out of range,Row 1291 | Timestamp: 1712016528099 ms | PPG(Green=2586450, Red=2586450, Ir=2586450) | ACC(X=-5.10865497589111, Y=-5.22601270675659, Z=6.62472534179688) | HR=82 bpm | IBI=0 ms | Participant=P15
1292,IBI out of range,Row 1292 | Timestamp: 1712016528139 ms | PPG(Green=2586469, Red=2586469, Ir=2586469) | ACC(X=-4.96016120910645, Y=-5.37211084365845, Z=6.51455307006836) | HR=83 bpm | IBI=0 ms | Participant=P15
1293,IBI out of range,Row 1293 | Timestamp: 1712016528179 ms | PPG(Green=2587363, Red=2587363, Ir=2587363) | ACC(X=-4.91944551467896, Y=-5.38408613204956, Z=6.48581218719482) | HR=86 bpm | IBI=0 ms | Participant=P15
1294,HeartRate out of range,Row 1294 | Timestamp: 1712016528220 ms | PPG(Green=2588455, Red=2588455, Ir=2588455) | ACC(X=-5.07751893997192, Y=-5.30744457244873, Z=6.49060249328613) | HR=0 bpm | IBI=0 ms | Participant=P15
1295,IBI out of range,Row 1295 | Timestamp: 1712016528259 ms | PPG(Green=2588418, Red=2588418, Ir=2588418) | ACC(X=-5.15416097640991, Y=-5.06314897537231, Z=6.63191080093384) | HR=89 bpm | IBI=0 ms | Participant=P15
1296,HeartRate out of range,Row 1296 | Timestamp: 1712016528299 ms | PPG(Green=2587551, Red=2587551, Ir=2587551) | ACC(X=-5.09907484054565, Y=-5.10865497589111, Z=6.65107107162476) | HR=0 bpm | IBI=0 ms | Participant=P15
1297,IBI out of range,Row 1297 | Timestamp: 1712016528340 ms | PPG(Green=2586711, Red=2586711, Ir=2586711) | ACC(X=-5.06075382232666, Y=-5.11105012893677, Z=6.53371334075928) | HR=90 bpm | IBI=0 ms | Participant=P15
1298,IBI out of range,Row 1298 | Timestamp: 1712016528380 ms | PPG(Green=2586333, Red=2586333, Ir=2586333) | ACC(X=-5.00087738037109, Y=-5.37690114974976, Z=6.60077476501465) | HR=90 bpm | IBI=0 ms | Participant=P15
1299,IBI out of range,Row 1299 | Timestamp: 1712016528420 ms | PPG(Green=2586599, Red=2586599, Ir=2586599) | ACC(X=-4.99369192123413, Y=-5.1948766708374, Z=6.53131818771362) | HR=90 bpm | IBI=0 ms | Participant=P15
1300,IBI out of range,Row 1300 | Timestamp: 1712016528460 ms | PPG(Green=2587028, Red=2587028, Ir=2587028) | ACC(X=-5.11823511123657, Y=-5.21882724761963, Z=6.59358978271484) | HR=90 bpm | IBI=0 ms | Participant=P15
1301,IBI out of range,Row 1301 | Timestamp: 1712016528500 ms | PPG(Green=2587355, Red=2587355, Ir=2587355) | ACC(X=-5.15416097640991, Y=-5.13739538192749, Z=6.62472534179688) | HR=90 bpm | IBI=0 ms | Participant=P15
1302,IBI out of range,Row 1302 | Timestamp: 1712016528540 ms | PPG(Green=2587496, Red=2587496, Ir=2587496) | ACC(X=-5.13739538192749, Y=-5.12063026428223, Z=6.5528736114502) | HR=89 bpm | IBI=0 ms | Participant=P15
1303,IBI out of range,Row 1303 | Timestamp: 1712016528580 ms | PPG(Green=2587705, Red=2587705, Ir=2587705) | ACC(X=-5.0966796875, Y=-5.26912355422974, Z=6.52892303466797) | HR=89 bpm | IBI=0 ms | Participant=P15
1304,IBI out of range,Row 1304 | Timestamp: 1712016528621 ms | PPG(Green=2588030, Red=2588030, Ir=2588030) | ACC(X=-5.04877853393555, Y=-5.36492586135864, Z=6.53610849380493) | HR=88 bpm | IBI=0 ms | Participant=P15
1305,IBI out of range,Row 1305 | Timestamp: 1712016528661 ms | PPG(Green=2588608, Red=2588608, Ir=2588608) | ACC(X=-5.08230924606323, Y=-5.22601270675659, Z=6.5528736114502) | HR=88 bpm | IBI=0 ms | Participant=P15
1306,IBI out of range,Row 1306 | Timestamp: 1712016528701 ms | PPG(Green=2589330, Red=2589330, Ir=2589330) | ACC(X=-5.09188938140869, Y=-5.18050670623779, Z=6.56005907058716) | HR=88 bpm | IBI=0 ms | Participant=P15
1307,IBI out of range,Row 1307 | Timestamp: 1712016528741 ms | PPG(Green=2590018, Red=2590018, Ir=2590018) | ACC(X=-5.12781524658203, Y=-5.20445728302002, Z=6.57442903518677) | HR=87 bpm | IBI=0 ms | Participant=P15
1308,IBI out of range,Row 1308 | Timestamp: 1712016528781 ms | PPG(Green=2590613, Red=2590613, Ir=2590613) | ACC(X=-5.08230924606323, Y=-5.14458084106445, Z=6.59358978271484) | HR=87 bpm | IBI=0 ms | Participant=P15
1309,IBI out of range,Row 1309 | Timestamp: 1712016528822 ms | PPG(Green=2591111, Red=2591111, Ir=2591111) | ACC(X=-5.08470439910889, Y=-5.24996328353882, Z=6.50497245788574) | HR=87 bpm | IBI=0 ms | Participant=P15
1310,IBI out of range,Row 1310 | Timestamp: 1712016528861 ms | PPG(Green=2591808, Red=2591808, Ir=2591808) | ACC(X=-5.08949422836304, Y=-5.23559284210205, Z=6.55526876449585) | HR=87 bpm | IBI=0 ms | Participant=P15
1311,IBI out of range,Row 1311 | Timestamp: 1712016528902 ms | PPG(Green=2592440, Red=2592440, Ir=2592440) | ACC(X=-5.04638338088989, Y=-5.29546928405762, Z=6.54568862915039) | HR=88 bpm | IBI=0 ms | Participant=P15
1312,IBI out of range,Row 1312 | Timestamp: 1712016528942 ms | PPG(Green=2593102, Red=2593102, Ir=2593102) | ACC(X=-5.19966697692871, Y=-5.19008684158325, Z=6.58161449432373) | HR=88 bpm | IBI=0 ms | Participant=P15
1313,IBI out of range,Row 1313 | Timestamp: 1712016528982 ms | PPG(Green=2592694, Red=2592694, Ir=2592694) | ACC(X=-5.04398822784424, Y=-5.21403741836548, Z=6.54089832305908) | HR=87 bpm | IBI=0 ms | Participant=P15
1314,IBI out of range,Row 1314 | Timestamp: 1712016529023 ms | PPG(Green=2592083, Red=2592083, Ir=2592083) | ACC(X=-5.04638338088989, Y=-5.16853141784668, Z=6.56005907058716) | HR=86 bpm | IBI=0 ms | Participant=P15
1315,IBI out of range,Row 1315 | Timestamp: 1712016529062 ms | PPG(Green=2591287, Red=2591287, Ir=2591287) | ACC(X=-5.15655612945557, Y=-5.20685195922852, Z=6.54089832305908) | HR=87 bpm | IBI=0 ms | Participant=P15
1316,IBI out of range,Row 1316 | Timestamp: 1712016529102 ms | PPG(Green=2591014, Red=2591014, Ir=2591014) | ACC(X=-5.14697551727295, Y=-5.17571640014648, Z=6.45946645736694) | HR=88 bpm | IBI=0 ms | Participant=P15
1317,IBI out of range,Row 1317 | Timestamp: 1712016529142 ms | PPG(Green=2591247, Red=2591247, Ir=2591247) | ACC(X=-5.13500022888184, Y=-5.1948766708374, Z=6.5073676109314) | HR=87 bpm | IBI=0 ms | Participant=P15
1318,IBI out of range,Row 1318 | Timestamp: 1712016529182 ms | PPG(Green=2591558, Red=2591558, Ir=2591558) | ACC(X=-5.20206212997437, Y=-5.18290138244629, Z=6.52413320541382) | HR=89 bpm | IBI=0 ms | Participant=P15
1319,IBI out of range,Row 1319 | Timestamp: 1712016529223 ms | PPG(Green=2591681, Red=2591681, Ir=2591681) | ACC(X=-5.08709955215454, Y=-5.1421856880188, Z=6.50976276397705) | HR=92 bpm | IBI=0 ms | Participant=P15
1320,HeartRate out of range,Row 1320 | Timestamp: 1712016529263 ms | PPG(Green=2591722, Red=2591722, Ir=2591722) | ACC(X=-5.12542009353638, Y=-5.17811155319214, Z=6.54568862915039) | HR=0 bpm | IBI=0 ms | Participant=P15
1321,IBI out of range,Row 1321 | Timestamp: 1712016529303 ms | PPG(Green=2591504, Red=2591504, Ir=2591504) | ACC(X=-5.1493706703186, Y=-5.19727182388306, Z=6.54808378219604) | HR=96 bpm | IBI=0 ms | Participant=P15
1322,IBI out of range,Row 1322 | Timestamp: 1712016529343 ms | PPG(Green=2591733, Red=2591733, Ir=2591733) | ACC(X=-5.0511736869812, Y=-5.21882724761963, Z=6.51215791702271) | HR=94 bpm | IBI=0 ms | Participant=P15
1323,IBI out of range,Row 1323 | Timestamp: 1712016529383 ms | PPG(Green=2592025, Red=2592025, Ir=2592025) | ACC(X=-5.07751893997192, Y=-5.18290138244629, Z=6.51455307006836) | HR=93 bpm | IBI=0 ms | Participant=P15
1324,IBI out of range,Row 1324 | Timestamp: 1712016529424 ms | PPG(Green=2592707, Red=2592707, Ir=2592707) | ACC(X=-5.11344480514526, Y=-5.15895080566406, Z=6.54568862915039) | HR=92 bpm | IBI=0 ms | Participant=P15
1325,IBI out of range,Row 1325 | Timestamp: 1712016529463 ms | PPG(Green=2593341, Red=2593341, Ir=2593341) | ACC(X=-5.12781524658203, Y=-5.13500022888184, Z=6.5576639175415) | HR=91 bpm | IBI=0 ms | Participant=P15
1326,IBI out of range,Row 1326 | Timestamp: 1712016529503 ms | PPG(Green=2593779, Red=2593779, Ir=2593779) | ACC(X=-5.17811155319214, Y=-5.22122240066528, Z=6.59358978271484) | HR=89 bpm | IBI=0 ms | Participant=P15
1327,IBI out of range,Row 1327 | Timestamp: 1712016529543 ms | PPG(Green=2594381, Red=2594381, Ir=2594381) | ACC(X=-5.07991409301758, Y=-5.19966697692871, Z=6.47862720489502) | HR=88 bpm | IBI=0 ms | Participant=P15
1328,IBI out of range,Row 1328 | Timestamp: 1712016529584 ms | PPG(Green=2594972, Red=2594972, Ir=2594972) | ACC(X=-5.10625982284546, Y=-5.17092609405518, Z=6.54568862915039) | HR=86 bpm | IBI=0 ms | Participant=P15
1329,IBI out of range,Row 1329 | Timestamp: 1712016529624 ms | PPG(Green=2595129, Red=2595129, Ir=2595129) | ACC(X=-5.13739538192749, Y=-5.26672840118408, Z=6.51455307006836) | HR=84 bpm | IBI=0 ms | Participant=P15
1330,IBI out of range,Row 1330 | Timestamp: 1712016529664 ms | PPG(Green=2594409, Red=2594409, Ir=2594409) | ACC(X=-5.10625982284546, Y=-5.17571640014648, Z=6.61275005340576) | HR=83 bpm | IBI=0 ms | Participant=P15
1331,IBI out of range,Row 1331 | Timestamp: 1712016529704 ms | PPG(Green=2593718, Red=2593718, Ir=2593718) | ACC(X=-5.22361755371094, Y=-5.17811155319214, Z=6.49299716949463) | HR=82 bpm | IBI=0 ms | Participant=P15
1332,IBI out of range,Row 1332 | Timestamp: 1712016529744 ms | PPG(Green=2593059, Red=2593059, Ir=2593059) | ACC(X=-5.33858013153076, Y=-5.20924711227417, Z=6.59837961196899) | HR=81 bpm | IBI=0 ms | Participant=P15
1333,IBI out of range,Row 1333 | Timestamp: 1712016529784 ms | PPG(Green=2593147, Red=2593147, Ir=2593147) | ACC(X=-5.31941986083984, Y=-5.13979053497314, Z=6.79237937927246) | HR=80 bpm | IBI=0 ms | Participant=P15
1334,IBI out of range,Row 1334 | Timestamp: 1712016529825 ms | PPG(Green=2593329, Red=2593329, Ir=2593329) | ACC(X=-5.14458084106445, Y=-4.96734666824341, Z=6.73489809036255) | HR=81 bpm | IBI=0 ms | Participant=P15
1335,IBI out of range,Row 1335 | Timestamp: 1712016529864 ms | PPG(Green=2593351, Red=2593351, Ir=2593351) | ACC(X=-5.07751893997192, Y=-5.18290138244629, Z=6.56484889984131) | HR=82 bpm | IBI=0 ms | Participant=P15
1336,IBI out of range,Row 1336 | Timestamp: 1712016529904 ms | PPG(Green=2593122, Red=2593122, Ir=2593122) | ACC(X=-5.27391386032104, Y=-5.5541353225708, Z=7.11571216583252) | HR=84 bpm | IBI=0 ms | Participant=P15
1337,IBI out of range,Row 1337 | Timestamp: 1712016529944 ms | PPG(Green=2592694, Red=2592694, Ir=2592694) | ACC(X=-4.66077947616577, Y=-5.23559284210205, Z=6.50976276397705) | HR=85 bpm | IBI=0 ms | Participant=P15
1338,IBI out of range,Row 1338 | Timestamp: 1712016529984 ms | PPG(Green=2589955, Red=2589955, Ir=2589955) | ACC(X=-4.56018686294556, Y=-4.76855707168579, Z=7.26899576187134) | HR=85 bpm | IBI=0 ms | Participant=P15
1339,IBI out of range,Row 1339 | Timestamp: 1712016530025 ms | PPG(Green=2585485, Red=2585485, Ir=2585485) | ACC(X=-4.45240926742554, Y=-5.04877853393555, Z=6.98877382278442) | HR=84 bpm | IBI=0 ms | Participant=P15
1340,IBI out of range,Row 1340 | Timestamp: 1712016530065 ms | PPG(Green=2577046, Red=2577046, Ir=2577046) | ACC(X=-4.31828641891479, Y=-4.93142080307007, Z=6.93847799301147) | HR=84 bpm | IBI=0 ms | Participant=P15
1341,IBI out of range,Row 1341 | Timestamp: 1712016530105 ms | PPG(Green=2567630, Red=2567630, Ir=2567630) | ACC(X=-4.51707601547241, Y=-4.66796445846558, Z=6.8283052444458) | HR=84 bpm | IBI=0 ms | Participant=P15
1342,IBI out of range,Row 1342 | Timestamp: 1712016530145 ms | PPG(Green=2558245, Red=2558245, Ir=2558245) | ACC(X=-4.41169357299805, Y=-4.23206424713135, Z=6.90494680404663) | HR=84 bpm | IBI=0 ms | Participant=P15
1343,IBI out of range,Row 1343 | Timestamp: 1712016530185 ms | PPG(Green=2548062, Red=2548062, Ir=2548062) | ACC(X=-4.96016120910645, Y=-4.79250764846802, Z=7.09415626525879) | HR=84 bpm | IBI=0 ms | Participant=P15
1344,IBI out of range,Row 1344 | Timestamp: 1712016530226 ms | PPG(Green=2536021, Red=2536021, Ir=2536021) | ACC(X=-5.10865497589111, Y=-4.85956907272339, Z=7.07499599456787) | HR=83 bpm | IBI=0 ms | Participant=P15
1345,IBI out of range,Row 1345 | Timestamp: 1712016530265 ms | PPG(Green=2524989, Red=2524989, Ir=2524989) | ACC(X=-5.39845657348633, Y=-4.59371757507324, Z=6.92889738082886) | HR=82 bpm | IBI=0 ms | Participant=P15
1346,IBI out of range,Row 1346 | Timestamp: 1712016530306 ms | PPG(Green=2515271, Red=2515271, Ir=2515271) | ACC(X=-5.55892562866211, Y=-4.73502588272095, Z=6.65107107162476) | HR=82 bpm | IBI=0 ms | Participant=P15
1347,IBI out of range,Row 1347 | Timestamp: 1712016530346 ms | PPG(Green=2504391, Red=2504391, Ir=2504391) | ACC(X=-5.76729536056519, Y=-4.56497716903687, Z=6.59119462966919) | HR=81 bpm | IBI=0 ms | Participant=P15
1348,IBI out of range,Row 1348 | Timestamp: 1712016530386 ms | PPG(Green=2486687, Red=2486687, Ir=2486687) | ACC(X=-5.84154224395752, Y=-4.56497716903687, Z=6.2822322845459) | HR=80 bpm | IBI=0 ms | Participant=P15
1349,IBI out of range,Row 1349 | Timestamp: 1712016530427 ms | PPG(Green=2467679, Red=2467679, Ir=2467679) | ACC(X=-6.04751682281494, Y=-4.4140887260437, Z=6.42114543914795) | HR=79 bpm | IBI=0 ms | Participant=P15
1350,IBI out of range,Row 1350 | Timestamp: 1712016530468 ms | PPG(Green=2455020, Red=2455020, Ir=2455020) | ACC(X=-6.16008472442627, Y=-4.53863143920898, Z=6.7372932434082) | HR=79 bpm | IBI=0 ms | Participant=P15
1351,IBI out of range,Row 1351 | Timestamp: 1712016530508 ms | PPG(Green=2445260, Red=2445260, Ir=2445260) | ACC(X=-6.10739326477051, Y=-4.49791574478149, Z=6.78040409088135) | HR=78 bpm | IBI=0 ms | Participant=P15
1352,IBI out of range,Row 1352 | Timestamp: 1712016530548 ms | PPG(Green=2436234, Red=2436234, Ir=2436234) | ACC(X=-6.13613414764404, Y=-4.36139726638794, Z=6.83309507369995) | HR=77 bpm | IBI=0 ms | Participant=P15
1353,IBI out of range,Row 1353 | Timestamp: 1712016530589 ms | PPG(Green=2427412, Red=2427412, Ir=2427412) | ACC(X=-6.1457142829895, Y=-4.01411437988281, Z=7.00074911117554) | HR=77 bpm | IBI=0 ms | Participant=P15
1354,IBI out of range,Row 1354 | Timestamp: 1712016530629 ms | PPG(Green=2418189, Red=2418189, Ir=2418189) | ACC(X=-6.27504730224609, Y=-3.75544810295105, Z=7.22348928451538) | HR=77 bpm | IBI=0 ms | Participant=P15
1355,IBI out of range,Row 1355 | Timestamp: 1712016530669 ms | PPG(Green=2408948, Red=2408948, Ir=2408948) | ACC(X=-6.30378770828247, Y=-3.616534948349, Z=7.04625511169434) | HR=77 bpm | IBI=0 ms | Participant=P15
1356,IBI out of range,Row 1356 | Timestamp: 1712016530709 ms | PPG(Green=2401061, Red=2401061, Ir=2401061) | ACC(X=-6.26067686080933, Y=-3.86083054542542, Z=7.20672416687012) | HR=78 bpm | IBI=0 ms | Participant=P15
1357,IBI out of range,Row 1357 | Timestamp: 1712016530749 ms | PPG(Green=2394288, Red=2394288, Ir=2394288) | ACC(X=-6.4235405921936, Y=-3.86562061309815, Z=7.43664932250977) | HR=78 bpm | IBI=0 ms | Participant=P15
1358,IBI out of range,Row 1358 | Timestamp: 1712016530790 ms | PPG(Green=2389026, Red=2389026, Ir=2389026) | ACC(X=-6.07625770568848, Y=-3.74347281455994, Z=7.19235372543335) | HR=78 bpm | IBI=0 ms | Participant=P15
1359,IBI out of range,Row 1359 | Timestamp: 1712016530831 ms | PPG(Green=2384426, Red=2384426, Ir=2384426) | ACC(X=-5.59724617004395, Y=-2.99382019042969, Z=6.64388608932495) | HR=78 bpm | IBI=0 ms | Participant=P15
1360,IBI out of range,Row 1360 | Timestamp: 1712016530870 ms | PPG(Green=2381081, Red=2381081, Ir=2381081) | ACC(X=-6.02356624603271, Y=-3.6237199306488, Z=7.11331701278687) | HR=79 bpm | IBI=0 ms | Participant=P15
1361,IBI out of range,Row 1361 | Timestamp: 1712016530910 ms | PPG(Green=2379664, Red=2379664, Ir=2379664) | ACC(X=-5.72178936004639, Y=-3.60934972763062, Z=6.85944080352783) | HR=79 bpm | IBI=0 ms | Participant=P15
1362,IBI out of range,Row 1362 | Timestamp: 1712016530950 ms | PPG(Green=2378978, Red=2378978, Ir=2378978) | ACC(X=-5.62119674682617, Y=-2.960289478302, Z=6.42833089828491) | HR=80 bpm | IBI=0 ms | Participant=P15
1363,IBI out of range,Row 1363 | Timestamp: 1712016530991 ms | PPG(Green=2379017, Red=2379017, Ir=2379017) | ACC(X=-5.6451473236084, Y=-2.55312991142273, Z=6.36366415023804) | HR=80 bpm | IBI=0 ms | Participant=P15
1364,IBI out of range,Row 1364 | Timestamp: 1712016531032 ms | PPG(Green=2380621, Red=2380621, Ir=2380621) | ACC(X=-5.36492586135864, Y=-2.46211767196655, Z=5.97806024551392) | HR=80 bpm | IBI=0 ms | Participant=P15
1365,IBI out of range,Row 1365 | Timestamp: 1712016531071 ms | PPG(Green=2381537, Red=2381537, Ir=2381537) | ACC(X=-5.33379030227661, Y=-2.3687105178833, Z=5.75052976608276) | HR=81 bpm | IBI=0 ms | Participant=P15
1366,IBI out of range,Row 1366 | Timestamp: 1712016531111 ms | PPG(Green=2381789, Red=2381789, Ir=2381789) | ACC(X=-5.22601270675659, Y=-2.754314661026, Z=6.45228147506714) | HR=81 bpm | IBI=0 ms | Participant=P15
1367,IBI out of range,Row 1367 | Timestamp: 1712016531152 ms | PPG(Green=2382724, Red=2382724, Ir=2382724) | ACC(X=-4.75418663024902, Y=-2.57708048820496, Z=7.10852670669556) | HR=81 bpm | IBI=0 ms | Participant=P15
1368,IBI out of range,Row 1368 | Timestamp: 1712016531192 ms | PPG(Green=2383571, Red=2383571, Ir=2383571) | ACC(X=-5.03919839859009, Y=-3.21656036376953, Z=7.67136478424072) | HR=81 bpm | IBI=0 ms | Participant=P15
1369,IBI out of range,Row 1369 | Timestamp: 1712016531233 ms | PPG(Green=2384953, Red=2384953, Ir=2384953) | ACC(X=-5.14697551727295, Y=-3.93986749649048, Z=7.88452482223511) | HR=81 bpm | IBI=0 ms | Participant=P15
1370,IBI out of range,Row 1370 | Timestamp: 1712016531273 ms | PPG(Green=2387334, Red=2387334, Ir=2387334) | ACC(X=-5.36492586135864, Y=-3.42972040176392, Z=7.72884654998779) | HR=81 bpm | IBI=0 ms | Participant=P15
1371,IBI out of range,Row 1371 | Timestamp: 1712016531313 ms | PPG(Green=2390300, Red=2390300, Ir=2390300) | ACC(X=-5.51341915130615, Y=-3.15428900718689, Z=7.7887225151062) | HR=81 bpm | IBI=0 ms | Participant=P15
1372,IBI out of range,Row 1372 | Timestamp: 1712016531353 ms | PPG(Green=2394578, Red=2394578, Ir=2394578) | ACC(X=-6.3732442855835, Y=-3.78658390045166, Z=7.17079830169678) | HR=81 bpm | IBI=0 ms | Participant=P15
1373,IBI out of range,Row 1373 | Timestamp: 1712016531393 ms | PPG(Green=2398459, Red=2398459, Ir=2398459) | ACC(X=-6.66783618927002, Y=-4.16500282287598, Z=5.72418451309204) | HR=81 bpm | IBI=0 ms | Participant=P15
1374,IBI out of range,Row 1374 | Timestamp: 1712016531434 ms | PPG(Green=2402509, Red=2402509, Ir=2402509) | ACC(X=-6.60556507110596, Y=-4.47875499725342, Z=5.63317203521729) | HR=81 bpm | IBI=0 ms | Participant=P15
1375,IBI out of range,Row 1375 | Timestamp: 1712016531474 ms | PPG(Green=2405380, Red=2405380, Ir=2405380) | ACC(X=-6.57442903518677, Y=-4.9170503616333, Z=5.93973922729492) | HR=80 bpm | IBI=0 ms | Participant=P15
1376,IBI out of range,Row 1376 | Timestamp: 1712016531517 ms | PPG(Green=2408201, Red=2408201, Ir=2408201) | ACC(X=-6.03793668746948, Y=-5.08230924606323, Z=6.35408401489258) | HR=80 bpm | IBI=0 ms | Participant=P15
1377,IBI out of range,Row 1377 | Timestamp: 1712016531554 ms | PPG(Green=2411129, Red=2411129, Ir=2411129) | ACC(X=-6.40438032150269, Y=-5.74573993682861, Z=6.2367262840271) | HR=80 bpm | IBI=0 ms | Participant=P15
1378,IBI out of range,Row 1378 | Timestamp: 1712016531595 ms | PPG(Green=2415139, Red=2415139, Ir=2415139) | ACC(X=-6.95763826370239, Y=-6.52173805236816, Z=6.38761472702026) | HR=81 bpm | IBI=0 ms | Participant=P15
1379,IBI out of range,Row 1379 | Timestamp: 1712016531636 ms | PPG(Green=2420226, Red=2420226, Ir=2420226) | ACC(X=-5.45593786239624, Y=-5.27151870727539, Z=5.54455518722534) | HR=80 bpm | IBI=0 ms | Participant=P15
1380,IBI out of range,Row 1380 | Timestamp: 1712016531675 ms | PPG(Green=2425221, Red=2425221, Ir=2425221) | ACC(X=-5.6882586479187, Y=-5.88704824447632, Z=5.49665403366089) | HR=80 bpm | IBI=0 ms | Participant=P15
1381,IBI out of range,Row 1381 | Timestamp: 1712016531716 ms | PPG(Green=2430445, Red=2430445, Ir=2430445) | ACC(X=-5.83914709091187, Y=-5.79603576660156, Z=5.64993762969971) | HR=81 bpm | IBI=0 ms | Participant=P15
1382,IBI out of range,Row 1382 | Timestamp: 1712016531756 ms | PPG(Green=2435964, Red=2435964, Ir=2435964) | ACC(X=-5.62838220596313, Y=-6.27504730224609, Z=4.45240926742554) | HR=83 bpm | IBI=0 ms | Participant=P15
1383,IBI out of range,Row 1383 | Timestamp: 1712016531796 ms | PPG(Green=2438990, Red=2438990, Ir=2438990) | ACC(X=-5.92776393890381, Y=-6.21277570724487, Z=5.3218150138855) | HR=84 bpm | IBI=0 ms | Participant=P15
1384,IBI out of range,Row 1384 | Timestamp: 1712016531837 ms | PPG(Green=2440851, Red=2440851, Ir=2440851) | ACC(X=-5.71939420700073, Y=-5.22361755371094, Z=4.93621063232422) | HR=85 bpm | IBI=0 ms | Participant=P15
1385,IBI out of range,Row 1385 | Timestamp: 1712016531877 ms | PPG(Green=2442297, Red=2442297, Ir=2442297) | ACC(X=-5.6068263053894, Y=-5.84393692016602, Z=5.37690114974976) | HR=86 bpm | IBI=0 ms | Participant=P15
1386,IBI out of range,Row 1386 | Timestamp: 1712016531917 ms | PPG(Green=2442515, Red=2442515, Ir=2442515) | ACC(X=-4.91465520858765, Y=-5.82956695556641, Z=5.66191291809082) | HR=87 bpm | IBI=0 ms | Participant=P15
1387,IBI out of range,Row 1387 | Timestamp: 1712016531957 ms | PPG(Green=2442795, Red=2442795, Ir=2442795) | ACC(X=-4.79969263076782, Y=-6.61514520645142, Z=5.58527088165283) | HR=87 bpm | IBI=0 ms | Participant=P15
1388,IBI out of range,Row 1388 | Timestamp: 1712016531997 ms | PPG(Green=2443166, Red=2443166, Ir=2443166) | ACC(X=-5.43438243865967, Y=-6.80195951461792, Z=5.96368980407715) | HR=88 bpm | IBI=0 ms | Participant=P15
1389,IBI out of range,Row 1389 | Timestamp: 1712016532038 ms | PPG(Green=2444725, Red=2444725, Ir=2444725) | ACC(X=-5.65951776504517, Y=-6.52413320541382, Z=5.66430807113647) | HR=88 bpm | IBI=0 ms | Participant=P15
1390,IBI out of range,Row 1390 | Timestamp: 1712016532078 ms | PPG(Green=2446004, Red=2446004, Ir=2446004) | ACC(X=-5.59006118774414, Y=-5.85830736160278, Z=5.56132030487061) | HR=87 bpm | IBI=0 ms | Participant=P15
1391,IBI out of range,Row 1391 | Timestamp: 1712016532118 ms | PPG(Green=2446627, Red=2446627, Ir=2446627) | ACC(X=-5.51341915130615, Y=-5.60443162918091, Z=5.67149305343628) | HR=87 bpm | IBI=0 ms | Participant=P15
1392,IBI out of range,Row 1392 | Timestamp: 1712016532158 ms | PPG(Green=2447546, Red=2447546, Ir=2447546) | ACC(X=-5.94931936264038, Y=-5.50383901596069, Z=5.93494939804077) | HR=86 bpm | IBI=0 ms | Participant=P15
1393,IBI out of range,Row 1393 | Timestamp: 1712016532198 ms | PPG(Green=2448909, Red=2448909, Ir=2448909) | ACC(X=-6.02117109298706, Y=-5.20206212997437, Z=5.81759166717529) | HR=87 bpm | IBI=0 ms | Participant=P15
1394,IBI out of range,Row 1394 | Timestamp: 1712016532240 ms | PPG(Green=2451160, Red=2451160, Ir=2451160) | ACC(X=-6.24151659011841, Y=-4.74939632415771, Z=6.0499119758606) | HR=87 bpm | IBI=0 ms | Participant=P15
1395,IBI out of range,Row 1395 | Timestamp: 1712016532279 ms | PPG(Green=2453664, Red=2453664, Ir=2453664) | ACC(X=-6.01877641677856, Y=-4.96974182128906, Z=6.11218357086182) | HR=88 bpm | IBI=0 ms | Participant=P15
1396,IBI out of range,Row 1396 | Timestamp: 1712016532319 ms | PPG(Green=2456739, Red=2456739, Ir=2456739) | ACC(X=-6.30139303207397, Y=-4.47635984420776, Z=6.36845445632935) | HR=88 bpm | IBI=0 ms | Participant=P15
1397,IBI out of range,Row 1397 | Timestamp: 1712016532360 ms | PPG(Green=2460437, Red=2460437, Ir=2460437) | ACC(X=-6.07146739959717, Y=-4.05004024505615, Z=6.27983713150024) | HR=87 bpm | IBI=0 ms | Participant=P15
1398,IBI out of range,Row 1398 | Timestamp: 1712016532400 ms | PPG(Green=2463817, Red=2463817, Ir=2463817) | ACC(X=-5.64993762969971, Y=-3.80095410346985, Z=6.31815814971924) | HR=87 bpm | IBI=0 ms | Participant=P15
1399,IBI out of range,Row 1399 | Timestamp: 1712016532441 ms | PPG(Green=2466231, Red=2466231, Ir=2466231) | ACC(X=-5.71460390090942, Y=-3.91112685203552, Z=7.23067474365234) | HR=87 bpm | IBI=0 ms | Participant=P15
1400,IBI out of range,Row 1400 | Timestamp: 1712016532480 ms | PPG(Green=2467095, Red=2467095, Ir=2467095) | ACC(X=-5.6068263053894, Y=-3.82011461257935, Z=7.46059989929199) | HR=86 bpm | IBI=0 ms | Participant=P15
1401,IBI out of range,Row 1401 | Timestamp: 1712016532520 ms | PPG(Green=2467256, Red=2467256, Ir=2467256) | ACC(X=-5.40564203262329, Y=-3.77939867973328, Z=7.1899585723877) | HR=86 bpm | IBI=0 ms | Participant=P15
1402,IBI out of range,Row 1402 | Timestamp: 1712016532561 ms | PPG(Green=2468448, Red=2468448, Ir=2468448) | ACC(X=-5.39366674423218, Y=-3.9590277671814, Z=7.21630430221558) | HR=86 bpm | IBI=0 ms | Participant=P15
1403,IBI out of range,Row 1403 | Timestamp: 1712016532601 ms | PPG(Green=2470886, Red=2470886, Ir=2470886) | ACC(X=-5.40324687957764, Y=-3.72191739082336, Z=7.15403270721436) | HR=86 bpm | IBI=0 ms | Participant=P15
1404,IBI out of range,Row 1404 | Timestamp: 1712016532642 ms | PPG(Green=2474060, Red=2474060, Ir=2474060) | ACC(X=-5.40803670883179, Y=-4.01411437988281, Z=6.95284795761108) | HR=86 bpm | IBI=0 ms | Participant=P15
1405,IBI out of range,Row 1405 | Timestamp: 1712016532681 ms | PPG(Green=2476856, Red=2476856, Ir=2476856) | ACC(X=-5.49186372756958, Y=-4.07638549804688, Z=6.76363849639893) | HR=85 bpm | IBI=0 ms | Participant=P15
1406,IBI out of range,Row 1406 | Timestamp: 1712016532722 ms | PPG(Green=2479508, Red=2479508, Ir=2479508) | ACC(X=-5.46791315078735, Y=-3.53510284423828, Z=6.46665191650391) | HR=85 bpm | IBI=0 ms | Participant=P15
1407,IBI out of range,Row 1407 | Timestamp: 1712016532762 ms | PPG(Green=2481427, Red=2481427, Ir=2481427) | ACC(X=-5.56850576400757, Y=-3.53989315032959, Z=7.1444525718689) | HR=84 bpm | IBI=0 ms | Participant=P15
1408,IBI out of range,Row 1408 | Timestamp: 1712016532802 ms | PPG(Green=2482649, Red=2482649, Ir=2482649) | ACC(X=-5.65712261199951, Y=-3.8680157661438, Z=7.53005647659302) | HR=84 bpm | IBI=0 ms | Participant=P15
1409,IBI out of range,Row 1409 | Timestamp: 1712016532843 ms | PPG(Green=2483343, Red=2483343, Ir=2483343) | ACC(X=-5.76969051361084, Y=-3.62611508369446, Z=7.66178464889526) | HR=83 bpm | IBI=0 ms | Participant=P15
1410,IBI out of range,Row 1410 | Timestamp: 1712016532883 ms | PPG(Green=2484203, Red=2484203, Ir=2484203) | ACC(X=-5.48467874526978, Y=-3.85364532470703, Z=7.194748878479) | HR=83 bpm | IBI=0 ms | Participant=P15
1411,IBI out of range,Row 1411 | Timestamp: 1712016532923 ms | PPG(Green=2486303, Red=2486303, Ir=2486303) | ACC(X=-5.03680324554443, Y=-3.09680771827698, Z=6.61754035949707) | HR=84 bpm | IBI=0 ms | Participant=P15
1412,IBI out of range,Row 1412 | Timestamp: 1712016532964 ms | PPG(Green=2488921, Red=2488921, Ir=2488921) | ACC(X=-5.71460390090942, Y=-3.90394163131714, Z=7.2402548789978) | HR=84 bpm | IBI=0 ms | Participant=P15
1413,IBI out of range,Row 1413 | Timestamp: 1712016533004 ms | PPG(Green=2491840, Red=2491840, Ir=2491840) | ACC(X=-5.81040620803833, Y=-3.99974393844604, Z=7.16361284255982) | HR=85 bpm | IBI=0 ms | Participant=P15
1414,IBI out of range,Row 1414 | Timestamp: 1712016533045 ms | PPG(Green=2493894, Red=2493894, Ir=2493894) | ACC(X=-5.65472745895386, Y=-4.49552059173584, Z=6.72771263122559) | HR=86 bpm | IBI=0 ms | Participant=P15
1415,IBI out of range,Row 1415 | Timestamp: 1712016533084 ms | PPG(Green=2495765, Red=2495765, Ir=2495765) | ACC(X=-5.4655179977417, Y=-4.31828641891479, Z=6.88339138031006) | HR=86 bpm | IBI=0 ms | Participant=P15
1416,IBI out of range,Row 1416 | Timestamp: 1712016533124 ms | PPG(Green=2498056, Red=2498056, Ir=2498056) | ACC(X=-5.33618497848511, Y=-4.71107530593872, Z=7.20432901382446) | HR=87 bpm | IBI=0 ms | Participant=P15
1417,IBI out of range,Row 1417 | Timestamp: 1712016533164 ms | PPG(Green=2499661, Red=2499661, Ir=2499661) | ACC(X=-5.15176582336426, Y=-4.5122857093811, Z=6.83788537979126) | HR=88 bpm | IBI=0 ms | Participant=P15
1418,IBI out of range,Row 1418 | Timestamp: 1712016533204 ms | PPG(Green=2500599, Red=2500599, Ir=2500599) | ACC(X=-5.53736972808838, Y=-4.78532218933105, Z=6.5528736114502) | HR=88 bpm | IBI=0 ms | Participant=P15
1419,IBI out of range,Row 1419 | Timestamp: 1712016533245 ms | PPG(Green=2500551, Red=2500551, Ir=2500551) | ACC(X=-5.79124593734741, Y=-5.11823511123657, Z=6.52173805236816) | HR=89 bpm | IBI=0 ms | Participant=P15
1420,IBI out of range,Row 1420 | Timestamp: 1712016533285 ms | PPG(Green=2500131, Red=2500131, Ir=2500131) | ACC(X=-5.7864556312561, Y=-4.54581642150879, Z=6.28941774368286) | HR=90 bpm | IBI=0 ms | Participant=P15
1421,IBI out of range,Row 1421 | Timestamp: 1712016533325 ms | PPG(Green=2498914, Red=2498914, Ir=2498914) | ACC(X=-5.57090091705322, Y=-4.84040832519531, Z=6.370849609375) | HR=91 bpm | IBI=0 ms | Participant=P15
1422,IBI out of range,Row 1422 | Timestamp: 1712016533365 ms | PPG(Green=2496433, Red=2496433, Ir=2496433) | ACC(X=-5.56371545791626, Y=-4.88591480255127, Z=6.67981147766113) | HR=91 bpm | IBI=0 ms | Participant=P15
1423,IBI out of range,Row 1423 | Timestamp: 1712016533405 ms | PPG(Green=2492769, Red=2492769, Ir=2492769) | ACC(X=-5.49665403366089, Y=-4.44043397903442, Z=6.57203435897827) | HR=91 bpm | IBI=0 ms | Participant=P15
1424,IBI out of range,Row 1424 | Timestamp: 1712016533446 ms | PPG(Green=2490240, Red=2490240, Ir=2490240) | ACC(X=-5.58287620544434, Y=-4.12428665161133, Z=6.78519439697266) | HR=91 bpm | IBI=0 ms | Participant=P15
1425,IBI out of range,Row 1425 | Timestamp: 1712016533485 ms | PPG(Green=2488842, Red=2488842, Ir=2488842) | ACC(X=-5.80322122573853, Y=-4.19134855270386, Z=6.90973711013794) | HR=90 bpm | IBI=0 ms | Participant=P15
1426,IBI out of range,Row 1426 | Timestamp: 1712016533526 ms | PPG(Green=2489004, Red=2489004, Ir=2489004) | ACC(X=-5.66909790039063, Y=-4.08117580413818, Z=6.68220663070679) | HR=89 bpm | IBI=0 ms | Participant=P15
1427,IBI out of range,Row 1427 | Timestamp: 1712016533566 ms | PPG(Green=2490070, Red=2490070, Ir=2490070) | ACC(X=-5.64275217056274, Y=-4.53384113311768, Z=6.50018262863159) | HR=88 bpm | IBI=0 ms | Participant=P15
1428,IBI out of range,Row 1428 | Timestamp: 1712016533606 ms | PPG(Green=2492141, Red=2492141, Ir=2492141) | ACC(X=-5.62838220596313, Y=-4.80448293685913, Z=6.67502164840698) | HR=87 bpm | IBI=0 ms | Participant=P15
1429,IBI out of range,Row 1429 | Timestamp: 1712016533647 ms | PPG(Green=2494567, Red=2494567, Ir=2494567) | ACC(X=-5.43198728561401, Y=-4.84280347824097, Z=6.61754035949707) | HR=86 bpm | IBI=0 ms | Participant=P15
1430,IBI out of range,Row 1430 | Timestamp: 1712016533687 ms | PPG(Green=2496756, Red=2496756, Ir=2496756) | ACC(X=-5.40085172653198, Y=-5.03201293945313, Z=6.42114543914795) | HR=85 bpm | IBI=0 ms | Participant=P15
1431,IBI out of range,Row 1431 | Timestamp: 1712016533729 ms | PPG(Green=2498386, Red=2498386, Ir=2498386) | ACC(X=-5.30983972549438, Y=-5.03919839859009, Z=6.45467662811279) | HR=85 bpm | IBI=0 ms | Participant=P15
1432,IBI out of range,Row 1432 | Timestamp: 1712016533767 ms | PPG(Green=2500007, Red=2500007, Ir=2500007) | ACC(X=-5.43198728561401, Y=-4.6392240524292, Z=6.5576639175415) | HR=85 bpm | IBI=0 ms | Participant=P15
1433,IBI out of range,Row 1433 | Timestamp: 1712016533807 ms | PPG(Green=2501461, Red=2501461, Ir=2501461) | ACC(X=-5.6906533241272, Y=-4.56976699829102, Z=6.68939208984375) | HR=84 bpm | IBI=0 ms | Participant=P15
1434,IBI out of range,Row 1434 | Timestamp: 1712016533848 ms | PPG(Green=2502970, Red=2502970, Ir=2502970) | ACC(X=-5.80082607269287, Y=-4.34463214874268, Z=6.54808378219604) | HR=84 bpm | IBI=0 ms | Participant=P15
1435,IBI out of range,Row 1435 | Timestamp: 1712016533887 ms | PPG(Green=2504462, Red=2504462, Ir=2504462) | ACC(X=-5.8702826499939, Y=-4.5122857093811, Z=6.50018262863159) | HR=84 bpm | IBI=0 ms | Participant=P15
1436,IBI out of range,Row 1436 | Timestamp: 1712016533928 ms | PPG(Green=2505163, Red=2505163, Ir=2505163) | ACC(X=-5.80801105499268, Y=-4.61766815185547, Z=6.49299716949463) | HR=84 bpm | IBI=0 ms | Participant=P15
1437,IBI out of range,Row 1437 | Timestamp: 1712016533968 ms | PPG(Green=2504822, Red=2504822, Ir=2504822) | ACC(X=-5.6882586479187, Y=-4.79011249542236, Z=6.47862720489502) | HR=84 bpm | IBI=0 ms | Participant=P15
1438,IBI out of range,Row 1438 | Timestamp: 1712016534008 ms | PPG(Green=2503958, Red=2503958, Ir=2503958) | ACC(X=-5.48228359222412, Y=-4.76137161254883, Z=6.34210872650146) | HR=84 bpm | IBI=0 ms | Participant=P15
1439,IBI out of range,Row 1439 | Timestamp: 1712016534049 ms | PPG(Green=2503568, Red=2503568, Ir=2503568) | ACC(X=-5.53497505187988, Y=-4.8715443611145, Z=6.40198516845703) | HR=84 bpm | IBI=0 ms | Participant=P15
1440,IBI out of range,Row 1440 | Timestamp: 1712016534088 ms | PPG(Green=2503609, Red=2503609, Ir=2503609) | ACC(X=-5.546950340271, Y=-5.05596351623535, Z=6.46665191650391) | HR=85 bpm | IBI=0 ms | Participant=P15
1441,IBI out of range,Row 1441 | Timestamp: 1712016534128 ms | PPG(Green=2503868, Red=2503868, Ir=2503868) | ACC(X=-5.47509860992432, Y=-5.07033395767212, Z=6.32294845581055) | HR=86 bpm | IBI=0 ms | Participant=P15
1442,IBI out of range,Row 1442 | Timestamp: 1712016534169 ms | PPG(Green=2504500, Red=2504500, Ir=2504500) | ACC(X=-5.51581430435181, Y=-5.02961778640747, Z=6.25828170776367) | HR=86 bpm | IBI=0 ms | Participant=P15
1443,IBI out of range,Row 1443 | Timestamp: 1712016534209 ms | PPG(Green=2505430, Red=2505430, Ir=2505430) | ACC(X=-5.58287620544434, Y=-5.0535683631897, Z=6.34689903259277) | HR=87 bpm | IBI=0 ms | Participant=P15
1444,IBI out of range,Row 1444 | Timestamp: 1712016534250 ms | PPG(Green=2506590, Red=2506590, Ir=2506590) | ACC(X=-5.54934501647949, Y=-4.99848222732544, Z=6.29420757293701) | HR=88 bpm | IBI=0 ms | Participant=P15
1445,IBI out of range,Row 1445 | Timestamp: 1712016534289 ms | PPG(Green=2507850, Red=2507850, Ir=2507850) | ACC(X=-5.56132030487061, Y=-5.01285266876221, Z=6.35168886184692) | HR=88 bpm | IBI=0 ms | Participant=P15
1446,IBI out of range,Row 1446 | Timestamp: 1712016534329 ms | PPG(Green=2509002, Red=2509002, Ir=2509002) | ACC(X=-5.5996413230896, Y=-4.9098653793335, Z=6.23433113098145) | HR=89 bpm | IBI=0 ms | Participant=P15
1447,IBI out of range,Row 1447 | Timestamp: 1712016534370 ms | PPG(Green=2510314, Red=2510314, Ir=2510314) | ACC(X=-5.53736972808838, Y=-5.10146951675415, Z=6.29660272598267) | HR=89 bpm | IBI=0 ms | Participant=P15
1448,IBI out of range,Row 1448 | Timestamp: 1712016534410 ms | PPG(Green=2511592, Red=2511592, Ir=2511592) | ACC(X=-5.46072816848755, Y=-5.11344480514526, Z=6.29899787902832) | HR=89 bpm | IBI=0 ms | Participant=P15
1449,IBI out of range,Row 1449 | Timestamp: 1712016534451 ms | PPG(Green=2512692, Red=2512692, Ir=2512692) | ACC(X=-5.51102447509766, Y=-5.11583995819092, Z=6.36366415023804) | HR=88 bpm | IBI=0 ms | Participant=P15
1450,IBI out of range,Row 1450 | Timestamp: 1712016534490 ms | PPG(Green=2514067, Red=2514067, Ir=2514067) | ACC(X=-5.50623416900635, Y=-5.1038646697998, Z=6.3780345916748) | HR=87 bpm | IBI=0 ms | Participant=P15
1451,IBI out of range,Row 1451 | Timestamp: 1712016534531 ms | PPG(Green=2515424, Red=2515424, Ir=2515424) | ACC(X=-5.43677759170532, Y=-5.01285266876221, Z=6.26546716690063) | HR=86 bpm | IBI=0 ms | Participant=P15
1452,IBI out of range,Row 1452 | Timestamp: 1712016534571 ms | PPG(Green=2516731, Red=2516731, Ir=2516731) | ACC(X=-5.53018474578857, Y=-5.0511736869812, Z=6.28702259063721) | HR=86 bpm | IBI=0 ms | Participant=P15
1453,IBI out of range,Row 1453 | Timestamp: 1712016534611 ms | PPG(Green=2516833, Red=2516833, Ir=2516833) | ACC(X=-5.59245634078979, Y=-5.01524782180786, Z=6.38042974472046) | HR=85 bpm | IBI=0 ms | Participant=P15
1454,IBI out of range,Row 1454 | Timestamp: 1712016534653 ms | PPG(Green=2515536, Red=2515536, Ir=2515536) | ACC(X=-5.52060461044312, Y=-5.03919839859009, Z=6.25588655471802) | HR=85 bpm | IBI=0 ms | Participant=P15
1455,IBI out of range,Row 1455 | Timestamp: 1712016534692 ms | PPG(Green=2513876, Red=2513876, Ir=2513876) | ACC(X=-5.48228359222412, Y=-5.0535683631897, Z=6.25828170776367) | HR=85 bpm | IBI=0 ms | Participant=P15
1456,IBI out of range,Row 1456 | Timestamp: 1712016534732 ms | PPG(Green=2512820, Red=2512820, Ir=2512820) | ACC(X=-5.50144386291504, Y=-4.99129724502563, Z=6.29420757293701) | HR=84 bpm | IBI=0 ms | Participant=P15
1457,IBI out of range,Row 1457 | Timestamp: 1712016534773 ms | PPG(Green=2512493, Red=2512493, Ir=2512493) | ACC(X=-5.53018474578857, Y=-5.15895080566406, Z=6.39480018615723) | HR=85 bpm | IBI=0 ms | Participant=P15
1458,IBI out of range,Row 1458 | Timestamp: 1712016534813 ms | PPG(Green=2512941, Red=2512941, Ir=2512941) | ACC(X=-5.45114803314209, Y=-5.09188938140869, Z=6.33971357345581) | HR=85 bpm | IBI=0 ms | Participant=P15
1459,IBI out of range,Row 1459 | Timestamp: 1712016534854 ms | PPG(Green=2513675, Red=2513675, Ir=2513675) | ACC(X=-5.4583330154419, Y=-5.08709955215454, Z=6.26067686080933) | HR=86 bpm | IBI=0 ms | Participant=P15
1460,IBI out of range,Row 1460 | Timestamp: 1712016534894 ms | PPG(Green=2514815, Red=2514815, Ir=2514815) | ACC(X=-5.59724617004395, Y=-5.08470439910889, Z=6.18882513046265) | HR=88 bpm | IBI=0 ms | Participant=P15
1461,IBI out of range,Row 1461 | Timestamp: 1712016534934 ms | PPG(Green=2515995, Red=2515995, Ir=2515995) | ACC(X=-5.47988843917847, Y=-5.09428453445435, Z=6.36845445632935) | HR=88 bpm | IBI=0 ms | Participant=P15
1462,IBI out of range,Row 1462 | Timestamp: 1712016534974 ms | PPG(Green=2516919, Red=2516919, Ir=2516919) | ACC(X=-5.48707389831543, Y=-5.09428453445435, Z=6.27983713150024) | HR=89 bpm | IBI=0 ms | Participant=P15
1463,HeartRate out of range,Row 1463 | Timestamp: 1712016535014 ms | PPG(Green=2517874, Red=2517874, Ir=2517874) | ACC(X=-5.44875288009644, Y=-5.0511736869812, Z=6.26546716690063) | HR=0 bpm | IBI=0 ms | Participant=P15
1464,HeartRate out of range,Row 1464 | Timestamp: 1712016535055 ms | PPG(Green=2519137, Red=2519137, Ir=2519137) | ACC(X=-5.42719745635986, Y=-5.20685195922852, Z=6.29181241989136) | HR=0 bpm | IBI=0 ms | Participant=P15
1465,HeartRate out of range,Row 1465 | Timestamp: 1712016535095 ms | PPG(Green=2520493, Red=2520493, Ir=2520493) | ACC(X=-5.43438243865967, Y=-5.13260555267334, Z=6.29660272598267) | HR=0 bpm | IBI=0 ms | Participant=P15
1466,HeartRate out of range,Row 1466 | Timestamp: 1712016535135 ms | PPG(Green=2521969, Red=2521969, Ir=2521969) | ACC(X=-5.57808589935303, Y=-5.07751893997192, Z=6.26546716690063) | HR=0 bpm | IBI=0 ms | Participant=P15
1467,IBI out of range,Row 1467 | Timestamp: 1712016535175 ms | PPG(Green=2523421, Red=2523421, Ir=2523421) | ACC(X=-5.53497505187988, Y=-5.15895080566406, Z=6.24630641937256) | HR=90 bpm | IBI=0 ms | Participant=P15
1468,IBI out of range,Row 1468 | Timestamp: 1712016535216 ms | PPG(Green=2524805, Red=2524805, Ir=2524805) | ACC(X=-5.42240715026855, Y=-5.10625982284546, Z=6.25349187850952) | HR=89 bpm | IBI=0 ms | Participant=P15
1469,IBI out of range,Row 1469 | Timestamp: 1712016535257 ms | PPG(Green=2525667, Red=2525667, Ir=2525667) | ACC(X=-5.47509860992432, Y=-5.1038646697998, Z=6.27504730224609) | HR=89 bpm | IBI=0 ms | Participant=P15
1470,IBI out of range,Row 1470 | Timestamp: 1712016535296 ms | PPG(Green=2525364, Red=2525364, Ir=2525364) | ACC(X=-5.57569074630737, Y=-5.19248199462891, Z=6.33013343811035) | HR=89 bpm | IBI=0 ms | Participant=P15
1471,IBI out of range,Row 1471 | Timestamp: 1712016535336 ms | PPG(Green=2523568, Red=2523568, Ir=2523568) | ACC(X=-5.44635772705078, Y=-5.13021039962769, Z=6.29660272598267) | HR=89 bpm | IBI=0 ms | Participant=P15
1472,IBI out of range,Row 1472 | Timestamp: 1712016535377 ms | PPG(Green=2521825, Red=2521825, Ir=2521825) | ACC(X=-5.39845657348633, Y=-5.09907484054565, Z=6.29660272598267) | HR=89 bpm | IBI=0 ms | Participant=P15
1473,IBI out of range,Row 1473 | Timestamp: 1712016535417 ms | PPG(Green=2521416, Red=2521416, Ir=2521416) | ACC(X=-5.4655179977417, Y=-5.22122240066528, Z=6.36845445632935) | HR=90 bpm | IBI=0 ms | Participant=P15
1474,IBI out of range,Row 1474 | Timestamp: 1712016535458 ms | PPG(Green=2521209, Red=2521209, Ir=2521209) | ACC(X=-5.48467874526978, Y=-5.14697551727295, Z=6.25349187850952) | HR=90 bpm | IBI=0 ms | Participant=P15
1475,IBI out of range,Row 1475 | Timestamp: 1712016535497 ms | PPG(Green=2521571, Red=2521571, Ir=2521571) | ACC(X=-5.46791315078735, Y=-5.12542009353638, Z=6.23433113098145) | HR=89 bpm | IBI=0 ms | Participant=P15
1476,IBI out of range,Row 1476 | Timestamp: 1712016535537 ms | PPG(Green=2522245, Red=2522245, Ir=2522245) | ACC(X=-5.47509860992432, Y=-5.18050670623779, Z=6.38761472702026) | HR=89 bpm | IBI=0 ms | Participant=P15
1477,IBI out of range,Row 1477 | Timestamp: 1712016535578 ms | PPG(Green=2523078, Red=2523078, Ir=2523078) | ACC(X=-5.44635772705078, Y=-5.15895080566406, Z=6.27265214920044) | HR=89 bpm | IBI=0 ms | Participant=P15
1478,IBI out of range,Row 1478 | Timestamp: 1712016535618 ms | PPG(Green=2523714, Red=2523714, Ir=2523714) | ACC(X=-5.49186372756958, Y=-5.16853141784668, Z=6.26546716690063) | HR=89 bpm | IBI=0 ms | Participant=P15
1479,IBI out of range,Row 1479 | Timestamp: 1712016535659 ms | PPG(Green=2524506, Red=2524506, Ir=2524506) | ACC(X=-5.43438243865967, Y=-5.08949422836304, Z=6.26786184310913) | HR=90 bpm | IBI=0 ms | Participant=P15
1480,IBI out of range,Row 1480 | Timestamp: 1712016535699 ms | PPG(Green=2525409, Red=2525409, Ir=2525409) | ACC(X=-5.44396257400513, Y=-5.07991409301758, Z=6.20798587799072) | HR=91 bpm | IBI=0 ms | Participant=P15
1481,IBI out of range,Row 1481 | Timestamp: 1712016535739 ms | PPG(Green=2526394, Red=2526394, Ir=2526394) | ACC(X=-5.4655179977417, Y=-5.16374111175537, Z=6.2367262840271) | HR=92 bpm | IBI=0 ms | Participant=P15
1482,IBI out of range,Row 1482 | Timestamp: 1712016535779 ms | PPG(Green=2527376, Red=2527376, Ir=2527376) | ACC(X=-5.4128270149231, Y=-5.13021039962769, Z=6.33252859115601) | HR=93 bpm | IBI=0 ms | Participant=P15
1483,IBI out of range,Row 1483 | Timestamp: 1712016535819 ms | PPG(Green=2528495, Red=2528495, Ir=2528495) | ACC(X=-5.53976488113403, Y=-5.17811155319214, Z=6.29420757293701) | HR=93 bpm | IBI=0 ms | Participant=P15
1484,IBI out of range,Row 1484 | Timestamp: 1712016535860 ms | PPG(Green=2529606, Red=2529606, Ir=2529606) | ACC(X=-5.49425888061523, Y=-5.15416097640991, Z=6.23433113098145) | HR=93 bpm | IBI=0 ms | Participant=P15
1485,IBI out of range,Row 1485 | Timestamp: 1712016535900 ms | PPG(Green=2530584, Red=2530584, Ir=2530584) | ACC(X=-5.4631233215332, Y=-5.17092609405518, Z=6.26307201385498) | HR=94 bpm | IBI=0 ms | Participant=P15
1486,IBI out of range,Row 1486 | Timestamp: 1712016535943 ms | PPG(Green=2531908, Red=2531908, Ir=2531908) | ACC(X=-5.48228359222412, Y=-5.17332124710083, Z=6.31336832046509) | HR=94 bpm | IBI=0 ms | Participant=P15
1487,IBI out of range,Row 1487 | Timestamp: 1712016535981 ms | PPG(Green=2531564, Red=2531564, Ir=2531564) | ACC(X=-5.4631233215332, Y=-5.12302541732788, Z=6.27265214920044) | HR=93 bpm | IBI=0 ms | Participant=P15
1488,IBI out of range,Row 1488 | Timestamp: 1712016536021 ms | PPG(Green=2530170, Red=2530170, Ir=2530170) | ACC(X=-5.44156742095947, Y=-5.07033395767212, Z=6.27025699615479) | HR=93 bpm | IBI=0 ms | Participant=P15
1489,IBI out of range,Row 1489 | Timestamp: 1712016536062 ms | PPG(Green=2528596, Red=2528596, Ir=2528596) | ACC(X=-5.47270345687866, Y=-5.09188938140869, Z=6.27265214920044) | HR=92 bpm | IBI=0 ms | Participant=P15
1490,IBI out of range,Row 1490 | Timestamp: 1712016536101 ms | PPG(Green=2527865, Red=2527865, Ir=2527865) | ACC(X=-5.44156742095947, Y=-5.14697551727295, Z=6.26067686080933) | HR=91 bpm | IBI=0 ms | Participant=P15
1491,IBI out of range,Row 1491 | Timestamp: 1712016536141 ms | PPG(Green=2527977, Red=2527977, Ir=2527977) | ACC(X=-5.42719745635986, Y=-5.13979053497314, Z=6.23912143707275) | HR=90 bpm | IBI=0 ms | Participant=P15
1492,IBI out of range,Row 1492 | Timestamp: 1712016536182 ms | PPG(Green=2528318, Red=2528318, Ir=2528318) | ACC(X=-5.49425888061523, Y=-5.20924711227417, Z=6.17206001281738) | HR=88 bpm | IBI=0 ms | Participant=P15
1493,IBI out of range,Row 1493 | Timestamp: 1712016536222 ms | PPG(Green=2528920, Red=2528920, Ir=2528920) | ACC(X=-5.508629322052, Y=-5.0966796875, Z=6.24151659011841) | HR=85 bpm | IBI=0 ms | Participant=P15
1494,IBI out of range,Row 1494 | Timestamp: 1712016536263 ms | PPG(Green=2529535, Red=2529535, Ir=2529535) | ACC(X=-5.48467874526978, Y=-5.12781524658203, Z=6.30618286132813) | HR=85 bpm | IBI=0 ms | Participant=P15
1495,IBI out of range,Row 1495 | Timestamp: 1712016536302 ms | PPG(Green=2529941, Red=2529941, Ir=2529941) | ACC(X=-5.43438243865967, Y=-5.18050670623779, Z=6.26307201385498) | HR=83 bpm | IBI=0 ms | Participant=P15
1496,IBI out of range,Row 1496 | Timestamp: 1712016536343 ms | PPG(Green=2531047, Red=2531047, Ir=2531047) | ACC(X=-5.43438243865967, Y=-5.20685195922852, Z=6.31336832046509) | HR=83 bpm | IBI=0 ms | Participant=P15
1497,IBI out of range,Row 1497 | Timestamp: 1712016536383 ms | PPG(Green=2532175, Red=2532175, Ir=2532175) | ACC(X=-5.47270345687866, Y=-5.1948766708374, Z=6.18642997741699) | HR=83 bpm | IBI=0 ms | Participant=P15
1498,IBI out of range,Row 1498 | Timestamp: 1712016536423 ms | PPG(Green=2533431, Red=2533431, Ir=2533431) | ACC(X=-5.44875288009644, Y=-5.15176582336426, Z=6.22475099563599) | HR=83 bpm | IBI=0 ms | Participant=P15
1499,IBI out of range,Row 1499 | Timestamp: 1712016536464 ms | PPG(Green=2534587, Red=2534587, Ir=2534587) | ACC(X=-5.44875288009644, Y=-5.17571640014648, Z=6.33492374420166) | HR=83 bpm | IBI=0 ms | Participant=P15
1500,IBI out of range,Row 1500 | Timestamp: 1712016536507 ms | PPG(Green=2535757, Red=2535757, Ir=2535757) | ACC(X=-5.4200119972229, Y=-5.26912355422974, Z=6.25588655471802) | HR=84 bpm | IBI=0 ms | Participant=P15
1501,IBI out of range,Row 1501 | Timestamp: 1712016536547 ms | PPG(Green=2536876, Red=2536876, Ir=2536876) | ACC(X=-5.43677759170532, Y=-5.13979053497314, Z=6.23433113098145) | HR=84 bpm | IBI=0 ms | Participant=P15
1502,IBI out of range,Row 1502 | Timestamp: 1712016536588 ms | PPG(Green=2537621, Red=2537621, Ir=2537621) | ACC(X=-5.47749328613281, Y=-5.23798799514771, Z=6.21277570724487) | HR=93 bpm | IBI=0 ms | Participant=P15
1503,IBI out of range,Row 1503 | Timestamp: 1712016536628 ms | PPG(Green=2537390, Red=2537390, Ir=2537390) | ACC(X=-5.52299976348877, Y=-5.24996328353882, Z=6.29420757293701) | HR=86 bpm | IBI=0 ms | Participant=P15
1504,IBI out of range,Row 1504 | Timestamp: 1712016536668 ms | PPG(Green=2536198, Red=2536198, Ir=2536198) | ACC(X=-5.49186372756958, Y=-5.24517297744751, Z=6.21517086029053) | HR=86 bpm | IBI=0 ms | Participant=P15
1505,IBI out of range,Row 1505 | Timestamp: 1712016536708 ms | PPG(Green=2535171, Red=2535171, Ir=2535171) | ACC(X=-5.36492586135864, Y=-5.16853141784668, Z=6.33971357345581) | HR=87 bpm | IBI=0 ms | Participant=P15
1506,IBI out of range,Row 1506 | Timestamp: 1712016536748 ms | PPG(Green=2535201, Red=2535201, Ir=2535201) | ACC(X=-5.47030830383301, Y=-5.17092609405518, Z=6.2367262840271) | HR=87 bpm | IBI=0 ms | Participant=P15
1507,IBI out of range,Row 1507 | Timestamp: 1712016536788 ms | PPG(Green=2535460, Red=2535460, Ir=2535460) | ACC(X=-5.50623416900635, Y=-5.22361755371094, Z=6.24151659011841) | HR=87 bpm | IBI=0 ms | Participant=P15
1508,IBI out of range,Row 1508 | Timestamp: 1712016536828 ms | PPG(Green=2536376, Red=2536376, Ir=2536376) | ACC(X=-5.42719745635986, Y=-5.15895080566406, Z=6.2367262840271) | HR=88 bpm | IBI=0 ms | Participant=P15
1509,IBI out of range,Row 1509 | Timestamp: 1712016536869 ms | PPG(Green=2536947, Red=2536947, Ir=2536947) | ACC(X=-5.44635772705078, Y=-5.17092609405518, Z=6.28702259063721) | HR=88 bpm | IBI=0 ms | Participant=P15
1510,IBI out of range,Row 1510 | Timestamp: 1712016536908 ms | PPG(Green=2537668, Red=2537668, Ir=2537668) | ACC(X=-5.41522216796875, Y=-5.12781524658203, Z=6.23433113098145) | HR=88 bpm | IBI=0 ms | Participant=P15
1511,IBI out of range,Row 1511 | Timestamp: 1712016536948 ms | PPG(Green=2538335, Red=2538335, Ir=2538335) | ACC(X=-5.44396257400513, Y=-5.23798799514771, Z=6.2367262840271) | HR=88 bpm | IBI=0 ms | Participant=P15
1512,IBI out of range,Row 1512 | Timestamp: 1712016536988 ms | PPG(Green=2538935, Red=2538935, Ir=2538935) | ACC(X=-5.43677759170532, Y=-5.21882724761963, Z=6.19361543655396) | HR=88 bpm | IBI=0 ms | Participant=P15
1513,IBI out of range,Row 1513 | Timestamp: 1712016537029 ms | PPG(Green=2539837, Red=2539837, Ir=2539837) | ACC(X=-5.42480230331421, Y=-5.20206212997437, Z=6.22714614868164) | HR=89 bpm | IBI=0 ms | Participant=P15
1517,IBI out of range,Row 1517 | Timestamp: 1712016537189 ms | PPG(Green=2543759, Red=2543759, Ir=2543759) | ACC(X=-5.50383901596069, Y=-5.20924711227417, Z=6.33971357345581) | HR=91 bpm | IBI=0 ms | Participant=P15
1519,IBI out of range,Row 1519 | Timestamp: 1712016537270 ms | PPG(Green=2545260, Red=2545260, Ir=2545260) | ACC(X=-5.47988843917847, Y=-5.18050670623779, Z=6.17445468902588) | HR=90 bpm | IBI=0 ms | Participant=P15
1520,IBI out of range,Row 1520 | Timestamp: 1712016537309 ms | PPG(Green=2544571, Red=2544571, Ir=2544571) | ACC(X=-5.4128270149231, Y=-5.16853141784668, Z=6.3253436088562) | HR=90 bpm | IBI=0 ms | Participant=P15
1521,IBI out of range,Row 1521 | Timestamp: 1712016537349 ms | PPG(Green=2543327, Red=2543327, Ir=2543327) | ACC(X=-5.43917274475098, Y=-5.30744457244873, Z=6.31576299667358) | HR=89 bpm | IBI=0 ms | Participant=P15
1522,IBI out of range,Row 1522 | Timestamp: 1712016537389 ms | PPG(Green=2542096, Red=2542096, Ir=2542096) | ACC(X=-5.39366674423218, Y=-5.19966697692871, Z=6.24151659011841) | HR=88 bpm | IBI=0 ms | Participant=P15
1523,IBI out of range,Row 1523 | Timestamp: 1712016537429 ms | PPG(Green=2541937, Red=2541937, Ir=2541937) | ACC(X=-5.44396257400513, Y=-5.15655612945557, Z=6.26067686080933) | HR=87 bpm | IBI=0 ms | Participant=P15
1524,IBI out of range,Row 1524 | Timestamp: 1712016537470 ms | PPG(Green=2542341, Red=2542341, Ir=2542341) | ACC(X=-5.41522216796875, Y=-5.20685195922852, Z=6.25349187850952) | HR=87 bpm | IBI=0 ms | Participant=P15
1525,IBI out of range,Row 1525 | Timestamp: 1712016537510 ms | PPG(Green=2542787, Red=2542787, Ir=2542787) | ACC(X=-5.53257989883423, Y=-5.18050670623779, Z=6.28941774368286) | HR=86 bpm | IBI=0 ms | Participant=P15
1526,IBI out of range,Row 1526 | Timestamp: 1712016537550 ms | PPG(Green=2543497, Red=2543497, Ir=2543497) | ACC(X=-5.4655179977417, Y=-5.1421856880188, Z=6.26786184310913) | HR=86 bpm | IBI=0 ms | Participant=P15
1527,IBI out of range,Row 1527 | Timestamp: 1712016537590 ms | PPG(Green=2543945, Red=2543945, Ir=2543945) | ACC(X=-5.48228359222412, Y=-5.17092609405518, Z=6.24151659011841) | HR=86 bpm | IBI=0 ms | Participant=P15
1528,IBI out of range,Row 1528 | Timestamp: 1712016537630 ms | PPG(Green=2544437, Red=2544437, Ir=2544437) | ACC(X=-5.45114803314209, Y=-5.1876916885376, Z=6.21996068954468) | HR=86 bpm | IBI=0 ms | Participant=P15
1529,IBI out of range,Row 1529 | Timestamp: 1712016537671 ms | PPG(Green=2544938, Red=2544938, Ir=2544938) | ACC(X=-5.42959260940552, Y=-5.22122240066528, Z=6.22235584259033) | HR=87 bpm | IBI=0 ms | Participant=P15
1530,IBI out of range,Row 1530 | Timestamp: 1712016537710 ms | PPG(Green=2545597, Red=2545597, Ir=2545597) | ACC(X=-5.43198728561401, Y=-5.14458084106445, Z=6.27983713150024) | HR=86 bpm | IBI=0 ms | Participant=P15
1531,IBI out of range,Row 1531 | Timestamp: 1712016537750 ms | PPG(Green=2546468, Red=2546468, Ir=2546468) | ACC(X=-5.52778959274292, Y=-5.25235843658447, Z=6.29420757293701) | HR=86 bpm | IBI=0 ms | Participant=P15
1532,IBI out of range,Row 1532 | Timestamp: 1712016537790 ms | PPG(Green=2547408, Red=2547408, Ir=2547408) | ACC(X=-5.42480230331421, Y=-5.13739538192749, Z=6.26786184310913) | HR=85 bpm | IBI=0 ms | Participant=P15
1533,IBI out of range,Row 1533 | Timestamp: 1712016537830 ms | PPG(Green=2548401, Red=2548401, Ir=2548401) | ACC(X=-5.53497505187988, Y=-5.16613626480103, Z=6.2367262840271) | HR=85 bpm | IBI=0 ms | Participant=P15
1534,IBI out of range,Row 1534 | Timestamp: 1712016537871 ms | PPG(Green=2549186, Red=2549186, Ir=2549186) | ACC(X=-5.49904918670654, Y=-5.22122240066528, Z=6.23912143707275) | HR=85 bpm | IBI=0 ms | Participant=P15
1535,IBI out of range,Row 1535 | Timestamp: 1712016537911 ms | PPG(Green=2550005, Red=2550005, Ir=2550005) | ACC(X=-5.39127159118652, Y=-5.16374111175537, Z=6.28702259063721) | HR=85 bpm | IBI=0 ms | Participant=P15
1536,IBI out of range,Row 1536 | Timestamp: 1712016537951 ms | PPG(Green=2550439, Red=2550439, Ir=2550439) | ACC(X=-5.48467874526978, Y=-5.21164226531982, Z=6.20319557189941) | HR=85 bpm | IBI=0 ms | Participant=P15
1537,IBI out of range,Row 1537 | Timestamp: 1712016537991 ms | PPG(Green=2549887, Red=2549887, Ir=2549887) | ACC(X=-5.38648128509521, Y=-5.11583995819092, Z=6.25828170776367) | HR=87 bpm | IBI=0 ms | Participant=P15
1538,IBI out of range,Row 1538 | Timestamp: 1712016538031 ms | PPG(Green=2548853, Red=2548853, Ir=2548853) | ACC(X=-5.43198728561401, Y=-5.26672840118408, Z=6.27265214920044) | HR=87 bpm | IBI=0 ms | Participant=P15
1539,IBI out of range,Row 1539 | Timestamp: 1712016538071 ms | PPG(Green=2547862, Red=2547862, Ir=2547862) | ACC(X=-5.43917274475098, Y=-5.1493706703186, Z=6.22475099563599) | HR=87 bpm | IBI=0 ms | Participant=P15
1540,IBI out of range,Row 1540 | Timestamp: 1712016538111 ms | PPG(Green=2547759, Red=2547759, Ir=2547759) | ACC(X=-5.38408613204956, Y=-5.26193857192993, Z=6.25349187850952) | HR=87 bpm | IBI=0 ms | Participant=P15
1541,IBI out of range,Row 1541 | Timestamp: 1712016538151 ms | PPG(Green=2548088, Red=2548088, Ir=2548088) | ACC(X=-5.47509860992432, Y=-5.12063026428223, Z=6.2439112663269) | HR=88 bpm | IBI=0 ms | Participant=P15
1542,IBI out of range,Row 1542 | Timestamp: 1712016538191 ms | PPG(Green=2548699, Red=2548699, Ir=2548699) | ACC(X=-5.4631233215332, Y=-5.1876916885376, Z=6.16966485977173) | HR=88 bpm | IBI=0 ms | Participant=P15
1543,IBI out of range,Row 1543 | Timestamp: 1712016538231 ms | PPG(Green=2549315, Red=2549315, Ir=2549315) | ACC(X=-5.45593786239624, Y=-5.1493706703186, Z=6.22714614868164) | HR=89 bpm | IBI=0 ms | Participant=P15
1544,IBI out of range,Row 1544 | Timestamp: 1712016538272 ms | PPG(Green=2549658, Red=2549658, Ir=2549658) | ACC(X=-5.42240715026855, Y=-5.2331976890564, Z=6.25588655471802) | HR=89 bpm | IBI=0 ms | Participant=P15
1545,IBI out of range,Row 1545 | Timestamp: 1712016538311 ms | PPG(Green=2549953, Red=2549953, Ir=2549953) | ACC(X=-5.42719745635986, Y=-5.20924711227417, Z=6.20319557189941) | HR=87 bpm | IBI=0 ms | Participant=P15
1546,IBI out of range,Row 1546 | Timestamp: 1712016538351 ms | PPG(Green=2550411, Red=2550411, Ir=2550411) | ACC(X=-5.40564203262329, Y=-5.22122240066528, Z=6.24870157241821) | HR=86 bpm | IBI=0 ms | Participant=P15
1547,IBI out of range,Row 1547 | Timestamp: 1712016538392 ms | PPG(Green=2550894, Red=2550894, Ir=2550894) | ACC(X=-5.48467874526978, Y=-5.16613626480103, Z=6.26786184310913) | HR=86 bpm | IBI=0 ms | Participant=P15
1548,IBI out of range,Row 1548 | Timestamp: 1712016538432 ms | PPG(Green=2551728, Red=2551728, Ir=2551728) | ACC(X=-5.47030830383301, Y=-5.17332124710083, Z=6.25828170776367) | HR=86 bpm | IBI=0 ms | Participant=P15
1549,IBI out of range,Row 1549 | Timestamp: 1712016538472 ms | PPG(Green=2552655, Red=2552655, Ir=2552655) | ACC(X=-5.38648128509521, Y=-5.07991409301758, Z=6.24151659011841) | HR=87 bpm | IBI=0 ms | Participant=P15
1550,IBI out of range,Row 1550 | Timestamp: 1712016538512 ms | PPG(Green=2553297, Red=2553297, Ir=2553297) | ACC(X=-5.55892562866211, Y=-5.13260555267334, Z=6.30139303207397) | HR=87 bpm | IBI=0 ms | Participant=P15
1551,IBI out of range,Row 1551 | Timestamp: 1712016538552 ms | PPG(Green=2554058, Red=2554058, Ir=2554058) | ACC(X=-5.47270345687866, Y=-5.16853141784668, Z=6.20798587799072) | HR=85 bpm | IBI=0 ms | Participant=P15
1552,IBI out of range,Row 1552 | Timestamp: 1712016538592 ms | PPG(Green=2554904, Red=2554904, Ir=2554904) | ACC(X=-5.46791315078735, Y=-5.16374111175537, Z=6.23912143707275) | HR=85 bpm | IBI=0 ms | Participant=P15
1553,IBI out of range,Row 1553 | Timestamp: 1712016538632 ms | PPG(Green=2555151, Red=2555151, Ir=2555151) | ACC(X=-5.55892562866211, Y=-5.19727182388306, Z=6.23433113098145) | HR=86 bpm | IBI=0 ms | Participant=P15
1554,IBI out of range,Row 1554 | Timestamp: 1712016538673 ms | PPG(Green=2554495, Red=2554495, Ir=2554495) | ACC(X=-5.52299976348877, Y=-5.12781524658203, Z=6.26546716690063) | HR=87 bpm | IBI=0 ms | Participant=P15
1555,IBI out of range,Row 1555 | Timestamp: 1712016538712 ms | PPG(Green=2553350, Red=2553350, Ir=2553350) | ACC(X=-5.48946857452393, Y=-5.16134595870972, Z=6.24151659011841) | HR=88 bpm | IBI=0 ms | Participant=P15
1556,IBI out of range,Row 1556 | Timestamp: 1712016538753 ms | PPG(Green=2552527, Red=2552527, Ir=2552527) | ACC(X=-5.47030830383301, Y=-5.09907484054565, Z=6.27265214920044) | HR=89 bpm | IBI=0 ms | Participant=P15
1557,IBI out of range,Row 1557 | Timestamp: 1712016538792 ms | PPG(Green=2552246, Red=2552246, Ir=2552246) | ACC(X=-5.58766603469849, Y=-5.14697551727295, Z=6.21038055419922) | HR=89 bpm | IBI=0 ms | Participant=P15
1558,IBI out of range,Row 1558 | Timestamp: 1712016538833 ms | PPG(Green=2552603, Red=2552603, Ir=2552603) | ACC(X=-5.47988843917847, Y=-5.1493706703186, Z=6.21517086029053) | HR=90 bpm | IBI=0 ms | Participant=P15
1559,IBI out of range,Row 1559 | Timestamp: 1712016538874 ms | PPG(Green=2553114, Red=2553114, Ir=2553114) | ACC(X=-5.61640691757202, Y=-5.18050670623779, Z=6.21517086029053) | HR=91 bpm | IBI=0 ms | Participant=P15
1560,IBI out of range,Row 1560 | Timestamp: 1712016538913 ms | PPG(Green=2553238, Red=2553238, Ir=2553238) | ACC(X=-5.56371545791626, Y=-5.14458084106445, Z=6.18882513046265) | HR=91 bpm | IBI=0 ms | Participant=P15
1561,IBI out of range,Row 1561 | Timestamp: 1712016538953 ms | PPG(Green=2553495, Red=2553495, Ir=2553495) | ACC(X=-5.53018474578857, Y=-5.12063026428223, Z=6.18642997741699) | HR=91 bpm | IBI=0 ms | Participant=P15
1562,IBI out of range,Row 1562 | Timestamp: 1712016538993 ms | PPG(Green=2553601, Red=2553601, Ir=2553601) | ACC(X=-5.47030830383301, Y=-5.12781524658203, Z=6.20798587799072) | HR=91 bpm | IBI=0 ms | Participant=P15
1563,IBI out of range,Row 1563 | Timestamp: 1712016539033 ms | PPG(Green=2553742, Red=2553742, Ir=2553742) | ACC(X=-5.546950340271, Y=-5.19008684158325, Z=6.19840526580811) | HR=91 bpm | IBI=0 ms | Participant=P15
1564,IBI out of range,Row 1564 | Timestamp: 1712016539074 ms | PPG(Green=2553980, Red=2553980, Ir=2553980) | ACC(X=-5.58048105239868, Y=-5.1876916885376, Z=6.24630641937256) | HR=93 bpm | IBI=0 ms | Participant=P15
1565,IBI out of range,Row 1565 | Timestamp: 1712016539113 ms | PPG(Green=2554535, Red=2554535, Ir=2554535) | ACC(X=-5.45114803314209, Y=-5.1493706703186, Z=6.24870157241821) | HR=93 bpm | IBI=0 ms | Participant=P15
1566,IBI out of range,Row 1566 | Timestamp: 1712016539153 ms | PPG(Green=2555096, Red=2555096, Ir=2555096) | ACC(X=-5.6068263053894, Y=-5.0966796875, Z=6.30378770828247) | HR=94 bpm | IBI=0 ms | Participant=P15
1567,IBI out of range,Row 1567 | Timestamp: 1712016539193 ms | PPG(Green=2555630, Red=2555630, Ir=2555630) | ACC(X=-5.49904918670654, Y=-5.14697551727295, Z=6.19601058959961) | HR=94 bpm | IBI=0 ms | Participant=P15
1568,IBI out of range,Row 1568 | Timestamp: 1712016539234 ms | PPG(Green=2556333, Red=2556333, Ir=2556333) | ACC(X=-5.48467874526978, Y=-5.1948766708374, Z=6.20798587799072) | HR=93 bpm | IBI=0 ms | Participant=P15
1569,IBI out of range,Row 1569 | Timestamp: 1712016539274 ms | PPG(Green=2556899, Red=2556899, Ir=2556899) | ACC(X=-5.58527088165283, Y=-5.14697551727295, Z=6.24151659011841) | HR=94 bpm | IBI=0 ms | Participant=P15
1570,IBI out of range,Row 1570 | Timestamp: 1712016539314 ms | PPG(Green=2556883, Red=2556883, Ir=2556883) | ACC(X=-5.57569074630737, Y=-5.14697551727295, Z=6.20559072494507) | HR=94 bpm | IBI=0 ms | Participant=P15
1571,IBI out of range,Row 1571 | Timestamp: 1712016539354 ms | PPG(Green=2556050, Red=2556050, Ir=2556050) | ACC(X=-5.43917274475098, Y=-5.22601270675659, Z=6.22475099563599) | HR=93 bpm | IBI=0 ms | Participant=P15
1572,IBI out of range,Row 1572 | Timestamp: 1712016539394 ms | PPG(Green=2555110, Red=2555110, Ir=2555110) | ACC(X=-5.45593786239624, Y=-5.21643257141113, Z=6.27265214920044) | HR=92 bpm | IBI=0 ms | Participant=P15
1573,IBI out of range,Row 1573 | Timestamp: 1712016539434 ms | PPG(Green=2554641, Red=2554641, Ir=2554641) | ACC(X=-5.43198728561401, Y=-5.19248199462891, Z=6.25828170776367) | HR=91 bpm | IBI=0 ms | Participant=P15
1574,IBI out of range,Row 1574 | Timestamp: 1712016539475 ms | PPG(Green=2555012, Red=2555012, Ir=2555012) | ACC(X=-5.52539443969727, Y=-5.19008684158325, Z=6.25588655471802) | HR=90 bpm | IBI=0 ms | Participant=P15
1575,IBI out of range,Row 1575 | Timestamp: 1712016539514 ms | PPG(Green=2555638, Red=2555638, Ir=2555638) | ACC(X=-5.44875288009644, Y=-5.12542009353638, Z=6.17445468902588) | HR=89 bpm | IBI=0 ms | Participant=P15
1576,IBI out of range,Row 1576 | Timestamp: 1712016539554 ms | PPG(Green=2556472, Red=2556472, Ir=2556472) | ACC(X=-5.5541353225708, Y=-5.20685195922852, Z=6.21277570724487) | HR=88 bpm | IBI=0 ms | Participant=P15
1577,IBI out of range,Row 1577 | Timestamp: 1712016539595 ms | PPG(Green=2557130, Red=2557130, Ir=2557130) | ACC(X=-5.38887643814087, Y=-5.13739538192749, Z=6.2367262840271) | HR=87 bpm | IBI=0 ms | Participant=P15
1578,IBI out of range,Row 1578 | Timestamp: 1712016539635 ms | PPG(Green=2557329, Red=2557329, Ir=2557329) | ACC(X=-5.48707389831543, Y=-5.30265426635742, Z=6.17206001281738) | HR=86 bpm | IBI=0 ms | Participant=P15
1579,IBI out of range,Row 1579 | Timestamp: 1712016539675 ms | PPG(Green=2557775, Red=2557775, Ir=2557775) | ACC(X=-5.43917274475098, Y=-5.24277782440186, Z=6.17924499511719) | HR=86 bpm | IBI=0 ms | Participant=P15
1580,IBI out of range,Row 1580 | Timestamp: 1712016539715 ms | PPG(Green=2558553, Red=2558553, Ir=2558553) | ACC(X=-5.49186372756958, Y=-5.17571640014648, Z=6.20080041885376) | HR=85 bpm | IBI=0 ms | Participant=P15
1581,IBI out of range,Row 1581 | Timestamp: 1712016539755 ms | PPG(Green=2559157, Red=2559157, Ir=2559157) | ACC(X=-5.43917274475098, Y=-5.26193857192993, Z=6.27983713150024) | HR=85 bpm | IBI=0 ms | Participant=P15
1582,IBI out of range,Row 1582 | Timestamp: 1712016539795 ms | PPG(Green=2559870, Red=2559870, Ir=2559870) | ACC(X=-5.39127159118652, Y=-5.1876916885376, Z=6.28702259063721) | HR=85 bpm | IBI=0 ms | Participant=P15
1583,IBI out of range,Row 1583 | Timestamp: 1712016539835 ms | PPG(Green=2560587, Red=2560587, Ir=2560587) | ACC(X=-5.47270345687866, Y=-5.24517297744751, Z=6.22235584259033) | HR=87 bpm | IBI=0 ms | Participant=P15
1584,IBI out of range,Row 1584 | Timestamp: 1712016539876 ms | PPG(Green=2561375, Red=2561375, Ir=2561375) | ACC(X=-5.42719745635986, Y=-5.22601270675659, Z=6.25828170776367) | HR=88 bpm | IBI=0 ms | Participant=P15
1585,IBI out of range,Row 1585 | Timestamp: 1712016539915 ms | PPG(Green=2562231, Red=2562231, Ir=2562231) | ACC(X=-5.47988843917847, Y=-5.22361755371094, Z=6.1840353012085) | HR=89 bpm | IBI=0 ms | Participant=P15
1586,IBI out of range,Row 1586 | Timestamp: 1712016539955 ms | PPG(Green=2562117, Red=2562117, Ir=2562117) | ACC(X=-5.48946857452393, Y=-5.21882724761963, Z=6.22714614868164) | HR=89 bpm | IBI=0 ms | Participant=P15
1587,IBI out of range,Row 1587 | Timestamp: 1712016539995 ms | PPG(Green=2561373, Red=2561373, Ir=2561373) | ACC(X=-5.41043186187744, Y=-5.25475311279297, Z=6.21517086029053) | HR=89 bpm | IBI=0 ms | Participant=P15
1588,IBI out of range,Row 1588 | Timestamp: 1712016540035 ms | PPG(Green=2560804, Red=2560804, Ir=2560804) | ACC(X=-5.4176173210144, Y=-5.25235843658447, Z=6.2439112663269) | HR=88 bpm | IBI=0 ms | Participant=P15
1589,IBI out of range,Row 1589 | Timestamp: 1712016540076 ms | PPG(Green=2560477, Red=2560477, Ir=2560477) | ACC(X=-5.52060461044312, Y=-5.22361755371094, Z=6.18642997741699) | HR=87 bpm | IBI=0 ms | Participant=P15
1590,IBI out of range,Row 1590 | Timestamp: 1712016540116 ms | PPG(Green=2560672, Red=2560672, Ir=2560672) | ACC(X=-5.44635772705078, Y=-5.22122240066528, Z=6.27744245529175) | HR=87 bpm | IBI=0 ms | Participant=P15
1591,IBI out of range,Row 1591 | Timestamp: 1712016540156 ms | PPG(Green=2561116, Red=2561116, Ir=2561116) | ACC(X=-5.45593786239624, Y=-5.21164226531982, Z=6.21756601333618) | HR=86 bpm | IBI=0 ms | Participant=P15
1592,IBI out of range,Row 1592 | Timestamp: 1712016540196 ms | PPG(Green=2561606, Red=2561606, Ir=2561606) | ACC(X=-5.39366674423218, Y=-5.20924711227417, Z=6.2439112663269) | HR=85 bpm | IBI=0 ms | Participant=P15
1593,IBI out of range,Row 1593 | Timestamp: 1712016540236 ms | PPG(Green=2561977, Red=2561977, Ir=2561977) | ACC(X=-5.42959260940552, Y=-5.20924711227417, Z=6.21756601333618) | HR=85 bpm | IBI=0 ms | Participant=P15
1594,IBI out of range,Row 1594 | Timestamp: 1712016540277 ms | PPG(Green=2562066, Red=2562066, Ir=2562066) | ACC(X=-5.45114803314209, Y=-5.22840785980225, Z=6.21756601333618) | HR=84 bpm | IBI=0 ms | Participant=P15
1595,IBI out of range,Row 1595 | Timestamp: 1712016540316 ms | PPG(Green=2562206, Red=2562206, Ir=2562206) | ACC(X=-5.38648128509521, Y=-5.15176582336426, Z=6.23193597793579) | HR=83 bpm | IBI=0 ms | Participant=P15
1596,IBI out of range,Row 1596 | Timestamp: 1712016540356 ms | PPG(Green=2562660, Red=2562660, Ir=2562660) | ACC(X=-5.44396257400513, Y=-5.18529653549194, Z=6.2439112663269) | HR=82 bpm | IBI=0 ms | Participant=P15
1597,IBI out of range,Row 1597 | Timestamp: 1712016540396 ms | PPG(Green=2563188, Red=2563188, Ir=2563188) | ACC(X=-5.39845657348633, Y=-5.2787036895752, Z=6.17206001281738) | HR=80 bpm | IBI=0 ms | Participant=P15
1598,IBI out of range,Row 1598 | Timestamp: 1712016540437 ms | PPG(Green=2563883, Red=2563883, Ir=2563883) | ACC(X=-5.48228359222412, Y=-5.22840785980225, Z=6.25588655471802) | HR=80 bpm | IBI=0 ms | Participant=P15
1599,IBI out of range,Row 1599 | Timestamp: 1712016540477 ms | PPG(Green=2564470, Red=2564470, Ir=2564470) | ACC(X=-5.44396257400513, Y=-5.28828430175781, Z=6.2367262840271) | HR=79 bpm | IBI=0 ms | Participant=P15
1600,IBI out of range,Row 1600 | Timestamp: 1712016540517 ms | PPG(Green=2564981, Red=2564981, Ir=2564981) | ACC(X=-5.44156742095947, Y=-5.26433372497559, Z=6.1457142829895) | HR=78 bpm | IBI=0 ms | Participant=P15
1601,IBI out of range,Row 1601 | Timestamp: 1712016540557 ms | PPG(Green=2565694, Red=2565694, Ir=2565694) | ACC(X=-5.49904918670654, Y=-5.21164226531982, Z=6.14331912994385) | HR=77 bpm | IBI=0 ms | Participant=P15
1602,IBI out of range,Row 1602 | Timestamp: 1712016540597 ms | PPG(Green=2565656, Red=2565656, Ir=2565656) | ACC(X=-5.4631233215332, Y=-5.26193857192993, Z=6.22954130172729) | HR=77 bpm | IBI=0 ms | Participant=P15
1603,IBI out of range,Row 1603 | Timestamp: 1712016540637 ms | PPG(Green=2564968, Red=2564968, Ir=2564968) | ACC(X=-5.38169145584106, Y=-5.32420969009399, Z=6.25828170776367) | HR=76 bpm | IBI=0 ms | Participant=P15
1604,IBI out of range,Row 1604 | Timestamp: 1712016540678 ms | PPG(Green=2564062, Red=2564062, Ir=2564062) | ACC(X=-5.40324687957764, Y=-5.15176582336426, Z=6.26546716690063) | HR=76 bpm | IBI=0 ms | Participant=P15
1605,IBI out of range,Row 1605 | Timestamp: 1712016540717 ms | PPG(Green=2563574, Red=2563574, Ir=2563574) | ACC(X=-5.4631233215332, Y=-5.16853141784668, Z=6.18882513046265) | HR=75 bpm | IBI=0 ms | Participant=P15
1606,IBI out of range,Row 1606 | Timestamp: 1712016540757 ms | PPG(Green=2563574, Red=2563574, Ir=2563574) | ACC(X=-5.39606142044067, Y=-5.24756813049316, Z=6.23433113098145) | HR=75 bpm | IBI=0 ms | Participant=P15
1607,IBI out of range,Row 1607 | Timestamp: 1712016540798 ms | PPG(Green=2564045, Red=2564045, Ir=2564045) | ACC(X=-5.42959260940552, Y=-5.24996328353882, Z=6.19840526580811) | HR=75 bpm | IBI=0 ms | Participant=P15
1608,IBI out of range,Row 1608 | Timestamp: 1712016540838 ms | PPG(Green=2564531, Red=2564531, Ir=2564531) | ACC(X=-5.4583330154419, Y=-5.25954341888428, Z=6.24630641937256) | HR=74 bpm | IBI=0 ms | Participant=P15
1609,IBI out of range,Row 1609 | Timestamp: 1712016540878 ms | PPG(Green=2564629, Red=2564629, Ir=2564629) | ACC(X=-5.51102447509766, Y=-5.18529653549194, Z=6.26307201385498) | HR=74 bpm | IBI=0 ms | Participant=P15
1610,IBI out of range,Row 1610 | Timestamp: 1712016540918 ms | PPG(Green=2564830, Red=2564830, Ir=2564830) | ACC(X=-5.40324687957764, Y=-5.26433372497559, Z=6.20559072494507) | HR=74 bpm | IBI=0 ms | Participant=P15
1611,IBI out of range,Row 1611 | Timestamp: 1712016540958 ms | PPG(Green=2565124, Red=2565124, Ir=2565124) | ACC(X=-5.40324687957764, Y=-5.22601270675659, Z=6.2367262840271) | HR=74 bpm | IBI=0 ms | Participant=P15
1612,IBI out of range,Row 1612 | Timestamp: 1712016540998 ms | PPG(Green=2565285, Red=2565285, Ir=2565285) | ACC(X=-5.48707389831543, Y=-5.26433372497559, Z=6.19601058959961) | HR=73 bpm | IBI=0 ms | Participant=P15
1613,IBI out of range,Row 1613 | Timestamp: 1712016541038 ms | PPG(Green=2565839, Red=2565839, Ir=2565839) | ACC(X=-5.42240715026855, Y=-5.1876916885376, Z=6.29899787902832) | HR=73 bpm | IBI=0 ms | Participant=P15
1614,IBI out of range,Row 1614 | Timestamp: 1712016541079 ms | PPG(Green=2566356, Red=2566356, Ir=2566356) | ACC(X=-5.42480230331421, Y=-5.13021039962769, Z=6.20080041885376) | HR=74 bpm | IBI=0 ms | Participant=P15
1615,IBI out of range,Row 1615 | Timestamp: 1712016541118 ms | PPG(Green=2566975, Red=2566975, Ir=2566975) | ACC(X=-5.52060461044312, Y=-5.18290138244629, Z=6.1840353012085) | HR=77 bpm | IBI=0 ms | Participant=P15
1616,IBI out of range,Row 1616 | Timestamp: 1712016541158 ms | PPG(Green=2567672, Red=2567672, Ir=2567672) | ACC(X=-5.49425888061523, Y=-5.22601270675659, Z=6.20559072494507) | HR=81 bpm | IBI=0 ms | Participant=P15
1617,IBI out of range,Row 1617 | Timestamp: 1712016541198 ms | PPG(Green=2568195, Red=2568195, Ir=2568195) | ACC(X=-5.46791315078735, Y=-5.21643257141113, Z=6.21756601333618) | HR=83 bpm | IBI=0 ms | Participant=P15
1618,IBI out of range,Row 1618 | Timestamp: 1712016541239 ms | PPG(Green=2568059, Red=2568059, Ir=2568059) | ACC(X=-5.48946857452393, Y=-5.26433372497559, Z=6.24630641937256) | HR=84 bpm | IBI=0 ms | Participant=P15
1620,IBI out of range,Row 1620 | Timestamp: 1712016541319 ms | PPG(Green=2566346, Red=2566346, Ir=2566346) | ACC(X=-5.43438243865967, Y=-5.16134595870972, Z=6.23912143707275) | HR=86 bpm | IBI=0 ms | Participant=P15
1621,IBI out of range,Row 1621 | Timestamp: 1712016541359 ms | PPG(Green=2565778, Red=2565778, Ir=2565778) | ACC(X=-5.53497505187988, Y=-5.13260555267334, Z=6.28941774368286) | HR=86 bpm | IBI=0 ms | Participant=P15
1622,IBI out of range,Row 1622 | Timestamp: 1712016541399 ms | PPG(Green=2565551, Red=2565551, Ir=2565551) | ACC(X=-5.51341915130615, Y=-5.14458084106445, Z=6.24870157241821) | HR=85 bpm | IBI=0 ms | Participant=P15
1623,IBI out of range,Row 1623 | Timestamp: 1712016541439 ms | PPG(Green=2565817, Red=2565817, Ir=2565817) | ACC(X=-5.47749328613281, Y=-5.16134595870972, Z=6.19840526580811) | HR=85 bpm | IBI=0 ms | Participant=P15
1624,IBI out of range,Row 1624 | Timestamp: 1712016541480 ms | PPG(Green=2566125, Red=2566125, Ir=2566125) | ACC(X=-5.47988843917847, Y=-5.22361755371094, Z=6.17924499511719) | HR=84 bpm | IBI=0 ms | Participant=P15
1625,IBI out of range,Row 1625 | Timestamp: 1712016541519 ms | PPG(Green=2566210, Red=2566210, Ir=2566210) | ACC(X=-5.48707389831543, Y=-5.15416097640991, Z=6.20319557189941) | HR=83 bpm | IBI=0 ms | Participant=P15
1626,IBI out of range,Row 1626 | Timestamp: 1712016541559 ms | PPG(Green=2566176, Red=2566176, Ir=2566176) | ACC(X=-5.49186372756958, Y=-5.1876916885376, Z=6.20798587799072) | HR=83 bpm | IBI=0 ms | Participant=P15
1627,IBI out of range,Row 1627 | Timestamp: 1712016541599 ms | PPG(Green=2566105, Red=2566105, Ir=2566105) | ACC(X=-5.41043186187744, Y=-5.16374111175537, Z=6.24870157241821) | HR=82 bpm | IBI=0 ms | Participant=P15
1628,IBI out of range,Row 1628 | Timestamp: 1712016541640 ms | PPG(Green=2566231, Red=2566231, Ir=2566231) | ACC(X=-5.4655179977417, Y=-5.2331976890564, Z=6.18642997741699) | HR=83 bpm | IBI=0 ms | Participant=P15
1629,IBI out of range,Row 1629 | Timestamp: 1712016541680 ms | PPG(Green=2566567, Red=2566567, Ir=2566567) | ACC(X=-5.48228359222412, Y=-5.21882724761963, Z=6.24151659011841) | HR=82 bpm | IBI=0 ms | Participant=P15
1630,IBI out of range,Row 1630 | Timestamp: 1712016541720 ms | PPG(Green=2567003, Red=2567003, Ir=2567003) | ACC(X=-5.56132030487061, Y=-5.11105012893677, Z=6.29420757293701) | HR=82 bpm | IBI=0 ms | Participant=P15
1631,IBI out of range,Row 1631 | Timestamp: 1712016541760 ms | PPG(Green=2567580, Red=2567580, Ir=2567580) | ACC(X=-5.47749328613281, Y=-5.1493706703186, Z=6.15529441833496) | HR=80 bpm | IBI=0 ms | Participant=P15
1632,IBI out of range,Row 1632 | Timestamp: 1712016541800 ms | PPG(Green=2568070, Red=2568070, Ir=2568070) | ACC(X=-5.45593786239624, Y=-5.16613626480103, Z=6.20319557189941) | HR=79 bpm | IBI=0 ms | Participant=P15
1633,IBI out of range,Row 1633 | Timestamp: 1712016541840 ms | PPG(Green=2568640, Red=2568640, Ir=2568640) | ACC(X=-5.42240715026855, Y=-5.25714826583862, Z=6.23433113098145) | HR=78 bpm | IBI=0 ms | Participant=P15
1634,IBI out of range,Row 1634 | Timestamp: 1712016541881 ms | PPG(Green=2568494, Red=2568494, Ir=2568494) | ACC(X=-5.49425888061523, Y=-5.20445728302002, Z=6.25349187850952) | HR=79 bpm | IBI=0 ms | Participant=P15
1635,IBI out of range,Row 1635 | Timestamp: 1712016541920 ms | PPG(Green=2567691, Red=2567691, Ir=2567691) | ACC(X=-5.50383901596069, Y=-5.25235843658447, Z=6.26786184310913) | HR=79 bpm | IBI=0 ms | Participant=P15
1636,IBI out of range,Row 1636 | Timestamp: 1712016541960 ms | PPG(Green=2566850, Red=2566850, Ir=2566850) | ACC(X=-5.42719745635986, Y=-5.15895080566406, Z=6.16966485977173) | HR=79 bpm | IBI=0 ms | Participant=P15
1637,IBI out of range,Row 1637 | Timestamp: 1712016542001 ms | PPG(Green=2566262, Red=2566262, Ir=2566262) | ACC(X=-5.38408613204956, Y=-5.1948766708374, Z=6.21996068954468) | HR=79 bpm | IBI=0 ms | Participant=P15
1638,IBI out of range,Row 1638 | Timestamp: 1712016542041 ms | PPG(Green=2566435, Red=2566435, Ir=2566435) | ACC(X=-5.43677759170532, Y=-5.20206212997437, Z=6.1912202835083) | HR=79 bpm | IBI=0 ms | Participant=P15
1639,IBI out of range,Row 1639 | Timestamp: 1712016542081 ms | PPG(Green=2566772, Red=2566772, Ir=2566772) | ACC(X=-5.48946857452393, Y=-5.18050670623779, Z=6.22954130172729) | HR=79 bpm | IBI=0 ms | Participant=P15
1640,IBI out of range,Row 1640 | Timestamp: 1712016542121 ms | PPG(Green=2567164, Red=2567164, Ir=2567164) | ACC(X=-5.45114803314209, Y=-5.19966697692871, Z=6.20798587799072) | HR=79 bpm | IBI=0 ms | Participant=P15
1641,IBI out of range,Row 1641 | Timestamp: 1712016542161 ms | PPG(Green=2567506, Red=2567506, Ir=2567506) | ACC(X=-5.47988843917847, Y=-5.22361755371094, Z=6.23433113098145) | HR=79 bpm | IBI=0 ms | Participant=P15
1642,IBI out of range,Row 1642 | Timestamp: 1712016542201 ms | PPG(Green=2567643, Red=2567643, Ir=2567643) | ACC(X=-5.39845657348633, Y=-5.17332124710083, Z=6.27983713150024) | HR=79 bpm | IBI=0 ms | Participant=P15
1643,IBI out of range,Row 1643 | Timestamp: 1712016542241 ms | PPG(Green=2567763, Red=2567763, Ir=2567763) | ACC(X=-5.40324687957764, Y=-5.26912355422974, Z=6.20080041885376) | HR=79 bpm | IBI=0 ms | Participant=P15
1644,IBI out of range,Row 1644 | Timestamp: 1712016542282 ms | PPG(Green=2568086, Red=2568086, Ir=2568086) | ACC(X=-5.54216003417969, Y=-5.2331976890564, Z=6.20559072494507) | HR=79 bpm | IBI=0 ms | Participant=P15
1645,IBI out of range,Row 1645 | Timestamp: 1712016542321 ms | PPG(Green=2568583, Red=2568583, Ir=2568583) | ACC(X=-5.42719745635986, Y=-5.21403741836548, Z=6.26546716690063) | HR=79 bpm | IBI=0 ms | Participant=P15
1646,IBI out of range,Row 1646 | Timestamp: 1712016542361 ms | PPG(Green=2569005, Red=2569005, Ir=2569005) | ACC(X=-5.47270345687866, Y=-5.18050670623779, Z=6.24630641937256) | HR=79 bpm | IBI=0 ms | Participant=P15
1647,IBI out of range,Row 1647 | Timestamp: 1712016542401 ms | PPG(Green=2569795, Red=2569795, Ir=2569795) | ACC(X=-5.4200119972229, Y=-5.2834939956665, Z=6.21517086029053) | HR=78 bpm | IBI=0 ms | Participant=P15
1648,IBI out of range,Row 1648 | Timestamp: 1712016542441 ms | PPG(Green=2570439, Red=2570439, Ir=2570439) | ACC(X=-5.47030830383301, Y=-5.20206212997437, Z=6.20319557189941) | HR=78 bpm | IBI=0 ms | Participant=P15
1649,IBI out of range,Row 1649 | Timestamp: 1712016542482 ms | PPG(Green=2570586, Red=2570586, Ir=2570586) | ACC(X=-5.48707389831543, Y=-5.20445728302002, Z=6.21038055419922) | HR=78 bpm | IBI=0 ms | Participant=P15
1650,IBI out of range,Row 1650 | Timestamp: 1712016542522 ms | PPG(Green=2569951, Red=2569951, Ir=2569951) | ACC(X=-5.4655179977417, Y=-5.25714826583862, Z=6.20798587799072) | HR=77 bpm | IBI=0 ms | Participant=P15
1651,IBI out of range,Row 1651 | Timestamp: 1712016542562 ms | PPG(Green=2568867, Red=2568867, Ir=2568867) | ACC(X=-5.36492586135864, Y=-5.17092609405518, Z=6.25109672546387) | HR=77 bpm | IBI=0 ms | Participant=P15
1652,IBI out of range,Row 1652 | Timestamp: 1712016542602 ms | PPG(Green=2567528, Red=2567528, Ir=2567528) | ACC(X=-5.45354270935059, Y=-5.22601270675659, Z=6.19840526580811) | HR=76 bpm | IBI=0 ms | Participant=P15
1653,IBI out of range,Row 1653 | Timestamp: 1712016542642 ms | PPG(Green=2567022, Red=2567022, Ir=2567022) | ACC(X=-5.4631233215332, Y=-5.18529653549194, Z=6.24151659011841) | HR=75 bpm | IBI=0 ms | Participant=P15
1654,IBI out of range,Row 1654 | Timestamp: 1712016542683 ms | PPG(Green=2567011, Red=2567011, Ir=2567011) | ACC(X=-5.37211084365845, Y=-5.20445728302002, Z=6.27744245529175) | HR=74 bpm | IBI=0 ms | Participant=P15
1655,IBI out of range,Row 1655 | Timestamp: 1712016542722 ms | PPG(Green=2567441, Red=2567441, Ir=2567441) | ACC(X=-5.44635772705078, Y=-5.21403741836548, Z=6.21517086029053) | HR=74 bpm | IBI=0 ms | Participant=P15
1656,IBI out of range,Row 1656 | Timestamp: 1712016542762 ms | PPG(Green=2567524, Red=2567524, Ir=2567524) | ACC(X=-5.41043186187744, Y=-5.25714826583862, Z=6.27025699615479) | HR=74 bpm | IBI=0 ms | Participant=P15
1657,IBI out of range,Row 1657 | Timestamp: 1712016542802 ms | PPG(Green=2567586, Red=2567586, Ir=2567586) | ACC(X=-5.40803670883179, Y=-5.24038314819336, Z=6.22235584259033) | HR=74 bpm | IBI=0 ms | Participant=P15
1658,IBI out of range,Row 1658 | Timestamp: 1712016542842 ms | PPG(Green=2567429, Red=2567429, Ir=2567429) | ACC(X=-5.39845657348633, Y=-5.19727182388306, Z=6.22235584259033) | HR=75 bpm | IBI=0 ms | Participant=P15
1659,IBI out of range,Row 1659 | Timestamp: 1712016542883 ms | PPG(Green=2567510, Red=2567510, Ir=2567510) | ACC(X=-5.47509860992432, Y=-5.23798799514771, Z=6.17924499511719) | HR=77 bpm | IBI=0 ms | Participant=P15
1660,IBI out of range,Row 1660 | Timestamp: 1712016542923 ms | PPG(Green=2567893, Red=2567893, Ir=2567893) | ACC(X=-5.40564203262329, Y=-5.26912355422974, Z=6.22475099563599) | HR=78 bpm | IBI=0 ms | Participant=P15
1661,IBI out of range,Row 1661 | Timestamp: 1712016542963 ms | PPG(Green=2568370, Red=2568370, Ir=2568370) | ACC(X=-5.48228359222412, Y=-5.1876916885376, Z=6.26786184310913) | HR=79 bpm | IBI=0 ms | Participant=P15
1662,IBI out of range,Row 1662 | Timestamp: 1712016543003 ms | PPG(Green=2568906, Red=2568906, Ir=2568906) | ACC(X=-5.56371545791626, Y=-5.25235843658447, Z=6.20080041885376) | HR=79 bpm | IBI=0 ms | Participant=P15
1663,IBI out of range,Row 1663 | Timestamp: 1712016543043 ms | PPG(Green=2569435, Red=2569435, Ir=2569435) | ACC(X=-5.43917274475098, Y=-5.18050670623779, Z=6.22235584259033) | HR=79 bpm | IBI=0 ms | Participant=P15
1664,IBI out of range,Row 1664 | Timestamp: 1712016543084 ms | PPG(Green=2570095, Red=2570095, Ir=2570095) | ACC(X=-5.43677759170532, Y=-5.20685195922852, Z=6.19601058959961) | HR=77 bpm | IBI=0 ms | Participant=P15
1665,IBI out of range,Row 1665 | Timestamp: 1712016543123 ms | PPG(Green=2570097, Red=2570097, Ir=2570097) | ACC(X=-5.48946857452393, Y=-5.30983972549438, Z=6.16966485977173) | HR=76 bpm | IBI=0 ms | Participant=P15
1666,IBI out of range,Row 1666 | Timestamp: 1712016543163 ms | PPG(Green=2569229, Red=2569229, Ir=2569229) | ACC(X=-5.39606142044067, Y=-5.25954341888428, Z=6.24630641937256) | HR=78 bpm | IBI=0 ms | Participant=P15
1667,IBI out of range,Row 1667 | Timestamp: 1712016543204 ms | PPG(Green=2567696, Red=2567696, Ir=2567696) | ACC(X=-5.40564203262329, Y=-5.18529653549194, Z=6.24870157241821) | HR=79 bpm | IBI=0 ms | Participant=P15
1668,IBI out of range,Row 1668 | Timestamp: 1712016543243 ms | PPG(Green=2566197, Red=2566197, Ir=2566197) | ACC(X=-5.51341915130615, Y=-5.19008684158325, Z=6.19601058959961) | HR=81 bpm | IBI=0 ms | Participant=P15
1669,IBI out of range,Row 1669 | Timestamp: 1712016543284 ms | PPG(Green=2565946, Red=2565946, Ir=2565946) | ACC(X=-5.3745059967041, Y=-5.2331976890564, Z=6.24151659011841) | HR=82 bpm | IBI=0 ms | Participant=P15
1670,IBI out of range,Row 1670 | Timestamp: 1712016543324 ms | PPG(Green=2566081, Red=2566081, Ir=2566081) | ACC(X=-5.40803670883179, Y=-5.19248199462891, Z=6.17445468902588) | HR=83 bpm | IBI=0 ms | Participant=P15
1671,IBI out of range,Row 1671 | Timestamp: 1712016543364 ms | PPG(Green=2566315, Red=2566315, Ir=2566315) | ACC(X=-5.48946857452393, Y=-5.22361755371094, Z=6.21756601333618) | HR=83 bpm | IBI=0 ms | Participant=P15
1672,IBI out of range,Row 1672 | Timestamp: 1712016543404 ms | PPG(Green=2566279, Red=2566279, Ir=2566279) | ACC(X=-5.47749328613281, Y=-5.17811155319214, Z=6.32055330276489) | HR=82 bpm | IBI=0 ms | Participant=P15
1673,IBI out of range,Row 1673 | Timestamp: 1712016543444 ms | PPG(Green=2566245, Red=2566245, Ir=2566245) | ACC(X=-5.40324687957764, Y=-5.19248199462891, Z=6.19601058959961) | HR=81 bpm | IBI=0 ms | Participant=P15
1674,IBI out of range,Row 1674 | Timestamp: 1712016543485 ms | PPG(Green=2566213, Red=2566213, Ir=2566213) | ACC(X=-5.44156742095947, Y=-5.21164226531982, Z=6.23193597793579) | HR=80 bpm | IBI=0 ms | Participant=P15
1675,IBI out of range,Row 1675 | Timestamp: 1712016543524 ms | PPG(Green=2566390, Red=2566390, Ir=2566390) | ACC(X=-5.4176173210144, Y=-5.19727182388306, Z=6.21517086029053) | HR=80 bpm | IBI=0 ms | Participant=P15
1676,IBI out of range,Row 1676 | Timestamp: 1712016543565 ms | PPG(Green=2566739, Red=2566739, Ir=2566739) | ACC(X=-5.40085172653198, Y=-5.25235843658447, Z=6.29181241989136) | HR=79 bpm | IBI=0 ms | Participant=P15
1677,IBI out of range,Row 1677 | Timestamp: 1712016543605 ms | PPG(Green=2567371, Red=2567371, Ir=2567371) | ACC(X=-5.37929630279541, Y=-5.15895080566406, Z=6.26546716690063) | HR=78 bpm | IBI=0 ms | Participant=P15
1678,IBI out of range,Row 1678 | Timestamp: 1712016543645 ms | PPG(Green=2567842, Red=2567842, Ir=2567842) | ACC(X=-5.57090091705322, Y=-5.23559284210205, Z=6.23193597793579) | HR=78 bpm | IBI=0 ms | Participant=P15
1679,IBI out of range,Row 1679 | Timestamp: 1712016543686 ms | PPG(Green=2568359, Red=2568359, Ir=2568359) | ACC(X=-5.39366674423218, Y=-5.17571640014648, Z=6.22235584259033) | HR=77 bpm | IBI=0 ms | Participant=P15
1680,IBI out of range,Row 1680 | Timestamp: 1712016543725 ms | PPG(Green=2568958, Red=2568958, Ir=2568958) | ACC(X=-5.45354270935059, Y=-5.25235843658447, Z=6.14092397689819) | HR=77 bpm | IBI=0 ms | Participant=P15
1681,IBI out of range,Row 1681 | Timestamp: 1712016543765 ms | PPG(Green=2569050, Red=2569050, Ir=2569050) | ACC(X=-5.51102447509766, Y=-5.23080253601074, Z=6.20319557189941) | HR=77 bpm | IBI=0 ms | Participant=P15
1682,IBI out of range,Row 1682 | Timestamp: 1712016543805 ms | PPG(Green=2568341, Red=2568341, Ir=2568341) | ACC(X=-5.47030830383301, Y=-5.22361755371094, Z=6.27983713150024) | HR=77 bpm | IBI=0 ms | Participant=P15
1683,IBI out of range,Row 1683 | Timestamp: 1712016543845 ms | PPG(Green=2566469, Red=2566469, Ir=2566469) | ACC(X=-5.43198728561401, Y=-5.12542009353638, Z=6.24630641937256) | HR=77 bpm | IBI=0 ms | Participant=P15
1684,IBI out of range,Row 1684 | Timestamp: 1712016543886 ms | PPG(Green=2564934, Red=2564934, Ir=2564934) | ACC(X=-5.39845657348633, Y=-5.19248199462891, Z=6.23912143707275) | HR=77 bpm | IBI=0 ms | Participant=P15
1685,IBI out of range,Row 1685 | Timestamp: 1712016543926 ms | PPG(Green=2564494, Red=2564494, Ir=2564494) | ACC(X=-5.36971616744995, Y=-5.21882724761963, Z=6.30618286132813) | HR=77 bpm | IBI=0 ms | Participant=P15
1686,IBI out of range,Row 1686 | Timestamp: 1712016543966 ms | PPG(Green=2564479, Red=2564479, Ir=2564479) | ACC(X=-5.42240715026855, Y=-5.20924711227417, Z=6.22954130172729) | HR=77 bpm | IBI=0 ms | Participant=P15
1687,IBI out of range,Row 1687 | Timestamp: 1712016544006 ms | PPG(Green=2564676, Red=2564676, Ir=2564676) | ACC(X=-5.508629322052, Y=-5.22361755371094, Z=6.2439112663269) | HR=76 bpm | IBI=0 ms | Participant=P15
1688,IBI out of range,Row 1688 | Timestamp: 1712016544046 ms | PPG(Green=2564802, Red=2564802, Ir=2564802) | ACC(X=-5.41522216796875, Y=-5.15176582336426, Z=6.23433113098145) | HR=76 bpm | IBI=0 ms | Participant=P15
1689,IBI out of range,Row 1689 | Timestamp: 1712016544086 ms | PPG(Green=2564782, Red=2564782, Ir=2564782) | ACC(X=-5.42480230331421, Y=-5.21164226531982, Z=6.27744245529175) | HR=76 bpm | IBI=0 ms | Participant=P15
1690,IBI out of range,Row 1690 | Timestamp: 1712016544126 ms | PPG(Green=2564677, Red=2564677, Ir=2564677) | ACC(X=-5.4176173210144, Y=-5.24756813049316, Z=6.26067686080933) | HR=76 bpm | IBI=0 ms | Participant=P15
1691,IBI out of range,Row 1691 | Timestamp: 1712016544166 ms | PPG(Green=2564656, Red=2564656, Ir=2564656) | ACC(X=-5.41522216796875, Y=-5.23080253601074, Z=6.26067686080933) | HR=76 bpm | IBI=0 ms | Participant=P15
1692,IBI out of range,Row 1692 | Timestamp: 1712016544206 ms | PPG(Green=2565069, Red=2565069, Ir=2565069) | ACC(X=-5.43198728561401, Y=-5.26672840118408, Z=6.21038055419922) | HR=76 bpm | IBI=0 ms | Participant=P15
1693,IBI out of range,Row 1693 | Timestamp: 1712016544246 ms | PPG(Green=2565734, Red=2565734, Ir=2565734) | ACC(X=-5.36253070831299, Y=-5.23798799514771, Z=6.19601058959961) | HR=75 bpm | IBI=0 ms | Participant=P15
1694,IBI out of range,Row 1694 | Timestamp: 1712016544287 ms | PPG(Green=2566241, Red=2566241, Ir=2566241) | ACC(X=-5.48228359222412, Y=-5.20685195922852, Z=6.24870157241821) | HR=75 bpm | IBI=0 ms | Participant=P15
1695,IBI out of range,Row 1695 | Timestamp: 1712016544326 ms | PPG(Green=2566760, Red=2566760, Ir=2566760) | ACC(X=-5.43917274475098, Y=-5.24996328353882, Z=6.1912202835083) | HR=75 bpm | IBI=0 ms | Participant=P15
1696,IBI out of range,Row 1696 | Timestamp: 1712016544366 ms | PPG(Green=2567384, Red=2567384, Ir=2567384) | ACC(X=-5.39366674423218, Y=-5.22840785980225, Z=6.26307201385498) | HR=76 bpm | IBI=0 ms | Participant=P15
1697,IBI out of range,Row 1697 | Timestamp: 1712016544406 ms | PPG(Green=2568071, Red=2568071, Ir=2568071) | ACC(X=-5.44635772705078, Y=-5.26433372497559, Z=6.20798587799072) | HR=76 bpm | IBI=0 ms | Participant=P15
1698,IBI out of range,Row 1698 | Timestamp: 1712016544446 ms | PPG(Green=2567597, Red=2567597, Ir=2567597) | ACC(X=-5.47030830383301, Y=-5.2331976890564, Z=6.24630641937256) | HR=77 bpm | IBI=0 ms | Participant=P15
1699,IBI out of range,Row 1699 | Timestamp: 1712016544487 ms | PPG(Green=2566114, Red=2566114, Ir=2566114) | ACC(X=-5.47749328613281, Y=-5.28109884262085, Z=6.25828170776367) | HR=76 bpm | IBI=0 ms | Participant=P15
1700,IBI out of range,Row 1700 | Timestamp: 1712016544527 ms | PPG(Green=2564120, Red=2564120, Ir=2564120) | ACC(X=-5.44156742095947, Y=-5.19248199462891, Z=6.16008472442627) | HR=76 bpm | IBI=0 ms | Participant=P15
1701,IBI out of range,Row 1701 | Timestamp: 1712016544567 ms | PPG(Green=2562841, Red=2562841, Ir=2562841) | ACC(X=-5.45593786239624, Y=-5.19966697692871, Z=6.25588655471802) | HR=77 bpm | IBI=0 ms | Participant=P15
1702,IBI out of range,Row 1702 | Timestamp: 1712016544607 ms | PPG(Green=2562684, Red=2562684, Ir=2562684) | ACC(X=-5.47030830383301, Y=-5.1876916885376, Z=6.17684984207153) | HR=78 bpm | IBI=0 ms | Participant=P15
1703,IBI out of range,Row 1703 | Timestamp: 1712016544647 ms | PPG(Green=2562810, Red=2562810, Ir=2562810) | ACC(X=-5.47509860992432, Y=-5.26193857192993, Z=6.19601058959961) | HR=78 bpm | IBI=0 ms | Participant=P15
1704,IBI out of range,Row 1704 | Timestamp: 1712016544687 ms | PPG(Green=2562840, Red=2562840, Ir=2562840) | ACC(X=-5.44396257400513, Y=-5.19727182388306, Z=6.23193597793579) | HR=78 bpm | IBI=0 ms | Participant=P15
1705,IBI out of range,Row 1705 | Timestamp: 1712016544727 ms | PPG(Green=2562725, Red=2562725, Ir=2562725) | ACC(X=-5.50383901596069, Y=-5.23080253601074, Z=6.27504730224609) | HR=78 bpm | IBI=0 ms | Participant=P15
1706,IBI out of range,Row 1706 | Timestamp: 1712016544767 ms | PPG(Green=2562364, Red=2562364, Ir=2562364) | ACC(X=-5.4128270149231, Y=-5.22361755371094, Z=6.23912143707275) | HR=77 bpm | IBI=0 ms | Participant=P15
1707,IBI out of range,Row 1707 | Timestamp: 1712016544807 ms | PPG(Green=2562007, Red=2562007, Ir=2562007) | ACC(X=-5.40803670883179, Y=-5.11823511123657, Z=6.2439112663269) | HR=78 bpm | IBI=0 ms | Participant=P15
1708,IBI out of range,Row 1708 | Timestamp: 1712016544847 ms | PPG(Green=2562135, Red=2562135, Ir=2562135) | ACC(X=-5.508629322052, Y=-5.18290138244629, Z=6.24870157241821) | HR=79 bpm | IBI=0 ms | Participant=P15
1709,IBI out of range,Row 1709 | Timestamp: 1712016544888 ms | PPG(Green=2562538, Red=2562538, Ir=2562538) | ACC(X=-5.51820945739746, Y=-5.16374111175537, Z=6.15768957138062) | HR=78 bpm | IBI=0 ms | Participant=P15
1710,IBI out of range,Row 1710 | Timestamp: 1712016544927 ms | PPG(Green=2562814, Red=2562814, Ir=2562814) | ACC(X=-5.52778959274292, Y=-5.15416097640991, Z=6.23912143707275) | HR=80 bpm | IBI=0 ms | Participant=P15
1711,IBI out of range,Row 1711 | Timestamp: 1712016544967 ms | PPG(Green=2563329, Red=2563329, Ir=2563329) | ACC(X=-5.56371545791626, Y=-5.15176582336426, Z=6.24870157241821) | HR=79 bpm | IBI=0 ms | Participant=P15
1712,IBI out of range,Row 1712 | Timestamp: 1712016545007 ms | PPG(Green=2563727, Red=2563727, Ir=2563727) | ACC(X=-5.48467874526978, Y=-5.10625982284546, Z=6.22475099563599) | HR=79 bpm | IBI=0 ms | Participant=P15
1713,IBI out of range,Row 1713 | Timestamp: 1712016545047 ms | PPG(Green=2564208, Red=2564208, Ir=2564208) | ACC(X=-5.46791315078735, Y=-5.16613626480103, Z=6.19601058959961) | HR=78 bpm | IBI=0 ms | Participant=P15
1714,IBI out of range,Row 1714 | Timestamp: 1712016545088 ms | PPG(Green=2564625, Red=2564625, Ir=2564625) | ACC(X=-5.52060461044312, Y=-5.20206212997437, Z=6.18642997741699) | HR=79 bpm | IBI=0 ms | Participant=P15
1715,IBI out of range,Row 1715 | Timestamp: 1712016545128 ms | PPG(Green=2564208, Red=2564208, Ir=2564208) | ACC(X=-5.49904918670654, Y=-5.21882724761963, Z=6.21996068954468) | HR=80 bpm | IBI=0 ms | Participant=P15
1716,IBI out of range,Row 1716 | Timestamp: 1712016545168 ms | PPG(Green=2562266, Red=2562266, Ir=2562266) | ACC(X=-5.4583330154419, Y=-5.14697551727295, Z=6.30139303207397) | HR=81 bpm | IBI=0 ms | Participant=P15
1717,IBI out of range,Row 1717 | Timestamp: 1712016545208 ms | PPG(Green=2559534, Red=2559534, Ir=2559534) | ACC(X=-5.44875288009644, Y=-5.13979053497314, Z=6.21517086029053) | HR=81 bpm | IBI=0 ms | Participant=P15
1718,IBI out of range,Row 1718 | Timestamp: 1712016545248 ms | PPG(Green=2558040, Red=2558040, Ir=2558040) | ACC(X=-5.47988843917847, Y=-5.22361755371094, Z=6.26067686080933) | HR=82 bpm | IBI=0 ms | Participant=P15
1719,IBI out of range,Row 1719 | Timestamp: 1712016545289 ms | PPG(Green=2557592, Red=2557592, Ir=2557592) | ACC(X=-5.41043186187744, Y=-5.18529653549194, Z=6.21038055419922) | HR=83 bpm | IBI=0 ms | Participant=P15
1720,IBI out of range,Row 1720 | Timestamp: 1712016545328 ms | PPG(Green=2557755, Red=2557755, Ir=2557755) | ACC(X=-5.50383901596069, Y=-5.1876916885376, Z=6.15529441833496) | HR=82 bpm | IBI=0 ms | Participant=P15
1721,IBI out of range,Row 1721 | Timestamp: 1712016545368 ms | PPG(Green=2557903, Red=2557903, Ir=2557903) | ACC(X=-5.45354270935059, Y=-5.21164226531982, Z=6.22714614868164) | HR=82 bpm | IBI=0 ms | Participant=P15
1722,IBI out of range,Row 1722 | Timestamp: 1712016545408 ms | PPG(Green=2557759, Red=2557759, Ir=2557759) | ACC(X=-5.43677759170532, Y=-5.1421856880188, Z=6.21038055419922) | HR=82 bpm | IBI=0 ms | Participant=P15
1723,IBI out of range,Row 1723 | Timestamp: 1712016545448 ms | PPG(Green=2557408, Red=2557408, Ir=2557408) | ACC(X=-5.49665403366089, Y=-5.21403741836548, Z=6.20319557189941) | HR=82 bpm | IBI=0 ms | Participant=P15
1724,IBI out of range,Row 1724 | Timestamp: 1712016545489 ms | PPG(Green=2557430, Red=2557430, Ir=2557430) | ACC(X=-5.47270345687866, Y=-5.1948766708374, Z=6.18642997741699) | HR=82 bpm | IBI=0 ms | Participant=P15
1725,IBI out of range,Row 1725 | Timestamp: 1712016545528 ms | PPG(Green=2557908, Red=2557908, Ir=2557908) | ACC(X=-5.45593786239624, Y=-5.23798799514771, Z=6.22475099563599) | HR=82 bpm | IBI=0 ms | Participant=P15
1726,IBI out of range,Row 1726 | Timestamp: 1712016545568 ms | PPG(Green=2558558, Red=2558558, Ir=2558558) | ACC(X=-5.4583330154419, Y=-5.1948766708374, Z=6.23193597793579) | HR=82 bpm | IBI=0 ms | Participant=P15
1727,IBI out of range,Row 1727 | Timestamp: 1712016545609 ms | PPG(Green=2559240, Red=2559240, Ir=2559240) | ACC(X=-5.43677759170532, Y=-5.20685195922852, Z=6.25588655471802) | HR=82 bpm | IBI=0 ms | Participant=P15
1728,IBI out of range,Row 1728 | Timestamp: 1712016545649 ms | PPG(Green=2559880, Red=2559880, Ir=2559880) | ACC(X=-5.51581430435181, Y=-5.18050670623779, Z=6.23193597793579) | HR=82 bpm | IBI=0 ms | Participant=P15
1729,IBI out of range,Row 1729 | Timestamp: 1712016545689 ms | PPG(Green=2560814, Red=2560814, Ir=2560814) | ACC(X=-5.46791315078735, Y=-5.23080253601074, Z=6.1457142829895) | HR=82 bpm | IBI=0 ms | Participant=P15
1730,IBI out of range,Row 1730 | Timestamp: 1712016545729 ms | PPG(Green=2561594, Red=2561594, Ir=2561594) | ACC(X=-5.35534572601318, Y=-5.28109884262085, Z=6.22475099563599) | HR=83 bpm | IBI=0 ms | Participant=P15
1731,IBI out of range,Row 1731 | Timestamp: 1712016545769 ms | PPG(Green=2562279, Red=2562279, Ir=2562279) | ACC(X=-5.4631233215332, Y=-5.16374111175537, Z=6.17924499511719) | HR=83 bpm | IBI=0 ms | Participant=P15
1732,IBI out of range,Row 1732 | Timestamp: 1712016545809 ms | PPG(Green=2561895, Red=2561895, Ir=2561895) | ACC(X=-5.45114803314209, Y=-5.22122240066528, Z=6.25828170776367) | HR=84 bpm | IBI=0 ms | Participant=P15
1733,IBI out of range,Row 1733 | Timestamp: 1712016545849 ms | PPG(Green=2559848, Red=2559848, Ir=2559848) | ACC(X=-5.45354270935059, Y=-5.25954341888428, Z=6.27504730224609) | HR=84 bpm | IBI=0 ms | Participant=P15
1734,IBI out of range,Row 1734 | Timestamp: 1712016545890 ms | PPG(Green=2557543, Red=2557543, Ir=2557543) | ACC(X=-5.43198728561401, Y=-5.26433372497559, Z=6.1840353012085) | HR=85 bpm | IBI=0 ms | Participant=P15
1735,IBI out of range,Row 1735 | Timestamp: 1712016545929 ms | PPG(Green=2556286, Red=2556286, Ir=2556286) | ACC(X=-5.47270345687866, Y=-5.26912355422974, Z=6.23912143707275) | HR=86 bpm | IBI=0 ms | Participant=P15
1736,IBI out of range,Row 1736 | Timestamp: 1712016545969 ms | PPG(Green=2555953, Red=2555953, Ir=2555953) | ACC(X=-5.4583330154419, Y=-5.25954341888428, Z=6.26307201385498) | HR=87 bpm | IBI=0 ms | Participant=P15
1737,IBI out of range,Row 1737 | Timestamp: 1712016546009 ms | PPG(Green=2556087, Red=2556087, Ir=2556087) | ACC(X=-5.42240715026855, Y=-5.22361755371094, Z=6.13134384155273) | HR=89 bpm | IBI=0 ms | Participant=P15
1738,IBI out of range,Row 1738 | Timestamp: 1712016546049 ms | PPG(Green=2556212, Red=2556212, Ir=2556212) | ACC(X=-5.55653047561646, Y=-5.26193857192993, Z=6.2367262840271) | HR=89 bpm | IBI=0 ms | Participant=P15
1739,IBI out of range,Row 1739 | Timestamp: 1712016546090 ms | PPG(Green=2556270, Red=2556270, Ir=2556270) | ACC(X=-5.4200119972229, Y=-5.30265426635742, Z=6.2439112663269) | HR=89 bpm | IBI=0 ms | Participant=P15
1740,IBI out of range,Row 1740 | Timestamp: 1712016546130 ms | PPG(Green=2555941, Red=2555941, Ir=2555941) | ACC(X=-5.33618497848511, Y=-5.29067897796631, Z=6.23193597793579) | HR=89 bpm | IBI=0 ms | Participant=P15
1741,IBI out of range,Row 1741 | Timestamp: 1712016546170 ms | PPG(Green=2556064, Red=2556064, Ir=2556064) | ACC(X=-5.43917274475098, Y=-5.27151870727539, Z=6.21996068954468) | HR=89 bpm | IBI=0 ms | Participant=P15
1742,IBI out of range,Row 1742 | Timestamp: 1712016546210 ms | PPG(Green=2556388, Red=2556388, Ir=2556388) | ACC(X=-5.49904918670654, Y=-5.17332124710083, Z=6.25349187850952) | HR=89 bpm | IBI=0 ms | Participant=P15
1743,IBI out of range,Row 1743 | Timestamp: 1712016546250 ms | PPG(Green=2557120, Red=2557120, Ir=2557120) | ACC(X=-5.47509860992432, Y=-5.26193857192993, Z=6.26307201385498) | HR=90 bpm | IBI=0 ms | Participant=P15
1744,IBI out of range,Row 1744 | Timestamp: 1712016546291 ms | PPG(Green=2557703, Red=2557703, Ir=2557703) | ACC(X=-5.44875288009644, Y=-5.17811155319214, Z=6.23912143707275) | HR=91 bpm | IBI=0 ms | Participant=P15
1745,IBI out of range,Row 1745 | Timestamp: 1712016546330 ms | PPG(Green=2558519, Red=2558519, Ir=2558519) | ACC(X=-5.45593786239624, Y=-5.22601270675659, Z=6.2439112663269) | HR=90 bpm | IBI=0 ms | Participant=P15
1746,IBI out of range,Row 1746 | Timestamp: 1712016546370 ms | PPG(Green=2559186, Red=2559186, Ir=2559186) | ACC(X=-5.4128270149231, Y=-5.28828430175781, Z=6.20319557189941) | HR=90 bpm | IBI=0 ms | Participant=P15
1747,IBI out of range,Row 1747 | Timestamp: 1712016546410 ms | PPG(Green=2559858, Red=2559858, Ir=2559858) | ACC(X=-5.39366674423218, Y=-5.19008684158325, Z=6.2439112663269) | HR=91 bpm | IBI=0 ms | Participant=P15
1748,IBI out of range,Row 1748 | Timestamp: 1712016546450 ms | PPG(Green=2560562, Red=2560562, Ir=2560562) | ACC(X=-5.4200119972229, Y=-5.23559284210205, Z=6.19840526580811) | HR=90 bpm | IBI=0 ms | Participant=P15
1749,IBI out of range,Row 1749 | Timestamp: 1712016546491 ms | PPG(Green=2560364, Red=2560364, Ir=2560364) | ACC(X=-5.48946857452393, Y=-5.2331976890564, Z=6.19601058959961) | HR=89 bpm | IBI=0 ms | Participant=P15
1750,IBI out of range,Row 1750 | Timestamp: 1712016546530 ms | PPG(Green=2558558, Red=2558558, Ir=2558558) | ACC(X=-5.42240715026855, Y=-5.30265426635742, Z=6.31097316741943) | HR=90 bpm | IBI=0 ms | Participant=P15
1751,IBI out of range,Row 1751 | Timestamp: 1712016546571 ms | PPG(Green=2555569, Red=2555569, Ir=2555569) | ACC(X=-5.42719745635986, Y=-5.19008684158325, Z=6.16966485977173) | HR=89 bpm | IBI=0 ms | Participant=P15
1752,IBI out of range,Row 1752 | Timestamp: 1712016546611 ms | PPG(Green=2553547, Red=2553547, Ir=2553547) | ACC(X=-5.51341915130615, Y=-5.24996328353882, Z=6.21517086029053) | HR=87 bpm | IBI=0 ms | Participant=P15
1753,IBI out of range,Row 1753 | Timestamp: 1712016546651 ms | PPG(Green=2552830, Red=2552830, Ir=2552830) | ACC(X=-5.4176173210144, Y=-5.20924711227417, Z=6.20559072494507) | HR=86 bpm | IBI=0 ms | Participant=P15
1754,IBI out of range,Row 1754 | Timestamp: 1712016546692 ms | PPG(Green=2552711, Red=2552711, Ir=2552711) | ACC(X=-5.40324687957764, Y=-5.2331976890564, Z=6.20319557189941) | HR=87 bpm | IBI=0 ms | Participant=P15
1755,IBI out of range,Row 1755 | Timestamp: 1712016546731 ms | PPG(Green=2552735, Red=2552735, Ir=2552735) | ACC(X=-5.48228359222412, Y=-5.22840785980225, Z=6.19361543655396) | HR=88 bpm | IBI=0 ms | Participant=P15
1756,IBI out of range,Row 1756 | Timestamp: 1712016546771 ms | PPG(Green=2552571, Red=2552571, Ir=2552571) | ACC(X=-5.42959260940552, Y=-5.22601270675659, Z=6.19601058959961) | HR=88 bpm | IBI=0 ms | Participant=P15
1757,IBI out of range,Row 1757 | Timestamp: 1712016546811 ms | PPG(Green=2552264, Red=2552264, Ir=2552264) | ACC(X=-5.39127159118652, Y=-5.23559284210205, Z=6.24630641937256) | HR=89 bpm | IBI=0 ms | Participant=P15
1758,IBI out of range,Row 1758 | Timestamp: 1712016546851 ms | PPG(Green=2552145, Red=2552145, Ir=2552145) | ACC(X=-5.35295057296753, Y=-5.24756813049316, Z=6.22235584259033) | HR=88 bpm | IBI=0 ms | Participant=P15
1759,IBI out of range,Row 1759 | Timestamp: 1712016546892 ms | PPG(Green=2552353, Red=2552353, Ir=2552353) | ACC(X=-5.3745059967041, Y=-5.23080253601074, Z=6.21517086029053) | HR=89 bpm | IBI=0 ms | Participant=P15
1760,IBI out of range,Row 1760 | Timestamp: 1712016546932 ms | PPG(Green=2552954, Red=2552954, Ir=2552954) | ACC(X=-5.49186372756958, Y=-5.21643257141113, Z=6.25109672546387) | HR=88 bpm | IBI=0 ms | Participant=P15
1761,IBI out of range,Row 1761 | Timestamp: 1712016546972 ms | PPG(Green=2553733, Red=2553733, Ir=2553733) | ACC(X=-5.47509860992432, Y=-5.30983972549438, Z=6.17684984207153) | HR=89 bpm | IBI=0 ms | Participant=P15
1762,IBI out of range,Row 1762 | Timestamp: 1712016547012 ms | PPG(Green=2554523, Red=2554523, Ir=2554523) | ACC(X=-5.42240715026855, Y=-5.21643257141113, Z=6.26786184310913) | HR=89 bpm | IBI=0 ms | Participant=P15
1763,IBI out of range,Row 1763 | Timestamp: 1712016547052 ms | PPG(Green=2555319, Red=2555319, Ir=2555319) | ACC(X=-5.49904918670654, Y=-5.19008684158325, Z=6.24870157241821) | HR=89 bpm | IBI=0 ms | Participant=P15
1764,IBI out of range,Row 1764 | Timestamp: 1712016547092 ms | PPG(Green=2556120, Red=2556120, Ir=2556120) | ACC(X=-5.39845657348633, Y=-5.31462955474854, Z=6.28462743759155) | HR=90 bpm | IBI=0 ms | Participant=P15
1765,IBI out of range,Row 1765 | Timestamp: 1712016547132 ms | PPG(Green=2556837, Red=2556837, Ir=2556837) | ACC(X=-5.4200119972229, Y=-5.31462955474854, Z=6.23193597793579) | HR=89 bpm | IBI=0 ms | Participant=P15
1766,IBI out of range,Row 1766 | Timestamp: 1712016547172 ms | PPG(Green=2557655, Red=2557655, Ir=2557655) | ACC(X=-5.48228359222412, Y=-5.23798799514771, Z=6.12415885925293) | HR=89 bpm | IBI=0 ms | Participant=P15
1767,IBI out of range,Row 1767 | Timestamp: 1712016547212 ms | PPG(Green=2557460, Red=2557460, Ir=2557460) | ACC(X=-5.51820945739746, Y=-5.24756813049316, Z=6.21277570724487) | HR=88 bpm | IBI=0 ms | Participant=P15
1768,HeartRate out of range,Row 1768 | Timestamp: 1712016547252 ms | PPG(Green=2555638, Red=2555638, Ir=2555638) | ACC(X=-5.40324687957764, Y=-5.30744457244873, Z=6.27744245529175) | HR=0 bpm | IBI=0 ms | Participant=P15
1769,HeartRate out of range,Row 1769 | Timestamp: 1712016547293 ms | PPG(Green=2552379, Red=2552379, Ir=2552379) | ACC(X=-5.42719745635986, Y=-5.14697551727295, Z=6.24630641937256) | HR=0 bpm | IBI=0 ms | Participant=P15
1770,HeartRate out of range,Row 1770 | Timestamp: 1712016547332 ms | PPG(Green=2550404, Red=2550404, Ir=2550404) | ACC(X=-5.47988843917847, Y=-5.24277782440186, Z=6.21996068954468) | HR=0 bpm | IBI=0 ms | Participant=P15
1771,HeartRate out of range,Row 1771 | Timestamp: 1712016547372 ms | PPG(Green=2549592, Red=2549592, Ir=2549592) | ACC(X=-5.38408613204956, Y=-5.26672840118408, Z=6.2439112663269) | HR=0 bpm | IBI=0 ms | Participant=P15
1772,HeartRate out of range,Row 1772 | Timestamp: 1712016547413 ms | PPG(Green=2549313, Red=2549313, Ir=2549313) | ACC(X=-5.42719745635986, Y=-5.22840785980225, Z=6.18642997741699) | HR=0 bpm | IBI=0 ms | Participant=P15
1773,HeartRate out of range,Row 1773 | Timestamp: 1712016547453 ms | PPG(Green=2549433, Red=2549433, Ir=2549433) | ACC(X=-5.43438243865967, Y=-5.16134595870972, Z=6.17206001281738) | HR=0 bpm | IBI=0 ms | Participant=P15
1774,HeartRate out of range,Row 1774 | Timestamp: 1712016547493 ms | PPG(Green=2549366, Red=2549366, Ir=2549366) | ACC(X=-5.42959260940552, Y=-5.17811155319214, Z=6.21517086029053) | HR=0 bpm | IBI=0 ms | Participant=P15
1775,IBI out of range,Row 1775 | Timestamp: 1712016547533 ms | PPG(Green=2549028, Red=2549028, Ir=2549028) | ACC(X=-5.4128270149231, Y=-5.24038314819336, Z=6.27025699615479) | HR=96 bpm | IBI=0 ms | Participant=P15
1776,IBI out of range,Row 1776 | Timestamp: 1712016547573 ms | PPG(Green=2548869, Red=2548869, Ir=2548869) | ACC(X=-5.44156742095947, Y=-5.21403741836548, Z=6.1912202835083) | HR=96 bpm | IBI=0 ms | Participant=P15
1777,IBI out of range,Row 1777 | Timestamp: 1712016547613 ms | PPG(Green=2549087, Red=2549087, Ir=2549087) | ACC(X=-5.42719745635986, Y=-5.22601270675659, Z=6.24870157241821) | HR=96 bpm | IBI=0 ms | Participant=P15
1778,IBI out of range,Row 1778 | Timestamp: 1712016547653 ms | PPG(Green=2549647, Red=2549647, Ir=2549647) | ACC(X=-5.44875288009644, Y=-5.21882724761963, Z=6.22475099563599) | HR=95 bpm | IBI=0 ms | Participant=P15
1779,IBI out of range,Row 1779 | Timestamp: 1712016547694 ms | PPG(Green=2550334, Red=2550334, Ir=2550334) | ACC(X=-5.508629322052, Y=-5.13260555267334, Z=6.23912143707275) | HR=94 bpm | IBI=0 ms | Participant=P15
1780,IBI out of range,Row 1780 | Timestamp: 1712016547733 ms | PPG(Green=2551310, Red=2551310, Ir=2551310) | ACC(X=-5.36013555526733, Y=-5.1876916885376, Z=6.23433113098145) | HR=94 bpm | IBI=0 ms | Participant=P15
1781,IBI out of range,Row 1781 | Timestamp: 1712016547773 ms | PPG(Green=2552104, Red=2552104, Ir=2552104) | ACC(X=-5.48228359222412, Y=-5.1948766708374, Z=6.22954130172729) | HR=94 bpm | IBI=0 ms | Participant=P15
1782,IBI out of range,Row 1782 | Timestamp: 1712016547813 ms | PPG(Green=2552859, Red=2552859, Ir=2552859) | ACC(X=-5.48228359222412, Y=-5.28828430175781, Z=6.20319557189941) | HR=94 bpm | IBI=0 ms | Participant=P15
1783,IBI out of range,Row 1783 | Timestamp: 1712016547853 ms | PPG(Green=2553563, Red=2553563, Ir=2553563) | ACC(X=-5.47030830383301, Y=-5.20685195922852, Z=6.28702259063721) | HR=94 bpm | IBI=0 ms | Participant=P15
1784,IBI out of range,Row 1784 | Timestamp: 1712016547894 ms | PPG(Green=2554540, Red=2554540, Ir=2554540) | ACC(X=-5.42719745635986, Y=-5.24038314819336, Z=6.17684984207153) | HR=94 bpm | IBI=0 ms | Participant=P15
1785,IBI out of range,Row 1785 | Timestamp: 1712016547934 ms | PPG(Green=2554714, Red=2554714, Ir=2554714) | ACC(X=-5.4655179977417, Y=-5.18290138244629, Z=6.26307201385498) | HR=93 bpm | IBI=0 ms | Participant=P15
1786,IBI out of range,Row 1786 | Timestamp: 1712016547974 ms | PPG(Green=2553494, Red=2553494, Ir=2553494) | ACC(X=-5.38169145584106, Y=-5.23798799514771, Z=6.24151659011841) | HR=93 bpm | IBI=0 ms | Participant=P15
1787,IBI out of range,Row 1787 | Timestamp: 1712016548014 ms | PPG(Green=2550439, Red=2550439, Ir=2550439) | ACC(X=-5.44156742095947, Y=-5.24277782440186, Z=6.20080041885376) | HR=92 bpm | IBI=0 ms | Participant=P15
1788,IBI out of range,Row 1788 | Timestamp: 1712016548054 ms | PPG(Green=2548034, Red=2548034, Ir=2548034) | ACC(X=-5.47030830383301, Y=-5.1876916885376, Z=6.26307201385498) | HR=91 bpm | IBI=0 ms | Participant=P15
1789,IBI out of range,Row 1789 | Timestamp: 1712016548095 ms | PPG(Green=2546992, Red=2546992, Ir=2546992) | ACC(X=-5.37690114974976, Y=-5.24517297744751, Z=6.26546716690063) | HR=91 bpm | IBI=0 ms | Participant=P15
1790,IBI out of range,Row 1790 | Timestamp: 1712016548134 ms | PPG(Green=2546804, Red=2546804, Ir=2546804) | ACC(X=-5.43198728561401, Y=-5.24756813049316, Z=6.21517086029053) | HR=91 bpm | IBI=0 ms | Participant=P15
1791,IBI out of range,Row 1791 | Timestamp: 1712016548174 ms | PPG(Green=2546899, Red=2546899, Ir=2546899) | ACC(X=-5.47030830383301, Y=-5.23080253601074, Z=6.16966485977173) | HR=91 bpm | IBI=0 ms | Participant=P15
1792,IBI out of range,Row 1792 | Timestamp: 1712016548214 ms | PPG(Green=2546870, Red=2546870, Ir=2546870) | ACC(X=-5.48946857452393, Y=-5.23559284210205, Z=6.2367262840271) | HR=91 bpm | IBI=0 ms | Participant=P15
1793,IBI out of range,Row 1793 | Timestamp: 1712016548255 ms | PPG(Green=2546708, Red=2546708, Ir=2546708) | ACC(X=-5.39127159118652, Y=-5.21882724761963, Z=6.23193597793579) | HR=91 bpm | IBI=0 ms | Participant=P15
1794,IBI out of range,Row 1794 | Timestamp: 1712016548295 ms | PPG(Green=2546399, Red=2546399, Ir=2546399) | ACC(X=-5.43917274475098, Y=-5.22361755371094, Z=6.23912143707275) | HR=91 bpm | IBI=0 ms | Participant=P15
1795,IBI out of range,Row 1795 | Timestamp: 1712016548335 ms | PPG(Green=2546539, Red=2546539, Ir=2546539) | ACC(X=-5.48467874526978, Y=-5.23798799514771, Z=6.21996068954468) | HR=90 bpm | IBI=0 ms | Participant=P15
1796,IBI out of range,Row 1796 | Timestamp: 1712016548375 ms | PPG(Green=2547076, Red=2547076, Ir=2547076) | ACC(X=-5.40085172653198, Y=-5.20206212997437, Z=6.25588655471802) | HR=90 bpm | IBI=0 ms | Participant=P15
1797,IBI out of range,Row 1797 | Timestamp: 1712016548415 ms | PPG(Green=2547973, Red=2547973, Ir=2547973) | ACC(X=-5.40085172653198, Y=-5.18529653549194, Z=6.22235584259033) | HR=90 bpm | IBI=0 ms | Participant=P15
1798,IBI out of range,Row 1798 | Timestamp: 1712016548455 ms | PPG(Green=2548847, Red=2548847, Ir=2548847) | ACC(X=-5.53976488113403, Y=-5.27391386032104, Z=6.23193597793579) | HR=89 bpm | IBI=0 ms | Participant=P15
1799,IBI out of range,Row 1799 | Timestamp: 1712016548496 ms | PPG(Green=2549755, Red=2549755, Ir=2549755) | ACC(X=-5.47270345687866, Y=-5.31462955474854, Z=6.26786184310913) | HR=89 bpm | IBI=0 ms | Participant=P15
1800,IBI out of range,Row 1800 | Timestamp: 1712016548533 ms | PPG(Green=2550620, Red=2550620, Ir=2550620) | ACC(X=-5.4655179977417, Y=-5.22601270675659, Z=6.25588655471802) | HR=89 bpm | IBI=0 ms | Participant=P15
1801,IBI out of range,Row 1801 | Timestamp: 1712016548573 ms | PPG(Green=2551235, Red=2551235, Ir=2551235) | ACC(X=-5.37211084365845, Y=-5.24038314819336, Z=6.24151659011841) | HR=89 bpm | IBI=0 ms | Participant=P15
1802,IBI out of range,Row 1802 | Timestamp: 1712016548614 ms | PPG(Green=2552068, Red=2552068, Ir=2552068) | ACC(X=-5.42240715026855, Y=-5.25475311279297, Z=6.1840353012085) | HR=88 bpm | IBI=0 ms | Participant=P15
1803,IBI out of range,Row 1803 | Timestamp: 1712016548654 ms | PPG(Green=2552922, Red=2552922, Ir=2552922) | ACC(X=-5.49904918670654, Y=-5.23798799514771, Z=6.09062767028809) | HR=88 bpm | IBI=0 ms | Participant=P15
1804,IBI out of range,Row 1804 | Timestamp: 1712016548694 ms | PPG(Green=2553260, Red=2553260, Ir=2553260) | ACC(X=-5.46791315078735, Y=-5.24517297744751, Z=6.27265214920044) | HR=88 bpm | IBI=0 ms | Participant=P15
1805,IBI out of range,Row 1805 | Timestamp: 1712016548734 ms | PPG(Green=2551687, Red=2551687, Ir=2551687) | ACC(X=-5.4583330154419, Y=-5.25954341888428, Z=6.24630641937256) | HR=87 bpm | IBI=0 ms | Participant=P15
1806,IBI out of range,Row 1806 | Timestamp: 1712016548774 ms | PPG(Green=2548640, Red=2548640, Ir=2548640) | ACC(X=-5.43677759170532, Y=-5.1948766708374, Z=6.22714614868164) | HR=86 bpm | IBI=0 ms | Participant=P15
1807,IBI out of range,Row 1807 | Timestamp: 1712016548814 ms | PPG(Green=2546400, Red=2546400, Ir=2546400) | ACC(X=-5.50623416900635, Y=-5.28109884262085, Z=6.25828170776367) | HR=86 bpm | IBI=0 ms | Participant=P15
1808,IBI out of range,Row 1808 | Timestamp: 1712016548854 ms | PPG(Green=2545616, Red=2545616, Ir=2545616) | ACC(X=-5.43917274475098, Y=-5.23080253601074, Z=6.24870157241821) | HR=85 bpm | IBI=0 ms | Participant=P15
1809,IBI out of range,Row 1809 | Timestamp: 1712016548895 ms | PPG(Green=2545339, Red=2545339, Ir=2545339) | ACC(X=-5.4200119972229, Y=-5.18290138244629, Z=6.20080041885376) | HR=85 bpm | IBI=0 ms | Participant=P15
1810,IBI out of range,Row 1810 | Timestamp: 1712016548934 ms | PPG(Green=2545329, Red=2545329, Ir=2545329) | ACC(X=-5.49665403366089, Y=-5.24038314819336, Z=6.22954130172729) | HR=85 bpm | IBI=0 ms | Participant=P15
1811,IBI out of range,Row 1811 | Timestamp: 1712016548975 ms | PPG(Green=2545346, Red=2545346, Ir=2545346) | ACC(X=-5.47749328613281, Y=-5.18529653549194, Z=6.1457142829895) | HR=86 bpm | IBI=0 ms | Participant=P15
1812,IBI out of range,Row 1812 | Timestamp: 1712016549014 ms | PPG(Green=2545120, Red=2545120, Ir=2545120) | ACC(X=-5.39366674423218, Y=-5.30025911331177, Z=6.21277570724487) | HR=86 bpm | IBI=0 ms | Participant=P15
1813,IBI out of range,Row 1813 | Timestamp: 1712016549055 ms | PPG(Green=2544781, Red=2544781, Ir=2544781) | ACC(X=-5.4128270149231, Y=-5.22840785980225, Z=6.15529441833496) | HR=86 bpm | IBI=0 ms | Participant=P15
1814,IBI out of range,Row 1814 | Timestamp: 1712016549096 ms | PPG(Green=2545120, Red=2545120, Ir=2545120) | ACC(X=-5.45593786239624, Y=-5.22122240066528, Z=6.17924499511719) | HR=86 bpm | IBI=0 ms | Participant=P15
1815,IBI out of range,Row 1815 | Timestamp: 1712016549135 ms | PPG(Green=2545518, Red=2545518, Ir=2545518) | ACC(X=-5.47509860992432, Y=-5.22122240066528, Z=6.22475099563599) | HR=86 bpm | IBI=0 ms | Participant=P15
1816,IBI out of range,Row 1816 | Timestamp: 1712016549175 ms | PPG(Green=2546271, Red=2546271, Ir=2546271) | ACC(X=-5.4631233215332, Y=-5.18529653549194, Z=6.19361543655396) | HR=86 bpm | IBI=0 ms | Participant=P15
1817,IBI out of range,Row 1817 | Timestamp: 1712016549215 ms | PPG(Green=2546819, Red=2546819, Ir=2546819) | ACC(X=-5.49425888061523, Y=-5.20924711227417, Z=6.23193597793579) | HR=86 bpm | IBI=0 ms | Participant=P15
1818,IBI out of range,Row 1818 | Timestamp: 1712016549255 ms | PPG(Green=2547652, Red=2547652, Ir=2547652) | ACC(X=-5.40803670883179, Y=-5.21403741836548, Z=6.18642997741699) | HR=86 bpm | IBI=0 ms | Participant=P15
1819,IBI out of range,Row 1819 | Timestamp: 1712016549296 ms | PPG(Green=2548389, Red=2548389, Ir=2548389) | ACC(X=-5.4631233215332, Y=-5.22361755371094, Z=6.25349187850952) | HR=86 bpm | IBI=0 ms | Participant=P15
1820,IBI out of range,Row 1820 | Timestamp: 1712016549336 ms | PPG(Green=2549114, Red=2549114, Ir=2549114) | ACC(X=-5.45114803314209, Y=-5.16134595870972, Z=6.18164014816284) | HR=86 bpm | IBI=0 ms | Participant=P15
1821,IBI out of range,Row 1821 | Timestamp: 1712016549375 ms | PPG(Green=2549781, Red=2549781, Ir=2549781) | ACC(X=-5.50623416900635, Y=-5.20924711227417, Z=6.17445468902588) | HR=85 bpm | IBI=0 ms | Participant=P15
1822,IBI out of range,Row 1822 | Timestamp: 1712016549416 ms | PPG(Green=2550529, Red=2550529, Ir=2550529) | ACC(X=-5.44635772705078, Y=-5.2763090133667, Z=6.26307201385498) | HR=85 bpm | IBI=0 ms | Participant=P15
1823,IBI out of range,Row 1823 | Timestamp: 1712016549456 ms | PPG(Green=2551095, Red=2551095, Ir=2551095) | ACC(X=-5.43198728561401, Y=-5.23559284210205, Z=6.23193597793579) | HR=84 bpm | IBI=0 ms | Participant=P15
1824,IBI out of range,Row 1824 | Timestamp: 1712016549497 ms | PPG(Green=2549752, Red=2549752, Ir=2549752) | ACC(X=-5.39127159118652, Y=-5.19008684158325, Z=6.28941774368286) | HR=84 bpm | IBI=0 ms | Participant=P15
1825,IBI out of range,Row 1825 | Timestamp: 1712016549536 ms | PPG(Green=2546832, Red=2546832, Ir=2546832) | ACC(X=-5.52539443969727, Y=-5.11823511123657, Z=6.21517086029053) | HR=84 bpm | IBI=0 ms | Participant=P15
1826,IBI out of range,Row 1826 | Timestamp: 1712016549576 ms | PPG(Green=2544462, Red=2544462, Ir=2544462) | ACC(X=-5.42959260940552, Y=-5.21403741836548, Z=6.17684984207153) | HR=84 bpm | IBI=0 ms | Participant=P15
1827,IBI out of range,Row 1827 | Timestamp: 1712016549616 ms | PPG(Green=2543510, Red=2543510, Ir=2543510) | ACC(X=-5.44875288009644, Y=-5.1876916885376, Z=6.25349187850952) | HR=83 bpm | IBI=0 ms | Participant=P15
1828,IBI out of range,Row 1828 | Timestamp: 1712016549656 ms | PPG(Green=2543608, Red=2543608, Ir=2543608) | ACC(X=-5.41522216796875, Y=-5.26433372497559, Z=6.14810943603516) | HR=83 bpm | IBI=0 ms | Participant=P15
1829,IBI out of range,Row 1829 | Timestamp: 1712016549697 ms | PPG(Green=2543734, Red=2543734, Ir=2543734) | ACC(X=-5.53976488113403, Y=-5.12542009353638, Z=6.20798587799072) | HR=83 bpm | IBI=0 ms | Participant=P15
1830,IBI out of range,Row 1830 | Timestamp: 1712016549736 ms | PPG(Green=2543948, Red=2543948, Ir=2543948) | ACC(X=-5.48228359222412, Y=-5.2834939956665, Z=6.21277570724487) | HR=83 bpm | IBI=0 ms | Participant=P15
1831,IBI out of range,Row 1831 | Timestamp: 1712016549777 ms | PPG(Green=2543870, Red=2543870, Ir=2543870) | ACC(X=-5.47030830383301, Y=-5.21643257141113, Z=6.24151659011841) | HR=84 bpm | IBI=0 ms | Participant=P15
1832,IBI out of range,Row 1832 | Timestamp: 1712016549817 ms | PPG(Green=2543903, Red=2543903, Ir=2543903) | ACC(X=-5.38169145584106, Y=-5.22361755371094, Z=6.25109672546387) | HR=84 bpm | IBI=0 ms | Participant=P15
1833,IBI out of range,Row 1833 | Timestamp: 1712016549857 ms | PPG(Green=2544044, Red=2544044, Ir=2544044) | ACC(X=-5.48228359222412, Y=-5.26193857192993, Z=6.26307201385498) | HR=84 bpm | IBI=0 ms | Participant=P15
1834,IBI out of range,Row 1834 | Timestamp: 1712016549898 ms | PPG(Green=2544767, Red=2544767, Ir=2544767) | ACC(X=-5.4655179977417, Y=-5.18050670623779, Z=6.24630641937256) | HR=83 bpm | IBI=0 ms | Participant=P15
1835,IBI out of range,Row 1835 | Timestamp: 1712016549937 ms | PPG(Green=2545743, Red=2545743, Ir=2545743) | ACC(X=-5.48467874526978, Y=-5.15895080566406, Z=6.20559072494507) | HR=83 bpm | IBI=0 ms | Participant=P15
1836,IBI out of range,Row 1836 | Timestamp: 1712016549977 ms | PPG(Green=2546740, Red=2546740, Ir=2546740) | ACC(X=-5.42480230331421, Y=-5.29546928405762, Z=6.22235584259033) | HR=84 bpm | IBI=0 ms | Participant=P15
1837,IBI out of range,Row 1837 | Timestamp: 1712016550017 ms | PPG(Green=2547681, Red=2547681, Ir=2547681) | ACC(X=-5.42240715026855, Y=-5.27151870727539, Z=6.20798587799072) | HR=84 bpm | IBI=0 ms | Participant=P15
1838,IBI out of range,Row 1838 | Timestamp: 1712016550057 ms | PPG(Green=2548677, Red=2548677, Ir=2548677) | ACC(X=-5.44156742095947, Y=-5.16613626480103, Z=6.26307201385498) | HR=85 bpm | IBI=0 ms | Participant=P15
1839,IBI out of range,Row 1839 | Timestamp: 1712016550098 ms | PPG(Green=2549518, Red=2549518, Ir=2549518) | ACC(X=-5.49904918670654, Y=-5.25235843658447, Z=6.20559072494507) | HR=86 bpm | IBI=0 ms | Participant=P15
1840,IBI out of range,Row 1840 | Timestamp: 1712016550138 ms | PPG(Green=2550504, Red=2550504, Ir=2550504) | ACC(X=-5.39366674423218, Y=-5.22601270675659, Z=6.30139303207397) | HR=87 bpm | IBI=0 ms | Participant=P15
1841,IBI out of range,Row 1841 | Timestamp: 1712016550178 ms | PPG(Green=2551550, Red=2551550, Ir=2551550) | ACC(X=-5.4583330154419, Y=-5.1948766708374, Z=6.14331912994385) | HR=87 bpm | IBI=0 ms | Participant=P15
1842,IBI out of range,Row 1842 | Timestamp: 1712016550218 ms | PPG(Green=2552081, Red=2552081, Ir=2552081) | ACC(X=-5.47030830383301, Y=-5.20685195922852, Z=6.26067686080933) | HR=88 bpm | IBI=0 ms | Participant=P15
1843,IBI out of range,Row 1843 | Timestamp: 1712016550258 ms | PPG(Green=2550906, Red=2550906, Ir=2550906) | ACC(X=-5.39127159118652, Y=-5.31702470779419, Z=6.3253436088562) | HR=88 bpm | IBI=0 ms | Participant=P15
1844,IBI out of range,Row 1844 | Timestamp: 1712016550299 ms | PPG(Green=2548342, Red=2548342, Ir=2548342) | ACC(X=-5.37690114974976, Y=-5.21882724761963, Z=6.21756601333618) | HR=87 bpm | IBI=0 ms | Participant=P15
1845,IBI out of range,Row 1845 | Timestamp: 1712016550338 ms | PPG(Green=2545920, Red=2545920, Ir=2545920) | ACC(X=-5.43917274475098, Y=-5.26193857192993, Z=6.21517086029053) | HR=87 bpm | IBI=0 ms | Participant=P15
1846,IBI out of range,Row 1846 | Timestamp: 1712016550378 ms | PPG(Green=2545065, Red=2545065, Ir=2545065) | ACC(X=-5.4128270149231, Y=-5.31941986083984, Z=6.25349187850952) | HR=86 bpm | IBI=0 ms | Participant=P15
1847,IBI out of range,Row 1847 | Timestamp: 1712016550418 ms | PPG(Green=2544950, Red=2544950, Ir=2544950) | ACC(X=-5.37690114974976, Y=-5.24996328353882, Z=6.17445468902588) | HR=86 bpm | IBI=0 ms | Participant=P15
1848,IBI out of range,Row 1848 | Timestamp: 1712016550458 ms | PPG(Green=2545011, Red=2545011, Ir=2545011) | ACC(X=-5.48467874526978, Y=-5.22122240066528, Z=6.24630641937256) | HR=85 bpm | IBI=0 ms | Participant=P15
1849,IBI out of range,Row 1849 | Timestamp: 1712016550499 ms | PPG(Green=2545088, Red=2545088, Ir=2545088) | ACC(X=-5.50623416900635, Y=-5.21164226531982, Z=6.28941774368286) | HR=85 bpm | IBI=0 ms | Participant=P15
1850,IBI out of range,Row 1850 | Timestamp: 1712016550539 ms | PPG(Green=2545186, Red=2545186, Ir=2545186) | ACC(X=-5.39606142044067, Y=-5.24756813049316, Z=6.19840526580811) | HR=84 bpm | IBI=0 ms | Participant=P15
1851,IBI out of range,Row 1851 | Timestamp: 1712016550579 ms | PPG(Green=2545092, Red=2545092, Ir=2545092) | ACC(X=-5.40085172653198, Y=-5.23559284210205, Z=6.23433113098145) | HR=84 bpm | IBI=0 ms | Participant=P15
1852,IBI out of range,Row 1852 | Timestamp: 1712016550619 ms | PPG(Green=2545198, Red=2545198, Ir=2545198) | ACC(X=-5.39127159118652, Y=-5.19727182388306, Z=6.22475099563599) | HR=83 bpm | IBI=0 ms | Participant=P15
1853,IBI out of range,Row 1853 | Timestamp: 1712016550659 ms | PPG(Green=2545933, Red=2545933, Ir=2545933) | ACC(X=-5.39606142044067, Y=-5.17811155319214, Z=6.25349187850952) | HR=84 bpm | IBI=0 ms | Participant=P15
1854,IBI out of range,Row 1854 | Timestamp: 1712016550700 ms | PPG(Green=2546703, Red=2546703, Ir=2546703) | ACC(X=-5.43438243865967, Y=-5.22361755371094, Z=6.13373899459839) | HR=84 bpm | IBI=0 ms | Participant=P15
1855,IBI out of range,Row 1855 | Timestamp: 1712016550739 ms | PPG(Green=2547582, Red=2547582, Ir=2547582) | ACC(X=-5.44875288009644, Y=-5.2834939956665, Z=6.21517086029053) | HR=84 bpm | IBI=0 ms | Participant=P15
1856,IBI out of range,Row 1856 | Timestamp: 1712016550779 ms | PPG(Green=2548667, Red=2548667, Ir=2548667) | ACC(X=-5.43198728561401, Y=-5.27151870727539, Z=6.24630641937256) | HR=85 bpm | IBI=0 ms | Participant=P15
1857,IBI out of range,Row 1857 | Timestamp: 1712016550819 ms | PPG(Green=2549482, Red=2549482, Ir=2549482) | ACC(X=-5.45593786239624, Y=-5.24038314819336, Z=6.21038055419922) | HR=85 bpm | IBI=0 ms | Participant=P15
1858,IBI out of range,Row 1858 | Timestamp: 1712016550859 ms | PPG(Green=2550428, Red=2550428, Ir=2550428) | ACC(X=-5.42959260940552, Y=-5.25954341888428, Z=6.18642997741699) | HR=85 bpm | IBI=0 ms | Participant=P15
1859,IBI out of range,Row 1859 | Timestamp: 1712016550900 ms | PPG(Green=2551147, Red=2551147, Ir=2551147) | ACC(X=-5.34816026687622, Y=-5.18290138244629, Z=6.23433113098145) | HR=85 bpm | IBI=0 ms | Participant=P15
1860,IBI out of range,Row 1860 | Timestamp: 1712016550940 ms | PPG(Green=2552169, Red=2552169, Ir=2552169) | ACC(X=-5.42480230331421, Y=-5.27151870727539, Z=6.12894868850708) | HR=85 bpm | IBI=0 ms | Participant=P15
1861,IBI out of range,Row 1861 | Timestamp: 1712016550980 ms | PPG(Green=2552636, Red=2552636, Ir=2552636) | ACC(X=-5.48467874526978, Y=-5.20924711227417, Z=6.26067686080933) | HR=86 bpm | IBI=0 ms | Participant=P15
1862,IBI out of range,Row 1862 | Timestamp: 1712016551020 ms | PPG(Green=2551798, Red=2551798, Ir=2551798) | ACC(X=-5.34337043762207, Y=-5.29067897796631, Z=6.25828170776367) | HR=87 bpm | IBI=0 ms | Participant=P15
1863,IBI out of range,Row 1863 | Timestamp: 1712016551060 ms | PPG(Green=2549328, Red=2549328, Ir=2549328) | ACC(X=-5.47509860992432, Y=-5.23080253601074, Z=6.19601058959961) | HR=87 bpm | IBI=0 ms | Participant=P15
1864,IBI out of range,Row 1864 | Timestamp: 1712016551101 ms | PPG(Green=2546672, Red=2546672, Ir=2546672) | ACC(X=-5.4631233215332, Y=-5.22601270675659, Z=6.21038055419922) | HR=88 bpm | IBI=0 ms | Participant=P15
1865,IBI out of range,Row 1865 | Timestamp: 1712016551140 ms | PPG(Green=2545593, Red=2545593, Ir=2545593) | ACC(X=-5.4176173210144, Y=-5.28109884262085, Z=6.24870157241821) | HR=88 bpm | IBI=0 ms | Participant=P15
1866,IBI out of range,Row 1866 | Timestamp: 1712016551180 ms | PPG(Green=2545222, Red=2545222, Ir=2545222) | ACC(X=-5.39606142044067, Y=-5.24277782440186, Z=6.21038055419922) | HR=88 bpm | IBI=0 ms | Participant=P15
1867,IBI out of range,Row 1867 | Timestamp: 1712016551221 ms | PPG(Green=2545245, Red=2545245, Ir=2545245) | ACC(X=-5.51102447509766, Y=-5.24277782440186, Z=6.23912143707275) | HR=88 bpm | IBI=0 ms | Participant=P15
1868,IBI out of range,Row 1868 | Timestamp: 1712016551261 ms | PPG(Green=2545313, Red=2545313, Ir=2545313) | ACC(X=-5.47270345687866, Y=-5.16613626480103, Z=6.22235584259033) | HR=89 bpm | IBI=0 ms | Participant=P15
1869,IBI out of range,Row 1869 | Timestamp: 1712016551301 ms | PPG(Green=2545306, Red=2545306, Ir=2545306) | ACC(X=-5.4200119972229, Y=-5.22122240066528, Z=6.20559072494507) | HR=89 bpm | IBI=0 ms | Participant=P15
1870,IBI out of range,Row 1870 | Timestamp: 1712016551341 ms | PPG(Green=2545136, Red=2545136, Ir=2545136) | ACC(X=-5.40085172653198, Y=-5.24756813049316, Z=6.28462743759155) | HR=89 bpm | IBI=0 ms | Participant=P15
1871,IBI out of range,Row 1871 | Timestamp: 1712016551381 ms | PPG(Green=2545258, Red=2545258, Ir=2545258) | ACC(X=-5.34337043762207, Y=-5.20206212997437, Z=6.20798587799072) | HR=89 bpm | IBI=0 ms | Participant=P15
1872,IBI out of range,Row 1872 | Timestamp: 1712016551421 ms | PPG(Green=2545878, Red=2545878, Ir=2545878) | ACC(X=-5.44875288009644, Y=-5.17332124710083, Z=6.19361543655396) | HR=89 bpm | IBI=0 ms | Participant=P15
1873,IBI out of range,Row 1873 | Timestamp: 1712016551461 ms | PPG(Green=2546654, Red=2546654, Ir=2546654) | ACC(X=-5.45593786239624, Y=-5.26433372497559, Z=6.24151659011841) | HR=89 bpm | IBI=0 ms | Participant=P15
1874,IBI out of range,Row 1874 | Timestamp: 1712016551502 ms | PPG(Green=2547512, Red=2547512, Ir=2547512) | ACC(X=-5.43677759170532, Y=-5.26433372497559, Z=6.19601058959961) | HR=90 bpm | IBI=0 ms | Participant=P15
1875,IBI out of range,Row 1875 | Timestamp: 1712016551541 ms | PPG(Green=2548588, Red=2548588, Ir=2548588) | ACC(X=-5.43677759170532, Y=-5.1948766708374, Z=6.22714614868164) | HR=90 bpm | IBI=0 ms | Participant=P15
1876,IBI out of range,Row 1876 | Timestamp: 1712016551581 ms | PPG(Green=2549394, Red=2549394, Ir=2549394) | ACC(X=-5.47030830383301, Y=-5.24517297744751, Z=6.22954130172729) | HR=89 bpm | IBI=0 ms | Participant=P15
1877,IBI out of range,Row 1877 | Timestamp: 1712016551622 ms | PPG(Green=2550087, Red=2550087, Ir=2550087) | ACC(X=-5.38408613204956, Y=-5.31223440170288, Z=6.22954130172729) | HR=89 bpm | IBI=0 ms | Participant=P15
1878,IBI out of range,Row 1878 | Timestamp: 1712016551662 ms | PPG(Green=2550931, Red=2550931, Ir=2550931) | ACC(X=-5.37690114974976, Y=-5.21164226531982, Z=6.23433113098145) | HR=89 bpm | IBI=0 ms | Participant=P15
1879,IBI out of range,Row 1879 | Timestamp: 1712016551703 ms | PPG(Green=2551941, Red=2551941, Ir=2551941) | ACC(X=-5.40564203262329, Y=-5.21164226531982, Z=6.18164014816284) | HR=89 bpm | IBI=0 ms | Participant=P15
1880,IBI out of range,Row 1880 | Timestamp: 1712016551742 ms | PPG(Green=2552491, Red=2552491, Ir=2552491) | ACC(X=-5.40803670883179, Y=-5.27151870727539, Z=6.28462743759155) | HR=89 bpm | IBI=0 ms | Participant=P15
1881,IBI out of range,Row 1881 | Timestamp: 1712016551782 ms | PPG(Green=2551697, Red=2551697, Ir=2551697) | ACC(X=-5.37929630279541, Y=-5.21643257141113, Z=6.25588655471802) | HR=89 bpm | IBI=0 ms | Participant=P15
1882,IBI out of range,Row 1882 | Timestamp: 1712016551822 ms | PPG(Green=2549012, Red=2549012, Ir=2549012) | ACC(X=-5.4128270149231, Y=-5.16134595870972, Z=6.21517086029053) | HR=90 bpm | IBI=0 ms | Participant=P15
1883,IBI out of range,Row 1883 | Timestamp: 1712016551862 ms | PPG(Green=2546641, Red=2546641, Ir=2546641) | ACC(X=-5.49665403366089, Y=-5.28828430175781, Z=6.21277570724487) | HR=90 bpm | IBI=0 ms | Participant=P15
1884,IBI out of range,Row 1884 | Timestamp: 1712016551903 ms | PPG(Green=2545672, Red=2545672, Ir=2545672) | ACC(X=-5.38887643814087, Y=-5.26672840118408, Z=6.24870157241821) | HR=91 bpm | IBI=0 ms | Participant=P15
1885,IBI out of range,Row 1885 | Timestamp: 1712016551942 ms | PPG(Green=2545445, Red=2545445, Ir=2545445) | ACC(X=-5.40803670883179, Y=-5.24517297744751, Z=6.21277570724487) | HR=91 bpm | IBI=0 ms | Participant=P15
1886,IBI out of range,Row 1886 | Timestamp: 1712016551983 ms | PPG(Green=2545602, Red=2545602, Ir=2545602) | ACC(X=-5.47509860992432, Y=-5.21403741836548, Z=6.16726970672607) | HR=91 bpm | IBI=0 ms | Participant=P15
1887,IBI out of range,Row 1887 | Timestamp: 1712016552023 ms | PPG(Green=2545753, Red=2545753, Ir=2545753) | ACC(X=-5.45114803314209, Y=-5.22840785980225, Z=6.2439112663269) | HR=90 bpm | IBI=0 ms | Participant=P15
1888,IBI out of range,Row 1888 | Timestamp: 1712016552063 ms | PPG(Green=2545765, Red=2545765, Ir=2545765) | ACC(X=-5.44156742095947, Y=-5.28588914871216, Z=6.22954130172729) | HR=89 bpm | IBI=0 ms | Participant=P15
1889,IBI out of range,Row 1889 | Timestamp: 1712016552104 ms | PPG(Green=2545721, Red=2545721, Ir=2545721) | ACC(X=-5.34337043762207, Y=-5.30504941940308, Z=6.27025699615479) | HR=88 bpm | IBI=0 ms | Participant=P15
1890,HeartRate out of range,Row 1890 | Timestamp: 1712016552143 ms | PPG(Green=2546221, Red=2546221, Ir=2546221) | ACC(X=-5.43677759170532, Y=-5.31462955474854, Z=6.25588655471802) | HR=0 bpm | IBI=0 ms | Participant=P15
1891,HeartRate out of range,Row 1891 | Timestamp: 1712016552183 ms | PPG(Green=2547131, Red=2547131, Ir=2547131) | ACC(X=-5.44396257400513, Y=-5.25235843658447, Z=6.22954130172729) | HR=0 bpm | IBI=0 ms | Participant=P15
1892,IBI out of range,Row 1892 | Timestamp: 1712016552223 ms | PPG(Green=2547979, Red=2547979, Ir=2547979) | ACC(X=-5.51102447509766, Y=-5.16853141784668, Z=6.19601058959961) | HR=91 bpm | IBI=0 ms | Participant=P15
1893,IBI out of range,Row 1893 | Timestamp: 1712016552263 ms | PPG(Green=2548935, Red=2548935, Ir=2548935) | ACC(X=-5.4631233215332, Y=-5.29307413101196, Z=6.24630641937256) | HR=92 bpm | IBI=0 ms | Participant=P15
1894,IBI out of range,Row 1894 | Timestamp: 1712016552304 ms | PPG(Green=2549687, Red=2549687, Ir=2549687) | ACC(X=-5.44156742095947, Y=-5.20685195922852, Z=6.26067686080933) | HR=92 bpm | IBI=0 ms | Participant=P15
1895,IBI out of range,Row 1895 | Timestamp: 1712016552343 ms | PPG(Green=2550491, Red=2550491, Ir=2550491) | ACC(X=-5.50623416900635, Y=-5.24517297744751, Z=6.15768957138062) | HR=93 bpm | IBI=0 ms | Participant=P15
1896,IBI out of range,Row 1896 | Timestamp: 1712016552383 ms | PPG(Green=2551305, Red=2551305, Ir=2551305) | ACC(X=-5.47030830383301, Y=-5.29307413101196, Z=6.29420757293701) | HR=93 bpm | IBI=0 ms | Participant=P15
1897,IBI out of range,Row 1897 | Timestamp: 1712016552423 ms | PPG(Green=2552316, Red=2552316, Ir=2552316) | ACC(X=-5.40564203262329, Y=-5.22361755371094, Z=6.21996068954468) | HR=92 bpm | IBI=0 ms | Participant=P15
1898,IBI out of range,Row 1898 | Timestamp: 1712016552464 ms | PPG(Green=2552693, Red=2552693, Ir=2552693) | ACC(X=-5.4655179977417, Y=-5.24756813049316, Z=6.25109672546387) | HR=93 bpm | IBI=0 ms | Participant=P15
1899,IBI out of range,Row 1899 | Timestamp: 1712016552504 ms | PPG(Green=2551496, Red=2551496, Ir=2551496) | ACC(X=-5.42719745635986, Y=-5.22601270675659, Z=6.27744245529175) | HR=94 bpm | IBI=0 ms | Participant=P15
1900,IBI out of range,Row 1900 | Timestamp: 1712016552544 ms | PPG(Green=2548734, Red=2548734, Ir=2548734) | ACC(X=-5.47509860992432, Y=-5.30265426635742, Z=6.24151659011841) | HR=94 bpm | IBI=0 ms | Participant=P15
1901,IBI out of range,Row 1901 | Timestamp: 1712016552584 ms | PPG(Green=2546582, Red=2546582, Ir=2546582) | ACC(X=-5.44875288009644, Y=-5.18290138244629, Z=6.2439112663269) | HR=93 bpm | IBI=0 ms | Participant=P15
1902,IBI out of range,Row 1902 | Timestamp: 1712016552624 ms | PPG(Green=2545806, Red=2545806, Ir=2545806) | ACC(X=-5.40324687957764, Y=-5.31223440170288, Z=6.2439112663269) | HR=93 bpm | IBI=0 ms | Participant=P15
1903,IBI out of range,Row 1903 | Timestamp: 1712016552664 ms | PPG(Green=2545783, Red=2545783, Ir=2545783) | ACC(X=-5.38408613204956, Y=-5.27151870727539, Z=6.23193597793579) | HR=92 bpm | IBI=0 ms | Participant=P15
1904,IBI out of range,Row 1904 | Timestamp: 1712016552705 ms | PPG(Green=2546058, Red=2546058, Ir=2546058) | ACC(X=-5.44875288009644, Y=-5.30504941940308, Z=6.19601058959961) | HR=91 bpm | IBI=0 ms | Participant=P15
1905,IBI out of range,Row 1905 | Timestamp: 1712016552744 ms | PPG(Green=2546070, Red=2546070, Ir=2546070) | ACC(X=-5.50623416900635, Y=-5.15655612945557, Z=6.20798587799072) | HR=90 bpm | IBI=0 ms | Participant=P15
1906,IBI out of range,Row 1906 | Timestamp: 1712016552784 ms | PPG(Green=2545929, Red=2545929, Ir=2545929) | ACC(X=-5.45114803314209, Y=-5.24038314819336, Z=6.27983713150024) | HR=89 bpm | IBI=0 ms | Participant=P15
1907,IBI out of range,Row 1907 | Timestamp: 1712016552824 ms | PPG(Green=2545745, Red=2545745, Ir=2545745) | ACC(X=-5.41522216796875, Y=-5.25475311279297, Z=6.20559072494507) | HR=89 bpm | IBI=0 ms | Participant=P15
1908,IBI out of range,Row 1908 | Timestamp: 1712016552864 ms | PPG(Green=2545949, Red=2545949, Ir=2545949) | ACC(X=-5.37690114974976, Y=-5.19727182388306, Z=6.24630641937256) | HR=89 bpm | IBI=0 ms | Participant=P15
1909,IBI out of range,Row 1909 | Timestamp: 1712016552905 ms | PPG(Green=2546612, Red=2546612, Ir=2546612) | ACC(X=-5.41522216796875, Y=-5.19248199462891, Z=6.24630641937256) | HR=89 bpm | IBI=0 ms | Participant=P15
1910,IBI out of range,Row 1910 | Timestamp: 1712016552945 ms | PPG(Green=2547424, Red=2547424, Ir=2547424) | ACC(X=-5.38887643814087, Y=-5.27151870727539, Z=6.26067686080933) | HR=88 bpm | IBI=0 ms | Participant=P15
1911,IBI out of range,Row 1911 | Timestamp: 1712016552984 ms | PPG(Green=2548279, Red=2548279, Ir=2548279) | ACC(X=-5.50144386291504, Y=-5.15655612945557, Z=6.18164014816284) | HR=89 bpm | IBI=0 ms | Participant=P15
1912,IBI out of range,Row 1912 | Timestamp: 1712016553025 ms | PPG(Green=2549069, Red=2549069, Ir=2549069) | ACC(X=-5.48467874526978, Y=-5.29546928405762, Z=6.22954130172729) | HR=91 bpm | IBI=0 ms | Participant=P15
1913,IBI out of range,Row 1913 | Timestamp: 1712016553065 ms | PPG(Green=2549855, Red=2549855, Ir=2549855) | ACC(X=-5.4655179977417, Y=-5.24038314819336, Z=6.24151659011841) | HR=93 bpm | IBI=0 ms | Participant=P15
1914,HeartRate out of range,Row 1914 | Timestamp: 1712016553105 ms | PPG(Green=2550672, Red=2550672, Ir=2550672) | ACC(X=-5.45114803314209, Y=-5.25714826583862, Z=6.18642997741699) | HR=0 bpm | IBI=0 ms | Participant=P15
1916,IBI out of range,Row 1916 | Timestamp: 1712016553185 ms | PPG(Green=2552157, Red=2552157, Ir=2552157) | ACC(X=-5.37211084365845, Y=-5.2834939956665, Z=6.19361543655396) | HR=93 bpm | IBI=0 ms | Participant=P15
1917,IBI out of range,Row 1917 | Timestamp: 1712016553225 ms | PPG(Green=2552427, Red=2552427, Ir=2552427) | ACC(X=-5.4583330154419, Y=-5.21403741836548, Z=6.20080041885376) | HR=92 bpm | IBI=0 ms | Participant=P15
1918,IBI out of range,Row 1918 | Timestamp: 1712016553265 ms | PPG(Green=2551082, Red=2551082, Ir=2551082) | ACC(X=-5.32660484313965, Y=-5.29786443710327, Z=6.27744245529175) | HR=93 bpm | IBI=0 ms | Participant=P15
1920,IBI out of range,Row 1920 | Timestamp: 1712016553345 ms | PPG(Green=2546417, Red=2546417, Ir=2546417) | ACC(X=-5.51102447509766, Y=-5.18290138244629, Z=6.17206001281738) | HR=94 bpm | IBI=0 ms | Participant=P15
1921,IBI out of range,Row 1921 | Timestamp: 1712016553385 ms | PPG(Green=2545774, Red=2545774, Ir=2545774) | ACC(X=-5.48707389831543, Y=-5.23080253601074, Z=6.16726970672607) | HR=96 bpm | IBI=0 ms | Participant=P15
1922,IBI out of range,Row 1922 | Timestamp: 1712016553426 ms | PPG(Green=2545929, Red=2545929, Ir=2545929) | ACC(X=-5.36971616744995, Y=-5.26912355422974, Z=6.26307201385498) | HR=96 bpm | IBI=0 ms | Participant=P15
1923,IBI out of range,Row 1923 | Timestamp: 1712016553466 ms | PPG(Green=2546066, Red=2546066, Ir=2546066) | ACC(X=-5.44635772705078, Y=-5.2331976890564, Z=6.21996068954468) | HR=95 bpm | IBI=0 ms | Participant=P15
1924,HeartRate out of range,Row 1924 | Timestamp: 1712016553506 ms | PPG(Green=2546039, Red=2546039, Ir=2546039) | ACC(X=-5.49904918670654, Y=-5.18529653549194, Z=6.25828170776367) | HR=0 bpm | IBI=0 ms | Participant=P15
1925,HeartRate out of range,Row 1925 | Timestamp: 1712016553546 ms | PPG(Green=2546060, Red=2546060, Ir=2546060) | ACC(X=-5.4128270149231, Y=-5.22361755371094, Z=6.22714614868164) | HR=0 bpm | IBI=0 ms | Participant=P15
1926,HeartRate out of range,Row 1926 | Timestamp: 1712016553586 ms | PPG(Green=2545762, Red=2545762, Ir=2545762) | ACC(X=-5.45354270935059, Y=-5.22840785980225, Z=6.27025699615479) | HR=0 bpm | IBI=0 ms | Participant=P15
1927,HeartRate out of range,Row 1927 | Timestamp: 1712016553626 ms | PPG(Green=2546042, Red=2546042, Ir=2546042) | ACC(X=-5.47988843917847, Y=-5.23080253601074, Z=6.23193597793579) | HR=0 bpm | IBI=0 ms | Participant=P15
1928,HeartRate out of range,Row 1928 | Timestamp: 1712016553666 ms | PPG(Green=2546599, Red=2546599, Ir=2546599) | ACC(X=-5.44156742095947, Y=-5.22601270675659, Z=6.21038055419922) | HR=0 bpm | IBI=0 ms | Participant=P15
1929,HeartRate out of range,Row 1929 | Timestamp: 1712016553707 ms | PPG(Green=2547494, Red=2547494, Ir=2547494) | ACC(X=-5.4200119972229, Y=-5.24277782440186, Z=6.21996068954468) | HR=0 bpm | IBI=0 ms | Participant=P15
1930,HeartRate out of range,Row 1930 | Timestamp: 1712016553746 ms | PPG(Green=2548217, Red=2548217, Ir=2548217) | ACC(X=-5.47030830383301, Y=-5.20445728302002, Z=6.17206001281738) | HR=0 bpm | IBI=0 ms | Participant=P15
1931,HeartRate out of range,Row 1931 | Timestamp: 1712016553786 ms | PPG(Green=2549075, Red=2549075, Ir=2549075) | ACC(X=-5.42719745635986, Y=-5.21882724761963, Z=6.25109672546387) | HR=0 bpm | IBI=0 ms | Participant=P15
1932,HeartRate out of range,Row 1932 | Timestamp: 1712016553826 ms | PPG(Green=2549968, Red=2549968, Ir=2549968) | ACC(X=-5.42240715026855, Y=-5.23798799514771, Z=6.27265214920044) | HR=0 bpm | IBI=0 ms | Participant=P15
1933,HeartRate out of range,Row 1933 | Timestamp: 1712016553866 ms | PPG(Green=2550720, Red=2550720, Ir=2550720) | ACC(X=-5.50383901596069, Y=-5.26672840118408, Z=6.19840526580811) | HR=0 bpm | IBI=0 ms | Participant=P15
1934,HeartRate out of range,Row 1934 | Timestamp: 1712016553907 ms | PPG(Green=2551447, Red=2551447, Ir=2551447) | ACC(X=-5.34816026687622, Y=-5.24277782440186, Z=6.13852882385254) | HR=0 bpm | IBI=0 ms | Participant=P15
1935,HeartRate out of range,Row 1935 | Timestamp: 1712016553946 ms | PPG(Green=2552089, Red=2552089, Ir=2552089) | ACC(X=-5.42240715026855, Y=-5.16613626480103, Z=6.15289926528931) | HR=0 bpm | IBI=0 ms | Participant=P15
1936,HeartRate out of range,Row 1936 | Timestamp: 1712016553986 ms | PPG(Green=2551757, Red=2551757, Ir=2551757) | ACC(X=-5.33858013153076, Y=-5.24517297744751, Z=6.19361543655396) | HR=0 bpm | IBI=0 ms | Participant=P15
1937,HeartRate out of range,Row 1937 | Timestamp: 1712016554026 ms | PPG(Green=2549616, Red=2549616, Ir=2549616) | ACC(X=-5.40324687957764, Y=-5.22601270675659, Z=6.28941774368286) | HR=0 bpm | IBI=0 ms | Participant=P15
1938,HeartRate out of range,Row 1938 | Timestamp: 1712016554066 ms | PPG(Green=2546577, Red=2546577, Ir=2546577) | ACC(X=-5.39845657348633, Y=-5.38169145584106, Z=6.49299716949463) | HR=0 bpm | IBI=0 ms | Participant=P15
1939,HeartRate out of range,Row 1939 | Timestamp: 1712016554107 ms | PPG(Green=2545330, Red=2545330, Ir=2545330) | ACC(X=-5.43917274475098, Y=-5.23798799514771, Z=6.21996068954468) | HR=0 bpm | IBI=0 ms | Participant=P15
1940,HeartRate out of range,Row 1940 | Timestamp: 1712016554147 ms | PPG(Green=2545059, Red=2545059, Ir=2545059) | ACC(X=-5.53497505187988, Y=-5.06314897537231, Z=5.75292491912842) | HR=0 bpm | IBI=0 ms | Participant=P15
1941,HeartRate out of range,Row 1941 | Timestamp: 1712016554187 ms | PPG(Green=2545332, Red=2545332, Ir=2545332) | ACC(X=-5.61161661148071, Y=-5.13021039962769, Z=6.01398611068726) | HR=0 bpm | IBI=0 ms | Participant=P15
1942,HeartRate out of range,Row 1942 | Timestamp: 1712016554227 ms | PPG(Green=2544753, Red=2544753, Ir=2544753) | ACC(X=-5.31941986083984, Y=-5.34097528457642, Z=6.45946645736694) | HR=0 bpm | IBI=0 ms | Participant=P15
1943,HeartRate out of range,Row 1943 | Timestamp: 1712016554267 ms | PPG(Green=2543332, Red=2543332, Ir=2543332) | ACC(X=-5.39845657348633, Y=-5.24517297744751, Z=6.48581218719482) | HR=0 bpm | IBI=0 ms | Participant=P15
1944,IBI out of range,Row 1944 | Timestamp: 1712016554308 ms | PPG(Green=2542507, Red=2542507, Ir=2542507) | ACC(X=-5.1948766708374, Y=-5.22601270675659, Z=6.27983713150024) | HR=85 bpm | IBI=0 ms | Participant=P15
1945,HeartRate out of range,Row 1945 | Timestamp: 1712016554347 ms | PPG(Green=2543221, Red=2543221, Ir=2543221) | ACC(X=-5.34337043762207, Y=-5.3218150138855, Z=5.99003553390503) | HR=0 bpm | IBI=0 ms | Participant=P15
1946,IBI out of range,Row 1946 | Timestamp: 1712016554387 ms | PPG(Green=2544531, Red=2544531, Ir=2544531) | ACC(X=-5.53497505187988, Y=-5.13739538192749, Z=6.08583784103394) | HR=87 bpm | IBI=0 ms | Participant=P15
1947,IBI out of range,Row 1947 | Timestamp: 1712016554427 ms | PPG(Green=2545746, Red=2545746, Ir=2545746) | ACC(X=-5.47749328613281, Y=-5.2331976890564, Z=6.2367262840271) | HR=86 bpm | IBI=0 ms | Participant=P15
1948,IBI out of range,Row 1948 | Timestamp: 1712016554467 ms | PPG(Green=2546072, Red=2546072, Ir=2546072) | ACC(X=-5.48946857452393, Y=-5.16134595870972, Z=6.3277382850647) | HR=86 bpm | IBI=0 ms | Participant=P15
1949,IBI out of range,Row 1949 | Timestamp: 1712016554508 ms | PPG(Green=2546418, Red=2546418, Ir=2546418) | ACC(X=-5.46072816848755, Y=-5.30504941940308, Z=6.19361543655396) | HR=85 bpm | IBI=0 ms | Participant=P15
1950,IBI out of range,Row 1950 | Timestamp: 1712016554548 ms | PPG(Green=2547176, Red=2547176, Ir=2547176) | ACC(X=-5.40085172653198, Y=-5.23080253601074, Z=6.25349187850952) | HR=85 bpm | IBI=0 ms | Participant=P15
1951,HeartRate out of range,Row 1951 | Timestamp: 1712016554588 ms | PPG(Green=2548256, Red=2548256, Ir=2548256) | ACC(X=-5.40564203262329, Y=-5.37690114974976, Z=6.21756601333618) | HR=0 bpm | IBI=0 ms | Participant=P15
1952,IBI out of range,Row 1952 | Timestamp: 1712016554628 ms | PPG(Green=2549303, Red=2549303, Ir=2549303) | ACC(X=-5.36253070831299, Y=-5.19727182388306, Z=6.24151659011841) | HR=85 bpm | IBI=0 ms | Participant=P15
1953,IBI out of range,Row 1953 | Timestamp: 1712016554668 ms | PPG(Green=2550121, Red=2550121, Ir=2550121) | ACC(X=-5.43677759170532, Y=-5.15416097640991, Z=6.27744245529175) | HR=85 bpm | IBI=0 ms | Participant=P15
1954,IBI out of range,Row 1954 | Timestamp: 1712016554709 ms | PPG(Green=2550422, Red=2550422, Ir=2550422) | ACC(X=-5.52778959274292, Y=-5.23080253601074, Z=6.1912202835083) | HR=87 bpm | IBI=0 ms | Participant=P15
1955,IBI out of range,Row 1955 | Timestamp: 1712016554749 ms | PPG(Green=2549077, Red=2549077, Ir=2549077) | ACC(X=-5.29546928405762, Y=-5.29307413101196, Z=6.30139303207397) | HR=86 bpm | IBI=0 ms | Participant=P15
1956,IBI out of range,Row 1956 | Timestamp: 1712016554789 ms | PPG(Green=2546541, Red=2546541, Ir=2546541) | ACC(X=-5.3673210144043, Y=-5.41043186187744, Z=6.24630641937256) | HR=87 bpm | IBI=0 ms | Participant=P15
1957,IBI out of range,Row 1957 | Timestamp: 1712016554829 ms | PPG(Green=2544541, Red=2544541, Ir=2544541) | ACC(X=-5.36492586135864, Y=-5.17332124710083, Z=6.16966485977173) | HR=86 bpm | IBI=0 ms | Participant=P15
1958,IBI out of range,Row 1958 | Timestamp: 1712016554870 ms | PPG(Green=2544056, Red=2544056, Ir=2544056) | ACC(X=-5.38408613204956, Y=-5.25475311279297, Z=6.2439112663269) | HR=87 bpm | IBI=0 ms | Participant=P15
1959,IBI out of range,Row 1959 | Timestamp: 1712016554910 ms | PPG(Green=2543895, Red=2543895, Ir=2543895) | ACC(X=-5.34816026687622, Y=-5.28588914871216, Z=6.29899787902832) | HR=86 bpm | IBI=0 ms | Participant=P15
1960,IBI out of range,Row 1960 | Timestamp: 1712016554950 ms | PPG(Green=2544384, Red=2544384, Ir=2544384) | ACC(X=-5.43917274475098, Y=-5.24756813049316, Z=6.17206001281738) | HR=87 bpm | IBI=0 ms | Participant=P15
1961,IBI out of range,Row 1961 | Timestamp: 1712016554990 ms | PPG(Green=2544578, Red=2544578, Ir=2544578) | ACC(X=-5.49904918670654, Y=-5.19966697692871, Z=6.21996068954468) | HR=86 bpm | IBI=0 ms | Participant=P15
1962,IBI out of range,Row 1962 | Timestamp: 1712016555030 ms | PPG(Green=2544614, Red=2544614, Ir=2544614) | ACC(X=-5.40085172653198, Y=-5.2763090133667, Z=6.20080041885376) | HR=85 bpm | IBI=0 ms | Participant=P15
1963,IBI out of range,Row 1963 | Timestamp: 1712016555071 ms | PPG(Green=2544549, Red=2544549, Ir=2544549) | ACC(X=-5.33858013153076, Y=-5.22361755371094, Z=6.18882513046265) | HR=86 bpm | IBI=0 ms | Participant=P15
1964,IBI out of range,Row 1964 | Timestamp: 1712016555112 ms | PPG(Green=2544682, Red=2544682, Ir=2544682) | ACC(X=-5.46791315078735, Y=-5.3218150138855, Z=6.15289926528931) | HR=86 bpm | IBI=0 ms | Participant=P15
1965,IBI out of range,Row 1965 | Timestamp: 1712016555151 ms | PPG(Green=2545333, Red=2545333, Ir=2545333) | ACC(X=-5.41043186187744, Y=-5.25714826583862, Z=6.25349187850952) | HR=86 bpm | IBI=0 ms | Participant=P15
1966,IBI out of range,Row 1966 | Timestamp: 1712016555191 ms | PPG(Green=2546360, Red=2546360, Ir=2546360) | ACC(X=-5.46791315078735, Y=-5.19248199462891, Z=6.27025699615479) | HR=85 bpm | IBI=0 ms | Participant=P15
1967,IBI out of range,Row 1967 | Timestamp: 1712016555232 ms | PPG(Green=2547222, Red=2547222, Ir=2547222) | ACC(X=-5.53018474578857, Y=-5.29307413101196, Z=6.26067686080933) | HR=85 bpm | IBI=0 ms | Participant=P15
1968,IBI out of range,Row 1968 | Timestamp: 1712016555272 ms | PPG(Green=2548284, Red=2548284, Ir=2548284) | ACC(X=-5.47509860992432, Y=-5.24038314819336, Z=6.26307201385498) | HR=84 bpm | IBI=0 ms | Participant=P15
1969,HeartRate out of range,Row 1969 | Timestamp: 1712016555313 ms | PPG(Green=2549177, Red=2549177, Ir=2549177) | ACC(X=-5.54455518722534, Y=-5.19966697692871, Z=6.2367262840271) | HR=0 bpm | IBI=0 ms | Participant=P15
1970,HeartRate out of range,Row 1970 | Timestamp: 1712016555353 ms | PPG(Green=2550057, Red=2550057, Ir=2550057) | ACC(X=-5.41522216796875, Y=-5.22361755371094, Z=6.26067686080933) | HR=0 bpm | IBI=0 ms | Participant=P15
1971,HeartRate out of range,Row 1971 | Timestamp: 1712016555393 ms | PPG(Green=2551102, Red=2551102, Ir=2551102) | ACC(X=-5.42719745635986, Y=-5.24277782440186, Z=6.19361543655396) | HR=0 bpm | IBI=0 ms | Participant=P15
1972,HeartRate out of range,Row 1972 | Timestamp: 1712016555433 ms | PPG(Green=2551512, Red=2551512, Ir=2551512) | ACC(X=-5.42480230331421, Y=-5.24038314819336, Z=6.19840526580811) | HR=0 bpm | IBI=0 ms | Participant=P15
1973,HeartRate out of range,Row 1973 | Timestamp: 1712016555473 ms | PPG(Green=2550336, Red=2550336, Ir=2550336) | ACC(X=-5.43438243865967, Y=-5.2834939956665, Z=6.24151659011841) | HR=0 bpm | IBI=0 ms | Participant=P15
1974,HeartRate out of range,Row 1974 | Timestamp: 1712016555514 ms | PPG(Green=2547528, Red=2547528, Ir=2547528) | ACC(X=-5.42959260940552, Y=-5.24996328353882, Z=6.23433113098145) | HR=0 bpm | IBI=0 ms | Participant=P15
1975,IBI out of range,Row 1975 | Timestamp: 1712016555554 ms | PPG(Green=2545252, Red=2545252, Ir=2545252) | ACC(X=-5.42959260940552, Y=-5.13739538192749, Z=6.22714614868164) | HR=81 bpm | IBI=0 ms | Participant=P15
1976,HeartRate out of range,Row 1976 | Timestamp: 1712016555594 ms | PPG(Green=2544454, Red=2544454, Ir=2544454) | ACC(X=-5.47509860992432, Y=-5.20924711227417, Z=6.22954130172729) | HR=0 bpm | IBI=0 ms | Participant=P15
1977,IBI out of range,Row 1977 | Timestamp: 1712016555634 ms | PPG(Green=2544347, Red=2544347, Ir=2544347) | ACC(X=-5.42959260940552, Y=-5.17571640014648, Z=6.24151659011841) | HR=82 bpm | IBI=0 ms | Participant=P15
1978,IBI out of range,Row 1978 | Timestamp: 1712016555675 ms | PPG(Green=2544571, Red=2544571, Ir=2544571) | ACC(X=-5.48707389831543, Y=-5.19727182388306, Z=6.23193597793579) | HR=82 bpm | IBI=0 ms | Participant=P15
1979,HeartRate out of range,Row 1979 | Timestamp: 1712016555716 ms | PPG(Green=2544668, Red=2544668, Ir=2544668) | ACC(X=-5.52299976348877, Y=-5.19727182388306, Z=6.20798587799072) | HR=0 bpm | IBI=0 ms | Participant=P15
1980,IBI out of range,Row 1980 | Timestamp: 1712016555755 ms | PPG(Green=2544422, Red=2544422, Ir=2544422) | ACC(X=-5.42240715026855, Y=-5.29067897796631, Z=6.2367262840271) | HR=83 bpm | IBI=0 ms | Participant=P15
1981,IBI out of range,Row 1981 | Timestamp: 1712016555795 ms | PPG(Green=2544133, Red=2544133, Ir=2544133) | ACC(X=-5.43438243865967, Y=-5.2834939956665, Z=6.2367262840271) | HR=82 bpm | IBI=0 ms | Participant=P15
1982,IBI out of range,Row 1982 | Timestamp: 1712016555836 ms | PPG(Green=2544056, Red=2544056, Ir=2544056) | ACC(X=-5.49904918670654, Y=-5.22840785980225, Z=6.21038055419922) | HR=82 bpm | IBI=0 ms | Participant=P15
1983,HeartRate out of range,Row 1983 | Timestamp: 1712016555876 ms | PPG(Green=2544608, Red=2544608, Ir=2544608) | ACC(X=-5.47509860992432, Y=-5.20685195922852, Z=6.27504730224609) | HR=0 bpm | IBI=0 ms | Participant=P15
1984,HeartRate out of range,Row 1984 | Timestamp: 1712016555917 ms | PPG(Green=2545027, Red=2545027, Ir=2545027) | ACC(X=-5.52778959274292, Y=-5.24038314819336, Z=6.20080041885376) | HR=0 bpm | IBI=0 ms | Participant=P15
1985,HeartRate out of range,Row 1985 | Timestamp: 1712016555957 ms | PPG(Green=2545781, Red=2545781, Ir=2545781) | ACC(X=-5.46072816848755, Y=-5.18050670623779, Z=6.24151659011841) | HR=0 bpm | IBI=0 ms | Participant=P15
1986,HeartRate out of range,Row 1986 | Timestamp: 1712016555997 ms | PPG(Green=2546406, Red=2546406, Ir=2546406) | ACC(X=-5.4631233215332, Y=-5.22601270675659, Z=6.33013343811035) | HR=0 bpm | IBI=0 ms | Participant=P15
1987,HeartRate out of range,Row 1987 | Timestamp: 1712016556037 ms | PPG(Green=2547124, Red=2547124, Ir=2547124) | ACC(X=-5.46072816848755, Y=-5.15655612945557, Z=6.19840526580811) | HR=0 bpm | IBI=0 ms | Participant=P15
1988,HeartRate out of range,Row 1988 | Timestamp: 1712016556077 ms | PPG(Green=2547770, Red=2547770, Ir=2547770) | ACC(X=-5.38887643814087, Y=-5.16134595870972, Z=6.19840526580811) | HR=0 bpm | IBI=0 ms | Participant=P15
1989,HeartRate out of range,Row 1989 | Timestamp: 1712016556118 ms | PPG(Green=2548447, Red=2548447, Ir=2548447) | ACC(X=-5.52539443969727, Y=-5.26193857192993, Z=6.20559072494507) | HR=0 bpm | IBI=0 ms | Participant=P15
1990,HeartRate out of range,Row 1990 | Timestamp: 1712016556160 ms | PPG(Green=2547957, Red=2547957, Ir=2547957) | ACC(X=-5.49425888061523, Y=-5.22122240066528, Z=6.25828170776367) | HR=0 bpm | IBI=0 ms | Participant=P15
1991,HeartRate out of range,Row 1991 | Timestamp: 1712016556201 ms | PPG(Green=2545106, Red=2545106, Ir=2545106) | ACC(X=-5.46791315078735, Y=-5.22840785980225, Z=6.25828170776367) | HR=0 bpm | IBI=0 ms | Participant=P15
1992,HeartRate out of range,Row 1992 | Timestamp: 1712016556241 ms | PPG(Green=2541536, Red=2541536, Ir=2541536) | ACC(X=-5.47988843917847, Y=-5.13260555267334, Z=6.21277570724487) | HR=0 bpm | IBI=0 ms | Participant=P15
1993,HeartRate out of range,Row 1993 | Timestamp: 1712016556281 ms | PPG(Green=2539610, Red=2539610, Ir=2539610) | ACC(X=-5.53497505187988, Y=-5.21403741836548, Z=6.33731889724731) | HR=0 bpm | IBI=0 ms | Participant=P15
1994,HeartRate out of range,Row 1994 | Timestamp: 1712016556322 ms | PPG(Green=2538770, Red=2538770, Ir=2538770) | ACC(X=-5.42719745635986, Y=-5.23559284210205, Z=6.24630641937256) | HR=0 bpm | IBI=0 ms | Participant=P15
1995,HeartRate out of range,Row 1995 | Timestamp: 1712016556362 ms | PPG(Green=2538590, Red=2538590, Ir=2538590) | ACC(X=-5.45593786239624, Y=-5.25954341888428, Z=6.15768957138062) | HR=0 bpm | IBI=0 ms | Participant=P15
1996,HeartRate out of range,Row 1996 | Timestamp: 1712016556402 ms | PPG(Green=2538551, Red=2538551, Ir=2538551) | ACC(X=-5.49425888061523, Y=-5.18290138244629, Z=6.25588655471802) | HR=0 bpm | IBI=0 ms | Participant=P15
1997,IBI out of range,Row 1997 | Timestamp: 1712016556442 ms | PPG(Green=2538542, Red=2538542, Ir=2538542) | ACC(X=-5.42959260940552, Y=-5.22840785980225, Z=6.30618286132813) | HR=80 bpm | IBI=0 ms | Participant=P15
1998,IBI out of range,Row 1998 | Timestamp: 1712016556483 ms | PPG(Green=2538018, Red=2538018, Ir=2538018) | ACC(X=-5.45114803314209, Y=-5.27151870727539, Z=6.22954130172729) | HR=79 bpm | IBI=0 ms | Participant=P15
1999,IBI out of range,Row 1999 | Timestamp: 1712016556524 ms | PPG(Green=2537912, Red=2537912, Ir=2537912) | ACC(X=-5.4176173210144, Y=-5.32420969009399, Z=6.19601058959961) | HR=79 bpm | IBI=0 ms | Participant=P15
2000,IBI out of range,Row 2000 | Timestamp: 1712016556563 ms | PPG(Green=2538327, Red=2538327, Ir=2538327) | ACC(X=-5.36971616744995, Y=-5.19966697692871, Z=6.17206001281738) | HR=78 bpm | IBI=0 ms | Participant=P15
2001,IBI out of range,Row 2001 | Timestamp: 1712016556603 ms | PPG(Green=2539125, Red=2539125, Ir=2539125) | ACC(X=-5.42480230331421, Y=-5.25954341888428, Z=6.27983713150024) | HR=79 bpm | IBI=0 ms | Participant=P15
2002,IBI out of range,Row 2002 | Timestamp: 1712016556643 ms | PPG(Green=2539966, Red=2539966, Ir=2539966) | ACC(X=-5.36971616744995, Y=-5.19008684158325, Z=6.27265214920044) | HR=78 bpm | IBI=0 ms | Participant=P15
2003,IBI out of range,Row 2003 | Timestamp: 1712016556684 ms | PPG(Green=2540893, Red=2540893, Ir=2540893) | ACC(X=-5.47749328613281, Y=-5.21403741836548, Z=6.22475099563599) | HR=78 bpm | IBI=0 ms | Participant=P15
2004,IBI out of range,Row 2004 | Timestamp: 1712016556724 ms | PPG(Green=2541891, Red=2541891, Ir=2541891) | ACC(X=-5.44875288009644, Y=-5.26193857192993, Z=6.1840353012085) | HR=79 bpm | IBI=0 ms | Participant=P15
2005,IBI out of range,Row 2005 | Timestamp: 1712016556764 ms | PPG(Green=2543023, Red=2543023, Ir=2543023) | ACC(X=-5.4583330154419, Y=-5.19248199462891, Z=6.24630641937256) | HR=78 bpm | IBI=0 ms | Participant=P15
2006,IBI out of range,Row 2006 | Timestamp: 1712016556804 ms | PPG(Green=2544041, Red=2544041, Ir=2544041) | ACC(X=-5.43917274475098, Y=-5.24517297744751, Z=6.23433113098145) | HR=78 bpm | IBI=0 ms | Participant=P15
2007,IBI out of range,Row 2007 | Timestamp: 1712016556844 ms | PPG(Green=2543442, Red=2543442, Ir=2543442) | ACC(X=-5.4583330154419, Y=-5.21164226531982, Z=6.25349187850952) | HR=78 bpm | IBI=0 ms | Participant=P15
2008,IBI out of range,Row 2008 | Timestamp: 1712016556884 ms | PPG(Green=2540032, Red=2540032, Ir=2540032) | ACC(X=-5.49425888061523, Y=-5.26672840118408, Z=6.18642997741699) | HR=79 bpm | IBI=0 ms | Participant=P15
2009,IBI out of range,Row 2009 | Timestamp: 1712016556925 ms | PPG(Green=2536668, Red=2536668, Ir=2536668) | ACC(X=-5.39606142044067, Y=-5.21643257141113, Z=6.20319557189941) | HR=79 bpm | IBI=0 ms | Participant=P15
2010,IBI out of range,Row 2010 | Timestamp: 1712016556965 ms | PPG(Green=2535087, Red=2535087, Ir=2535087) | ACC(X=-5.42480230331421, Y=-5.24996328353882, Z=6.2439112663269) | HR=79 bpm | IBI=0 ms | Participant=P15
2011,IBI out of range,Row 2011 | Timestamp: 1712016557005 ms | PPG(Green=2534695, Red=2534695, Ir=2534695) | ACC(X=-5.43438243865967, Y=-5.18529653549194, Z=6.21996068954468) | HR=79 bpm | IBI=0 ms | Participant=P15
2012,IBI out of range,Row 2012 | Timestamp: 1712016557045 ms | PPG(Green=2534749, Red=2534749, Ir=2534749) | ACC(X=-5.49665403366089, Y=-5.24277782440186, Z=6.1457142829895) | HR=80 bpm | IBI=0 ms | Participant=P15
2013,IBI out of range,Row 2013 | Timestamp: 1712016557085 ms | PPG(Green=2535157, Red=2535157, Ir=2535157) | ACC(X=-5.42959260940552, Y=-5.23080253601074, Z=6.24151659011841) | HR=79 bpm | IBI=0 ms | Participant=P15
2014,IBI out of range,Row 2014 | Timestamp: 1712016557126 ms | PPG(Green=2535012, Red=2535012, Ir=2535012) | ACC(X=-5.38887643814087, Y=-5.26193857192993, Z=6.22235584259033) | HR=80 bpm | IBI=0 ms | Participant=P15
2015,IBI out of range,Row 2015 | Timestamp: 1712016557166 ms | PPG(Green=2534825, Red=2534825, Ir=2534825) | ACC(X=-5.4176173210144, Y=-5.23798799514771, Z=6.21038055419922) | HR=81 bpm | IBI=0 ms | Participant=P15
2016,IBI out of range,Row 2016 | Timestamp: 1712016557206 ms | PPG(Green=2535005, Red=2535005, Ir=2535005) | ACC(X=-5.34816026687622, Y=-5.29067897796631, Z=6.24630641937256) | HR=80 bpm | IBI=0 ms | Participant=P15
2017,IBI out of range,Row 2017 | Timestamp: 1712016557246 ms | PPG(Green=2535433, Red=2535433, Ir=2535433) | ACC(X=-5.43677759170532, Y=-5.19727182388306, Z=6.25828170776367) | HR=81 bpm | IBI=0 ms | Participant=P15
2018,IBI out of range,Row 2018 | Timestamp: 1712016557286 ms | PPG(Green=2536376, Red=2536376, Ir=2536376) | ACC(X=-5.46072816848755, Y=-5.26433372497559, Z=6.21517086029053) | HR=80 bpm | IBI=0 ms | Participant=P15
2019,IBI out of range,Row 2019 | Timestamp: 1712016557327 ms | PPG(Green=2537351, Red=2537351, Ir=2537351) | ACC(X=-5.42240715026855, Y=-5.1948766708374, Z=6.27265214920044) | HR=81 bpm | IBI=0 ms | Participant=P15
2020,IBI out of range,Row 2020 | Timestamp: 1712016557366 ms | PPG(Green=2538679, Red=2538679, Ir=2538679) | ACC(X=-5.39845657348633, Y=-5.21403741836548, Z=6.19840526580811) | HR=81 bpm | IBI=0 ms | Participant=P15
2021,IBI out of range,Row 2021 | Timestamp: 1712016557407 ms | PPG(Green=2539873, Red=2539873, Ir=2539873) | ACC(X=-5.44396257400513, Y=-5.20206212997437, Z=6.19601058959961) | HR=80 bpm | IBI=0 ms | Participant=P15
2022,IBI out of range,Row 2022 | Timestamp: 1712016557447 ms | PPG(Green=2541140, Red=2541140, Ir=2541140) | ACC(X=-5.38887643814087, Y=-5.22361755371094, Z=6.2822322845459) | HR=81 bpm | IBI=0 ms | Participant=P15
2023,IBI out of range,Row 2023 | Timestamp: 1712016557487 ms | PPG(Green=2542033, Red=2542033, Ir=2542033) | ACC(X=-5.45354270935059, Y=-5.25714826583862, Z=6.24870157241821) | HR=80 bpm | IBI=0 ms | Participant=P15
2024,IBI out of range,Row 2024 | Timestamp: 1712016557528 ms | PPG(Green=2541097, Red=2541097, Ir=2541097) | ACC(X=-5.40324687957764, Y=-5.25475311279297, Z=6.28702259063721) | HR=80 bpm | IBI=0 ms | Participant=P15
2025,IBI out of range,Row 2025 | Timestamp: 1712016557567 ms | PPG(Green=2537272, Red=2537272, Ir=2537272) | ACC(X=-5.39127159118652, Y=-5.29786443710327, Z=6.23193597793579) | HR=80 bpm | IBI=0 ms | Participant=P15
2026,IBI out of range,Row 2026 | Timestamp: 1712016557607 ms | PPG(Green=2533617, Red=2533617, Ir=2533617) | ACC(X=-5.43917274475098, Y=-5.16134595870972, Z=6.23193597793579) | HR=80 bpm | IBI=0 ms | Participant=P15
2027,IBI out of range,Row 2027 | Timestamp: 1712016557648 ms | PPG(Green=2531778, Red=2531778, Ir=2531778) | ACC(X=-5.47030830383301, Y=-5.24756813049316, Z=6.24630641937256) | HR=80 bpm | IBI=0 ms | Participant=P15
2028,IBI out of range,Row 2028 | Timestamp: 1712016557688 ms | PPG(Green=2531088, Red=2531088, Ir=2531088) | ACC(X=-5.37211084365845, Y=-5.23798799514771, Z=6.30378770828247) | HR=79 bpm | IBI=0 ms | Participant=P15
2029,IBI out of range,Row 2029 | Timestamp: 1712016557729 ms | PPG(Green=2530900, Red=2530900, Ir=2530900) | ACC(X=-5.42240715026855, Y=-5.22122240066528, Z=6.23912143707275) | HR=80 bpm | IBI=0 ms | Participant=P15
2030,IBI out of range,Row 2030 | Timestamp: 1712016557769 ms | PPG(Green=2530660, Red=2530660, Ir=2530660) | ACC(X=-5.49904918670654, Y=-5.22601270675659, Z=6.26067686080933) | HR=79 bpm | IBI=0 ms | Participant=P15
2031,IBI out of range,Row 2031 | Timestamp: 1712016557809 ms | PPG(Green=2530508, Red=2530508, Ir=2530508) | ACC(X=-5.43677759170532, Y=-5.26433372497559, Z=6.25828170776367) | HR=79 bpm | IBI=0 ms | Participant=P15
2032,IBI out of range,Row 2032 | Timestamp: 1712016557849 ms | PPG(Green=2530004, Red=2530004, Ir=2530004) | ACC(X=-5.43677759170532, Y=-5.21403741836548, Z=6.19361543655396) | HR=78 bpm | IBI=0 ms | Participant=P15
2033,IBI out of range,Row 2033 | Timestamp: 1712016557889 ms | PPG(Green=2530000, Red=2530000, Ir=2530000) | ACC(X=-5.52299976348877, Y=-5.2787036895752, Z=6.27504730224609) | HR=80 bpm | IBI=0 ms | Participant=P15
2034,IBI out of range,Row 2034 | Timestamp: 1712016557930 ms | PPG(Green=2530486, Red=2530486, Ir=2530486) | ACC(X=-5.51102447509766, Y=-5.24277782440186, Z=6.16966485977173) | HR=80 bpm | IBI=0 ms | Participant=P15
2035,IBI out of range,Row 2035 | Timestamp: 1712016557969 ms | PPG(Green=2531198, Red=2531198, Ir=2531198) | ACC(X=-5.53257989883423, Y=-5.25954341888428, Z=6.19840526580811) | HR=81 bpm | IBI=0 ms | Participant=P15
2036,IBI out of range,Row 2036 | Timestamp: 1712016558010 ms | PPG(Green=2532297, Red=2532297, Ir=2532297) | ACC(X=-5.45593786239624, Y=-5.20206212997437, Z=6.27025699615479) | HR=81 bpm | IBI=0 ms | Participant=P15
2037,IBI out of range,Row 2037 | Timestamp: 1712016558050 ms | PPG(Green=2533446, Red=2533446, Ir=2533446) | ACC(X=-5.42959260940552, Y=-5.22122240066528, Z=6.26307201385498) | HR=81 bpm | IBI=0 ms | Participant=P15
2038,IBI out of range,Row 2038 | Timestamp: 1712016558090 ms | PPG(Green=2534452, Red=2534452, Ir=2534452) | ACC(X=-5.41043186187744, Y=-5.30744457244873, Z=6.21517086029053) | HR=82 bpm | IBI=0 ms | Participant=P15
2039,IBI out of range,Row 2039 | Timestamp: 1712016558131 ms | PPG(Green=2535476, Red=2535476, Ir=2535476) | ACC(X=-5.37929630279541, Y=-5.24038314819336, Z=6.1912202835083) | HR=82 bpm | IBI=0 ms | Participant=P15
2040,IBI out of range,Row 2040 | Timestamp: 1712016558171 ms | PPG(Green=2536786, Red=2536786, Ir=2536786) | ACC(X=-5.47270345687866, Y=-5.22361755371094, Z=6.16726970672607) | HR=82 bpm | IBI=0 ms | Participant=P15
2041,IBI out of range,Row 2041 | Timestamp: 1712016558211 ms | PPG(Green=2537137, Red=2537137, Ir=2537137) | ACC(X=-5.48467874526978, Y=-5.20206212997437, Z=6.29899787902832) | HR=82 bpm | IBI=0 ms | Participant=P15
2042,IBI out of range,Row 2042 | Timestamp: 1712016558251 ms | PPG(Green=2534535, Red=2534535, Ir=2534535) | ACC(X=-5.47509860992432, Y=-5.2763090133667, Z=6.20080041885376) | HR=81 bpm | IBI=0 ms | Participant=P15
2043,IBI out of range,Row 2043 | Timestamp: 1712016558291 ms | PPG(Green=2530218, Red=2530218, Ir=2530218) | ACC(X=-5.48946857452393, Y=-5.15176582336426, Z=6.22714614868164) | HR=81 bpm | IBI=0 ms | Participant=P15
2044,IBI out of range,Row 2044 | Timestamp: 1712016558332 ms | PPG(Green=2527542, Red=2527542, Ir=2527542) | ACC(X=-5.50623416900635, Y=-5.30744457244873, Z=6.18642997741699) | HR=80 bpm | IBI=0 ms | Participant=P15
2045,IBI out of range,Row 2045 | Timestamp: 1712016558372 ms | PPG(Green=2526541, Red=2526541, Ir=2526541) | ACC(X=-5.43198728561401, Y=-5.2763090133667, Z=6.27504730224609) | HR=79 bpm | IBI=0 ms | Participant=P15
2046,IBI out of range,Row 2046 | Timestamp: 1712016558412 ms | PPG(Green=2526194, Red=2526194, Ir=2526194) | ACC(X=-5.4655179977417, Y=-5.20924711227417, Z=6.16008472442627) | HR=78 bpm | IBI=0 ms | Participant=P15
2047,IBI out of range,Row 2047 | Timestamp: 1712016558452 ms | PPG(Green=2525985, Red=2525985, Ir=2525985) | ACC(X=-5.47749328613281, Y=-5.21882724761963, Z=6.27025699615479) | HR=79 bpm | IBI=0 ms | Participant=P15
2048,IBI out of range,Row 2048 | Timestamp: 1712016558493 ms | PPG(Green=2525920, Red=2525920, Ir=2525920) | ACC(X=-5.42959260940552, Y=-5.22601270675659, Z=6.27025699615479) | HR=78 bpm | IBI=0 ms | Participant=P15
2049,IBI out of range,Row 2049 | Timestamp: 1712016558534 ms | PPG(Green=2525607, Red=2525607, Ir=2525607) | ACC(X=-5.36013555526733, Y=-5.24277782440186, Z=6.21277570724487) | HR=78 bpm | IBI=0 ms | Participant=P15
2050,IBI out of range,Row 2050 | Timestamp: 1712016558573 ms | PPG(Green=2525240, Red=2525240, Ir=2525240) | ACC(X=-5.4176173210144, Y=-5.26912355422974, Z=6.2439112663269) | HR=78 bpm | IBI=0 ms | Participant=P15
2051,IBI out of range,Row 2051 | Timestamp: 1712016558614 ms | PPG(Green=2525579, Red=2525579, Ir=2525579) | ACC(X=-5.38648128509521, Y=-5.20206212997437, Z=6.2367262840271) | HR=79 bpm | IBI=0 ms | Participant=P15
2052,IBI out of range,Row 2052 | Timestamp: 1712016558655 ms | PPG(Green=2526417, Red=2526417, Ir=2526417) | ACC(X=-5.42719745635986, Y=-5.22601270675659, Z=6.23193597793579) | HR=80 bpm | IBI=0 ms | Participant=P15
2053,IBI out of range,Row 2053 | Timestamp: 1712016558695 ms | PPG(Green=2527552, Red=2527552, Ir=2527552) | ACC(X=-5.45354270935059, Y=-5.29546928405762, Z=6.2439112663269) | HR=80 bpm | IBI=0 ms | Participant=P15
2054,IBI out of range,Row 2054 | Timestamp: 1712016558736 ms | PPG(Green=2528554, Red=2528554, Ir=2528554) | ACC(X=-5.45593786239624, Y=-5.17092609405518, Z=6.25349187850952) | HR=79 bpm | IBI=0 ms | Participant=P15
2055,IBI out of range,Row 2055 | Timestamp: 1712016558775 ms | PPG(Green=2529659, Red=2529659, Ir=2529659) | ACC(X=-5.52299976348877, Y=-5.19248199462891, Z=6.27983713150024) | HR=79 bpm | IBI=0 ms | Participant=P15
2056,IBI out of range,Row 2056 | Timestamp: 1712016558816 ms | PPG(Green=2530695, Red=2530695, Ir=2530695) | ACC(X=-5.35295057296753, Y=-5.30983972549438, Z=6.21756601333618) | HR=79 bpm | IBI=0 ms | Participant=P15
2057,IBI out of range,Row 2057 | Timestamp: 1712016558856 ms | PPG(Green=2531693, Red=2531693, Ir=2531693) | ACC(X=-5.43438243865967, Y=-5.24996328353882, Z=6.25828170776367) | HR=79 bpm | IBI=0 ms | Participant=P15
2058,IBI out of range,Row 2058 | Timestamp: 1712016558896 ms | PPG(Green=2533142, Red=2533142, Ir=2533142) | ACC(X=-5.49904918670654, Y=-5.23080253601074, Z=6.17924499511719) | HR=78 bpm | IBI=0 ms | Participant=P15
2059,IBI out of range,Row 2059 | Timestamp: 1712016558937 ms | PPG(Green=2533767, Red=2533767, Ir=2533767) | ACC(X=-5.47509860992432, Y=-5.17811155319214, Z=6.30139303207397) | HR=78 bpm | IBI=0 ms | Participant=P15
2060,IBI out of range,Row 2060 | Timestamp: 1712016558977 ms | PPG(Green=2531696, Red=2531696, Ir=2531696) | ACC(X=-5.43917274475098, Y=-5.24277782440186, Z=6.22954130172729) | HR=79 bpm | IBI=0 ms | Participant=P15
2061,IBI out of range,Row 2061 | Timestamp: 1712016559017 ms | PPG(Green=2527401, Red=2527401, Ir=2527401) | ACC(X=-5.45354270935059, Y=-5.23080253601074, Z=6.15768957138062) | HR=78 bpm | IBI=0 ms | Participant=P15
2062,IBI out of range,Row 2062 | Timestamp: 1712016559057 ms | PPG(Green=2524690, Red=2524690, Ir=2524690) | ACC(X=-5.45593786239624, Y=-5.30504941940308, Z=6.23193597793579) | HR=81 bpm | IBI=0 ms | Participant=P15
2063,IBI out of range,Row 2063 | Timestamp: 1712016559098 ms | PPG(Green=2523618, Red=2523618, Ir=2523618) | ACC(X=-5.40324687957764, Y=-5.24756813049316, Z=6.28462743759155) | HR=81 bpm | IBI=0 ms | Participant=P15
2064,IBI out of range,Row 2064 | Timestamp: 1712016559138 ms | PPG(Green=2523271, Red=2523271, Ir=2523271) | ACC(X=-5.47749328613281, Y=-5.25475311279297, Z=6.17206001281738) | HR=81 bpm | IBI=0 ms | Participant=P15
2065,IBI out of range,Row 2065 | Timestamp: 1712016559178 ms | PPG(Green=2523256, Red=2523256, Ir=2523256) | ACC(X=-5.50623416900635, Y=-5.23080253601074, Z=6.1912202835083) | HR=81 bpm | IBI=0 ms | Participant=P15
2066,IBI out of range,Row 2066 | Timestamp: 1712016559218 ms | PPG(Green=2523121, Red=2523121, Ir=2523121) | ACC(X=-5.47030830383301, Y=-5.23559284210205, Z=6.27025699615479) | HR=83 bpm | IBI=0 ms | Participant=P15
2067,IBI out of range,Row 2067 | Timestamp: 1712016559258 ms | PPG(Green=2522972, Red=2522972, Ir=2522972) | ACC(X=-5.39127159118652, Y=-5.19248199462891, Z=6.20798587799072) | HR=84 bpm | IBI=0 ms | Participant=P15
2068,IBI out of range,Row 2068 | Timestamp: 1712016559299 ms | PPG(Green=2522596, Red=2522596, Ir=2522596) | ACC(X=-5.44875288009644, Y=-5.28588914871216, Z=6.23193597793579) | HR=84 bpm | IBI=0 ms | Participant=P15
2069,IBI out of range,Row 2069 | Timestamp: 1712016559340 ms | PPG(Green=2522881, Red=2522881, Ir=2522881) | ACC(X=-5.47030830383301, Y=-5.25235843658447, Z=6.21277570724487) | HR=84 bpm | IBI=0 ms | Participant=P15
2070,IBI out of range,Row 2070 | Timestamp: 1712016559379 ms | PPG(Green=2523540, Red=2523540, Ir=2523540) | ACC(X=-5.48228359222412, Y=-5.25714826583862, Z=6.23433113098145) | HR=83 bpm | IBI=0 ms | Participant=P15
2071,IBI out of range,Row 2071 | Timestamp: 1712016559419 ms | PPG(Green=2524783, Red=2524783, Ir=2524783) | ACC(X=-5.46072816848755, Y=-5.21164226531982, Z=6.24870157241821) | HR=84 bpm | IBI=0 ms | Participant=P15
2072,IBI out of range,Row 2072 | Timestamp: 1712016559460 ms | PPG(Green=2525641, Red=2525641, Ir=2525641) | ACC(X=-5.39845657348633, Y=-5.26433372497559, Z=6.21756601333618) | HR=84 bpm | IBI=0 ms | Participant=P15
2073,IBI out of range,Row 2073 | Timestamp: 1712016559500 ms | PPG(Green=2526759, Red=2526759, Ir=2526759) | ACC(X=-5.42959260940552, Y=-5.23080253601074, Z=6.23193597793579) | HR=84 bpm | IBI=0 ms | Participant=P15
2074,IBI out of range,Row 2074 | Timestamp: 1712016559541 ms | PPG(Green=2527851, Red=2527851, Ir=2527851) | ACC(X=-5.46072816848755, Y=-5.25714826583862, Z=6.20080041885376) | HR=85 bpm | IBI=0 ms | Participant=P15
2075,HeartRate out of range,Row 2075 | Timestamp: 1712016559580 ms | PPG(Green=2528755, Red=2528755, Ir=2528755) | ACC(X=-5.35295057296753, Y=-5.1876916885376, Z=6.13852882385254) | HR=0 bpm | IBI=0 ms | Participant=P15
2076,HeartRate out of range,Row 2076 | Timestamp: 1712016559620 ms | PPG(Green=2529948, Red=2529948, Ir=2529948) | ACC(X=-5.4655179977417, Y=-5.22601270675659, Z=6.16966485977173) | HR=0 bpm | IBI=0 ms | Participant=P15
2077,HeartRate out of range,Row 2077 | Timestamp: 1712016559661 ms | PPG(Green=2531245, Red=2531245, Ir=2531245) | ACC(X=-5.49665403366089, Y=-5.24756813049316, Z=6.26786184310913) | HR=0 bpm | IBI=0 ms | Participant=P15
2078,HeartRate out of range,Row 2078 | Timestamp: 1712016559701 ms | PPG(Green=2531322, Red=2531322, Ir=2531322) | ACC(X=-5.4200119972229, Y=-5.20206212997437, Z=6.24870157241821) | HR=0 bpm | IBI=0 ms | Participant=P15
2079,HeartRate out of range,Row 2079 | Timestamp: 1712016559742 ms | PPG(Green=2528881, Red=2528881, Ir=2528881) | ACC(X=-5.39366674423218, Y=-5.26672840118408, Z=6.22475099563599) | HR=0 bpm | IBI=0 ms | Participant=P15
2080,HeartRate out of range,Row 2080 | Timestamp: 1712016559782 ms | PPG(Green=2524601, Red=2524601, Ir=2524601) | ACC(X=-5.48228359222412, Y=-5.1421856880188, Z=6.21517086029053) | HR=0 bpm | IBI=0 ms | Participant=P15
2081,HeartRate out of range,Row 2081 | Timestamp: 1712016559822 ms | PPG(Green=2522247, Red=2522247, Ir=2522247) | ACC(X=-5.49904918670654, Y=-5.26912355422974, Z=6.24870157241821) | HR=0 bpm | IBI=0 ms | Participant=P15
2082,HeartRate out of range,Row 2082 | Timestamp: 1712016559862 ms | PPG(Green=2520971, Red=2520971, Ir=2520971) | ACC(X=-5.43677759170532, Y=-5.22840785980225, Z=6.22954130172729) | HR=0 bpm | IBI=0 ms | Participant=P15
2083,HeartRate out of range,Row 2083 | Timestamp: 1712016559902 ms | PPG(Green=2521020, Red=2521020, Ir=2521020) | ACC(X=-5.4655179977417, Y=-5.2331976890564, Z=6.15529441833496) | HR=0 bpm | IBI=0 ms | Participant=P15
2084,HeartRate out of range,Row 2084 | Timestamp: 1712016559943 ms | PPG(Green=2520915, Red=2520915, Ir=2520915) | ACC(X=-5.47749328613281, Y=-5.18529653549194, Z=6.25588655471802) | HR=0 bpm | IBI=0 ms | Participant=P15
2085,HeartRate out of range,Row 2085 | Timestamp: 1712016559983 ms | PPG(Green=2520580, Red=2520580, Ir=2520580) | ACC(X=-5.47988843917847, Y=-5.21403741836548, Z=6.17924499511719) | HR=0 bpm | IBI=0 ms | Participant=P15
2086,HeartRate out of range,Row 2086 | Timestamp: 1712016560023 ms | PPG(Green=2520466, Red=2520466, Ir=2520466) | ACC(X=-5.45354270935059, Y=-5.25954341888428, Z=6.2367262840271) | HR=0 bpm | IBI=0 ms | Participant=P15
2087,HeartRate out of range,Row 2087 | Timestamp: 1712016560063 ms | PPG(Green=2520671, Red=2520671, Ir=2520671) | ACC(X=-5.47749328613281, Y=-5.24277782440186, Z=6.22714614868164) | HR=0 bpm | IBI=0 ms | Participant=P15
2088,IBI out of range,Row 2088 | Timestamp: 1712016560103 ms | PPG(Green=2521565, Red=2521565, Ir=2521565) | ACC(X=-5.46791315078735, Y=-5.25714826583862, Z=6.21756601333618) | HR=83 bpm | IBI=0 ms | Participant=P15
2089,HeartRate out of range,Row 2089 | Timestamp: 1712016560144 ms | PPG(Green=2522755, Red=2522755, Ir=2522755) | ACC(X=-5.45354270935059, Y=-5.21643257141113, Z=6.25349187850952) | HR=0 bpm | IBI=0 ms | Participant=P15
2090,HeartRate out of range,Row 2090 | Timestamp: 1712016560184 ms | PPG(Green=2523872, Red=2523872, Ir=2523872) | ACC(X=-5.43917274475098, Y=-5.28828430175781, Z=6.20559072494507) | HR=0 bpm | IBI=0 ms | Participant=P15
2091,HeartRate out of range,Row 2091 | Timestamp: 1712016560224 ms | PPG(Green=2525177, Red=2525177, Ir=2525177) | ACC(X=-5.39606142044067, Y=-5.20445728302002, Z=6.22714614868164) | HR=0 bpm | IBI=0 ms | Participant=P15
2092,HeartRate out of range,Row 2092 | Timestamp: 1712016560264 ms | PPG(Green=2526394, Red=2526394, Ir=2526394) | ACC(X=-5.44156742095947, Y=-5.1948766708374, Z=6.2439112663269) | HR=0 bpm | IBI=0 ms | Participant=P15
2093,HeartRate out of range,Row 2093 | Timestamp: 1712016560304 ms | PPG(Green=2527683, Red=2527683, Ir=2527683) | ACC(X=-5.4176173210144, Y=-5.31462955474854, Z=6.24630641937256) | HR=0 bpm | IBI=0 ms | Participant=P15
2094,IBI out of range,Row 2094 | Timestamp: 1712016560345 ms | PPG(Green=2528840, Red=2528840, Ir=2528840) | ACC(X=-5.3673210144043, Y=-5.2331976890564, Z=6.1912202835083) | HR=83 bpm | IBI=0 ms | Participant=P15
2095,IBI out of range,Row 2095 | Timestamp: 1712016560385 ms | PPG(Green=2530057, Red=2530057, Ir=2530057) | ACC(X=-5.49665403366089, Y=-5.22361755371094, Z=6.18642997741699) | HR=82 bpm | IBI=0 ms | Participant=P15
2096,IBI out of range,Row 2096 | Timestamp: 1712016560425 ms | PPG(Green=2529994, Red=2529994, Ir=2529994) | ACC(X=-5.4583330154419, Y=-5.24038314819336, Z=6.23912143707275) | HR=82 bpm | IBI=0 ms | Participant=P15
2097,IBI out of range,Row 2097 | Timestamp: 1712016560465 ms | PPG(Green=2527103, Red=2527103, Ir=2527103) | ACC(X=-5.38648128509521, Y=-5.2763090133667, Z=6.27983713150024) | HR=81 bpm | IBI=0 ms | Participant=P15
2098,IBI out of range,Row 2098 | Timestamp: 1712016560505 ms | PPG(Green=2523620, Red=2523620, Ir=2523620) | ACC(X=-5.40324687957764, Y=-5.20685195922852, Z=6.27983713150024) | HR=82 bpm | IBI=0 ms | Participant=P15
2099,HeartRate out of range,Row 2099 | Timestamp: 1712016560546 ms | PPG(Green=2522184, Red=2522184, Ir=2522184) | ACC(X=-5.52299976348877, Y=-5.2331976890564, Z=6.15050411224365) | HR=0 bpm | IBI=0 ms | Participant=P15
2100,HeartRate out of range,Row 2100 | Timestamp: 1712016560581 ms | PPG(Green=2521859, Red=2521859, Ir=2521859) | ACC(X=-5.46791315078735, Y=-5.25475311279297, Z=6.24151659011841) | HR=0 bpm | IBI=0 ms | Participant=P15
2101,IBI out of range,Row 2101 | Timestamp: 1712016560621 ms | PPG(Green=2521926, Red=2521926, Ir=2521926) | ACC(X=-5.45354270935059, Y=-5.23559284210205, Z=6.19840526580811) | HR=80 bpm | IBI=0 ms | Participant=P15
2102,IBI out of range,Row 2102 | Timestamp: 1712016560662 ms | PPG(Green=2522197, Red=2522197, Ir=2522197) | ACC(X=-5.47988843917847, Y=-5.24277782440186, Z=6.2367262840271) | HR=80 bpm | IBI=0 ms | Participant=P15
2103,IBI out of range,Row 2103 | Timestamp: 1712016560702 ms | PPG(Green=2522295, Red=2522295, Ir=2522295) | ACC(X=-5.4200119972229, Y=-5.19966697692871, Z=6.24870157241821) | HR=82 bpm | IBI=0 ms | Participant=P15
2104,IBI out of range,Row 2104 | Timestamp: 1712016560742 ms | PPG(Green=2522219, Red=2522219, Ir=2522219) | ACC(X=-5.4200119972229, Y=-5.25475311279297, Z=6.26307201385498) | HR=81 bpm | IBI=0 ms | Participant=P15
2105,IBI out of range,Row 2105 | Timestamp: 1712016560782 ms | PPG(Green=2522096, Red=2522096, Ir=2522096) | ACC(X=-5.3745059967041, Y=-5.25235843658447, Z=6.19601058959961) | HR=81 bpm | IBI=0 ms | Participant=P15
2106,IBI out of range,Row 2106 | Timestamp: 1712016560822 ms | PPG(Green=2522642, Red=2522642, Ir=2522642) | ACC(X=-5.42959260940552, Y=-5.22840785980225, Z=6.21517086029053) | HR=80 bpm | IBI=0 ms | Participant=P15
2107,IBI out of range,Row 2107 | Timestamp: 1712016560862 ms | PPG(Green=2523667, Red=2523667, Ir=2523667) | ACC(X=-5.41522216796875, Y=-5.22840785980225, Z=6.25109672546387) | HR=81 bpm | IBI=0 ms | Participant=P15
2108,HeartRate out of range,Row 2108 | Timestamp: 1712016560902 ms | PPG(Green=2524829, Red=2524829, Ir=2524829) | ACC(X=-5.49904918670654, Y=-5.20445728302002, Z=6.22714614868164) | HR=0 bpm | IBI=0 ms | Participant=P15
2109,HeartRate out of range,Row 2109 | Timestamp: 1712016560943 ms | PPG(Green=2526018, Red=2526018, Ir=2526018) | ACC(X=-5.47749328613281, Y=-5.26672840118408, Z=6.19361543655396) | HR=0 bpm | IBI=0 ms | Participant=P15
2110,IBI out of range,Row 2110 | Timestamp: 1712016560982 ms | PPG(Green=2527291, Red=2527291, Ir=2527291) | ACC(X=-5.4200119972229, Y=-5.1948766708374, Z=6.27025699615479) | HR=84 bpm | IBI=0 ms | Participant=P15
2111,HeartRate out of range,Row 2111 | Timestamp: 1712016561023 ms | PPG(Green=2528394, Red=2528394, Ir=2528394) | ACC(X=-5.50144386291504, Y=-5.28109884262085, Z=6.2367262840271) | HR=0 bpm | IBI=0 ms | Participant=P15
2112,IBI out of range,Row 2112 | Timestamp: 1712016561062 ms | PPG(Green=2529445, Red=2529445, Ir=2529445) | ACC(X=-5.40324687957764, Y=-5.31702470779419, Z=6.18164014816284) | HR=87 bpm | IBI=0 ms | Participant=P15
2113,HeartRate out of range,Row 2113 | Timestamp: 1712016561103 ms | PPG(Green=2530688, Red=2530688, Ir=2530688) | ACC(X=-5.30025911331177, Y=-5.26672840118408, Z=6.25828170776367) | HR=0 bpm | IBI=0 ms | Participant=P15
2114,HeartRate out of range,Row 2114 | Timestamp: 1712016561143 ms | PPG(Green=2531723, Red=2531723, Ir=2531723) | ACC(X=-5.5541353225708, Y=-5.21403741836548, Z=6.12655353546143) | HR=0 bpm | IBI=0 ms | Participant=P15
2115,HeartRate out of range,Row 2115 | Timestamp: 1712016561183 ms | PPG(Green=2530944, Red=2530944, Ir=2530944) | ACC(X=-5.44635772705078, Y=-5.24996328353882, Z=6.22714614868164) | HR=0 bpm | IBI=0 ms | Participant=P15
2116,HeartRate out of range,Row 2116 | Timestamp: 1712016561223 ms | PPG(Green=2527477, Red=2527477, Ir=2527477) | ACC(X=-5.35774087905884, Y=-5.30265426635742, Z=6.18642997741699) | HR=0 bpm | IBI=0 ms | Participant=P15
2117,HeartRate out of range,Row 2117 | Timestamp: 1712016561263 ms | PPG(Green=2524237, Red=2524237, Ir=2524237) | ACC(X=-5.42959260940552, Y=-5.2834939956665, Z=6.23433113098145) | HR=0 bpm | IBI=0 ms | Participant=P15
2118,HeartRate out of range,Row 2118 | Timestamp: 1712016561303 ms | PPG(Green=2522815, Red=2522815, Ir=2522815) | ACC(X=-5.49665403366089, Y=-5.20206212997437, Z=6.27744245529175) | HR=0 bpm | IBI=0 ms | Participant=P15
2119,HeartRate out of range,Row 2119 | Timestamp: 1712016561344 ms | PPG(Green=2522137, Red=2522137, Ir=2522137) | ACC(X=-5.48707389831543, Y=-5.14697551727295, Z=6.17445468902588) | HR=0 bpm | IBI=0 ms | Participant=P15
2120,HeartRate out of range,Row 2120 | Timestamp: 1712016561383 ms | PPG(Green=2521811, Red=2521811, Ir=2521811) | ACC(X=-5.39606142044067, Y=-5.2787036895752, Z=6.19361543655396) | HR=0 bpm | IBI=0 ms | Participant=P15
2121,HeartRate out of range,Row 2121 | Timestamp: 1712016561423 ms | PPG(Green=2521596, Red=2521596, Ir=2521596) | ACC(X=-5.40803670883179, Y=-5.34576559066772, Z=6.18164014816284) | HR=0 bpm | IBI=0 ms | Participant=P15
2122,HeartRate out of range,Row 2122 | Timestamp: 1712016561463 ms | PPG(Green=2520899, Red=2520899, Ir=2520899) | ACC(X=-5.54455518722534, Y=-5.19966697692871, Z=6.23433113098145) | HR=0 bpm | IBI=0 ms | Participant=P15
2123,IBI out of range,Row 2123 | Timestamp: 1712016561504 ms | PPG(Green=2520069, Red=2520069, Ir=2520069) | ACC(X=-5.38408613204956, Y=-5.17332124710083, Z=6.26307201385498) | HR=81 bpm | IBI=0 ms | Participant=P15
2124,HeartRate out of range,Row 2124 | Timestamp: 1712016561545 ms | PPG(Green=2519821, Red=2519821, Ir=2519821) | ACC(X=-5.40803670883179, Y=-5.30504941940308, Z=6.18882513046265) | HR=0 bpm | IBI=0 ms | Participant=P15
2125,HeartRate out of range,Row 2125 | Timestamp: 1712016561584 ms | PPG(Green=2520390, Red=2520390, Ir=2520390) | ACC(X=-5.40085172653198, Y=-5.24756813049316, Z=6.27744245529175) | HR=0 bpm | IBI=0 ms | Participant=P15
2126,HeartRate out of range,Row 2126 | Timestamp: 1712016561624 ms | PPG(Green=2521432, Red=2521432, Ir=2521432) | ACC(X=-5.44875288009644, Y=-5.21882724761963, Z=6.10499811172485) | HR=0 bpm | IBI=0 ms | Participant=P15
2127,HeartRate out of range,Row 2127 | Timestamp: 1712016561664 ms | PPG(Green=2522675, Red=2522675, Ir=2522675) | ACC(X=-5.48467874526978, Y=-5.12781524658203, Z=6.23912143707275) | HR=0 bpm | IBI=0 ms | Participant=P15
2128,HeartRate out of range,Row 2128 | Timestamp: 1712016561704 ms | PPG(Green=2523973, Red=2523973, Ir=2523973) | ACC(X=-5.33139514923096, Y=-5.24038314819336, Z=6.18882513046265) | HR=0 bpm | IBI=0 ms | Participant=P15
2129,HeartRate out of range,Row 2129 | Timestamp: 1712016561745 ms | PPG(Green=2525127, Red=2525127, Ir=2525127) | ACC(X=-5.44635772705078, Y=-5.36013555526733, Z=6.17445468902588) | HR=0 bpm | IBI=0 ms | Participant=P15
2130,IBI out of range,Row 2130 | Timestamp: 1712016561784 ms | PPG(Green=2526068, Red=2526068, Ir=2526068) | ACC(X=-5.50144386291504, Y=-5.19727182388306, Z=6.26546716690063) | HR=81 bpm | IBI=0 ms | Participant=P15
2131,HeartRate out of range,Row 2131 | Timestamp: 1712016561825 ms | PPG(Green=2527219, Red=2527219, Ir=2527219) | ACC(X=-5.44396257400513, Y=-5.09188938140869, Z=6.1840353012085) | HR=0 bpm | IBI=0 ms | Participant=P15
2132,HeartRate out of range,Row 2132 | Timestamp: 1712016561865 ms | PPG(Green=2528275, Red=2528275, Ir=2528275) | ACC(X=-5.29546928405762, Y=-5.21403741836548, Z=6.28941774368286) | HR=0 bpm | IBI=0 ms | Participant=P15
2133,HeartRate out of range,Row 2133 | Timestamp: 1712016561905 ms | PPG(Green=2529094, Red=2529094, Ir=2529094) | ACC(X=-5.36971616744995, Y=-5.34097528457642, Z=6.20559072494507) | HR=0 bpm | IBI=0 ms | Participant=P15
2134,HeartRate out of range,Row 2134 | Timestamp: 1712016561946 ms | PPG(Green=2527402, Red=2527402, Ir=2527402) | ACC(X=-5.38887643814087, Y=-5.36492586135864, Z=6.23912143707275) | HR=0 bpm | IBI=0 ms | Participant=P15
2135,HeartRate out of range,Row 2135 | Timestamp: 1712016561985 ms | PPG(Green=2523678, Red=2523678, Ir=2523678) | ACC(X=-5.44875288009644, Y=-5.31223440170288, Z=6.26786184310913) | HR=0 bpm | IBI=0 ms | Participant=P15
2136,HeartRate out of range,Row 2136 | Timestamp: 1712016562025 ms | PPG(Green=2521428, Red=2521428, Ir=2521428) | ACC(X=-5.40324687957764, Y=-5.20206212997437, Z=6.09302282333374) | HR=0 bpm | IBI=0 ms | Participant=P15
2137,HeartRate out of range,Row 2137 | Timestamp: 1712016562065 ms | PPG(Green=2520758, Red=2520758, Ir=2520758) | ACC(X=-5.49425888061523, Y=-5.33858013153076, Z=6.22714614868164) | HR=0 bpm | IBI=0 ms | Participant=P15
2138,HeartRate out of range,Row 2138 | Timestamp: 1712016562106 ms | PPG(Green=2520978, Red=2520978, Ir=2520978) | ACC(X=-5.40564203262329, Y=-5.47509860992432, Z=6.21277570724487) | HR=0 bpm | IBI=0 ms | Participant=P15
2139,HeartRate out of range,Row 2139 | Timestamp: 1712016562146 ms | PPG(Green=2520858, Red=2520858, Ir=2520858) | ACC(X=-5.41043186187744, Y=-5.15895080566406, Z=6.30618286132813) | HR=0 bpm | IBI=0 ms | Participant=P15
2140,HeartRate out of range,Row 2140 | Timestamp: 1712016562186 ms | PPG(Green=2520569, Red=2520569, Ir=2520569) | ACC(X=-5.31941986083984, Y=-5.10865497589111, Z=6.08823299407959) | HR=0 bpm | IBI=0 ms | Participant=P15
2141,HeartRate out of range,Row 2141 | Timestamp: 1712016562226 ms | PPG(Green=2520026, Red=2520026, Ir=2520026) | ACC(X=-5.60203647613525, Y=-5.31941986083984, Z=6.17206001281738) | HR=0 bpm | IBI=0 ms | Participant=P15
2142,IBI out of range,Row 2142 | Timestamp: 1712016562266 ms | PPG(Green=2519017, Red=2519017, Ir=2519017) | ACC(X=-5.38648128509521, Y=-5.20445728302002, Z=6.22954130172729) | HR=92 bpm | IBI=0 ms | Participant=P15
2143,HeartRate out of range,Row 2143 | Timestamp: 1712016562306 ms | PPG(Green=2518521, Red=2518521, Ir=2518521) | ACC(X=-5.3745059967041, Y=-5.28828430175781, Z=6.26786184310913) | HR=0 bpm | IBI=0 ms | Participant=P15
2144,HeartRate out of range,Row 2144 | Timestamp: 1712016562347 ms | PPG(Green=2518283, Red=2518283, Ir=2518283) | ACC(X=-5.33858013153076, Y=-5.36013555526733, Z=6.31097316741943) | HR=0 bpm | IBI=0 ms | Participant=P15
2145,HeartRate out of range,Row 2145 | Timestamp: 1712016562386 ms | PPG(Green=2518697, Red=2518697, Ir=2518697) | ACC(X=-5.51820945739746, Y=-5.26672840118408, Z=6.13613414764404) | HR=0 bpm | IBI=0 ms | Participant=P15
2146,HeartRate out of range,Row 2146 | Timestamp: 1712016562426 ms | PPG(Green=2519411, Red=2519411, Ir=2519411) | ACC(X=-5.54216003417969, Y=-5.21882724761963, Z=6.09541797637939) | HR=0 bpm | IBI=0 ms | Participant=P15
2147,HeartRate out of range,Row 2147 | Timestamp: 1712016562467 ms | PPG(Green=2520295, Red=2520295, Ir=2520295) | ACC(X=-5.53736972808838, Y=-5.18290138244629, Z=6.30378770828247) | HR=0 bpm | IBI=0 ms | Participant=P15
2148,HeartRate out of range,Row 2148 | Timestamp: 1712016562507 ms | PPG(Green=2520664, Red=2520664, Ir=2520664) | ACC(X=-5.39606142044067, Y=-5.32420969009399, Z=6.33731889724731) | HR=0 bpm | IBI=0 ms | Participant=P15
2149,IBI out of range,Row 2149 | Timestamp: 1712016562547 ms | PPG(Green=2520942, Red=2520942, Ir=2520942) | ACC(X=-5.49904918670654, Y=-5.24756813049316, Z=6.06428241729736) | HR=87 bpm | IBI=0 ms | Participant=P15
2150,IBI out of range,Row 2150 | Timestamp: 1712016562587 ms | PPG(Green=2521853, Red=2521853, Ir=2521853) | ACC(X=-5.25954341888428, Y=-5.28588914871216, Z=6.19361543655396) | HR=84 bpm | IBI=0 ms | Participant=P15
2151,IBI out of range,Row 2151 | Timestamp: 1712016562627 ms | PPG(Green=2522863, Red=2522863, Ir=2522863) | ACC(X=-5.28828430175781, Y=-5.37929630279541, Z=6.36845445632935) | HR=82 bpm | IBI=0 ms | Participant=P15
2152,IBI out of range,Row 2152 | Timestamp: 1712016562667 ms | PPG(Green=2521009, Red=2521009, Ir=2521009) | ACC(X=-5.508629322052, Y=-5.31702470779419, Z=6.16726970672607) | HR=80 bpm | IBI=0 ms | Participant=P15
2153,IBI out of range,Row 2153 | Timestamp: 1712016562707 ms | PPG(Green=2516885, Red=2516885, Ir=2516885) | ACC(X=-5.56371545791626, Y=-5.29546928405762, Z=6.16726970672607) | HR=79 bpm | IBI=0 ms | Participant=P15
2154,IBI out of range,Row 2154 | Timestamp: 1712016562748 ms | PPG(Green=2513956, Red=2513956, Ir=2513956) | ACC(X=-5.38169145584106, Y=-5.24038314819336, Z=6.27504730224609) | HR=79 bpm | IBI=0 ms | Participant=P15
2155,IBI out of range,Row 2155 | Timestamp: 1712016562787 ms | PPG(Green=2512249, Red=2512249, Ir=2512249) | ACC(X=-5.46791315078735, Y=-5.20206212997437, Z=5.90860366821289) | HR=78 bpm | IBI=0 ms | Participant=P15
2156,IBI out of range,Row 2156 | Timestamp: 1712016562828 ms | PPG(Green=2510932, Red=2510932, Ir=2510932) | ACC(X=-5.44635772705078, Y=-5.34816026687622, Z=6.31097316741943) | HR=78 bpm | IBI=0 ms | Participant=P15
2157,IBI out of range,Row 2157 | Timestamp: 1712016562868 ms | PPG(Green=2510288, Red=2510288, Ir=2510288) | ACC(X=-5.27151870727539, Y=-5.3673210144043, Z=6.42833089828491) | HR=78 bpm | IBI=0 ms | Participant=P15
2158,IBI out of range,Row 2158 | Timestamp: 1712016562908 ms | PPG(Green=2509804, Red=2509804, Ir=2509804) | ACC(X=-5.52539443969727, Y=-5.27151870727539, Z=6.05949211120605) | HR=77 bpm | IBI=0 ms | Participant=P15
2161,IBI out of range,Row 2161 | Timestamp: 1712016563028 ms | PPG(Green=2510248, Red=2510248, Ir=2510248) | ACC(X=-5.42719745635986, Y=-5.30983972549438, Z=6.05470180511475) | HR=78 bpm | IBI=0 ms | Participant=P15
2162,IBI out of range,Row 2162 | Timestamp: 1712016563068 ms | PPG(Green=2510660, Red=2510660, Ir=2510660) | ACC(X=-5.31702470779419, Y=-5.26433372497559, Z=6.21517086029053) | HR=78 bpm | IBI=0 ms | Participant=P15
2163,IBI out of range,Row 2163 | Timestamp: 1712016563108 ms | PPG(Green=2511307, Red=2511307, Ir=2511307) | ACC(X=-5.42959260940552, Y=-5.31941986083984, Z=6.26786184310913) | HR=78 bpm | IBI=0 ms | Participant=P15
2164,IBI out of range,Row 2164 | Timestamp: 1712016563149 ms | PPG(Green=2512176, Red=2512176, Ir=2512176) | ACC(X=-5.41522216796875, Y=-5.2331976890564, Z=6.20559072494507) | HR=79 bpm | IBI=0 ms | Participant=P15
2168,IBI out of range,Row 2168 | Timestamp: 1712016563309 ms | PPG(Green=2518141, Red=2518141, Ir=2518141) | ACC(X=-5.43438243865967, Y=-5.21164226531982, Z=6.23912143707275) | HR=77 bpm | IBI=0 ms | Participant=P15
2169,IBI out of range,Row 2169 | Timestamp: 1712016563350 ms | PPG(Green=2519110, Red=2519110, Ir=2519110) | ACC(X=-5.47270345687866, Y=-5.24996328353882, Z=6.24630641937256) | HR=78 bpm | IBI=0 ms | Participant=P15
2170,IBI out of range,Row 2170 | Timestamp: 1712016563389 ms | PPG(Green=2517911, Red=2517911, Ir=2517911) | ACC(X=-5.45593786239624, Y=-5.33858013153076, Z=6.16247940063477) | HR=77 bpm | IBI=0 ms | Participant=P15
2171,IBI out of range,Row 2171 | Timestamp: 1712016563429 ms | PPG(Green=2514534, Red=2514534, Ir=2514534) | ACC(X=-5.46072816848755, Y=-5.2787036895752, Z=6.21277570724487) | HR=77 bpm | IBI=0 ms | Participant=P15
2172,IBI out of range,Row 2172 | Timestamp: 1712016563469 ms | PPG(Green=2512068, Red=2512068, Ir=2512068) | ACC(X=-5.42719745635986, Y=-5.25714826583862, Z=6.23912143707275) | HR=77 bpm | IBI=0 ms | Participant=P15
2173,IBI out of range,Row 2173 | Timestamp: 1712016563509 ms | PPG(Green=2511039, Red=2511039, Ir=2511039) | ACC(X=-5.43677759170532, Y=-5.26433372497559, Z=6.22954130172729) | HR=77 bpm | IBI=0 ms | Participant=P15
2174,IBI out of range,Row 2174 | Timestamp: 1712016563550 ms | PPG(Green=2510857, Red=2510857, Ir=2510857) | ACC(X=-5.4176173210144, Y=-5.27391386032104, Z=6.22475099563599) | HR=78 bpm | IBI=0 ms | Participant=P15
2175,IBI out of range,Row 2175 | Timestamp: 1712016563590 ms | PPG(Green=2511244, Red=2511244, Ir=2511244) | ACC(X=-5.47030830383301, Y=-5.24996328353882, Z=6.20559072494507) | HR=79 bpm | IBI=0 ms | Participant=P15
2176,IBI out of range,Row 2176 | Timestamp: 1712016563630 ms | PPG(Green=2511544, Red=2511544, Ir=2511544) | ACC(X=-5.41043186187744, Y=-5.23080253601074, Z=6.26067686080933) | HR=79 bpm | IBI=0 ms | Participant=P15
2177,IBI out of range,Row 2177 | Timestamp: 1712016563670 ms | PPG(Green=2511404, Red=2511404, Ir=2511404) | ACC(X=-5.41522216796875, Y=-5.20685195922852, Z=6.26067686080933) | HR=78 bpm | IBI=0 ms | Participant=P15
2178,IBI out of range,Row 2178 | Timestamp: 1712016563710 ms | PPG(Green=2511292, Red=2511292, Ir=2511292) | ACC(X=-5.40085172653198, Y=-5.23080253601074, Z=6.18882513046265) | HR=77 bpm | IBI=0 ms | Participant=P15
2179,IBI out of range,Row 2179 | Timestamp: 1712016563751 ms | PPG(Green=2511360, Red=2511360, Ir=2511360) | ACC(X=-5.47270345687866, Y=-5.31941986083984, Z=6.21996068954468) | HR=78 bpm | IBI=0 ms | Participant=P15
2180,IBI out of range,Row 2180 | Timestamp: 1712016563790 ms | PPG(Green=2512098, Red=2512098, Ir=2512098) | ACC(X=-5.38887643814087, Y=-5.22361755371094, Z=6.21038055419922) | HR=79 bpm | IBI=0 ms | Participant=P15
2181,IBI out of range,Row 2181 | Timestamp: 1712016563830 ms | PPG(Green=2513233, Red=2513233, Ir=2513233) | ACC(X=-5.49665403366089, Y=-5.19966697692871, Z=6.17445468902588) | HR=79 bpm | IBI=0 ms | Participant=P15
2182,IBI out of range,Row 2182 | Timestamp: 1712016563870 ms | PPG(Green=2514413, Red=2514413, Ir=2514413) | ACC(X=-5.52299976348877, Y=-5.25714826583862, Z=6.16726970672607) | HR=78 bpm | IBI=0 ms | Participant=P15
2183,IBI out of range,Row 2183 | Timestamp: 1712016563911 ms | PPG(Green=2515565, Red=2515565, Ir=2515565) | ACC(X=-5.41522216796875, Y=-5.16134595870972, Z=6.24870157241821) | HR=79 bpm | IBI=0 ms | Participant=P15
2184,IBI out of range,Row 2184 | Timestamp: 1712016563951 ms | PPG(Green=2516421, Red=2516421, Ir=2516421) | ACC(X=-5.49665403366089, Y=-5.22122240066528, Z=6.23912143707275) | HR=79 bpm | IBI=0 ms | Participant=P15
2185,IBI out of range,Row 2185 | Timestamp: 1712016563991 ms | PPG(Green=2517463, Red=2517463, Ir=2517463) | ACC(X=-5.40803670883179, Y=-5.2331976890564, Z=6.11457824707031) | HR=80 bpm | IBI=0 ms | Participant=P15
2186,IBI out of range,Row 2186 | Timestamp: 1712016564031 ms | PPG(Green=2518563, Red=2518563, Ir=2518563) | ACC(X=-5.40324687957764, Y=-5.30744457244873, Z=6.18642997741699) | HR=80 bpm | IBI=0 ms | Participant=P15
2187,IBI out of range,Row 2187 | Timestamp: 1712016564071 ms | PPG(Green=2518545, Red=2518545, Ir=2518545) | ACC(X=-5.48467874526978, Y=-5.25954341888428, Z=6.18164014816284) | HR=79 bpm | IBI=0 ms | Participant=P15
2188,IBI out of range,Row 2188 | Timestamp: 1712016564111 ms | PPG(Green=2515441, Red=2515441, Ir=2515441) | ACC(X=-5.47509860992432, Y=-5.22361755371094, Z=6.30139303207397) | HR=79 bpm | IBI=0 ms | Participant=P15
2189,IBI out of range,Row 2189 | Timestamp: 1712016564152 ms | PPG(Green=2511012, Red=2511012, Ir=2511012) | ACC(X=-5.35295057296753, Y=-5.23798799514771, Z=6.26546716690063) | HR=79 bpm | IBI=0 ms | Participant=P15
2191,IBI out of range,Row 2191 | Timestamp: 1712016564232 ms | PPG(Green=2507494, Red=2507494, Ir=2507494) | ACC(X=-5.42959260940552, Y=-5.22361755371094, Z=6.21756601333618) | HR=80 bpm | IBI=0 ms | Participant=P15
2192,IBI out of range,Row 2192 | Timestamp: 1712016564272 ms | PPG(Green=2506958, Red=2506958, Ir=2506958) | ACC(X=-5.42480230331421, Y=-5.26433372497559, Z=6.20080041885376) | HR=79 bpm | IBI=0 ms | Participant=P15
2193,IBI out of range,Row 2193 | Timestamp: 1712016564312 ms | PPG(Green=2506592, Red=2506592, Ir=2506592) | ACC(X=-5.51102447509766, Y=-5.24517297744751, Z=6.25588655471802) | HR=80 bpm | IBI=0 ms | Participant=P15
2194,IBI out of range,Row 2194 | Timestamp: 1712016564353 ms | PPG(Green=2506111, Red=2506111, Ir=2506111) | ACC(X=-5.45593786239624, Y=-5.24277782440186, Z=6.3253436088562) | HR=82 bpm | IBI=0 ms | Participant=P15
2195,IBI out of range,Row 2195 | Timestamp: 1712016564392 ms | PPG(Green=2505569, Red=2505569, Ir=2505569) | ACC(X=-5.30265426635742, Y=-5.25475311279297, Z=5.91339349746704) | HR=83 bpm | IBI=0 ms | Participant=P15
2196,IBI out of range,Row 2196 | Timestamp: 1712016564432 ms | PPG(Green=2505159, Red=2505159, Ir=2505159) | ACC(X=-5.39845657348633, Y=-5.43677759170532, Z=6.27504730224609) | HR=85 bpm | IBI=0 ms | Participant=P15
2197,IBI out of range,Row 2197 | Timestamp: 1712016564472 ms | PPG(Green=2505073, Red=2505073, Ir=2505073) | ACC(X=-5.55653047561646, Y=-5.33139514923096, Z=6.29181241989136) | HR=86 bpm | IBI=0 ms | Participant=P15
2198,IBI out of range,Row 2198 | Timestamp: 1712016564513 ms | PPG(Green=2505156, Red=2505156, Ir=2505156) | ACC(X=-5.5541353225708, Y=-4.87633419036865, Z=6.12894868850708) | HR=88 bpm | IBI=0 ms | Participant=P15
2199,IBI out of range,Row 2199 | Timestamp: 1712016564553 ms | PPG(Green=2505837, Red=2505837, Ir=2505837) | ACC(X=-5.37929630279541, Y=-5.11823511123657, Z=6.33492374420166) | HR=89 bpm | IBI=0 ms | Participant=P15
2200,IBI out of range,Row 2200 | Timestamp: 1712016564593 ms | PPG(Green=2506739, Red=2506739, Ir=2506739) | ACC(X=-5.39845657348633, Y=-5.43438243865967, Z=6.22714614868164) | HR=89 bpm | IBI=0 ms | Participant=P15
2201,IBI out of range,Row 2201 | Timestamp: 1712016564633 ms | PPG(Green=2506461, Red=2506461, Ir=2506461) | ACC(X=-5.35534572601318, Y=-5.41522216796875, Z=6.04272699356079) | HR=90 bpm | IBI=0 ms | Participant=P15
2202,IBI out of range,Row 2202 | Timestamp: 1712016564673 ms | PPG(Green=2506150, Red=2506150, Ir=2506150) | ACC(X=-5.45354270935059, Y=-5.2834939956665, Z=6.2367262840271) | HR=90 bpm | IBI=0 ms | Participant=P15
2203,IBI out of range,Row 2203 | Timestamp: 1712016564713 ms | PPG(Green=2505833, Red=2505833, Ir=2505833) | ACC(X=-5.51102447509766, Y=-5.15416097640991, Z=6.20319557189941) | HR=90 bpm | IBI=0 ms | Participant=P15
2204,IBI out of range,Row 2204 | Timestamp: 1712016564754 ms | PPG(Green=2504772, Red=2504772, Ir=2504772) | ACC(X=-5.46791315078735, Y=-5.13021039962769, Z=6.19361543655396) | HR=90 bpm | IBI=0 ms | Participant=P15
2205,IBI out of range,Row 2205 | Timestamp: 1712016564794 ms | PPG(Green=2501224, Red=2501224, Ir=2501224) | ACC(X=-5.28828430175781, Y=-5.26433372497559, Z=6.13852882385254) | HR=90 bpm | IBI=0 ms | Participant=P15
2206,IBI out of range,Row 2206 | Timestamp: 1712016564834 ms | PPG(Green=2496453, Red=2496453, Ir=2496453) | ACC(X=-5.3289999961853, Y=-5.44396257400513, Z=6.26546716690063) | HR=90 bpm | IBI=0 ms | Participant=P15
2207,IBI out of range,Row 2207 | Timestamp: 1712016564874 ms | PPG(Green=2493303, Red=2493303, Ir=2493303) | ACC(X=-5.33139514923096, Y=-5.3289999961853, Z=6.27265214920044) | HR=91 bpm | IBI=0 ms | Participant=P15
2208,IBI out of range,Row 2208 | Timestamp: 1712016564914 ms | PPG(Green=2491356, Red=2491356, Ir=2491356) | ACC(X=-5.49665403366089, Y=-5.21643257141113, Z=6.16487455368042) | HR=91 bpm | IBI=0 ms | Participant=P15
2209,IBI out of range,Row 2209 | Timestamp: 1712016564955 ms | PPG(Green=2490746, Red=2490746, Ir=2490746) | ACC(X=-5.52539443969727, Y=-5.17332124710083, Z=6.23193597793579) | HR=91 bpm | IBI=0 ms | Participant=P15
2210,IBI out of range,Row 2210 | Timestamp: 1712016564994 ms | PPG(Green=2491078, Red=2491078, Ir=2491078) | ACC(X=-5.50383901596069, Y=-5.2763090133667, Z=6.17924499511719) | HR=90 bpm | IBI=0 ms | Participant=P15
2211,IBI out of range,Row 2211 | Timestamp: 1712016565034 ms | PPG(Green=2490621, Red=2490621, Ir=2490621) | ACC(X=-5.50383901596069, Y=-5.23559284210205, Z=6.19601058959961) | HR=89 bpm | IBI=0 ms | Participant=P15
2212,IBI out of range,Row 2212 | Timestamp: 1712016565075 ms | PPG(Green=2489754, Red=2489754, Ir=2489754) | ACC(X=-5.45354270935059, Y=-5.24996328353882, Z=6.17684984207153) | HR=88 bpm | IBI=0 ms | Participant=P15
2213,IBI out of range,Row 2213 | Timestamp: 1712016565115 ms | PPG(Green=2488775, Red=2488775, Ir=2488775) | ACC(X=-5.41522216796875, Y=-5.37690114974976, Z=6.15768957138062) | HR=87 bpm | IBI=0 ms | Participant=P15
2214,IBI out of range,Row 2214 | Timestamp: 1712016565156 ms | PPG(Green=2488864, Red=2488864, Ir=2488864) | ACC(X=-5.36253070831299, Y=-5.22840785980225, Z=6.35887432098389) | HR=87 bpm | IBI=0 ms | Participant=P15
2215,IBI out of range,Row 2215 | Timestamp: 1712016565195 ms | PPG(Green=2489432, Red=2489432, Ir=2489432) | ACC(X=-5.31941986083984, Y=-5.21643257141113, Z=6.21756601333618) | HR=86 bpm | IBI=0 ms | Participant=P15
2216,IBI out of range,Row 2216 | Timestamp: 1712016565235 ms | PPG(Green=2490722, Red=2490722, Ir=2490722) | ACC(X=-5.35774087905884, Y=-5.24277782440186, Z=6.05230712890625) | HR=85 bpm | IBI=0 ms | Participant=P15
2217,IBI out of range,Row 2217 | Timestamp: 1712016565275 ms | PPG(Green=2492037, Red=2492037, Ir=2492037) | ACC(X=-5.48946857452393, Y=-5.25714826583862, Z=6.28462743759155) | HR=84 bpm | IBI=0 ms | Participant=P15
2218,IBI out of range,Row 2218 | Timestamp: 1712016565315 ms | PPG(Green=2493173, Red=2493173, Ir=2493173) | ACC(X=-5.53257989883423, Y=-5.24996328353882, Z=6.21277570724487) | HR=84 bpm | IBI=0 ms | Participant=P15
2219,IBI out of range,Row 2219 | Timestamp: 1712016565356 ms | PPG(Green=2494411, Red=2494411, Ir=2494411) | ACC(X=-5.31941986083984, Y=-5.11823511123657, Z=6.21756601333618) | HR=83 bpm | IBI=0 ms | Participant=P15
2220,IBI out of range,Row 2220 | Timestamp: 1712016565396 ms | PPG(Green=2495500, Red=2495500, Ir=2495500) | ACC(X=-5.40324687957764, Y=-5.36253070831299, Z=6.17924499511719) | HR=82 bpm | IBI=0 ms | Participant=P15
2221,IBI out of range,Row 2221 | Timestamp: 1712016565436 ms | PPG(Green=2494787, Red=2494787, Ir=2494787) | ACC(X=-5.49425888061523, Y=-5.37211084365845, Z=6.27504730224609) | HR=82 bpm | IBI=0 ms | Participant=P15
2222,IBI out of range,Row 2222 | Timestamp: 1712016565476 ms | PPG(Green=2489656, Red=2489656, Ir=2489656) | ACC(X=-5.40085172653198, Y=-5.22361755371094, Z=6.19601058959961) | HR=82 bpm | IBI=0 ms | Participant=P15
2223,IBI out of range,Row 2223 | Timestamp: 1712016565516 ms | PPG(Green=2484469, Red=2484469, Ir=2484469) | ACC(X=-5.39366674423218, Y=-5.18529653549194, Z=6.22954130172729) | HR=83 bpm | IBI=0 ms | Participant=P15
2224,IBI out of range,Row 2224 | Timestamp: 1712016565557 ms | PPG(Green=2481200, Red=2481200, Ir=2481200) | ACC(X=-5.34337043762207, Y=-5.24038314819336, Z=6.25349187850952) | HR=84 bpm | IBI=0 ms | Participant=P15
2225,IBI out of range,Row 2225 | Timestamp: 1712016565596 ms | PPG(Green=2478889, Red=2478889, Ir=2478889) | ACC(X=-5.36492586135864, Y=-5.36971616744995, Z=6.17206001281738) | HR=84 bpm | IBI=0 ms | Participant=P15
2226,IBI out of range,Row 2226 | Timestamp: 1712016565636 ms | PPG(Green=2476996, Red=2476996, Ir=2476996) | ACC(X=-5.42959260940552, Y=-5.3289999961853, Z=6.24151659011841) | HR=85 bpm | IBI=0 ms | Participant=P15
2227,IBI out of range,Row 2227 | Timestamp: 1712016565677 ms | PPG(Green=2476191, Red=2476191, Ir=2476191) | ACC(X=-5.4631233215332, Y=-5.13979053497314, Z=6.21517086029053) | HR=85 bpm | IBI=0 ms | Participant=P15
2228,IBI out of range,Row 2228 | Timestamp: 1712016565717 ms | PPG(Green=2475702, Red=2475702, Ir=2475702) | ACC(X=-5.52539443969727, Y=-5.12542009353638, Z=6.17684984207153) | HR=85 bpm | IBI=0 ms | Participant=P15
2229,IBI out of range,Row 2229 | Timestamp: 1712016565758 ms | PPG(Green=2474768, Red=2474768, Ir=2474768) | ACC(X=-5.42240715026855, Y=-5.24517297744751, Z=6.16726970672607) | HR=86 bpm | IBI=0 ms | Participant=P15
2230,IBI out of range,Row 2230 | Timestamp: 1712016565797 ms | PPG(Green=2473959, Red=2473959, Ir=2473959) | ACC(X=-5.4655179977417, Y=-5.41522216796875, Z=6.18642997741699) | HR=86 bpm | IBI=0 ms | Participant=P15
2231,IBI out of range,Row 2231 | Timestamp: 1712016565837 ms | PPG(Green=2473111, Red=2473111, Ir=2473111) | ACC(X=-5.38887643814087, Y=-5.30744457244873, Z=6.25109672546387) | HR=86 bpm | IBI=0 ms | Participant=P15
2232,IBI out of range,Row 2232 | Timestamp: 1712016565877 ms | PPG(Green=2472901, Red=2472901, Ir=2472901) | ACC(X=-5.33139514923096, Y=-5.27151870727539, Z=6.20080041885376) | HR=87 bpm | IBI=0 ms | Participant=P15
2233,IBI out of range,Row 2233 | Timestamp: 1712016565918 ms | PPG(Green=2473522, Red=2473522, Ir=2473522) | ACC(X=-5.44156742095947, Y=-5.22840785980225, Z=6.21996068954468) | HR=87 bpm | IBI=0 ms | Participant=P15
2234,IBI out of range,Row 2234 | Timestamp: 1712016565958 ms | PPG(Green=2474599, Red=2474599, Ir=2474599) | ACC(X=-5.45593786239624, Y=-5.3673210144043, Z=6.22235584259033) | HR=87 bpm | IBI=0 ms | Participant=P15
2235,IBI out of range,Row 2235 | Timestamp: 1712016565998 ms | PPG(Green=2475742, Red=2475742, Ir=2475742) | ACC(X=-5.42719745635986, Y=-5.28588914871216, Z=6.21996068954468) | HR=88 bpm | IBI=0 ms | Participant=P15
2236,IBI out of range,Row 2236 | Timestamp: 1712016566038 ms | PPG(Green=2476875, Red=2476875, Ir=2476875) | ACC(X=-5.34576559066772, Y=-5.26912355422974, Z=6.25349187850952) | HR=89 bpm | IBI=0 ms | Participant=P15
2237,IBI out of range,Row 2237 | Timestamp: 1712016566078 ms | PPG(Green=2477664, Red=2477664, Ir=2477664) | ACC(X=-5.45354270935059, Y=-5.22122240066528, Z=6.09062767028809) | HR=90 bpm | IBI=0 ms | Participant=P15
2238,IBI out of range,Row 2238 | Timestamp: 1712016566118 ms | PPG(Green=2476332, Red=2476332, Ir=2476332) | ACC(X=-5.44635772705078, Y=-5.29786443710327, Z=6.19601058959961) | HR=90 bpm | IBI=0 ms | Participant=P15
2239,IBI out of range,Row 2239 | Timestamp: 1712016566159 ms | PPG(Green=2470995, Red=2470995, Ir=2470995) | ACC(X=-5.40564203262329, Y=-5.31702470779419, Z=6.27983713150024) | HR=90 bpm | IBI=0 ms | Participant=P15
2240,IBI out of range,Row 2240 | Timestamp: 1712016566198 ms | PPG(Green=2466060, Red=2466060, Ir=2466060) | ACC(X=-5.39366674423218, Y=-5.20445728302002, Z=6.1912202835083) | HR=89 bpm | IBI=0 ms | Participant=P15
2241,IBI out of range,Row 2241 | Timestamp: 1712016566238 ms | PPG(Green=2462617, Red=2462617, Ir=2462617) | ACC(X=-5.508629322052, Y=-5.22840785980225, Z=6.26067686080933) | HR=89 bpm | IBI=0 ms | Participant=P15
2242,IBI out of range,Row 2242 | Timestamp: 1712016566278 ms | PPG(Green=2460453, Red=2460453, Ir=2460453) | ACC(X=-5.48707389831543, Y=-5.19966697692871, Z=6.25109672546387) | HR=89 bpm | IBI=0 ms | Participant=P15
2243,IBI out of range,Row 2243 | Timestamp: 1712016566319 ms | PPG(Green=2459076, Red=2459076, Ir=2459076) | ACC(X=-5.43198728561401, Y=-5.19966697692871, Z=6.22714614868164) | HR=89 bpm | IBI=0 ms | Participant=P15
2244,IBI out of range,Row 2244 | Timestamp: 1712016566359 ms | PPG(Green=2458450, Red=2458450, Ir=2458450) | ACC(X=-5.4200119972229, Y=-5.30025911331177, Z=6.16008472442627) | HR=89 bpm | IBI=0 ms | Participant=P15
2245,IBI out of range,Row 2245 | Timestamp: 1712016566399 ms | PPG(Green=2457580, Red=2457580, Ir=2457580) | ACC(X=-5.42959260940552, Y=-5.29786443710327, Z=6.23433113098145) | HR=91 bpm | IBI=0 ms | Participant=P15
2246,IBI out of range,Row 2246 | Timestamp: 1712016566439 ms | PPG(Green=2456795, Red=2456795, Ir=2456795) | ACC(X=-5.35774087905884, Y=-5.25475311279297, Z=6.18164014816284) | HR=91 bpm | IBI=0 ms | Participant=P15
2247,IBI out of range,Row 2247 | Timestamp: 1712016566479 ms | PPG(Green=2456307, Red=2456307, Ir=2456307) | ACC(X=-5.47749328613281, Y=-5.3289999961853, Z=6.17445468902588) | HR=90 bpm | IBI=0 ms | Participant=P15
2248,IBI out of range,Row 2248 | Timestamp: 1712016566519 ms | PPG(Green=2456434, Red=2456434, Ir=2456434) | ACC(X=-5.4200119972229, Y=-5.29067897796631, Z=6.26307201385498) | HR=90 bpm | IBI=0 ms | Participant=P15
2249,IBI out of range,Row 2249 | Timestamp: 1712016566560 ms | PPG(Green=2457016, Red=2457016, Ir=2457016) | ACC(X=-5.33139514923096, Y=-5.29067897796631, Z=6.19601058959961) | HR=89 bpm | IBI=0 ms | Participant=P15
2250,IBI out of range,Row 2250 | Timestamp: 1712016566599 ms | PPG(Green=2457951, Red=2457951, Ir=2457951) | ACC(X=-5.48946857452393, Y=-5.19727182388306, Z=6.21996068954468) | HR=87 bpm | IBI=0 ms | Participant=P15
2251,IBI out of range,Row 2251 | Timestamp: 1712016566639 ms | PPG(Green=2458891, Red=2458891, Ir=2458891) | ACC(X=-5.40324687957764, Y=-5.34097528457642, Z=6.08823299407959) | HR=86 bpm | IBI=0 ms | Participant=P15
2252,IBI out of range,Row 2252 | Timestamp: 1712016566680 ms | PPG(Green=2459980, Red=2459980, Ir=2459980) | ACC(X=-5.54934501647949, Y=-5.38887643814087, Z=6.27025699615479) | HR=86 bpm | IBI=0 ms | Participant=P15
2253,IBI out of range,Row 2253 | Timestamp: 1712016566720 ms | PPG(Green=2461129, Red=2461129, Ir=2461129) | ACC(X=-5.23080253601074, Y=-5.11583995819092, Z=6.40917015075684) | HR=86 bpm | IBI=0 ms | Participant=P15
2254,IBI out of range,Row 2254 | Timestamp: 1712016566761 ms | PPG(Green=2461905, Red=2461905, Ir=2461905) | ACC(X=-5.43917274475098, Y=-5.1876916885376, Z=6.19601058959961) | HR=86 bpm | IBI=0 ms | Participant=P15
2255,IBI out of range,Row 2255 | Timestamp: 1712016566800 ms | PPG(Green=2458511, Red=2458511, Ir=2458511) | ACC(X=-5.59724617004395, Y=-5.13739538192749, Z=6.14810943603516) | HR=85 bpm | IBI=0 ms | Participant=P15
2256,IBI out of range,Row 2256 | Timestamp: 1712016566840 ms | PPG(Green=2450841, Red=2450841, Ir=2450841) | ACC(X=-5.53257989883423, Y=-5.36253070831299, Z=6.19601058959961) | HR=86 bpm | IBI=0 ms | Participant=P15
2257,IBI out of range,Row 2257 | Timestamp: 1712016566880 ms | PPG(Green=2444014, Red=2444014, Ir=2444014) | ACC(X=-5.34816026687622, Y=-5.07991409301758, Z=6.26067686080933) | HR=85 bpm | IBI=0 ms | Participant=P15
2258,IBI out of range,Row 2258 | Timestamp: 1712016566921 ms | PPG(Green=2438093, Red=2438093, Ir=2438093) | ACC(X=-5.3745059967041, Y=-5.49186372756958, Z=6.16008472442627) | HR=86 bpm | IBI=0 ms | Participant=P15
2259,IBI out of range,Row 2259 | Timestamp: 1712016566961 ms | PPG(Green=2433021, Red=2433021, Ir=2433021) | ACC(X=-5.546950340271, Y=-5.1876916885376, Z=6.25109672546387) | HR=86 bpm | IBI=0 ms | Participant=P15
2260,IBI out of range,Row 2260 | Timestamp: 1712016567001 ms | PPG(Green=2429383, Red=2429383, Ir=2429383) | ACC(X=-5.45114803314209, Y=-5.08949422836304, Z=6.33971357345581) | HR=85 bpm | IBI=0 ms | Participant=P15
2261,IBI out of range,Row 2261 | Timestamp: 1712016567041 ms | PPG(Green=2426550, Red=2426550, Ir=2426550) | ACC(X=-5.5996413230896, Y=-5.08230924606323, Z=6.17206001281738) | HR=85 bpm | IBI=0 ms | Participant=P15
2262,IBI out of range,Row 2262 | Timestamp: 1712016567081 ms | PPG(Green=2423624, Red=2423624, Ir=2423624) | ACC(X=-5.45593786239624, Y=-5.24277782440186, Z=6.25828170776367) | HR=85 bpm | IBI=0 ms | Participant=P15
2263,IBI out of range,Row 2263 | Timestamp: 1712016567121 ms | PPG(Green=2421271, Red=2421271, Ir=2421271) | ACC(X=-5.38887643814087, Y=-5.19727182388306, Z=6.30378770828247) | HR=84 bpm | IBI=0 ms | Participant=P15
2264,IBI out of range,Row 2264 | Timestamp: 1712016567162 ms | PPG(Green=2418887, Red=2418887, Ir=2418887) | ACC(X=-5.48228359222412, Y=-5.10146951675415, Z=6.34689903259277) | HR=86 bpm | IBI=0 ms | Participant=P15
2265,IBI out of range,Row 2265 | Timestamp: 1712016567202 ms | PPG(Green=2417523, Red=2417523, Ir=2417523) | ACC(X=-5.55174016952515, Y=-5.15895080566406, Z=6.42114543914795) | HR=85 bpm | IBI=0 ms | Participant=P15
2266,IBI out of range,Row 2266 | Timestamp: 1712016567242 ms | PPG(Green=2417288, Red=2417288, Ir=2417288) | ACC(X=-5.50623416900635, Y=-5.16374111175537, Z=5.94452953338623) | HR=85 bpm | IBI=0 ms | Participant=P15
2267,IBI out of range,Row 2267 | Timestamp: 1712016567282 ms | PPG(Green=2417679, Red=2417679, Ir=2417679) | ACC(X=-5.56132030487061, Y=-5.07033395767212, Z=5.99961566925049) | HR=84 bpm | IBI=0 ms | Participant=P15
2268,IBI out of range,Row 2268 | Timestamp: 1712016567322 ms | PPG(Green=2417933, Red=2417933, Ir=2417933) | ACC(X=-5.48707389831543, Y=-5.1493706703186, Z=6.3732442855835) | HR=85 bpm | IBI=0 ms | Participant=P15
2269,IBI out of range,Row 2269 | Timestamp: 1712016567363 ms | PPG(Green=2417981, Red=2417981, Ir=2417981) | ACC(X=-5.75052976608276, Y=-5.17571640014648, Z=6.33731889724731) | HR=86 bpm | IBI=0 ms | Participant=P15
2270,IBI out of range,Row 2270 | Timestamp: 1712016567403 ms | PPG(Green=2417691, Red=2417691, Ir=2417691) | ACC(X=-5.52299976348877, Y=-5.01524782180786, Z=6.29899787902832) | HR=85 bpm | IBI=0 ms | Participant=P15
2271,IBI out of range,Row 2271 | Timestamp: 1712016567443 ms | PPG(Green=2418465, Red=2418465, Ir=2418465) | ACC(X=-5.39366674423218, Y=-4.97453165054321, Z=6.21517086029053) | HR=85 bpm | IBI=0 ms | Participant=P15
2272,IBI out of range,Row 2272 | Timestamp: 1712016567483 ms | PPG(Green=2418122, Red=2418122, Ir=2418122) | ACC(X=-5.4176173210144, Y=-5.33379030227661, Z=6.18882513046265) | HR=86 bpm | IBI=0 ms | Participant=P15
2273,IBI out of range,Row 2273 | Timestamp: 1712016567524 ms | PPG(Green=2411343, Red=2411343, Ir=2411343) | ACC(X=-5.61880159378052, Y=-5.35774087905884, Z=6.30139303207397) | HR=86 bpm | IBI=0 ms | Participant=P15
2274,IBI out of range,Row 2274 | Timestamp: 1712016567564 ms | PPG(Green=2404273, Red=2404273, Ir=2404273) | ACC(X=-5.44635772705078, Y=-4.96974182128906, Z=6.18642997741699) | HR=85 bpm | IBI=0 ms | Participant=P15
2275,IBI out of range,Row 2275 | Timestamp: 1712016567604 ms | PPG(Green=2398979, Red=2398979, Ir=2398979) | ACC(X=-5.49904918670654, Y=-5.07272911071777, Z=6.30618286132813) | HR=85 bpm | IBI=0 ms | Participant=P15
2276,IBI out of range,Row 2276 | Timestamp: 1712016567644 ms | PPG(Green=2395756, Red=2395756, Ir=2395756) | ACC(X=-5.39606142044067, Y=-5.33858013153076, Z=6.29420757293701) | HR=85 bpm | IBI=0 ms | Participant=P15
2277,IBI out of range,Row 2277 | Timestamp: 1712016567684 ms | PPG(Green=2392491, Red=2392491, Ir=2392491) | ACC(X=-5.46791315078735, Y=-5.16613626480103, Z=6.15289926528931) | HR=85 bpm | IBI=0 ms | Participant=P15
2278,IBI out of range,Row 2278 | Timestamp: 1712016567724 ms | PPG(Green=2388973, Red=2388973, Ir=2388973) | ACC(X=-5.6882586479187, Y=-5.21882724761963, Z=6.01638126373291) | HR=84 bpm | IBI=0 ms | Participant=P15
2279,IBI out of range,Row 2279 | Timestamp: 1712016567765 ms | PPG(Green=2385982, Red=2385982, Ir=2385982) | ACC(X=-5.46791315078735, Y=-5.11823511123657, Z=6.46665191650391) | HR=84 bpm | IBI=0 ms | Participant=P15
2280,IBI out of range,Row 2280 | Timestamp: 1712016567805 ms | PPG(Green=2383754, Red=2383754, Ir=2383754) | ACC(X=-5.4128270149231, Y=-5.03201293945313, Z=6.27983713150024) | HR=84 bpm | IBI=0 ms | Participant=P15
2281,IBI out of range,Row 2281 | Timestamp: 1712016567845 ms | PPG(Green=2382071, Red=2382071, Ir=2382071) | ACC(X=-5.64035749435425, Y=-5.21643257141113, Z=6.19601058959961) | HR=84 bpm | IBI=0 ms | Participant=P15
2282,IBI out of range,Row 2282 | Timestamp: 1712016567886 ms | PPG(Green=2381254, Red=2381254, Ir=2381254) | ACC(X=-5.56850576400757, Y=-4.98411178588867, Z=6.26786184310913) | HR=84 bpm | IBI=0 ms | Participant=P15
2283,IBI out of range,Row 2283 | Timestamp: 1712016567926 ms | PPG(Green=2381550, Red=2381550, Ir=2381550) | ACC(X=-5.42480230331421, Y=-5.15416097640991, Z=6.13134384155273) | HR=85 bpm | IBI=0 ms | Participant=P15
2284,IBI out of range,Row 2284 | Timestamp: 1712016567967 ms | PPG(Green=2381936, Red=2381936, Ir=2381936) | ACC(X=-5.33139514923096, Y=-5.35055541992188, Z=6.21996068954468) | HR=86 bpm | IBI=0 ms | Participant=P15
2285,IBI out of range,Row 2285 | Timestamp: 1712016568006 ms | PPG(Green=2381798, Red=2381798, Ir=2381798) | ACC(X=-5.34097528457642, Y=-5.30504941940308, Z=6.20798587799072) | HR=87 bpm | IBI=0 ms | Participant=P15
2286,IBI out of range,Row 2286 | Timestamp: 1712016568046 ms | PPG(Green=2381195, Red=2381195, Ir=2381195) | ACC(X=-5.59006118774414, Y=-5.07272911071777, Z=6.25828170776367) | HR=88 bpm | IBI=0 ms | Participant=P15
2287,IBI out of range,Row 2287 | Timestamp: 1712016568087 ms | PPG(Green=2381389, Red=2381389, Ir=2381389) | ACC(X=-5.71460390090942, Y=-5.2331976890564, Z=6.5576639175415) | HR=89 bpm | IBI=0 ms | Participant=P15
2288,IBI out of range,Row 2288 | Timestamp: 1712016568127 ms | PPG(Green=2383235, Red=2383235, Ir=2383235) | ACC(X=-5.44875288009644, Y=-5.07751893997192, Z=6.08344268798828) | HR=89 bpm | IBI=0 ms | Participant=P15
2289,IBI out of range,Row 2289 | Timestamp: 1712016568168 ms | PPG(Green=2384463, Red=2384463, Ir=2384463) | ACC(X=-5.62119674682617, Y=-5.03680324554443, Z=6.19361543655396) | HR=88 bpm | IBI=0 ms | Participant=P15
2290,IBI out of range,Row 2290 | Timestamp: 1712016568207 ms | PPG(Green=2378750, Red=2378750, Ir=2378750) | ACC(X=-5.39845657348633, Y=-5.17092609405518, Z=6.17684984207153) | HR=87 bpm | IBI=0 ms | Participant=P15
2291,IBI out of range,Row 2291 | Timestamp: 1712016568248 ms | PPG(Green=2370472, Red=2370472, Ir=2370472) | ACC(X=-5.4200119972229, Y=-5.24038314819336, Z=6.13134384155273) | HR=86 bpm | IBI=0 ms | Participant=P15
2292,IBI out of range,Row 2292 | Timestamp: 1712016568288 ms | PPG(Green=2363763, Red=2363763, Ir=2363763) | ACC(X=-5.51341915130615, Y=-5.24038314819336, Z=6.63909578323364) | HR=86 bpm | IBI=0 ms | Participant=P15
2293,IBI out of range,Row 2293 | Timestamp: 1712016568328 ms | PPG(Green=2360370, Red=2360370, Ir=2360370) | ACC(X=-5.32660484313965, Y=-5.08709955215454, Z=6.27983713150024) | HR=85 bpm | IBI=0 ms | Participant=P15
2294,IBI out of range,Row 2294 | Timestamp: 1712016568369 ms | PPG(Green=2359074, Red=2359074, Ir=2359074) | ACC(X=-5.4631233215332, Y=-5.0511736869812, Z=6.53371334075928) | HR=84 bpm | IBI=0 ms | Participant=P15
2295,IBI out of range,Row 2295 | Timestamp: 1712016568409 ms | PPG(Green=2359002, Red=2359002, Ir=2359002) | ACC(X=-5.49904918670654, Y=-5.07033395767212, Z=6.42833089828491) | HR=84 bpm | IBI=0 ms | Participant=P15
2296,IBI out of range,Row 2296 | Timestamp: 1712016568449 ms | PPG(Green=2357603, Red=2357603, Ir=2357603) | ACC(X=-5.48946857452393, Y=-5.06075382232666, Z=5.96368980407715) | HR=83 bpm | IBI=0 ms | Participant=P15
2297,IBI out of range,Row 2297 | Timestamp: 1712016568489 ms | PPG(Green=2355841, Red=2355841, Ir=2355841) | ACC(X=-5.58048105239868, Y=-5.22601270675659, Z=6.16247940063477) | HR=83 bpm | IBI=0 ms | Participant=P15
2298,IBI out of range,Row 2298 | Timestamp: 1712016568530 ms | PPG(Green=2354177, Red=2354177, Ir=2354177) | ACC(X=-5.49425888061523, Y=-5.10146951675415, Z=6.43551588058472) | HR=82 bpm | IBI=0 ms | Participant=P15
2299,IBI out of range,Row 2299 | Timestamp: 1712016568570 ms | PPG(Green=2352992, Red=2352992, Ir=2352992) | ACC(X=-5.4583330154419, Y=-4.81406307220459, Z=6.30618286132813) | HR=81 bpm | IBI=0 ms | Participant=P15
2300,IBI out of range,Row 2300 | Timestamp: 1712016568610 ms | PPG(Green=2353323, Red=2353323, Ir=2353323) | ACC(X=-5.35774087905884, Y=-4.96734666824341, Z=6.28702259063721) | HR=80 bpm | IBI=0 ms | Participant=P15
2301,IBI out of range,Row 2301 | Timestamp: 1712016568650 ms | PPG(Green=2355347, Red=2355347, Ir=2355347) | ACC(X=-5.50383901596069, Y=-5.13260555267334, Z=6.31576299667358) | HR=80 bpm | IBI=0 ms | Participant=P15
2302,IBI out of range,Row 2302 | Timestamp: 1712016568690 ms | PPG(Green=2358099, Red=2358099, Ir=2358099) | ACC(X=-5.56611061096191, Y=-5.12542009353638, Z=6.25828170776367) | HR=78 bpm | IBI=0 ms | Participant=P15
2303,IBI out of range,Row 2303 | Timestamp: 1712016568731 ms | PPG(Green=2360803, Red=2360803, Ir=2360803) | ACC(X=-5.67388820648193, Y=-5.24996328353882, Z=6.17445468902588) | HR=79 bpm | IBI=0 ms | Participant=P15
2304,IBI out of range,Row 2304 | Timestamp: 1712016568772 ms | PPG(Green=2363136, Red=2363136, Ir=2363136) | ACC(X=-5.47749328613281, Y=-4.87393951416016, Z=6.27265214920044) | HR=77 bpm | IBI=0 ms | Participant=P15
2305,IBI out of range,Row 2305 | Timestamp: 1712016568811 ms | PPG(Green=2365073, Red=2365073, Ir=2365073) | ACC(X=-5.48946857452393, Y=-5.07751893997192, Z=6.10739326477051) | HR=77 bpm | IBI=0 ms | Participant=P15
2306,IBI out of range,Row 2306 | Timestamp: 1712016568852 ms | PPG(Green=2364000, Red=2364000, Ir=2364000) | ACC(X=-5.52060461044312, Y=-5.22122240066528, Z=6.38282489776611) | HR=78 bpm | IBI=0 ms | Participant=P15
2307,IBI out of range,Row 2307 | Timestamp: 1712016568892 ms | PPG(Green=2357456, Red=2357456, Ir=2357456) | ACC(X=-5.4200119972229, Y=-5.24996328353882, Z=6.22954130172729) | HR=78 bpm | IBI=0 ms | Participant=P15
2308,IBI out of range,Row 2308 | Timestamp: 1712016568932 ms | PPG(Green=2351099, Red=2351099, Ir=2351099) | ACC(X=-5.53497505187988, Y=-5.17092609405518, Z=6.19601058959961) | HR=78 bpm | IBI=0 ms | Participant=P15
2309,IBI out of range,Row 2309 | Timestamp: 1712016568973 ms | PPG(Green=2346825, Red=2346825, Ir=2346825) | ACC(X=-5.54455518722534, Y=-5.16853141784668, Z=6.30618286132813) | HR=78 bpm | IBI=0 ms | Participant=P15
2310,IBI out of range,Row 2310 | Timestamp: 1712016569013 ms | PPG(Green=2344452, Red=2344452, Ir=2344452) | ACC(X=-5.48228359222412, Y=-5.12781524658203, Z=6.32055330276489) | HR=78 bpm | IBI=0 ms | Participant=P15
2311,IBI out of range,Row 2311 | Timestamp: 1712016569053 ms | PPG(Green=2343048, Red=2343048, Ir=2343048) | ACC(X=-5.52778959274292, Y=-5.15416097640991, Z=6.20559072494507) | HR=79 bpm | IBI=0 ms | Participant=P15
2312,IBI out of range,Row 2312 | Timestamp: 1712016569093 ms | PPG(Green=2342704, Red=2342704, Ir=2342704) | ACC(X=-5.50383901596069, Y=-5.16134595870972, Z=6.24630641937256) | HR=79 bpm | IBI=0 ms | Participant=P15
2313,IBI out of range,Row 2313 | Timestamp: 1712016569133 ms | PPG(Green=2342703, Red=2342703, Ir=2342703) | ACC(X=-5.44396257400513, Y=-5.28588914871216, Z=6.26307201385498) | HR=79 bpm | IBI=0 ms | Participant=P15
2314,IBI out of range,Row 2314 | Timestamp: 1712016569174 ms | PPG(Green=2342465, Red=2342465, Ir=2342465) | ACC(X=-5.55892562866211, Y=-5.23080253601074, Z=6.16247940063477) | HR=80 bpm | IBI=0 ms | Participant=P15
2315,IBI out of range,Row 2315 | Timestamp: 1712016569214 ms | PPG(Green=2342280, Red=2342280, Ir=2342280) | ACC(X=-5.54216003417969, Y=-5.26672840118408, Z=6.11936855316162) | HR=80 bpm | IBI=0 ms | Participant=P15
2316,IBI out of range,Row 2316 | Timestamp: 1712016569254 ms | PPG(Green=2343007, Red=2343007, Ir=2343007) | ACC(X=-5.44156742095947, Y=-5.0080623626709, Z=6.36366415023804) | HR=81 bpm | IBI=0 ms | Participant=P15
2317,IBI out of range,Row 2317 | Timestamp: 1712016569294 ms | PPG(Green=2344684, Red=2344684, Ir=2344684) | ACC(X=-5.40324687957764, Y=-5.07512426376343, Z=6.29660272598267) | HR=81 bpm | IBI=0 ms | Participant=P15
2318,IBI out of range,Row 2318 | Timestamp: 1712016569335 ms | PPG(Green=2346686, Red=2346686, Ir=2346686) | ACC(X=-5.47988843917847, Y=-5.16853141784668, Z=6.25349187850952) | HR=81 bpm | IBI=0 ms | Participant=P15
2319,IBI out of range,Row 2319 | Timestamp: 1712016569376 ms | PPG(Green=2348502, Red=2348502, Ir=2348502) | ACC(X=-5.57808589935303, Y=-5.2331976890564, Z=6.2367262840271) | HR=82 bpm | IBI=0 ms | Participant=P15
2320,IBI out of range,Row 2320 | Timestamp: 1712016569415 ms | PPG(Green=2350673, Red=2350673, Ir=2350673) | ACC(X=-5.44875288009644, Y=-5.13739538192749, Z=6.24151659011841) | HR=83 bpm | IBI=0 ms | Participant=P15
2321,IBI out of range,Row 2321 | Timestamp: 1712016569455 ms | PPG(Green=2353352, Red=2353352, Ir=2353352) | ACC(X=-5.44156742095947, Y=-5.16613626480103, Z=6.26546716690063) | HR=83 bpm | IBI=0 ms | Participant=P15
2322,IBI out of range,Row 2322 | Timestamp: 1712016569496 ms | PPG(Green=2355897, Red=2355897, Ir=2355897) | ACC(X=-5.46072816848755, Y=-5.29546928405762, Z=6.28941774368286) | HR=84 bpm | IBI=0 ms | Participant=P15
2323,IBI out of range,Row 2323 | Timestamp: 1712016569536 ms | PPG(Green=2354155, Red=2354155, Ir=2354155) | ACC(X=-5.57329559326172, Y=-5.22361755371094, Z=6.15289926528931) | HR=84 bpm | IBI=0 ms | Participant=P15
2324,IBI out of range,Row 2324 | Timestamp: 1712016569577 ms | PPG(Green=2348098, Red=2348098, Ir=2348098) | ACC(X=-5.51581430435181, Y=-5.02003765106201, Z=6.16008472442627) | HR=84 bpm | IBI=0 ms | Participant=P15
2325,IBI out of range,Row 2325 | Timestamp: 1712016569616 ms | PPG(Green=2343165, Red=2343165, Ir=2343165) | ACC(X=-5.47509860992432, Y=-5.13021039962769, Z=6.28702259063721) | HR=84 bpm | IBI=0 ms | Participant=P15
2326,IBI out of range,Row 2326 | Timestamp: 1712016569656 ms | PPG(Green=2339623, Red=2339623, Ir=2339623) | ACC(X=-5.48946857452393, Y=-5.26672840118408, Z=6.34210872650146) | HR=84 bpm | IBI=0 ms | Participant=P15
2327,IBI out of range,Row 2327 | Timestamp: 1712016569697 ms | PPG(Green=2336578, Red=2336578, Ir=2336578) | ACC(X=-5.43438243865967, Y=-5.22122240066528, Z=6.14092397689819) | HR=83 bpm | IBI=0 ms | Participant=P15
2328,IBI out of range,Row 2328 | Timestamp: 1712016569737 ms | PPG(Green=2334993, Red=2334993, Ir=2334993) | ACC(X=-5.42959260940552, Y=-5.17811155319214, Z=6.1912202835083) | HR=82 bpm | IBI=0 ms | Participant=P15
2329,IBI out of range,Row 2329 | Timestamp: 1712016569778 ms | PPG(Green=2334673, Red=2334673, Ir=2334673) | ACC(X=-5.54455518722534, Y=-5.18290138244629, Z=6.23193597793579) | HR=82 bpm | IBI=0 ms | Participant=P15
2330,IBI out of range,Row 2330 | Timestamp: 1712016569818 ms | PPG(Green=2334502, Red=2334502, Ir=2334502) | ACC(X=-5.52539443969727, Y=-5.12542009353638, Z=6.24151659011841) | HR=81 bpm | IBI=0 ms | Participant=P15
2331,IBI out of range,Row 2331 | Timestamp: 1712016569858 ms | PPG(Green=2334730, Red=2334730, Ir=2334730) | ACC(X=-5.50383901596069, Y=-5.20924711227417, Z=6.29899787902832) | HR=80 bpm | IBI=0 ms | Participant=P15
2332,IBI out of range,Row 2332 | Timestamp: 1712016569898 ms | PPG(Green=2335824, Red=2335824, Ir=2335824) | ACC(X=-5.45354270935059, Y=-5.24756813049316, Z=6.22235584259033) | HR=80 bpm | IBI=0 ms | Participant=P15
2333,IBI out of range,Row 2333 | Timestamp: 1712016569939 ms | PPG(Green=2337517, Red=2337517, Ir=2337517) | ACC(X=-5.48707389831543, Y=-5.18290138244629, Z=6.27265214920044) | HR=79 bpm | IBI=0 ms | Participant=P15
2334,IBI out of range,Row 2334 | Timestamp: 1712016569979 ms | PPG(Green=2339582, Red=2339582, Ir=2339582) | ACC(X=-5.48228359222412, Y=-5.12302541732788, Z=6.21996068954468) | HR=79 bpm | IBI=0 ms | Participant=P15
2335,IBI out of range,Row 2335 | Timestamp: 1712016570019 ms | PPG(Green=2342040, Red=2342040, Ir=2342040) | ACC(X=-5.5996413230896, Y=-5.08949422836304, Z=6.27265214920044) | HR=78 bpm | IBI=0 ms | Participant=P15
2336,IBI out of range,Row 2336 | Timestamp: 1712016570059 ms | PPG(Green=2344348, Red=2344348, Ir=2344348) | ACC(X=-5.48467874526978, Y=-5.16374111175537, Z=6.24630641937256) | HR=78 bpm | IBI=0 ms | Participant=P15
2337,IBI out of range,Row 2337 | Timestamp: 1712016570099 ms | PPG(Green=2346642, Red=2346642, Ir=2346642) | ACC(X=-5.43917274475098, Y=-5.24517297744751, Z=6.30139303207397) | HR=78 bpm | IBI=0 ms | Participant=P15
2338,IBI out of range,Row 2338 | Timestamp: 1712016570139 ms | PPG(Green=2349026, Red=2349026, Ir=2349026) | ACC(X=-5.38648128509521, Y=-5.18290138244629, Z=6.24151659011841) | HR=79 bpm | IBI=0 ms | Participant=P15
2339,IBI out of range,Row 2339 | Timestamp: 1712016570180 ms | PPG(Green=2349371, Red=2349371, Ir=2349371) | ACC(X=-5.49425888061523, Y=-5.1948766708374, Z=6.13852882385254) | HR=79 bpm | IBI=0 ms | Participant=P15
2340,IBI out of range,Row 2340 | Timestamp: 1712016570219 ms | PPG(Green=2343658, Red=2343658, Ir=2343658) | ACC(X=-5.56371545791626, Y=-5.24038314819336, Z=6.26786184310913) | HR=79 bpm | IBI=0 ms | Participant=P15
2341,IBI out of range,Row 2341 | Timestamp: 1712016570260 ms | PPG(Green=2337349, Red=2337349, Ir=2337349) | ACC(X=-5.62119674682617, Y=-5.17092609405518, Z=6.20559072494507) | HR=80 bpm | IBI=0 ms | Participant=P15
2342,IBI out of range,Row 2342 | Timestamp: 1712016570300 ms | PPG(Green=2332982, Red=2332982, Ir=2332982) | ACC(X=-5.60443162918091, Y=-5.01285266876221, Z=6.21517086029053) | HR=80 bpm | IBI=0 ms | Participant=P15
2343,IBI out of range,Row 2343 | Timestamp: 1712016570340 ms | PPG(Green=2329972, Red=2329972, Ir=2329972) | ACC(X=-5.49186372756958, Y=-5.19966697692871, Z=6.35647916793823) | HR=80 bpm | IBI=0 ms | Participant=P15
2344,IBI out of range,Row 2344 | Timestamp: 1712016570381 ms | PPG(Green=2327597, Red=2327597, Ir=2327597) | ACC(X=-5.49186372756958, Y=-5.18290138244629, Z=6.25349187850952) | HR=81 bpm | IBI=0 ms | Participant=P15
2345,IBI out of range,Row 2345 | Timestamp: 1712016570420 ms | PPG(Green=2326710, Red=2326710, Ir=2326710) | ACC(X=-5.44396257400513, Y=-5.15895080566406, Z=6.17206001281738) | HR=81 bpm | IBI=0 ms | Participant=P15
2346,IBI out of range,Row 2346 | Timestamp: 1712016570460 ms | PPG(Green=2326612, Red=2326612, Ir=2326612) | ACC(X=-5.546950340271, Y=-5.1038646697998, Z=6.26307201385498) | HR=81 bpm | IBI=0 ms | Participant=P15
2347,IBI out of range,Row 2347 | Timestamp: 1712016570501 ms | PPG(Green=2326432, Red=2326432, Ir=2326432) | ACC(X=-5.56132030487061, Y=-5.17571640014648, Z=6.25588655471802) | HR=81 bpm | IBI=0 ms | Participant=P15
2348,IBI out of range,Row 2348 | Timestamp: 1712016570541 ms | PPG(Green=2326381, Red=2326381, Ir=2326381) | ACC(X=-5.57329559326172, Y=-5.08230924606323, Z=6.1457142829895) | HR=82 bpm | IBI=0 ms | Participant=P15
2349,IBI out of range,Row 2349 | Timestamp: 1712016570582 ms | PPG(Green=2326934, Red=2326934, Ir=2326934) | ACC(X=-5.508629322052, Y=-5.16613626480103, Z=6.27025699615479) | HR=82 bpm | IBI=0 ms | Participant=P15
2350,IBI out of range,Row 2350 | Timestamp: 1712016570621 ms | PPG(Green=2328129, Red=2328129, Ir=2328129) | ACC(X=-5.48228359222412, Y=-5.21643257141113, Z=6.21756601333618) | HR=83 bpm | IBI=0 ms | Participant=P15
2351,IBI out of range,Row 2351 | Timestamp: 1712016570661 ms | PPG(Green=2329581, Red=2329581, Ir=2329581) | ACC(X=-5.48946857452393, Y=-5.07272911071777, Z=6.2439112663269) | HR=83 bpm | IBI=0 ms | Participant=P15
2352,IBI out of range,Row 2352 | Timestamp: 1712016570702 ms | PPG(Green=2331748, Red=2331748, Ir=2331748) | ACC(X=-5.54934501647949, Y=-5.11583995819092, Z=6.20319557189941) | HR=83 bpm | IBI=0 ms | Participant=P15
2353,IBI out of range,Row 2353 | Timestamp: 1712016570742 ms | PPG(Green=2333769, Red=2333769, Ir=2333769) | ACC(X=-5.59485149383545, Y=-5.10146951675415, Z=6.42114543914795) | HR=83 bpm | IBI=0 ms | Participant=P15
2354,IBI out of range,Row 2354 | Timestamp: 1712016570783 ms | PPG(Green=2335794, Red=2335794, Ir=2335794) | ACC(X=-5.52299976348877, Y=-5.11105012893677, Z=6.21277570724487) | HR=83 bpm | IBI=0 ms | Participant=P15
2355,IBI out of range,Row 2355 | Timestamp: 1712016570822 ms | PPG(Green=2338099, Red=2338099, Ir=2338099) | ACC(X=-5.55174016952515, Y=-5.19727182388306, Z=6.16247940063477) | HR=84 bpm | IBI=0 ms | Participant=P15
2356,IBI out of range,Row 2356 | Timestamp: 1712016570862 ms | PPG(Green=2340940, Red=2340940, Ir=2340940) | ACC(X=-5.56371545791626, Y=-5.09428453445435, Z=6.22235584259033) | HR=85 bpm | IBI=0 ms | Participant=P15
2357,IBI out of range,Row 2357 | Timestamp: 1712016570903 ms | PPG(Green=2342355, Red=2342355, Ir=2342355) | ACC(X=-5.63556718826294, Y=-5.13739538192749, Z=6.19840526580811) | HR=85 bpm | IBI=0 ms | Participant=P15
2358,IBI out of range,Row 2358 | Timestamp: 1712016570943 ms | PPG(Green=2337463, Red=2337463, Ir=2337463) | ACC(X=-5.51581430435181, Y=-5.19727182388306, Z=6.24870157241821) | HR=85 bpm | IBI=0 ms | Participant=P15
2359,IBI out of range,Row 2359 | Timestamp: 1712016570984 ms | PPG(Green=2330465, Red=2330465, Ir=2330465) | ACC(X=-5.47030830383301, Y=-5.14458084106445, Z=6.27265214920044) | HR=85 bpm | IBI=0 ms | Participant=P15
2360,IBI out of range,Row 2360 | Timestamp: 1712016571023 ms | PPG(Green=2326242, Red=2326242, Ir=2326242) | ACC(X=-5.50144386291504, Y=-5.08709955215454, Z=6.15768957138062) | HR=86 bpm | IBI=0 ms | Participant=P15
2361,IBI out of range,Row 2361 | Timestamp: 1712016571063 ms | PPG(Green=2324076, Red=2324076, Ir=2324076) | ACC(X=-5.56850576400757, Y=-5.1876916885376, Z=6.31336832046509) | HR=87 bpm | IBI=0 ms | Participant=P15
2362,IBI out of range,Row 2362 | Timestamp: 1712016571104 ms | PPG(Green=2322981, Red=2322981, Ir=2322981) | ACC(X=-5.546950340271, Y=-5.20685195922852, Z=6.35408401489258) | HR=88 bpm | IBI=0 ms | Participant=P15
2363,IBI out of range,Row 2363 | Timestamp: 1712016571144 ms | PPG(Green=2322881, Red=2322881, Ir=2322881) | ACC(X=-5.61640691757202, Y=-5.06075382232666, Z=6.09541797637939) | HR=88 bpm | IBI=0 ms | Participant=P15
2364,IBI out of range,Row 2364 | Timestamp: 1712016571185 ms | PPG(Green=2323521, Red=2323521, Ir=2323521) | ACC(X=-5.53257989883423, Y=-5.09188938140869, Z=6.13134384155273) | HR=88 bpm | IBI=0 ms | Participant=P15
2365,IBI out of range,Row 2365 | Timestamp: 1712016571224 ms | PPG(Green=2323759, Red=2323759, Ir=2323759) | ACC(X=-5.53976488113403, Y=-5.19966697692871, Z=6.29660272598267) | HR=89 bpm | IBI=0 ms | Participant=P15
2366,IBI out of range,Row 2366 | Timestamp: 1712016571265 ms | PPG(Green=2323651, Red=2323651, Ir=2323651) | ACC(X=-5.44635772705078, Y=-5.15895080566406, Z=6.31097316741943) | HR=88 bpm | IBI=0 ms | Participant=P15
2367,IBI out of range,Row 2367 | Timestamp: 1712016571305 ms | PPG(Green=2324142, Red=2324142, Ir=2324142) | ACC(X=-5.47270345687866, Y=-5.2331976890564, Z=6.28702259063721) | HR=87 bpm | IBI=0 ms | Participant=P15
2368,IBI out of range,Row 2368 | Timestamp: 1712016571345 ms | PPG(Green=2326056, Red=2326056, Ir=2326056) | ACC(X=-5.4655179977417, Y=-5.11583995819092, Z=6.18882513046265) | HR=86 bpm | IBI=0 ms | Participant=P15
2369,IBI out of range,Row 2369 | Timestamp: 1712016571386 ms | PPG(Green=2328545, Red=2328545, Ir=2328545) | ACC(X=-5.58766603469849, Y=-5.16374111175537, Z=6.22235584259033) | HR=84 bpm | IBI=0 ms | Participant=P15
2370,IBI out of range,Row 2370 | Timestamp: 1712016571425 ms | PPG(Green=2331078, Red=2331078, Ir=2331078) | ACC(X=-5.50383901596069, Y=-5.25475311279297, Z=6.18882513046265) | HR=83 bpm | IBI=0 ms | Participant=P15
2371,IBI out of range,Row 2371 | Timestamp: 1712016571466 ms | PPG(Green=2333315, Red=2333315, Ir=2333315) | ACC(X=-5.50623416900635, Y=-5.19008684158325, Z=6.2822322845459) | HR=82 bpm | IBI=0 ms | Participant=P15
2372,IBI out of range,Row 2372 | Timestamp: 1712016571506 ms | PPG(Green=2335745, Red=2335745, Ir=2335745) | ACC(X=-5.58287620544434, Y=-5.15416097640991, Z=6.17684984207153) | HR=81 bpm | IBI=0 ms | Participant=P15
2373,IBI out of range,Row 2373 | Timestamp: 1712016571546 ms | PPG(Green=2338718, Red=2338718, Ir=2338718) | ACC(X=-5.54216003417969, Y=-5.19727182388306, Z=6.16487455368042) | HR=81 bpm | IBI=0 ms | Participant=P15
2374,IBI out of range,Row 2374 | Timestamp: 1712016571587 ms | PPG(Green=2341820, Red=2341820, Ir=2341820) | ACC(X=-5.46072816848755, Y=-5.21403741836548, Z=6.2439112663269) | HR=80 bpm | IBI=0 ms | Participant=P15
2375,IBI out of range,Row 2375 | Timestamp: 1712016571627 ms | PPG(Green=2344036, Red=2344036, Ir=2344036) | ACC(X=-5.4128270149231, Y=-5.22122240066528, Z=6.23433113098145) | HR=80 bpm | IBI=0 ms | Participant=P15
2376,IBI out of range,Row 2376 | Timestamp: 1712016571667 ms | PPG(Green=2340872, Red=2340872, Ir=2340872) | ACC(X=-5.53736972808838, Y=-5.22122240066528, Z=6.27983713150024) | HR=81 bpm | IBI=0 ms | Participant=P15
2377,IBI out of range,Row 2377 | Timestamp: 1712016571707 ms | PPG(Green=2335149, Red=2335149, Ir=2335149) | ACC(X=-5.49665403366089, Y=-5.16853141784668, Z=6.20559072494507) | HR=80 bpm | IBI=0 ms | Participant=P15
2378,IBI out of range,Row 2378 | Timestamp: 1712016571748 ms | PPG(Green=2331737, Red=2331737, Ir=2331737) | ACC(X=-5.45593786239624, Y=-5.17332124710083, Z=6.21038055419922) | HR=80 bpm | IBI=0 ms | Participant=P15
2379,IBI out of range,Row 2379 | Timestamp: 1712016571788 ms | PPG(Green=2330068, Red=2330068, Ir=2330068) | ACC(X=-5.44875288009644, Y=-5.30265426635742, Z=6.21277570724487) | HR=79 bpm | IBI=0 ms | Participant=P15
2380,IBI out of range,Row 2380 | Timestamp: 1712016571828 ms | PPG(Green=2329112, Red=2329112, Ir=2329112) | ACC(X=-5.4655179977417, Y=-5.1948766708374, Z=6.34210872650146) | HR=79 bpm | IBI=0 ms | Participant=P15
2381,IBI out of range,Row 2381 | Timestamp: 1712016571868 ms | PPG(Green=2329121, Red=2329121, Ir=2329121) | ACC(X=-5.45354270935059, Y=-5.13021039962769, Z=6.25349187850952) | HR=80 bpm | IBI=0 ms | Participant=P15
2382,IBI out of range,Row 2382 | Timestamp: 1712016571909 ms | PPG(Green=2329717, Red=2329717, Ir=2329717) | ACC(X=-5.55892562866211, Y=-5.13500022888184, Z=6.14331912994385) | HR=79 bpm | IBI=0 ms | Participant=P15
2383,IBI out of range,Row 2383 | Timestamp: 1712016571949 ms | PPG(Green=2330324, Red=2330324, Ir=2330324) | ACC(X=-5.52778959274292, Y=-5.12063026428223, Z=6.19361543655396) | HR=80 bpm | IBI=0 ms | Participant=P15
2384,IBI out of range,Row 2384 | Timestamp: 1712016571990 ms | PPG(Green=2330624, Red=2330624, Ir=2330624) | ACC(X=-5.50383901596069, Y=-5.17332124710083, Z=6.17684984207153) | HR=81 bpm | IBI=0 ms | Participant=P15
2385,IBI out of range,Row 2385 | Timestamp: 1712016572029 ms | PPG(Green=2331177, Red=2331177, Ir=2331177) | ACC(X=-5.49425888061523, Y=-5.17811155319214, Z=6.19361543655396) | HR=81 bpm | IBI=0 ms | Participant=P15
2386,IBI out of range,Row 2386 | Timestamp: 1712016572069 ms | PPG(Green=2332798, Red=2332798, Ir=2332798) | ACC(X=-5.4176173210144, Y=-5.20445728302002, Z=6.27265214920044) | HR=81 bpm | IBI=0 ms | Participant=P15
2387,IBI out of range,Row 2387 | Timestamp: 1712016572110 ms | PPG(Green=2334939, Red=2334939, Ir=2334939) | ACC(X=-5.54934501647949, Y=-5.19008684158325, Z=6.28941774368286) | HR=82 bpm | IBI=0 ms | Participant=P15
2388,IBI out of range,Row 2388 | Timestamp: 1712016572150 ms | PPG(Green=2337230, Red=2337230, Ir=2337230) | ACC(X=-5.47270345687866, Y=-5.15655612945557, Z=6.27983713150024) | HR=82 bpm | IBI=0 ms | Participant=P15
2389,IBI out of range,Row 2389 | Timestamp: 1712016572191 ms | PPG(Green=2340017, Red=2340017, Ir=2340017) | ACC(X=-5.50144386291504, Y=-5.11105012893677, Z=6.24151659011841) | HR=82 bpm | IBI=0 ms | Participant=P15
2390,IBI out of range,Row 2390 | Timestamp: 1712016572231 ms | PPG(Green=2342555, Red=2342555, Ir=2342555) | ACC(X=-5.49425888061523, Y=-5.16853141784668, Z=6.16487455368042) | HR=82 bpm | IBI=0 ms | Participant=P15
2391,IBI out of range,Row 2391 | Timestamp: 1712016572271 ms | PPG(Green=2345070, Red=2345070, Ir=2345070) | ACC(X=-5.43677759170532, Y=-5.21643257141113, Z=6.28702259063721) | HR=82 bpm | IBI=0 ms | Participant=P15
2392,IBI out of range,Row 2392 | Timestamp: 1712016572311 ms | PPG(Green=2347875, Red=2347875, Ir=2347875) | ACC(X=-5.42240715026855, Y=-5.19727182388306, Z=6.30378770828247) | HR=82 bpm | IBI=0 ms | Participant=P15
2393,IBI out of range,Row 2393 | Timestamp: 1712016572351 ms | PPG(Green=2350201, Red=2350201, Ir=2350201) | ACC(X=-5.53018474578857, Y=-5.13021039962769, Z=6.17445468902588) | HR=82 bpm | IBI=0 ms | Participant=P15
2394,IBI out of range,Row 2394 | Timestamp: 1712016572392 ms | PPG(Green=2348333, Red=2348333, Ir=2348333) | ACC(X=-5.51341915130615, Y=-5.24756813049316, Z=6.24870157241821) | HR=82 bpm | IBI=0 ms | Participant=P15
2395,IBI out of range,Row 2395 | Timestamp: 1712016572432 ms | PPG(Green=2343506, Red=2343506, Ir=2343506) | ACC(X=-5.45114803314209, Y=-5.25954341888428, Z=6.25349187850952) | HR=82 bpm | IBI=0 ms | Participant=P15
2396,IBI out of range,Row 2396 | Timestamp: 1712016572472 ms | PPG(Green=2340123, Red=2340123, Ir=2340123) | ACC(X=-5.50144386291504, Y=-5.17332124710083, Z=6.2367262840271) | HR=82 bpm | IBI=0 ms | Participant=P15
2397,IBI out of range,Row 2397 | Timestamp: 1712016572512 ms | PPG(Green=2339056, Red=2339056, Ir=2339056) | ACC(X=-5.53257989883423, Y=-5.16374111175537, Z=6.25109672546387) | HR=83 bpm | IBI=0 ms | Participant=P15
2398,IBI out of range,Row 2398 | Timestamp: 1712016572552 ms | PPG(Green=2339047, Red=2339047, Ir=2339047) | ACC(X=-5.44156742095947, Y=-5.21403741836548, Z=6.25109672546387) | HR=83 bpm | IBI=0 ms | Participant=P15
2399,IBI out of range,Row 2399 | Timestamp: 1712016572594 ms | PPG(Green=2340104, Red=2340104, Ir=2340104) | ACC(X=-5.48946857452393, Y=-5.19966697692871, Z=6.25109672546387) | HR=82 bpm | IBI=0 ms | Participant=P15
2400,IBI out of range,Row 2400 | Timestamp: 1712016572640 ms | PPG(Green=2341140, Red=2341140, Ir=2341140) | ACC(X=-5.52778959274292, Y=-5.15176582336426, Z=6.18164014816284) | HR=82 bpm | IBI=0 ms | Participant=P15
2401,IBI out of range,Row 2401 | Timestamp: 1712016572680 ms | PPG(Green=2341591, Red=2341591, Ir=2341591) | ACC(X=-5.47749328613281, Y=-5.15895080566406, Z=6.27025699615479) | HR=82 bpm | IBI=0 ms | Participant=P15
2402,IBI out of range,Row 2402 | Timestamp: 1712016572720 ms | PPG(Green=2342172, Red=2342172, Ir=2342172) | ACC(X=-5.40564203262329, Y=-5.16374111175537, Z=6.29420757293701) | HR=82 bpm | IBI=0 ms | Participant=P15
2403,IBI out of range,Row 2403 | Timestamp: 1712016572760 ms | PPG(Green=2343013, Red=2343013, Ir=2343013) | ACC(X=-5.45593786239624, Y=-5.1038646697998, Z=6.21996068954468) | HR=82 bpm | IBI=0 ms | Participant=P15
2404,IBI out of range,Row 2404 | Timestamp: 1712016572801 ms | PPG(Green=2344534, Red=2344534, Ir=2344534) | ACC(X=-5.49425888061523, Y=-5.13979053497314, Z=6.23193597793579) | HR=82 bpm | IBI=0 ms | Participant=P15
2405,IBI out of range,Row 2405 | Timestamp: 1712016572841 ms | PPG(Green=2347211, Red=2347211, Ir=2347211) | ACC(X=-5.546950340271, Y=-5.15416097640991, Z=6.20559072494507) | HR=82 bpm | IBI=0 ms | Participant=P15
2406,IBI out of range,Row 2406 | Timestamp: 1712016572881 ms | PPG(Green=2349717, Red=2349717, Ir=2349717) | ACC(X=-5.50623416900635, Y=-5.11105012893677, Z=6.22714614868164) | HR=83 bpm | IBI=0 ms | Participant=P15
2407,IBI out of range,Row 2407 | Timestamp: 1712016572921 ms | PPG(Green=2352087, Red=2352087, Ir=2352087) | ACC(X=-5.51581430435181, Y=-5.06314897537231, Z=6.25828170776367) | HR=83 bpm | IBI=0 ms | Participant=P15
2408,IBI out of range,Row 2408 | Timestamp: 1712016572961 ms | PPG(Green=2354319, Red=2354319, Ir=2354319) | ACC(X=-5.52778959274292, Y=-5.17332124710083, Z=6.26067686080933) | HR=83 bpm | IBI=0 ms | Participant=P15
2409,IBI out of range,Row 2409 | Timestamp: 1712016573002 ms | PPG(Green=2356350, Red=2356350, Ir=2356350) | ACC(X=-5.49425888061523, Y=-5.15655612945557, Z=6.23433113098145) | HR=83 bpm | IBI=0 ms | Participant=P15
2410,IBI out of range,Row 2410 | Timestamp: 1712016573041 ms | PPG(Green=2358785, Red=2358785, Ir=2358785) | ACC(X=-5.44635772705078, Y=-5.12063026428223, Z=6.19601058959961) | HR=84 bpm | IBI=0 ms | Participant=P15
2411,IBI out of range,Row 2411 | Timestamp: 1712016573082 ms | PPG(Green=2361048, Red=2361048, Ir=2361048) | ACC(X=-5.59245634078979, Y=-5.18529653549194, Z=6.24151659011841) | HR=83 bpm | IBI=0 ms | Participant=P15
2412,IBI out of range,Row 2412 | Timestamp: 1712016573122 ms | PPG(Green=2360582, Red=2360582, Ir=2360582) | ACC(X=-5.50383901596069, Y=-5.16853141784668, Z=6.26067686080933) | HR=83 bpm | IBI=0 ms | Participant=P15
2413,IBI out of range,Row 2413 | Timestamp: 1712016573162 ms | PPG(Green=2355857, Red=2355857, Ir=2355857) | ACC(X=-5.48707389831543, Y=-5.21882724761963, Z=6.16966485977173) | HR=83 bpm | IBI=0 ms | Participant=P15
2414,IBI out of range,Row 2414 | Timestamp: 1712016573203 ms | PPG(Green=2352240, Red=2352240, Ir=2352240) | ACC(X=-5.49665403366089, Y=-5.16374111175537, Z=6.15289926528931) | HR=83 bpm | IBI=0 ms | Participant=P15
2415,IBI out of range,Row 2415 | Timestamp: 1712016573242 ms | PPG(Green=2351321, Red=2351321, Ir=2351321) | ACC(X=-5.50623416900635, Y=-5.26433372497559, Z=6.23193597793579) | HR=83 bpm | IBI=0 ms | Participant=P15
2416,IBI out of range,Row 2416 | Timestamp: 1712016573282 ms | PPG(Green=2351607, Red=2351607, Ir=2351607) | ACC(X=-5.47030830383301, Y=-5.16613626480103, Z=6.25588655471802) | HR=83 bpm | IBI=0 ms | Participant=P15
2417,IBI out of range,Row 2417 | Timestamp: 1712016573322 ms | PPG(Green=2352614, Red=2352614, Ir=2352614) | ACC(X=-5.52060461044312, Y=-5.13979053497314, Z=6.23433113098145) | HR=83 bpm | IBI=0 ms | Participant=P15
2418,IBI out of range,Row 2418 | Timestamp: 1712016573362 ms | PPG(Green=2353885, Red=2353885, Ir=2353885) | ACC(X=-5.5996413230896, Y=-5.26193857192993, Z=6.1457142829895) | HR=83 bpm | IBI=0 ms | Participant=P15
2419,IBI out of range,Row 2419 | Timestamp: 1712016573403 ms | PPG(Green=2354551, Red=2354551, Ir=2354551) | ACC(X=-5.53257989883423, Y=-5.12542009353638, Z=6.19840526580811) | HR=82 bpm | IBI=0 ms | Participant=P15
2420,IBI out of range,Row 2420 | Timestamp: 1712016573443 ms | PPG(Green=2354731, Red=2354731, Ir=2354731) | ACC(X=-5.44635772705078, Y=-5.15176582336426, Z=6.22714614868164) | HR=82 bpm | IBI=0 ms | Participant=P15
2421,IBI out of range,Row 2421 | Timestamp: 1712016573483 ms | PPG(Green=2355592, Red=2355592, Ir=2355592) | ACC(X=-5.51581430435181, Y=-5.17332124710083, Z=6.2822322845459) | HR=82 bpm | IBI=0 ms | Participant=P15
2422,IBI out of range,Row 2422 | Timestamp: 1712016573523 ms | PPG(Green=2357570, Red=2357570, Ir=2357570) | ACC(X=-5.53018474578857, Y=-5.18050670623779, Z=6.17206001281738) | HR=82 bpm | IBI=0 ms | Participant=P15
2423,IBI out of range,Row 2423 | Timestamp: 1712016573563 ms | PPG(Green=2360392, Red=2360392, Ir=2360392) | ACC(X=-5.51102447509766, Y=-5.16613626480103, Z=6.1840353012085) | HR=83 bpm | IBI=0 ms | Participant=P15
2424,IBI out of range,Row 2424 | Timestamp: 1712016573604 ms | PPG(Green=2363536, Red=2363536, Ir=2363536) | ACC(X=-5.46072816848755, Y=-5.12542009353638, Z=6.12894868850708) | HR=83 bpm | IBI=0 ms | Participant=P15
2425,IBI out of range,Row 2425 | Timestamp: 1712016573643 ms | PPG(Green=2366435, Red=2366435, Ir=2366435) | ACC(X=-5.50623416900635, Y=-5.08230924606323, Z=6.23912143707275) | HR=82 bpm | IBI=0 ms | Participant=P15
2426,IBI out of range,Row 2426 | Timestamp: 1712016573684 ms | PPG(Green=2368935, Red=2368935, Ir=2368935) | ACC(X=-5.50383901596069, Y=-5.21403741836548, Z=6.1840353012085) | HR=82 bpm | IBI=0 ms | Participant=P15
2427,IBI out of range,Row 2427 | Timestamp: 1712016573724 ms | PPG(Green=2371564, Red=2371564, Ir=2371564) | ACC(X=-5.4655179977417, Y=-5.16374111175537, Z=6.21038055419922) | HR=82 bpm | IBI=0 ms | Participant=P15
2428,IBI out of range,Row 2428 | Timestamp: 1712016573764 ms | PPG(Green=2374297, Red=2374297, Ir=2374297) | ACC(X=-5.53976488113403, Y=-5.22840785980225, Z=6.18882513046265) | HR=83 bpm | IBI=0 ms | Participant=P15
2429,IBI out of range,Row 2429 | Timestamp: 1712016573805 ms | PPG(Green=2376584, Red=2376584, Ir=2376584) | ACC(X=-5.54455518722534, Y=-5.20685195922852, Z=6.26307201385498) | HR=82 bpm | IBI=0 ms | Participant=P15
2430,IBI out of range,Row 2430 | Timestamp: 1712016573844 ms | PPG(Green=2375345, Red=2375345, Ir=2375345) | ACC(X=-5.51581430435181, Y=-5.24277782440186, Z=6.26786184310913) | HR=82 bpm | IBI=0 ms | Participant=P15
2431,IBI out of range,Row 2431 | Timestamp: 1712016573884 ms | PPG(Green=2371300, Red=2371300, Ir=2371300) | ACC(X=-5.44635772705078, Y=-5.15176582336426, Z=6.20080041885376) | HR=83 bpm | IBI=0 ms | Participant=P15
2432,IBI out of range,Row 2432 | Timestamp: 1712016573924 ms | PPG(Green=2369279, Red=2369279, Ir=2369279) | ACC(X=-5.54455518722534, Y=-5.15895080566406, Z=6.18642997741699) | HR=83 bpm | IBI=0 ms | Participant=P15
2433,IBI out of range,Row 2433 | Timestamp: 1712016573964 ms | PPG(Green=2369252, Red=2369252, Ir=2369252) | ACC(X=-5.53018474578857, Y=-5.16853141784668, Z=6.21038055419922) | HR=83 bpm | IBI=0 ms | Participant=P15
2434,IBI out of range,Row 2434 | Timestamp: 1712016574005 ms | PPG(Green=2370334, Red=2370334, Ir=2370334) | ACC(X=-5.53257989883423, Y=-5.23080253601074, Z=6.22235584259033) | HR=84 bpm | IBI=0 ms | Participant=P15
2435,IBI out of range,Row 2435 | Timestamp: 1712016574044 ms | PPG(Green=2372053, Red=2372053, Ir=2372053) | ACC(X=-5.49665403366089, Y=-5.13979053497314, Z=6.1840353012085) | HR=85 bpm | IBI=0 ms | Participant=P15
2436,IBI out of range,Row 2436 | Timestamp: 1712016574084 ms | PPG(Green=2373489, Red=2373489, Ir=2373489) | ACC(X=-5.49665403366089, Y=-5.1493706703186, Z=6.18642997741699) | HR=85 bpm | IBI=0 ms | Participant=P15
2437,IBI out of range,Row 2437 | Timestamp: 1712016574124 ms | PPG(Green=2374145, Red=2374145, Ir=2374145) | ACC(X=-5.52299976348877, Y=-5.14697551727295, Z=6.22954130172729) | HR=86 bpm | IBI=0 ms | Participant=P15
2438,IBI out of range,Row 2438 | Timestamp: 1712016574165 ms | PPG(Green=2374581, Red=2374581, Ir=2374581) | ACC(X=-5.45593786239624, Y=-5.17571640014648, Z=6.16008472442627) | HR=86 bpm | IBI=0 ms | Participant=P15
2439,IBI out of range,Row 2439 | Timestamp: 1712016574205 ms | PPG(Green=2375685, Red=2375685, Ir=2375685) | ACC(X=-5.45114803314209, Y=-5.12542009353638, Z=6.23433113098145) | HR=87 bpm | IBI=0 ms | Participant=P15
2440,IBI out of range,Row 2440 | Timestamp: 1712016574245 ms | PPG(Green=2377714, Red=2377714, Ir=2377714) | ACC(X=-5.54216003417969, Y=-5.13500022888184, Z=6.2367262840271) | HR=88 bpm | IBI=0 ms | Participant=P15
2441,IBI out of range,Row 2441 | Timestamp: 1712016574285 ms | PPG(Green=2380106, Red=2380106, Ir=2380106) | ACC(X=-5.45114803314209, Y=-5.17811155319214, Z=6.22954130172729) | HR=88 bpm | IBI=0 ms | Participant=P15
2442,IBI out of range,Row 2442 | Timestamp: 1712016574325 ms | PPG(Green=2382701, Red=2382701, Ir=2382701) | ACC(X=-5.46072816848755, Y=-5.05835866928101, Z=6.25349187850952) | HR=88 bpm | IBI=0 ms | Participant=P15
2443,IBI out of range,Row 2443 | Timestamp: 1712016574365 ms | PPG(Green=2385073, Red=2385073, Ir=2385073) | ACC(X=-5.54455518722534, Y=-5.20206212997437, Z=6.11936855316162) | HR=89 bpm | IBI=0 ms | Participant=P15
2444,IBI out of range,Row 2444 | Timestamp: 1712016574406 ms | PPG(Green=2387591, Red=2387591, Ir=2387591) | ACC(X=-5.48467874526978, Y=-5.22122240066528, Z=6.1912202835083) | HR=89 bpm | IBI=0 ms | Participant=P15
2445,IBI out of range,Row 2445 | Timestamp: 1712016574445 ms | PPG(Green=2390197, Red=2390197, Ir=2390197) | ACC(X=-5.4200119972229, Y=-5.18290138244629, Z=6.22475099563599) | HR=89 bpm | IBI=0 ms | Participant=P15
2446,IBI out of range,Row 2446 | Timestamp: 1712016574485 ms | PPG(Green=2392611, Red=2392611, Ir=2392611) | ACC(X=-5.56611061096191, Y=-5.16853141784668, Z=6.14810943603516) | HR=90 bpm | IBI=0 ms | Participant=P15
2447,IBI out of range,Row 2447 | Timestamp: 1712016574525 ms | PPG(Green=2393331, Red=2393331, Ir=2393331) | ACC(X=-5.49665403366089, Y=-5.22840785980225, Z=6.34210872650146) | HR=90 bpm | IBI=0 ms | Participant=P15
2448,IBI out of range,Row 2448 | Timestamp: 1712016574565 ms | PPG(Green=2389724, Red=2389724, Ir=2389724) | ACC(X=-5.47030830383301, Y=-5.19008684158325, Z=6.29181241989136) | HR=90 bpm | IBI=0 ms | Participant=P15
2449,IBI out of range,Row 2449 | Timestamp: 1712016574606 ms | PPG(Green=2386324, Red=2386324, Ir=2386324) | ACC(X=-5.49186372756958, Y=-5.11823511123657, Z=6.1002082824707) | HR=90 bpm | IBI=0 ms | Participant=P15
2450,IBI out of range,Row 2450 | Timestamp: 1712016574646 ms | PPG(Green=2385635, Red=2385635, Ir=2385635) | ACC(X=-5.53736972808838, Y=-5.21403741836548, Z=6.21996068954468) | HR=90 bpm | IBI=0 ms | Participant=P15
2451,IBI out of range,Row 2451 | Timestamp: 1712016574685 ms | PPG(Green=2386472, Red=2386472, Ir=2386472) | ACC(X=-5.57329559326172, Y=-5.20445728302002, Z=6.25349187850952) | HR=91 bpm | IBI=0 ms | Participant=P15
2452,IBI out of range,Row 2452 | Timestamp: 1712016574726 ms | PPG(Green=2387788, Red=2387788, Ir=2387788) | ACC(X=-5.44396257400513, Y=-5.19966697692871, Z=6.16247940063477) | HR=88 bpm | IBI=0 ms | Participant=P15
2453,IBI out of range,Row 2453 | Timestamp: 1712016574766 ms | PPG(Green=2389187, Red=2389187, Ir=2389187) | ACC(X=-5.44875288009644, Y=-5.21643257141113, Z=6.21517086029053) | HR=88 bpm | IBI=0 ms | Participant=P15
2454,IBI out of range,Row 2454 | Timestamp: 1712016574807 ms | PPG(Green=2389827, Red=2389827, Ir=2389827) | ACC(X=-5.59245634078979, Y=-5.1876916885376, Z=6.21277570724487) | HR=90 bpm | IBI=0 ms | Participant=P15
2455,IBI out of range,Row 2455 | Timestamp: 1712016574846 ms | PPG(Green=2390287, Red=2390287, Ir=2390287) | ACC(X=-5.4631233215332, Y=-5.14697551727295, Z=6.25109672546387) | HR=92 bpm | IBI=0 ms | Participant=P15
2456,HeartRate out of range,Row 2456 | Timestamp: 1712016574886 ms | PPG(Green=2391426, Red=2391426, Ir=2391426) | ACC(X=-5.49665403366089, Y=-5.20685195922852, Z=6.17924499511719) | HR=0 bpm | IBI=0 ms | Participant=P15
2457,HeartRate out of range,Row 2457 | Timestamp: 1712016574926 ms | PPG(Green=2393036, Red=2393036, Ir=2393036) | ACC(X=-5.49665403366089, Y=-5.11823511123657, Z=6.20080041885376) | HR=0 bpm | IBI=0 ms | Participant=P15
2458,HeartRate out of range,Row 2458 | Timestamp: 1712016574966 ms | PPG(Green=2395046, Red=2395046, Ir=2395046) | ACC(X=-5.4631233215332, Y=-5.19248199462891, Z=6.2367262840271) | HR=0 bpm | IBI=0 ms | Participant=P15
2459,HeartRate out of range,Row 2459 | Timestamp: 1712016575007 ms | PPG(Green=2397241, Red=2397241, Ir=2397241) | ACC(X=-5.49904918670654, Y=-5.1493706703186, Z=6.23912143707275) | HR=0 bpm | IBI=0 ms | Participant=P15
2460,HeartRate out of range,Row 2460 | Timestamp: 1712016575046 ms | PPG(Green=2399530, Red=2399530, Ir=2399530) | ACC(X=-5.51820945739746, Y=-5.15655612945557, Z=6.12894868850708) | HR=0 bpm | IBI=0 ms | Participant=P15
2461,HeartRate out of range,Row 2461 | Timestamp: 1712016575087 ms | PPG(Green=2401679, Red=2401679, Ir=2401679) | ACC(X=-5.5541353225708, Y=-5.19248199462891, Z=6.22714614868164) | HR=0 bpm | IBI=0 ms | Participant=P15
2462,HeartRate out of range,Row 2462 | Timestamp: 1712016575127 ms | PPG(Green=2404164, Red=2404164, Ir=2404164) | ACC(X=-5.49425888061523, Y=-5.12781524658203, Z=6.19840526580811) | HR=0 bpm | IBI=0 ms | Participant=P15
2463,HeartRate out of range,Row 2463 | Timestamp: 1712016575167 ms | PPG(Green=2406493, Red=2406493, Ir=2406493) | ACC(X=-5.53497505187988, Y=-5.19966697692871, Z=6.24630641937256) | HR=0 bpm | IBI=0 ms | Participant=P15
2464,HeartRate out of range,Row 2464 | Timestamp: 1712016575208 ms | PPG(Green=2407580, Red=2407580, Ir=2407580) | ACC(X=-5.49186372756958, Y=-5.15416097640991, Z=6.21996068954468) | HR=0 bpm | IBI=0 ms | Participant=P15
2465,HeartRate out of range,Row 2465 | Timestamp: 1712016575247 ms | PPG(Green=2404627, Red=2404627, Ir=2404627) | ACC(X=-5.52060461044312, Y=-5.23559284210205, Z=6.22954130172729) | HR=0 bpm | IBI=0 ms | Participant=P15
2466,HeartRate out of range,Row 2466 | Timestamp: 1712016575287 ms | PPG(Green=2400840, Red=2400840, Ir=2400840) | ACC(X=-5.49904918670654, Y=-5.17092609405518, Z=6.16247940063477) | HR=0 bpm | IBI=0 ms | Participant=P15
2467,HeartRate out of range,Row 2467 | Timestamp: 1712016575327 ms | PPG(Green=2399504, Red=2399504, Ir=2399504) | ACC(X=-5.51820945739746, Y=-5.22122240066528, Z=6.23912143707275) | HR=0 bpm | IBI=0 ms | Participant=P15
2468,HeartRate out of range,Row 2468 | Timestamp: 1712016575367 ms | PPG(Green=2399939, Red=2399939, Ir=2399939) | ACC(X=-5.508629322052, Y=-5.18050670623779, Z=6.27744245529175) | HR=0 bpm | IBI=0 ms | Participant=P15
2469,HeartRate out of range,Row 2469 | Timestamp: 1712016575408 ms | PPG(Green=2401167, Red=2401167, Ir=2401167) | ACC(X=-5.52299976348877, Y=-5.17811155319214, Z=6.15289926528931) | HR=0 bpm | IBI=0 ms | Participant=P15
2470,HeartRate out of range,Row 2470 | Timestamp: 1712016575447 ms | PPG(Green=2402652, Red=2402652, Ir=2402652) | ACC(X=-5.50144386291504, Y=-5.20206212997437, Z=6.26786184310913) | HR=0 bpm | IBI=0 ms | Participant=P15
2471,HeartRate out of range,Row 2471 | Timestamp: 1712016575488 ms | PPG(Green=2403640, Red=2403640, Ir=2403640) | ACC(X=-5.47509860992432, Y=-5.17571640014648, Z=6.22954130172729) | HR=0 bpm | IBI=0 ms | Participant=P15
2472,HeartRate out of range,Row 2472 | Timestamp: 1712016575528 ms | PPG(Green=2403835, Red=2403835, Ir=2403835) | ACC(X=-5.50623416900635, Y=-5.1038646697998, Z=6.19361543655396) | HR=0 bpm | IBI=0 ms | Participant=P15
2473,HeartRate out of range,Row 2473 | Timestamp: 1712016575568 ms | PPG(Green=2404371, Red=2404371, Ir=2404371) | ACC(X=-5.4176173210144, Y=-5.22840785980225, Z=6.27025699615479) | HR=0 bpm | IBI=0 ms | Participant=P15
2474,HeartRate out of range,Row 2474 | Timestamp: 1712016575609 ms | PPG(Green=2405565, Red=2405565, Ir=2405565) | ACC(X=-5.44396257400513, Y=-5.21164226531982, Z=6.18642997741699) | HR=0 bpm | IBI=0 ms | Participant=P15
2475,HeartRate out of range,Row 2475 | Timestamp: 1712016575648 ms | PPG(Green=2407384, Red=2407384, Ir=2407384) | ACC(X=-5.50623416900635, Y=-5.2331976890564, Z=6.20559072494507) | HR=0 bpm | IBI=0 ms | Participant=P15
2476,HeartRate out of range,Row 2476 | Timestamp: 1712016575688 ms | PPG(Green=2409652, Red=2409652, Ir=2409652) | ACC(X=-5.49425888061523, Y=-5.13500022888184, Z=6.26786184310913) | HR=0 bpm | IBI=0 ms | Participant=P15
2477,HeartRate out of range,Row 2477 | Timestamp: 1712016575728 ms | PPG(Green=2411727, Red=2411727, Ir=2411727) | ACC(X=-5.61880159378052, Y=-5.15176582336426, Z=6.18882513046265) | HR=0 bpm | IBI=0 ms | Participant=P15
2478,HeartRate out of range,Row 2478 | Timestamp: 1712016575768 ms | PPG(Green=2413697, Red=2413697, Ir=2413697) | ACC(X=-5.43917274475098, Y=-5.18529653549194, Z=6.20559072494507) | HR=0 bpm | IBI=0 ms | Participant=P15
2479,HeartRate out of range,Row 2479 | Timestamp: 1712016575809 ms | PPG(Green=2415976, Red=2415976, Ir=2415976) | ACC(X=-5.41043186187744, Y=-5.19966697692871, Z=6.22714614868164) | HR=0 bpm | IBI=0 ms | Participant=P15
2480,HeartRate out of range,Row 2480 | Timestamp: 1712016575848 ms | PPG(Green=2417973, Red=2417973, Ir=2417973) | ACC(X=-5.51820945739746, Y=-5.21164226531982, Z=6.17445468902588) | HR=0 bpm | IBI=0 ms | Participant=P15
2481,HeartRate out of range,Row 2481 | Timestamp: 1712016575888 ms | PPG(Green=2418686, Red=2418686, Ir=2418686) | ACC(X=-5.47270345687866, Y=-5.21882724761963, Z=6.27744245529175) | HR=0 bpm | IBI=0 ms | Participant=P15
2482,IBI out of range,Row 2482 | Timestamp: 1712016575929 ms | PPG(Green=2415625, Red=2415625, Ir=2415625) | ACC(X=-5.44635772705078, Y=-5.16613626480103, Z=6.26546716690063) | HR=93 bpm | IBI=0 ms | Participant=P15
2483,IBI out of range,Row 2483 | Timestamp: 1712016575969 ms | PPG(Green=2412076, Red=2412076, Ir=2412076) | ACC(X=-5.43438243865967, Y=-5.11823511123657, Z=6.21517086029053) | HR=92 bpm | IBI=0 ms | Participant=P15
2484,IBI out of range,Row 2484 | Timestamp: 1712016576009 ms | PPG(Green=2410873, Red=2410873, Ir=2410873) | ACC(X=-5.48946857452393, Y=-5.20685195922852, Z=6.19840526580811) | HR=91 bpm | IBI=0 ms | Participant=P15
2485,IBI out of range,Row 2485 | Timestamp: 1712016576049 ms | PPG(Green=2411425, Red=2411425, Ir=2411425) | ACC(X=-5.46791315078735, Y=-5.15176582336426, Z=6.25588655471802) | HR=91 bpm | IBI=0 ms | Participant=P15
2486,IBI out of range,Row 2486 | Timestamp: 1712016576089 ms | PPG(Green=2412472, Red=2412472, Ir=2412472) | ACC(X=-5.54216003417969, Y=-5.14697551727295, Z=6.21517086029053) | HR=90 bpm | IBI=0 ms | Participant=P15
2487,IBI out of range,Row 2487 | Timestamp: 1712016576129 ms | PPG(Green=2413846, Red=2413846, Ir=2413846) | ACC(X=-5.56132030487061, Y=-5.15895080566406, Z=6.1912202835083) | HR=90 bpm | IBI=0 ms | Participant=P15
2488,IBI out of range,Row 2488 | Timestamp: 1712016576169 ms | PPG(Green=2414503, Red=2414503, Ir=2414503) | ACC(X=-5.44156742095947, Y=-5.18529653549194, Z=6.27504730224609) | HR=90 bpm | IBI=0 ms | Participant=P15
2489,IBI out of range,Row 2489 | Timestamp: 1712016576210 ms | PPG(Green=2414554, Red=2414554, Ir=2414554) | ACC(X=-5.49425888061523, Y=-5.16374111175537, Z=6.19601058959961) | HR=90 bpm | IBI=0 ms | Participant=P15
2490,HeartRate out of range,Row 2490 | Timestamp: 1712016576249 ms | PPG(Green=2414802, Red=2414802, Ir=2414802) | ACC(X=-5.4176173210144, Y=-5.18290138244629, Z=6.18882513046265) | HR=0 bpm | IBI=0 ms | Participant=P15
2491,IBI out of range,Row 2491 | Timestamp: 1712016576289 ms | PPG(Green=2415863, Red=2415863, Ir=2415863) | ACC(X=-5.48228359222412, Y=-5.12781524658203, Z=6.22714614868164) | HR=91 bpm | IBI=0 ms | Participant=P15
2492,IBI out of range,Row 2492 | Timestamp: 1712016576330 ms | PPG(Green=2417491, Red=2417491, Ir=2417491) | ACC(X=-5.54216003417969, Y=-5.19966697692871, Z=6.26307201385498) | HR=91 bpm | IBI=0 ms | Participant=P15
2493,IBI out of range,Row 2493 | Timestamp: 1712016576370 ms | PPG(Green=2419175, Red=2419175, Ir=2419175) | ACC(X=-5.54455518722534, Y=-5.16613626480103, Z=6.24151659011841) | HR=91 bpm | IBI=0 ms | Participant=P15
2494,IBI out of range,Row 2494 | Timestamp: 1712016576410 ms | PPG(Green=2421149, Red=2421149, Ir=2421149) | ACC(X=-5.51820945739746, Y=-5.1038646697998, Z=6.17206001281738) | HR=91 bpm | IBI=0 ms | Participant=P15
2495,IBI out of range,Row 2495 | Timestamp: 1712016576450 ms | PPG(Green=2422988, Red=2422988, Ir=2422988) | ACC(X=-5.50623416900635, Y=-5.18529653549194, Z=6.24870157241821) | HR=92 bpm | IBI=0 ms | Participant=P15
2496,IBI out of range,Row 2496 | Timestamp: 1712016576490 ms | PPG(Green=2424800, Red=2424800, Ir=2424800) | ACC(X=-5.508629322052, Y=-5.1421856880188, Z=6.21277570724487) | HR=92 bpm | IBI=0 ms | Participant=P15
2497,IBI out of range,Row 2497 | Timestamp: 1712016576530 ms | PPG(Green=2426344, Red=2426344, Ir=2426344) | ACC(X=-5.49904918670654, Y=-5.18290138244629, Z=6.21038055419922) | HR=92 bpm | IBI=0 ms | Participant=P15
2498,IBI out of range,Row 2498 | Timestamp: 1712016576570 ms | PPG(Green=2426171, Red=2426171, Ir=2426171) | ACC(X=-5.49186372756958, Y=-5.17332124710083, Z=6.26307201385498) | HR=92 bpm | IBI=0 ms | Participant=P15
2499,IBI out of range,Row 2499 | Timestamp: 1712016576611 ms | PPG(Green=2422176, Red=2422176, Ir=2422176) | ACC(X=-5.53976488113403, Y=-5.10865497589111, Z=6.22475099563599) | HR=92 bpm | IBI=0 ms | Participant=P15
2500,IBI out of range,Row 2500 | Timestamp: 1712016576651 ms | PPG(Green=2418682, Red=2418682, Ir=2418682) | ACC(X=-5.50144386291504, Y=-5.19966697692871, Z=6.23193597793579) | HR=91 bpm | IBI=0 ms | Participant=P15
2501,IBI out of range,Row 2501 | Timestamp: 1712016576691 ms | PPG(Green=2417677, Red=2417677, Ir=2417677) | ACC(X=-5.48707389831543, Y=-5.15655612945557, Z=6.26307201385498) | HR=91 bpm | IBI=0 ms | Participant=P15
2502,IBI out of range,Row 2502 | Timestamp: 1712016576731 ms | PPG(Green=2417955, Red=2417955, Ir=2417955) | ACC(X=-5.61640691757202, Y=-5.15895080566406, Z=6.16247940063477) | HR=90 bpm | IBI=0 ms | Participant=P15
2503,IBI out of range,Row 2503 | Timestamp: 1712016576771 ms | PPG(Green=2419025, Red=2419025, Ir=2419025) | ACC(X=-5.55653047561646, Y=-5.13739538192749, Z=6.13134384155273) | HR=89 bpm | IBI=0 ms | Participant=P15
2504,IBI out of range,Row 2504 | Timestamp: 1712016576812 ms | PPG(Green=2419726, Red=2419726, Ir=2419726) | ACC(X=-5.51341915130615, Y=-5.06314897537231, Z=6.27744245529175) | HR=89 bpm | IBI=0 ms | Participant=P15
2505,IBI out of range,Row 2505 | Timestamp: 1712016576851 ms | PPG(Green=2419825, Red=2419825, Ir=2419825) | ACC(X=-5.53497505187988, Y=-5.16374111175537, Z=6.16487455368042) | HR=88 bpm | IBI=0 ms | Participant=P15
2506,IBI out of range,Row 2506 | Timestamp: 1712016576891 ms | PPG(Green=2419236, Red=2419236, Ir=2419236) | ACC(X=-5.4655179977417, Y=-5.16613626480103, Z=6.22954130172729) | HR=88 bpm | IBI=0 ms | Participant=P15
2507,IBI out of range,Row 2507 | Timestamp: 1712016576931 ms | PPG(Green=2419529, Red=2419529, Ir=2419529) | ACC(X=-5.48707389831543, Y=-5.12302541732788, Z=6.20080041885376) | HR=88 bpm | IBI=0 ms | Participant=P15
2508,IBI out of range,Row 2508 | Timestamp: 1712016576971 ms | PPG(Green=2420665, Red=2420665, Ir=2420665) | ACC(X=-5.49425888061523, Y=-5.17332124710083, Z=6.18164014816284) | HR=89 bpm | IBI=0 ms | Participant=P15
2509,IBI out of range,Row 2509 | Timestamp: 1712016577012 ms | PPG(Green=2422099, Red=2422099, Ir=2422099) | ACC(X=-5.52778959274292, Y=-5.13500022888184, Z=6.27025699615479) | HR=89 bpm | IBI=0 ms | Participant=P15
2510,IBI out of range,Row 2510 | Timestamp: 1712016577052 ms | PPG(Green=2423847, Red=2423847, Ir=2423847) | ACC(X=-5.53976488113403, Y=-5.25475311279297, Z=6.2439112663269) | HR=90 bpm | IBI=0 ms | Participant=P15
2511,IBI out of range,Row 2511 | Timestamp: 1712016577092 ms | PPG(Green=2425534, Red=2425534, Ir=2425534) | ACC(X=-5.50144386291504, Y=-5.18529653549194, Z=6.20798587799072) | HR=90 bpm | IBI=0 ms | Participant=P15
2512,IBI out of range,Row 2512 | Timestamp: 1712016577132 ms | PPG(Green=2427203, Red=2427203, Ir=2427203) | ACC(X=-5.52060461044312, Y=-5.17092609405518, Z=6.16008472442627) | HR=91 bpm | IBI=0 ms | Participant=P15
2513,IBI out of range,Row 2513 | Timestamp: 1712016577172 ms | PPG(Green=2428897, Red=2428897, Ir=2428897) | ACC(X=-5.53257989883423, Y=-5.1876916885376, Z=6.20080041885376) | HR=91 bpm | IBI=0 ms | Participant=P15
2514,IBI out of range,Row 2514 | Timestamp: 1712016577213 ms | PPG(Green=2429681, Red=2429681, Ir=2429681) | ACC(X=-5.53257989883423, Y=-5.16374111175537, Z=6.2822322845459) | HR=92 bpm | IBI=0 ms | Participant=P15
2515,IBI out of range,Row 2515 | Timestamp: 1712016577252 ms | PPG(Green=2426636, Red=2426636, Ir=2426636) | ACC(X=-5.45593786239624, Y=-5.15176582336426, Z=6.26546716690063) | HR=93 bpm | IBI=0 ms | Participant=P15
2516,IBI out of range,Row 2516 | Timestamp: 1712016577292 ms | PPG(Green=2422830, Red=2422830, Ir=2422830) | ACC(X=-5.51820945739746, Y=-5.1421856880188, Z=6.19361543655396) | HR=94 bpm | IBI=0 ms | Participant=P15
2517,IBI out of range,Row 2517 | Timestamp: 1712016577332 ms | PPG(Green=2421156, Red=2421156, Ir=2421156) | ACC(X=-5.6068263053894, Y=-5.24517297744751, Z=6.21756601333618) | HR=95 bpm | IBI=0 ms | Participant=P15
2518,IBI out of range,Row 2518 | Timestamp: 1712016577372 ms | PPG(Green=2421341, Red=2421341, Ir=2421341) | ACC(X=-5.43438243865967, Y=-5.17092609405518, Z=6.19601058959961) | HR=96 bpm | IBI=0 ms | Participant=P15
2519,IBI out of range,Row 2519 | Timestamp: 1712016577413 ms | PPG(Green=2422059, Red=2422059, Ir=2422059) | ACC(X=-5.53018474578857, Y=-5.20445728302002, Z=6.22475099563599) | HR=97 bpm | IBI=0 ms | Participant=P15
2520,IBI out of range,Row 2520 | Timestamp: 1712016577453 ms | PPG(Green=2422965, Red=2422965, Ir=2422965) | ACC(X=-5.55892562866211, Y=-5.1493706703186, Z=6.2439112663269) | HR=98 bpm | IBI=0 ms | Participant=P15
2521,IBI out of range,Row 2521 | Timestamp: 1712016577493 ms | PPG(Green=2423228, Red=2423228, Ir=2423228) | ACC(X=-5.50623416900635, Y=-5.14458084106445, Z=6.25588655471802) | HR=99 bpm | IBI=0 ms | Participant=P15
2522,IBI out of range,Row 2522 | Timestamp: 1712016577533 ms | PPG(Green=2423121, Red=2423121, Ir=2423121) | ACC(X=-5.46072816848755, Y=-5.16853141784668, Z=6.25349187850952) | HR=100 bpm | IBI=0 ms | Participant=P15
2523,IBI out of range,Row 2523 | Timestamp: 1712016577573 ms | PPG(Green=2423021, Red=2423021, Ir=2423021) | ACC(X=-5.51341915130615, Y=-5.20206212997437, Z=6.20559072494507) | HR=100 bpm | IBI=0 ms | Participant=P15
2524,IBI out of range,Row 2524 | Timestamp: 1712016577614 ms | PPG(Green=2423731, Red=2423731, Ir=2423731) | ACC(X=-5.54455518722534, Y=-5.25714826583862, Z=6.20798587799072) | HR=100 bpm | IBI=0 ms | Participant=P15
2525,IBI out of range,Row 2525 | Timestamp: 1712016577653 ms | PPG(Green=2425169, Red=2425169, Ir=2425169) | ACC(X=-5.56850576400757, Y=-5.11583995819092, Z=6.21517086029053) | HR=99 bpm | IBI=0 ms | Participant=P15
2526,IBI out of range,Row 2526 | Timestamp: 1712016577693 ms | PPG(Green=2426834, Red=2426834, Ir=2426834) | ACC(X=-5.57090091705322, Y=-5.1038646697998, Z=6.24630641937256) | HR=97 bpm | IBI=0 ms | Participant=P15
2527,IBI out of range,Row 2527 | Timestamp: 1712016577733 ms | PPG(Green=2428534, Red=2428534, Ir=2428534) | ACC(X=-5.54455518722534, Y=-5.17571640014648, Z=6.24630641937256) | HR=96 bpm | IBI=0 ms | Participant=P15
2528,IBI out of range,Row 2528 | Timestamp: 1712016577774 ms | PPG(Green=2430170, Red=2430170, Ir=2430170) | ACC(X=-5.49904918670654, Y=-5.08470439910889, Z=6.20559072494507) | HR=94 bpm | IBI=0 ms | Participant=P15
2529,IBI out of range,Row 2529 | Timestamp: 1712016577814 ms | PPG(Green=2431909, Red=2431909, Ir=2431909) | ACC(X=-5.52778959274292, Y=-5.13739538192749, Z=6.17924499511719) | HR=93 bpm | IBI=0 ms | Participant=P15
2530,IBI out of range,Row 2530 | Timestamp: 1712016577854 ms | PPG(Green=2432878, Red=2432878, Ir=2432878) | ACC(X=-5.51581430435181, Y=-5.20206212997437, Z=6.27983713150024) | HR=92 bpm | IBI=0 ms | Participant=P15
2531,IBI out of range,Row 2531 | Timestamp: 1712016577894 ms | PPG(Green=2429822, Red=2429822, Ir=2429822) | ACC(X=-5.51341915130615, Y=-5.17332124710083, Z=6.20080041885376) | HR=91 bpm | IBI=0 ms | Participant=P15
2532,IBI out of range,Row 2532 | Timestamp: 1712016577934 ms | PPG(Green=2424846, Red=2424846, Ir=2424846) | ACC(X=-5.4583330154419, Y=-5.14458084106445, Z=6.16247940063477) | HR=91 bpm | IBI=0 ms | Participant=P15
2533,IBI out of range,Row 2533 | Timestamp: 1712016577974 ms | PPG(Green=2422144, Red=2422144, Ir=2422144) | ACC(X=-5.51341915130615, Y=-5.23080253601074, Z=6.21996068954468) | HR=92 bpm | IBI=0 ms | Participant=P15
2534,IBI out of range,Row 2534 | Timestamp: 1712016578015 ms | PPG(Green=2421380, Red=2421380, Ir=2421380) | ACC(X=-5.51341915130615, Y=-5.16134595870972, Z=6.24151659011841) | HR=93 bpm | IBI=0 ms | Participant=P15
2535,IBI out of range,Row 2535 | Timestamp: 1712016578054 ms | PPG(Green=2421515, Red=2421515, Ir=2421515) | ACC(X=-5.50623416900635, Y=-5.14697551727295, Z=6.19840526580811) | HR=93 bpm | IBI=0 ms | Participant=P15
2536,IBI out of range,Row 2536 | Timestamp: 1712016578095 ms | PPG(Green=2422150, Red=2422150, Ir=2422150) | ACC(X=-5.52539443969727, Y=-5.16853141784668, Z=6.24870157241821) | HR=93 bpm | IBI=0 ms | Participant=P15
2537,IBI out of range,Row 2537 | Timestamp: 1712016578135 ms | PPG(Green=2422156, Red=2422156, Ir=2422156) | ACC(X=-5.52299976348877, Y=-5.19008684158325, Z=6.2439112663269) | HR=92 bpm | IBI=0 ms | Participant=P15
2538,IBI out of range,Row 2538 | Timestamp: 1712016578175 ms | PPG(Green=2421495, Red=2421495, Ir=2421495) | ACC(X=-5.47030830383301, Y=-5.25714826583862, Z=6.19840526580811) | HR=91 bpm | IBI=0 ms | Participant=P15
2539,IBI out of range,Row 2539 | Timestamp: 1712016578216 ms | PPG(Green=2421110, Red=2421110, Ir=2421110) | ACC(X=-5.52539443969727, Y=-5.16134595870972, Z=6.21756601333618) | HR=90 bpm | IBI=0 ms | Participant=P15
2540,IBI out of range,Row 2540 | Timestamp: 1712016578255 ms | PPG(Green=2421428, Red=2421428, Ir=2421428) | ACC(X=-5.61161661148071, Y=-5.13260555267334, Z=6.22954130172729) | HR=90 bpm | IBI=0 ms | Participant=P15
2541,IBI out of range,Row 2541 | Timestamp: 1712016578295 ms | PPG(Green=2422374, Red=2422374, Ir=2422374) | ACC(X=-5.52539443969727, Y=-5.11823511123657, Z=6.2439112663269) | HR=90 bpm | IBI=0 ms | Participant=P15
2542,IBI out of range,Row 2542 | Timestamp: 1712016578335 ms | PPG(Green=2423746, Red=2423746, Ir=2423746) | ACC(X=-5.546950340271, Y=-5.16134595870972, Z=6.24870157241821) | HR=90 bpm | IBI=0 ms | Participant=P15
2543,IBI out of range,Row 2543 | Timestamp: 1712016578375 ms | PPG(Green=2425144, Red=2425144, Ir=2425144) | ACC(X=-5.54455518722534, Y=-5.15176582336426, Z=6.18164014816284) | HR=90 bpm | IBI=0 ms | Participant=P15
2544,IBI out of range,Row 2544 | Timestamp: 1712016578416 ms | PPG(Green=2426597, Red=2426597, Ir=2426597) | ACC(X=-5.45114803314209, Y=-5.17811155319214, Z=6.21517086029053) | HR=90 bpm | IBI=0 ms | Participant=P15
2545,IBI out of range,Row 2545 | Timestamp: 1712016578456 ms | PPG(Green=2428255, Red=2428255, Ir=2428255) | ACC(X=-5.51341915130615, Y=-5.12302541732788, Z=6.15529441833496) | HR=89 bpm | IBI=0 ms | Participant=P15
2546,IBI out of range,Row 2546 | Timestamp: 1712016578496 ms | PPG(Green=2429492, Red=2429492, Ir=2429492) | ACC(X=-5.57329559326172, Y=-5.19966697692871, Z=6.16726970672607) | HR=89 bpm | IBI=0 ms | Participant=P15
2547,IBI out of range,Row 2547 | Timestamp: 1712016578536 ms | PPG(Green=2427931, Red=2427931, Ir=2427931) | ACC(X=-5.51820945739746, Y=-5.1493706703186, Z=6.24630641937256) | HR=88 bpm | IBI=0 ms | Participant=P15
2548,IBI out of range,Row 2548 | Timestamp: 1712016578576 ms | PPG(Green=2422607, Red=2422607, Ir=2422607) | ACC(X=-5.49186372756958, Y=-5.13021039962769, Z=6.21517086029053) | HR=88 bpm | IBI=0 ms | Participant=P15
2549,IBI out of range,Row 2549 | Timestamp: 1712016578617 ms | PPG(Green=2418800, Red=2418800, Ir=2418800) | ACC(X=-5.50623416900635, Y=-5.16613626480103, Z=6.25349187850952) | HR=88 bpm | IBI=0 ms | Participant=P15
2550,IBI out of range,Row 2550 | Timestamp: 1712016578658 ms | PPG(Green=2417109, Red=2417109, Ir=2417109) | ACC(X=-5.47030830383301, Y=-5.13260555267334, Z=6.24151659011841) | HR=88 bpm | IBI=0 ms | Participant=P15
2551,IBI out of range,Row 2551 | Timestamp: 1712016578699 ms | PPG(Green=2416653, Red=2416653, Ir=2416653) | ACC(X=-5.58527088165283, Y=-5.15176582336426, Z=6.20319557189941) | HR=88 bpm | IBI=0 ms | Participant=P15
2552,IBI out of range,Row 2552 | Timestamp: 1712016578739 ms | PPG(Green=2416803, Red=2416803, Ir=2416803) | ACC(X=-5.57808589935303, Y=-5.12781524658203, Z=6.16008472442627) | HR=89 bpm | IBI=0 ms | Participant=P15
2553,IBI out of range,Row 2553 | Timestamp: 1712016578779 ms | PPG(Green=2416969, Red=2416969, Ir=2416969) | ACC(X=-5.52299976348877, Y=-5.17571640014648, Z=6.25109672546387) | HR=90 bpm | IBI=0 ms | Participant=P15
2554,IBI out of range,Row 2554 | Timestamp: 1712016578820 ms | PPG(Green=2416273, Red=2416273, Ir=2416273) | ACC(X=-5.53257989883423, Y=-5.16613626480103, Z=6.25828170776367) | HR=90 bpm | IBI=0 ms | Participant=P15
2555,IBI out of range,Row 2555 | Timestamp: 1712016578860 ms | PPG(Green=2415420, Red=2415420, Ir=2415420) | ACC(X=-5.51581430435181, Y=-5.18050670623779, Z=6.22714614868164) | HR=91 bpm | IBI=0 ms | Participant=P15
2561,IBI out of range,Row 2561 | Timestamp: 1712016579101 ms | PPG(Green=2420693, Red=2420693, Ir=2420693) | ACC(X=-5.51341915130615, Y=-5.1421856880188, Z=6.26786184310913) | HR=92 bpm | IBI=0 ms | Participant=P15
2562,IBI out of range,Row 2562 | Timestamp: 1712016579142 ms | PPG(Green=2422206, Red=2422206, Ir=2422206) | ACC(X=-5.52060461044312, Y=-5.16374111175537, Z=6.17445468902588) | HR=92 bpm | IBI=0 ms | Participant=P15
2563,IBI out of range,Row 2563 | Timestamp: 1712016579182 ms | PPG(Green=2423012, Red=2423012, Ir=2423012) | ACC(X=-5.54455518722534, Y=-5.13021039962769, Z=6.30618286132813) | HR=92 bpm | IBI=0 ms | Participant=P15
2567,IBI out of range,Row 2567 | Timestamp: 1712016579343 ms | PPG(Green=2409554, Red=2409554, Ir=2409554) | ACC(X=-5.49186372756958, Y=-5.15895080566406, Z=6.26067686080933) | HR=88 bpm | IBI=0 ms | Participant=P15
2568,IBI out of range,Row 2568 | Timestamp: 1712016579383 ms | PPG(Green=2408999, Red=2408999, Ir=2408999) | ACC(X=-5.55653047561646, Y=-5.20445728302002, Z=6.19361543655396) | HR=88 bpm | IBI=0 ms | Participant=P15
2569,IBI out of range,Row 2569 | Timestamp: 1712016579424 ms | PPG(Green=2408970, Red=2408970, Ir=2408970) | ACC(X=-5.61401176452637, Y=-5.10865497589111, Z=6.23193597793579) | HR=88 bpm | IBI=0 ms | Participant=P15
2573,IBI out of range,Row 2573 | Timestamp: 1712016579586 ms | PPG(Green=2407406, Red=2407406, Ir=2407406) | ACC(X=-5.59485149383545, Y=-5.15655612945557, Z=6.20798587799072) | HR=83 bpm | IBI=0 ms | Participant=P15
2575,IBI out of range,Row 2575 | Timestamp: 1712016579666 ms | PPG(Green=2409804, Red=2409804, Ir=2409804) | ACC(X=-5.546950340271, Y=-5.10625982284546, Z=6.28702259063721) | HR=82 bpm | IBI=0 ms | Participant=P15
2576,IBI out of range,Row 2576 | Timestamp: 1712016579706 ms | PPG(Green=2410995, Red=2410995, Ir=2410995) | ACC(X=-5.57329559326172, Y=-5.08949422836304, Z=6.28462743759155) | HR=83 bpm | IBI=0 ms | Participant=P15
2577,IBI out of range,Row 2577 | Timestamp: 1712016579746 ms | PPG(Green=2411931, Red=2411931, Ir=2411931) | ACC(X=-5.55174016952515, Y=-5.17571640014648, Z=6.22235584259033) | HR=85 bpm | IBI=0 ms | Participant=P15
2578,IBI out of range,Row 2578 | Timestamp: 1712016579786 ms | PPG(Green=2413558, Red=2413558, Ir=2413558) | ACC(X=-5.49425888061523, Y=-5.16374111175537, Z=6.23433113098145) | HR=86 bpm | IBI=0 ms | Participant=P15
2579,IBI out of range,Row 2579 | Timestamp: 1712016579827 ms | PPG(Green=2414735, Red=2414735, Ir=2414735) | ACC(X=-5.51581430435181, Y=-5.15176582336426, Z=6.24630641937256) | HR=88 bpm | IBI=0 ms | Participant=P15
2580,IBI out of range,Row 2580 | Timestamp: 1712016579867 ms | PPG(Green=2412472, Red=2412472, Ir=2412472) | ACC(X=-5.53497505187988, Y=-5.17332124710083, Z=6.25349187850952) | HR=88 bpm | IBI=0 ms | Participant=P15
2581,IBI out of range,Row 2581 | Timestamp: 1712016579907 ms | PPG(Green=2407018, Red=2407018, Ir=2407018) | ACC(X=-5.56611061096191, Y=-5.18050670623779, Z=6.26307201385498) | HR=90 bpm | IBI=0 ms | Participant=P15
2582,IBI out of range,Row 2582 | Timestamp: 1712016579947 ms | PPG(Green=2403206, Red=2403206, Ir=2403206) | ACC(X=-5.48467874526978, Y=-5.0966796875, Z=6.25109672546387) | HR=89 bpm | IBI=0 ms | Participant=P15
2583,IBI out of range,Row 2583 | Timestamp: 1712016579987 ms | PPG(Green=2401566, Red=2401566, Ir=2401566) | ACC(X=-5.54216003417969, Y=-5.1421856880188, Z=6.25828170776367) | HR=90 bpm | IBI=0 ms | Participant=P15
2584,IBI out of range,Row 2584 | Timestamp: 1712016580028 ms | PPG(Green=2400947, Red=2400947, Ir=2400947) | ACC(X=-5.51820945739746, Y=-5.1421856880188, Z=6.21756601333618) | HR=90 bpm | IBI=0 ms | Participant=P15
2585,IBI out of range,Row 2585 | Timestamp: 1712016580068 ms | PPG(Green=2400545, Red=2400545, Ir=2400545) | ACC(X=-5.52060461044312, Y=-5.15416097640991, Z=6.17684984207153) | HR=91 bpm | IBI=0 ms | Participant=P15
2586,IBI out of range,Row 2586 | Timestamp: 1712016580108 ms | PPG(Green=2400353, Red=2400353, Ir=2400353) | ACC(X=-5.57569074630737, Y=-5.12063026428223, Z=6.21996068954468) | HR=91 bpm | IBI=0 ms | Participant=P15
2587,IBI out of range,Row 2587 | Timestamp: 1712016580148 ms | PPG(Green=2399574, Red=2399574, Ir=2399574) | ACC(X=-5.49904918670654, Y=-5.17332124710083, Z=6.17924499511719) | HR=91 bpm | IBI=0 ms | Participant=P15
2588,IBI out of range,Row 2588 | Timestamp: 1712016580188 ms | PPG(Green=2398646, Red=2398646, Ir=2398646) | ACC(X=-5.50383901596069, Y=-5.13739538192749, Z=6.27265214920044) | HR=91 bpm | IBI=0 ms | Participant=P15
2589,IBI out of range,Row 2589 | Timestamp: 1712016580229 ms | PPG(Green=2398518, Red=2398518, Ir=2398518) | ACC(X=-5.46072816848755, Y=-5.18290138244629, Z=6.28702259063721) | HR=93 bpm | IBI=0 ms | Participant=P15
2590,HeartRate out of range,Row 2590 | Timestamp: 1712016580268 ms | PPG(Green=2399191, Red=2399191, Ir=2399191) | ACC(X=-5.45593786239624, Y=-5.13739538192749, Z=6.30139303207397) | HR=0 bpm | IBI=0 ms | Participant=P15
2591,HeartRate out of range,Row 2591 | Timestamp: 1712016580309 ms | PPG(Green=2400323, Red=2400323, Ir=2400323) | ACC(X=-5.56132030487061, Y=-5.12781524658203, Z=6.26786184310913) | HR=0 bpm | IBI=0 ms | Participant=P15
2592,HeartRate out of range,Row 2592 | Timestamp: 1712016580349 ms | PPG(Green=2401635, Red=2401635, Ir=2401635) | ACC(X=-5.52299976348877, Y=-5.17092609405518, Z=6.19361543655396) | HR=0 bpm | IBI=0 ms | Participant=P15
2593,HeartRate out of range,Row 2593 | Timestamp: 1712016580389 ms | PPG(Green=2402803, Red=2402803, Ir=2402803) | ACC(X=-5.47749328613281, Y=-5.12063026428223, Z=6.2439112663269) | HR=0 bpm | IBI=0 ms | Participant=P15
2594,HeartRate out of range,Row 2594 | Timestamp: 1712016580430 ms | PPG(Green=2404118, Red=2404118, Ir=2404118) | ACC(X=-5.50383901596069, Y=-5.11344480514526, Z=6.25349187850952) | HR=0 bpm | IBI=0 ms | Participant=P15
2595,HeartRate out of range,Row 2595 | Timestamp: 1712016580469 ms | PPG(Green=2405517, Red=2405517, Ir=2405517) | ACC(X=-5.54934501647949, Y=-5.20685195922852, Z=6.18642997741699) | HR=0 bpm | IBI=0 ms | Participant=P15
2596,IBI out of range,Row 2596 | Timestamp: 1712016580510 ms | PPG(Green=2407184, Red=2407184, Ir=2407184) | ACC(X=-5.52060461044312, Y=-5.16134595870972, Z=6.18164014816284) | HR=92 bpm | IBI=0 ms | Participant=P15
2597,IBI out of range,Row 2597 | Timestamp: 1712016580550 ms | PPG(Green=2408608, Red=2408608, Ir=2408608) | ACC(X=-5.53497505187988, Y=-5.16134595870972, Z=6.15529441833496) | HR=92 bpm | IBI=0 ms | Participant=P15
2598,IBI out of range,Row 2598 | Timestamp: 1712016580590 ms | PPG(Green=2407055, Red=2407055, Ir=2407055) | ACC(X=-5.53497505187988, Y=-5.11583995819092, Z=6.24151659011841) | HR=90 bpm | IBI=0 ms | Participant=P15
2599,IBI out of range,Row 2599 | Timestamp: 1712016580631 ms | PPG(Green=2401649, Red=2401649, Ir=2401649) | ACC(X=-5.56371545791626, Y=-5.13739538192749, Z=6.26067686080933) | HR=90 bpm | IBI=0 ms | Participant=P15
2600,IBI out of range,Row 2600 | Timestamp: 1712016580671 ms | PPG(Green=2397586, Red=2397586, Ir=2397586) | ACC(X=-5.53497505187988, Y=-5.10865497589111, Z=6.1912202835083) | HR=91 bpm | IBI=0 ms | Participant=P15
2601,IBI out of range,Row 2601 | Timestamp: 1712016580711 ms | PPG(Green=2395869, Red=2395869, Ir=2395869) | ACC(X=-5.546950340271, Y=-5.16374111175537, Z=6.26307201385498) | HR=91 bpm | IBI=0 ms | Participant=P15
2602,IBI out of range,Row 2602 | Timestamp: 1712016580751 ms | PPG(Green=2394879, Red=2394879, Ir=2394879) | ACC(X=-5.49425888061523, Y=-5.17332124710083, Z=6.29660272598267) | HR=93 bpm | IBI=0 ms | Participant=P15
2603,IBI out of range,Row 2603 | Timestamp: 1712016580791 ms | PPG(Green=2394746, Red=2394746, Ir=2394746) | ACC(X=-5.51820945739746, Y=-5.19966697692871, Z=6.18164014816284) | HR=94 bpm | IBI=0 ms | Participant=P15
2604,IBI out of range,Row 2604 | Timestamp: 1712016580832 ms | PPG(Green=2394413, Red=2394413, Ir=2394413) | ACC(X=-5.508629322052, Y=-5.14458084106445, Z=6.16008472442627) | HR=95 bpm | IBI=0 ms | Participant=P15
2605,IBI out of range,Row 2605 | Timestamp: 1712016580872 ms | PPG(Green=2393574, Red=2393574, Ir=2393574) | ACC(X=-5.55174016952515, Y=-5.12781524658203, Z=6.25109672546387) | HR=97 bpm | IBI=0 ms | Participant=P15
2606,HeartRate out of range,Row 2606 | Timestamp: 1712016580912 ms | PPG(Green=2392567, Red=2392567, Ir=2392567) | ACC(X=-5.56850576400757, Y=-5.16134595870972, Z=6.17445468902588) | HR=0 bpm | IBI=0 ms | Participant=P15
2607,HeartRate out of range,Row 2607 | Timestamp: 1712016580952 ms | PPG(Green=2392293, Red=2392293, Ir=2392293) | ACC(X=-5.51102447509766, Y=-5.15895080566406, Z=6.21756601333618) | HR=0 bpm | IBI=0 ms | Participant=P15
2608,HeartRate out of range,Row 2608 | Timestamp: 1712016580993 ms | PPG(Green=2392750, Red=2392750, Ir=2392750) | ACC(X=-5.49186372756958, Y=-5.15655612945557, Z=6.22714614868164) | HR=0 bpm | IBI=0 ms | Participant=P15
2609,HeartRate out of range,Row 2609 | Timestamp: 1712016581034 ms | PPG(Green=2393619, Red=2393619, Ir=2393619) | ACC(X=-5.56371545791626, Y=-5.19008684158325, Z=6.21996068954468) | HR=0 bpm | IBI=0 ms | Participant=P15
2610,HeartRate out of range,Row 2610 | Timestamp: 1712016581073 ms | PPG(Green=2394123, Red=2394123, Ir=2394123) | ACC(X=-5.62838220596313, Y=-5.08470439910889, Z=6.15289926528931) | HR=0 bpm | IBI=0 ms | Participant=P15
2611,HeartRate out of range,Row 2611 | Timestamp: 1712016581113 ms | PPG(Green=2394713, Red=2394713, Ir=2394713) | ACC(X=-5.51102447509766, Y=-5.07751893997192, Z=6.22954130172729) | HR=0 bpm | IBI=0 ms | Participant=P15
2612,HeartRate out of range,Row 2612 | Timestamp: 1712016581154 ms | PPG(Green=2395641, Red=2395641, Ir=2395641) | ACC(X=-5.52778959274292, Y=-5.19727182388306, Z=6.2822322845459) | HR=0 bpm | IBI=0 ms | Participant=P15
2613,IBI out of range,Row 2613 | Timestamp: 1712016581194 ms | PPG(Green=2396470, Red=2396470, Ir=2396470) | ACC(X=-5.52299976348877, Y=-5.19008684158325, Z=6.22954130172729) | HR=103 bpm | IBI=0 ms | Participant=P15
2614,IBI out of range,Row 2614 | Timestamp: 1712016581235 ms | PPG(Green=2397720, Red=2397720, Ir=2397720) | ACC(X=-5.508629322052, Y=-5.13260555267334, Z=6.26546716690063) | HR=102 bpm | IBI=0 ms | Participant=P15
2615,HeartRate out of range,Row 2615 | Timestamp: 1712016581274 ms | PPG(Green=2399442, Red=2399442, Ir=2399442) | ACC(X=-5.54455518722534, Y=-5.19727182388306, Z=6.19840526580811) | HR=0 bpm | IBI=0 ms | Participant=P15
2616,IBI out of range,Row 2616 | Timestamp: 1712016581314 ms | PPG(Green=2400141, Red=2400141, Ir=2400141) | ACC(X=-5.56371545791626, Y=-5.1493706703186, Z=6.34210872650146) | HR=101 bpm | IBI=0 ms | Participant=P15
2617,IBI out of range,Row 2617 | Timestamp: 1712016581355 ms | PPG(Green=2395862, Red=2395862, Ir=2395862) | ACC(X=-5.51820945739746, Y=-5.16613626480103, Z=6.27504730224609) | HR=101 bpm | IBI=0 ms | Participant=P15
2618,IBI out of range,Row 2618 | Timestamp: 1712016581395 ms | PPG(Green=2390763, Red=2390763, Ir=2390763) | ACC(X=-5.48228359222412, Y=-5.07512426376343, Z=6.1912202835083) | HR=100 bpm | IBI=0 ms | Participant=P15
2619,IBI out of range,Row 2619 | Timestamp: 1712016581436 ms | PPG(Green=2388174, Red=2388174, Ir=2388174) | ACC(X=-5.57569074630737, Y=-5.16613626480103, Z=6.19361543655396) | HR=101 bpm | IBI=0 ms | Participant=P15
2620,IBI out of range,Row 2620 | Timestamp: 1712016581475 ms | PPG(Green=2387269, Red=2387269, Ir=2387269) | ACC(X=-5.45354270935059, Y=-5.19008684158325, Z=6.29899787902832) | HR=100 bpm | IBI=0 ms | Participant=P15
2621,IBI out of range,Row 2621 | Timestamp: 1712016581516 ms | PPG(Green=2386924, Red=2386924, Ir=2386924) | ACC(X=-5.508629322052, Y=-5.1421856880188, Z=6.22714614868164) | HR=99 bpm | IBI=0 ms | Participant=P15
2622,IBI out of range,Row 2622 | Timestamp: 1712016581556 ms | PPG(Green=2387040, Red=2387040, Ir=2387040) | ACC(X=-5.58287620544434, Y=-5.17092609405518, Z=6.19840526580811) | HR=98 bpm | IBI=0 ms | Participant=P15
2623,IBI out of range,Row 2623 | Timestamp: 1712016581596 ms | PPG(Green=2386779, Red=2386779, Ir=2386779) | ACC(X=-5.53497505187988, Y=-5.11344480514526, Z=6.22954130172729) | HR=99 bpm | IBI=0 ms | Participant=P15
2624,IBI out of range,Row 2624 | Timestamp: 1712016581637 ms | PPG(Green=2386289, Red=2386289, Ir=2386289) | ACC(X=-5.48467874526978, Y=-5.17811155319214, Z=6.2367262840271) | HR=98 bpm | IBI=0 ms | Participant=P15
2625,IBI out of range,Row 2625 | Timestamp: 1712016581677 ms | PPG(Green=2385787, Red=2385787, Ir=2385787) | ACC(X=-5.44396257400513, Y=-5.12781524658203, Z=6.19601058959961) | HR=98 bpm | IBI=0 ms | Participant=P15
2626,IBI out of range,Row 2626 | Timestamp: 1712016581717 ms | PPG(Green=2386298, Red=2386298, Ir=2386298) | ACC(X=-5.50623416900635, Y=-5.16853141784668, Z=6.2822322845459) | HR=99 bpm | IBI=0 ms | Participant=P15
2627,IBI out of range,Row 2627 | Timestamp: 1712016581757 ms | PPG(Green=2387531, Red=2387531, Ir=2387531) | ACC(X=-5.51102447509766, Y=-5.10146951675415, Z=6.24870157241821) | HR=101 bpm | IBI=0 ms | Participant=P15
2628,IBI out of range,Row 2628 | Timestamp: 1712016581797 ms | PPG(Green=2389189, Red=2389189, Ir=2389189) | ACC(X=-5.57569074630737, Y=-5.08709955215454, Z=6.2367262840271) | HR=101 bpm | IBI=0 ms | Participant=P15
2629,IBI out of range,Row 2629 | Timestamp: 1712016581838 ms | PPG(Green=2390622, Red=2390622, Ir=2390622) | ACC(X=-5.47270345687866, Y=-5.19727182388306, Z=6.24870157241821) | HR=101 bpm | IBI=0 ms | Participant=P15
2630,IBI out of range,Row 2630 | Timestamp: 1712016581878 ms | PPG(Green=2392188, Red=2392188, Ir=2392188) | ACC(X=-5.53497505187988, Y=-5.15655612945557, Z=6.26067686080933) | HR=100 bpm | IBI=0 ms | Participant=P15
2631,IBI out of range,Row 2631 | Timestamp: 1712016581918 ms | PPG(Green=2393680, Red=2393680, Ir=2393680) | ACC(X=-5.54455518722534, Y=-5.17571640014648, Z=6.26067686080933) | HR=100 bpm | IBI=0 ms | Participant=P15
2632,IBI out of range,Row 2632 | Timestamp: 1712016581959 ms | PPG(Green=2395269, Red=2395269, Ir=2395269) | ACC(X=-5.51102447509766, Y=-5.2331976890564, Z=6.22714614868164) | HR=100 bpm | IBI=0 ms | Participant=P15
2633,IBI out of range,Row 2633 | Timestamp: 1712016581999 ms | PPG(Green=2397036, Red=2397036, Ir=2397036) | ACC(X=-5.45593786239624, Y=-5.07512426376343, Z=6.22475099563599) | HR=99 bpm | IBI=0 ms | Participant=P15
2634,IBI out of range,Row 2634 | Timestamp: 1712016582040 ms | PPG(Green=2398857, Red=2398857, Ir=2398857) | ACC(X=-5.56850576400757, Y=-5.11823511123657, Z=6.24151659011841) | HR=99 bpm | IBI=0 ms | Participant=P15
2635,IBI out of range,Row 2635 | Timestamp: 1712016582079 ms | PPG(Green=2397414, Red=2397414, Ir=2397414) | ACC(X=-5.55174016952515, Y=-5.20445728302002, Z=6.22235584259033) | HR=99 bpm | IBI=0 ms | Participant=P15
2636,IBI out of range,Row 2636 | Timestamp: 1712016582120 ms | PPG(Green=2391782, Red=2391782, Ir=2391782) | ACC(X=-5.50383901596069, Y=-5.15655612945557, Z=6.21517086029053) | HR=99 bpm | IBI=0 ms | Participant=P15
2637,IBI out of range,Row 2637 | Timestamp: 1712016582160 ms | PPG(Green=2387355, Red=2387355, Ir=2387355) | ACC(X=-5.58048105239868, Y=-5.04159307479858, Z=6.20798587799072) | HR=99 bpm | IBI=0 ms | Participant=P15
2638,IBI out of range,Row 2638 | Timestamp: 1712016582200 ms | PPG(Green=2385129, Red=2385129, Ir=2385129) | ACC(X=-5.47030830383301, Y=-5.22122240066528, Z=6.24151659011841) | HR=99 bpm | IBI=0 ms | Participant=P15
2639,IBI out of range,Row 2639 | Timestamp: 1712016582241 ms | PPG(Green=2384087, Red=2384087, Ir=2384087) | ACC(X=-5.45593786239624, Y=-5.15895080566406, Z=6.24151659011841) | HR=98 bpm | IBI=0 ms | Participant=P15
2640,IBI out of range,Row 2640 | Timestamp: 1712016582281 ms | PPG(Green=2383647, Red=2383647, Ir=2383647) | ACC(X=-5.56132030487061, Y=-5.13739538192749, Z=6.27744245529175) | HR=98 bpm | IBI=0 ms | Participant=P15
2641,IBI out of range,Row 2641 | Timestamp: 1712016582321 ms | PPG(Green=2383436, Red=2383436, Ir=2383436) | ACC(X=-5.52299976348877, Y=-5.14697551727295, Z=6.23912143707275) | HR=97 bpm | IBI=0 ms | Participant=P15
2642,IBI out of range,Row 2642 | Timestamp: 1712016582361 ms | PPG(Green=2382922, Red=2382922, Ir=2382922) | ACC(X=-5.52778959274292, Y=-5.10146951675415, Z=6.2367262840271) | HR=96 bpm | IBI=0 ms | Participant=P15
2643,IBI out of range,Row 2643 | Timestamp: 1712016582401 ms | PPG(Green=2382136, Red=2382136, Ir=2382136) | ACC(X=-5.48467874526978, Y=-5.19008684158325, Z=6.22475099563599) | HR=96 bpm | IBI=0 ms | Participant=P15
2644,IBI out of range,Row 2644 | Timestamp: 1712016582442 ms | PPG(Green=2381956, Red=2381956, Ir=2381956) | ACC(X=-5.54216003417969, Y=-5.17092609405518, Z=6.25828170776367) | HR=96 bpm | IBI=0 ms | Participant=P15
2645,IBI out of range,Row 2645 | Timestamp: 1712016582482 ms | PPG(Green=2382639, Red=2382639, Ir=2382639) | ACC(X=-5.53976488113403, Y=-5.13260555267334, Z=6.26067686080933) | HR=97 bpm | IBI=0 ms | Participant=P15
2646,IBI out of range,Row 2646 | Timestamp: 1712016582522 ms | PPG(Green=2384004, Red=2384004, Ir=2384004) | ACC(X=-5.50383901596069, Y=-5.07751893997192, Z=6.26307201385498) | HR=98 bpm | IBI=0 ms | Participant=P15
2647,IBI out of range,Row 2647 | Timestamp: 1712016582562 ms | PPG(Green=2385558, Red=2385558, Ir=2385558) | ACC(X=-5.57090091705322, Y=-5.13500022888184, Z=6.25349187850952) | HR=99 bpm | IBI=0 ms | Participant=P15
2648,IBI out of range,Row 2648 | Timestamp: 1712016582603 ms | PPG(Green=2387066, Red=2387066, Ir=2387066) | ACC(X=-5.52060461044312, Y=-5.14697551727295, Z=6.24151659011841) | HR=98 bpm | IBI=0 ms | Participant=P15
2649,IBI out of range,Row 2649 | Timestamp: 1712016582644 ms | PPG(Green=2388567, Red=2388567, Ir=2388567) | ACC(X=-5.52060461044312, Y=-5.11583995819092, Z=6.24630641937256) | HR=98 bpm | IBI=0 ms | Participant=P15
2650,IBI out of range,Row 2650 | Timestamp: 1712016582683 ms | PPG(Green=2389863, Red=2389863, Ir=2389863) | ACC(X=-5.54934501647949, Y=-5.21643257141113, Z=6.21996068954468) | HR=98 bpm | IBI=0 ms | Participant=P15
2651,IBI out of range,Row 2651 | Timestamp: 1712016582724 ms | PPG(Green=2391547, Red=2391547, Ir=2391547) | ACC(X=-5.47509860992432, Y=-5.1493706703186, Z=6.31097316741943) | HR=97 bpm | IBI=0 ms | Participant=P15
2652,IBI out of range,Row 2652 | Timestamp: 1712016582764 ms | PPG(Green=2393632, Red=2393632, Ir=2393632) | ACC(X=-5.54216003417969, Y=-5.16374111175537, Z=6.24870157241821) | HR=98 bpm | IBI=0 ms | Participant=P15
2653,IBI out of range,Row 2653 | Timestamp: 1712016582804 ms | PPG(Green=2394751, Red=2394751, Ir=2394751) | ACC(X=-5.57329559326172, Y=-5.20206212997437, Z=6.24870157241821) | HR=98 bpm | IBI=0 ms | Participant=P15
2654,IBI out of range,Row 2654 | Timestamp: 1712016582845 ms | PPG(Green=2391292, Red=2391292, Ir=2391292) | ACC(X=-5.51581430435181, Y=-5.11823511123657, Z=6.27265214920044) | HR=98 bpm | IBI=0 ms | Participant=P15
2655,IBI out of range,Row 2655 | Timestamp: 1712016582884 ms | PPG(Green=2385573, Red=2385573, Ir=2385573) | ACC(X=-5.57329559326172, Y=-5.1038646697998, Z=6.23912143707275) | HR=98 bpm | IBI=0 ms | Participant=P15
2656,IBI out of range,Row 2656 | Timestamp: 1712016582924 ms | PPG(Green=2382130, Red=2382130, Ir=2382130) | ACC(X=-5.61640691757202, Y=-5.17332124710083, Z=6.22954130172729) | HR=97 bpm | IBI=0 ms | Participant=P15
2657,IBI out of range,Row 2657 | Timestamp: 1712016582965 ms | PPG(Green=2380564, Red=2380564, Ir=2380564) | ACC(X=-5.53018474578857, Y=-5.17092609405518, Z=6.29899787902832) | HR=97 bpm | IBI=0 ms | Participant=P15
2658,IBI out of range,Row 2658 | Timestamp: 1712016583005 ms | PPG(Green=2379628, Red=2379628, Ir=2379628) | ACC(X=-5.48946857452393, Y=-5.15176582336426, Z=6.1912202835083) | HR=96 bpm | IBI=0 ms | Participant=P15
2659,IBI out of range,Row 2659 | Timestamp: 1712016583046 ms | PPG(Green=2379476, Red=2379476, Ir=2379476) | ACC(X=-5.5541353225708, Y=-5.18050670623779, Z=6.17206001281738) | HR=95 bpm | IBI=0 ms | Participant=P15
2660,IBI out of range,Row 2660 | Timestamp: 1712016583085 ms | PPG(Green=2379313, Red=2379313, Ir=2379313) | ACC(X=-5.62359189987183, Y=-5.15895080566406, Z=6.24870157241821) | HR=95 bpm | IBI=0 ms | Participant=P15
2661,IBI out of range,Row 2661 | Timestamp: 1712016583125 ms | PPG(Green=2378814, Red=2378814, Ir=2378814) | ACC(X=-5.50383901596069, Y=-5.13260555267334, Z=6.21996068954468) | HR=96 bpm | IBI=0 ms | Participant=P15
2662,IBI out of range,Row 2662 | Timestamp: 1712016583166 ms | PPG(Green=2378143, Red=2378143, Ir=2378143) | ACC(X=-5.58287620544434, Y=-5.19248199462891, Z=6.20798587799072) | HR=97 bpm | IBI=0 ms | Participant=P15
2663,IBI out of range,Row 2663 | Timestamp: 1712016583207 ms | PPG(Green=2378208, Red=2378208, Ir=2378208) | ACC(X=-5.53257989883423, Y=-5.15416097640991, Z=6.24151659011841) | HR=98 bpm | IBI=0 ms | Participant=P15
2664,IBI out of range,Row 2664 | Timestamp: 1712016583248 ms | PPG(Green=2379032, Red=2379032, Ir=2379032) | ACC(X=-5.58287620544434, Y=-5.15895080566406, Z=6.25109672546387) | HR=98 bpm | IBI=0 ms | Participant=P15
2665,IBI out of range,Row 2665 | Timestamp: 1712016583287 ms | PPG(Green=2380427, Red=2380427, Ir=2380427) | ACC(X=-5.55653047561646, Y=-5.09907484054565, Z=6.26307201385498) | HR=97 bpm | IBI=0 ms | Participant=P15
2666,IBI out of range,Row 2666 | Timestamp: 1712016583327 ms | PPG(Green=2382095, Red=2382095, Ir=2382095) | ACC(X=-5.53018474578857, Y=-5.17332124710083, Z=6.19840526580811) | HR=97 bpm | IBI=0 ms | Participant=P15
2667,IBI out of range,Row 2667 | Timestamp: 1712016583367 ms | PPG(Green=2383721, Red=2383721, Ir=2383721) | ACC(X=-5.48228359222412, Y=-5.15895080566406, Z=6.29899787902832) | HR=98 bpm | IBI=0 ms | Participant=P15
2668,IBI out of range,Row 2668 | Timestamp: 1712016583408 ms | PPG(Green=2385284, Red=2385284, Ir=2385284) | ACC(X=-5.56371545791626, Y=-5.18529653549194, Z=6.22714614868164) | HR=98 bpm | IBI=0 ms | Participant=P15
2669,HeartRate out of range,Row 2669 | Timestamp: 1712016583449 ms | PPG(Green=2386800, Red=2386800, Ir=2386800) | ACC(X=-5.47749328613281, Y=-5.2331976890564, Z=6.29899787902832) | HR=0 bpm | IBI=0 ms | Participant=P15
2670,HeartRate out of range,Row 2670 | Timestamp: 1712016583488 ms | PPG(Green=2388583, Red=2388583, Ir=2388583) | ACC(X=-5.49186372756958, Y=-5.08230924606323, Z=6.22475099563599) | HR=0 bpm | IBI=0 ms | Participant=P15
2671,HeartRate out of range,Row 2671 | Timestamp: 1712016583528 ms | PPG(Green=2390478, Red=2390478, Ir=2390478) | ACC(X=-5.62838220596313, Y=-5.10625982284546, Z=6.18164014816284) | HR=0 bpm | IBI=0 ms | Participant=P15
2672,IBI out of range,Row 2672 | Timestamp: 1712016583568 ms | PPG(Green=2390813, Red=2390813, Ir=2390813) | ACC(X=-5.4655179977417, Y=-5.15176582336426, Z=6.2367262840271) | HR=98 bpm | IBI=0 ms | Participant=P15
2673,IBI out of range,Row 2673 | Timestamp: 1712016583608 ms | PPG(Green=2385883, Red=2385883, Ir=2385883) | ACC(X=-5.47509860992432, Y=-5.17332124710083, Z=6.22714614868164) | HR=97 bpm | IBI=0 ms | Participant=P15
2674,IBI out of range,Row 2674 | Timestamp: 1712016583649 ms | PPG(Green=2380661, Red=2380661, Ir=2380661) | ACC(X=-5.42719745635986, Y=-5.09188938140869, Z=6.20798587799072) | HR=96 bpm | IBI=0 ms | Participant=P15
2675,IBI out of range,Row 2675 | Timestamp: 1712016583689 ms | PPG(Green=2378039, Red=2378039, Ir=2378039) | ACC(X=-5.51820945739746, Y=-5.21643257141113, Z=6.25828170776367) | HR=96 bpm | IBI=0 ms | Participant=P15
2676,IBI out of range,Row 2676 | Timestamp: 1712016583729 ms | PPG(Green=2377090, Red=2377090, Ir=2377090) | ACC(X=-5.52060461044312, Y=-5.08949422836304, Z=6.22475099563599) | HR=96 bpm | IBI=0 ms | Participant=P15
2677,IBI out of range,Row 2677 | Timestamp: 1712016583769 ms | PPG(Green=2376500, Red=2376500, Ir=2376500) | ACC(X=-5.47270345687866, Y=-5.12063026428223, Z=6.22714614868164) | HR=96 bpm | IBI=0 ms | Participant=P15
2678,IBI out of range,Row 2678 | Timestamp: 1712016583810 ms | PPG(Green=2376510, Red=2376510, Ir=2376510) | ACC(X=-5.57329559326172, Y=-5.16134595870972, Z=6.2439112663269) | HR=96 bpm | IBI=0 ms | Participant=P15
2679,IBI out of range,Row 2679 | Timestamp: 1712016583850 ms | PPG(Green=2376250, Red=2376250, Ir=2376250) | ACC(X=-5.54455518722534, Y=-5.18290138244629, Z=6.23433113098145) | HR=97 bpm | IBI=0 ms | Participant=P15
2680,IBI out of range,Row 2680 | Timestamp: 1712016583890 ms | PPG(Green=2375820, Red=2375820, Ir=2375820) | ACC(X=-5.51341915130615, Y=-5.08470439910889, Z=6.22235584259033) | HR=97 bpm | IBI=0 ms | Participant=P15
2681,IBI out of range,Row 2681 | Timestamp: 1712016583931 ms | PPG(Green=2375506, Red=2375506, Ir=2375506) | ACC(X=-5.60443162918091, Y=-5.20445728302002, Z=6.25349187850952) | HR=98 bpm | IBI=0 ms | Participant=P15
2682,IBI out of range,Row 2682 | Timestamp: 1712016583971 ms | PPG(Green=2375967, Red=2375967, Ir=2375967) | ACC(X=-5.51581430435181, Y=-5.13021039962769, Z=6.23433113098145) | HR=97 bpm | IBI=0 ms | Participant=P15
2683,IBI out of range,Row 2683 | Timestamp: 1712016584011 ms | PPG(Green=2377459, Red=2377459, Ir=2377459) | ACC(X=-5.53497505187988, Y=-5.12542009353638, Z=6.22714614868164) | HR=97 bpm | IBI=0 ms | Participant=P15
2684,IBI out of range,Row 2684 | Timestamp: 1712016584052 ms | PPG(Green=2379163, Red=2379163, Ir=2379163) | ACC(X=-5.57090091705322, Y=-5.1948766708374, Z=6.16966485977173) | HR=96 bpm | IBI=0 ms | Participant=P15
2685,IBI out of range,Row 2685 | Timestamp: 1712016584091 ms | PPG(Green=2380699, Red=2380699, Ir=2380699) | ACC(X=-5.51341915130615, Y=-5.13021039962769, Z=6.27983713150024) | HR=96 bpm | IBI=0 ms | Participant=P15
2686,IBI out of range,Row 2686 | Timestamp: 1712016584131 ms | PPG(Green=2382595, Red=2382595, Ir=2382595) | ACC(X=-5.51102447509766, Y=-5.11105012893677, Z=6.30139303207397) | HR=96 bpm | IBI=0 ms | Participant=P15
2687,IBI out of range,Row 2687 | Timestamp: 1712016584172 ms | PPG(Green=2384377, Red=2384377, Ir=2384377) | ACC(X=-5.51102447509766, Y=-5.22361755371094, Z=6.21517086029053) | HR=95 bpm | IBI=0 ms | Participant=P15
2688,IBI out of range,Row 2688 | Timestamp: 1712016584212 ms | PPG(Green=2386043, Red=2386043, Ir=2386043) | ACC(X=-5.44156742095947, Y=-5.12781524658203, Z=6.20559072494507) | HR=96 bpm | IBI=0 ms | Participant=P15
2689,IBI out of range,Row 2689 | Timestamp: 1712016584253 ms | PPG(Green=2388098, Red=2388098, Ir=2388098) | ACC(X=-5.54216003417969, Y=-5.17811155319214, Z=6.18642997741699) | HR=97 bpm | IBI=0 ms | Participant=P15
2690,IBI out of range,Row 2690 | Timestamp: 1712016584293 ms | PPG(Green=2389959, Red=2389959, Ir=2389959) | ACC(X=-5.53018474578857, Y=-5.16134595870972, Z=6.23433113098145) | HR=97 bpm | IBI=0 ms | Participant=P15
2691,IBI out of range,Row 2691 | Timestamp: 1712016584333 ms | PPG(Green=2387879, Red=2387879, Ir=2387879) | ACC(X=-5.57569074630737, Y=-5.1493706703186, Z=6.21277570724487) | HR=97 bpm | IBI=0 ms | Participant=P15
2692,IBI out of range,Row 2692 | Timestamp: 1712016584373 ms | PPG(Green=2382830, Red=2382830, Ir=2382830) | ACC(X=-5.55653047561646, Y=-5.11823511123657, Z=6.25349187850952) | HR=97 bpm | IBI=0 ms | Participant=P15
2693,IBI out of range,Row 2693 | Timestamp: 1712016584413 ms | PPG(Green=2379497, Red=2379497, Ir=2379497) | ACC(X=-5.52060461044312, Y=-5.24996328353882, Z=6.1840353012085) | HR=97 bpm | IBI=0 ms | Participant=P15
2694,IBI out of range,Row 2694 | Timestamp: 1712016584454 ms | PPG(Green=2378404, Red=2378404, Ir=2378404) | ACC(X=-5.45114803314209, Y=-5.15416097640991, Z=6.23193597793579) | HR=97 bpm | IBI=0 ms | Participant=P15
2695,IBI out of range,Row 2695 | Timestamp: 1712016584494 ms | PPG(Green=2378007, Red=2378007, Ir=2378007) | ACC(X=-5.52299976348877, Y=-5.0966796875, Z=6.21038055419922) | HR=97 bpm | IBI=0 ms | Participant=P15
2696,IBI out of range,Row 2696 | Timestamp: 1712016584534 ms | PPG(Green=2378122, Red=2378122, Ir=2378122) | ACC(X=-5.59485149383545, Y=-5.19248199462891, Z=6.21038055419922) | HR=97 bpm | IBI=0 ms | Participant=P15
2697,IBI out of range,Row 2697 | Timestamp: 1712016584574 ms | PPG(Green=2378509, Red=2378509, Ir=2378509) | ACC(X=-5.59006118774414, Y=-5.18529653549194, Z=6.27744245529175) | HR=97 bpm | IBI=0 ms | Participant=P15
2698,IBI out of range,Row 2698 | Timestamp: 1712016584614 ms | PPG(Green=2378460, Red=2378460, Ir=2378460) | ACC(X=-5.49904918670654, Y=-5.11344480514526, Z=6.17924499511719) | HR=98 bpm | IBI=0 ms | Participant=P15
2699,IBI out of range,Row 2699 | Timestamp: 1712016584656 ms | PPG(Green=2378133, Red=2378133, Ir=2378133) | ACC(X=-5.45114803314209, Y=-5.17811155319214, Z=6.24151659011841) | HR=99 bpm | IBI=0 ms | Participant=P15
2700,IBI out of range,Row 2700 | Timestamp: 1712016584695 ms | PPG(Green=2378339, Red=2378339, Ir=2378339) | ACC(X=-5.50623416900635, Y=-5.12302541732788, Z=6.25109672546387) | HR=99 bpm | IBI=0 ms | Participant=P15
2701,IBI out of range,Row 2701 | Timestamp: 1712016584734 ms | PPG(Green=2379659, Red=2379659, Ir=2379659) | ACC(X=-5.57329559326172, Y=-5.13979053497314, Z=6.21517086029053) | HR=98 bpm | IBI=0 ms | Participant=P15
2702,IBI out of range,Row 2702 | Timestamp: 1712016584773 ms | PPG(Green=2381376, Red=2381376, Ir=2381376) | ACC(X=-5.54934501647949, Y=-5.07991409301758, Z=6.1912202835083) | HR=98 bpm | IBI=0 ms | Participant=P15
2703,IBI out of range,Row 2703 | Timestamp: 1712016584812 ms | PPG(Green=2383083, Red=2383083, Ir=2383083) | ACC(X=-5.54455518722534, Y=-5.18050670623779, Z=6.21756601333618) | HR=98 bpm | IBI=0 ms | Participant=P15
2704,IBI out of range,Row 2704 | Timestamp: 1712016584851 ms | PPG(Green=2384899, Red=2384899, Ir=2384899) | ACC(X=-5.43917274475098, Y=-5.16134595870972, Z=6.19601058959961) | HR=98 bpm | IBI=0 ms | Participant=P15
2705,IBI out of range,Row 2705 | Timestamp: 1712016584890 ms | PPG(Green=2386739, Red=2386739, Ir=2386739) | ACC(X=-5.55174016952515, Y=-5.17571640014648, Z=6.21756601333618) | HR=97 bpm | IBI=0 ms | Participant=P15
2706,IBI out of range,Row 2706 | Timestamp: 1712016584929 ms | PPG(Green=2388511, Red=2388511, Ir=2388511) | ACC(X=-5.47988843917847, Y=-5.13260555267334, Z=6.28462743759155) | HR=96 bpm | IBI=0 ms | Participant=P15
2707,IBI out of range,Row 2707 | Timestamp: 1712016584968 ms | PPG(Green=2390815, Red=2390815, Ir=2390815) | ACC(X=-5.52778959274292, Y=-5.11583995819092, Z=6.13134384155273) | HR=95 bpm | IBI=0 ms | Participant=P15
2708,IBI out of range,Row 2708 | Timestamp: 1712016585007 ms | PPG(Green=2392722, Red=2392722, Ir=2392722) | ACC(X=-5.58048105239868, Y=-5.12542009353638, Z=6.19840526580811) | HR=95 bpm | IBI=0 ms | Participant=P15
2709,IBI out of range,Row 2709 | Timestamp: 1712016585046 ms | PPG(Green=2392436, Red=2392436, Ir=2392436) | ACC(X=-5.57329559326172, Y=-5.19008684158325, Z=6.3253436088562) | HR=96 bpm | IBI=0 ms | Participant=P15
2710,IBI out of range,Row 2710 | Timestamp: 1712016585085 ms | PPG(Green=2387811, Red=2387811, Ir=2387811) | ACC(X=-5.48467874526978, Y=-5.13021039962769, Z=6.20080041885376) | HR=97 bpm | IBI=0 ms | Participant=P15
2711,IBI out of range,Row 2711 | Timestamp: 1712016585124 ms | PPG(Green=2383880, Red=2383880, Ir=2383880) | ACC(X=-5.546950340271, Y=-5.13739538192749, Z=6.25828170776367) | HR=97 bpm | IBI=0 ms | Participant=P15
2712,IBI out of range,Row 2712 | Timestamp: 1712016585163 ms | PPG(Green=2382220, Red=2382220, Ir=2382220) | ACC(X=-5.52299976348877, Y=-5.16853141784668, Z=6.21038055419922) | HR=98 bpm | IBI=0 ms | Participant=P15
2713,IBI out of range,Row 2713 | Timestamp: 1712016585202 ms | PPG(Green=2381883, Red=2381883, Ir=2381883) | ACC(X=-5.51102447509766, Y=-5.1421856880188, Z=6.20559072494507) | HR=99 bpm | IBI=0 ms | Participant=P15
2714,IBI out of range,Row 2714 | Timestamp: 1712016585241 ms | PPG(Green=2381941, Red=2381941, Ir=2381941) | ACC(X=-5.58287620544434, Y=-5.17811155319214, Z=6.16008472442627) | HR=100 bpm | IBI=0 ms | Participant=P15
2715,IBI out of range,Row 2715 | Timestamp: 1712016585280 ms | PPG(Green=2382412, Red=2382412, Ir=2382412) | ACC(X=-5.51820945739746, Y=-5.17092609405518, Z=6.25109672546387) | HR=101 bpm | IBI=0 ms | Participant=P15
2716,HeartRate out of range,Row 2716 | Timestamp: 1712016585320 ms | PPG(Green=2382596, Red=2382596, Ir=2382596) | ACC(X=-5.47988843917847, Y=-5.13260555267334, Z=6.22235584259033) | HR=0 bpm | IBI=0 ms | Participant=P15
2717,IBI out of range,Row 2717 | Timestamp: 1712016585360 ms | PPG(Green=2382088, Red=2382088, Ir=2382088) | ACC(X=-5.55174016952515, Y=-5.16853141784668, Z=6.20080041885376) | HR=100 bpm | IBI=0 ms | Participant=P15
2718,IBI out of range,Row 2718 | Timestamp: 1712016585400 ms | PPG(Green=2382235, Red=2382235, Ir=2382235) | ACC(X=-5.57090091705322, Y=-5.19008684158325, Z=6.26067686080933) | HR=99 bpm | IBI=0 ms | Participant=P15
2719,IBI out of range,Row 2719 | Timestamp: 1712016585440 ms | PPG(Green=2383259, Red=2383259, Ir=2383259) | ACC(X=-5.50623416900635, Y=-5.0535683631897, Z=6.21996068954468) | HR=98 bpm | IBI=0 ms | Participant=P15
2720,IBI out of range,Row 2720 | Timestamp: 1712016585480 ms | PPG(Green=2384761, Red=2384761, Ir=2384761) | ACC(X=-5.65951776504517, Y=-5.12063026428223, Z=6.26786184310913) | HR=97 bpm | IBI=0 ms | Participant=P15
2721,IBI out of range,Row 2721 | Timestamp: 1712016585520 ms | PPG(Green=2386634, Red=2386634, Ir=2386634) | ACC(X=-5.52299976348877, Y=-5.18050670623779, Z=6.1912202835083) | HR=95 bpm | IBI=0 ms | Participant=P15
2722,HeartRate out of range,Row 2722 | Timestamp: 1712016585560 ms | PPG(Green=2388365, Red=2388365, Ir=2388365) | ACC(X=-5.49186372756958, Y=-5.1493706703186, Z=6.24870157241821) | HR=0 bpm | IBI=0 ms | Participant=P15
2723,HeartRate out of range,Row 2723 | Timestamp: 1712016585600 ms | PPG(Green=2390105, Red=2390105, Ir=2390105) | ACC(X=-5.56850576400757, Y=-5.16134595870972, Z=6.15768957138062) | HR=0 bpm | IBI=0 ms | Participant=P15
2724,IBI out of range,Row 2724 | Timestamp: 1712016585640 ms | PPG(Green=2391984, Red=2391984, Ir=2391984) | ACC(X=-5.57329559326172, Y=-5.19248199462891, Z=6.1840353012085) | HR=94 bpm | IBI=0 ms | Participant=P15
2725,IBI out of range,Row 2725 | Timestamp: 1712016585680 ms | PPG(Green=2393859, Red=2393859, Ir=2393859) | ACC(X=-5.508629322052, Y=-5.17332124710083, Z=6.17684984207153) | HR=95 bpm | IBI=0 ms | Participant=P15
2726,IBI out of range,Row 2726 | Timestamp: 1712016585720 ms | PPG(Green=2396005, Red=2396005, Ir=2396005) | ACC(X=-5.58766603469849, Y=-5.16613626480103, Z=6.16966485977173) | HR=96 bpm | IBI=0 ms | Participant=P15
2727,IBI out of range,Row 2727 | Timestamp: 1712016585760 ms | PPG(Green=2397210, Red=2397210, Ir=2397210) | ACC(X=-5.47030830383301, Y=-5.14458084106445, Z=6.21038055419922) | HR=96 bpm | IBI=0 ms | Participant=P15
2728,IBI out of range,Row 2728 | Timestamp: 1712016585800 ms | PPG(Green=2393971, Red=2393971, Ir=2393971) | ACC(X=-5.48946857452393, Y=-5.21164226531982, Z=6.1912202835083) | HR=98 bpm | IBI=0 ms | Participant=P15
2729,IBI out of range,Row 2729 | Timestamp: 1712016585840 ms | PPG(Green=2389288, Red=2389288, Ir=2389288) | ACC(X=-5.56371545791626, Y=-5.07991409301758, Z=6.14331912994385) | HR=99 bpm | IBI=0 ms | Participant=P15
2730,IBI out of range,Row 2730 | Timestamp: 1712016585880 ms | PPG(Green=2386695, Red=2386695, Ir=2386695) | ACC(X=-5.54934501647949, Y=-5.19727182388306, Z=6.14331912994385) | HR=100 bpm | IBI=0 ms | Participant=P15
2731,IBI out of range,Row 2731 | Timestamp: 1712016585920 ms | PPG(Green=2385940, Red=2385940, Ir=2385940) | ACC(X=-5.45593786239624, Y=-5.24038314819336, Z=6.26307201385498) | HR=101 bpm | IBI=0 ms | Participant=P15
2732,IBI out of range,Row 2732 | Timestamp: 1712016585960 ms | PPG(Green=2385830, Red=2385830, Ir=2385830) | ACC(X=-5.4655179977417, Y=-5.18050670623779, Z=6.18164014816284) | HR=101 bpm | IBI=0 ms | Participant=P15
2733,IBI out of range,Row 2733 | Timestamp: 1712016586000 ms | PPG(Green=2386121, Red=2386121, Ir=2386121) | ACC(X=-5.56850576400757, Y=-5.13500022888184, Z=6.2367262840271) | HR=101 bpm | IBI=0 ms | Participant=P15
2734,IBI out of range,Row 2734 | Timestamp: 1712016586040 ms | PPG(Green=2386432, Red=2386432, Ir=2386432) | ACC(X=-5.50623416900635, Y=-5.16374111175537, Z=6.18642997741699) | HR=101 bpm | IBI=0 ms | Participant=P15
2735,IBI out of range,Row 2735 | Timestamp: 1712016586080 ms | PPG(Green=2386164, Red=2386164, Ir=2386164) | ACC(X=-5.47988843917847, Y=-5.14697551727295, Z=6.18642997741699) | HR=101 bpm | IBI=0 ms | Participant=P15
2736,IBI out of range,Row 2736 | Timestamp: 1712016586120 ms | PPG(Green=2385952, Red=2385952, Ir=2385952) | ACC(X=-5.51581430435181, Y=-5.21882724761963, Z=6.21756601333618) | HR=101 bpm | IBI=0 ms | Participant=P15
2737,IBI out of range,Row 2737 | Timestamp: 1712016586160 ms | PPG(Green=2386397, Red=2386397, Ir=2386397) | ACC(X=-5.49425888061523, Y=-5.13021039962769, Z=6.1840353012085) | HR=101 bpm | IBI=0 ms | Participant=P15
2738,IBI out of range,Row 2738 | Timestamp: 1712016586200 ms | PPG(Green=2387807, Red=2387807, Ir=2387807) | ACC(X=-5.508629322052, Y=-5.11344480514526, Z=6.25349187850952) | HR=101 bpm | IBI=0 ms | Participant=P15
2739,IBI out of range,Row 2739 | Timestamp: 1712016586240 ms | PPG(Green=2389495, Red=2389495, Ir=2389495) | ACC(X=-5.59485149383545, Y=-5.14697551727295, Z=6.22954130172729) | HR=101 bpm | IBI=0 ms | Participant=P15
2740,IBI out of range,Row 2740 | Timestamp: 1712016586280 ms | PPG(Green=2391186, Red=2391186, Ir=2391186) | ACC(X=-5.508629322052, Y=-5.12302541732788, Z=6.2439112663269) | HR=101 bpm | IBI=0 ms | Participant=P15
2741,IBI out of range,Row 2741 | Timestamp: 1712016586320 ms | PPG(Green=2392983, Red=2392983, Ir=2392983) | ACC(X=-5.49186372756958, Y=-5.16613626480103, Z=6.25588655471802) | HR=101 bpm | IBI=0 ms | Participant=P15
2742,IBI out of range,Row 2742 | Timestamp: 1712016586360 ms | PPG(Green=2394757, Red=2394757, Ir=2394757) | ACC(X=-5.49904918670654, Y=-5.17092609405518, Z=6.20798587799072) | HR=101 bpm | IBI=0 ms | Participant=P15
2743,IBI out of range,Row 2743 | Timestamp: 1712016586400 ms | PPG(Green=2396458, Red=2396458, Ir=2396458) | ACC(X=-5.56371545791626, Y=-5.10865497589111, Z=6.26546716690063) | HR=100 bpm | IBI=0 ms | Participant=P15
2744,IBI out of range,Row 2744 | Timestamp: 1712016586440 ms | PPG(Green=2398476, Red=2398476, Ir=2398476) | ACC(X=-5.49186372756958, Y=-5.16374111175537, Z=6.12655353546143) | HR=100 bpm | IBI=0 ms | Participant=P15
2745,IBI out of range,Row 2745 | Timestamp: 1712016586480 ms | PPG(Green=2400492, Red=2400492, Ir=2400492) | ACC(X=-5.56371545791626, Y=-5.14458084106445, Z=6.23193597793579) | HR=99 bpm | IBI=0 ms | Participant=P15
2746,IBI out of range,Row 2746 | Timestamp: 1712016586520 ms | PPG(Green=2400364, Red=2400364, Ir=2400364) | ACC(X=-5.47509860992432, Y=-5.12542009353638, Z=6.30618286132813) | HR=99 bpm | IBI=0 ms | Participant=P15
2747,IBI out of range,Row 2747 | Timestamp: 1712016586560 ms | PPG(Green=2395696, Red=2395696, Ir=2395696) | ACC(X=-5.54216003417969, Y=-5.10865497589111, Z=6.22714614868164) | HR=98 bpm | IBI=0 ms | Participant=P15
2748,IBI out of range,Row 2748 | Timestamp: 1712016586600 ms | PPG(Green=2391624, Red=2391624, Ir=2391624) | ACC(X=-5.59245634078979, Y=-5.19727182388306, Z=6.16726970672607) | HR=99 bpm | IBI=0 ms | Participant=P15
2749,IBI out of range,Row 2749 | Timestamp: 1712016586640 ms | PPG(Green=2389922, Red=2389922, Ir=2389922) | ACC(X=-5.52539443969727, Y=-5.20445728302002, Z=6.2367262840271) | HR=98 bpm | IBI=0 ms | Participant=P15
2750,IBI out of range,Row 2750 | Timestamp: 1712016586680 ms | PPG(Green=2389405, Red=2389405, Ir=2389405) | ACC(X=-5.53257989883423, Y=-5.11583995819092, Z=6.18642997741699) | HR=99 bpm | IBI=0 ms | Participant=P15
2751,IBI out of range,Row 2751 | Timestamp: 1712016586720 ms | PPG(Green=2389514, Red=2389514, Ir=2389514) | ACC(X=-5.54934501647949, Y=-5.11105012893677, Z=6.19840526580811) | HR=99 bpm | IBI=0 ms | Participant=P15
2752,IBI out of range,Row 2752 | Timestamp: 1712016586760 ms | PPG(Green=2389629, Red=2389629, Ir=2389629) | ACC(X=-5.58527088165283, Y=-5.13979053497314, Z=6.24630641937256) | HR=99 bpm | IBI=0 ms | Participant=P15
2753,HeartRate out of range,Row 2753 | Timestamp: 1712016586800 ms | PPG(Green=2389468, Red=2389468, Ir=2389468) | ACC(X=-5.53257989883423, Y=-5.1876916885376, Z=6.27025699615479) | HR=0 bpm | IBI=0 ms | Participant=P15
2754,HeartRate out of range,Row 2754 | Timestamp: 1712016586840 ms | PPG(Green=2389092, Red=2389092, Ir=2389092) | ACC(X=-5.54455518722534, Y=-5.1421856880188, Z=6.22235584259033) | HR=0 bpm | IBI=0 ms | Participant=P15
2755,IBI out of range,Row 2755 | Timestamp: 1712016586880 ms | PPG(Green=2388921, Red=2388921, Ir=2388921) | ACC(X=-5.56611061096191, Y=-5.1493706703186, Z=6.28702259063721) | HR=99 bpm | IBI=0 ms | Participant=P15
2756,IBI out of range,Row 2756 | Timestamp: 1712016586920 ms | PPG(Green=2389729, Red=2389729, Ir=2389729) | ACC(X=-5.53497505187988, Y=-5.07272911071777, Z=6.18882513046265) | HR=99 bpm | IBI=0 ms | Participant=P15
2757,IBI out of range,Row 2757 | Timestamp: 1712016586960 ms | PPG(Green=2391047, Red=2391047, Ir=2391047) | ACC(X=-5.51102447509766, Y=-5.11823511123657, Z=6.25349187850952) | HR=99 bpm | IBI=0 ms | Participant=P15
2758,IBI out of range,Row 2758 | Timestamp: 1712016587000 ms | PPG(Green=2392597, Red=2392597, Ir=2392597) | ACC(X=-5.52778959274292, Y=-5.19966697692871, Z=6.17445468902588) | HR=99 bpm | IBI=0 ms | Participant=P15
2759,IBI out of range,Row 2759 | Timestamp: 1712016587040 ms | PPG(Green=2394244, Red=2394244, Ir=2394244) | ACC(X=-5.508629322052, Y=-5.12781524658203, Z=6.22475099563599) | HR=99 bpm | IBI=0 ms | Participant=P15
2760,IBI out of range,Row 2760 | Timestamp: 1712016587080 ms | PPG(Green=2395881, Red=2395881, Ir=2395881) | ACC(X=-5.49186372756958, Y=-5.13979053497314, Z=6.25828170776367) | HR=99 bpm | IBI=0 ms | Participant=P15
2761,IBI out of range,Row 2761 | Timestamp: 1712016587120 ms | PPG(Green=2397500, Red=2397500, Ir=2397500) | ACC(X=-5.57090091705322, Y=-5.19248199462891, Z=6.19840526580811) | HR=99 bpm | IBI=0 ms | Participant=P15
2762,IBI out of range,Row 2762 | Timestamp: 1712016587160 ms | PPG(Green=2401132, Red=2401132, Ir=2401132) | ACC(X=-5.48707389831543, Y=-5.12302541732788, Z=6.22235584259033) | HR=100 bpm | IBI=0 ms | Participant=P15
2763,IBI out of range,Row 2763 | Timestamp: 1712016587200 ms | PPG(Green=2402670, Red=2402670, Ir=2402670) | ACC(X=-5.546950340271, Y=-5.12063026428223, Z=6.15529441833496) | HR=100 bpm | IBI=0 ms | Participant=P15
2764,HeartRate out of range,Row 2764 | Timestamp: 1712016587240 ms | PPG(Green=2400186, Red=2400186, Ir=2400186) | ACC(X=-5.55174016952515, Y=-5.1876916885376, Z=6.24630641937256) | HR=0 bpm | IBI=0 ms | Participant=P15
2765,HeartRate out of range,Row 2765 | Timestamp: 1712016587280 ms | PPG(Green=2395208, Red=2395208, Ir=2395208) | ACC(X=-5.48707389831543, Y=-5.16374111175537, Z=6.20559072494507) | HR=0 bpm | IBI=0 ms | Participant=P15
2766,HeartRate out of range,Row 2766 | Timestamp: 1712016587320 ms | PPG(Green=2392171, Red=2392171, Ir=2392171) | ACC(X=-5.56371545791626, Y=-5.1876916885376, Z=6.22475099563599) | HR=0 bpm | IBI=0 ms | Participant=P15
2767,HeartRate out of range,Row 2767 | Timestamp: 1712016587360 ms | PPG(Green=2391040, Red=2391040, Ir=2391040) | ACC(X=-5.51102447509766, Y=-5.17571640014648, Z=6.24870157241821) | HR=0 bpm | IBI=0 ms | Participant=P15
2768,IBI out of range,Row 2768 | Timestamp: 1712016587400 ms | PPG(Green=2390593, Red=2390593, Ir=2390593) | ACC(X=-5.52060461044312, Y=-5.18290138244629, Z=6.27983713150024) | HR=99 bpm | IBI=0 ms | Participant=P15
2769,IBI out of range,Row 2769 | Timestamp: 1712016587440 ms | PPG(Green=2390609, Red=2390609, Ir=2390609) | ACC(X=-5.546950340271, Y=-5.17811155319214, Z=6.1912202835083) | HR=99 bpm | IBI=0 ms | Participant=P15
2770,HeartRate out of range,Row 2770 | Timestamp: 1712016587480 ms | PPG(Green=2390464, Red=2390464, Ir=2390464) | ACC(X=-5.55174016952515, Y=-5.16374111175537, Z=6.19601058959961) | HR=0 bpm | IBI=0 ms | Participant=P15
2771,HeartRate out of range,Row 2771 | Timestamp: 1712016587520 ms | PPG(Green=2390225, Red=2390225, Ir=2390225) | ACC(X=-5.47749328613281, Y=-5.19966697692871, Z=6.26786184310913) | HR=0 bpm | IBI=0 ms | Participant=P15
2772,HeartRate out of range,Row 2772 | Timestamp: 1712016587560 ms | PPG(Green=2389719, Red=2389719, Ir=2389719) | ACC(X=-5.4583330154419, Y=-5.20924711227417, Z=6.14810943603516) | HR=0 bpm | IBI=0 ms | Participant=P15
2773,IBI out of range,Row 2773 | Timestamp: 1712016587600 ms | PPG(Green=2390014, Red=2390014, Ir=2390014) | ACC(X=-5.51820945739746, Y=-5.22840785980225, Z=6.22954130172729) | HR=98 bpm | IBI=0 ms | Participant=P15
2774,IBI out of range,Row 2774 | Timestamp: 1712016587640 ms | PPG(Green=2390897, Red=2390897, Ir=2390897) | ACC(X=-5.55174016952515, Y=-5.13739538192749, Z=6.25349187850952) | HR=97 bpm | IBI=0 ms | Participant=P15
2775,IBI out of range,Row 2775 | Timestamp: 1712016587680 ms | PPG(Green=2392457, Red=2392457, Ir=2392457) | ACC(X=-5.49904918670654, Y=-5.15416097640991, Z=6.17684984207153) | HR=96 bpm | IBI=0 ms | Participant=P15
2776,IBI out of range,Row 2776 | Timestamp: 1712016587720 ms | PPG(Green=2393887, Red=2393887, Ir=2393887) | ACC(X=-5.55174016952515, Y=-5.10625982284546, Z=6.20798587799072) | HR=96 bpm | IBI=0 ms | Participant=P15
2777,IBI out of range,Row 2777 | Timestamp: 1712016587760 ms | PPG(Green=2395522, Red=2395522, Ir=2395522) | ACC(X=-5.51341915130615, Y=-5.18529653549194, Z=6.21996068954468) | HR=96 bpm | IBI=0 ms | Participant=P15
2778,IBI out of range,Row 2778 | Timestamp: 1712016587800 ms | PPG(Green=2397193, Red=2397193, Ir=2397193) | ACC(X=-5.49186372756958, Y=-5.16853141784668, Z=6.23433113098145) | HR=96 bpm | IBI=0 ms | Participant=P15
2779,IBI out of range,Row 2779 | Timestamp: 1712016587840 ms | PPG(Green=2398773, Red=2398773, Ir=2398773) | ACC(X=-5.4631233215332, Y=-5.16613626480103, Z=6.1912202835083) | HR=96 bpm | IBI=0 ms | Participant=P15
2780,IBI out of range,Row 2780 | Timestamp: 1712016587880 ms | PPG(Green=2400525, Red=2400525, Ir=2400525) | ACC(X=-5.51820945739746, Y=-5.15655612945557, Z=6.2439112663269) | HR=97 bpm | IBI=0 ms | Participant=P15
2781,IBI out of range,Row 2781 | Timestamp: 1712016587920 ms | PPG(Green=2402607, Red=2402607, Ir=2402607) | ACC(X=-5.48946857452393, Y=-5.13979053497314, Z=6.23193597793579) | HR=97 bpm | IBI=0 ms | Participant=P15
2782,IBI out of range,Row 2782 | Timestamp: 1712016587960 ms | PPG(Green=2403772, Red=2403772, Ir=2403772) | ACC(X=-5.56132030487061, Y=-5.20445728302002, Z=6.16008472442627) | HR=98 bpm | IBI=0 ms | Participant=P15
2783,HeartRate out of range,Row 2783 | Timestamp: 1712016588000 ms | PPG(Green=2400386, Red=2400386, Ir=2400386) | ACC(X=-5.49665403366089, Y=-5.18050670623779, Z=6.25828170776367) | HR=0 bpm | IBI=0 ms | Participant=P15
2784,HeartRate out of range,Row 2784 | Timestamp: 1712016588040 ms | PPG(Green=2395781, Red=2395781, Ir=2395781) | ACC(X=-5.54455518722534, Y=-5.22601270675659, Z=6.21996068954468) | HR=0 bpm | IBI=0 ms | Participant=P15
2785,IBI out of range,Row 2785 | Timestamp: 1712016588080 ms | PPG(Green=2393268, Red=2393268, Ir=2393268) | ACC(X=-5.47030830383301, Y=-5.11823511123657, Z=6.21277570724487) | HR=96 bpm | IBI=0 ms | Participant=P15
2786,HeartRate out of range,Row 2786 | Timestamp: 1712016588120 ms | PPG(Green=2392301, Red=2392301, Ir=2392301) | ACC(X=-5.48467874526978, Y=-5.16374111175537, Z=6.25828170776367) | HR=0 bpm | IBI=0 ms | Participant=P15
2787,HeartRate out of range,Row 2787 | Timestamp: 1712016588160 ms | PPG(Green=2392150, Red=2392150, Ir=2392150) | ACC(X=-5.4631233215332, Y=-5.19727182388306, Z=6.17924499511719) | HR=0 bpm | IBI=0 ms | Participant=P15
2788,HeartRate out of range,Row 2788 | Timestamp: 1712016588200 ms | PPG(Green=2392202, Red=2392202, Ir=2392202) | ACC(X=-5.53976488113403, Y=-5.14697551727295, Z=6.13852882385254) | HR=0 bpm | IBI=0 ms | Participant=P15
2789,IBI out of range,Row 2789 | Timestamp: 1712016588240 ms | PPG(Green=2392065, Red=2392065, Ir=2392065) | ACC(X=-5.60203647613525, Y=-5.15176582336426, Z=6.23433113098145) | HR=97 bpm | IBI=0 ms | Participant=P15
2790,HeartRate out of range,Row 2790 | Timestamp: 1712016588280 ms | PPG(Green=2391553, Red=2391553, Ir=2391553) | ACC(X=-5.59724617004395, Y=-5.09428453445435, Z=6.23193597793579) | HR=0 bpm | IBI=0 ms | Participant=P15
2791,HeartRate out of range,Row 2791 | Timestamp: 1712016588320 ms | PPG(Green=2391021, Red=2391021, Ir=2391021) | ACC(X=-5.55174016952515, Y=-5.13021039962769, Z=6.20319557189941) | HR=0 bpm | IBI=0 ms | Participant=P15
2792,HeartRate out of range,Row 2792 | Timestamp: 1712016588360 ms | PPG(Green=2391077, Red=2391077, Ir=2391077) | ACC(X=-5.546950340271, Y=-5.13260555267334, Z=6.22714614868164) | HR=0 bpm | IBI=0 ms | Participant=P15
2793,HeartRate out of range,Row 2793 | Timestamp: 1712016588400 ms | PPG(Green=2391825, Red=2391825, Ir=2391825) | ACC(X=-5.53976488113403, Y=-5.13979053497314, Z=6.25349187850952) | HR=0 bpm | IBI=0 ms | Participant=P15
2794,HeartRate out of range,Row 2794 | Timestamp: 1712016588440 ms | PPG(Green=2392972, Red=2392972, Ir=2392972) | ACC(X=-5.58048105239868, Y=-5.13021039962769, Z=6.21996068954468) | HR=0 bpm | IBI=0 ms | Participant=P15
2795,HeartRate out of range,Row 2795 | Timestamp: 1712016588480 ms | PPG(Green=2394202, Red=2394202, Ir=2394202) | ACC(X=-5.52778959274292, Y=-5.16613626480103, Z=6.22714614868164) | HR=0 bpm | IBI=0 ms | Participant=P15
2796,HeartRate out of range,Row 2796 | Timestamp: 1712016588520 ms | PPG(Green=2395348, Red=2395348, Ir=2395348) | ACC(X=-5.58287620544434, Y=-5.12302541732788, Z=6.16487455368042) | HR=0 bpm | IBI=0 ms | Participant=P15
2797,HeartRate out of range,Row 2797 | Timestamp: 1712016588560 ms | PPG(Green=2396531, Red=2396531, Ir=2396531) | ACC(X=-5.55653047561646, Y=-5.18529653549194, Z=6.2439112663269) | HR=0 bpm | IBI=0 ms | Participant=P15
2798,HeartRate out of range,Row 2798 | Timestamp: 1712016588600 ms | PPG(Green=2397755, Red=2397755, Ir=2397755) | ACC(X=-5.5996413230896, Y=-5.07991409301758, Z=6.17206001281738) | HR=0 bpm | IBI=860 ms | Participant=P15
2799,HeartRate out of range,Row 2799 | Timestamp: 1712016588640 ms | PPG(Green=2399248, Red=2399248, Ir=2399248) | ACC(X=-5.508629322052, Y=-5.10865497589111, Z=6.16008472442627) | HR=0 bpm | IBI=880 ms | Participant=P15
2800,HeartRate out of range,Row 2800 | Timestamp: 1712016588680 ms | PPG(Green=2400484, Red=2400484, Ir=2400484) | ACC(X=-5.58048105239868, Y=-5.14458084106445, Z=6.21996068954468) | HR=0 bpm | IBI=901 ms | Participant=P15
2801,HeartRate out of range,Row 2801 | Timestamp: 1712016588720 ms | PPG(Green=2398540, Red=2398540, Ir=2398540) | ACC(X=-5.52778959274292, Y=-5.07033395767212, Z=6.27744245529175) | HR=0 bpm | IBI=916 ms | Participant=P15
2802,HeartRate out of range,Row 2802 | Timestamp: 1712016588760 ms | PPG(Green=2392560, Red=2392560, Ir=2392560) | ACC(X=-5.56371545791626, Y=-5.13739538192749, Z=6.14810943603516) | HR=0 bpm | IBI=601 ms | Participant=P15
2803,IBI out of range,Row 2803 | Timestamp: 1712016588800 ms | PPG(Green=2388202, Red=2388202, Ir=2388202) | ACC(X=-5.57808589935303, Y=-5.07033395767212, Z=6.26786184310913) | HR=92 bpm | IBI=0 ms | Participant=P15
2804,IBI out of range,Row 2804 | Timestamp: 1712016588840 ms | PPG(Green=2385960, Red=2385960, Ir=2385960) | ACC(X=-5.57090091705322, Y=-5.12302541732788, Z=6.18164014816284) | HR=91 bpm | IBI=0 ms | Participant=P15
2805,IBI out of range,Row 2805 | Timestamp: 1712016588880 ms | PPG(Green=2384785, Red=2384785, Ir=2384785) | ACC(X=-5.59006118774414, Y=-5.0511736869812, Z=6.19601058959961) | HR=90 bpm | IBI=0 ms | Participant=P15
2806,IBI out of range,Row 2806 | Timestamp: 1712016588920 ms | PPG(Green=2384154, Red=2384154, Ir=2384154) | ACC(X=-5.59724617004395, Y=-5.17092609405518, Z=6.14331912994385) | HR=89 bpm | IBI=0 ms | Participant=P15
2807,IBI out of range,Row 2807 | Timestamp: 1712016588960 ms | PPG(Green=2383559, Red=2383559, Ir=2383559) | ACC(X=-5.60443162918091, Y=-5.06793880462646, Z=6.30378770828247) | HR=90 bpm | IBI=0 ms | Participant=P15
2808,IBI out of range,Row 2808 | Timestamp: 1712016589000 ms | PPG(Green=2382228, Red=2382228, Ir=2382228) | ACC(X=-5.54455518722534, Y=-5.07751893997192, Z=6.19601058959961) | HR=90 bpm | IBI=0 ms | Participant=P15
2809,IBI out of range,Row 2809 | Timestamp: 1712016589040 ms | PPG(Green=2380665, Red=2380665, Ir=2380665) | ACC(X=-5.56371545791626, Y=-5.08230924606323, Z=6.22235584259033) | HR=91 bpm | IBI=0 ms | Participant=P15
2810,IBI out of range,Row 2810 | Timestamp: 1712016589080 ms | PPG(Green=2379877, Red=2379877, Ir=2379877) | ACC(X=-5.61880159378052, Y=-5.12781524658203, Z=6.21756601333618) | HR=91 bpm | IBI=0 ms | Participant=P15
2811,IBI out of range,Row 2811 | Timestamp: 1712016589120 ms | PPG(Green=2379549, Red=2379549, Ir=2379549) | ACC(X=-5.58527088165283, Y=-5.02243280410767, Z=6.25349187850952) | HR=92 bpm | IBI=0 ms | Participant=P15
2812,IBI out of range,Row 2812 | Timestamp: 1712016589160 ms | PPG(Green=2379619, Red=2379619, Ir=2379619) | ACC(X=-5.58766603469849, Y=-5.10146951675415, Z=6.16966485977173) | HR=91 bpm | IBI=0 ms | Participant=P15
2813,IBI out of range,Row 2813 | Timestamp: 1712016589200 ms | PPG(Green=2380216, Red=2380216, Ir=2380216) | ACC(X=-5.59724617004395, Y=-5.12063026428223, Z=6.20080041885376) | HR=90 bpm | IBI=0 ms | Participant=P15
2814,IBI out of range,Row 2814 | Timestamp: 1712016589240 ms | PPG(Green=2380888, Red=2380888, Ir=2380888) | ACC(X=-5.63077688217163, Y=-5.14697551727295, Z=6.19601058959961) | HR=89 bpm | IBI=0 ms | Participant=P15
2815,IBI out of range,Row 2815 | Timestamp: 1712016589280 ms | PPG(Green=2381423, Red=2381423, Ir=2381423) | ACC(X=-5.55653047561646, Y=-5.0966796875, Z=6.21038055419922) | HR=88 bpm | IBI=0 ms | Participant=P15
2816,IBI out of range,Row 2816 | Timestamp: 1712016589320 ms | PPG(Green=2381908, Red=2381908, Ir=2381908) | ACC(X=-5.53736972808838, Y=-5.12542009353638, Z=6.15289926528931) | HR=87 bpm | IBI=0 ms | Participant=P15
2818,IBI out of range,Row 2818 | Timestamp: 1712016589400 ms | PPG(Green=2381779, Red=2381779, Ir=2381779) | ACC(X=-5.5996413230896, Y=-5.12302541732788, Z=6.23433113098145) | HR=87 bpm | IBI=0 ms | Participant=P15
2819,IBI out of range,Row 2819 | Timestamp: 1712016589440 ms | PPG(Green=2376928, Red=2376928, Ir=2376928) | ACC(X=-5.65233278274536, Y=-5.12542009353638, Z=6.16247940063477) | HR=87 bpm | IBI=0 ms | Participant=P15
2820,IBI out of range,Row 2820 | Timestamp: 1712016589480 ms | PPG(Green=2371593, Red=2371593, Ir=2371593) | ACC(X=-5.62359189987183, Y=-5.08709955215454, Z=6.14331912994385) | HR=87 bpm | IBI=0 ms | Participant=P15
2821,IBI out of range,Row 2821 | Timestamp: 1712016589520 ms | PPG(Green=2367812, Red=2367812, Ir=2367812) | ACC(X=-5.57569074630737, Y=-5.08949422836304, Z=6.17684984207153) | HR=87 bpm | IBI=0 ms | Participant=P15
2822,IBI out of range,Row 2822 | Timestamp: 1712016589560 ms | PPG(Green=2365521, Red=2365521, Ir=2365521) | ACC(X=-5.65712261199951, Y=-5.13260555267334, Z=6.21756601333618) | HR=87 bpm | IBI=0 ms | Participant=P15
2823,IBI out of range,Row 2823 | Timestamp: 1712016589600 ms | PPG(Green=2364090, Red=2364090, Ir=2364090) | ACC(X=-5.66670274734497, Y=-5.08709955215454, Z=6.11697340011597) | HR=87 bpm | IBI=0 ms | Participant=P15
2824,IBI out of range,Row 2824 | Timestamp: 1712016589640 ms | PPG(Green=2363338, Red=2363338, Ir=2363338) | ACC(X=-5.69783878326416, Y=-5.0511736869812, Z=6.23193597793579) | HR=87 bpm | IBI=0 ms | Participant=P15
2825,IBI out of range,Row 2825 | Timestamp: 1712016589680 ms | PPG(Green=2362045, Red=2362045, Ir=2362045) | ACC(X=-5.6068263053894, Y=-5.06075382232666, Z=6.1840353012085) | HR=87 bpm | IBI=0 ms | Participant=P15
2826,IBI out of range,Row 2826 | Timestamp: 1712016589720 ms | PPG(Green=2360230, Red=2360230, Ir=2360230) | ACC(X=-5.64275217056274, Y=-5.03201293945313, Z=6.10499811172485) | HR=87 bpm | IBI=0 ms | Participant=P15
2827,IBI out of range,Row 2827 | Timestamp: 1712016589760 ms | PPG(Green=2358395, Red=2358395, Ir=2358395) | ACC(X=-5.6882586479187, Y=-5.05835866928101, Z=6.12894868850708) | HR=87 bpm | IBI=0 ms | Participant=P15
2828,IBI out of range,Row 2828 | Timestamp: 1712016589800 ms | PPG(Green=2357190, Red=2357190, Ir=2357190) | ACC(X=-5.66909790039063, Y=-5.04398822784424, Z=6.16008472442627) | HR=87 bpm | IBI=0 ms | Participant=P15
2829,IBI out of range,Row 2829 | Timestamp: 1712016589840 ms | PPG(Green=2356323, Red=2356323, Ir=2356323) | ACC(X=-5.62598705291748, Y=-5.09907484054565, Z=6.12894868850708) | HR=87 bpm | IBI=0 ms | Participant=P15
2830,IBI out of range,Row 2830 | Timestamp: 1712016589880 ms | PPG(Green=2355834, Red=2355834, Ir=2355834) | ACC(X=-5.59245634078979, Y=-5.09907484054565, Z=6.09302282333374) | HR=87 bpm | IBI=0 ms | Participant=P15
2831,IBI out of range,Row 2831 | Timestamp: 1712016589920 ms | PPG(Green=2355608, Red=2355608, Ir=2355608) | ACC(X=-5.68586349487305, Y=-5.03440809249878, Z=6.2367262840271) | HR=88 bpm | IBI=0 ms | Participant=P15
2832,IBI out of range,Row 2832 | Timestamp: 1712016589960 ms | PPG(Green=2355673, Red=2355673, Ir=2355673) | ACC(X=-5.65712261199951, Y=-5.01764249801636, Z=6.12894868850708) | HR=88 bpm | IBI=0 ms | Participant=P15
2833,IBI out of range,Row 2833 | Timestamp: 1712016590000 ms | PPG(Green=2355819, Red=2355819, Ir=2355819) | ACC(X=-5.56132030487061, Y=-5.16374111175537, Z=6.1026029586792) | HR=88 bpm | IBI=0 ms | Participant=P15
2834,IBI out of range,Row 2834 | Timestamp: 1712016590040 ms | PPG(Green=2356260, Red=2356260, Ir=2356260) | ACC(X=-5.57569074630737, Y=-5.14697551727295, Z=6.27504730224609) | HR=89 bpm | IBI=0 ms | Participant=P15
2835,IBI out of range,Row 2835 | Timestamp: 1712016590080 ms | PPG(Green=2352877, Red=2352877, Ir=2352877) | ACC(X=-5.69783878326416, Y=-5.06314897537231, Z=6.24151659011841) | HR=89 bpm | IBI=0 ms | Participant=P15
2836,IBI out of range,Row 2836 | Timestamp: 1712016590120 ms | PPG(Green=2344421, Red=2344421, Ir=2344421) | ACC(X=-5.65472745895386, Y=-5.01764249801636, Z=6.15050411224365) | HR=89 bpm | IBI=0 ms | Participant=P15
2837,IBI out of range,Row 2837 | Timestamp: 1712016590160 ms | PPG(Green=2336138, Red=2336138, Ir=2336138) | ACC(X=-5.60922145843506, Y=-5.07272911071777, Z=6.11936855316162) | HR=88 bpm | IBI=0 ms | Participant=P15
2838,IBI out of range,Row 2838 | Timestamp: 1712016590200 ms | PPG(Green=2330242, Red=2330242, Ir=2330242) | ACC(X=-5.60203647613525, Y=-5.05835866928101, Z=6.10978841781616) | HR=87 bpm | IBI=0 ms | Participant=P15
2839,IBI out of range,Row 2839 | Timestamp: 1712016590240 ms | PPG(Green=2326536, Red=2326536, Ir=2326536) | ACC(X=-5.6882586479187, Y=-5.11344480514526, Z=6.2367262840271) | HR=87 bpm | IBI=0 ms | Participant=P15
2840,IBI out of range,Row 2840 | Timestamp: 1712016590280 ms | PPG(Green=2324165, Red=2324165, Ir=2324165) | ACC(X=-5.63317203521729, Y=-5.05835866928101, Z=6.1912202835083) | HR=87 bpm | IBI=0 ms | Participant=P15
2841,IBI out of range,Row 2841 | Timestamp: 1712016590320 ms | PPG(Green=2322408, Red=2322408, Ir=2322408) | ACC(X=-5.66909790039063, Y=-5.02722311019897, Z=6.13613414764404) | HR=88 bpm | IBI=0 ms | Participant=P15
2842,IBI out of range,Row 2842 | Timestamp: 1712016590360 ms | PPG(Green=2320523, Red=2320523, Ir=2320523) | ACC(X=-5.64993762969971, Y=-5.10865497589111, Z=6.1840353012085) | HR=89 bpm | IBI=0 ms | Participant=P15
2843,IBI out of range,Row 2843 | Timestamp: 1712016590400 ms | PPG(Green=2318974, Red=2318974, Ir=2318974) | ACC(X=-5.5541353225708, Y=-5.14697551727295, Z=6.15289926528931) | HR=88 bpm | IBI=0 ms | Participant=P15
2844,IBI out of range,Row 2844 | Timestamp: 1712016590440 ms | PPG(Green=2317976, Red=2317976, Ir=2317976) | ACC(X=-5.58527088165283, Y=-5.12063026428223, Z=6.11218357086182) | HR=88 bpm | IBI=0 ms | Participant=P15
2845,IBI out of range,Row 2845 | Timestamp: 1712016590480 ms | PPG(Green=2318145, Red=2318145, Ir=2318145) | ACC(X=-5.63556718826294, Y=-5.10865497589111, Z=6.12655353546143) | HR=87 bpm | IBI=0 ms | Participant=P15
2846,IBI out of range,Row 2846 | Timestamp: 1712016590520 ms | PPG(Green=2318966, Red=2318966, Ir=2318966) | ACC(X=-5.64275217056274, Y=-5.13500022888184, Z=6.19361543655396) | HR=87 bpm | IBI=0 ms | Participant=P15
2847,IBI out of range,Row 2847 | Timestamp: 1712016590560 ms | PPG(Green=2320041, Red=2320041, Ir=2320041) | ACC(X=-5.60922145843506, Y=-5.05835866928101, Z=6.22235584259033) | HR=86 bpm | IBI=0 ms | Participant=P15
2848,IBI out of range,Row 2848 | Timestamp: 1712016590600 ms | PPG(Green=2321119, Red=2321119, Ir=2321119) | ACC(X=-5.60443162918091, Y=-5.14697551727295, Z=6.16008472442627) | HR=86 bpm | IBI=0 ms | Participant=P15
2849,IBI out of range,Row 2849 | Timestamp: 1712016590640 ms | PPG(Green=2322684, Red=2322684, Ir=2322684) | ACC(X=-5.56371545791626, Y=-5.13500022888184, Z=6.21756601333618) | HR=85 bpm | IBI=0 ms | Participant=P15
2850,IBI out of range,Row 2850 | Timestamp: 1712016590680 ms | PPG(Green=2324370, Red=2324370, Ir=2324370) | ACC(X=-5.51102447509766, Y=-5.18050670623779, Z=6.15289926528931) | HR=84 bpm | IBI=0 ms | Participant=P15
2851,IBI out of range,Row 2851 | Timestamp: 1712016590720 ms | PPG(Green=2323141, Red=2323141, Ir=2323141) | ACC(X=-5.5541353225708, Y=-5.16853141784668, Z=6.23433113098145) | HR=84 bpm | IBI=0 ms | Participant=P15
2852,IBI out of range,Row 2852 | Timestamp: 1712016590760 ms | PPG(Green=2317371, Red=2317371, Ir=2317371) | ACC(X=-5.52778959274292, Y=-5.10865497589111, Z=6.13373899459839) | HR=83 bpm | IBI=0 ms | Participant=P15
2853,IBI out of range,Row 2853 | Timestamp: 1712016590800 ms | PPG(Green=2311855, Red=2311855, Ir=2311855) | ACC(X=-5.48467874526978, Y=-5.1948766708374, Z=6.13852882385254) | HR=83 bpm | IBI=0 ms | Participant=P15
2854,IBI out of range,Row 2854 | Timestamp: 1712016590840 ms | PPG(Green=2308314, Red=2308314, Ir=2308314) | ACC(X=-5.50383901596069, Y=-5.17811155319214, Z=6.25588655471802) | HR=82 bpm | IBI=0 ms | Participant=P15
2855,IBI out of range,Row 2855 | Timestamp: 1712016590880 ms | PPG(Green=2305985, Red=2305985, Ir=2305985) | ACC(X=-5.57329559326172, Y=-5.20685195922852, Z=6.21038055419922) | HR=81 bpm | IBI=0 ms | Participant=P15
2856,IBI out of range,Row 2856 | Timestamp: 1712016590920 ms | PPG(Green=2305046, Red=2305046, Ir=2305046) | ACC(X=-5.49665403366089, Y=-5.11344480514526, Z=6.16966485977173) | HR=80 bpm | IBI=0 ms | Participant=P15
2857,IBI out of range,Row 2857 | Timestamp: 1712016590960 ms | PPG(Green=2304915, Red=2304915, Ir=2304915) | ACC(X=-5.49904918670654, Y=-5.19966697692871, Z=6.20798587799072) | HR=80 bpm | IBI=0 ms | Participant=P15
2858,IBI out of range,Row 2858 | Timestamp: 1712016591000 ms | PPG(Green=2304381, Red=2304381, Ir=2304381) | ACC(X=-5.55174016952515, Y=-5.13260555267334, Z=6.09302282333374) | HR=79 bpm | IBI=0 ms | Participant=P15
2859,IBI out of range,Row 2859 | Timestamp: 1712016591040 ms | PPG(Green=2303637, Red=2303637, Ir=2303637) | ACC(X=-5.43917274475098, Y=-5.23798799514771, Z=6.16966485977173) | HR=79 bpm | IBI=0 ms | Participant=P15
2860,IBI out of range,Row 2860 | Timestamp: 1712016591080 ms | PPG(Green=2303799, Red=2303799, Ir=2303799) | ACC(X=-5.47988843917847, Y=-5.3289999961853, Z=6.29660272598267) | HR=78 bpm | IBI=0 ms | Participant=P15
2861,IBI out of range,Row 2861 | Timestamp: 1712016591120 ms | PPG(Green=2304759, Red=2304759, Ir=2304759) | ACC(X=-5.50144386291504, Y=-5.24517297744751, Z=6.27265214920044) | HR=79 bpm | IBI=0 ms | Participant=P15
2862,IBI out of range,Row 2862 | Timestamp: 1712016591160 ms | PPG(Green=2306848, Red=2306848, Ir=2306848) | ACC(X=-5.49186372756958, Y=-5.23080253601074, Z=6.1457142829895) | HR=78 bpm | IBI=0 ms | Participant=P15
2863,IBI out of range,Row 2863 | Timestamp: 1712016591200 ms | PPG(Green=2309797, Red=2309797, Ir=2309797) | ACC(X=-5.42240715026855, Y=-5.22840785980225, Z=6.20559072494507) | HR=78 bpm | IBI=0 ms | Participant=P15
2864,IBI out of range,Row 2864 | Timestamp: 1712016591240 ms | PPG(Green=2312768, Red=2312768, Ir=2312768) | ACC(X=-5.42959260940552, Y=-5.26912355422974, Z=6.08344268798828) | HR=78 bpm | IBI=0 ms | Participant=P15
2865,IBI out of range,Row 2865 | Timestamp: 1712016591280 ms | PPG(Green=2315540, Red=2315540, Ir=2315540) | ACC(X=-5.47988843917847, Y=-5.20924711227417, Z=6.1912202835083) | HR=79 bpm | IBI=0 ms | Participant=P15
2866,IBI out of range,Row 2866 | Timestamp: 1712016591320 ms | PPG(Green=2317831, Red=2317831, Ir=2317831) | ACC(X=-5.51820945739746, Y=-5.21403741836548, Z=6.16966485977173) | HR=78 bpm | IBI=0 ms | Participant=P15
2867,IBI out of range,Row 2867 | Timestamp: 1712016591360 ms | PPG(Green=2317263, Red=2317263, Ir=2317263) | ACC(X=-5.50623416900635, Y=-5.19966697692871, Z=6.19840526580811) | HR=78 bpm | IBI=0 ms | Participant=P15
2868,IBI out of range,Row 2868 | Timestamp: 1712016591400 ms | PPG(Green=2312004, Red=2312004, Ir=2312004) | ACC(X=-5.43198728561401, Y=-5.30025911331177, Z=6.2822322845459) | HR=78 bpm | IBI=0 ms | Participant=P15
2869,IBI out of range,Row 2869 | Timestamp: 1712016591440 ms | PPG(Green=2307960, Red=2307960, Ir=2307960) | ACC(X=-5.43917274475098, Y=-5.27391386032104, Z=6.25828170776367) | HR=78 bpm | IBI=0 ms | Participant=P15
2870,IBI out of range,Row 2870 | Timestamp: 1712016591480 ms | PPG(Green=2305785, Red=2305785, Ir=2305785) | ACC(X=-5.47509860992432, Y=-5.20206212997437, Z=6.17684984207153) | HR=79 bpm | IBI=0 ms | Participant=P15
2871,IBI out of range,Row 2871 | Timestamp: 1712016591520 ms | PPG(Green=2304880, Red=2304880, Ir=2304880) | ACC(X=-5.44875288009644, Y=-5.34337043762207, Z=6.23193597793579) | HR=81 bpm | IBI=0 ms | Participant=P15
2872,IBI out of range,Row 2872 | Timestamp: 1712016591560 ms | PPG(Green=2304725, Red=2304725, Ir=2304725) | ACC(X=-5.49425888061523, Y=-5.20206212997437, Z=6.20319557189941) | HR=81 bpm | IBI=0 ms | Participant=P15
2873,IBI out of range,Row 2873 | Timestamp: 1712016591600 ms | PPG(Green=2305046, Red=2305046, Ir=2305046) | ACC(X=-5.48707389831543, Y=-5.21403741836548, Z=6.22954130172729) | HR=83 bpm | IBI=0 ms | Participant=P15
2874,IBI out of range,Row 2874 | Timestamp: 1712016591640 ms | PPG(Green=2305014, Red=2305014, Ir=2305014) | ACC(X=-5.4583330154419, Y=-5.26672840118408, Z=6.23912143707275) | HR=84 bpm | IBI=0 ms | Participant=P15
2875,HeartRate out of range,Row 2875 | Timestamp: 1712016591680 ms | PPG(Green=2305038, Red=2305038, Ir=2305038) | ACC(X=-5.42959260940552, Y=-5.22840785980225, Z=6.21756601333618) | HR=0 bpm | IBI=0 ms | Participant=P15
2876,HeartRate out of range,Row 2876 | Timestamp: 1712016591720 ms | PPG(Green=2305421, Red=2305421, Ir=2305421) | ACC(X=-5.49186372756958, Y=-5.25714826583862, Z=6.1840353012085) | HR=0 bpm | IBI=0 ms | Participant=P15
2877,HeartRate out of range,Row 2877 | Timestamp: 1712016591760 ms | PPG(Green=2306481, Red=2306481, Ir=2306481) | ACC(X=-5.45114803314209, Y=-5.22361755371094, Z=6.15289926528931) | HR=0 bpm | IBI=0 ms | Participant=P15
2878,IBI out of range,Row 2878 | Timestamp: 1712016591800 ms | PPG(Green=2308224, Red=2308224, Ir=2308224) | ACC(X=-5.42480230331421, Y=-5.28109884262085, Z=6.28702259063721) | HR=83 bpm | IBI=0 ms | Participant=P15
2879,IBI out of range,Row 2879 | Timestamp: 1712016591840 ms | PPG(Green=2310421, Red=2310421, Ir=2310421) | ACC(X=-5.40324687957764, Y=-5.1421856880188, Z=6.20559072494507) | HR=84 bpm | IBI=0 ms | Participant=P15
2880,IBI out of range,Row 2880 | Timestamp: 1712016591880 ms | PPG(Green=2312653, Red=2312653, Ir=2312653) | ACC(X=-5.47988843917847, Y=-5.25235843658447, Z=6.22714614868164) | HR=83 bpm | IBI=0 ms | Participant=P15
2881,IBI out of range,Row 2881 | Timestamp: 1712016591920 ms | PPG(Green=2315194, Red=2315194, Ir=2315194) | ACC(X=-5.41043186187744, Y=-5.31462955474854, Z=6.24151659011841) | HR=83 bpm | IBI=0 ms | Participant=P15
2882,HeartRate out of range,Row 2882 | Timestamp: 1712016591960 ms | PPG(Green=2317572, Red=2317572, Ir=2317572) | ACC(X=-5.43198728561401, Y=-5.24996328353882, Z=6.16966485977173) | HR=0 bpm | IBI=0 ms | Participant=P15
2883,HeartRate out of range,Row 2883 | Timestamp: 1712016592000 ms | PPG(Green=2318883, Red=2318883, Ir=2318883) | ACC(X=-5.47509860992432, Y=-5.2787036895752, Z=6.1840353012085) | HR=0 bpm | IBI=0 ms | Participant=P15
2884,HeartRate out of range,Row 2884 | Timestamp: 1712016592040 ms | PPG(Green=2314940, Red=2314940, Ir=2314940) | ACC(X=-5.4655179977417, Y=-5.22122240066528, Z=6.17445468902588) | HR=0 bpm | IBI=0 ms | Participant=P15
2885,HeartRate out of range,Row 2885 | Timestamp: 1712016592080 ms | PPG(Green=2309637, Red=2309637, Ir=2309637) | ACC(X=-5.43677759170532, Y=-5.29307413101196, Z=6.2367262840271) | HR=0 bpm | IBI=0 ms | Participant=P15
2886,HeartRate out of range,Row 2886 | Timestamp: 1712016592120 ms | PPG(Green=2306765, Red=2306765, Ir=2306765) | ACC(X=-5.41043186187744, Y=-5.29307413101196, Z=6.22714614868164) | HR=0 bpm | IBI=0 ms | Participant=P15
2887,IBI out of range,Row 2887 | Timestamp: 1712016592160 ms | PPG(Green=2305527, Red=2305527, Ir=2305527) | ACC(X=-5.45354270935059, Y=-5.32660484313965, Z=6.18882513046265) | HR=85 bpm | IBI=0 ms | Participant=P15
2888,IBI out of range,Row 2888 | Timestamp: 1712016592200 ms | PPG(Green=2305018, Red=2305018, Ir=2305018) | ACC(X=-5.44635772705078, Y=-5.27151870727539, Z=6.20559072494507) | HR=84 bpm | IBI=0 ms | Participant=P15
2889,HeartRate out of range,Row 2889 | Timestamp: 1712016592240 ms | PPG(Green=2305304, Red=2305304, Ir=2305304) | ACC(X=-5.53257989883423, Y=-5.19727182388306, Z=6.17684984207153) | HR=0 bpm | IBI=0 ms | Participant=P15
2890,HeartRate out of range,Row 2890 | Timestamp: 1712016592280 ms | PPG(Green=2305253, Red=2305253, Ir=2305253) | ACC(X=-5.45114803314209, Y=-5.28109884262085, Z=6.23193597793579) | HR=0 bpm | IBI=0 ms | Participant=P15
2891,HeartRate out of range,Row 2891 | Timestamp: 1712016592320 ms | PPG(Green=2304837, Red=2304837, Ir=2304837) | ACC(X=-5.50623416900635, Y=-5.26672840118408, Z=6.21517086029053) | HR=0 bpm | IBI=0 ms | Participant=P15
2892,HeartRate out of range,Row 2892 | Timestamp: 1712016592360 ms | PPG(Green=2305047, Red=2305047, Ir=2305047) | ACC(X=-5.48707389831543, Y=-5.23559284210205, Z=6.24151659011841) | HR=0 bpm | IBI=0 ms | Participant=P15
2893,HeartRate out of range,Row 2893 | Timestamp: 1712016592400 ms | PPG(Green=2305830, Red=2305830, Ir=2305830) | ACC(X=-5.40803670883179, Y=-5.24996328353882, Z=6.21996068954468) | HR=0 bpm | IBI=0 ms | Participant=P15
2894,HeartRate out of range,Row 2894 | Timestamp: 1712016592440 ms | PPG(Green=2307379, Red=2307379, Ir=2307379) | ACC(X=-5.4583330154419, Y=-5.21882724761963, Z=6.18642997741699) | HR=0 bpm | IBI=0 ms | Participant=P15
2895,HeartRate out of range,Row 2895 | Timestamp: 1712016592480 ms | PPG(Green=2309233, Red=2309233, Ir=2309233) | ACC(X=-5.4655179977417, Y=-5.3673210144043, Z=6.21517086029053) | HR=0 bpm | IBI=0 ms | Participant=P15
2896,HeartRate out of range,Row 2896 | Timestamp: 1712016592520 ms | PPG(Green=2311115, Red=2311115, Ir=2311115) | ACC(X=-5.45114803314209, Y=-5.19008684158325, Z=6.22235584259033) | HR=0 bpm | IBI=0 ms | Participant=P15
2897,HeartRate out of range,Row 2897 | Timestamp: 1712016592560 ms | PPG(Green=2313033, Red=2313033, Ir=2313033) | ACC(X=-5.4655179977417, Y=-5.2763090133667, Z=6.19840526580811) | HR=0 bpm | IBI=0 ms | Participant=P15
2898,HeartRate out of range,Row 2898 | Timestamp: 1712016592600 ms | PPG(Green=2315266, Red=2315266, Ir=2315266) | ACC(X=-5.45593786239624, Y=-5.23798799514771, Z=6.20080041885376) | HR=0 bpm | IBI=0 ms | Participant=P15
2899,HeartRate out of range,Row 2899 | Timestamp: 1712016592640 ms | PPG(Green=2317605, Red=2317605, Ir=2317605) | ACC(X=-5.39606142044067, Y=-5.21403741836548, Z=6.21038055419922) | HR=0 bpm | IBI=0 ms | Participant=P15
2900,HeartRate out of range,Row 2900 | Timestamp: 1712016592680 ms | PPG(Green=2319453, Red=2319453, Ir=2319453) | ACC(X=-5.49904918670654, Y=-5.26672840118408, Z=6.18164014816284) | HR=0 bpm | IBI=0 ms | Participant=P15
2901,HeartRate out of range,Row 2901 | Timestamp: 1712016592720 ms | PPG(Green=2316500, Red=2316500, Ir=2316500) | ACC(X=-5.4200119972229, Y=-5.33139514923096, Z=6.20319557189941) | HR=0 bpm | IBI=0 ms | Participant=P15
2902,HeartRate out of range,Row 2902 | Timestamp: 1712016592760 ms | PPG(Green=2311266, Red=2311266, Ir=2311266) | ACC(X=-5.40564203262329, Y=-5.18290138244629, Z=6.22714614868164) | HR=0 bpm | IBI=0 ms | Participant=P15
2903,HeartRate out of range,Row 2903 | Timestamp: 1712016592800 ms | PPG(Green=2307724, Red=2307724, Ir=2307724) | ACC(X=-5.44396257400513, Y=-5.21164226531982, Z=6.1840353012085) | HR=0 bpm | IBI=0 ms | Participant=P15
2904,HeartRate out of range,Row 2904 | Timestamp: 1712016592840 ms | PPG(Green=2306366, Red=2306366, Ir=2306366) | ACC(X=-5.48467874526978, Y=-5.23798799514771, Z=6.22235584259033) | HR=0 bpm | IBI=0 ms | Participant=P15
2905,HeartRate out of range,Row 2905 | Timestamp: 1712016592880 ms | PPG(Green=2306009, Red=2306009, Ir=2306009) | ACC(X=-5.44156742095947, Y=-5.2763090133667, Z=6.20559072494507) | HR=0 bpm | IBI=0 ms | Participant=P15
2906,IBI out of range,Row 2906 | Timestamp: 1712016592920 ms | PPG(Green=2306510, Red=2306510, Ir=2306510) | ACC(X=-5.43438243865967, Y=-5.23559284210205, Z=6.24151659011841) | HR=83 bpm | IBI=0 ms | Participant=P15
2907,IBI out of range,Row 2907 | Timestamp: 1712016592960 ms | PPG(Green=2306361, Red=2306361, Ir=2306361) | ACC(X=-5.50383901596069, Y=-5.24038314819336, Z=6.18882513046265) | HR=84 bpm | IBI=0 ms | Participant=P15
2908,HeartRate out of range,Row 2908 | Timestamp: 1712016593000 ms | PPG(Green=2306075, Red=2306075, Ir=2306075) | ACC(X=-5.42240715026855, Y=-5.24756813049316, Z=6.21996068954468) | HR=0 bpm | IBI=0 ms | Participant=P15
2909,HeartRate out of range,Row 2909 | Timestamp: 1712016593040 ms | PPG(Green=2305783, Red=2305783, Ir=2305783) | ACC(X=-5.41522216796875, Y=-5.25954341888428, Z=6.12655353546143) | HR=0 bpm | IBI=0 ms | Participant=P15
2910,HeartRate out of range,Row 2910 | Timestamp: 1712016593080 ms | PPG(Green=2306401, Red=2306401, Ir=2306401) | ACC(X=-5.45593786239624, Y=-5.26193857192993, Z=6.23912143707275) | HR=0 bpm | IBI=0 ms | Participant=P15
2911,HeartRate out of range,Row 2911 | Timestamp: 1712016593120 ms | PPG(Green=2307630, Red=2307630, Ir=2307630) | ACC(X=-5.45114803314209, Y=-5.24517297744751, Z=6.19601058959961) | HR=0 bpm | IBI=0 ms | Participant=P15
2912,HeartRate out of range,Row 2912 | Timestamp: 1712016593160 ms | PPG(Green=2309662, Red=2309662, Ir=2309662) | ACC(X=-5.52299976348877, Y=-5.21164226531982, Z=6.19361543655396) | HR=0 bpm | IBI=0 ms | Participant=P15
2913,HeartRate out of range,Row 2913 | Timestamp: 1712016593200 ms | PPG(Green=2311393, Red=2311393, Ir=2311393) | ACC(X=-5.37929630279541, Y=-5.24996328353882, Z=6.18882513046265) | HR=0 bpm | IBI=0 ms | Participant=P15
2914,IBI out of range,Row 2914 | Timestamp: 1712016593240 ms | PPG(Green=2313231, Red=2313231, Ir=2313231) | ACC(X=-5.44875288009644, Y=-5.20685195922852, Z=6.19361543655396) | HR=91 bpm | IBI=0 ms | Participant=P15
2915,IBI out of range,Row 2915 | Timestamp: 1712016593280 ms | PPG(Green=2314998, Red=2314998, Ir=2314998) | ACC(X=-5.47988843917847, Y=-5.24038314819336, Z=6.16726970672607) | HR=91 bpm | IBI=0 ms | Participant=P15
2916,IBI out of range,Row 2916 | Timestamp: 1712016593320 ms | PPG(Green=2317130, Red=2317130, Ir=2317130) | ACC(X=-5.43198728561401, Y=-5.29067897796631, Z=6.18882513046265) | HR=90 bpm | IBI=0 ms | Participant=P15
2917,IBI out of range,Row 2917 | Timestamp: 1712016593360 ms | PPG(Green=2319491, Red=2319491, Ir=2319491) | ACC(X=-5.40803670883179, Y=-5.23798799514771, Z=6.14810943603516) | HR=90 bpm | IBI=0 ms | Participant=P15
2918,IBI out of range,Row 2918 | Timestamp: 1712016593400 ms | PPG(Green=2321500, Red=2321500, Ir=2321500) | ACC(X=-5.49665403366089, Y=-5.24517297744751, Z=6.1840353012085) | HR=90 bpm | IBI=0 ms | Participant=P15
2919,IBI out of range,Row 2919 | Timestamp: 1712016593440 ms | PPG(Green=2318796, Red=2318796, Ir=2318796) | ACC(X=-5.41043186187744, Y=-5.20685195922852, Z=6.23912143707275) | HR=89 bpm | IBI=0 ms | Participant=P15
2920,IBI out of range,Row 2920 | Timestamp: 1712016593480 ms | PPG(Green=2312995, Red=2312995, Ir=2312995) | ACC(X=-5.508629322052, Y=-5.19727182388306, Z=6.2439112663269) | HR=90 bpm | IBI=0 ms | Participant=P15
2921,IBI out of range,Row 2921 | Timestamp: 1712016593520 ms | PPG(Green=2309177, Red=2309177, Ir=2309177) | ACC(X=-5.42240715026855, Y=-5.19248199462891, Z=6.20080041885376) | HR=90 bpm | IBI=0 ms | Participant=P15
2922,IBI out of range,Row 2922 | Timestamp: 1712016593560 ms | PPG(Green=2307982, Red=2307982, Ir=2307982) | ACC(X=-5.49665403366089, Y=-5.27391386032104, Z=6.22475099563599) | HR=90 bpm | IBI=0 ms | Participant=P15
2923,IBI out of range,Row 2923 | Timestamp: 1712016593600 ms | PPG(Green=2307886, Red=2307886, Ir=2307886) | ACC(X=-5.43438243865967, Y=-5.24996328353882, Z=6.24630641937256) | HR=91 bpm | IBI=0 ms | Participant=P15
2924,IBI out of range,Row 2924 | Timestamp: 1712016593640 ms | PPG(Green=2308309, Red=2308309, Ir=2308309) | ACC(X=-5.53018474578857, Y=-5.23080253601074, Z=6.14331912994385) | HR=90 bpm | IBI=0 ms | Participant=P15
2925,IBI out of range,Row 2925 | Timestamp: 1712016593680 ms | PPG(Green=2308384, Red=2308384, Ir=2308384) | ACC(X=-5.47988843917847, Y=-5.26912355422974, Z=6.25588655471802) | HR=90 bpm | IBI=0 ms | Participant=P15
2926,HeartRate out of range,Row 2926 | Timestamp: 1712016593720 ms | PPG(Green=2307881, Red=2307881, Ir=2307881) | ACC(X=-5.44396257400513, Y=-5.23559284210205, Z=6.15050411224365) | HR=0 bpm | IBI=0 ms | Participant=P15
2927,HeartRate out of range,Row 2927 | Timestamp: 1712016593760 ms | PPG(Green=2307397, Red=2307397, Ir=2307397) | ACC(X=-5.38887643814087, Y=-5.28109884262085, Z=6.26786184310913) | HR=0 bpm | IBI=0 ms | Participant=P15
2928,HeartRate out of range,Row 2928 | Timestamp: 1712016593800 ms | PPG(Green=2307776, Red=2307776, Ir=2307776) | ACC(X=-5.37211084365845, Y=-5.20924711227417, Z=6.23912143707275) | HR=0 bpm | IBI=0 ms | Participant=P15
2929,HeartRate out of range,Row 2929 | Timestamp: 1712016593840 ms | PPG(Green=2308983, Red=2308983, Ir=2308983) | ACC(X=-5.49904918670654, Y=-5.16134595870972, Z=6.16726970672607) | HR=0 bpm | IBI=0 ms | Participant=P15
2930,HeartRate out of range,Row 2930 | Timestamp: 1712016593880 ms | PPG(Green=2310488, Red=2310488, Ir=2310488) | ACC(X=-5.49186372756958, Y=-5.21164226531982, Z=6.20798587799072) | HR=0 bpm | IBI=0 ms | Participant=P15
2931,HeartRate out of range,Row 2931 | Timestamp: 1712016593920 ms | PPG(Green=2312369, Red=2312369, Ir=2312369) | ACC(X=-5.4655179977417, Y=-5.24996328353882, Z=6.21038055419922) | HR=0 bpm | IBI=0 ms | Participant=P15
2932,HeartRate out of range,Row 2932 | Timestamp: 1712016593960 ms | PPG(Green=2314230, Red=2314230, Ir=2314230) | ACC(X=-5.42959260940552, Y=-5.23559284210205, Z=6.25828170776367) | HR=0 bpm | IBI=0 ms | Participant=P15
2933,HeartRate out of range,Row 2933 | Timestamp: 1712016594000 ms | PPG(Green=2315911, Red=2315911, Ir=2315911) | ACC(X=-5.47270345687866, Y=-5.30025911331177, Z=6.15768957138062) | HR=0 bpm | IBI=0 ms | Participant=P15
2934,HeartRate out of range,Row 2934 | Timestamp: 1712016594040 ms | PPG(Green=2317735, Red=2317735, Ir=2317735) | ACC(X=-5.39845657348633, Y=-5.25235843658447, Z=6.24630641937256) | HR=0 bpm | IBI=0 ms | Participant=P15
2935,HeartRate out of range,Row 2935 | Timestamp: 1712016594080 ms | PPG(Green=2319915, Red=2319915, Ir=2319915) | ACC(X=-5.42480230331421, Y=-5.25235843658447, Z=6.15529441833496) | HR=0 bpm | IBI=0 ms | Participant=P15
2936,HeartRate out of range,Row 2936 | Timestamp: 1712016594120 ms | PPG(Green=2322010, Red=2322010, Ir=2322010) | ACC(X=-5.51341915130615, Y=-5.28588914871216, Z=6.19840526580811) | HR=0 bpm | IBI=0 ms | Participant=P15
2937,HeartRate out of range,Row 2937 | Timestamp: 1712016594160 ms | PPG(Green=2321133, Red=2321133, Ir=2321133) | ACC(X=-5.43438243865967, Y=-5.21164226531982, Z=6.21038055419922) | HR=0 bpm | IBI=0 ms | Participant=P15
2938,HeartRate out of range,Row 2938 | Timestamp: 1712016594200 ms | PPG(Green=2315583, Red=2315583, Ir=2315583) | ACC(X=-5.48707389831543, Y=-5.21164226531982, Z=6.23193597793579) | HR=0 bpm | IBI=0 ms | Participant=P15
2939,IBI out of range,Row 2939 | Timestamp: 1712016594240 ms | PPG(Green=2311143, Red=2311143, Ir=2311143) | ACC(X=-5.44635772705078, Y=-5.20924711227417, Z=6.18882513046265) | HR=90 bpm | IBI=0 ms | Participant=P15
2940,HeartRate out of range,Row 2940 | Timestamp: 1712016594280 ms | PPG(Green=2309574, Red=2309574, Ir=2309574) | ACC(X=-5.51341915130615, Y=-5.25235843658447, Z=6.29181241989136) | HR=0 bpm | IBI=0 ms | Participant=P15
2941,HeartRate out of range,Row 2941 | Timestamp: 1712016594320 ms | PPG(Green=2309552, Red=2309552, Ir=2309552) | ACC(X=-5.41043186187744, Y=-5.24517297744751, Z=6.17445468902588) | HR=0 bpm | IBI=0 ms | Participant=P15
2942,HeartRate out of range,Row 2942 | Timestamp: 1712016594360 ms | PPG(Green=2310124, Red=2310124, Ir=2310124) | ACC(X=-5.51820945739746, Y=-5.28588914871216, Z=6.14810943603516) | HR=0 bpm | IBI=0 ms | Participant=P15
2943,HeartRate out of range,Row 2943 | Timestamp: 1712016594400 ms | PPG(Green=2310633, Red=2310633, Ir=2310633) | ACC(X=-5.45114803314209, Y=-5.20924711227417, Z=6.22714614868164) | HR=0 bpm | IBI=0 ms | Participant=P15
2944,IBI out of range,Row 2944 | Timestamp: 1712016594440 ms | PPG(Green=2310494, Red=2310494, Ir=2310494) | ACC(X=-5.4583330154419, Y=-5.24517297744751, Z=6.21517086029053) | HR=94 bpm | IBI=0 ms | Participant=P15
2945,HeartRate out of range,Row 2945 | Timestamp: 1712016594480 ms | PPG(Green=2310075, Red=2310075, Ir=2310075) | ACC(X=-5.44156742095947, Y=-5.25714826583862, Z=6.21996068954468) | HR=0 bpm | IBI=0 ms | Participant=P15
2946,IBI out of range,Row 2946 | Timestamp: 1712016594520 ms | PPG(Green=2310205, Red=2310205, Ir=2310205) | ACC(X=-5.45114803314209, Y=-5.23559284210205, Z=6.22954130172729) | HR=95 bpm | IBI=0 ms | Participant=P15
2947,IBI out of range,Row 2947 | Timestamp: 1712016594560 ms | PPG(Green=2311359, Red=2311359, Ir=2311359) | ACC(X=-5.3673210144043, Y=-5.20685195922852, Z=6.21038055419922) | HR=95 bpm | IBI=0 ms | Participant=P15
2948,HeartRate out of range,Row 2948 | Timestamp: 1712016594600 ms | PPG(Green=2313109, Red=2313109, Ir=2313109) | ACC(X=-5.44635772705078, Y=-5.1876916885376, Z=6.26307201385498) | HR=0 bpm | IBI=0 ms | Participant=P15
2949,HeartRate out of range,Row 2949 | Timestamp: 1712016594640 ms | PPG(Green=2314922, Red=2314922, Ir=2314922) | ACC(X=-5.4583330154419, Y=-5.28109884262085, Z=6.21038055419922) | HR=0 bpm | IBI=0 ms | Participant=P15
2950,HeartRate out of range,Row 2950 | Timestamp: 1712016594680 ms | PPG(Green=2316930, Red=2316930, Ir=2316930) | ACC(X=-5.4128270149231, Y=-5.23798799514771, Z=6.24151659011841) | HR=0 bpm | IBI=0 ms | Participant=P15
2951,HeartRate out of range,Row 2951 | Timestamp: 1712016594720 ms | PPG(Green=2318971, Red=2318971, Ir=2318971) | ACC(X=-5.49186372756958, Y=-5.31702470779419, Z=6.23193597793579) | HR=0 bpm | IBI=0 ms | Participant=P15
2952,HeartRate out of range,Row 2952 | Timestamp: 1712016594760 ms | PPG(Green=2320895, Red=2320895, Ir=2320895) | ACC(X=-5.48707389831543, Y=-5.33379030227661, Z=6.22235584259033) | HR=0 bpm | IBI=0 ms | Participant=P15
2953,HeartRate out of range,Row 2953 | Timestamp: 1712016594800 ms | PPG(Green=2323032, Red=2323032, Ir=2323032) | ACC(X=-5.41043186187744, Y=-5.19248199462891, Z=6.16487455368042) | HR=0 bpm | IBI=0 ms | Participant=P15
2954,HeartRate out of range,Row 2954 | Timestamp: 1712016594840 ms | PPG(Green=2325258, Red=2325258, Ir=2325258) | ACC(X=-5.48228359222412, Y=-5.34097528457642, Z=6.11218357086182) | HR=0 bpm | IBI=0 ms | Participant=P15
2955,HeartRate out of range,Row 2955 | Timestamp: 1712016594880 ms | PPG(Green=2325414, Red=2325414, Ir=2325414) | ACC(X=-5.45593786239624, Y=-5.2787036895752, Z=6.25109672546387) | HR=0 bpm | IBI=0 ms | Participant=P15
2956,HeartRate out of range,Row 2956 | Timestamp: 1712016594920 ms | PPG(Green=2320413, Red=2320413, Ir=2320413) | ACC(X=-5.4583330154419, Y=-5.24517297744751, Z=6.28702259063721) | HR=0 bpm | IBI=0 ms | Participant=P15
2957,HeartRate out of range,Row 2957 | Timestamp: 1712016594960 ms | PPG(Green=2315611, Red=2315611, Ir=2315611) | ACC(X=-5.42719745635986, Y=-5.1493706703186, Z=6.15050411224365) | HR=0 bpm | IBI=0 ms | Participant=P15
2958,IBI out of range,Row 2958 | Timestamp: 1712016595000 ms | PPG(Green=2314012, Red=2314012, Ir=2314012) | ACC(X=-5.44156742095947, Y=-5.30983972549438, Z=6.28702259063721) | HR=98 bpm | IBI=0 ms | Participant=P15
2959,IBI out of range,Row 2959 | Timestamp: 1712016595040 ms | PPG(Green=2314229, Red=2314229, Ir=2314229) | ACC(X=-5.4583330154419, Y=-5.25475311279297, Z=6.31097316741943) | HR=99 bpm | IBI=0 ms | Participant=P15
2960,HeartRate out of range,Row 2960 | Timestamp: 1712016595080 ms | PPG(Green=2314985, Red=2314985, Ir=2314985) | ACC(X=-5.53018474578857, Y=-5.1876916885376, Z=6.08583784103394) | HR=0 bpm | IBI=0 ms | Participant=P15
2961,HeartRate out of range,Row 2961 | Timestamp: 1712016595120 ms | PPG(Green=2315872, Red=2315872, Ir=2315872) | ACC(X=-5.51581430435181, Y=-5.1493706703186, Z=6.17445468902588) | HR=0 bpm | IBI=0 ms | Participant=P15
2962,IBI out of range,Row 2962 | Timestamp: 1712016595160 ms | PPG(Green=2316216, Red=2316216, Ir=2316216) | ACC(X=-5.48467874526978, Y=-5.24517297744751, Z=6.23912143707275) | HR=98 bpm | IBI=0 ms | Participant=P15
2963,HeartRate out of range,Row 2963 | Timestamp: 1712016595200 ms | PPG(Green=2315788, Red=2315788, Ir=2315788) | ACC(X=-5.42959260940552, Y=-5.21882724761963, Z=6.22954130172729) | HR=0 bpm | IBI=0 ms | Participant=P15
2964,HeartRate out of range,Row 2964 | Timestamp: 1712016595240 ms | PPG(Green=2315635, Red=2315635, Ir=2315635) | ACC(X=-5.43677759170532, Y=-5.25235843658447, Z=6.19840526580811) | HR=0 bpm | IBI=0 ms | Participant=P15
2965,HeartRate out of range,Row 2965 | Timestamp: 1712016595280 ms | PPG(Green=2316501, Red=2316501, Ir=2316501) | ACC(X=-5.46791315078735, Y=-5.23080253601074, Z=6.21996068954468) | HR=0 bpm | IBI=0 ms | Participant=P15
2966,HeartRate out of range,Row 2966 | Timestamp: 1712016595320 ms | PPG(Green=2318479, Red=2318479, Ir=2318479) | ACC(X=-5.51102447509766, Y=-5.23559284210205, Z=6.20319557189941) | HR=0 bpm | IBI=0 ms | Participant=P15
2967,HeartRate out of range,Row 2967 | Timestamp: 1712016595360 ms | PPG(Green=2320840, Red=2320840, Ir=2320840) | ACC(X=-5.4583330154419, Y=-5.2787036895752, Z=6.16247940063477) | HR=0 bpm | IBI=0 ms | Participant=P15
2968,HeartRate out of range,Row 2968 | Timestamp: 1712016595400 ms | PPG(Green=2323014, Red=2323014, Ir=2323014) | ACC(X=-5.48228359222412, Y=-5.19727182388306, Z=6.20080041885376) | HR=0 bpm | IBI=0 ms | Participant=P15
2969,HeartRate out of range,Row 2969 | Timestamp: 1712016595440 ms | PPG(Green=2325015, Red=2325015, Ir=2325015) | ACC(X=-5.46791315078735, Y=-5.2331976890564, Z=6.20798587799072) | HR=0 bpm | IBI=0 ms | Participant=P15
2970,HeartRate out of range,Row 2970 | Timestamp: 1712016595480 ms | PPG(Green=2326843, Red=2326843, Ir=2326843) | ACC(X=-5.38887643814087, Y=-5.32660484313965, Z=6.19601058959961) | HR=0 bpm | IBI=0 ms | Participant=P15
2971,HeartRate out of range,Row 2971 | Timestamp: 1712016595520 ms | PPG(Green=2328841, Red=2328841, Ir=2328841) | ACC(X=-5.41522216796875, Y=-5.2763090133667, Z=6.21756601333618) | HR=0 bpm | IBI=0 ms | Participant=P15
2972,HeartRate out of range,Row 2972 | Timestamp: 1712016595560 ms | PPG(Green=2331196, Red=2331196, Ir=2331196) | ACC(X=-5.4128270149231, Y=-5.32420969009399, Z=6.18882513046265) | HR=0 bpm | IBI=0 ms | Participant=P15
2973,HeartRate out of range,Row 2973 | Timestamp: 1712016595600 ms | PPG(Green=2331798, Red=2331798, Ir=2331798) | ACC(X=-5.49186372756958, Y=-5.22601270675659, Z=6.21277570724487) | HR=0 bpm | IBI=0 ms | Participant=P15
2974,HeartRate out of range,Row 2974 | Timestamp: 1712016595640 ms | PPG(Green=2327522, Red=2327522, Ir=2327522) | ACC(X=-5.37929630279541, Y=-5.31462955474854, Z=6.1840353012085) | HR=0 bpm | IBI=0 ms | Participant=P15
2975,IBI out of range,Row 2975 | Timestamp: 1712016595680 ms | PPG(Green=2323409, Red=2323409, Ir=2323409) | ACC(X=-5.44875288009644, Y=-5.17332124710083, Z=6.20559072494507) | HR=105 bpm | IBI=0 ms | Participant=P15
2976,IBI out of range,Row 2976 | Timestamp: 1712016595720 ms | PPG(Green=2321909, Red=2321909, Ir=2321909) | ACC(X=-5.50383901596069, Y=-5.26193857192993, Z=6.2367262840271) | HR=105 bpm | IBI=0 ms | Participant=P15
2977,HeartRate out of range,Row 2977 | Timestamp: 1712016595760 ms | PPG(Green=2322133, Red=2322133, Ir=2322133) | ACC(X=-5.45354270935059, Y=-5.22840785980225, Z=6.25109672546387) | HR=0 bpm | IBI=0 ms | Participant=P15
2978,HeartRate out of range,Row 2978 | Timestamp: 1712016595800 ms | PPG(Green=2323059, Red=2323059, Ir=2323059) | ACC(X=-5.51820945739746, Y=-5.22840785980225, Z=6.17684984207153) | HR=0 bpm | IBI=0 ms | Participant=P15
2979,HeartRate out of range,Row 2979 | Timestamp: 1712016595840 ms | PPG(Green=2324196, Red=2324196, Ir=2324196) | ACC(X=-5.50144386291504, Y=-5.24517297744751, Z=6.25109672546387) | HR=0 bpm | IBI=0 ms | Participant=P15
2980,HeartRate out of range,Row 2980 | Timestamp: 1712016595880 ms | PPG(Green=2324302, Red=2324302, Ir=2324302) | ACC(X=-5.40803670883179, Y=-5.24756813049316, Z=6.16487455368042) | HR=0 bpm | IBI=0 ms | Participant=P15
2981,HeartRate out of range,Row 2981 | Timestamp: 1712016595920 ms | PPG(Green=2324209, Red=2324209, Ir=2324209) | ACC(X=-5.42480230331421, Y=-5.20445728302002, Z=6.11936855316162) | HR=0 bpm | IBI=0 ms | Participant=P15
2982,HeartRate out of range,Row 2982 | Timestamp: 1712016595960 ms | PPG(Green=2324313, Red=2324313, Ir=2324313) | ACC(X=-5.47270345687866, Y=-5.20924711227417, Z=6.17445468902588) | HR=0 bpm | IBI=0 ms | Participant=P15
2983,IBI out of range,Row 2983 | Timestamp: 1712016596000 ms | PPG(Green=2325511, Red=2325511, Ir=2325511) | ACC(X=-5.48707389831543, Y=-5.23798799514771, Z=6.22235584259033) | HR=109 bpm | IBI=0 ms | Participant=P15
2984,IBI out of range,Row 2984 | Timestamp: 1712016596040 ms | PPG(Green=2327314, Red=2327314, Ir=2327314) | ACC(X=-5.51102447509766, Y=-5.22840785980225, Z=6.17206001281738) | HR=110 bpm | IBI=0 ms | Participant=P15
2985,IBI out of range,Row 2985 | Timestamp: 1712016596080 ms | PPG(Green=2329348, Red=2329348, Ir=2329348) | ACC(X=-5.47030830383301, Y=-5.25235843658447, Z=6.23433113098145) | HR=110 bpm | IBI=0 ms | Participant=P15
2986,IBI out of range,Row 2986 | Timestamp: 1712016596120 ms | PPG(Green=2331627, Red=2331627, Ir=2331627) | ACC(X=-5.4655179977417, Y=-5.20445728302002, Z=6.20319557189941) | HR=110 bpm | IBI=0 ms | Participant=P15
2987,IBI out of range,Row 2987 | Timestamp: 1712016596160 ms | PPG(Green=2333529, Red=2333529, Ir=2333529) | ACC(X=-5.41522216796875, Y=-5.31223440170288, Z=6.19840526580811) | HR=110 bpm | IBI=0 ms | Participant=P15
2988,IBI out of range,Row 2988 | Timestamp: 1712016596200 ms | PPG(Green=2335474, Red=2335474, Ir=2335474) | ACC(X=-5.42959260940552, Y=-5.24517297744751, Z=6.2367262840271) | HR=110 bpm | IBI=0 ms | Participant=P15
2989,IBI out of range,Row 2989 | Timestamp: 1712016596240 ms | PPG(Green=2337705, Red=2337705, Ir=2337705) | ACC(X=-5.4583330154419, Y=-5.20206212997437, Z=6.13373899459839) | HR=110 bpm | IBI=0 ms | Participant=P15
2990,IBI out of range,Row 2990 | Timestamp: 1712016596280 ms | PPG(Green=2339650, Red=2339650, Ir=2339650) | ACC(X=-5.49904918670654, Y=-5.26672840118408, Z=6.23433113098145) | HR=110 bpm | IBI=0 ms | Participant=P15
2991,IBI out of range,Row 2991 | Timestamp: 1712016596320 ms | PPG(Green=2338499, Red=2338499, Ir=2338499) | ACC(X=-5.39127159118652, Y=-5.24517297744751, Z=6.26067686080933) | HR=110 bpm | IBI=0 ms | Participant=P15
2992,IBI out of range,Row 2992 | Timestamp: 1712016596360 ms | PPG(Green=2333391, Red=2333391, Ir=2333391) | ACC(X=-5.44875288009644, Y=-5.20445728302002, Z=6.17206001281738) | HR=110 bpm | IBI=0 ms | Participant=P15
2993,IBI out of range,Row 2993 | Timestamp: 1712016596400 ms | PPG(Green=2330237, Red=2330237, Ir=2330237) | ACC(X=-5.40803670883179, Y=-5.23080253601074, Z=6.1912202835083) | HR=111 bpm | IBI=0 ms | Participant=P15
2994,IBI out of range,Row 2994 | Timestamp: 1712016596440 ms | PPG(Green=2329644, Red=2329644, Ir=2329644) | ACC(X=-5.38169145584106, Y=-5.21403741836548, Z=6.21996068954468) | HR=111 bpm | IBI=0 ms | Participant=P15
2995,IBI out of range,Row 2995 | Timestamp: 1712016596480 ms | PPG(Green=2330257, Red=2330257, Ir=2330257) | ACC(X=-5.42240715026855, Y=-5.30744457244873, Z=6.19601058959961) | HR=111 bpm | IBI=0 ms | Participant=P15
2996,IBI out of range,Row 2996 | Timestamp: 1712016596520 ms | PPG(Green=2331270, Red=2331270, Ir=2331270) | ACC(X=-5.52060461044312, Y=-5.26433372497559, Z=6.25109672546387) | HR=111 bpm | IBI=0 ms | Participant=P15
2997,IBI out of range,Row 2997 | Timestamp: 1712016596560 ms | PPG(Green=2332005, Red=2332005, Ir=2332005) | ACC(X=-5.45114803314209, Y=-5.26912355422974, Z=6.23433113098145) | HR=111 bpm | IBI=0 ms | Participant=P15
2998,IBI out of range,Row 2998 | Timestamp: 1712016596600 ms | PPG(Green=2332010, Red=2332010, Ir=2332010) | ACC(X=-5.48707389831543, Y=-5.26672840118408, Z=6.19361543655396) | HR=111 bpm | IBI=0 ms | Participant=P15
2999,IBI out of range,Row 2999 | Timestamp: 1712016596640 ms | PPG(Green=2331883, Red=2331883, Ir=2331883) | ACC(X=-5.38887643814087, Y=-5.15895080566406, Z=6.1912202835083) | HR=111 bpm | IBI=0 ms | Participant=P15
3000,IBI out of range,Row 3000 | Timestamp: 1712016596677 ms | PPG(Green=2332240, Red=2332240, Ir=2332240) | ACC(X=-5.44635772705078, Y=-5.22840785980225, Z=6.20559072494507) | HR=111 bpm | IBI=0 ms | Participant=P15
3001,IBI out of range,Row 3001 | Timestamp: 1712016596717 ms | PPG(Green=2333417, Red=2333417, Ir=2333417) | ACC(X=-5.43917274475098, Y=-5.21643257141113, Z=6.23193597793579) | HR=111 bpm | IBI=0 ms | Participant=P15
3002,IBI out of range,Row 3002 | Timestamp: 1712016596757 ms | PPG(Green=2335514, Red=2335514, Ir=2335514) | ACC(X=-5.49186372756958, Y=-5.29786443710327, Z=6.21038055419922) | HR=111 bpm | IBI=0 ms | Participant=P15
3003,IBI out of range,Row 3003 | Timestamp: 1712016596797 ms | PPG(Green=2337468, Red=2337468, Ir=2337468) | ACC(X=-5.44156742095947, Y=-5.20206212997437, Z=6.19361543655396) | HR=111 bpm | IBI=0 ms | Participant=P15
3004,IBI out of range,Row 3004 | Timestamp: 1712016596838 ms | PPG(Green=2339292, Red=2339292, Ir=2339292) | ACC(X=-5.48946857452393, Y=-5.27151870727539, Z=6.20319557189941) | HR=111 bpm | IBI=0 ms | Participant=P15
3005,IBI out of range,Row 3005 | Timestamp: 1712016596877 ms | PPG(Green=2341311, Red=2341311, Ir=2341311) | ACC(X=-5.50144386291504, Y=-5.29307413101196, Z=6.20559072494507) | HR=111 bpm | IBI=0 ms | Participant=P15
3006,IBI out of range,Row 3006 | Timestamp: 1712016596917 ms | PPG(Green=2343248, Red=2343248, Ir=2343248) | ACC(X=-5.3745059967041, Y=-5.22601270675659, Z=6.18882513046265) | HR=111 bpm | IBI=0 ms | Participant=P15
3007,IBI out of range,Row 3007 | Timestamp: 1712016596957 ms | PPG(Green=2345283, Red=2345283, Ir=2345283) | ACC(X=-5.4583330154419, Y=-5.29307413101196, Z=6.16966485977173) | HR=111 bpm | IBI=0 ms | Participant=P15
3008,IBI out of range,Row 3008 | Timestamp: 1712016596998 ms | PPG(Green=2345589, Red=2345589, Ir=2345589) | ACC(X=-5.39366674423218, Y=-5.23559284210205, Z=6.23433113098145) | HR=111 bpm | IBI=0 ms | Participant=P15
3009,IBI out of range,Row 3009 | Timestamp: 1712016597038 ms | PPG(Green=2341128, Red=2341128, Ir=2341128) | ACC(X=-5.47030830383301, Y=-5.21164226531982, Z=6.23193597793579) | HR=110 bpm | IBI=0 ms | Participant=P15
3010,IBI out of range,Row 3010 | Timestamp: 1712016597078 ms | PPG(Green=2336960, Red=2336960, Ir=2336960) | ACC(X=-5.42240715026855, Y=-5.17332124710083, Z=6.17684984207153) | HR=110 bpm | IBI=0 ms | Participant=P15
3011,IBI out of range,Row 3011 | Timestamp: 1712016597118 ms | PPG(Green=2335594, Red=2335594, Ir=2335594) | ACC(X=-5.44875288009644, Y=-5.2834939956665, Z=6.22235584259033) | HR=110 bpm | IBI=0 ms | Participant=P15
3012,IBI out of range,Row 3012 | Timestamp: 1712016597158 ms | PPG(Green=2336040, Red=2336040, Ir=2336040) | ACC(X=-5.43917274475098, Y=-5.26433372497559, Z=6.25109672546387) | HR=110 bpm | IBI=0 ms | Participant=P15
3013,IBI out of range,Row 3013 | Timestamp: 1712016597198 ms | PPG(Green=2336897, Red=2336897, Ir=2336897) | ACC(X=-5.52539443969727, Y=-5.2331976890564, Z=6.13373899459839) | HR=110 bpm | IBI=0 ms | Participant=P15
3014,IBI out of range,Row 3014 | Timestamp: 1712016597239 ms | PPG(Green=2337627, Red=2337627, Ir=2337627) | ACC(X=-5.48707389831543, Y=-5.21643257141113, Z=6.2439112663269) | HR=109 bpm | IBI=0 ms | Participant=P15
3015,IBI out of range,Row 3015 | Timestamp: 1712016597278 ms | PPG(Green=2337826, Red=2337826, Ir=2337826) | ACC(X=-5.47509860992432, Y=-5.2834939956665, Z=6.12176370620728) | HR=109 bpm | IBI=0 ms | Participant=P15
3016,IBI out of range,Row 3016 | Timestamp: 1712016597318 ms | PPG(Green=2337683, Red=2337683, Ir=2337683) | ACC(X=-5.42240715026855, Y=-5.24996328353882, Z=6.21038055419922) | HR=110 bpm | IBI=0 ms | Participant=P15
3017,IBI out of range,Row 3017 | Timestamp: 1712016597359 ms | PPG(Green=2337669, Red=2337669, Ir=2337669) | ACC(X=-5.42240715026855, Y=-5.26912355422974, Z=6.14810943603516) | HR=110 bpm | IBI=0 ms | Participant=P15
3018,IBI out of range,Row 3018 | Timestamp: 1712016597399 ms | PPG(Green=2338582, Red=2338582, Ir=2338582) | ACC(X=-5.49186372756958, Y=-5.22601270675659, Z=6.22235584259033) | HR=110 bpm | IBI=0 ms | Participant=P15
3019,IBI out of range,Row 3019 | Timestamp: 1712016597440 ms | PPG(Green=2340254, Red=2340254, Ir=2340254) | ACC(X=-5.47988843917847, Y=-5.21643257141113, Z=6.20319557189941) | HR=109 bpm | IBI=0 ms | Participant=P15
3020,IBI out of range,Row 3020 | Timestamp: 1712016597479 ms | PPG(Green=2342387, Red=2342387, Ir=2342387) | ACC(X=-5.47749328613281, Y=-5.21882724761963, Z=6.2439112663269) | HR=109 bpm | IBI=0 ms | Participant=P15
3021,IBI out of range,Row 3021 | Timestamp: 1712016597519 ms | PPG(Green=2344119, Red=2344119, Ir=2344119) | ACC(X=-5.44635772705078, Y=-5.22601270675659, Z=6.1912202835083) | HR=109 bpm | IBI=0 ms | Participant=P15
3022,IBI out of range,Row 3022 | Timestamp: 1712016597559 ms | PPG(Green=2345796, Red=2345796, Ir=2345796) | ACC(X=-5.45114803314209, Y=-5.2787036895752, Z=6.18164014816284) | HR=109 bpm | IBI=0 ms | Participant=P15
3023,IBI out of range,Row 3023 | Timestamp: 1712016597600 ms | PPG(Green=2347817, Red=2347817, Ir=2347817) | ACC(X=-5.38408613204956, Y=-5.24517297744751, Z=6.21517086029053) | HR=109 bpm | IBI=0 ms | Participant=P15
3024,IBI out of range,Row 3024 | Timestamp: 1712016597640 ms | PPG(Green=2349631, Red=2349631, Ir=2349631) | ACC(X=-5.43198728561401, Y=-5.26193857192993, Z=6.17924499511719) | HR=108 bpm | IBI=0 ms | Participant=P15
3025,IBI out of range,Row 3025 | Timestamp: 1712016597680 ms | PPG(Green=2350559, Red=2350559, Ir=2350559) | ACC(X=-5.45114803314209, Y=-5.25714826583862, Z=6.24630641937256) | HR=108 bpm | IBI=0 ms | Participant=P15
3026,IBI out of range,Row 3026 | Timestamp: 1712016597720 ms | PPG(Green=2346852, Red=2346852, Ir=2346852) | ACC(X=-5.44875288009644, Y=-5.25954341888428, Z=6.24151659011841) | HR=108 bpm | IBI=0 ms | Participant=P15
3027,IBI out of range,Row 3027 | Timestamp: 1712016597760 ms | PPG(Green=2342022, Red=2342022, Ir=2342022) | ACC(X=-5.4583330154419, Y=-5.11344480514526, Z=6.1912202835083) | HR=108 bpm | IBI=0 ms | Participant=P15
3028,IBI out of range,Row 3028 | Timestamp: 1712016597800 ms | PPG(Green=2340311, Red=2340311, Ir=2340311) | ACC(X=-5.45593786239624, Y=-5.26912355422974, Z=6.20798587799072) | HR=108 bpm | IBI=0 ms | Participant=P15
3029,IBI out of range,Row 3029 | Timestamp: 1712016597841 ms | PPG(Green=2340169, Red=2340169, Ir=2340169) | ACC(X=-5.41522216796875, Y=-5.26433372497559, Z=6.21277570724487) | HR=108 bpm | IBI=0 ms | Participant=P15
3030,IBI out of range,Row 3030 | Timestamp: 1712016597880 ms | PPG(Green=2340887, Red=2340887, Ir=2340887) | ACC(X=-5.42959260940552, Y=-5.19248199462891, Z=6.18164014816284) | HR=108 bpm | IBI=0 ms | Participant=P15
3031,IBI out of range,Row 3031 | Timestamp: 1712016597920 ms | PPG(Green=2341599, Red=2341599, Ir=2341599) | ACC(X=-5.51581430435181, Y=-5.22601270675659, Z=6.23912143707275) | HR=108 bpm | IBI=0 ms | Participant=P15
3032,IBI out of range,Row 3032 | Timestamp: 1712016597961 ms | PPG(Green=2341884, Red=2341884, Ir=2341884) | ACC(X=-5.51341915130615, Y=-5.21403741836548, Z=6.20798587799072) | HR=108 bpm | IBI=0 ms | Participant=P15
3033,IBI out of range,Row 3033 | Timestamp: 1712016598001 ms | PPG(Green=2341428, Red=2341428, Ir=2341428) | ACC(X=-5.44635772705078, Y=-5.21882724761963, Z=6.20319557189941) | HR=108 bpm | IBI=0 ms | Participant=P15
3034,IBI out of range,Row 3034 | Timestamp: 1712016598041 ms | PPG(Green=2341178, Red=2341178, Ir=2341178) | ACC(X=-5.48946857452393, Y=-5.26912355422974, Z=6.2439112663269) | HR=107 bpm | IBI=0 ms | Participant=P15
3035,IBI out of range,Row 3035 | Timestamp: 1712016598081 ms | PPG(Green=2341894, Red=2341894, Ir=2341894) | ACC(X=-5.50144386291504, Y=-5.22601270675659, Z=6.17924499511719) | HR=107 bpm | IBI=0 ms | Participant=P15
3036,IBI out of range,Row 3036 | Timestamp: 1712016598121 ms | PPG(Green=2343318, Red=2343318, Ir=2343318) | ACC(X=-5.48946857452393, Y=-5.26433372497559, Z=6.23193597793579) | HR=107 bpm | IBI=0 ms | Participant=P15
3037,IBI out of range,Row 3037 | Timestamp: 1712016598161 ms | PPG(Green=2345083, Red=2345083, Ir=2345083) | ACC(X=-5.39845657348633, Y=-5.13021039962769, Z=6.23193597793579) | HR=107 bpm | IBI=0 ms | Participant=P15
3038,IBI out of range,Row 3038 | Timestamp: 1712016598201 ms | PPG(Green=2346821, Red=2346821, Ir=2346821) | ACC(X=-5.47270345687866, Y=-5.22840785980225, Z=6.24151659011841) | HR=107 bpm | IBI=0 ms | Participant=P15
3039,IBI out of range,Row 3039 | Timestamp: 1712016598242 ms | PPG(Green=2348372, Red=2348372, Ir=2348372) | ACC(X=-5.4655179977417, Y=-5.31702470779419, Z=6.1840353012085) | HR=107 bpm | IBI=0 ms | Participant=P15
3040,IBI out of range,Row 3040 | Timestamp: 1712016598282 ms | PPG(Green=2350203, Red=2350203, Ir=2350203) | ACC(X=-5.4200119972229, Y=-5.19966697692871, Z=6.22714614868164) | HR=107 bpm | IBI=0 ms | Participant=P15
3041,IBI out of range,Row 3041 | Timestamp: 1712016598322 ms | PPG(Green=2352063, Red=2352063, Ir=2352063) | ACC(X=-5.53976488113403, Y=-5.30744457244873, Z=6.20080041885376) | HR=108 bpm | IBI=0 ms | Participant=P15
3042,IBI out of range,Row 3042 | Timestamp: 1712016598362 ms | PPG(Green=2353239, Red=2353239, Ir=2353239) | ACC(X=-5.46791315078735, Y=-5.25475311279297, Z=6.1912202835083) | HR=108 bpm | IBI=0 ms | Participant=P15
3043,IBI out of range,Row 3043 | Timestamp: 1712016598402 ms | PPG(Green=2350415, Red=2350415, Ir=2350415) | ACC(X=-5.50144386291504, Y=-5.33379030227661, Z=6.22475099563599) | HR=108 bpm | IBI=0 ms | Participant=P15
3044,IBI out of range,Row 3044 | Timestamp: 1712016598443 ms | PPG(Green=2345419, Red=2345419, Ir=2345419) | ACC(X=-5.47509860992432, Y=-5.16613626480103, Z=6.17924499511719) | HR=108 bpm | IBI=0 ms | Participant=P15
3045,IBI out of range,Row 3045 | Timestamp: 1712016598482 ms | PPG(Green=2342724, Red=2342724, Ir=2342724) | ACC(X=-5.47030830383301, Y=-5.24277782440186, Z=6.22954130172729) | HR=108 bpm | IBI=0 ms | Participant=P15
3046,IBI out of range,Row 3046 | Timestamp: 1712016598522 ms | PPG(Green=2342278, Red=2342278, Ir=2342278) | ACC(X=-5.43198728561401, Y=-5.31702470779419, Z=6.21038055419922) | HR=108 bpm | IBI=0 ms | Participant=P15
3047,IBI out of range,Row 3047 | Timestamp: 1712016598562 ms | PPG(Green=2342549, Red=2342549, Ir=2342549) | ACC(X=-5.4583330154419, Y=-5.31462955474854, Z=6.17206001281738) | HR=109 bpm | IBI=0 ms | Participant=P15
3048,IBI out of range,Row 3048 | Timestamp: 1712016598602 ms | PPG(Green=2343373, Red=2343373, Ir=2343373) | ACC(X=-5.52060461044312, Y=-5.25954341888428, Z=6.18642997741699) | HR=109 bpm | IBI=0 ms | Participant=P15
3049,IBI out of range,Row 3049 | Timestamp: 1712016598643 ms | PPG(Green=2343597, Red=2343597, Ir=2343597) | ACC(X=-5.43917274475098, Y=-5.1876916885376, Z=6.2439112663269) | HR=109 bpm | IBI=0 ms | Participant=P15
3050,IBI out of range,Row 3050 | Timestamp: 1712016598683 ms | PPG(Green=2343103, Red=2343103, Ir=2343103) | ACC(X=-5.42719745635986, Y=-5.23559284210205, Z=6.22235584259033) | HR=109 bpm | IBI=0 ms | Participant=P15
3051,IBI out of range,Row 3051 | Timestamp: 1712016598723 ms | PPG(Green=2342655, Red=2342655, Ir=2342655) | ACC(X=-5.43438243865967, Y=-5.24996328353882, Z=6.17206001281738) | HR=109 bpm | IBI=0 ms | Participant=P15
3052,IBI out of range,Row 3052 | Timestamp: 1712016598763 ms | PPG(Green=2343160, Red=2343160, Ir=2343160) | ACC(X=-5.43198728561401, Y=-5.20685195922852, Z=6.1912202835083) | HR=109 bpm | IBI=0 ms | Participant=P15
3053,IBI out of range,Row 3053 | Timestamp: 1712016598803 ms | PPG(Green=2344299, Red=2344299, Ir=2344299) | ACC(X=-5.47988843917847, Y=-5.23798799514771, Z=6.15050411224365) | HR=109 bpm | IBI=0 ms | Participant=P15
3054,IBI out of range,Row 3054 | Timestamp: 1712016598844 ms | PPG(Green=2345964, Red=2345964, Ir=2345964) | ACC(X=-5.45354270935059, Y=-5.20206212997437, Z=6.2439112663269) | HR=109 bpm | IBI=0 ms | Participant=P15
3055,IBI out of range,Row 3055 | Timestamp: 1712016598883 ms | PPG(Green=2347479, Red=2347479, Ir=2347479) | ACC(X=-5.45593786239624, Y=-5.22840785980225, Z=6.25349187850952) | HR=109 bpm | IBI=0 ms | Participant=P15
3056,IBI out of range,Row 3056 | Timestamp: 1712016598924 ms | PPG(Green=2348992, Red=2348992, Ir=2348992) | ACC(X=-5.44875288009644, Y=-5.2763090133667, Z=6.2439112663269) | HR=110 bpm | IBI=0 ms | Participant=P15
3057,IBI out of range,Row 3057 | Timestamp: 1712016598964 ms | PPG(Green=2350643, Red=2350643, Ir=2350643) | ACC(X=-5.40085172653198, Y=-5.21164226531982, Z=6.19361543655396) | HR=110 bpm | IBI=0 ms | Participant=P15
3058,IBI out of range,Row 3058 | Timestamp: 1712016599004 ms | PPG(Green=2352283, Red=2352283, Ir=2352283) | ACC(X=-5.44156742095947, Y=-5.24996328353882, Z=6.21038055419922) | HR=110 bpm | IBI=0 ms | Participant=P15
3059,IBI out of range,Row 3059 | Timestamp: 1712016599045 ms | PPG(Green=2353839, Red=2353839, Ir=2353839) | ACC(X=-5.51820945739746, Y=-5.19966697692871, Z=6.25109672546387) | HR=110 bpm | IBI=0 ms | Participant=P15
3060,IBI out of range,Row 3060 | Timestamp: 1712016599084 ms | PPG(Green=2352333, Red=2352333, Ir=2352333) | ACC(X=-5.43198728561401, Y=-5.18529653549194, Z=6.21038055419922) | HR=111 bpm | IBI=0 ms | Participant=P15
3061,IBI out of range,Row 3061 | Timestamp: 1712016599124 ms | PPG(Green=2347157, Red=2347157, Ir=2347157) | ACC(X=-5.46791315078735, Y=-5.16374111175537, Z=6.22475099563599) | HR=110 bpm | IBI=0 ms | Participant=P15
3062,IBI out of range,Row 3062 | Timestamp: 1712016599164 ms | PPG(Green=2343566, Red=2343566, Ir=2343566) | ACC(X=-5.46072816848755, Y=-5.2331976890564, Z=6.2367262840271) | HR=110 bpm | IBI=0 ms | Participant=P15
3063,IBI out of range,Row 3063 | Timestamp: 1712016599204 ms | PPG(Green=2342757, Red=2342757, Ir=2342757) | ACC(X=-5.47270345687866, Y=-5.22361755371094, Z=6.28462743759155) | HR=110 bpm | IBI=0 ms | Participant=P15
3064,IBI out of range,Row 3064 | Timestamp: 1712016599245 ms | PPG(Green=2342952, Red=2342952, Ir=2342952) | ACC(X=-5.41043186187744, Y=-5.2331976890564, Z=6.1912202835083) | HR=110 bpm | IBI=0 ms | Participant=P15
3065,IBI out of range,Row 3065 | Timestamp: 1712016599285 ms | PPG(Green=2343392, Red=2343392, Ir=2343392) | ACC(X=-5.53736972808838, Y=-5.19966697692871, Z=6.17924499511719) | HR=110 bpm | IBI=0 ms | Participant=P15
3066,IBI out of range,Row 3066 | Timestamp: 1712016599325 ms | PPG(Green=2343753, Red=2343753, Ir=2343753) | ACC(X=-5.43677759170532, Y=-5.25475311279297, Z=6.21038055419922) | HR=110 bpm | IBI=0 ms | Participant=P15
3067,IBI out of range,Row 3067 | Timestamp: 1712016599365 ms | PPG(Green=2343435, Red=2343435, Ir=2343435) | ACC(X=-5.49665403366089, Y=-5.26193857192993, Z=6.20080041885376) | HR=110 bpm | IBI=0 ms | Participant=P15
3068,IBI out of range,Row 3068 | Timestamp: 1712016599405 ms | PPG(Green=2342977, Red=2342977, Ir=2342977) | ACC(X=-5.47030830383301, Y=-5.25714826583862, Z=6.26307201385498) | HR=110 bpm | IBI=0 ms | Participant=P15
3069,IBI out of range,Row 3069 | Timestamp: 1712016599446 ms | PPG(Green=2343187, Red=2343187, Ir=2343187) | ACC(X=-5.46072816848755, Y=-5.20924711227417, Z=6.21038055419922) | HR=110 bpm | IBI=0 ms | Participant=P15
3070,IBI out of range,Row 3070 | Timestamp: 1712016599485 ms | PPG(Green=2344220, Red=2344220, Ir=2344220) | ACC(X=-5.52299976348877, Y=-5.17332124710083, Z=6.25109672546387) | HR=111 bpm | IBI=0 ms | Participant=P15
3071,IBI out of range,Row 3071 | Timestamp: 1712016599526 ms | PPG(Green=2345700, Red=2345700, Ir=2345700) | ACC(X=-5.48228359222412, Y=-5.25714826583862, Z=6.21277570724487) | HR=110 bpm | IBI=0 ms | Participant=P15
3072,IBI out of range,Row 3072 | Timestamp: 1712016599566 ms | PPG(Green=2347274, Red=2347274, Ir=2347274) | ACC(X=-5.43438243865967, Y=-5.13021039962769, Z=6.25109672546387) | HR=111 bpm | IBI=0 ms | Participant=P15
3073,IBI out of range,Row 3073 | Timestamp: 1712016599606 ms | PPG(Green=2348808, Red=2348808, Ir=2348808) | ACC(X=-5.4655179977417, Y=-5.22601270675659, Z=6.20319557189941) | HR=110 bpm | IBI=0 ms | Participant=P15
3074,IBI out of range,Row 3074 | Timestamp: 1712016599647 ms | PPG(Green=2350158, Red=2350158, Ir=2350158) | ACC(X=-5.4583330154419, Y=-5.24517297744751, Z=6.12894868850708) | HR=110 bpm | IBI=0 ms | Participant=P15
3075,IBI out of range,Row 3075 | Timestamp: 1712016599686 ms | PPG(Green=2351769, Red=2351769, Ir=2351769) | ACC(X=-5.38169145584106, Y=-5.16374111175537, Z=6.20080041885376) | HR=110 bpm | IBI=0 ms | Participant=P15
3076,IBI out of range,Row 3076 | Timestamp: 1712016599726 ms | PPG(Green=2353514, Red=2353514, Ir=2353514) | ACC(X=-5.51581430435181, Y=-5.21882724761963, Z=6.17206001281738) | HR=110 bpm | IBI=0 ms | Participant=P15
3077,IBI out of range,Row 3077 | Timestamp: 1712016599767 ms | PPG(Green=2354467, Red=2354467, Ir=2354467) | ACC(X=-5.42240715026855, Y=-5.22122240066528, Z=6.25588655471802) | HR=109 bpm | IBI=0 ms | Participant=P15
3078,IBI out of range,Row 3078 | Timestamp: 1712016599807 ms | PPG(Green=2350402, Red=2350402, Ir=2350402) | ACC(X=-5.41522216796875, Y=-5.18050670623779, Z=6.19840526580811) | HR=109 bpm | IBI=0 ms | Participant=P15
3079,IBI out of range,Row 3079 | Timestamp: 1712016599847 ms | PPG(Green=2345494, Red=2345494, Ir=2345494) | ACC(X=-5.46072816848755, Y=-5.19727182388306, Z=6.19361543655396) | HR=109 bpm | IBI=0 ms | Participant=P15
3080,IBI out of range,Row 3080 | Timestamp: 1712016599887 ms | PPG(Green=2343171, Red=2343171, Ir=2343171) | ACC(X=-5.49665403366089, Y=-5.29786443710327, Z=6.23433113098145) | HR=109 bpm | IBI=0 ms | Participant=P15
3081,IBI out of range,Row 3081 | Timestamp: 1712016599927 ms | PPG(Green=2342828, Red=2342828, Ir=2342828) | ACC(X=-5.37211084365845, Y=-5.22840785980225, Z=6.20319557189941) | HR=109 bpm | IBI=0 ms | Participant=P15
3082,HeartRate out of range,Row 3082 | Timestamp: 1712016599967 ms | PPG(Green=2342973, Red=2342973, Ir=2342973) | ACC(X=-5.49186372756958, Y=-5.20685195922852, Z=6.12655353546143) | HR=0 bpm | IBI=0 ms | Participant=P15
3083,IBI out of range,Row 3083 | Timestamp: 1712016600008 ms | PPG(Green=2343482, Red=2343482, Ir=2343482) | ACC(X=-5.46791315078735, Y=-5.19248199462891, Z=6.19601058959961) | HR=107 bpm | IBI=0 ms | Participant=P15
3084,HeartRate out of range,Row 3084 | Timestamp: 1712016600048 ms | PPG(Green=2343617, Red=2343617, Ir=2343617) | ACC(X=-5.48946857452393, Y=-5.22361755371094, Z=6.2439112663269) | HR=0 bpm | IBI=0 ms | Participant=P15
3085,HeartRate out of range,Row 3085 | Timestamp: 1712016600088 ms | PPG(Green=2343098, Red=2343098, Ir=2343098) | ACC(X=-5.45593786239624, Y=-5.24756813049316, Z=6.17924499511719) | HR=0 bpm | IBI=0 ms | Participant=P15
3086,IBI out of range,Row 3086 | Timestamp: 1712016600128 ms | PPG(Green=2342815, Red=2342815, Ir=2342815) | ACC(X=-5.45114803314209, Y=-5.1876916885376, Z=6.23193597793579) | HR=106 bpm | IBI=0 ms | Participant=P15
3087,HeartRate out of range,Row 3087 | Timestamp: 1712016600168 ms | PPG(Green=2343409, Red=2343409, Ir=2343409) | ACC(X=-5.45114803314209, Y=-5.26193857192993, Z=6.17924499511719) | HR=0 bpm | IBI=0 ms | Participant=P15
3088,IBI out of range,Row 3088 | Timestamp: 1712016600208 ms | PPG(Green=2346365, Red=2346365, Ir=2346365) | ACC(X=-5.4583330154419, Y=-5.16853141784668, Z=6.18882513046265) | HR=107 bpm | IBI=0 ms | Participant=P15
3089,IBI out of range,Row 3089 | Timestamp: 1712016600249 ms | PPG(Green=2347872, Red=2347872, Ir=2347872) | ACC(X=-5.48707389831543, Y=-5.32660484313965, Z=6.23912143707275) | HR=106 bpm | IBI=0 ms | Participant=P15
3090,IBI out of range,Row 3090 | Timestamp: 1712016600288 ms | PPG(Green=2349280, Red=2349280, Ir=2349280) | ACC(X=-5.40564203262329, Y=-5.21403741836548, Z=6.20798587799072) | HR=105 bpm | IBI=0 ms | Participant=P15
3091,IBI out of range,Row 3091 | Timestamp: 1712016600328 ms | PPG(Green=2350586, Red=2350586, Ir=2350586) | ACC(X=-5.50144386291504, Y=-5.2331976890564, Z=6.18882513046265) | HR=105 bpm | IBI=0 ms | Participant=P15
3092,IBI out of range,Row 3092 | Timestamp: 1712016600369 ms | PPG(Green=2352261, Red=2352261, Ir=2352261) | ACC(X=-5.45114803314209, Y=-5.2787036895752, Z=6.20080041885376) | HR=105 bpm | IBI=0 ms | Participant=P15
3093,IBI out of range,Row 3093 | Timestamp: 1712016600409 ms | PPG(Green=2354021, Red=2354021, Ir=2354021) | ACC(X=-5.48946857452393, Y=-5.19727182388306, Z=6.18164014816284) | HR=105 bpm | IBI=0 ms | Participant=P15
3094,IBI out of range,Row 3094 | Timestamp: 1712016600449 ms | PPG(Green=2354692, Red=2354692, Ir=2354692) | ACC(X=-5.61401176452637, Y=-5.2331976890564, Z=6.17924499511719) | HR=105 bpm | IBI=0 ms | Participant=P15
3095,IBI out of range,Row 3095 | Timestamp: 1712016600489 ms | PPG(Green=2350313, Red=2350313, Ir=2350313) | ACC(X=-5.4631233215332, Y=-5.20206212997437, Z=6.29899787902832) | HR=104 bpm | IBI=0 ms | Participant=P15
3096,IBI out of range,Row 3096 | Timestamp: 1712016600529 ms | PPG(Green=2345338, Red=2345338, Ir=2345338) | ACC(X=-5.44875288009644, Y=-5.23080253601074, Z=6.19840526580811) | HR=104 bpm | IBI=0 ms | Participant=P15
3097,IBI out of range,Row 3097 | Timestamp: 1712016600569 ms | PPG(Green=2343221, Red=2343221, Ir=2343221) | ACC(X=-5.42719745635986, Y=-5.20685195922852, Z=6.14092397689819) | HR=103 bpm | IBI=0 ms | Participant=P15
3098,IBI out of range,Row 3098 | Timestamp: 1712016600609 ms | PPG(Green=2342760, Red=2342760, Ir=2342760) | ACC(X=-5.49425888061523, Y=-5.32660484313965, Z=6.25109672546387) | HR=103 bpm | IBI=0 ms | Participant=P15
3099,IBI out of range,Row 3099 | Timestamp: 1712016600650 ms | PPG(Green=2342929, Red=2342929, Ir=2342929) | ACC(X=-5.4176173210144, Y=-5.22361755371094, Z=6.19840526580811) | HR=102 bpm | IBI=0 ms | Participant=P15
3100,IBI out of range,Row 3100 | Timestamp: 1712016600689 ms | PPG(Green=2343421, Red=2343421, Ir=2343421) | ACC(X=-5.53736972808838, Y=-5.25475311279297, Z=6.13852882385254) | HR=101 bpm | IBI=0 ms | Participant=P15
3101,IBI out of range,Row 3101 | Timestamp: 1712016600729 ms | PPG(Green=2343290, Red=2343290, Ir=2343290) | ACC(X=-5.56371545791626, Y=-5.2331976890564, Z=6.23193597793579) | HR=100 bpm | IBI=0 ms | Participant=P15
3102,IBI out of range,Row 3102 | Timestamp: 1712016600769 ms | PPG(Green=2342762, Red=2342762, Ir=2342762) | ACC(X=-5.49665403366089, Y=-5.24996328353882, Z=6.22954130172729) | HR=100 bpm | IBI=0 ms | Participant=P15
3108,IBI out of range,Row 3108 | Timestamp: 1712016601010 ms | PPG(Green=2348814, Red=2348814, Ir=2348814) | ACC(X=-5.47749328613281, Y=-5.24038314819336, Z=6.20080041885376) | HR=98 bpm | IBI=0 ms | Participant=P15
3109,IBI out of range,Row 3109 | Timestamp: 1712016601051 ms | PPG(Green=2350091, Red=2350091, Ir=2350091) | ACC(X=-5.49186372756958, Y=-5.21164226531982, Z=6.20559072494507) | HR=98 bpm | IBI=0 ms | Participant=P15
3110,IBI out of range,Row 3110 | Timestamp: 1712016601091 ms | PPG(Green=2351462, Red=2351462, Ir=2351462) | ACC(X=-5.43917274475098, Y=-5.24038314819336, Z=6.20080041885376) | HR=97 bpm | IBI=0 ms | Participant=P15
3111,IBI out of range,Row 3111 | Timestamp: 1712016601130 ms | PPG(Green=2353398, Red=2353398, Ir=2353398) | ACC(X=-5.43438243865967, Y=-5.17571640014648, Z=6.17684984207153) | HR=97 bpm | IBI=0 ms | Participant=P15
3112,IBI out of range,Row 3112 | Timestamp: 1712016601171 ms | PPG(Green=2354810, Red=2354810, Ir=2354810) | ACC(X=-5.49425888061523, Y=-5.22361755371094, Z=6.18642997741699) | HR=97 bpm | IBI=0 ms | Participant=P15
3113,IBI out of range,Row 3113 | Timestamp: 1712016601211 ms | PPG(Green=2352012, Red=2352012, Ir=2352012) | ACC(X=-5.49186372756958, Y=-5.24756813049316, Z=6.2367262840271) | HR=96 bpm | IBI=0 ms | Participant=P15
3114,IBI out of range,Row 3114 | Timestamp: 1712016601251 ms | PPG(Green=2346277, Red=2346277, Ir=2346277) | ACC(X=-5.43917274475098, Y=-5.22840785980225, Z=6.2439112663269) | HR=96 bpm | IBI=0 ms | Participant=P15
3115,IBI out of range,Row 3115 | Timestamp: 1712016601291 ms | PPG(Green=2342967, Red=2342967, Ir=2342967) | ACC(X=-5.4583330154419, Y=-5.13979053497314, Z=6.21756601333618) | HR=96 bpm | IBI=0 ms | Participant=P15
3116,IBI out of range,Row 3116 | Timestamp: 1712016601331 ms | PPG(Green=2341963, Red=2341963, Ir=2341963) | ACC(X=-5.44396257400513, Y=-5.30983972549438, Z=6.22714614868164) | HR=96 bpm | IBI=0 ms | Participant=P15
3117,IBI out of range,Row 3117 | Timestamp: 1712016601371 ms | PPG(Green=2341688, Red=2341688, Ir=2341688) | ACC(X=-5.50623416900635, Y=-5.24277782440186, Z=6.19601058959961) | HR=95 bpm | IBI=0 ms | Participant=P15
3118,IBI out of range,Row 3118 | Timestamp: 1712016601411 ms | PPG(Green=2341966, Red=2341966, Ir=2341966) | ACC(X=-5.43917274475098, Y=-5.17811155319214, Z=6.15289926528931) | HR=95 bpm | IBI=0 ms | Participant=P15
3119,IBI out of range,Row 3119 | Timestamp: 1712016601452 ms | PPG(Green=2341923, Red=2341923, Ir=2341923) | ACC(X=-5.52060461044312, Y=-5.24996328353882, Z=6.15768957138062) | HR=95 bpm | IBI=0 ms | Participant=P15
3120,IBI out of range,Row 3120 | Timestamp: 1712016601491 ms | PPG(Green=2341285, Red=2341285, Ir=2341285) | ACC(X=-5.48946857452393, Y=-5.24756813049316, Z=6.23912143707275) | HR=94 bpm | IBI=0 ms | Participant=P15
3121,IBI out of range,Row 3121 | Timestamp: 1712016601531 ms | PPG(Green=2340506, Red=2340506, Ir=2340506) | ACC(X=-5.44156742095947, Y=-5.19727182388306, Z=6.20559072494507) | HR=94 bpm | IBI=0 ms | Participant=P15
3122,IBI out of range,Row 3122 | Timestamp: 1712016601572 ms | PPG(Green=2340606, Red=2340606, Ir=2340606) | ACC(X=-5.47509860992432, Y=-5.2331976890564, Z=6.20319557189941) | HR=94 bpm | IBI=0 ms | Participant=P15
3123,IBI out of range,Row 3123 | Timestamp: 1712016601612 ms | PPG(Green=2341566, Red=2341566, Ir=2341566) | ACC(X=-5.43198728561401, Y=-5.18290138244629, Z=6.20319557189941) | HR=94 bpm | IBI=0 ms | Participant=P15
3124,IBI out of range,Row 3124 | Timestamp: 1712016601652 ms | PPG(Green=2342909, Red=2342909, Ir=2342909) | ACC(X=-5.47509860992432, Y=-5.20685195922852, Z=6.22714614868164) | HR=94 bpm | IBI=0 ms | Participant=P15
3125,IBI out of range,Row 3125 | Timestamp: 1712016601692 ms | PPG(Green=2344235, Red=2344235, Ir=2344235) | ACC(X=-5.47270345687866, Y=-5.15416097640991, Z=6.24151659011841) | HR=95 bpm | IBI=0 ms | Participant=P15
3126,IBI out of range,Row 3126 | Timestamp: 1712016601732 ms | PPG(Green=2345661, Red=2345661, Ir=2345661) | ACC(X=-5.43438243865967, Y=-5.17571640014648, Z=6.25828170776367) | HR=95 bpm | IBI=0 ms | Participant=P15
3127,IBI out of range,Row 3127 | Timestamp: 1712016601772 ms | PPG(Green=2347094, Red=2347094, Ir=2347094) | ACC(X=-5.4631233215332, Y=-5.22840785980225, Z=6.18642997741699) | HR=96 bpm | IBI=0 ms | Participant=P15
3128,IBI out of range,Row 3128 | Timestamp: 1712016601812 ms | PPG(Green=2348463, Red=2348463, Ir=2348463) | ACC(X=-5.4583330154419, Y=-5.25714826583862, Z=6.15529441833496) | HR=96 bpm | IBI=0 ms | Participant=P15
3130,IBI out of range,Row 3130 | Timestamp: 1712016601892 ms | PPG(Green=2352031, Red=2352031, Ir=2352031) | ACC(X=-5.5541353225708, Y=-5.19008684158325, Z=6.22475099563599) | HR=96 bpm | IBI=0 ms | Participant=P15
3131,IBI out of range,Row 3131 | Timestamp: 1712016601933 ms | PPG(Green=2353043, Red=2353043, Ir=2353043) | ACC(X=-5.508629322052, Y=-5.25714826583862, Z=6.1912202835083) | HR=96 bpm | IBI=0 ms | Participant=P15
3132,IBI out of range,Row 3132 | Timestamp: 1712016601973 ms | PPG(Green=2348771, Red=2348771, Ir=2348771) | ACC(X=-5.46791315078735, Y=-5.20445728302002, Z=6.2822322845459) | HR=95 bpm | IBI=0 ms | Participant=P15
3133,IBI out of range,Row 3133 | Timestamp: 1712016602013 ms | PPG(Green=2343539, Red=2343539, Ir=2343539) | ACC(X=-5.48228359222412, Y=-5.28588914871216, Z=6.21517086029053) | HR=95 bpm | IBI=0 ms | Participant=P15
3134,IBI out of range,Row 3134 | Timestamp: 1712016602054 ms | PPG(Green=2341106, Red=2341106, Ir=2341106) | ACC(X=-5.4583330154419, Y=-5.15416097640991, Z=6.12415885925293) | HR=95 bpm | IBI=0 ms | Participant=P15
3135,IBI out of range,Row 3135 | Timestamp: 1712016602093 ms | PPG(Green=2340333, Red=2340333, Ir=2340333) | ACC(X=-5.50383901596069, Y=-5.28588914871216, Z=6.21517086029053) | HR=95 bpm | IBI=0 ms | Participant=P15
3136,IBI out of range,Row 3136 | Timestamp: 1712016602133 ms | PPG(Green=2340343, Red=2340343, Ir=2340343) | ACC(X=-5.44156742095947, Y=-5.24996328353882, Z=6.18642997741699) | HR=95 bpm | IBI=0 ms | Participant=P15
3137,IBI out of range,Row 3137 | Timestamp: 1712016602173 ms | PPG(Green=2340606, Red=2340606, Ir=2340606) | ACC(X=-5.47270345687866, Y=-5.19966697692871, Z=6.15050411224365) | HR=94 bpm | IBI=0 ms | Participant=P15
3138,IBI out of range,Row 3138 | Timestamp: 1712016602213 ms | PPG(Green=2340405, Red=2340405, Ir=2340405) | ACC(X=-5.49904918670654, Y=-5.2331976890564, Z=6.23193597793579) | HR=94 bpm | IBI=0 ms | Participant=P15
3139,IBI out of range,Row 3139 | Timestamp: 1712016602254 ms | PPG(Green=2339880, Red=2339880, Ir=2339880) | ACC(X=-5.4655179977417, Y=-5.21403741836548, Z=6.1840353012085) | HR=94 bpm | IBI=0 ms | Participant=P15
3140,IBI out of range,Row 3140 | Timestamp: 1712016602294 ms | PPG(Green=2339615, Red=2339615, Ir=2339615) | ACC(X=-5.4583330154419, Y=-5.26672840118408, Z=6.21517086029053) | HR=94 bpm | IBI=0 ms | Participant=P15
3141,IBI out of range,Row 3141 | Timestamp: 1712016602333 ms | PPG(Green=2339860, Red=2339860, Ir=2339860) | ACC(X=-5.44156742095947, Y=-5.21643257141113, Z=6.21756601333618) | HR=94 bpm | IBI=0 ms | Participant=P15
3142,IBI out of range,Row 3142 | Timestamp: 1712016602374 ms | PPG(Green=2340953, Red=2340953, Ir=2340953) | ACC(X=-5.47988843917847, Y=-5.19966697692871, Z=6.20798587799072) | HR=94 bpm | IBI=0 ms | Participant=P15
3143,IBI out of range,Row 3143 | Timestamp: 1712016602414 ms | PPG(Green=2342584, Red=2342584, Ir=2342584) | ACC(X=-5.47270345687866, Y=-5.20206212997437, Z=6.28941774368286) | HR=94 bpm | IBI=0 ms | Participant=P15
3144,IBI out of range,Row 3144 | Timestamp: 1712016602455 ms | PPG(Green=2343989, Red=2343989, Ir=2343989) | ACC(X=-5.44156742095947, Y=-5.26912355422974, Z=6.16247940063477) | HR=94 bpm | IBI=0 ms | Participant=P15
3145,IBI out of range,Row 3145 | Timestamp: 1712016602494 ms | PPG(Green=2345578, Red=2345578, Ir=2345578) | ACC(X=-5.47270345687866, Y=-5.20206212997437, Z=6.22954130172729) | HR=93 bpm | IBI=0 ms | Participant=P15
3146,IBI out of range,Row 3146 | Timestamp: 1712016602534 ms | PPG(Green=2346899, Red=2346899, Ir=2346899) | ACC(X=-5.49186372756958, Y=-5.27151870727539, Z=6.26067686080933) | HR=93 bpm | IBI=0 ms | Participant=P15
3147,IBI out of range,Row 3147 | Timestamp: 1712016602574 ms | PPG(Green=2348629, Red=2348629, Ir=2348629) | ACC(X=-5.49425888061523, Y=-5.24517297744751, Z=6.16487455368042) | HR=93 bpm | IBI=0 ms | Participant=P15
3148,IBI out of range,Row 3148 | Timestamp: 1712016602614 ms | PPG(Green=2350801, Red=2350801, Ir=2350801) | ACC(X=-5.49904918670654, Y=-5.1493706703186, Z=6.21277570724487) | HR=92 bpm | IBI=0 ms | Participant=P15
3149,IBI out of range,Row 3149 | Timestamp: 1712016602655 ms | PPG(Green=2352824, Red=2352824, Ir=2352824) | ACC(X=-5.52060461044312, Y=-5.19966697692871, Z=6.16247940063477) | HR=92 bpm | IBI=0 ms | Participant=P15
3150,IBI out of range,Row 3150 | Timestamp: 1712016602695 ms | PPG(Green=2350981, Red=2350981, Ir=2350981) | ACC(X=-5.49665403366089, Y=-5.22601270675659, Z=6.26307201385498) | HR=92 bpm | IBI=0 ms | Participant=P15
3151,IBI out of range,Row 3151 | Timestamp: 1712016602735 ms | PPG(Green=2345210, Red=2345210, Ir=2345210) | ACC(X=-5.42240715026855, Y=-5.21882724761963, Z=6.22714614868164) | HR=92 bpm | IBI=0 ms | Participant=P15
3152,IBI out of range,Row 3152 | Timestamp: 1712016602775 ms | PPG(Green=2341509, Red=2341509, Ir=2341509) | ACC(X=-5.38648128509521, Y=-5.1948766708374, Z=6.21038055419922) | HR=92 bpm | IBI=0 ms | Participant=P15
3153,IBI out of range,Row 3153 | Timestamp: 1712016602815 ms | PPG(Green=2340369, Red=2340369, Ir=2340369) | ACC(X=-5.52299976348877, Y=-5.22840785980225, Z=6.1840353012085) | HR=93 bpm | IBI=0 ms | Participant=P15
3154,IBI out of range,Row 3154 | Timestamp: 1712016602856 ms | PPG(Green=2340278, Red=2340278, Ir=2340278) | ACC(X=-5.47988843917847, Y=-5.24517297744751, Z=6.24151659011841) | HR=93 bpm | IBI=0 ms | Participant=P15
3155,IBI out of range,Row 3155 | Timestamp: 1712016602895 ms | PPG(Green=2340650, Red=2340650, Ir=2340650) | ACC(X=-5.52299976348877, Y=-5.21164226531982, Z=6.15529441833496) | HR=93 bpm | IBI=0 ms | Participant=P15
3156,IBI out of range,Row 3156 | Timestamp: 1712016602935 ms | PPG(Green=2340793, Red=2340793, Ir=2340793) | ACC(X=-5.51341915130615, Y=-5.22122240066528, Z=6.19840526580811) | HR=93 bpm | IBI=0 ms | Participant=P15
3158,IBI out of range,Row 3158 | Timestamp: 1712016603015 ms | PPG(Green=2339855, Red=2339855, Ir=2339855) | ACC(X=-5.46072816848755, Y=-5.30983972549438, Z=6.20080041885376) | HR=93 bpm | IBI=0 ms | Participant=P15
3159,IBI out of range,Row 3159 | Timestamp: 1712016603056 ms | PPG(Green=2339784, Red=2339784, Ir=2339784) | ACC(X=-5.47749328613281, Y=-5.1948766708374, Z=6.2367262840271) | HR=93 bpm | IBI=0 ms | Participant=P15
3160,IBI out of range,Row 3160 | Timestamp: 1712016603096 ms | PPG(Green=2340938, Red=2340938, Ir=2340938) | ACC(X=-5.44875288009644, Y=-5.20206212997437, Z=6.21996068954468) | HR=93 bpm | IBI=0 ms | Participant=P15
3161,IBI out of range,Row 3161 | Timestamp: 1712016603136 ms | PPG(Green=2342402, Red=2342402, Ir=2342402) | ACC(X=-5.57329559326172, Y=-5.22601270675659, Z=6.22475099563599) | HR=92 bpm | IBI=0 ms | Participant=P15
3162,IBI out of range,Row 3162 | Timestamp: 1712016603176 ms | PPG(Green=2343998, Red=2343998, Ir=2343998) | ACC(X=-5.49425888061523, Y=-5.27151870727539, Z=6.22954130172729) | HR=91 bpm | IBI=0 ms | Participant=P15
3163,IBI out of range,Row 3163 | Timestamp: 1712016603216 ms | PPG(Green=2345520, Red=2345520, Ir=2345520) | ACC(X=-5.38887643814087, Y=-5.19008684158325, Z=6.20080041885376) | HR=91 bpm | IBI=0 ms | Participant=P15
3164,IBI out of range,Row 3164 | Timestamp: 1712016603257 ms | PPG(Green=2347228, Red=2347228, Ir=2347228) | ACC(X=-5.48707389831543, Y=-5.1876916885376, Z=6.19840526580811) | HR=90 bpm | IBI=0 ms | Participant=P15
3165,IBI out of range,Row 3165 | Timestamp: 1712016603296 ms | PPG(Green=2348907, Red=2348907, Ir=2348907) | ACC(X=-5.44875288009644, Y=-5.23798799514771, Z=6.18642997741699) | HR=90 bpm | IBI=0 ms | Participant=P15
3166,IBI out of range,Row 3166 | Timestamp: 1712016603336 ms | PPG(Green=2350716, Red=2350716, Ir=2350716) | ACC(X=-5.51341915130615, Y=-5.26672840118408, Z=6.16008472442627) | HR=89 bpm | IBI=0 ms | Participant=P15
3167,IBI out of range,Row 3167 | Timestamp: 1712016603376 ms | PPG(Green=2352048, Red=2352048, Ir=2352048) | ACC(X=-5.508629322052, Y=-5.20924711227417, Z=6.15050411224365) | HR=88 bpm | IBI=0 ms | Participant=P15
3168,IBI out of range,Row 3168 | Timestamp: 1712016603416 ms | PPG(Green=2349755, Red=2349755, Ir=2349755) | ACC(X=-5.44875288009644, Y=-5.17571640014648, Z=6.26067686080933) | HR=87 bpm | IBI=0 ms | Participant=P15
3169,IBI out of range,Row 3169 | Timestamp: 1712016603457 ms | PPG(Green=2344456, Red=2344456, Ir=2344456) | ACC(X=-5.45354270935059, Y=-5.25235843658447, Z=6.22475099563599) | HR=86 bpm | IBI=0 ms | Participant=P15
3170,IBI out of range,Row 3170 | Timestamp: 1712016603497 ms | PPG(Green=2341247, Red=2341247, Ir=2341247) | ACC(X=-5.49186372756958, Y=-5.16134595870972, Z=6.18882513046265) | HR=85 bpm | IBI=0 ms | Participant=P15
3171,HeartRate out of range,Row 3171 | Timestamp: 1712016603537 ms | PPG(Green=2340204, Red=2340204, Ir=2340204) | ACC(X=-5.52299976348877, Y=-5.2331976890564, Z=6.23912143707275) | HR=0 bpm | IBI=0 ms | Participant=P15
3172,IBI out of range,Row 3172 | Timestamp: 1712016603577 ms | PPG(Green=2339886, Red=2339886, Ir=2339886) | ACC(X=-5.4655179977417, Y=-5.29067897796631, Z=6.24151659011841) | HR=83 bpm | IBI=0 ms | Participant=P15
3173,IBI out of range,Row 3173 | Timestamp: 1712016603617 ms | PPG(Green=2340102, Red=2340102, Ir=2340102) | ACC(X=-5.49425888061523, Y=-5.20206212997437, Z=6.11936855316162) | HR=84 bpm | IBI=0 ms | Participant=P15
3174,IBI out of range,Row 3174 | Timestamp: 1712016603658 ms | PPG(Green=2340324, Red=2340324, Ir=2340324) | ACC(X=-5.48946857452393, Y=-5.25475311279297, Z=6.20798587799072) | HR=84 bpm | IBI=0 ms | Participant=P15
3175,IBI out of range,Row 3175 | Timestamp: 1712016603697 ms | PPG(Green=2339733, Red=2339733, Ir=2339733) | ACC(X=-5.4128270149231, Y=-5.17571640014648, Z=6.21996068954468) | HR=85 bpm | IBI=0 ms | Participant=P15
3176,IBI out of range,Row 3176 | Timestamp: 1712016603738 ms | PPG(Green=2339062, Red=2339062, Ir=2339062) | ACC(X=-5.40324687957764, Y=-5.24996328353882, Z=6.27265214920044) | HR=85 bpm | IBI=0 ms | Participant=P15
3177,IBI out of range,Row 3177 | Timestamp: 1712016603778 ms | PPG(Green=2339079, Red=2339079, Ir=2339079) | ACC(X=-5.42719745635986, Y=-5.23080253601074, Z=6.19601058959961) | HR=85 bpm | IBI=0 ms | Participant=P15
3178,IBI out of range,Row 3178 | Timestamp: 1712016603818 ms | PPG(Green=2340280, Red=2340280, Ir=2340280) | ACC(X=-5.53257989883423, Y=-5.21403741836548, Z=6.17924499511719) | HR=85 bpm | IBI=0 ms | Participant=P15
3179,IBI out of range,Row 3179 | Timestamp: 1712016603859 ms | PPG(Green=2342029, Red=2342029, Ir=2342029) | ACC(X=-5.48228359222412, Y=-5.30025911331177, Z=6.16726970672607) | HR=86 bpm | IBI=0 ms | Participant=P15
3180,IBI out of range,Row 3180 | Timestamp: 1712016603898 ms | PPG(Green=2343721, Red=2343721, Ir=2343721) | ACC(X=-5.47030830383301, Y=-5.18050670623779, Z=6.1912202835083) | HR=86 bpm | IBI=0 ms | Participant=P15
3181,IBI out of range,Row 3181 | Timestamp: 1712016603938 ms | PPG(Green=2345152, Red=2345152, Ir=2345152) | ACC(X=-5.46791315078735, Y=-5.18290138244629, Z=6.22475099563599) | HR=85 bpm | IBI=0 ms | Participant=P15
3182,IBI out of range,Row 3182 | Timestamp: 1712016603978 ms | PPG(Green=2346267, Red=2346267, Ir=2346267) | ACC(X=-5.49425888061523, Y=-5.32420969009399, Z=6.21038055419922) | HR=84 bpm | IBI=0 ms | Participant=P15
3183,IBI out of range,Row 3183 | Timestamp: 1712016604018 ms | PPG(Green=2347931, Red=2347931, Ir=2347931) | ACC(X=-5.44156742095947, Y=-5.26672840118408, Z=6.26786184310913) | HR=84 bpm | IBI=0 ms | Participant=P15
3184,IBI out of range,Row 3184 | Timestamp: 1712016604059 ms | PPG(Green=2349524, Red=2349524, Ir=2349524) | ACC(X=-5.47509860992432, Y=-5.24756813049316, Z=6.11457824707031) | HR=84 bpm | IBI=0 ms | Participant=P15
3185,IBI out of range,Row 3185 | Timestamp: 1712016604099 ms | PPG(Green=2349489, Red=2349489, Ir=2349489) | ACC(X=-5.43198728561401, Y=-5.15895080566406, Z=6.22954130172729) | HR=83 bpm | IBI=0 ms | Participant=P15
3186,IBI out of range,Row 3186 | Timestamp: 1712016604139 ms | PPG(Green=2344628, Red=2344628, Ir=2344628) | ACC(X=-5.4631233215332, Y=-5.23559284210205, Z=6.25349187850952) | HR=84 bpm | IBI=0 ms | Participant=P15
3187,IBI out of range,Row 3187 | Timestamp: 1712016604179 ms | PPG(Green=2340140, Red=2340140, Ir=2340140) | ACC(X=-5.53018474578857, Y=-5.20685195922852, Z=6.1840353012085) | HR=83 bpm | IBI=0 ms | Participant=P15
3188,IBI out of range,Row 3188 | Timestamp: 1712016604219 ms | PPG(Green=2338070, Red=2338070, Ir=2338070) | ACC(X=-5.49425888061523, Y=-5.15895080566406, Z=6.1457142829895) | HR=84 bpm | IBI=0 ms | Participant=P15
3189,IBI out of range,Row 3189 | Timestamp: 1712016604260 ms | PPG(Green=2337236, Red=2337236, Ir=2337236) | ACC(X=-5.47030830383301, Y=-5.23080253601074, Z=6.20559072494507) | HR=84 bpm | IBI=0 ms | Participant=P15
3190,IBI out of range,Row 3190 | Timestamp: 1712016604299 ms | PPG(Green=2336993, Red=2336993, Ir=2336993) | ACC(X=-5.44875288009644, Y=-5.27391386032104, Z=6.23433113098145) | HR=83 bpm | IBI=0 ms | Participant=P15
3191,IBI out of range,Row 3191 | Timestamp: 1712016604339 ms | PPG(Green=2336916, Red=2336916, Ir=2336916) | ACC(X=-5.52778959274292, Y=-5.1948766708374, Z=6.17684984207153) | HR=83 bpm | IBI=0 ms | Participant=P15
3192,IBI out of range,Row 3192 | Timestamp: 1712016604379 ms | PPG(Green=2336455, Red=2336455, Ir=2336455) | ACC(X=-5.48946857452393, Y=-5.22840785980225, Z=6.22714614868164) | HR=84 bpm | IBI=0 ms | Participant=P15
3193,IBI out of range,Row 3193 | Timestamp: 1712016604419 ms | PPG(Green=2335563, Red=2335563, Ir=2335563) | ACC(X=-5.47988843917847, Y=-5.23559284210205, Z=6.27025699615479) | HR=84 bpm | IBI=0 ms | Participant=P15
3194,IBI out of range,Row 3194 | Timestamp: 1712016604460 ms | PPG(Green=2335088, Red=2335088, Ir=2335088) | ACC(X=-5.49186372756958, Y=-5.24038314819336, Z=6.21756601333618) | HR=85 bpm | IBI=0 ms | Participant=P15
3195,IBI out of range,Row 3195 | Timestamp: 1712016604500 ms | PPG(Green=2335548, Red=2335548, Ir=2335548) | ACC(X=-5.51820945739746, Y=-5.24038314819336, Z=6.18164014816284) | HR=85 bpm | IBI=0 ms | Participant=P15
3196,IBI out of range,Row 3196 | Timestamp: 1712016604540 ms | PPG(Green=2336467, Red=2336467, Ir=2336467) | ACC(X=-5.52778959274292, Y=-5.18529653549194, Z=6.20559072494507) | HR=85 bpm | IBI=0 ms | Participant=P15
3197,IBI out of range,Row 3197 | Timestamp: 1712016604580 ms | PPG(Green=2337532, Red=2337532, Ir=2337532) | ACC(X=-5.44156742095947, Y=-5.19966697692871, Z=6.19840526580811) | HR=86 bpm | IBI=0 ms | Participant=P15
3198,IBI out of range,Row 3198 | Timestamp: 1712016604620 ms | PPG(Green=2338385, Red=2338385, Ir=2338385) | ACC(X=-5.49425888061523, Y=-5.19727182388306, Z=6.22235584259033) | HR=87 bpm | IBI=0 ms | Participant=P15
3199,IBI out of range,Row 3199 | Timestamp: 1712016604661 ms | PPG(Green=2339314, Red=2339314, Ir=2339314) | ACC(X=-5.47030830383301, Y=-5.22361755371094, Z=6.19601058959961) | HR=87 bpm | IBI=0 ms | Participant=P15
3200,IBI out of range,Row 3200 | Timestamp: 1712016604700 ms | PPG(Green=2340509, Red=2340509, Ir=2340509) | ACC(X=-5.48467874526978, Y=-5.18529653549194, Z=6.13613414764404) | HR=86 bpm | IBI=0 ms | Participant=P15
3201,IBI out of range,Row 3201 | Timestamp: 1712016604740 ms | PPG(Green=2341674, Red=2341674, Ir=2341674) | ACC(X=-5.52778959274292, Y=-5.21643257141113, Z=6.17445468902588) | HR=87 bpm | IBI=0 ms | Participant=P15
3202,IBI out of range,Row 3202 | Timestamp: 1712016604780 ms | PPG(Green=2341863, Red=2341863, Ir=2341863) | ACC(X=-5.52539443969727, Y=-5.23080253601074, Z=6.23433113098145) | HR=88 bpm | IBI=0 ms | Participant=P15
3203,IBI out of range,Row 3203 | Timestamp: 1712016604821 ms | PPG(Green=2337207, Red=2337207, Ir=2337207) | ACC(X=-5.4631233215332, Y=-5.14697551727295, Z=6.18882513046265) | HR=88 bpm | IBI=0 ms | Participant=P15
3204,IBI out of range,Row 3204 | Timestamp: 1712016604861 ms | PPG(Green=2331403, Red=2331403, Ir=2331403) | ACC(X=-5.4655179977417, Y=-5.1876916885376, Z=6.18882513046265) | HR=88 bpm | IBI=0 ms | Participant=P15
3205,IBI out of range,Row 3205 | Timestamp: 1712016604901 ms | PPG(Green=2327772, Red=2327772, Ir=2327772) | ACC(X=-5.46791315078735, Y=-5.20206212997437, Z=6.18642997741699) | HR=89 bpm | IBI=0 ms | Participant=P15
3206,IBI out of range,Row 3206 | Timestamp: 1712016604941 ms | PPG(Green=2325551, Red=2325551, Ir=2325551) | ACC(X=-5.51820945739746, Y=-5.23080253601074, Z=6.25349187850952) | HR=89 bpm | IBI=0 ms | Participant=P15
3207,IBI out of range,Row 3207 | Timestamp: 1712016604981 ms | PPG(Green=2324052, Red=2324052, Ir=2324052) | ACC(X=-5.52299976348877, Y=-5.19727182388306, Z=6.17445468902588) | HR=88 bpm | IBI=0 ms | Participant=P15
3208,IBI out of range,Row 3208 | Timestamp: 1712016605021 ms | PPG(Green=2323188, Red=2323188, Ir=2323188) | ACC(X=-5.49665403366089, Y=-5.19008684158325, Z=6.1840353012085) | HR=87 bpm | IBI=0 ms | Participant=P15
3209,IBI out of range,Row 3209 | Timestamp: 1712016605062 ms | PPG(Green=2321987, Red=2321987, Ir=2321987) | ACC(X=-5.54216003417969, Y=-5.15176582336426, Z=6.17924499511719) | HR=87 bpm | IBI=0 ms | Participant=P15
3210,IBI out of range,Row 3210 | Timestamp: 1712016605101 ms | PPG(Green=2320188, Red=2320188, Ir=2320188) | ACC(X=-5.52060461044312, Y=-5.22122240066528, Z=6.19361543655396) | HR=87 bpm | IBI=0 ms | Participant=P15
3211,IBI out of range,Row 3211 | Timestamp: 1712016605141 ms | PPG(Green=2318604, Red=2318604, Ir=2318604) | ACC(X=-5.47749328613281, Y=-5.21643257141113, Z=6.22954130172729) | HR=87 bpm | IBI=0 ms | Participant=P15
3212,IBI out of range,Row 3212 | Timestamp: 1712016605182 ms | PPG(Green=2317672, Red=2317672, Ir=2317672) | ACC(X=-5.44396257400513, Y=-5.11105012893677, Z=6.21038055419922) | HR=87 bpm | IBI=0 ms | Participant=P15
3213,IBI out of range,Row 3213 | Timestamp: 1712016605222 ms | PPG(Green=2317457, Red=2317457, Ir=2317457) | ACC(X=-5.546950340271, Y=-5.21403741836548, Z=6.22954130172729) | HR=86 bpm | IBI=0 ms | Participant=P15
3214,IBI out of range,Row 3214 | Timestamp: 1712016605262 ms | PPG(Green=2317743, Red=2317743, Ir=2317743) | ACC(X=-5.53257989883423, Y=-5.21643257141113, Z=6.24151659011841) | HR=86 bpm | IBI=0 ms | Participant=P15
3215,IBI out of range,Row 3215 | Timestamp: 1712016605302 ms | PPG(Green=2318202, Red=2318202, Ir=2318202) | ACC(X=-5.47988843917847, Y=-5.19966697692871, Z=6.25349187850952) | HR=86 bpm | IBI=0 ms | Participant=P15
3216,IBI out of range,Row 3216 | Timestamp: 1712016605342 ms | PPG(Green=2318811, Red=2318811, Ir=2318811) | ACC(X=-5.49904918670654, Y=-5.15655612945557, Z=6.15050411224365) | HR=86 bpm | IBI=0 ms | Participant=P15
3217,IBI out of range,Row 3217 | Timestamp: 1712016605382 ms | PPG(Green=2319783, Red=2319783, Ir=2319783) | ACC(X=-5.47988843917847, Y=-5.22601270675659, Z=6.2367262840271) | HR=85 bpm | IBI=0 ms | Participant=P15
3218,IBI out of range,Row 3218 | Timestamp: 1712016605422 ms | PPG(Green=2320817, Red=2320817, Ir=2320817) | ACC(X=-5.55174016952515, Y=-5.22122240066528, Z=6.15050411224365) | HR=86 bpm | IBI=0 ms | Participant=P15
3219,IBI out of range,Row 3219 | Timestamp: 1712016605463 ms | PPG(Green=2318414, Red=2318414, Ir=2318414) | ACC(X=-5.54934501647949, Y=-5.19727182388306, Z=6.17924499511719) | HR=87 bpm | IBI=0 ms | Participant=P15
3220,IBI out of range,Row 3220 | Timestamp: 1712016605503 ms | PPG(Green=2312879, Red=2312879, Ir=2312879) | ACC(X=-5.51341915130615, Y=-5.25235843658447, Z=6.16966485977173) | HR=86 bpm | IBI=0 ms | Participant=P15
3221,IBI out of range,Row 3221 | Timestamp: 1712016605543 ms | PPG(Green=2308222, Red=2308222, Ir=2308222) | ACC(X=-5.51341915130615, Y=-5.16374111175537, Z=6.2367262840271) | HR=86 bpm | IBI=0 ms | Participant=P15
3222,IBI out of range,Row 3222 | Timestamp: 1712016605583 ms | PPG(Green=2305726, Red=2305726, Ir=2305726) | ACC(X=-5.48467874526978, Y=-5.18290138244629, Z=6.20798587799072) | HR=87 bpm | IBI=0 ms | Participant=P15
3223,IBI out of range,Row 3223 | Timestamp: 1712016605623 ms | PPG(Green=2304346, Red=2304346, Ir=2304346) | ACC(X=-5.48467874526978, Y=-5.2763090133667, Z=6.18164014816284) | HR=88 bpm | IBI=0 ms | Participant=P15
3224,IBI out of range,Row 3224 | Timestamp: 1712016605664 ms | PPG(Green=2303990, Red=2303990, Ir=2303990) | ACC(X=-5.4631233215332, Y=-5.1876916885376, Z=6.16966485977173) | HR=89 bpm | IBI=0 ms | Participant=P15
3225,IBI out of range,Row 3225 | Timestamp: 1712016605703 ms | PPG(Green=2303641, Red=2303641, Ir=2303641) | ACC(X=-5.50383901596069, Y=-5.20206212997437, Z=6.19361543655396) | HR=89 bpm | IBI=0 ms | Participant=P15
3226,HeartRate out of range,Row 3226 | Timestamp: 1712016605743 ms | PPG(Green=2302671, Red=2302671, Ir=2302671) | ACC(X=-5.4631233215332, Y=-5.20924711227417, Z=6.22954130172729) | HR=0 bpm | IBI=0 ms | Participant=P15
3227,HeartRate out of range,Row 3227 | Timestamp: 1712016605784 ms | PPG(Green=2301498, Red=2301498, Ir=2301498) | ACC(X=-5.43677759170532, Y=-5.28588914871216, Z=6.1840353012085) | HR=0 bpm | IBI=0 ms | Participant=P15
3228,HeartRate out of range,Row 3228 | Timestamp: 1712016605824 ms | PPG(Green=2301018, Red=2301018, Ir=2301018) | ACC(X=-5.46791315078735, Y=-5.33618497848511, Z=6.20319557189941) | HR=0 bpm | IBI=0 ms | Participant=P15
3229,HeartRate out of range,Row 3229 | Timestamp: 1712016605864 ms | PPG(Green=2301828, Red=2301828, Ir=2301828) | ACC(X=-5.508629322052, Y=-5.26912355422974, Z=6.20798587799072) | HR=0 bpm | IBI=0 ms | Participant=P15
3230,HeartRate out of range,Row 3230 | Timestamp: 1712016605904 ms | PPG(Green=2303126, Red=2303126, Ir=2303126) | ACC(X=-5.53257989883423, Y=-5.12781524658203, Z=6.2439112663269) | HR=0 bpm | IBI=0 ms | Participant=P15
3231,HeartRate out of range,Row 3231 | Timestamp: 1712016605944 ms | PPG(Green=2304507, Red=2304507, Ir=2304507) | ACC(X=-5.51581430435181, Y=-5.22361755371094, Z=6.21756601333618) | HR=0 bpm | IBI=0 ms | Participant=P15
3232,HeartRate out of range,Row 3232 | Timestamp: 1712016605984 ms | PPG(Green=2306061, Red=2306061, Ir=2306061) | ACC(X=-5.49425888061523, Y=-5.26672840118408, Z=6.13134384155273) | HR=0 bpm | IBI=0 ms | Participant=P15
3233,HeartRate out of range,Row 3233 | Timestamp: 1712016606024 ms | PPG(Green=2307740, Red=2307740, Ir=2307740) | ACC(X=-5.44635772705078, Y=-5.28828430175781, Z=6.21277570724487) | HR=0 bpm | IBI=0 ms | Participant=P15
3234,HeartRate out of range,Row 3234 | Timestamp: 1712016606065 ms | PPG(Green=2309626, Red=2309626, Ir=2309626) | ACC(X=-5.39127159118652, Y=-5.27151870727539, Z=6.15529441833496) | HR=0 bpm | IBI=0 ms | Participant=P15
3235,HeartRate out of range,Row 3235 | Timestamp: 1712016606105 ms | PPG(Green=2308630, Red=2308630, Ir=2308630) | ACC(X=-5.48228359222412, Y=-5.17571640014648, Z=6.21277570724487) | HR=0 bpm | IBI=0 ms | Participant=P15
3236,HeartRate out of range,Row 3236 | Timestamp: 1712016606145 ms | PPG(Green=2302789, Red=2302789, Ir=2302789) | ACC(X=-5.43198728561401, Y=-5.33139514923096, Z=6.25828170776367) | HR=0 bpm | IBI=0 ms | Participant=P15
3237,HeartRate out of range,Row 3237 | Timestamp: 1712016606185 ms | PPG(Green=2297201, Red=2297201, Ir=2297201) | ACC(X=-5.41522216796875, Y=-5.21882724761963, Z=6.16487455368042) | HR=0 bpm | IBI=0 ms | Participant=P15
3238,HeartRate out of range,Row 3238 | Timestamp: 1712016606225 ms | PPG(Green=2293831, Red=2293831, Ir=2293831) | ACC(X=-5.45114803314209, Y=-5.23798799514771, Z=6.19601058959961) | HR=0 bpm | IBI=0 ms | Participant=P15
3239,HeartRate out of range,Row 3239 | Timestamp: 1712016606266 ms | PPG(Green=2291790, Red=2291790, Ir=2291790) | ACC(X=-5.47270345687866, Y=-5.3218150138855, Z=6.25349187850952) | HR=0 bpm | IBI=581 ms | Participant=P15
3240,HeartRate out of range,Row 3240 | Timestamp: 1712016606305 ms | PPG(Green=2290638, Red=2290638, Ir=2290638) | ACC(X=-5.4631233215332, Y=-5.24996328353882, Z=6.16008472442627) | HR=0 bpm | IBI=0 ms | Participant=P15
3241,HeartRate out of range,Row 3241 | Timestamp: 1712016606345 ms | PPG(Green=2290034, Red=2290034, Ir=2290034) | ACC(X=-5.4583330154419, Y=-5.19248199462891, Z=6.17206001281738) | HR=0 bpm | IBI=0 ms | Participant=P15
3242,HeartRate out of range,Row 3242 | Timestamp: 1712016606386 ms | PPG(Green=2289204, Red=2289204, Ir=2289204) | ACC(X=-5.45593786239624, Y=-5.25235843658447, Z=6.21517086029053) | HR=0 bpm | IBI=0 ms | Participant=P15
3243,HeartRate out of range,Row 3243 | Timestamp: 1712016606426 ms | PPG(Green=2288170, Red=2288170, Ir=2288170) | ACC(X=-5.44156742095947, Y=-5.22601270675659, Z=6.23433113098145) | HR=0 bpm | IBI=0 ms | Participant=P15
3244,HeartRate out of range,Row 3244 | Timestamp: 1712016606466 ms | PPG(Green=2287632, Red=2287632, Ir=2287632) | ACC(X=-5.47509860992432, Y=-5.24517297744751, Z=6.16008472442627) | HR=0 bpm | IBI=0 ms | Participant=P15
3245,HeartRate out of range,Row 3245 | Timestamp: 1712016606506 ms | PPG(Green=2288034, Red=2288034, Ir=2288034) | ACC(X=-5.3745059967041, Y=-5.28828430175781, Z=6.23433113098145) | HR=0 bpm | IBI=0 ms | Participant=P15
3246,HeartRate out of range,Row 3246 | Timestamp: 1712016606546 ms | PPG(Green=2288956, Red=2288956, Ir=2288956) | ACC(X=-5.44396257400513, Y=-5.30744457244873, Z=6.16966485977173) | HR=0 bpm | IBI=0 ms | Participant=P15
3247,HeartRate out of range,Row 3247 | Timestamp: 1712016606586 ms | PPG(Green=2290211, Red=2290211, Ir=2290211) | ACC(X=-5.37211084365845, Y=-5.21882724761963, Z=6.17445468902588) | HR=0 bpm | IBI=0 ms | Participant=P15
3248,HeartRate out of range,Row 3248 | Timestamp: 1712016606626 ms | PPG(Green=2291193, Red=2291193, Ir=2291193) | ACC(X=-5.47270345687866, Y=-5.23798799514771, Z=6.15529441833496) | HR=0 bpm | IBI=0 ms | Participant=P15
3249,IBI out of range,Row 3249 | Timestamp: 1712016606667 ms | PPG(Green=2292465, Red=2292465, Ir=2292465) | ACC(X=-5.43438243865967, Y=-5.2787036895752, Z=6.19840526580811) | HR=101 bpm | IBI=0 ms | Participant=P15
3250,IBI out of range,Row 3250 | Timestamp: 1712016606706 ms | PPG(Green=2294143, Red=2294143, Ir=2294143) | ACC(X=-5.42480230331421, Y=-5.2331976890564, Z=6.16726970672607) | HR=101 bpm | IBI=0 ms | Participant=P15
3251,IBI out of range,Row 3251 | Timestamp: 1712016606747 ms | PPG(Green=2295438, Red=2295438, Ir=2295438) | ACC(X=-5.4631233215332, Y=-5.25714826583862, Z=6.15529441833496) | HR=103 bpm | IBI=0 ms | Participant=P15
3252,IBI out of range,Row 3252 | Timestamp: 1712016606787 ms | PPG(Green=2291597, Red=2291597, Ir=2291597) | ACC(X=-5.4655179977417, Y=-5.28588914871216, Z=6.25109672546387) | HR=104 bpm | IBI=0 ms | Participant=P15
3253,IBI out of range,Row 3253 | Timestamp: 1712016606827 ms | PPG(Green=2285076, Red=2285076, Ir=2285076) | ACC(X=-5.47030830383301, Y=-5.30504941940308, Z=6.19361543655396) | HR=105 bpm | IBI=0 ms | Participant=P15
3254,IBI out of range,Row 3254 | Timestamp: 1712016606868 ms | PPG(Green=2280035, Red=2280035, Ir=2280035) | ACC(X=-5.44635772705078, Y=-5.21164226531982, Z=6.15050411224365) | HR=106 bpm | IBI=0 ms | Participant=P15
3255,HeartRate out of range,Row 3255 | Timestamp: 1712016606907 ms | PPG(Green=2276925, Red=2276925, Ir=2276925) | ACC(X=-5.4655179977417, Y=-5.27151870727539, Z=6.19840526580811) | HR=0 bpm | IBI=0 ms | Participant=P15
3256,HeartRate out of range,Row 3256 | Timestamp: 1712016606947 ms | PPG(Green=2274832, Red=2274832, Ir=2274832) | ACC(X=-5.40564203262329, Y=-5.22840785980225, Z=6.17445468902588) | HR=0 bpm | IBI=0 ms | Participant=P15
3257,HeartRate out of range,Row 3257 | Timestamp: 1712016606987 ms | PPG(Green=2273804, Red=2273804, Ir=2273804) | ACC(X=-5.48707389831543, Y=-5.19248199462891, Z=6.16247940063477) | HR=0 bpm | IBI=0 ms | Participant=P15
3258,HeartRate out of range,Row 3258 | Timestamp: 1712016607027 ms | PPG(Green=2272800, Red=2272800, Ir=2272800) | ACC(X=-5.43917274475098, Y=-5.24996328353882, Z=6.22954130172729) | HR=0 bpm | IBI=0 ms | Participant=P15
3259,HeartRate out of range,Row 3259 | Timestamp: 1712016607068 ms | PPG(Green=2271646, Red=2271646, Ir=2271646) | ACC(X=-5.39366674423218, Y=-5.25235843658447, Z=6.21517086029053) | HR=0 bpm | IBI=0 ms | Participant=P15
3260,HeartRate out of range,Row 3260 | Timestamp: 1712016607108 ms | PPG(Green=2270487, Red=2270487, Ir=2270487) | ACC(X=-5.41522216796875, Y=-5.24996328353882, Z=6.16247940063477) | HR=0 bpm | IBI=0 ms | Participant=P15
3261,HeartRate out of range,Row 3261 | Timestamp: 1712016607148 ms | PPG(Green=2270019, Red=2270019, Ir=2270019) | ACC(X=-5.39366674423218, Y=-5.25954341888428, Z=6.21756601333618) | HR=0 bpm | IBI=0 ms | Participant=P15
3262,HeartRate out of range,Row 3262 | Timestamp: 1712016607188 ms | PPG(Green=2270467, Red=2270467, Ir=2270467) | ACC(X=-5.50623416900635, Y=-5.20206212997437, Z=6.16726970672607) | HR=0 bpm | IBI=0 ms | Participant=P15
3263,HeartRate out of range,Row 3263 | Timestamp: 1712016607228 ms | PPG(Green=2271569, Red=2271569, Ir=2271569) | ACC(X=-5.4655179977417, Y=-5.29307413101196, Z=6.19361543655396) | HR=0 bpm | IBI=0 ms | Participant=P15
3264,HeartRate out of range,Row 3264 | Timestamp: 1712016607269 ms | PPG(Green=2272588, Red=2272588, Ir=2272588) | ACC(X=-5.42240715026855, Y=-5.23798799514771, Z=6.21277570724487) | HR=0 bpm | IBI=0 ms | Participant=P15
3265,HeartRate out of range,Row 3265 | Timestamp: 1712016607308 ms | PPG(Green=2273848, Red=2273848, Ir=2273848) | ACC(X=-5.47270345687866, Y=-5.19966697692871, Z=6.26067686080933) | HR=0 bpm | IBI=0 ms | Participant=P15
3266,HeartRate out of range,Row 3266 | Timestamp: 1712016607348 ms | PPG(Green=2274997, Red=2274997, Ir=2274997) | ACC(X=-5.40803670883179, Y=-5.2763090133667, Z=6.2439112663269) | HR=0 bpm | IBI=0 ms | Participant=P15
3267,HeartRate out of range,Row 3267 | Timestamp: 1712016607388 ms | PPG(Green=2276741, Red=2276741, Ir=2276741) | ACC(X=-5.41522216796875, Y=-5.30504941940308, Z=6.20559072494507) | HR=0 bpm | IBI=0 ms | Participant=P15
3268,HeartRate out of range,Row 3268 | Timestamp: 1712016607428 ms | PPG(Green=2278119, Red=2278119, Ir=2278119) | ACC(X=-5.48467874526978, Y=-5.2787036895752, Z=6.10978841781616) | HR=0 bpm | IBI=0 ms | Participant=P15
3269,HeartRate out of range,Row 3269 | Timestamp: 1712016607469 ms | PPG(Green=2275083, Red=2275083, Ir=2275083) | ACC(X=-5.4176173210144, Y=-5.28588914871216, Z=6.27025699615479) | HR=0 bpm | IBI=0 ms | Participant=P15
3270,HeartRate out of range,Row 3270 | Timestamp: 1712016607508 ms | PPG(Green=2268467, Red=2268467, Ir=2268467) | ACC(X=-5.35055541992188, Y=-5.33379030227661, Z=6.19361543655396) | HR=0 bpm | IBI=0 ms | Participant=P15
3271,HeartRate out of range,Row 3271 | Timestamp: 1712016607548 ms | PPG(Green=2262686, Red=2262686, Ir=2262686) | ACC(X=-5.46791315078735, Y=-5.22361755371094, Z=6.19601058959961) | HR=0 bpm | IBI=0 ms | Participant=P15
3272,HeartRate out of range,Row 3272 | Timestamp: 1712016607589 ms | PPG(Green=2259568, Red=2259568, Ir=2259568) | ACC(X=-5.41043186187744, Y=-5.30504941940308, Z=6.20559072494507) | HR=0 bpm | IBI=0 ms | Participant=P15
3273,HeartRate out of range,Row 3273 | Timestamp: 1712016607629 ms | PPG(Green=2257348, Red=2257348, Ir=2257348) | ACC(X=-5.43917274475098, Y=-5.3218150138855, Z=6.17924499511719) | HR=0 bpm | IBI=0 ms | Participant=P15
3274,HeartRate out of range,Row 3274 | Timestamp: 1712016607669 ms | PPG(Green=2256393, Red=2256393, Ir=2256393) | ACC(X=-5.4583330154419, Y=-5.24517297744751, Z=6.13852882385254) | HR=0 bpm | IBI=0 ms | Participant=P15
3275,HeartRate out of range,Row 3275 | Timestamp: 1712016607709 ms | PPG(Green=2255471, Red=2255471, Ir=2255471) | ACC(X=-5.45114803314209, Y=-5.16374111175537, Z=6.20319557189941) | HR=0 bpm | IBI=0 ms | Participant=P15
3276,HeartRate out of range,Row 3276 | Timestamp: 1712016607749 ms | PPG(Green=2254361, Red=2254361, Ir=2254361) | ACC(X=-5.44635772705078, Y=-5.24996328353882, Z=6.15529441833496) | HR=0 bpm | IBI=0 ms | Participant=P15
3277,HeartRate out of range,Row 3277 | Timestamp: 1712016607789 ms | PPG(Green=2253196, Red=2253196, Ir=2253196) | ACC(X=-5.42719745635986, Y=-5.29546928405762, Z=6.22954130172729) | HR=0 bpm | IBI=0 ms | Participant=P15
3278,HeartRate out of range,Row 3278 | Timestamp: 1712016607829 ms | PPG(Green=2252726, Red=2252726, Ir=2252726) | ACC(X=-5.36013555526733, Y=-5.23798799514771, Z=6.24151659011841) | HR=0 bpm | IBI=0 ms | Participant=P15
3279,HeartRate out of range,Row 3279 | Timestamp: 1712016607870 ms | PPG(Green=2253280, Red=2253280, Ir=2253280) | ACC(X=-5.42480230331421, Y=-5.21643257141113, Z=6.21277570724487) | HR=0 bpm | IBI=0 ms | Participant=P15
3280,HeartRate out of range,Row 3280 | Timestamp: 1712016607909 ms | PPG(Green=2254411, Red=2254411, Ir=2254411) | ACC(X=-5.49904918670654, Y=-5.1876916885376, Z=6.1840353012085) | HR=0 bpm | IBI=0 ms | Participant=P15
3281,HeartRate out of range,Row 3281 | Timestamp: 1712016607949 ms | PPG(Green=2255695, Red=2255695, Ir=2255695) | ACC(X=-5.46791315078735, Y=-5.24996328353882, Z=6.16966485977173) | HR=0 bpm | IBI=0 ms | Participant=P15
3282,HeartRate out of range,Row 3282 | Timestamp: 1712016607989 ms | PPG(Green=2256941, Red=2256941, Ir=2256941) | ACC(X=-5.42959260940552, Y=-5.20206212997437, Z=6.22235584259033) | HR=0 bpm | IBI=0 ms | Participant=P15
3283,HeartRate out of range,Row 3283 | Timestamp: 1712016608030 ms | PPG(Green=2258178, Red=2258178, Ir=2258178) | ACC(X=-5.38887643814087, Y=-5.23798799514771, Z=6.17924499511719) | HR=0 bpm | IBI=0 ms | Participant=P15
3284,HeartRate out of range,Row 3284 | Timestamp: 1712016608070 ms | PPG(Green=2259615, Red=2259615, Ir=2259615) | ACC(X=-5.44875288009644, Y=-5.26433372497559, Z=6.18642997741699) | HR=0 bpm | IBI=0 ms | Participant=P15
3285,HeartRate out of range,Row 3285 | Timestamp: 1712016608110 ms | PPG(Green=2261182, Red=2261182, Ir=2261182) | ACC(X=-5.38648128509521, Y=-5.25954341888428, Z=6.21038055419922) | HR=0 bpm | IBI=0 ms | Participant=P15
3286,HeartRate out of range,Row 3286 | Timestamp: 1712016608150 ms | PPG(Green=2263226, Red=2263226, Ir=2263226) | ACC(X=-5.51341915130615, Y=-5.25475311279297, Z=6.16966485977173) | HR=0 bpm | IBI=0 ms | Participant=P15
3287,HeartRate out of range,Row 3287 | Timestamp: 1712016608190 ms | PPG(Green=2263228, Red=2263228, Ir=2263228) | ACC(X=-5.55174016952515, Y=-5.26193857192993, Z=6.19840526580811) | HR=0 bpm | IBI=0 ms | Participant=P15
3288,HeartRate out of range,Row 3288 | Timestamp: 1712016608230 ms | PPG(Green=2257337, Red=2257337, Ir=2257337) | ACC(X=-5.42480230331421, Y=-5.24277782440186, Z=6.23912143707275) | HR=0 bpm | IBI=0 ms | Participant=P15
3289,HeartRate out of range,Row 3289 | Timestamp: 1712016608271 ms | PPG(Green=2250921, Red=2250921, Ir=2250921) | ACC(X=-5.44396257400513, Y=-5.20445728302002, Z=6.15529441833496) | HR=0 bpm | IBI=0 ms | Participant=P15
3290,HeartRate out of range,Row 3290 | Timestamp: 1712016608310 ms | PPG(Green=2246893, Red=2246893, Ir=2246893) | ACC(X=-5.41522216796875, Y=-5.29546928405762, Z=6.21277570724487) | HR=0 bpm | IBI=0 ms | Participant=P15
3291,HeartRate out of range,Row 3291 | Timestamp: 1712016608350 ms | PPG(Green=2244754, Red=2244754, Ir=2244754) | ACC(X=-5.47270345687866, Y=-5.22122240066528, Z=6.18642997741699) | HR=0 bpm | IBI=0 ms | Participant=P15
3292,HeartRate out of range,Row 3292 | Timestamp: 1712016608391 ms | PPG(Green=2243295, Red=2243295, Ir=2243295) | ACC(X=-5.49425888061523, Y=-5.2331976890564, Z=6.17924499511719) | HR=0 bpm | IBI=0 ms | Participant=P15
3293,HeartRate out of range,Row 3293 | Timestamp: 1712016608431 ms | PPG(Green=2242642, Red=2242642, Ir=2242642) | ACC(X=-5.49425888061523, Y=-5.24277782440186, Z=6.2439112663269) | HR=0 bpm | IBI=0 ms | Participant=P15
3294,HeartRate out of range,Row 3294 | Timestamp: 1712016608471 ms | PPG(Green=2241595, Red=2241595, Ir=2241595) | ACC(X=-5.53736972808838, Y=-5.24756813049316, Z=6.20559072494507) | HR=0 bpm | IBI=0 ms | Participant=P15
3295,HeartRate out of range,Row 3295 | Timestamp: 1712016608511 ms | PPG(Green=2240204, Red=2240204, Ir=2240204) | ACC(X=-5.49665403366089, Y=-5.24996328353882, Z=6.20798587799072) | HR=0 bpm | IBI=0 ms | Participant=P15
3296,HeartRate out of range,Row 3296 | Timestamp: 1712016608551 ms | PPG(Green=2239015, Red=2239015, Ir=2239015) | ACC(X=-5.4631233215332, Y=-5.22122240066528, Z=6.21517086029053) | HR=0 bpm | IBI=0 ms | Participant=P15
3297,HeartRate out of range,Row 3297 | Timestamp: 1712016608591 ms | PPG(Green=2238682, Red=2238682, Ir=2238682) | ACC(X=-5.47749328613281, Y=-5.21164226531982, Z=6.16726970672607) | HR=0 bpm | IBI=0 ms | Participant=P15
3298,HeartRate out of range,Row 3298 | Timestamp: 1712016608631 ms | PPG(Green=2239146, Red=2239146, Ir=2239146) | ACC(X=-5.46072816848755, Y=-5.2331976890564, Z=6.1912202835083) | HR=0 bpm | IBI=0 ms | Participant=P15
3299,HeartRate out of range,Row 3299 | Timestamp: 1712016608672 ms | PPG(Green=2239864, Red=2239864, Ir=2239864) | ACC(X=-5.546950340271, Y=-5.1876916885376, Z=6.1840353012085) | HR=0 bpm | IBI=0 ms | Participant=P15
3300,HeartRate out of range,Row 3300 | Timestamp: 1712016608711 ms | PPG(Green=2240585, Red=2240585, Ir=2240585) | ACC(X=-5.51102447509766, Y=-5.22840785980225, Z=6.17445468902588) | HR=0 bpm | IBI=0 ms | Participant=P15
3301,HeartRate out of range,Row 3301 | Timestamp: 1712016608751 ms | PPG(Green=2241387, Red=2241387, Ir=2241387) | ACC(X=-5.55653047561646, Y=-5.18050670623779, Z=6.23193597793579) | HR=0 bpm | IBI=0 ms | Participant=P15
3302,HeartRate out of range,Row 3302 | Timestamp: 1712016608792 ms | PPG(Green=2242220, Red=2242220, Ir=2242220) | ACC(X=-5.53018474578857, Y=-5.23559284210205, Z=6.20559072494507) | HR=0 bpm | IBI=0 ms | Participant=P15
3303,HeartRate out of range,Row 3303 | Timestamp: 1712016608832 ms | PPG(Green=2243343, Red=2243343, Ir=2243343) | ACC(X=-5.41522216796875, Y=-5.20924711227417, Z=6.17684984207153) | HR=0 bpm | IBI=0 ms | Participant=P15
3304,HeartRate out of range,Row 3304 | Timestamp: 1712016608872 ms | PPG(Green=2245126, Red=2245126, Ir=2245126) | ACC(X=-5.43198728561401, Y=-5.24517297744751, Z=6.17684984207153) | HR=0 bpm | IBI=0 ms | Participant=P15
3305,HeartRate out of range,Row 3305 | Timestamp: 1712016608912 ms | PPG(Green=2246920, Red=2246920, Ir=2246920) | ACC(X=-5.53736972808838, Y=-5.27151870727539, Z=6.16966485977173) | HR=0 bpm | IBI=0 ms | Participant=P15
3306,HeartRate out of range,Row 3306 | Timestamp: 1712016608952 ms | PPG(Green=2246086, Red=2246086, Ir=2246086) | ACC(X=-5.54934501647949, Y=-5.24038314819336, Z=6.21996068954468) | HR=0 bpm | IBI=0 ms | Participant=P15
3307,HeartRate out of range,Row 3307 | Timestamp: 1712016608992 ms | PPG(Green=2240936, Red=2240936, Ir=2240936) | ACC(X=-5.48707389831543, Y=-5.24038314819336, Z=6.24630641937256) | HR=0 bpm | IBI=0 ms | Participant=P15
3308,HeartRate out of range,Row 3308 | Timestamp: 1712016609032 ms | PPG(Green=2236033, Red=2236033, Ir=2236033) | ACC(X=-5.45354270935059, Y=-5.18050670623779, Z=6.14331912994385) | HR=0 bpm | IBI=0 ms | Participant=P15
3309,HeartRate out of range,Row 3309 | Timestamp: 1712016609073 ms | PPG(Green=2233537, Red=2233537, Ir=2233537) | ACC(X=-5.47988843917847, Y=-5.20924711227417, Z=6.14810943603516) | HR=0 bpm | IBI=0 ms | Participant=P15
3310,HeartRate out of range,Row 3310 | Timestamp: 1712016609112 ms | PPG(Green=2232607, Red=2232607, Ir=2232607) | ACC(X=-5.41043186187744, Y=-5.19727182388306, Z=6.20798587799072) | HR=0 bpm | IBI=0 ms | Participant=P15
3311,HeartRate out of range,Row 3311 | Timestamp: 1712016609153 ms | PPG(Green=2232694, Red=2232694, Ir=2232694) | ACC(X=-5.50623416900635, Y=-5.30744457244873, Z=6.15289926528931) | HR=0 bpm | IBI=0 ms | Participant=P15
3312,HeartRate out of range,Row 3312 | Timestamp: 1712016609193 ms | PPG(Green=2232807, Red=2232807, Ir=2232807) | ACC(X=-5.55174016952515, Y=-5.22122240066528, Z=6.14092397689819) | HR=0 bpm | IBI=0 ms | Participant=P15
3313,HeartRate out of range,Row 3313 | Timestamp: 1712016609233 ms | PPG(Green=2232548, Red=2232548, Ir=2232548) | ACC(X=-5.508629322052, Y=-5.2331976890564, Z=6.23433113098145) | HR=0 bpm | IBI=0 ms | Participant=P15
3314,HeartRate out of range,Row 3314 | Timestamp: 1712016609274 ms | PPG(Green=2232128, Red=2232128, Ir=2232128) | ACC(X=-5.508629322052, Y=-5.22601270675659, Z=6.13373899459839) | HR=0 bpm | IBI=0 ms | Participant=P15
3315,HeartRate out of range,Row 3315 | Timestamp: 1712016609313 ms | PPG(Green=2232193, Red=2232193, Ir=2232193) | ACC(X=-5.47270345687866, Y=-5.29067897796631, Z=6.1840353012085) | HR=0 bpm | IBI=0 ms | Participant=P15
3316,HeartRate out of range,Row 3316 | Timestamp: 1712016609353 ms | PPG(Green=2233263, Red=2233263, Ir=2233263) | ACC(X=-5.44396257400513, Y=-5.26912355422974, Z=6.2367262840271) | HR=0 bpm | IBI=0 ms | Participant=P15
3317,HeartRate out of range,Row 3317 | Timestamp: 1712016609393 ms | PPG(Green=2235103, Red=2235103, Ir=2235103) | ACC(X=-5.40564203262329, Y=-5.19008684158325, Z=6.15768957138062) | HR=0 bpm | IBI=0 ms | Participant=P15
3318,HeartRate out of range,Row 3318 | Timestamp: 1712016609433 ms | PPG(Green=2237254, Red=2237254, Ir=2237254) | ACC(X=-5.4631233215332, Y=-5.26433372497559, Z=6.19840526580811) | HR=0 bpm | IBI=0 ms | Participant=P15
3319,HeartRate out of range,Row 3319 | Timestamp: 1712016609474 ms | PPG(Green=2239133, Red=2239133, Ir=2239133) | ACC(X=-5.49665403366089, Y=-5.34097528457642, Z=6.18642997741699) | HR=0 bpm | IBI=0 ms | Participant=P15
3320,HeartRate out of range,Row 3320 | Timestamp: 1712016609514 ms | PPG(Green=2241223, Red=2241223, Ir=2241223) | ACC(X=-5.50383901596069, Y=-5.19008684158325, Z=6.18642997741699) | HR=0 bpm | IBI=0 ms | Participant=P15
3321,HeartRate out of range,Row 3321 | Timestamp: 1712016609554 ms | PPG(Green=2243259, Red=2243259, Ir=2243259) | ACC(X=-5.44875288009644, Y=-5.24996328353882, Z=6.21038055419922) | HR=0 bpm | IBI=0 ms | Participant=P15
3322,HeartRate out of range,Row 3322 | Timestamp: 1712016609594 ms | PPG(Green=2245463, Red=2245463, Ir=2245463) | ACC(X=-5.43198728561401, Y=-5.28588914871216, Z=6.19361543655396) | HR=0 bpm | IBI=0 ms | Participant=P15
3323,HeartRate out of range,Row 3323 | Timestamp: 1712016609634 ms | PPG(Green=2248149, Red=2248149, Ir=2248149) | ACC(X=-5.41043186187744, Y=-5.23559284210205, Z=6.22235584259033) | HR=0 bpm | IBI=0 ms | Participant=P15
3324,HeartRate out of range,Row 3324 | Timestamp: 1712016609675 ms | PPG(Green=2250849, Red=2250849, Ir=2250849) | ACC(X=-5.47509860992432, Y=-5.21882724761963, Z=6.16726970672607) | HR=0 bpm | IBI=0 ms | Participant=P15
3325,HeartRate out of range,Row 3325 | Timestamp: 1712016609714 ms | PPG(Green=2248882, Red=2248882, Ir=2248882) | ACC(X=-5.44635772705078, Y=-5.27151870727539, Z=6.17445468902588) | HR=0 bpm | IBI=0 ms | Participant=P15
3326,HeartRate out of range,Row 3326 | Timestamp: 1712016609754 ms | PPG(Green=2243487, Red=2243487, Ir=2243487) | ACC(X=-5.4631233215332, Y=-5.31702470779419, Z=6.20559072494507) | HR=0 bpm | IBI=0 ms | Participant=P15
3327,HeartRate out of range,Row 3327 | Timestamp: 1712016609794 ms | PPG(Green=2239563, Red=2239563, Ir=2239563) | ACC(X=-5.49665403366089, Y=-5.1876916885376, Z=6.16966485977173) | HR=0 bpm | IBI=0 ms | Participant=P15
3328,HeartRate out of range,Row 3328 | Timestamp: 1712016609834 ms | PPG(Green=2237775, Red=2237775, Ir=2237775) | ACC(X=-5.4176173210144, Y=-5.33379030227661, Z=6.24630641937256) | HR=0 bpm | IBI=0 ms | Participant=P15
3329,HeartRate out of range,Row 3329 | Timestamp: 1712016609875 ms | PPG(Green=2237030, Red=2237030, Ir=2237030) | ACC(X=-5.36492586135864, Y=-5.27391386032104, Z=6.18882513046265) | HR=0 bpm | IBI=0 ms | Participant=P15
3330,HeartRate out of range,Row 3330 | Timestamp: 1712016609915 ms | PPG(Green=2236947, Red=2236947, Ir=2236947) | ACC(X=-5.48228359222412, Y=-5.30983972549438, Z=6.16487455368042) | HR=0 bpm | IBI=0 ms | Participant=P15
3331,HeartRate out of range,Row 3331 | Timestamp: 1712016609955 ms | PPG(Green=2237360, Red=2237360, Ir=2237360) | ACC(X=-5.43917274475098, Y=-5.24996328353882, Z=6.23193597793579) | HR=0 bpm | IBI=0 ms | Participant=P15
3332,HeartRate out of range,Row 3332 | Timestamp: 1712016609995 ms | PPG(Green=2237357, Red=2237357, Ir=2237357) | ACC(X=-5.45354270935059, Y=-5.25714826583862, Z=6.18882513046265) | HR=0 bpm | IBI=0 ms | Participant=P15
3333,HeartRate out of range,Row 3333 | Timestamp: 1712016610035 ms | PPG(Green=2237324, Red=2237324, Ir=2237324) | ACC(X=-5.42240715026855, Y=-5.26193857192993, Z=6.19361543655396) | HR=0 bpm | IBI=0 ms | Participant=P15
3334,HeartRate out of range,Row 3334 | Timestamp: 1712016610076 ms | PPG(Green=2237619, Red=2237619, Ir=2237619) | ACC(X=-5.4200119972229, Y=-5.31702470779419, Z=6.21277570724487) | HR=0 bpm | IBI=0 ms | Participant=P15
3335,HeartRate out of range,Row 3335 | Timestamp: 1712016610115 ms | PPG(Green=2239074, Red=2239074, Ir=2239074) | ACC(X=-5.508629322052, Y=-5.24996328353882, Z=6.20559072494507) | HR=0 bpm | IBI=0 ms | Participant=P15
3336,HeartRate out of range,Row 3336 | Timestamp: 1712016610155 ms | PPG(Green=2241101, Red=2241101, Ir=2241101) | ACC(X=-5.47270345687866, Y=-5.19966697692871, Z=6.20319557189941) | HR=0 bpm | IBI=0 ms | Participant=P15
3337,HeartRate out of range,Row 3337 | Timestamp: 1712016610195 ms | PPG(Green=2243169, Red=2243169, Ir=2243169) | ACC(X=-5.54216003417969, Y=-5.2331976890564, Z=6.16966485977173) | HR=0 bpm | IBI=0 ms | Participant=P15
3338,HeartRate out of range,Row 3338 | Timestamp: 1712016610236 ms | PPG(Green=2245375, Red=2245375, Ir=2245375) | ACC(X=-5.43917274475098, Y=-5.1876916885376, Z=6.22235584259033) | HR=0 bpm | IBI=0 ms | Participant=P15
3339,HeartRate out of range,Row 3339 | Timestamp: 1712016610276 ms | PPG(Green=2247451, Red=2247451, Ir=2247451) | ACC(X=-5.44635772705078, Y=-5.23559284210205, Z=6.18882513046265) | HR=0 bpm | IBI=0 ms | Participant=P15
3340,HeartRate out of range,Row 3340 | Timestamp: 1712016610316 ms | PPG(Green=2249645, Red=2249645, Ir=2249645) | ACC(X=-5.49425888061523, Y=-5.38408613204956, Z=6.15050411224365) | HR=0 bpm | IBI=0 ms | Participant=P15
3341,HeartRate out of range,Row 3341 | Timestamp: 1712016610356 ms | PPG(Green=2251840, Red=2251840, Ir=2251840) | ACC(X=-5.39606142044067, Y=-5.21643257141113, Z=6.24630641937256) | HR=0 bpm | IBI=0 ms | Participant=P15
3342,HeartRate out of range,Row 3342 | Timestamp: 1712016610396 ms | PPG(Green=2254366, Red=2254366, Ir=2254366) | ACC(X=-5.50383901596069, Y=-5.27391386032104, Z=6.22235584259033) | HR=0 bpm | IBI=0 ms | Participant=P15
3343,HeartRate out of range,Row 3343 | Timestamp: 1712016610436 ms | PPG(Green=2256402, Red=2256402, Ir=2256402) | ACC(X=-5.54455518722534, Y=-5.30265426635742, Z=6.20319557189941) | HR=0 bpm | IBI=0 ms | Participant=P15
3344,HeartRate out of range,Row 3344 | Timestamp: 1712016610477 ms | PPG(Green=2253294, Red=2253294, Ir=2253294) | ACC(X=-5.41522216796875, Y=-5.20685195922852, Z=6.23433113098145) | HR=0 bpm | IBI=0 ms | Participant=P15
3345,HeartRate out of range,Row 3345 | Timestamp: 1712016610516 ms | PPG(Green=2248091, Red=2248091, Ir=2248091) | ACC(X=-5.38887643814087, Y=-5.2331976890564, Z=6.16726970672607) | HR=0 bpm | IBI=0 ms | Participant=P15
3346,HeartRate out of range,Row 3346 | Timestamp: 1712016610556 ms | PPG(Green=2244979, Red=2244979, Ir=2244979) | ACC(X=-5.508629322052, Y=-5.23559284210205, Z=6.10739326477051) | HR=0 bpm | IBI=0 ms | Participant=P15
3347,HeartRate out of range,Row 3347 | Timestamp: 1712016610597 ms | PPG(Green=2243669, Red=2243669, Ir=2243669) | ACC(X=-5.47270345687866, Y=-5.24996328353882, Z=6.20080041885376) | HR=0 bpm | IBI=0 ms | Participant=P15
3348,HeartRate out of range,Row 3348 | Timestamp: 1712016610637 ms | PPG(Green=2243144, Red=2243144, Ir=2243144) | ACC(X=-5.43198728561401, Y=-5.22361755371094, Z=6.13613414764404) | HR=0 bpm | IBI=0 ms | Participant=P15
3349,HeartRate out of range,Row 3349 | Timestamp: 1712016610677 ms | PPG(Green=2243292, Red=2243292, Ir=2243292) | ACC(X=-5.47749328613281, Y=-5.20445728302002, Z=6.16247940063477) | HR=0 bpm | IBI=0 ms | Participant=P15
3350,HeartRate out of range,Row 3350 | Timestamp: 1712016610717 ms | PPG(Green=2243562, Red=2243562, Ir=2243562) | ACC(X=-5.44156742095947, Y=-5.24996328353882, Z=6.21996068954468) | HR=0 bpm | IBI=0 ms | Participant=P15
3351,HeartRate out of range,Row 3351 | Timestamp: 1712016610757 ms | PPG(Green=2243326, Red=2243326, Ir=2243326) | ACC(X=-5.34576559066772, Y=-5.20445728302002, Z=6.21517086029053) | HR=0 bpm | IBI=0 ms | Participant=P15
3352,HeartRate out of range,Row 3352 | Timestamp: 1712016610797 ms | PPG(Green=2243359, Red=2243359, Ir=2243359) | ACC(X=-5.40324687957764, Y=-5.31462955474854, Z=6.17924499511719) | HR=0 bpm | IBI=0 ms | Participant=P15
3353,HeartRate out of range,Row 3353 | Timestamp: 1712016610837 ms | PPG(Green=2244093, Red=2244093, Ir=2244093) | ACC(X=-5.3745059967041, Y=-5.29307413101196, Z=6.27744245529175) | HR=0 bpm | IBI=0 ms | Participant=P15
3354,HeartRate out of range,Row 3354 | Timestamp: 1712016610878 ms | PPG(Green=2245594, Red=2245594, Ir=2245594) | ACC(X=-5.44396257400513, Y=-5.19966697692871, Z=6.20559072494507) | HR=0 bpm | IBI=0 ms | Participant=P15
3355,HeartRate out of range,Row 3355 | Timestamp: 1712016610917 ms | PPG(Green=2247639, Red=2247639, Ir=2247639) | ACC(X=-5.4200119972229, Y=-5.24517297744751, Z=6.17206001281738) | HR=0 bpm | IBI=0 ms | Participant=P15
3356,HeartRate out of range,Row 3356 | Timestamp: 1712016610958 ms | PPG(Green=2249766, Red=2249766, Ir=2249766) | ACC(X=-5.47988843917847, Y=-5.3289999961853, Z=6.18882513046265) | HR=0 bpm | IBI=0 ms | Participant=P15
3357,HeartRate out of range,Row 3357 | Timestamp: 1712016610998 ms | PPG(Green=2251907, Red=2251907, Ir=2251907) | ACC(X=-5.45593786239624, Y=-5.19727182388306, Z=6.20798587799072) | HR=0 bpm | IBI=0 ms | Participant=P15
3358,HeartRate out of range,Row 3358 | Timestamp: 1712016611038 ms | PPG(Green=2254048, Red=2254048, Ir=2254048) | ACC(X=-5.49186372756958, Y=-5.26433372497559, Z=6.20319557189941) | HR=0 bpm | IBI=0 ms | Participant=P15
3359,HeartRate out of range,Row 3359 | Timestamp: 1712016611079 ms | PPG(Green=2256106, Red=2256106, Ir=2256106) | ACC(X=-5.43438243865967, Y=-5.3218150138855, Z=6.27025699615479) | HR=0 bpm | IBI=0 ms | Participant=P15
3360,HeartRate out of range,Row 3360 | Timestamp: 1712016611118 ms | PPG(Green=2258521, Red=2258521, Ir=2258521) | ACC(X=-5.46072816848755, Y=-5.27391386032104, Z=6.16247940063477) | HR=0 bpm | IBI=0 ms | Participant=P15
3361,HeartRate out of range,Row 3361 | Timestamp: 1712016611158 ms | PPG(Green=2261319, Red=2261319, Ir=2261319) | ACC(X=-5.47509860992432, Y=-5.29307413101196, Z=6.13373899459839) | HR=0 bpm | IBI=0 ms | Participant=P15
3362,HeartRate out of range,Row 3362 | Timestamp: 1712016611199 ms | PPG(Green=2262518, Red=2262518, Ir=2262518) | ACC(X=-5.48467874526978, Y=-5.31702470779419, Z=6.30618286132813) | HR=0 bpm | IBI=0 ms | Participant=P15
3363,HeartRate out of range,Row 3363 | Timestamp: 1712016611239 ms | PPG(Green=2258537, Red=2258537, Ir=2258537) | ACC(X=-5.35295057296753, Y=-5.30265426635742, Z=6.23912143707275) | HR=0 bpm | IBI=0 ms | Participant=P15
3364,HeartRate out of range,Row 3364 | Timestamp: 1712016611279 ms | PPG(Green=2253973, Red=2253973, Ir=2253973) | ACC(X=-5.4200119972229, Y=-5.16613626480103, Z=6.19840526580811) | HR=0 bpm | IBI=0 ms | Participant=P15
3365,HeartRate out of range,Row 3365 | Timestamp: 1712016611319 ms | PPG(Green=2252016, Red=2252016, Ir=2252016) | ACC(X=-5.50383901596069, Y=-5.30744457244873, Z=6.20559072494507) | HR=0 bpm | IBI=0 ms | Participant=P15
3366,HeartRate out of range,Row 3366 | Timestamp: 1712016611359 ms | PPG(Green=2251622, Red=2251622, Ir=2251622) | ACC(X=-5.47030830383301, Y=-5.2331976890564, Z=6.20319557189941) | HR=0 bpm | IBI=0 ms | Participant=P15
3367,HeartRate out of range,Row 3367 | Timestamp: 1712016611399 ms | PPG(Green=2251705, Red=2251705, Ir=2251705) | ACC(X=-5.46072816848755, Y=-5.28109884262085, Z=6.14331912994385) | HR=0 bpm | IBI=0 ms | Participant=P15
3368,HeartRate out of range,Row 3368 | Timestamp: 1712016611439 ms | PPG(Green=2252224, Red=2252224, Ir=2252224) | ACC(X=-5.4583330154419, Y=-5.21882724761963, Z=6.18882513046265) | HR=0 bpm | IBI=0 ms | Participant=P15
3369,HeartRate out of range,Row 3369 | Timestamp: 1712016611480 ms | PPG(Green=2252557, Red=2252557, Ir=2252557) | ACC(X=-5.44396257400513, Y=-5.29546928405762, Z=6.22714614868164) | HR=0 bpm | IBI=0 ms | Participant=P15
3370,HeartRate out of range,Row 3370 | Timestamp: 1712016611519 ms | PPG(Green=2252765, Red=2252765, Ir=2252765) | ACC(X=-5.43917274475098, Y=-5.23559284210205, Z=6.17206001281738) | HR=0 bpm | IBI=0 ms | Participant=P15
3371,HeartRate out of range,Row 3371 | Timestamp: 1712016611560 ms | PPG(Green=2253001, Red=2253001, Ir=2253001) | ACC(X=-5.43677759170532, Y=-5.19727182388306, Z=6.27744245529175) | HR=0 bpm | IBI=0 ms | Participant=P15
3372,HeartRate out of range,Row 3372 | Timestamp: 1712016611600 ms | PPG(Green=2254068, Red=2254068, Ir=2254068) | ACC(X=-5.47509860992432, Y=-5.17811155319214, Z=6.19601058959961) | HR=0 bpm | IBI=0 ms | Participant=P15
3373,HeartRate out of range,Row 3373 | Timestamp: 1712016611640 ms | PPG(Green=2255932, Red=2255932, Ir=2255932) | ACC(X=-5.53018474578857, Y=-5.30265426635742, Z=6.16966485977173) | HR=0 bpm | IBI=0 ms | Participant=P15
3374,HeartRate out of range,Row 3374 | Timestamp: 1712016611681 ms | PPG(Green=2257965, Red=2257965, Ir=2257965) | ACC(X=-5.45114803314209, Y=-5.33379030227661, Z=6.15529441833496) | HR=0 bpm | IBI=0 ms | Participant=P15
3375,HeartRate out of range,Row 3375 | Timestamp: 1712016611720 ms | PPG(Green=2260162, Red=2260162, Ir=2260162) | ACC(X=-5.41522216796875, Y=-5.1948766708374, Z=6.21038055419922) | HR=0 bpm | IBI=0 ms | Participant=P15
3376,HeartRate out of range,Row 3376 | Timestamp: 1712016611760 ms | PPG(Green=2262367, Red=2262367, Ir=2262367) | ACC(X=-5.48707389831543, Y=-5.19727182388306, Z=6.26546716690063) | HR=0 bpm | IBI=0 ms | Participant=P15
3377,HeartRate out of range,Row 3377 | Timestamp: 1712016611800 ms | PPG(Green=2264318, Red=2264318, Ir=2264318) | ACC(X=-5.44396257400513, Y=-5.29067897796631, Z=6.16726970672607) | HR=0 bpm | IBI=0 ms | Participant=P15
3378,HeartRate out of range,Row 3378 | Timestamp: 1712016611840 ms | PPG(Green=2266402, Red=2266402, Ir=2266402) | ACC(X=-5.4200119972229, Y=-5.26433372497559, Z=6.22235584259033) | HR=0 bpm | IBI=0 ms | Participant=P15
3379,HeartRate out of range,Row 3379 | Timestamp: 1712016611881 ms | PPG(Green=2268900, Red=2268900, Ir=2268900) | ACC(X=-5.47749328613281, Y=-5.24277782440186, Z=6.15768957138062) | HR=0 bpm | IBI=0 ms | Participant=P15
3380,HeartRate out of range,Row 3380 | Timestamp: 1712016611920 ms | PPG(Green=2271168, Red=2271168, Ir=2271168) | ACC(X=-5.50623416900635, Y=-5.19966697692871, Z=6.23912143707275) | HR=0 bpm | IBI=0 ms | Participant=P15
3381,HeartRate out of range,Row 3381 | Timestamp: 1712016611960 ms | PPG(Green=2269959, Red=2269959, Ir=2269959) | ACC(X=-5.4583330154419, Y=-5.28109884262085, Z=6.17684984207153) | HR=0 bpm | IBI=0 ms | Participant=P15
3382,HeartRate out of range,Row 3382 | Timestamp: 1712016612001 ms | PPG(Green=2265279, Red=2265279, Ir=2265279) | ACC(X=-5.43198728561401, Y=-5.20206212997437, Z=6.16966485977173) | HR=0 bpm | IBI=0 ms | Participant=P15
3383,HeartRate out of range,Row 3383 | Timestamp: 1712016612041 ms | PPG(Green=2262227, Red=2262227, Ir=2262227) | ACC(X=-5.4128270149231, Y=-5.20445728302002, Z=6.1840353012085) | HR=0 bpm | IBI=0 ms | Participant=P15
3384,HeartRate out of range,Row 3384 | Timestamp: 1712016612082 ms | PPG(Green=2261303, Red=2261303, Ir=2261303) | ACC(X=-5.47749328613281, Y=-5.19727182388306, Z=6.21038055419922) | HR=0 bpm | IBI=0 ms | Participant=P15
3385,HeartRate out of range,Row 3385 | Timestamp: 1712016612121 ms | PPG(Green=2261138, Red=2261138, Ir=2261138) | ACC(X=-5.41043186187744, Y=-5.26193857192993, Z=6.17206001281738) | HR=0 bpm | IBI=0 ms | Participant=P15
3386,HeartRate out of range,Row 3386 | Timestamp: 1712016612161 ms | PPG(Green=2261544, Red=2261544, Ir=2261544) | ACC(X=-5.53736972808838, Y=-5.23559284210205, Z=6.17445468902588) | HR=0 bpm | IBI=0 ms | Participant=P15
3387,HeartRate out of range,Row 3387 | Timestamp: 1712016612201 ms | PPG(Green=2261902, Red=2261902, Ir=2261902) | ACC(X=-5.53257989883423, Y=-5.15655612945557, Z=6.1912202835083) | HR=0 bpm | IBI=0 ms | Participant=P15
3388,HeartRate out of range,Row 3388 | Timestamp: 1712016612241 ms | PPG(Green=2261884, Red=2261884, Ir=2261884) | ACC(X=-5.43917274475098, Y=-5.21403741836548, Z=6.20319557189941) | HR=0 bpm | IBI=0 ms | Participant=P15
3389,HeartRate out of range,Row 3389 | Timestamp: 1712016612282 ms | PPG(Green=2261480, Red=2261480, Ir=2261480) | ACC(X=-5.48707389831543, Y=-5.29546928405762, Z=6.17206001281738) | HR=0 bpm | IBI=0 ms | Participant=P15
3390,HeartRate out of range,Row 3390 | Timestamp: 1712016612322 ms | PPG(Green=2261816, Red=2261816, Ir=2261816) | ACC(X=-5.43198728561401, Y=-5.24277782440186, Z=6.20319557189941) | HR=0 bpm | IBI=0 ms | Participant=P15
3391,IBI out of range,Row 3391 | Timestamp: 1712016612362 ms | PPG(Green=2262883, Red=2262883, Ir=2262883) | ACC(X=-5.508629322052, Y=-5.23080253601074, Z=6.17206001281738) | HR=152 bpm | IBI=0 ms | Participant=P15
3392,IBI out of range,Row 3392 | Timestamp: 1712016612402 ms | PPG(Green=2264542, Red=2264542, Ir=2264542) | ACC(X=-5.44635772705078, Y=-5.19727182388306, Z=6.19601058959961) | HR=152 bpm | IBI=0 ms | Participant=P15
3393,IBI out of range,Row 3393 | Timestamp: 1712016612442 ms | PPG(Green=2266625, Red=2266625, Ir=2266625) | ACC(X=-5.47270345687866, Y=-5.21403741836548, Z=6.25349187850952) | HR=152 bpm | IBI=0 ms | Participant=P15
3394,IBI out of range,Row 3394 | Timestamp: 1712016612483 ms | PPG(Green=2268784, Red=2268784, Ir=2268784) | ACC(X=-5.48707389831543, Y=-5.2834939956665, Z=6.23433113098145) | HR=151 bpm | IBI=0 ms | Participant=P15
3395,IBI out of range,Row 3395 | Timestamp: 1712016612522 ms | PPG(Green=2270944, Red=2270944, Ir=2270944) | ACC(X=-5.38169145584106, Y=-5.3218150138855, Z=6.16247940063477) | HR=151 bpm | IBI=0 ms | Participant=P15
3396,IBI out of range,Row 3396 | Timestamp: 1712016612562 ms | PPG(Green=2273151, Red=2273151, Ir=2273151) | ACC(X=-5.47270345687866, Y=-5.21882724761963, Z=6.25109672546387) | HR=151 bpm | IBI=0 ms | Participant=P15
3397,IBI out of range,Row 3397 | Timestamp: 1712016612603 ms | PPG(Green=2275373, Red=2275373, Ir=2275373) | ACC(X=-5.53257989883423, Y=-5.23559284210205, Z=6.1912202835083) | HR=150 bpm | IBI=0 ms | Participant=P15
3398,IBI out of range,Row 3398 | Timestamp: 1712016612643 ms | PPG(Green=2276888, Red=2276888, Ir=2276888) | ACC(X=-5.45114803314209, Y=-5.26193857192993, Z=6.28702259063721) | HR=150 bpm | IBI=0 ms | Participant=P15
3399,IBI out of range,Row 3399 | Timestamp: 1712016612684 ms | PPG(Green=2274015, Red=2274015, Ir=2274015) | ACC(X=-5.46791315078735, Y=-5.20685195922852, Z=6.16966485977173) | HR=149 bpm | IBI=0 ms | Participant=P15
3400,IBI out of range,Row 3400 | Timestamp: 1712016612723 ms | PPG(Green=2270586, Red=2270586, Ir=2270586) | ACC(X=-5.4631233215332, Y=-5.2763090133667, Z=6.23912143707275) | HR=148 bpm | IBI=0 ms | Participant=P15
3401,IBI out of range,Row 3401 | Timestamp: 1712016612763 ms | PPG(Green=2269149, Red=2269149, Ir=2269149) | ACC(X=-5.4583330154419, Y=-5.24996328353882, Z=6.20319557189941) | HR=147 bpm | IBI=0 ms | Participant=P15
3402,IBI out of range,Row 3402 | Timestamp: 1712016612803 ms | PPG(Green=2269381, Red=2269381, Ir=2269381) | ACC(X=-5.37690114974976, Y=-5.2331976890564, Z=6.20080041885376) | HR=145 bpm | IBI=0 ms | Participant=P15
3403,IBI out of range,Row 3403 | Timestamp: 1712016612844 ms | PPG(Green=2270244, Red=2270244, Ir=2270244) | ACC(X=-5.48707389831543, Y=-5.21882724761963, Z=6.18882513046265) | HR=143 bpm | IBI=0 ms | Participant=P15
3404,IBI out of range,Row 3404 | Timestamp: 1712016612885 ms | PPG(Green=2271601, Red=2271601, Ir=2271601) | ACC(X=-5.44875288009644, Y=-5.21882724761963, Z=6.19601058959961) | HR=142 bpm | IBI=0 ms | Participant=P15
3405,IBI out of range,Row 3405 | Timestamp: 1712016612924 ms | PPG(Green=2272271, Red=2272271, Ir=2272271) | ACC(X=-5.52060461044312, Y=-5.32660484313965, Z=6.19601058959961) | HR=140 bpm | IBI=0 ms | Participant=P15
3406,IBI out of range,Row 3406 | Timestamp: 1712016612964 ms | PPG(Green=2272613, Red=2272613, Ir=2272613) | ACC(X=-5.44635772705078, Y=-5.26912355422974, Z=6.23193597793579) | HR=139 bpm | IBI=0 ms | Participant=P15
3407,IBI out of range,Row 3407 | Timestamp: 1712016613004 ms | PPG(Green=2273103, Red=2273103, Ir=2273103) | ACC(X=-5.42959260940552, Y=-5.24756813049316, Z=6.26067686080933) | HR=138 bpm | IBI=0 ms | Participant=P15
3408,IBI out of range,Row 3408 | Timestamp: 1712016613044 ms | PPG(Green=2274444, Red=2274444, Ir=2274444) | ACC(X=-5.43677759170532, Y=-5.16613626480103, Z=6.1912202835083) | HR=136 bpm | IBI=0 ms | Participant=P15
3409,IBI out of range,Row 3409 | Timestamp: 1712016613085 ms | PPG(Green=2276412, Red=2276412, Ir=2276412) | ACC(X=-5.47030830383301, Y=-5.29786443710327, Z=6.13373899459839) | HR=135 bpm | IBI=0 ms | Participant=P15
3410,IBI out of range,Row 3410 | Timestamp: 1712016613125 ms | PPG(Green=2278826, Red=2278826, Ir=2278826) | ACC(X=-5.50623416900635, Y=-5.27151870727539, Z=6.28941774368286) | HR=133 bpm | IBI=0 ms | Participant=P15
3411,IBI out of range,Row 3411 | Timestamp: 1712016613165 ms | PPG(Green=2280948, Red=2280948, Ir=2280948) | ACC(X=-5.49186372756958, Y=-5.25714826583862, Z=6.17684984207153) | HR=132 bpm | IBI=0 ms | Participant=P15
3412,IBI out of range,Row 3412 | Timestamp: 1712016613205 ms | PPG(Green=2283288, Red=2283288, Ir=2283288) | ACC(X=-5.44396257400513, Y=-5.3289999961853, Z=6.16247940063477) | HR=131 bpm | IBI=0 ms | Participant=P15
3413,IBI out of range,Row 3413 | Timestamp: 1712016613245 ms | PPG(Green=2285355, Red=2285355, Ir=2285355) | ACC(X=-5.36013555526733, Y=-5.29546928405762, Z=6.19361543655396) | HR=129 bpm | IBI=0 ms | Participant=P15
3414,IBI out of range,Row 3414 | Timestamp: 1712016613286 ms | PPG(Green=2287980, Red=2287980, Ir=2287980) | ACC(X=-5.49904918670654, Y=-5.27151870727539, Z=6.14092397689819) | HR=128 bpm | IBI=0 ms | Participant=P15
3415,IBI out of range,Row 3415 | Timestamp: 1712016613325 ms | PPG(Green=2290044, Red=2290044, Ir=2290044) | ACC(X=-5.47270345687866, Y=-5.23080253601074, Z=6.27265214920044) | HR=127 bpm | IBI=0 ms | Participant=P15
3416,IBI out of range,Row 3416 | Timestamp: 1712016613365 ms | PPG(Green=2287684, Red=2287684, Ir=2287684) | ACC(X=-5.4200119972229, Y=-5.2763090133667, Z=6.21038055419922) | HR=126 bpm | IBI=0 ms | Participant=P15
3417,IBI out of range,Row 3417 | Timestamp: 1712016613405 ms | PPG(Green=2282946, Red=2282946, Ir=2282946) | ACC(X=-5.4200119972229, Y=-5.20206212997437, Z=6.15529441833496) | HR=125 bpm | IBI=0 ms | Participant=P15
3418,IBI out of range,Row 3418 | Timestamp: 1712016613446 ms | PPG(Green=2280325, Red=2280325, Ir=2280325) | ACC(X=-5.46791315078735, Y=-5.27391386032104, Z=6.21996068954468) | HR=124 bpm | IBI=0 ms | Participant=P15
3419,IBI out of range,Row 3419 | Timestamp: 1712016613487 ms | PPG(Green=2279767, Red=2279767, Ir=2279767) | ACC(X=-5.38648128509521, Y=-5.25235843658447, Z=6.19601058959961) | HR=123 bpm | IBI=0 ms | Participant=P15
3420,IBI out of range,Row 3420 | Timestamp: 1712016613526 ms | PPG(Green=2279995, Red=2279995, Ir=2279995) | ACC(X=-5.47270345687866, Y=-5.28109884262085, Z=6.15768957138062) | HR=123 bpm | IBI=0 ms | Participant=P15
3421,IBI out of range,Row 3421 | Timestamp: 1712016613566 ms | PPG(Green=2280646, Red=2280646, Ir=2280646) | ACC(X=-5.546950340271, Y=-5.24517297744751, Z=6.24870157241821) | HR=123 bpm | IBI=0 ms | Participant=P15
3422,IBI out of range,Row 3422 | Timestamp: 1712016613606 ms | PPG(Green=2280967, Red=2280967, Ir=2280967) | ACC(X=-5.4200119972229, Y=-5.30025911331177, Z=6.24151659011841) | HR=123 bpm | IBI=0 ms | Participant=P15
3423,IBI out of range,Row 3423 | Timestamp: 1712016613646 ms | PPG(Green=2280982, Red=2280982, Ir=2280982) | ACC(X=-5.4128270149231, Y=-5.26912355422974, Z=6.20319557189941) | HR=123 bpm | IBI=0 ms | Participant=P15
3424,IBI out of range,Row 3424 | Timestamp: 1712016613687 ms | PPG(Green=2281003, Red=2281003, Ir=2281003) | ACC(X=-5.42959260940552, Y=-5.29546928405762, Z=6.1912202835083) | HR=124 bpm | IBI=0 ms | Participant=P15
3425,IBI out of range,Row 3425 | Timestamp: 1712016613727 ms | PPG(Green=2283119, Red=2283119, Ir=2283119) | ACC(X=-5.41043186187744, Y=-5.23798799514771, Z=6.13852882385254) | HR=124 bpm | IBI=0 ms | Participant=P15
3426,IBI out of range,Row 3426 | Timestamp: 1712016613767 ms | PPG(Green=2285027, Red=2285027, Ir=2285027) | ACC(X=-5.49904918670654, Y=-5.29067897796631, Z=6.1912202835083) | HR=124 bpm | IBI=0 ms | Participant=P15
3427,IBI out of range,Row 3427 | Timestamp: 1712016613807 ms | PPG(Green=2287019, Red=2287019, Ir=2287019) | ACC(X=-5.49425888061523, Y=-5.21403741836548, Z=6.22235584259033) | HR=123 bpm | IBI=0 ms | Participant=P15
3428,IBI out of range,Row 3428 | Timestamp: 1712016613847 ms | PPG(Green=2289001, Red=2289001, Ir=2289001) | ACC(X=-5.48228359222412, Y=-5.2763090133667, Z=6.16487455368042) | HR=123 bpm | IBI=0 ms | Participant=P15
3429,IBI out of range,Row 3429 | Timestamp: 1712016613888 ms | PPG(Green=2291088, Red=2291088, Ir=2291088) | ACC(X=-5.47749328613281, Y=-5.38887643814087, Z=6.23193597793579) | HR=122 bpm | IBI=0 ms | Participant=P15
3430,IBI out of range,Row 3430 | Timestamp: 1712016613927 ms | PPG(Green=2293399, Red=2293399, Ir=2293399) | ACC(X=-5.30504941940308, Y=-5.35055541992188, Z=6.20798587799072) | HR=121 bpm | IBI=0 ms | Participant=P15
3431,IBI out of range,Row 3431 | Timestamp: 1712016613967 ms | PPG(Green=2295383, Red=2295383, Ir=2295383) | ACC(X=-5.50144386291504, Y=-5.2787036895752, Z=6.16966485977173) | HR=120 bpm | IBI=0 ms | Participant=P15
3432,IBI out of range,Row 3432 | Timestamp: 1712016614007 ms | PPG(Green=2293473, Red=2293473, Ir=2293473) | ACC(X=-5.49186372756958, Y=-5.23798799514771, Z=6.18882513046265) | HR=119 bpm | IBI=0 ms | Participant=P15
3433,IBI out of range,Row 3433 | Timestamp: 1712016614047 ms | PPG(Green=2288836, Red=2288836, Ir=2288836) | ACC(X=-5.42959260940552, Y=-5.28588914871216, Z=6.21756601333618) | HR=118 bpm | IBI=0 ms | Participant=P15
3434,IBI out of range,Row 3434 | Timestamp: 1712016614088 ms | PPG(Green=2285645, Red=2285645, Ir=2285645) | ACC(X=-5.40085172653198, Y=-5.18529653549194, Z=6.17684984207153) | HR=118 bpm | IBI=0 ms | Participant=P15
3435,IBI out of range,Row 3435 | Timestamp: 1712016614127 ms | PPG(Green=2284692, Red=2284692, Ir=2284692) | ACC(X=-5.49904918670654, Y=-5.25714826583862, Z=6.18642997741699) | HR=118 bpm | IBI=0 ms | Participant=P15
3436,IBI out of range,Row 3436 | Timestamp: 1712016614167 ms | PPG(Green=2284872, Red=2284872, Ir=2284872) | ACC(X=-5.35774087905884, Y=-5.24996328353882, Z=6.28941774368286) | HR=118 bpm | IBI=0 ms | Participant=P15
3437,IBI out of range,Row 3437 | Timestamp: 1712016614208 ms | PPG(Green=2285324, Red=2285324, Ir=2285324) | ACC(X=-5.48467874526978, Y=-5.31941986083984, Z=6.16966485977173) | HR=119 bpm | IBI=0 ms | Participant=P15
3438,IBI out of range,Row 3438 | Timestamp: 1712016614248 ms | PPG(Green=2285630, Red=2285630, Ir=2285630) | ACC(X=-5.46072816848755, Y=-5.26672840118408, Z=6.23193597793579) | HR=118 bpm | IBI=0 ms | Participant=P15
3439,IBI out of range,Row 3439 | Timestamp: 1712016614289 ms | PPG(Green=2285614, Red=2285614, Ir=2285614) | ACC(X=-5.44156742095947, Y=-5.22601270675659, Z=6.25349187850952) | HR=118 bpm | IBI=0 ms | Participant=P15
3440,IBI out of range,Row 3440 | Timestamp: 1712016614328 ms | PPG(Green=2285403, Red=2285403, Ir=2285403) | ACC(X=-5.37929630279541, Y=-5.24277782440186, Z=6.19361543655396) | HR=117 bpm | IBI=0 ms | Participant=P15
3441,IBI out of range,Row 3441 | Timestamp: 1712016614368 ms | PPG(Green=2286058, Red=2286058, Ir=2286058) | ACC(X=-5.42959260940552, Y=-5.30504941940308, Z=6.18164014816284) | HR=117 bpm | IBI=0 ms | Participant=P15
3442,IBI out of range,Row 3442 | Timestamp: 1712016614408 ms | PPG(Green=2287224, Red=2287224, Ir=2287224) | ACC(X=-5.43677759170532, Y=-5.17571640014648, Z=6.17924499511719) | HR=116 bpm | IBI=0 ms | Participant=P15
3443,IBI out of range,Row 3443 | Timestamp: 1712016614448 ms | PPG(Green=2288926, Red=2288926, Ir=2288926) | ACC(X=-5.44156742095947, Y=-5.27151870727539, Z=6.20559072494507) | HR=116 bpm | IBI=0 ms | Participant=P15
3444,IBI out of range,Row 3444 | Timestamp: 1712016614489 ms | PPG(Green=2290804, Red=2290804, Ir=2290804) | ACC(X=-5.48707389831543, Y=-5.24517297744751, Z=6.20319557189941) | HR=116 bpm | IBI=0 ms | Participant=P15
3445,IBI out of range,Row 3445 | Timestamp: 1712016614528 ms | PPG(Green=2292654, Red=2292654, Ir=2292654) | ACC(X=-5.48228359222412, Y=-5.19248199462891, Z=6.22475099563599) | HR=117 bpm | IBI=0 ms | Participant=P15
3446,IBI out of range,Row 3446 | Timestamp: 1712016614568 ms | PPG(Green=2294515, Red=2294515, Ir=2294515) | ACC(X=-5.43677759170532, Y=-5.22840785980225, Z=6.26067686080933) | HR=117 bpm | IBI=0 ms | Participant=P15
3447,IBI out of range,Row 3447 | Timestamp: 1712016614608 ms | PPG(Green=2296524, Red=2296524, Ir=2296524) | ACC(X=-5.39606142044067, Y=-5.23559284210205, Z=6.1457142829895) | HR=117 bpm | IBI=0 ms | Participant=P15
3448,IBI out of range,Row 3448 | Timestamp: 1712016614649 ms | PPG(Green=2297972, Red=2297972, Ir=2297972) | ACC(X=-5.47509860992432, Y=-5.2763090133667, Z=6.16008472442627) | HR=117 bpm | IBI=0 ms | Participant=P15
3449,IBI out of range,Row 3449 | Timestamp: 1712016614690 ms | PPG(Green=2294869, Red=2294869, Ir=2294869) | ACC(X=-5.49425888061523, Y=-5.24996328353882, Z=6.22475099563599) | HR=116 bpm | IBI=0 ms | Participant=P15
3450,IBI out of range,Row 3450 | Timestamp: 1712016614729 ms | PPG(Green=2289883, Red=2289883, Ir=2289883) | ACC(X=-5.4583330154419, Y=-5.25475311279297, Z=6.19840526580811) | HR=115 bpm | IBI=0 ms | Participant=P15
3451,IBI out of range,Row 3451 | Timestamp: 1712016614769 ms | PPG(Green=2286958, Red=2286958, Ir=2286958) | ACC(X=-5.49186372756958, Y=-5.22840785980225, Z=6.25349187850952) | HR=113 bpm | IBI=0 ms | Participant=P15
3452,IBI out of range,Row 3452 | Timestamp: 1712016614809 ms | PPG(Green=2286060, Red=2286060, Ir=2286060) | ACC(X=-5.43677759170532, Y=-5.26193857192993, Z=6.20559072494507) | HR=112 bpm | IBI=0 ms | Participant=P15
3453,IBI out of range,Row 3453 | Timestamp: 1712016614849 ms | PPG(Green=2285748, Red=2285748, Ir=2285748) | ACC(X=-5.51820945739746, Y=-5.24277782440186, Z=6.21277570724487) | HR=110 bpm | IBI=0 ms | Participant=P15
3454,IBI out of range,Row 3454 | Timestamp: 1712016614890 ms | PPG(Green=2286019, Red=2286019, Ir=2286019) | ACC(X=-5.49425888061523, Y=-5.19727182388306, Z=6.20080041885376) | HR=109 bpm | IBI=0 ms | Participant=P15
3455,IBI out of range,Row 3455 | Timestamp: 1712016614929 ms | PPG(Green=2285776, Red=2285776, Ir=2285776) | ACC(X=-5.49425888061523, Y=-5.15655612945557, Z=6.18882513046265) | HR=108 bpm | IBI=0 ms | Participant=P15
3456,IBI out of range,Row 3456 | Timestamp: 1712016614969 ms | PPG(Green=2284969, Red=2284969, Ir=2284969) | ACC(X=-5.51820945739746, Y=-5.20924711227417, Z=6.22714614868164) | HR=108 bpm | IBI=0 ms | Participant=P15
3457,IBI out of range,Row 3457 | Timestamp: 1712016615010 ms | PPG(Green=2284289, Red=2284289, Ir=2284289) | ACC(X=-5.48228359222412, Y=-5.24277782440186, Z=6.21996068954468) | HR=108 bpm | IBI=0 ms | Participant=P15
3458,IBI out of range,Row 3458 | Timestamp: 1712016615050 ms | PPG(Green=2284184, Red=2284184, Ir=2284184) | ACC(X=-5.46072816848755, Y=-5.16134595870972, Z=6.12415885925293) | HR=108 bpm | IBI=0 ms | Participant=P15
3459,IBI out of range,Row 3459 | Timestamp: 1712016615090 ms | PPG(Green=2284782, Red=2284782, Ir=2284782) | ACC(X=-5.47749328613281, Y=-5.24038314819336, Z=6.17206001281738) | HR=108 bpm | IBI=0 ms | Participant=P15
3460,IBI out of range,Row 3460 | Timestamp: 1712016615130 ms | PPG(Green=2285761, Red=2285761, Ir=2285761) | ACC(X=-5.4128270149231, Y=-5.24996328353882, Z=6.23912143707275) | HR=108 bpm | IBI=0 ms | Participant=P15
3462,IBI out of range,Row 3462 | Timestamp: 1712016615210 ms | PPG(Green=2288332, Red=2288332, Ir=2288332) | ACC(X=-5.45593786239624, Y=-5.20685195922852, Z=6.1912202835083) | HR=106 bpm | IBI=0 ms | Participant=P15
3463,IBI out of range,Row 3463 | Timestamp: 1712016615250 ms | PPG(Green=2290019, Red=2290019, Ir=2290019) | ACC(X=-5.42240715026855, Y=-5.26193857192993, Z=6.21996068954468) | HR=106 bpm | IBI=0 ms | Participant=P15
3464,IBI out of range,Row 3464 | Timestamp: 1712016615291 ms | PPG(Green=2291671, Red=2291671, Ir=2291671) | ACC(X=-5.48946857452393, Y=-5.26672840118408, Z=6.20559072494507) | HR=107 bpm | IBI=0 ms | Participant=P15
3465,IBI out of range,Row 3465 | Timestamp: 1712016615330 ms | PPG(Green=2291114, Red=2291114, Ir=2291114) | ACC(X=-5.52539443969727, Y=-5.22122240066528, Z=6.17924499511719) | HR=108 bpm | IBI=0 ms | Participant=P15
3466,IBI out of range,Row 3466 | Timestamp: 1712016615370 ms | PPG(Green=2287054, Red=2287054, Ir=2287054) | ACC(X=-5.36253070831299, Y=-5.27151870727539, Z=6.20798587799072) | HR=109 bpm | IBI=0 ms | Participant=P15
3467,IBI out of range,Row 3467 | Timestamp: 1712016615411 ms | PPG(Green=2283431, Red=2283431, Ir=2283431) | ACC(X=-5.47509860992432, Y=-5.19248199462891, Z=6.17924499511719) | HR=110 bpm | IBI=0 ms | Participant=P15
3468,HeartRate out of range,Row 3468 | Timestamp: 1712016615451 ms | PPG(Green=2281915, Red=2281915, Ir=2281915) | ACC(X=-5.44156742095947, Y=-5.20206212997437, Z=6.27504730224609) | HR=0 bpm | IBI=0 ms | Participant=P15
3469,HeartRate out of range,Row 3469 | Timestamp: 1712016615491 ms | PPG(Green=2281820, Red=2281820, Ir=2281820) | ACC(X=-5.43917274475098, Y=-5.21403741836548, Z=6.21517086029053) | HR=0 bpm | IBI=0 ms | Participant=P15
3470,HeartRate out of range,Row 3470 | Timestamp: 1712016615531 ms | PPG(Green=2282363, Red=2282363, Ir=2282363) | ACC(X=-5.42480230331421, Y=-5.25475311279297, Z=6.15289926528931) | HR=0 bpm | IBI=0 ms | Participant=P15
3471,HeartRate out of range,Row 3471 | Timestamp: 1712016615571 ms | PPG(Green=2282872, Red=2282872, Ir=2282872) | ACC(X=-5.52778959274292, Y=-5.25954341888428, Z=6.21996068954468) | HR=0 bpm | IBI=0 ms | Participant=P15
3472,IBI out of range,Row 3472 | Timestamp: 1712016615611 ms | PPG(Green=2282787, Red=2282787, Ir=2282787) | ACC(X=-5.44875288009644, Y=-5.21403741836548, Z=6.27265214920044) | HR=112 bpm | IBI=0 ms | Participant=P15
3473,IBI out of range,Row 3473 | Timestamp: 1712016615651 ms | PPG(Green=2282335, Red=2282335, Ir=2282335) | ACC(X=-5.38408613204956, Y=-5.21882724761963, Z=6.18882513046265) | HR=112 bpm | IBI=0 ms | Participant=P15
3474,HeartRate out of range,Row 3474 | Timestamp: 1712016615692 ms | PPG(Green=2282545, Red=2282545, Ir=2282545) | ACC(X=-5.42240715026855, Y=-5.28109884262085, Z=6.09541797637939) | HR=0 bpm | IBI=0 ms | Participant=P15
3475,HeartRate out of range,Row 3475 | Timestamp: 1712016615731 ms | PPG(Green=2283545, Red=2283545, Ir=2283545) | ACC(X=-5.45354270935059, Y=-5.25954341888428, Z=6.18164014816284) | HR=0 bpm | IBI=0 ms | Participant=P15
3476,IBI out of range,Row 3476 | Timestamp: 1712016615772 ms | PPG(Green=2285083, Red=2285083, Ir=2285083) | ACC(X=-5.51102447509766, Y=-5.25475311279297, Z=6.19361543655396) | HR=104 bpm | IBI=0 ms | Participant=P15
3477,IBI out of range,Row 3477 | Timestamp: 1712016615812 ms | PPG(Green=2286854, Red=2286854, Ir=2286854) | ACC(X=-5.43438243865967, Y=-5.16853141784668, Z=6.19601058959961) | HR=102 bpm | IBI=0 ms | Participant=P15
3478,IBI out of range,Row 3478 | Timestamp: 1712016615852 ms | PPG(Green=2288568, Red=2288568, Ir=2288568) | ACC(X=-5.44396257400513, Y=-5.26193857192993, Z=6.19361543655396) | HR=101 bpm | IBI=0 ms | Participant=P15
3479,IBI out of range,Row 3479 | Timestamp: 1712016615893 ms | PPG(Green=2290368, Red=2290368, Ir=2290368) | ACC(X=-5.4128270149231, Y=-5.30025911331177, Z=6.24870157241821) | HR=101 bpm | IBI=0 ms | Participant=P15
3480,IBI out of range,Row 3480 | Timestamp: 1712016615932 ms | PPG(Green=2292252, Red=2292252, Ir=2292252) | ACC(X=-5.48946857452393, Y=-5.28588914871216, Z=6.14331912994385) | HR=101 bpm | IBI=0 ms | Participant=P15
3481,IBI out of range,Row 3481 | Timestamp: 1712016615972 ms | PPG(Green=2292842, Red=2292842, Ir=2292842) | ACC(X=-5.50623416900635, Y=-5.19248199462891, Z=6.14092397689819) | HR=102 bpm | IBI=0 ms | Participant=P15
3482,IBI out of range,Row 3482 | Timestamp: 1712016616012 ms | PPG(Green=2288196, Red=2288196, Ir=2288196) | ACC(X=-5.45354270935059, Y=-5.22361755371094, Z=6.19361543655396) | HR=103 bpm | IBI=0 ms | Participant=P15
3483,IBI out of range,Row 3483 | Timestamp: 1712016616052 ms | PPG(Green=2283406, Red=2283406, Ir=2283406) | ACC(X=-5.43677759170532, Y=-5.29786443710327, Z=6.1840353012085) | HR=104 bpm | IBI=0 ms | Participant=P15
3484,IBI out of range,Row 3484 | Timestamp: 1712016616093 ms | PPG(Green=2280712, Red=2280712, Ir=2280712) | ACC(X=-5.44396257400513, Y=-5.24038314819336, Z=6.14092397689819) | HR=105 bpm | IBI=0 ms | Participant=P15
3485,IBI out of range,Row 3485 | Timestamp: 1712016616133 ms | PPG(Green=2279781, Red=2279781, Ir=2279781) | ACC(X=-5.46072816848755, Y=-5.24996328353882, Z=6.22475099563599) | HR=106 bpm | IBI=0 ms | Participant=P15
3486,IBI out of range,Row 3486 | Timestamp: 1712016616173 ms | PPG(Green=2279494, Red=2279494, Ir=2279494) | ACC(X=-5.42719745635986, Y=-5.24756813049316, Z=6.15768957138062) | HR=105 bpm | IBI=0 ms | Participant=P15
3487,IBI out of range,Row 3487 | Timestamp: 1712016616213 ms | PPG(Green=2279574, Red=2279574, Ir=2279574) | ACC(X=-5.47030830383301, Y=-5.22840785980225, Z=6.15529441833496) | HR=104 bpm | IBI=0 ms | Participant=P15
3488,IBI out of range,Row 3488 | Timestamp: 1712016616253 ms | PPG(Green=2279180, Red=2279180, Ir=2279180) | ACC(X=-5.44396257400513, Y=-5.19008684158325, Z=6.21038055419922) | HR=102 bpm | IBI=0 ms | Participant=P15
3489,IBI out of range,Row 3489 | Timestamp: 1712016616294 ms | PPG(Green=2278639, Red=2278639, Ir=2278639) | ACC(X=-5.48467874526978, Y=-5.33139514923096, Z=6.17924499511719) | HR=101 bpm | IBI=0 ms | Participant=P15
3490,IBI out of range,Row 3490 | Timestamp: 1712016616333 ms | PPG(Green=2278322, Red=2278322, Ir=2278322) | ACC(X=-5.40803670883179, Y=-5.25475311279297, Z=6.21756601333618) | HR=99 bpm | IBI=0 ms | Participant=P15
3491,IBI out of range,Row 3491 | Timestamp: 1712016616373 ms | PPG(Green=2278800, Red=2278800, Ir=2278800) | ACC(X=-5.508629322052, Y=-5.26193857192993, Z=6.26067686080933) | HR=98 bpm | IBI=0 ms | Participant=P15
3492,IBI out of range,Row 3492 | Timestamp: 1712016616414 ms | PPG(Green=2280076, Red=2280076, Ir=2280076) | ACC(X=-5.44396257400513, Y=-5.23798799514771, Z=6.21996068954468) | HR=98 bpm | IBI=0 ms | Participant=P15
3493,IBI out of range,Row 3493 | Timestamp: 1712016616454 ms | PPG(Green=2281542, Red=2281542, Ir=2281542) | ACC(X=-5.49665403366089, Y=-5.21882724761963, Z=6.23193597793579) | HR=97 bpm | IBI=0 ms | Participant=P15
3494,IBI out of range,Row 3494 | Timestamp: 1712016616495 ms | PPG(Green=2282819, Red=2282819, Ir=2282819) | ACC(X=-5.44635772705078, Y=-5.1948766708374, Z=6.24151659011841) | HR=97 bpm | IBI=0 ms | Participant=P15
3495,IBI out of range,Row 3495 | Timestamp: 1712016616534 ms | PPG(Green=2284518, Red=2284518, Ir=2284518) | ACC(X=-5.4631233215332, Y=-5.32420969009399, Z=6.19601058959961) | HR=96 bpm | IBI=0 ms | Participant=P15
3496,IBI out of range,Row 3496 | Timestamp: 1712016616574 ms | PPG(Green=2286201, Red=2286201, Ir=2286201) | ACC(X=-5.38887643814087, Y=-5.25475311279297, Z=6.1912202835083) | HR=96 bpm | IBI=0 ms | Participant=P15
3497,IBI out of range,Row 3497 | Timestamp: 1712016616614 ms | PPG(Green=2287708, Red=2287708, Ir=2287708) | ACC(X=-5.43438243865967, Y=-5.21643257141113, Z=6.12415885925293) | HR=95 bpm | IBI=0 ms | Participant=P15
3498,IBI out of range,Row 3498 | Timestamp: 1712016616654 ms | PPG(Green=2284869, Red=2284869, Ir=2284869) | ACC(X=-5.42480230331421, Y=-5.26912355422974, Z=6.22714614868164) | HR=95 bpm | IBI=0 ms | Participant=P15
3499,IBI out of range,Row 3499 | Timestamp: 1712016616695 ms | PPG(Green=2279647, Red=2279647, Ir=2279647) | ACC(X=-5.34816026687622, Y=-5.2834939956665, Z=6.19840526580811) | HR=95 bpm | IBI=0 ms | Participant=P15
3500,IBI out of range,Row 3500 | Timestamp: 1712016616735 ms | PPG(Green=2275518, Red=2275518, Ir=2275518) | ACC(X=-5.4176173210144, Y=-5.24517297744751, Z=6.15768957138062) | HR=95 bpm | IBI=0 ms | Participant=P15
3501,IBI out of range,Row 3501 | Timestamp: 1712016616775 ms | PPG(Green=2273640, Red=2273640, Ir=2273640) | ACC(X=-5.50144386291504, Y=-5.28588914871216, Z=6.18882513046265) | HR=96 bpm | IBI=0 ms | Participant=P15
3502,IBI out of range,Row 3502 | Timestamp: 1712016616815 ms | PPG(Green=2272874, Red=2272874, Ir=2272874) | ACC(X=-5.41522216796875, Y=-5.3289999961853, Z=6.22475099563599) | HR=96 bpm | IBI=0 ms | Participant=P15
3503,IBI out of range,Row 3503 | Timestamp: 1712016616855 ms | PPG(Green=2272673, Red=2272673, Ir=2272673) | ACC(X=-5.42719745635986, Y=-5.28588914871216, Z=6.17684984207153) | HR=96 bpm | IBI=0 ms | Participant=P15
3504,IBI out of range,Row 3504 | Timestamp: 1712016616896 ms | PPG(Green=2272350, Red=2272350, Ir=2272350) | ACC(X=-5.45114803314209, Y=-5.23080253601074, Z=6.19601058959961) | HR=96 bpm | IBI=0 ms | Participant=P15
3505,IBI out of range,Row 3505 | Timestamp: 1712016616935 ms | PPG(Green=2271587, Red=2271587, Ir=2271587) | ACC(X=-5.44396257400513, Y=-5.3289999961853, Z=6.27744245529175) | HR=96 bpm | IBI=0 ms | Participant=P15
3506,IBI out of range,Row 3506 | Timestamp: 1712016616975 ms | PPG(Green=2270885, Red=2270885, Ir=2270885) | ACC(X=-5.38408613204956, Y=-5.22840785980225, Z=6.2367262840271) | HR=96 bpm | IBI=0 ms | Participant=P15
3507,IBI out of range,Row 3507 | Timestamp: 1712016617015 ms | PPG(Green=2271030, Red=2271030, Ir=2271030) | ACC(X=-5.36013555526733, Y=-5.23559284210205, Z=6.20080041885376) | HR=96 bpm | IBI=0 ms | Participant=P15
3508,IBI out of range,Row 3508 | Timestamp: 1712016617056 ms | PPG(Green=2271550, Red=2271550, Ir=2271550) | ACC(X=-5.43677759170532, Y=-5.25235843658447, Z=6.2367262840271) | HR=97 bpm | IBI=0 ms | Participant=P15
3509,IBI out of range,Row 3509 | Timestamp: 1712016617097 ms | PPG(Green=2272491, Red=2272491, Ir=2272491) | ACC(X=-5.40085172653198, Y=-5.25475311279297, Z=6.20319557189941) | HR=97 bpm | IBI=0 ms | Participant=P15
3510,IBI out of range,Row 3510 | Timestamp: 1712016617136 ms | PPG(Green=2273276, Red=2273276, Ir=2273276) | ACC(X=-5.42240715026855, Y=-5.1948766708374, Z=6.18642997741699) | HR=98 bpm | IBI=0 ms | Participant=P15
3511,IBI out of range,Row 3511 | Timestamp: 1712016617176 ms | PPG(Green=2273906, Red=2273906, Ir=2273906) | ACC(X=-5.52778959274292, Y=-5.20445728302002, Z=6.18164014816284) | HR=99 bpm | IBI=0 ms | Participant=P15
3512,IBI out of range,Row 3512 | Timestamp: 1712016617216 ms | PPG(Green=2274957, Red=2274957, Ir=2274957) | ACC(X=-5.43917274475098, Y=-5.30025911331177, Z=6.19601058959961) | HR=99 bpm | IBI=0 ms | Participant=P15
3513,IBI out of range,Row 3513 | Timestamp: 1712016617256 ms | PPG(Green=2276375, Red=2276375, Ir=2276375) | ACC(X=-5.45354270935059, Y=-5.29546928405762, Z=6.20319557189941) | HR=99 bpm | IBI=0 ms | Participant=P15
3514,IBI out of range,Row 3514 | Timestamp: 1712016617297 ms | PPG(Green=2276749, Red=2276749, Ir=2276749) | ACC(X=-5.44635772705078, Y=-5.28588914871216, Z=6.13613414764404) | HR=99 bpm | IBI=0 ms | Participant=P15
3515,IBI out of range,Row 3515 | Timestamp: 1712016617337 ms | PPG(Green=2272074, Red=2272074, Ir=2272074) | ACC(X=-5.508629322052, Y=-5.22601270675659, Z=6.17924499511719) | HR=99 bpm | IBI=0 ms | Participant=P15
3516,IBI out of range,Row 3516 | Timestamp: 1712016617377 ms | PPG(Green=2266647, Red=2266647, Ir=2266647) | ACC(X=-5.48707389831543, Y=-5.22122240066528, Z=6.16487455368042) | HR=98 bpm | IBI=0 ms | Participant=P15
3517,IBI out of range,Row 3517 | Timestamp: 1712016617417 ms | PPG(Green=2263026, Red=2263026, Ir=2263026) | ACC(X=-5.40564203262329, Y=-5.14697551727295, Z=6.21996068954468) | HR=98 bpm | IBI=0 ms | Participant=P15
3518,IBI out of range,Row 3518 | Timestamp: 1712016617457 ms | PPG(Green=2261353, Red=2261353, Ir=2261353) | ACC(X=-5.40085172653198, Y=-5.32420969009399, Z=6.27265214920044) | HR=98 bpm | IBI=0 ms | Participant=P15
3519,IBI out of range,Row 3519 | Timestamp: 1712016617498 ms | PPG(Green=2260526, Red=2260526, Ir=2260526) | ACC(X=-5.38887643814087, Y=-5.24756813049316, Z=6.22235584259033) | HR=98 bpm | IBI=0 ms | Participant=P15
3520,IBI out of range,Row 3520 | Timestamp: 1712016617537 ms | PPG(Green=2260176, Red=2260176, Ir=2260176) | ACC(X=-5.47988843917847, Y=-5.22122240066528, Z=6.14810943603516) | HR=98 bpm | IBI=0 ms | Participant=P15
3521,IBI out of range,Row 3521 | Timestamp: 1712016617577 ms | PPG(Green=2259712, Red=2259712, Ir=2259712) | ACC(X=-5.47988843917847, Y=-5.23559284210205, Z=6.16726970672607) | HR=97 bpm | IBI=0 ms | Participant=P15
3522,IBI out of range,Row 3522 | Timestamp: 1712016617617 ms | PPG(Green=2258970, Red=2258970, Ir=2258970) | ACC(X=-5.44635772705078, Y=-5.29546928405762, Z=6.21756601333618) | HR=97 bpm | IBI=0 ms | Participant=P15
3523,IBI out of range,Row 3523 | Timestamp: 1712016617658 ms | PPG(Green=2258643, Red=2258643, Ir=2258643) | ACC(X=-5.43198728561401, Y=-5.24517297744751, Z=6.13134384155273) | HR=96 bpm | IBI=0 ms | Participant=P15
3524,IBI out of range,Row 3524 | Timestamp: 1712016617699 ms | PPG(Green=2259084, Red=2259084, Ir=2259084) | ACC(X=-5.48228359222412, Y=-5.21882724761963, Z=6.17206001281738) | HR=95 bpm | IBI=0 ms | Participant=P15
3525,IBI out of range,Row 3525 | Timestamp: 1712016617738 ms | PPG(Green=2260152, Red=2260152, Ir=2260152) | ACC(X=-5.4631233215332, Y=-5.21882724761963, Z=6.21517086029053) | HR=94 bpm | IBI=0 ms | Participant=P15
3526,IBI out of range,Row 3526 | Timestamp: 1712016617778 ms | PPG(Green=2261618, Red=2261618, Ir=2261618) | ACC(X=-5.43438243865967, Y=-5.30025911331177, Z=6.20319557189941) | HR=93 bpm | IBI=0 ms | Participant=P15
3527,IBI out of range,Row 3527 | Timestamp: 1712016617818 ms | PPG(Green=2263170, Red=2263170, Ir=2263170) | ACC(X=-5.50623416900635, Y=-5.25714826583862, Z=6.19361543655396) | HR=93 bpm | IBI=0 ms | Participant=P15
3528,IBI out of range,Row 3528 | Timestamp: 1712016617858 ms | PPG(Green=2264724, Red=2264724, Ir=2264724) | ACC(X=-5.47270345687866, Y=-5.24277782440186, Z=6.22954130172729) | HR=94 bpm | IBI=0 ms | Participant=P15
3529,IBI out of range,Row 3529 | Timestamp: 1712016617899 ms | PPG(Green=2266395, Red=2266395, Ir=2266395) | ACC(X=-5.41522216796875, Y=-5.25954341888428, Z=6.28702259063721) | HR=93 bpm | IBI=0 ms | Participant=P15
3530,IBI out of range,Row 3530 | Timestamp: 1712016617939 ms | PPG(Green=2268308, Red=2268308, Ir=2268308) | ACC(X=-5.41522216796875, Y=-5.31702470779419, Z=6.16487455368042) | HR=93 bpm | IBI=0 ms | Participant=P15
3531,IBI out of range,Row 3531 | Timestamp: 1712016617979 ms | PPG(Green=2269738, Red=2269738, Ir=2269738) | ACC(X=-5.4200119972229, Y=-5.25714826583862, Z=6.13852882385254) | HR=92 bpm | IBI=0 ms | Participant=P15
3532,IBI out of range,Row 3532 | Timestamp: 1712016618019 ms | PPG(Green=2266635, Red=2266635, Ir=2266635) | ACC(X=-5.40085172653198, Y=-5.31223440170288, Z=6.23193597793579) | HR=92 bpm | IBI=0 ms | Participant=P15
3533,IBI out of range,Row 3533 | Timestamp: 1712016618059 ms | PPG(Green=2261454, Red=2261454, Ir=2261454) | ACC(X=-5.39366674423218, Y=-5.26912355422974, Z=6.19361543655396) | HR=91 bpm | IBI=0 ms | Participant=P15
3534,IBI out of range,Row 3534 | Timestamp: 1712016618100 ms | PPG(Green=2257824, Red=2257824, Ir=2257824) | ACC(X=-5.39127159118652, Y=-5.2331976890564, Z=6.22714614868164) | HR=91 bpm | IBI=0 ms | Participant=P15
3535,IBI out of range,Row 3535 | Timestamp: 1712016618139 ms | PPG(Green=2256158, Red=2256158, Ir=2256158) | ACC(X=-5.45354270935059, Y=-5.25714826583862, Z=6.27504730224609) | HR=91 bpm | IBI=0 ms | Participant=P15
3536,IBI out of range,Row 3536 | Timestamp: 1712016618180 ms | PPG(Green=2255398, Red=2255398, Ir=2255398) | ACC(X=-5.4200119972229, Y=-5.24756813049316, Z=6.22714614868164) | HR=91 bpm | IBI=0 ms | Participant=P15
3537,IBI out of range,Row 3537 | Timestamp: 1712016618220 ms | PPG(Green=2255530, Red=2255530, Ir=2255530) | ACC(X=-5.44156742095947, Y=-5.25954341888428, Z=6.12655353546143) | HR=92 bpm | IBI=0 ms | Participant=P15
3538,IBI out of range,Row 3538 | Timestamp: 1712016618260 ms | PPG(Green=2255277, Red=2255277, Ir=2255277) | ACC(X=-5.46791315078735, Y=-5.27151870727539, Z=6.23433113098145) | HR=92 bpm | IBI=0 ms | Participant=P15
3539,IBI out of range,Row 3539 | Timestamp: 1712016618301 ms | PPG(Green=2254625, Red=2254625, Ir=2254625) | ACC(X=-5.42480230331421, Y=-5.30504941940308, Z=6.21996068954468) | HR=92 bpm | IBI=0 ms | Participant=P15
3540,IBI out of range,Row 3540 | Timestamp: 1712016618340 ms | PPG(Green=2254000, Red=2254000, Ir=2254000) | ACC(X=-5.40803670883179, Y=-5.19966697692871, Z=6.1912202835083) | HR=92 bpm | IBI=0 ms | Participant=P15
3541,IBI out of range,Row 3541 | Timestamp: 1712016618380 ms | PPG(Green=2254313, Red=2254313, Ir=2254313) | ACC(X=-5.40803670883179, Y=-5.31702470779419, Z=6.22954130172729) | HR=92 bpm | IBI=0 ms | Participant=P15
3542,IBI out of range,Row 3542 | Timestamp: 1712016618420 ms | PPG(Green=2255415, Red=2255415, Ir=2255415) | ACC(X=-5.47270345687866, Y=-5.20445728302002, Z=6.16247940063477) | HR=92 bpm | IBI=0 ms | Participant=P15
3543,IBI out of range,Row 3543 | Timestamp: 1712016618460 ms | PPG(Green=2256986, Red=2256986, Ir=2256986) | ACC(X=-5.49425888061523, Y=-5.25235843658447, Z=6.19840526580811) | HR=92 bpm | IBI=0 ms | Participant=P15
3544,IBI out of range,Row 3544 | Timestamp: 1712016618501 ms | PPG(Green=2258494, Red=2258494, Ir=2258494) | ACC(X=-5.4631233215332, Y=-5.25954341888428, Z=6.20798587799072) | HR=92 bpm | IBI=0 ms | Participant=P15
3545,IBI out of range,Row 3545 | Timestamp: 1712016618541 ms | PPG(Green=2260095, Red=2260095, Ir=2260095) | ACC(X=-5.44635772705078, Y=-5.24996328353882, Z=6.20319557189941) | HR=91 bpm | IBI=0 ms | Participant=P15
3546,IBI out of range,Row 3546 | Timestamp: 1712016618581 ms | PPG(Green=2261751, Red=2261751, Ir=2261751) | ACC(X=-5.48467874526978, Y=-5.27391386032104, Z=6.17206001281738) | HR=91 bpm | IBI=0 ms | Participant=P15
3547,IBI out of range,Row 3547 | Timestamp: 1712016618621 ms | PPG(Green=2263537, Red=2263537, Ir=2263537) | ACC(X=-5.32660484313965, Y=-5.25475311279297, Z=6.24870157241821) | HR=91 bpm | IBI=0 ms | Participant=P15
3548,IBI out of range,Row 3548 | Timestamp: 1712016618661 ms | PPG(Green=2265631, Red=2265631, Ir=2265631) | ACC(X=-5.508629322052, Y=-5.20445728302002, Z=6.13613414764404) | HR=90 bpm | IBI=0 ms | Participant=P15
3549,IBI out of range,Row 3549 | Timestamp: 1712016618702 ms | PPG(Green=2266860, Red=2266860, Ir=2266860) | ACC(X=-5.47270345687866, Y=-5.21403741836548, Z=6.24630641937256) | HR=90 bpm | IBI=0 ms | Participant=P15
3550,IBI out of range,Row 3550 | Timestamp: 1712016618741 ms | PPG(Green=2263384, Red=2263384, Ir=2263384) | ACC(X=-5.3673210144043, Y=-5.24277782440186, Z=6.26307201385498) | HR=90 bpm | IBI=0 ms | Participant=P15
3551,IBI out of range,Row 3551 | Timestamp: 1712016618782 ms | PPG(Green=2258552, Red=2258552, Ir=2258552) | ACC(X=-5.48707389831543, Y=-5.25714826583862, Z=6.24870157241821) | HR=90 bpm | IBI=0 ms | Participant=P15
3552,IBI out of range,Row 3552 | Timestamp: 1712016618822 ms | PPG(Green=2255226, Red=2255226, Ir=2255226) | ACC(X=-5.37690114974976, Y=-5.2787036895752, Z=6.14331912994385) | HR=90 bpm | IBI=0 ms | Participant=P15
3553,IBI out of range,Row 3553 | Timestamp: 1712016618862 ms | PPG(Green=2254214, Red=2254214, Ir=2254214) | ACC(X=-5.45114803314209, Y=-5.33139514923096, Z=6.22475099563599) | HR=91 bpm | IBI=0 ms | Participant=P15
3554,IBI out of range,Row 3554 | Timestamp: 1712016618903 ms | PPG(Green=2253720, Red=2253720, Ir=2253720) | ACC(X=-5.4128270149231, Y=-5.33618497848511, Z=6.15529441833496) | HR=91 bpm | IBI=0 ms | Participant=P15
3555,IBI out of range,Row 3555 | Timestamp: 1712016618942 ms | PPG(Green=2253951, Red=2253951, Ir=2253951) | ACC(X=-5.50623416900635, Y=-5.21403741836548, Z=6.11457824707031) | HR=91 bpm | IBI=0 ms | Participant=P15
3556,IBI out of range,Row 3556 | Timestamp: 1712016618982 ms | PPG(Green=2253879, Red=2253879, Ir=2253879) | ACC(X=-5.43917274475098, Y=-5.20924711227417, Z=6.23912143707275) | HR=91 bpm | IBI=0 ms | Participant=P15
3557,IBI out of range,Row 3557 | Timestamp: 1712016619022 ms | PPG(Green=2253226, Red=2253226, Ir=2253226) | ACC(X=-5.4200119972229, Y=-5.22361755371094, Z=6.20798587799072) | HR=91 bpm | IBI=0 ms | Participant=P15
3558,IBI out of range,Row 3558 | Timestamp: 1712016619062 ms | PPG(Green=2252821, Red=2252821, Ir=2252821) | ACC(X=-5.4631233215332, Y=-5.22601270675659, Z=6.20319557189941) | HR=91 bpm | IBI=0 ms | Participant=P15
3559,IBI out of range,Row 3559 | Timestamp: 1712016619103 ms | PPG(Green=2253546, Red=2253546, Ir=2253546) | ACC(X=-5.47749328613281, Y=-5.25235843658447, Z=6.15768957138062) | HR=92 bpm | IBI=0 ms | Participant=P15
3560,IBI out of range,Row 3560 | Timestamp: 1712016619143 ms | PPG(Green=2254829, Red=2254829, Ir=2254829) | ACC(X=-5.40324687957764, Y=-5.18529653549194, Z=6.21038055419922) | HR=92 bpm | IBI=0 ms | Participant=P15
3561,IBI out of range,Row 3561 | Timestamp: 1712016619183 ms | PPG(Green=2256292, Red=2256292, Ir=2256292) | ACC(X=-5.56132030487061, Y=-5.21882724761963, Z=6.2439112663269) | HR=93 bpm | IBI=0 ms | Participant=P15
3562,IBI out of range,Row 3562 | Timestamp: 1712016619223 ms | PPG(Green=2257664, Red=2257664, Ir=2257664) | ACC(X=-5.49904918670654, Y=-5.24756813049316, Z=6.19361543655396) | HR=93 bpm | IBI=0 ms | Participant=P15
3563,IBI out of range,Row 3563 | Timestamp: 1712016619263 ms | PPG(Green=2259000, Red=2259000, Ir=2259000) | ACC(X=-5.47749328613281, Y=-5.19727182388306, Z=6.23433113098145) | HR=94 bpm | IBI=0 ms | Participant=P15
3564,IBI out of range,Row 3564 | Timestamp: 1712016619304 ms | PPG(Green=2260376, Red=2260376, Ir=2260376) | ACC(X=-5.47030830383301, Y=-5.28109884262085, Z=6.22714614868164) | HR=95 bpm | IBI=0 ms | Participant=P15
3565,IBI out of range,Row 3565 | Timestamp: 1712016619343 ms | PPG(Green=2261872, Red=2261872, Ir=2261872) | ACC(X=-5.51341915130615, Y=-5.24038314819336, Z=6.21996068954468) | HR=95 bpm | IBI=0 ms | Participant=P15
3566,IBI out of range,Row 3566 | Timestamp: 1712016619384 ms | PPG(Green=2263691, Red=2263691, Ir=2263691) | ACC(X=-5.4583330154419, Y=-5.26672840118408, Z=6.13373899459839) | HR=96 bpm | IBI=0 ms | Participant=P15
3567,IBI out of range,Row 3567 | Timestamp: 1712016619424 ms | PPG(Green=2265354, Red=2265354, Ir=2265354) | ACC(X=-5.57329559326172, Y=-5.29546928405762, Z=6.15529441833496) | HR=96 bpm | IBI=0 ms | Participant=P15
3568,IBI out of range,Row 3568 | Timestamp: 1712016619464 ms | PPG(Green=2262750, Red=2262750, Ir=2262750) | ACC(X=-5.56850576400757, Y=-5.20924711227417, Z=6.20559072494507) | HR=97 bpm | IBI=0 ms | Participant=P15
3569,IBI out of range,Row 3569 | Timestamp: 1712016619505 ms | PPG(Green=2257464, Red=2257464, Ir=2257464) | ACC(X=-5.49425888061523, Y=-5.21164226531982, Z=6.22714614868164) | HR=97 bpm | IBI=0 ms | Participant=P15
3570,IBI out of range,Row 3570 | Timestamp: 1712016619544 ms | PPG(Green=2253461, Red=2253461, Ir=2253461) | ACC(X=-5.46072816848755, Y=-5.24996328353882, Z=6.1912202835083) | HR=97 bpm | IBI=0 ms | Participant=P15
3571,IBI out of range,Row 3571 | Timestamp: 1712016619584 ms | PPG(Green=2251470, Red=2251470, Ir=2251470) | ACC(X=-5.50144386291504, Y=-5.2331976890564, Z=6.20798587799072) | HR=98 bpm | IBI=0 ms | Participant=P15
3572,IBI out of range,Row 3572 | Timestamp: 1712016619624 ms | PPG(Green=2250566, Red=2250566, Ir=2250566) | ACC(X=-5.52060461044312, Y=-5.18529653549194, Z=6.16487455368042) | HR=98 bpm | IBI=0 ms | Participant=P15
3573,IBI out of range,Row 3573 | Timestamp: 1712016619664 ms | PPG(Green=2250367, Red=2250367, Ir=2250367) | ACC(X=-5.50144386291504, Y=-5.20206212997437, Z=6.16487455368042) | HR=98 bpm | IBI=0 ms | Participant=P15
3574,IBI out of range,Row 3574 | Timestamp: 1712016619705 ms | PPG(Green=2249939, Red=2249939, Ir=2249939) | ACC(X=-5.47270345687866, Y=-5.18050670623779, Z=6.25588655471802) | HR=98 bpm | IBI=0 ms | Participant=P15
3575,IBI out of range,Row 3575 | Timestamp: 1712016619745 ms | PPG(Green=2249087, Red=2249087, Ir=2249087) | ACC(X=-5.47030830383301, Y=-5.21403741836548, Z=6.16247940063477) | HR=98 bpm | IBI=0 ms | Participant=P15
3576,IBI out of range,Row 3576 | Timestamp: 1712016619785 ms | PPG(Green=2247839, Red=2247839, Ir=2247839) | ACC(X=-5.56371545791626, Y=-5.25954341888428, Z=6.17206001281738) | HR=97 bpm | IBI=0 ms | Participant=P15
3577,IBI out of range,Row 3577 | Timestamp: 1712016619825 ms | PPG(Green=2247528, Red=2247528, Ir=2247528) | ACC(X=-5.50623416900635, Y=-5.20924711227417, Z=6.19601058959961) | HR=98 bpm | IBI=0 ms | Participant=P15
3578,IBI out of range,Row 3578 | Timestamp: 1712016619865 ms | PPG(Green=2247911, Red=2247911, Ir=2247911) | ACC(X=-5.50623416900635, Y=-5.19727182388306, Z=6.17684984207153) | HR=97 bpm | IBI=0 ms | Participant=P15
3579,IBI out of range,Row 3579 | Timestamp: 1712016619906 ms | PPG(Green=2248920, Red=2248920, Ir=2248920) | ACC(X=-5.52539443969727, Y=-5.21882724761963, Z=6.18642997741699) | HR=97 bpm | IBI=0 ms | Participant=P15
3580,IBI out of range,Row 3580 | Timestamp: 1712016619945 ms | PPG(Green=2249780, Red=2249780, Ir=2249780) | ACC(X=-5.43917274475098, Y=-5.15176582336426, Z=6.22954130172729) | HR=98 bpm | IBI=0 ms | Participant=P15
3581,IBI out of range,Row 3581 | Timestamp: 1712016619986 ms | PPG(Green=2250792, Red=2250792, Ir=2250792) | ACC(X=-5.54216003417969, Y=-5.18290138244629, Z=6.27983713150024) | HR=98 bpm | IBI=0 ms | Participant=P15
3582,IBI out of range,Row 3582 | Timestamp: 1712016620026 ms | PPG(Green=2252141, Red=2252141, Ir=2252141) | ACC(X=-5.44156742095947, Y=-5.21643257141113, Z=6.20559072494507) | HR=97 bpm | IBI=0 ms | Participant=P15
3583,IBI out of range,Row 3583 | Timestamp: 1712016620066 ms | PPG(Green=2253676, Red=2253676, Ir=2253676) | ACC(X=-5.33379030227661, Y=-5.21403741836548, Z=6.19361543655396) | HR=97 bpm | IBI=0 ms | Participant=P15
3584,IBI out of range,Row 3584 | Timestamp: 1712016620107 ms | PPG(Green=2255593, Red=2255593, Ir=2255593) | ACC(X=-5.508629322052, Y=-5.18290138244629, Z=6.15529441833496) | HR=98 bpm | IBI=0 ms | Participant=P15
3585,IBI out of range,Row 3585 | Timestamp: 1712016620146 ms | PPG(Green=2256590, Red=2256590, Ir=2256590) | ACC(X=-5.55174016952515, Y=-5.24756813049316, Z=6.22714614868164) | HR=98 bpm | IBI=0 ms | Participant=P15
3586,IBI out of range,Row 3586 | Timestamp: 1712016620186 ms | PPG(Green=2253389, Red=2253389, Ir=2253389) | ACC(X=-5.49186372756958, Y=-5.20445728302002, Z=6.16487455368042) | HR=99 bpm | IBI=0 ms | Participant=P15
3587,IBI out of range,Row 3587 | Timestamp: 1712016620226 ms | PPG(Green=2248993, Red=2248993, Ir=2248993) | ACC(X=-5.42240715026855, Y=-5.1493706703186, Z=6.19840526580811) | HR=99 bpm | IBI=0 ms | Participant=P15
3588,IBI out of range,Row 3588 | Timestamp: 1712016620266 ms | PPG(Green=2246385, Red=2246385, Ir=2246385) | ACC(X=-5.51102447509766, Y=-5.20924711227417, Z=6.1912202835083) | HR=100 bpm | IBI=0 ms | Participant=P15
3589,IBI out of range,Row 3589 | Timestamp: 1712016620307 ms | PPG(Green=2245558, Red=2245558, Ir=2245558) | ACC(X=-5.43198728561401, Y=-5.23798799514771, Z=6.18642997741699) | HR=100 bpm | IBI=0 ms | Participant=P15
3590,IBI out of range,Row 3590 | Timestamp: 1712016620346 ms | PPG(Green=2245768, Red=2245768, Ir=2245768) | ACC(X=-5.41522216796875, Y=-5.29307413101196, Z=6.26307201385498) | HR=100 bpm | IBI=0 ms | Participant=P15
3591,IBI out of range,Row 3591 | Timestamp: 1712016620386 ms | PPG(Green=2246596, Red=2246596, Ir=2246596) | ACC(X=-5.49665403366089, Y=-5.22840785980225, Z=6.17445468902588) | HR=100 bpm | IBI=0 ms | Participant=P15
3592,IBI out of range,Row 3592 | Timestamp: 1712016620426 ms | PPG(Green=2246805, Red=2246805, Ir=2246805) | ACC(X=-5.51102447509766, Y=-5.17571640014648, Z=6.23433113098145) | HR=100 bpm | IBI=0 ms | Participant=P15
3593,IBI out of range,Row 3593 | Timestamp: 1712016620467 ms | PPG(Green=2246712, Red=2246712, Ir=2246712) | ACC(X=-5.41522216796875, Y=-5.27391386032104, Z=6.13852882385254) | HR=100 bpm | IBI=0 ms | Participant=P15
3594,IBI out of range,Row 3594 | Timestamp: 1712016620507 ms | PPG(Green=2246982, Red=2246982, Ir=2246982) | ACC(X=-5.4128270149231, Y=-5.30265426635742, Z=6.16966485977173) | HR=99 bpm | IBI=0 ms | Participant=P15
3595,IBI out of range,Row 3595 | Timestamp: 1712016620547 ms | PPG(Green=2247948, Red=2247948, Ir=2247948) | ACC(X=-5.45354270935059, Y=-5.19248199462891, Z=6.24151659011841) | HR=100 bpm | IBI=0 ms | Participant=P15
3596,IBI out of range,Row 3596 | Timestamp: 1712016620587 ms | PPG(Green=2249913, Red=2249913, Ir=2249913) | ACC(X=-5.54216003417969, Y=-5.21882724761963, Z=6.27744245529175) | HR=100 bpm | IBI=0 ms | Participant=P15
3597,IBI out of range,Row 3597 | Timestamp: 1712016620627 ms | PPG(Green=2252187, Red=2252187, Ir=2252187) | ACC(X=-5.48467874526978, Y=-5.24996328353882, Z=6.16966485977173) | HR=100 bpm | IBI=0 ms | Participant=P15
3598,IBI out of range,Row 3598 | Timestamp: 1712016620667 ms | PPG(Green=2254449, Red=2254449, Ir=2254449) | ACC(X=-5.40803670883179, Y=-5.21403741836548, Z=6.18882513046265) | HR=101 bpm | IBI=0 ms | Participant=P15
3599,HeartRate out of range,Row 3599 | Timestamp: 1712016620708 ms | PPG(Green=2256900, Red=2256900, Ir=2256900) | ACC(X=-5.36253070831299, Y=-5.28109884262085, Z=6.21756601333618) | HR=0 bpm | IBI=0 ms | Participant=P15
3600,HeartRate out of range,Row 3600 | Timestamp: 1712016620746 ms | PPG(Green=2259372, Red=2259372, Ir=2259372) | ACC(X=-5.4631233215332, Y=-5.31462955474854, Z=6.21996068954468) | HR=0 bpm | IBI=0 ms | Participant=P15
3601,HeartRate out of range,Row 3601 | Timestamp: 1712016620786 ms | PPG(Green=2261783, Red=2261783, Ir=2261783) | ACC(X=-5.43677759170532, Y=-5.26193857192993, Z=6.16487455368042) | HR=0 bpm | IBI=0 ms | Participant=P15
3602,HeartRate out of range,Row 3602 | Timestamp: 1712016620827 ms | PPG(Green=2264287, Red=2264287, Ir=2264287) | ACC(X=-5.44156742095947, Y=-5.21882724761963, Z=6.20559072494507) | HR=0 bpm | IBI=0 ms | Participant=P15
3603,HeartRate out of range,Row 3603 | Timestamp: 1712016620867 ms | PPG(Green=2263669, Red=2263669, Ir=2263669) | ACC(X=-5.4583330154419, Y=-5.26193857192993, Z=6.27504730224609) | HR=0 bpm | IBI=0 ms | Participant=P15
3604,HeartRate out of range,Row 3604 | Timestamp: 1712016620907 ms | PPG(Green=2258793, Red=2258793, Ir=2258793) | ACC(X=-5.42959260940552, Y=-5.28588914871216, Z=6.17445468902588) | HR=0 bpm | IBI=0 ms | Participant=P15
3605,HeartRate out of range,Row 3605 | Timestamp: 1712016620947 ms | PPG(Green=2254921, Red=2254921, Ir=2254921) | ACC(X=-5.38648128509521, Y=-5.28109884262085, Z=6.18164014816284) | HR=0 bpm | IBI=0 ms | Participant=P15
3606,HeartRate out of range,Row 3606 | Timestamp: 1712016620987 ms | PPG(Green=2253344, Red=2253344, Ir=2253344) | ACC(X=-5.4583330154419, Y=-5.26672840118408, Z=6.16008472442627) | HR=0 bpm | IBI=0 ms | Participant=P15
3607,HeartRate out of range,Row 3607 | Timestamp: 1712016621027 ms | PPG(Green=2252866, Red=2252866, Ir=2252866) | ACC(X=-5.48946857452393, Y=-5.23559284210205, Z=6.23912143707275) | HR=0 bpm | IBI=0 ms | Participant=P15
3608,HeartRate out of range,Row 3608 | Timestamp: 1712016621067 ms | PPG(Green=2252975, Red=2252975, Ir=2252975) | ACC(X=-5.54455518722534, Y=-5.20685195922852, Z=6.16487455368042) | HR=0 bpm | IBI=0 ms | Participant=P15
3609,HeartRate out of range,Row 3609 | Timestamp: 1712016621108 ms | PPG(Green=2253275, Red=2253275, Ir=2253275) | ACC(X=-5.44396257400513, Y=-5.25954341888428, Z=6.22714614868164) | HR=0 bpm | IBI=0 ms | Participant=P15
3610,HeartRate out of range,Row 3610 | Timestamp: 1712016621147 ms | PPG(Green=2253322, Red=2253322, Ir=2253322) | ACC(X=-5.52299976348877, Y=-5.29067897796631, Z=6.20559072494507) | HR=0 bpm | IBI=0 ms | Participant=P15
3611,HeartRate out of range,Row 3611 | Timestamp: 1712016621188 ms | PPG(Green=2253165, Red=2253165, Ir=2253165) | ACC(X=-5.40803670883179, Y=-5.19008684158325, Z=6.15050411224365) | HR=0 bpm | IBI=0 ms | Participant=P15
3612,HeartRate out of range,Row 3612 | Timestamp: 1712016621228 ms | PPG(Green=2253438, Red=2253438, Ir=2253438) | ACC(X=-5.4631233215332, Y=-5.28588914871216, Z=6.19840526580811) | HR=0 bpm | IBI=0 ms | Participant=P15
3613,HeartRate out of range,Row 3613 | Timestamp: 1712016621268 ms | PPG(Green=2254660, Red=2254660, Ir=2254660) | ACC(X=-5.36013555526733, Y=-5.28109884262085, Z=6.19840526580811) | HR=0 bpm | IBI=0 ms | Participant=P15
3614,HeartRate out of range,Row 3614 | Timestamp: 1712016621309 ms | PPG(Green=2256336, Red=2256336, Ir=2256336) | ACC(X=-5.40803670883179, Y=-5.24996328353882, Z=6.15050411224365) | HR=0 bpm | IBI=0 ms | Participant=P15
3615,HeartRate out of range,Row 3615 | Timestamp: 1712016621348 ms | PPG(Green=2258288, Red=2258288, Ir=2258288) | ACC(X=-5.43917274475098, Y=-5.22601270675659, Z=6.25828170776367) | HR=0 bpm | IBI=0 ms | Participant=P15
3616,HeartRate out of range,Row 3616 | Timestamp: 1712016621388 ms | PPG(Green=2260225, Red=2260225, Ir=2260225) | ACC(X=-5.4631233215332, Y=-5.24756813049316, Z=6.22954130172729) | HR=0 bpm | IBI=0 ms | Participant=P15
3617,HeartRate out of range,Row 3617 | Timestamp: 1712016621428 ms | PPG(Green=2262072, Red=2262072, Ir=2262072) | ACC(X=-5.4655179977417, Y=-5.31223440170288, Z=6.21996068954468) | HR=0 bpm | IBI=0 ms | Participant=P15
3618,IBI out of range,Row 3618 | Timestamp: 1712016621468 ms | PPG(Green=2264139, Red=2264139, Ir=2264139) | ACC(X=-5.39606142044067, Y=-5.21164226531982, Z=6.25349187850952) | HR=118 bpm | IBI=0 ms | Participant=P15
3619,IBI out of range,Row 3619 | Timestamp: 1712016621509 ms | PPG(Green=2266409, Red=2266409, Ir=2266409) | ACC(X=-5.52539443969727, Y=-5.25714826583862, Z=6.16726970672607) | HR=119 bpm | IBI=0 ms | Participant=P15
3620,IBI out of range,Row 3620 | Timestamp: 1712016621549 ms | PPG(Green=2267537, Red=2267537, Ir=2267537) | ACC(X=-5.4583330154419, Y=-5.29067897796631, Z=6.22714614868164) | HR=121 bpm | IBI=0 ms | Participant=P15
3621,IBI out of range,Row 3621 | Timestamp: 1712016621588 ms | PPG(Green=2263648, Red=2263648, Ir=2263648) | ACC(X=-5.38408613204956, Y=-5.24277782440186, Z=6.21277570724487) | HR=122 bpm | IBI=0 ms | Participant=P15
3622,IBI out of range,Row 3622 | Timestamp: 1712016621629 ms | PPG(Green=2259035, Red=2259035, Ir=2259035) | ACC(X=-5.38887643814087, Y=-5.23080253601074, Z=6.17445468902588) | HR=122 bpm | IBI=0 ms | Participant=P15
3623,IBI out of range,Row 3623 | Timestamp: 1712016621669 ms | PPG(Green=2256309, Red=2256309, Ir=2256309) | ACC(X=-5.45593786239624, Y=-5.28828430175781, Z=6.18882513046265) | HR=125 bpm | IBI=0 ms | Participant=P15
3624,IBI out of range,Row 3624 | Timestamp: 1712016621710 ms | PPG(Green=2255441, Red=2255441, Ir=2255441) | ACC(X=-5.4583330154419, Y=-5.2763090133667, Z=6.23193597793579) | HR=127 bpm | IBI=0 ms | Participant=P15
3625,HeartRate out of range,Row 3625 | Timestamp: 1712016621749 ms | PPG(Green=2255207, Red=2255207, Ir=2255207) | ACC(X=-5.45593786239624, Y=-5.23080253601074, Z=6.14810943603516) | HR=0 bpm | IBI=0 ms | Participant=P15
3626,HeartRate out of range,Row 3626 | Timestamp: 1712016621789 ms | PPG(Green=2255591, Red=2255591, Ir=2255591) | ACC(X=-5.52539443969727, Y=-5.24756813049316, Z=6.18882513046265) | HR=0 bpm | IBI=0 ms | Participant=P15
3627,HeartRate out of range,Row 3627 | Timestamp: 1712016621829 ms | PPG(Green=2255672, Red=2255672, Ir=2255672) | ACC(X=-5.53257989883423, Y=-5.31941986083984, Z=6.20559072494507) | HR=0 bpm | IBI=0 ms | Participant=P15
3628,HeartRate out of range,Row 3628 | Timestamp: 1712016621869 ms | PPG(Green=2255452, Red=2255452, Ir=2255452) | ACC(X=-5.36971616744995, Y=-5.27391386032104, Z=6.21277570724487) | HR=0 bpm | IBI=0 ms | Participant=P15
3629,HeartRate out of range,Row 3629 | Timestamp: 1712016621910 ms | PPG(Green=2255304, Red=2255304, Ir=2255304) | ACC(X=-5.44396257400513, Y=-5.20445728302002, Z=6.1840353012085) | HR=0 bpm | IBI=0 ms | Participant=P15
3630,HeartRate out of range,Row 3630 | Timestamp: 1712016621949 ms | PPG(Green=2255882, Red=2255882, Ir=2255882) | ACC(X=-5.47270345687866, Y=-5.25954341888428, Z=6.16487455368042) | HR=0 bpm | IBI=0 ms | Participant=P15
3631,HeartRate out of range,Row 3631 | Timestamp: 1712016621990 ms | PPG(Green=2257344, Red=2257344, Ir=2257344) | ACC(X=-5.49425888061523, Y=-5.21643257141113, Z=6.18642997741699) | HR=0 bpm | IBI=0 ms | Participant=P15
3632,HeartRate out of range,Row 3632 | Timestamp: 1712016622030 ms | PPG(Green=2259261, Red=2259261, Ir=2259261) | ACC(X=-5.41043186187744, Y=-5.25475311279297, Z=6.18642997741699) | HR=0 bpm | IBI=0 ms | Participant=P15
3633,HeartRate out of range,Row 3633 | Timestamp: 1712016622070 ms | PPG(Green=2261079, Red=2261079, Ir=2261079) | ACC(X=-5.55174016952515, Y=-5.15895080566406, Z=6.1840353012085) | HR=0 bpm | IBI=0 ms | Participant=P15
3634,HeartRate out of range,Row 3634 | Timestamp: 1712016622111 ms | PPG(Green=2262874, Red=2262874, Ir=2262874) | ACC(X=-5.52299976348877, Y=-5.26672840118408, Z=6.19601058959961) | HR=0 bpm | IBI=0 ms | Participant=P15
3635,HeartRate out of range,Row 3635 | Timestamp: 1712016622150 ms | PPG(Green=2264589, Red=2264589, Ir=2264589) | ACC(X=-5.39845657348633, Y=-5.27151870727539, Z=6.18642997741699) | HR=0 bpm | IBI=0 ms | Participant=P15
3636,HeartRate out of range,Row 3636 | Timestamp: 1712016622190 ms | PPG(Green=2266397, Red=2266397, Ir=2266397) | ACC(X=-5.42240715026855, Y=-5.23559284210205, Z=6.14331912994385) | HR=0 bpm | IBI=0 ms | Participant=P15
3637,HeartRate out of range,Row 3637 | Timestamp: 1712016622230 ms | PPG(Green=2268272, Red=2268272, Ir=2268272) | ACC(X=-5.47749328613281, Y=-5.27391386032104, Z=6.21277570724487) | HR=0 bpm | IBI=0 ms | Participant=P15
3638,HeartRate out of range,Row 3638 | Timestamp: 1712016622271 ms | PPG(Green=2267118, Red=2267118, Ir=2267118) | ACC(X=-5.47270345687866, Y=-5.2331976890564, Z=6.21277570724487) | HR=0 bpm | IBI=0 ms | Participant=P15
3639,HeartRate out of range,Row 3639 | Timestamp: 1712016622311 ms | PPG(Green=2262240, Red=2262240, Ir=2262240) | ACC(X=-5.43917274475098, Y=-5.27391386032104, Z=6.15289926528931) | HR=0 bpm | IBI=0 ms | Participant=P15
3640,HeartRate out of range,Row 3640 | Timestamp: 1712016622351 ms | PPG(Green=2257960, Red=2257960, Ir=2257960) | ACC(X=-5.52060461044312, Y=-5.12063026428223, Z=6.29420757293701) | HR=0 bpm | IBI=0 ms | Participant=P15
3641,HeartRate out of range,Row 3641 | Timestamp: 1712016622391 ms | PPG(Green=2255866, Red=2255866, Ir=2255866) | ACC(X=-5.52299976348877, Y=-5.17571640014648, Z=6.19361543655396) | HR=0 bpm | IBI=0 ms | Participant=P15
3642,HeartRate out of range,Row 3642 | Timestamp: 1712016622431 ms | PPG(Green=2254973, Red=2254973, Ir=2254973) | ACC(X=-5.47988843917847, Y=-5.14458084106445, Z=6.21756601333618) | HR=0 bpm | IBI=0 ms | Participant=P15
3643,HeartRate out of range,Row 3643 | Timestamp: 1712016622471 ms | PPG(Green=2254724, Red=2254724, Ir=2254724) | ACC(X=-5.58766603469849, Y=-5.25235843658447, Z=6.17206001281738) | HR=0 bpm | IBI=0 ms | Participant=P15
3644,HeartRate out of range,Row 3644 | Timestamp: 1712016622512 ms | PPG(Green=2254340, Red=2254340, Ir=2254340) | ACC(X=-5.52060461044312, Y=-5.16613626480103, Z=6.22235584259033) | HR=0 bpm | IBI=0 ms | Participant=P15
3645,HeartRate out of range,Row 3645 | Timestamp: 1712016622551 ms | PPG(Green=2253509, Red=2253509, Ir=2253509) | ACC(X=-5.43917274475098, Y=-5.27391386032104, Z=6.1912202835083) | HR=0 bpm | IBI=0 ms | Participant=P15
3646,HeartRate out of range,Row 3646 | Timestamp: 1712016622591 ms | PPG(Green=2252537, Red=2252537, Ir=2252537) | ACC(X=-5.51820945739746, Y=-5.16853141784668, Z=6.27265214920044) | HR=0 bpm | IBI=0 ms | Participant=P15
3647,HeartRate out of range,Row 3647 | Timestamp: 1712016622632 ms | PPG(Green=2251922, Red=2251922, Ir=2251922) | ACC(X=-5.53257989883423, Y=-5.1876916885376, Z=6.20319557189941) | HR=0 bpm | IBI=0 ms | Participant=P15
3648,HeartRate out of range,Row 3648 | Timestamp: 1712016622672 ms | PPG(Green=2252038, Red=2252038, Ir=2252038) | ACC(X=-5.56611061096191, Y=-5.14697551727295, Z=6.15529441833496) | HR=0 bpm | IBI=0 ms | Participant=P15
3649,HeartRate out of range,Row 3649 | Timestamp: 1712016622712 ms | PPG(Green=2252463, Red=2252463, Ir=2252463) | ACC(X=-5.48707389831543, Y=-5.1038646697998, Z=6.11457824707031) | HR=0 bpm | IBI=0 ms | Participant=P15
3650,HeartRate out of range,Row 3650 | Timestamp: 1712016622752 ms | PPG(Green=2253111, Red=2253111, Ir=2253111) | ACC(X=-5.62359189987183, Y=-5.19727182388306, Z=6.17684984207153) | HR=0 bpm | IBI=0 ms | Participant=P15
3651,HeartRate out of range,Row 3651 | Timestamp: 1712016622792 ms | PPG(Green=2253604, Red=2253604, Ir=2253604) | ACC(X=-5.61401176452637, Y=-5.15655612945557, Z=6.1912202835083) | HR=0 bpm | IBI=0 ms | Participant=P15
3652,HeartRate out of range,Row 3652 | Timestamp: 1712016622832 ms | PPG(Green=2253725, Red=2253725, Ir=2253725) | ACC(X=-5.53018474578857, Y=-5.1876916885376, Z=6.15529441833496) | HR=0 bpm | IBI=0 ms | Participant=P15
3653,HeartRate out of range,Row 3653 | Timestamp: 1712016622872 ms | PPG(Green=2254299, Red=2254299, Ir=2254299) | ACC(X=-5.546950340271, Y=-5.14697551727295, Z=6.11457824707031) | HR=0 bpm | IBI=0 ms | Participant=P15
3654,HeartRate out of range,Row 3654 | Timestamp: 1712016622913 ms | PPG(Green=2254943, Red=2254943, Ir=2254943) | ACC(X=-5.56371545791626, Y=-5.1948766708374, Z=6.15289926528931) | HR=0 bpm | IBI=0 ms | Participant=P15
3655,HeartRate out of range,Row 3655 | Timestamp: 1712016622953 ms | PPG(Green=2254244, Red=2254244, Ir=2254244) | ACC(X=-5.66191291809082, Y=-5.18290138244629, Z=6.11218357086182) | HR=0 bpm | IBI=0 ms | Participant=P15
3656,HeartRate out of range,Row 3656 | Timestamp: 1712016622993 ms | PPG(Green=2249588, Red=2249588, Ir=2249588) | ACC(X=-5.50383901596069, Y=-5.15895080566406, Z=6.15768957138062) | HR=0 bpm | IBI=0 ms | Participant=P15
3657,HeartRate out of range,Row 3657 | Timestamp: 1712016623033 ms | PPG(Green=2243843, Red=2243843, Ir=2243843) | ACC(X=-5.57090091705322, Y=-5.1493706703186, Z=6.13613414764404) | HR=0 bpm | IBI=0 ms | Participant=P15
3658,HeartRate out of range,Row 3658 | Timestamp: 1712016623073 ms | PPG(Green=2239500, Red=2239500, Ir=2239500) | ACC(X=-5.59485149383545, Y=-5.21403741836548, Z=6.1457142829895) | HR=0 bpm | IBI=0 ms | Participant=P15
3659,HeartRate out of range,Row 3659 | Timestamp: 1712016623114 ms | PPG(Green=2237000, Red=2237000, Ir=2237000) | ACC(X=-5.65951776504517, Y=-5.2787036895752, Z=6.09302282333374) | HR=0 bpm | IBI=0 ms | Participant=P15
3660,HeartRate out of range,Row 3660 | Timestamp: 1712016623153 ms | PPG(Green=2235712, Red=2235712, Ir=2235712) | ACC(X=-5.62119674682617, Y=-5.15895080566406, Z=6.08344268798828) | HR=0 bpm | IBI=0 ms | Participant=P15
3661,HeartRate out of range,Row 3661 | Timestamp: 1712016623193 ms | PPG(Green=2234859, Red=2234859, Ir=2234859) | ACC(X=-5.60922145843506, Y=-5.15895080566406, Z=6.04512166976929) | HR=0 bpm | IBI=0 ms | Participant=P15
3662,HeartRate out of range,Row 3662 | Timestamp: 1712016623234 ms | PPG(Green=2233339, Red=2233339, Ir=2233339) | ACC(X=-5.69304847717285, Y=-5.1948766708374, Z=6.09541797637939) | HR=0 bpm | IBI=0 ms | Participant=P15
3663,HeartRate out of range,Row 3663 | Timestamp: 1712016623273 ms | PPG(Green=2231049, Red=2231049, Ir=2231049) | ACC(X=-5.52778959274292, Y=-5.17332124710083, Z=6.1026029586792) | HR=0 bpm | IBI=0 ms | Participant=P15
3664,HeartRate out of range,Row 3664 | Timestamp: 1712016623314 ms | PPG(Green=2228641, Red=2228641, Ir=2228641) | ACC(X=-5.61161661148071, Y=-5.22840785980225, Z=6.06188726425171) | HR=0 bpm | IBI=0 ms | Participant=P15
3665,HeartRate out of range,Row 3665 | Timestamp: 1712016623354 ms | PPG(Green=2226912, Red=2226912, Ir=2226912) | ACC(X=-5.71939420700073, Y=-5.16134595870972, Z=5.99003553390503) | HR=0 bpm | IBI=0 ms | Participant=P15
3666,HeartRate out of range,Row 3666 | Timestamp: 1712016623394 ms | PPG(Green=2226201, Red=2226201, Ir=2226201) | ACC(X=-5.67628335952759, Y=-5.09188938140869, Z=6.04272699356079) | HR=0 bpm | IBI=0 ms | Participant=P15
3667,HeartRate out of range,Row 3667 | Timestamp: 1712016623434 ms | PPG(Green=2225640, Red=2225640, Ir=2225640) | ACC(X=-5.71460390090942, Y=-5.21882724761963, Z=6.15768957138062) | HR=0 bpm | IBI=0 ms | Participant=P15
3668,HeartRate out of range,Row 3668 | Timestamp: 1712016623474 ms | PPG(Green=2225255, Red=2225255, Ir=2225255) | ACC(X=-5.70502376556396, Y=-5.17332124710083, Z=6.08583784103394) | HR=0 bpm | IBI=0 ms | Participant=P15
3669,HeartRate out of range,Row 3669 | Timestamp: 1712016623515 ms | PPG(Green=2225118, Red=2225118, Ir=2225118) | ACC(X=-5.62598705291748, Y=-5.20206212997437, Z=6.02835655212402) | HR=0 bpm | IBI=0 ms | Participant=P15
3670,HeartRate out of range,Row 3670 | Timestamp: 1712016623554 ms | PPG(Green=2225383, Red=2225383, Ir=2225383) | ACC(X=-5.58287620544434, Y=-5.22840785980225, Z=6.01638126373291) | HR=0 bpm | IBI=0 ms | Participant=P15
3671,HeartRate out of range,Row 3671 | Timestamp: 1712016623595 ms | PPG(Green=2225597, Red=2225597, Ir=2225597) | ACC(X=-5.77208518981934, Y=-5.35295057296753, Z=6.12894868850708) | HR=0 bpm | IBI=0 ms | Participant=P15
3672,HeartRate out of range,Row 3672 | Timestamp: 1712016623635 ms | PPG(Green=2222525, Red=2222525, Ir=2222525) | ACC(X=-5.77448034286499, Y=-5.13260555267334, Z=6.05949211120605) | HR=0 bpm | IBI=0 ms | Participant=P15
3673,HeartRate out of range,Row 3673 | Timestamp: 1712016623675 ms | PPG(Green=2216759, Red=2216759, Ir=2216759) | ACC(X=-5.63077688217163, Y=-5.07751893997192, Z=5.92776393890381) | HR=0 bpm | IBI=0 ms | Participant=P15
3674,HeartRate out of range,Row 3674 | Timestamp: 1712016623716 ms | PPG(Green=2211682, Red=2211682, Ir=2211682) | ACC(X=-5.63556718826294, Y=-5.13739538192749, Z=6.09302282333374) | HR=0 bpm | IBI=0 ms | Participant=P15
3675,HeartRate out of range,Row 3675 | Timestamp: 1712016623755 ms | PPG(Green=2207987, Red=2207987, Ir=2207987) | ACC(X=-5.69783878326416, Y=-5.26912355422974, Z=6.13852882385254) | HR=0 bpm | IBI=0 ms | Participant=P15
3676,HeartRate out of range,Row 3676 | Timestamp: 1712016623795 ms | PPG(Green=2205625, Red=2205625, Ir=2205625) | ACC(X=-5.69304847717285, Y=-5.11344480514526, Z=6.12176370620728) | HR=0 bpm | IBI=0 ms | Participant=P15
3677,HeartRate out of range,Row 3677 | Timestamp: 1712016623835 ms | PPG(Green=2204531, Red=2204531, Ir=2204531) | ACC(X=-5.63796234130859, Y=-5.08709955215454, Z=6.07625770568848) | HR=0 bpm | IBI=0 ms | Participant=P15
3678,HeartRate out of range,Row 3678 | Timestamp: 1712016623875 ms | PPG(Green=2204098, Red=2204098, Ir=2204098) | ACC(X=-5.62359189987183, Y=-5.21643257141113, Z=5.98045539855957) | HR=0 bpm | IBI=0 ms | Participant=P15
3679,HeartRate out of range,Row 3679 | Timestamp: 1712016623916 ms | PPG(Green=2203079, Red=2203079, Ir=2203079) | ACC(X=-5.65472745895386, Y=-5.16374111175537, Z=6.1002082824707) | HR=0 bpm | IBI=0 ms | Participant=P15
3680,HeartRate out of range,Row 3680 | Timestamp: 1712016623956 ms | PPG(Green=2201663, Red=2201663, Ir=2201663) | ACC(X=-5.68346834182739, Y=-5.21403741836548, Z=6.09541797637939) | HR=0 bpm | IBI=0 ms | Participant=P15
3681,HeartRate out of range,Row 3681 | Timestamp: 1712016623996 ms | PPG(Green=2200856, Red=2200856, Ir=2200856) | ACC(X=-5.54455518722534, Y=-5.22361755371094, Z=6.07386255264282) | HR=0 bpm | IBI=0 ms | Participant=P15
3682,HeartRate out of range,Row 3682 | Timestamp: 1712016624036 ms | PPG(Green=2200740, Red=2200740, Ir=2200740) | ACC(X=-5.56850576400757, Y=-5.06793880462646, Z=6.08823299407959) | HR=0 bpm | IBI=0 ms | Participant=P15
3683,HeartRate out of range,Row 3683 | Timestamp: 1712016624076 ms | PPG(Green=2201745, Red=2201745, Ir=2201745) | ACC(X=-5.63556718826294, Y=-5.28588914871216, Z=6.12655353546143) | HR=0 bpm | IBI=0 ms | Participant=P15
3684,HeartRate out of range,Row 3684 | Timestamp: 1712016624117 ms | PPG(Green=2203260, Red=2203260, Ir=2203260) | ACC(X=-5.54216003417969, Y=-5.20685195922852, Z=6.16247940063477) | HR=0 bpm | IBI=0 ms | Participant=P15
3685,HeartRate out of range,Row 3685 | Timestamp: 1712016624156 ms | PPG(Green=2204934, Red=2204934, Ir=2204934) | ACC(X=-5.54455518722534, Y=-5.22361755371094, Z=6.0044059753418) | HR=0 bpm | IBI=0 ms | Participant=P15
3686,HeartRate out of range,Row 3686 | Timestamp: 1712016624196 ms | PPG(Green=2206718, Red=2206718, Ir=2206718) | ACC(X=-5.64993762969971, Y=-5.1493706703186, Z=6.01877641677856) | HR=0 bpm | IBI=0 ms | Participant=P15
3687,HeartRate out of range,Row 3687 | Timestamp: 1712016624236 ms | PPG(Green=2206997, Red=2206997, Ir=2206997) | ACC(X=-5.57808589935303, Y=-5.39606142044067, Z=6.35408401489258) | HR=0 bpm | IBI=0 ms | Participant=P15
3688,HeartRate out of range,Row 3688 | Timestamp: 1712016624277 ms | PPG(Green=2202683, Red=2202683, Ir=2202683) | ACC(X=-5.53736972808838, Y=-5.4176173210144, Z=6.06188726425171) | HR=0 bpm | IBI=0 ms | Participant=P15
3689,HeartRate out of range,Row 3689 | Timestamp: 1712016624318 ms | PPG(Green=2197471, Red=2197471, Ir=2197471) | ACC(X=-5.26433372497559, Y=-5.59724617004395, Z=6.45228147506714) | HR=0 bpm | IBI=0 ms | Participant=P15
3690,HeartRate out of range,Row 3690 | Timestamp: 1712016624357 ms | PPG(Green=2195007, Red=2195007, Ir=2195007) | ACC(X=-5.29067897796631, Y=-5.28828430175781, Z=6.17924499511719) | HR=0 bpm | IBI=0 ms | Participant=P15
3691,HeartRate out of range,Row 3691 | Timestamp: 1712016624397 ms | PPG(Green=2194385, Red=2194385, Ir=2194385) | ACC(X=-5.54455518722534, Y=-5.18290138244629, Z=5.88944339752197) | HR=0 bpm | IBI=0 ms | Participant=P15
3692,HeartRate out of range,Row 3692 | Timestamp: 1712016624437 ms | PPG(Green=2196367, Red=2196367, Ir=2196367) | ACC(X=-5.52060461044312, Y=-5.3218150138855, Z=6.23433113098145) | HR=0 bpm | IBI=0 ms | Participant=P15
3693,HeartRate out of range,Row 3693 | Timestamp: 1712016624477 ms | PPG(Green=2198588, Red=2198588, Ir=2198588) | ACC(X=-5.43677759170532, Y=-5.4200119972229, Z=6.06428241729736) | HR=0 bpm | IBI=0 ms | Participant=P15
3694,HeartRate out of range,Row 3694 | Timestamp: 1712016624518 ms | PPG(Green=2198397, Red=2198397, Ir=2198397) | ACC(X=-5.46791315078735, Y=-5.37211084365845, Z=6.03075170516968) | HR=0 bpm | IBI=0 ms | Participant=P15
3695,HeartRate out of range,Row 3695 | Timestamp: 1712016624558 ms | PPG(Green=2197497, Red=2197497, Ir=2197497) | ACC(X=-5.49665403366089, Y=-5.2763090133667, Z=6.12894868850708) | HR=0 bpm | IBI=0 ms | Participant=P15
3696,HeartRate out of range,Row 3696 | Timestamp: 1712016624598 ms | PPG(Green=2197005, Red=2197005, Ir=2197005) | ACC(X=-5.4176173210144, Y=-5.32420969009399, Z=6.23433113098145) | HR=0 bpm | IBI=0 ms | Participant=P15
3697,HeartRate out of range,Row 3697 | Timestamp: 1712016624638 ms | PPG(Green=2197257, Red=2197257, Ir=2197257) | ACC(X=-5.35055541992188, Y=-5.38408613204956, Z=6.18882513046265) | HR=0 bpm | IBI=0 ms | Participant=P15
3698,HeartRate out of range,Row 3698 | Timestamp: 1712016624678 ms | PPG(Green=2198504, Red=2198504, Ir=2198504) | ACC(X=-5.35774087905884, Y=-5.31462955474854, Z=6.17684984207153) | HR=0 bpm | IBI=0 ms | Participant=P15
3699,HeartRate out of range,Row 3699 | Timestamp: 1712016624719 ms | PPG(Green=2200749, Red=2200749, Ir=2200749) | ACC(X=-5.43438243865967, Y=-5.3218150138855, Z=6.12655353546143) | HR=0 bpm | IBI=0 ms | Participant=P15
3700,HeartRate out of range,Row 3700 | Timestamp: 1712016624758 ms | PPG(Green=2203401, Red=2203401, Ir=2203401) | ACC(X=-5.42959260940552, Y=-5.33139514923096, Z=6.04512166976929) | HR=0 bpm | IBI=0 ms | Participant=P15
3701,HeartRate out of range,Row 3701 | Timestamp: 1712016624798 ms | PPG(Green=2206345, Red=2206345, Ir=2206345) | ACC(X=-5.43677759170532, Y=-5.30744457244873, Z=6.12655353546143) | HR=0 bpm | IBI=0 ms | Participant=P15
3702,HeartRate out of range,Row 3702 | Timestamp: 1712016624838 ms | PPG(Green=2208625, Red=2208625, Ir=2208625) | ACC(X=-5.46072816848755, Y=-5.31941986083984, Z=6.11936855316162) | HR=0 bpm | IBI=0 ms | Participant=P15
3703,HeartRate out of range,Row 3703 | Timestamp: 1712016624878 ms | PPG(Green=2206531, Red=2206531, Ir=2206531) | ACC(X=-5.42959260940552, Y=-5.41043186187744, Z=6.16966485977173) | HR=0 bpm | IBI=0 ms | Participant=P15
3704,HeartRate out of range,Row 3704 | Timestamp: 1712016624919 ms | PPG(Green=2201157, Red=2201157, Ir=2201157) | ACC(X=-5.37690114974976, Y=-5.46072816848755, Z=6.11697340011597) | HR=0 bpm | IBI=0 ms | Participant=P15
3705,HeartRate out of range,Row 3705 | Timestamp: 1712016624959 ms | PPG(Green=2196913, Red=2196913, Ir=2196913) | ACC(X=-5.31462955474854, Y=-5.30025911331177, Z=6.10978841781616) | HR=0 bpm | IBI=0 ms | Participant=P15
3706,HeartRate out of range,Row 3706 | Timestamp: 1712016624999 ms | PPG(Green=2195236, Red=2195236, Ir=2195236) | ACC(X=-5.40324687957764, Y=-5.42240715026855, Z=6.16966485977173) | HR=0 bpm | IBI=0 ms | Participant=P15
3707,HeartRate out of range,Row 3707 | Timestamp: 1712016625039 ms | PPG(Green=2194866, Red=2194866, Ir=2194866) | ACC(X=-5.42240715026855, Y=-5.4200119972229, Z=6.20080041885376) | HR=0 bpm | IBI=0 ms | Participant=P15
3708,HeartRate out of range,Row 3708 | Timestamp: 1712016625079 ms | PPG(Green=2195081, Red=2195081, Ir=2195081) | ACC(X=-5.3218150138855, Y=-5.34576559066772, Z=6.15050411224365) | HR=0 bpm | IBI=0 ms | Participant=P15
3709,HeartRate out of range,Row 3709 | Timestamp: 1712016625120 ms | PPG(Green=2195723, Red=2195723, Ir=2195723) | ACC(X=-5.36971616744995, Y=-5.37690114974976, Z=6.11936855316162) | HR=0 bpm | IBI=0 ms | Participant=P15
3710,HeartRate out of range,Row 3710 | Timestamp: 1712016625160 ms | PPG(Green=2196269, Red=2196269, Ir=2196269) | ACC(X=-5.3673210144043, Y=-5.42480230331421, Z=6.16008472442627) | HR=0 bpm | IBI=0 ms | Participant=P15
3711,HeartRate out of range,Row 3711 | Timestamp: 1712016625200 ms | PPG(Green=2196823, Red=2196823, Ir=2196823) | ACC(X=-5.30983972549438, Y=-5.34816026687622, Z=6.14331912994385) | HR=0 bpm | IBI=0 ms | Participant=P15
3712,HeartRate out of range,Row 3712 | Timestamp: 1712016625240 ms | PPG(Green=2197721, Red=2197721, Ir=2197721) | ACC(X=-5.43438243865967, Y=-5.33379030227661, Z=6.19361543655396) | HR=0 bpm | IBI=0 ms | Participant=P15
3713,HeartRate out of range,Row 3713 | Timestamp: 1712016625280 ms | PPG(Green=2199517, Red=2199517, Ir=2199517) | ACC(X=-5.35774087905884, Y=-5.45593786239624, Z=6.13373899459839) | HR=0 bpm | IBI=0 ms | Participant=P15
3714,HeartRate out of range,Row 3714 | Timestamp: 1712016625321 ms | PPG(Green=2202064, Red=2202064, Ir=2202064) | ACC(X=-5.31223440170288, Y=-5.39606142044067, Z=6.15050411224365) | HR=0 bpm | IBI=0 ms | Participant=P15
3715,HeartRate out of range,Row 3715 | Timestamp: 1712016625360 ms | PPG(Green=2204642, Red=2204642, Ir=2204642) | ACC(X=-5.42719745635986, Y=-5.42480230331421, Z=6.14092397689819) | HR=0 bpm | IBI=0 ms | Participant=P15
3716,HeartRate out of range,Row 3716 | Timestamp: 1712016625400 ms | PPG(Green=2207353, Red=2207353, Ir=2207353) | ACC(X=-5.32660484313965, Y=-5.34816026687622, Z=6.13613414764404) | HR=0 bpm | IBI=0 ms | Participant=P15
3717,HeartRate out of range,Row 3717 | Timestamp: 1712016625440 ms | PPG(Green=2210049, Red=2210049, Ir=2210049) | ACC(X=-5.29546928405762, Y=-5.41043186187744, Z=6.14331912994385) | HR=0 bpm | IBI=0 ms | Participant=P15
3718,HeartRate out of range,Row 3718 | Timestamp: 1712016625480 ms | PPG(Green=2211977, Red=2211977, Ir=2211977) | ACC(X=-5.39366674423218, Y=-5.41043186187744, Z=6.14092397689819) | HR=0 bpm | IBI=0 ms | Participant=P15
3719,HeartRate out of range,Row 3719 | Timestamp: 1712016625521 ms | PPG(Green=2208715, Red=2208715, Ir=2208715) | ACC(X=-5.41522216796875, Y=-5.47988843917847, Z=6.11218357086182) | HR=0 bpm | IBI=0 ms | Participant=P15
3720,HeartRate out of range,Row 3720 | Timestamp: 1712016625561 ms | PPG(Green=2204371, Red=2204371, Ir=2204371) | ACC(X=-5.30983972549438, Y=-5.39606142044067, Z=6.18642997741699) | HR=0 bpm | IBI=0 ms | Participant=P15
3721,HeartRate out of range,Row 3721 | Timestamp: 1712016625601 ms | PPG(Green=2201708, Red=2201708, Ir=2201708) | ACC(X=-5.34816026687622, Y=-5.43677759170532, Z=6.15050411224365) | HR=0 bpm | IBI=0 ms | Participant=P15
3722,HeartRate out of range,Row 3722 | Timestamp: 1712016625641 ms | PPG(Green=2200446, Red=2200446, Ir=2200446) | ACC(X=-5.36253070831299, Y=-5.36971616744995, Z=6.09781312942505) | HR=0 bpm | IBI=0 ms | Participant=P15
3723,HeartRate out of range,Row 3723 | Timestamp: 1712016625681 ms | PPG(Green=2200249, Red=2200249, Ir=2200249) | ACC(X=-5.34816026687622, Y=-5.39366674423218, Z=6.11218357086182) | HR=0 bpm | IBI=0 ms | Participant=P15
3724,HeartRate out of range,Row 3724 | Timestamp: 1712016625722 ms | PPG(Green=2200624, Red=2200624, Ir=2200624) | ACC(X=-5.33139514923096, Y=-5.40085172653198, Z=6.16008472442627) | HR=0 bpm | IBI=0 ms | Participant=P15
3725,HeartRate out of range,Row 3725 | Timestamp: 1712016625761 ms | PPG(Green=2200871, Red=2200871, Ir=2200871) | ACC(X=-5.38169145584106, Y=-5.47270345687866, Z=6.16487455368042) | HR=0 bpm | IBI=0 ms | Participant=P15
3726,HeartRate out of range,Row 3726 | Timestamp: 1712016625801 ms | PPG(Green=2200874, Red=2200874, Ir=2200874) | ACC(X=-5.35295057296753, Y=-5.35295057296753, Z=6.09781312942505) | HR=0 bpm | IBI=0 ms | Participant=P15
3727,HeartRate out of range,Row 3727 | Timestamp: 1712016625842 ms | PPG(Green=2201192, Red=2201192, Ir=2201192) | ACC(X=-5.3673210144043, Y=-5.47749328613281, Z=6.13852882385254) | HR=0 bpm | IBI=0 ms | Participant=P15
3728,HeartRate out of range,Row 3728 | Timestamp: 1712016625882 ms | PPG(Green=2202276, Red=2202276, Ir=2202276) | ACC(X=-5.34097528457642, Y=-5.44635772705078, Z=6.17684984207153) | HR=0 bpm | IBI=0 ms | Participant=P15
3729,HeartRate out of range,Row 3729 | Timestamp: 1712016625922 ms | PPG(Green=2204135, Red=2204135, Ir=2204135) | ACC(X=-5.44396257400513, Y=-5.40085172653198, Z=6.19361543655396) | HR=0 bpm | IBI=0 ms | Participant=P15
3730,HeartRate out of range,Row 3730 | Timestamp: 1712016625962 ms | PPG(Green=2206493, Red=2206493, Ir=2206493) | ACC(X=-5.41043186187744, Y=-5.42240715026855, Z=6.16008472442627) | HR=0 bpm | IBI=0 ms | Participant=P15
3731,HeartRate out of range,Row 3731 | Timestamp: 1712016626002 ms | PPG(Green=2209096, Red=2209096, Ir=2209096) | ACC(X=-5.32420969009399, Y=-5.44396257400513, Z=6.09781312942505) | HR=0 bpm | IBI=0 ms | Participant=P15
3732,HeartRate out of range,Row 3732 | Timestamp: 1712016626042 ms | PPG(Green=2211833, Red=2211833, Ir=2211833) | ACC(X=-5.20206212997437, Y=-5.46791315078735, Z=6.09781312942505) | HR=0 bpm | IBI=0 ms | Participant=P15
3733,HeartRate out of range,Row 3733 | Timestamp: 1712016626082 ms | PPG(Green=2214660, Red=2214660, Ir=2214660) | ACC(X=-5.32660484313965, Y=-5.48707389831543, Z=6.13613414764404) | HR=0 bpm | IBI=0 ms | Participant=P15
3734,HeartRate out of range,Row 3734 | Timestamp: 1712016626123 ms | PPG(Green=2215184, Red=2215184, Ir=2215184) | ACC(X=-5.40564203262329, Y=-5.43917274475098, Z=6.20080041885376) | HR=0 bpm | IBI=0 ms | Participant=P15
3735,HeartRate out of range,Row 3735 | Timestamp: 1712016626163 ms | PPG(Green=2210837, Red=2210837, Ir=2210837) | ACC(X=-5.37690114974976, Y=-5.35774087905884, Z=6.15768957138062) | HR=0 bpm | IBI=0 ms | Participant=P15
3736,HeartRate out of range,Row 3736 | Timestamp: 1712016626203 ms | PPG(Green=2206587, Red=2206587, Ir=2206587) | ACC(X=-5.3289999961853, Y=-5.29067897796631, Z=6.02356624603271) | HR=0 bpm | IBI=0 ms | Participant=P15
3737,HeartRate out of range,Row 3737 | Timestamp: 1712016626243 ms | PPG(Green=2204423, Red=2204423, Ir=2204423) | ACC(X=-5.34576559066772, Y=-5.56611061096191, Z=6.21277570724487) | HR=0 bpm | IBI=0 ms | Participant=P15
3738,HeartRate out of range,Row 3738 | Timestamp: 1712016626283 ms | PPG(Green=2203751, Red=2203751, Ir=2203751) | ACC(X=-5.26912355422974, Y=-5.40803670883179, Z=6.21756601333618) | HR=0 bpm | IBI=0 ms | Participant=P15
3739,HeartRate out of range,Row 3739 | Timestamp: 1712016626324 ms | PPG(Green=2203709, Red=2203709, Ir=2203709) | ACC(X=-5.36971616744995, Y=-5.4200119972229, Z=6.07386255264282) | HR=0 bpm | IBI=0 ms | Participant=P15
3740,HeartRate out of range,Row 3740 | Timestamp: 1712016626363 ms | PPG(Green=2204430, Red=2204430, Ir=2204430) | ACC(X=-5.3673210144043, Y=-5.40324687957764, Z=6.06907224655151) | HR=0 bpm | IBI=0 ms | Participant=P15
3741,HeartRate out of range,Row 3741 | Timestamp: 1712016626403 ms | PPG(Green=2205101, Red=2205101, Ir=2205101) | ACC(X=-5.2834939956665, Y=-5.45593786239624, Z=6.09541797637939) | HR=0 bpm | IBI=0 ms | Participant=P15
3742,HeartRate out of range,Row 3742 | Timestamp: 1712016626444 ms | PPG(Green=2205216, Red=2205216, Ir=2205216) | ACC(X=-5.3218150138855, Y=-5.53018474578857, Z=6.29899787902832) | HR=0 bpm | IBI=0 ms | Participant=P15
3743,HeartRate out of range,Row 3743 | Timestamp: 1712016626484 ms | PPG(Green=2205183, Red=2205183, Ir=2205183) | ACC(X=-5.33379030227661, Y=-5.38408613204956, Z=6.1457142829895) | HR=0 bpm | IBI=0 ms | Participant=P15
3744,HeartRate out of range,Row 3744 | Timestamp: 1712016626525 ms | PPG(Green=2205935, Red=2205935, Ir=2205935) | ACC(X=-5.42959260940552, Y=-5.46072816848755, Z=5.99003553390503) | HR=0 bpm | IBI=0 ms | Participant=P15
3745,HeartRate out of range,Row 3745 | Timestamp: 1712016626564 ms | PPG(Green=2210608, Red=2210608, Ir=2210608) | ACC(X=-5.29546928405762, Y=-5.47030830383301, Z=6.21756601333618) | HR=0 bpm | IBI=0 ms | Participant=P15
3746,HeartRate out of range,Row 3746 | Timestamp: 1712016626604 ms | PPG(Green=2212587, Red=2212587, Ir=2212587) | ACC(X=-5.37929630279541, Y=-5.36013555526733, Z=6.08823299407959) | HR=0 bpm | IBI=0 ms | Participant=P15
3747,HeartRate out of range,Row 3747 | Timestamp: 1712016626644 ms | PPG(Green=2214511, Red=2214511, Ir=2214511) | ACC(X=-5.37211084365845, Y=-5.43198728561401, Z=6.19840526580811) | HR=0 bpm | IBI=0 ms | Participant=P15
3748,HeartRate out of range,Row 3748 | Timestamp: 1712016626684 ms | PPG(Green=2216740, Red=2216740, Ir=2216740) | ACC(X=-5.32660484313965, Y=-5.42480230331421, Z=6.16008472442627) | HR=0 bpm | IBI=0 ms | Participant=P15
3749,HeartRate out of range,Row 3749 | Timestamp: 1712016626725 ms | PPG(Green=2216474, Red=2216474, Ir=2216474) | ACC(X=-5.25714826583862, Y=-5.43917274475098, Z=6.09541797637939) | HR=0 bpm | IBI=0 ms | Participant=P15
3750,HeartRate out of range,Row 3750 | Timestamp: 1712016626764 ms | PPG(Green=2211996, Red=2211996, Ir=2211996) | ACC(X=-5.32660484313965, Y=-5.43917274475098, Z=6.1912202835083) | HR=0 bpm | IBI=0 ms | Participant=P15
3751,IBI out of range,Row 3751 | Timestamp: 1712016626805 ms | PPG(Green=2208065, Red=2208065, Ir=2208065) | ACC(X=-5.26912355422974, Y=-5.45354270935059, Z=6.03554153442383) | HR=181 bpm | IBI=0 ms | Participant=P15
3752,IBI out of range,Row 3752 | Timestamp: 1712016626845 ms | PPG(Green=2206101, Red=2206101, Ir=2206101) | ACC(X=-5.39127159118652, Y=-5.44156742095947, Z=6.1912202835083) | HR=181 bpm | IBI=0 ms | Participant=P15
3753,IBI out of range,Row 3753 | Timestamp: 1712016626885 ms | PPG(Green=2205823, Red=2205823, Ir=2205823) | ACC(X=-5.3289999961853, Y=-5.48228359222412, Z=6.19361543655396) | HR=181 bpm | IBI=0 ms | Participant=P15
3754,IBI out of range,Row 3754 | Timestamp: 1712016626926 ms | PPG(Green=2206608, Red=2206608, Ir=2206608) | ACC(X=-5.30744457244873, Y=-5.37690114974976, Z=6.06428241729736) | HR=180 bpm | IBI=0 ms | Participant=P15
3755,IBI out of range,Row 3755 | Timestamp: 1712016626965 ms | PPG(Green=2207446, Red=2207446, Ir=2207446) | ACC(X=-5.34816026687622, Y=-5.39366674423218, Z=6.1840353012085) | HR=180 bpm | IBI=0 ms | Participant=P15
3756,IBI out of range,Row 3756 | Timestamp: 1712016627005 ms | PPG(Green=2207793, Red=2207793, Ir=2207793) | ACC(X=-5.37690114974976, Y=-5.44875288009644, Z=6.20798587799072) | HR=177 bpm | IBI=0 ms | Participant=P15
3757,IBI out of range,Row 3757 | Timestamp: 1712016627045 ms | PPG(Green=2207640, Red=2207640, Ir=2207640) | ACC(X=-5.31941986083984, Y=-5.38648128509521, Z=6.09541797637939) | HR=175 bpm | IBI=0 ms | Participant=P15
3758,IBI out of range,Row 3758 | Timestamp: 1712016627085 ms | PPG(Green=2208197, Red=2208197, Ir=2208197) | ACC(X=-5.29307413101196, Y=-5.40324687957764, Z=6.09781312942505) | HR=174 bpm | IBI=0 ms | Participant=P15
3759,HeartRate out of range,Row 3759 | Timestamp: 1712016627126 ms | PPG(Green=2209696, Red=2209696, Ir=2209696) | ACC(X=-5.39606142044067, Y=-5.49904918670654, Z=6.1840353012085) | HR=0 bpm | IBI=0 ms | Participant=P15
3760,IBI out of range,Row 3760 | Timestamp: 1712016627165 ms | PPG(Green=2211600, Red=2211600, Ir=2211600) | ACC(X=-5.29786443710327, Y=-5.42959260940552, Z=6.16726970672607) | HR=176 bpm | IBI=0 ms | Participant=P15
3761,IBI out of range,Row 3761 | Timestamp: 1712016627206 ms | PPG(Green=2213798, Red=2213798, Ir=2213798) | ACC(X=-5.3673210144043, Y=-5.38408613204956, Z=6.18164014816284) | HR=174 bpm | IBI=0 ms | Participant=P15
3762,IBI out of range,Row 3762 | Timestamp: 1712016627246 ms | PPG(Green=2215964, Red=2215964, Ir=2215964) | ACC(X=-5.38648128509521, Y=-5.47988843917847, Z=6.16008472442627) | HR=173 bpm | IBI=0 ms | Participant=P15
3763,IBI out of range,Row 3763 | Timestamp: 1712016627286 ms | PPG(Green=2218496, Red=2218496, Ir=2218496) | ACC(X=-5.33139514923096, Y=-5.39606142044067, Z=6.20559072494507) | HR=172 bpm | IBI=0 ms | Participant=P15
3764,IBI out of range,Row 3764 | Timestamp: 1712016627327 ms | PPG(Green=2220636, Red=2220636, Ir=2220636) | ACC(X=-5.33618497848511, Y=-5.47988843917847, Z=6.11218357086182) | HR=170 bpm | IBI=0 ms | Participant=P15
3765,IBI out of range,Row 3765 | Timestamp: 1712016627366 ms | PPG(Green=2218319, Red=2218319, Ir=2218319) | ACC(X=-5.41522216796875, Y=-5.48467874526978, Z=6.17206001281738) | HR=169 bpm | IBI=0 ms | Participant=P15
3766,IBI out of range,Row 3766 | Timestamp: 1712016627406 ms | PPG(Green=2213145, Red=2213145, Ir=2213145) | ACC(X=-5.42719745635986, Y=-5.42959260940552, Z=6.18642997741699) | HR=168 bpm | IBI=0 ms | Participant=P15
3767,IBI out of range,Row 3767 | Timestamp: 1712016627446 ms | PPG(Green=2209712, Red=2209712, Ir=2209712) | ACC(X=-5.29546928405762, Y=-5.47988843917847, Z=6.10978841781616) | HR=168 bpm | IBI=0 ms | Participant=P15
3768,IBI out of range,Row 3768 | Timestamp: 1712016627486 ms | PPG(Green=2208667, Red=2208667, Ir=2208667) | ACC(X=-5.39606142044067, Y=-5.47988843917847, Z=6.10499811172485) | HR=167 bpm | IBI=0 ms | Participant=P15
3769,IBI out of range,Row 3769 | Timestamp: 1712016627527 ms | PPG(Green=2208910, Red=2208910, Ir=2208910) | ACC(X=-5.40564203262329, Y=-5.44156742095947, Z=6.13373899459839) | HR=166 bpm | IBI=0 ms | Participant=P15
3770,IBI out of range,Row 3770 | Timestamp: 1712016627567 ms | PPG(Green=2209696, Red=2209696, Ir=2209696) | ACC(X=-5.35055541992188, Y=-5.44156742095947, Z=6.1457142829895) | HR=165 bpm | IBI=0 ms | Participant=P15
3771,IBI out of range,Row 3771 | Timestamp: 1712016627607 ms | PPG(Green=2209968, Red=2209968, Ir=2209968) | ACC(X=-5.36492586135864, Y=-5.35774087905884, Z=6.20798587799072) | HR=163 bpm | IBI=0 ms | Participant=P15
3772,IBI out of range,Row 3772 | Timestamp: 1712016627647 ms | PPG(Green=2209505, Red=2209505, Ir=2209505) | ACC(X=-5.38408613204956, Y=-5.39366674423218, Z=6.15289926528931) | HR=163 bpm | IBI=0 ms | Participant=P15
3773,IBI out of range,Row 3773 | Timestamp: 1712016627687 ms | PPG(Green=2209094, Red=2209094, Ir=2209094) | ACC(X=-5.36971616744995, Y=-5.32660484313965, Z=6.13373899459839) | HR=162 bpm | IBI=0 ms | Participant=P15
3774,IBI out of range,Row 3774 | Timestamp: 1712016627728 ms | PPG(Green=2209225, Red=2209225, Ir=2209225) | ACC(X=-5.40324687957764, Y=-5.43917274475098, Z=6.17206001281738) | HR=161 bpm | IBI=0 ms | Participant=P15
3775,IBI out of range,Row 3775 | Timestamp: 1712016627767 ms | PPG(Green=2210115, Red=2210115, Ir=2210115) | ACC(X=-5.4176173210144, Y=-5.42480230331421, Z=6.06907224655151) | HR=160 bpm | IBI=0 ms | Participant=P15
3776,IBI out of range,Row 3776 | Timestamp: 1712016627807 ms | PPG(Green=2211451, Red=2211451, Ir=2211451) | ACC(X=-5.38169145584106, Y=-5.3289999961853, Z=6.12894868850708) | HR=159 bpm | IBI=0 ms | Participant=P15
3777,IBI out of range,Row 3777 | Timestamp: 1712016627847 ms | PPG(Green=2212858, Red=2212858, Ir=2212858) | ACC(X=-5.39606142044067, Y=-5.3745059967041, Z=6.19840526580811) | HR=158 bpm | IBI=0 ms | Participant=P15
3778,IBI out of range,Row 3778 | Timestamp: 1712016627887 ms | PPG(Green=2214364, Red=2214364, Ir=2214364) | ACC(X=-5.43677759170532, Y=-5.31702470779419, Z=6.13373899459839) | HR=157 bpm | IBI=0 ms | Participant=P15
3779,IBI out of range,Row 3779 | Timestamp: 1712016627928 ms | PPG(Green=2215815, Red=2215815, Ir=2215815) | ACC(X=-5.34576559066772, Y=-5.3673210144043, Z=6.13373899459839) | HR=156 bpm | IBI=0 ms | Participant=P15
3780,IBI out of range,Row 3780 | Timestamp: 1712016627968 ms | PPG(Green=2216007, Red=2216007, Ir=2216007) | ACC(X=-5.43198728561401, Y=-5.38408613204956, Z=6.15768957138062) | HR=156 bpm | IBI=0 ms | Participant=P15
3781,IBI out of range,Row 3781 | Timestamp: 1712016628008 ms | PPG(Green=2211798, Red=2211798, Ir=2211798) | ACC(X=-5.40564203262329, Y=-5.34097528457642, Z=6.16726970672607) | HR=155 bpm | IBI=0 ms | Participant=P15
3782,IBI out of range,Row 3782 | Timestamp: 1712016628048 ms | PPG(Green=2206869, Red=2206869, Ir=2206869) | ACC(X=-5.38169145584106, Y=-5.2834939956665, Z=6.14810943603516) | HR=154 bpm | IBI=0 ms | Participant=P15
3783,IBI out of range,Row 3783 | Timestamp: 1712016628088 ms | PPG(Green=2204352, Red=2204352, Ir=2204352) | ACC(X=-5.4655179977417, Y=-5.35295057296753, Z=6.13852882385254) | HR=153 bpm | IBI=0 ms | Participant=P15
3784,IBI out of range,Row 3784 | Timestamp: 1712016628129 ms | PPG(Green=2203884, Red=2203884, Ir=2203884) | ACC(X=-5.51820945739746, Y=-5.35055541992188, Z=6.14331912994385) | HR=153 bpm | IBI=0 ms | Participant=P15
3785,IBI out of range,Row 3785 | Timestamp: 1712016628168 ms | PPG(Green=2204590, Red=2204590, Ir=2204590) | ACC(X=-5.42719745635986, Y=-5.31702470779419, Z=6.08583784103394) | HR=152 bpm | IBI=0 ms | Participant=P15
3786,IBI out of range,Row 3786 | Timestamp: 1712016628208 ms | PPG(Green=2205475, Red=2205475, Ir=2205475) | ACC(X=-5.39366674423218, Y=-5.32660484313965, Z=6.08104753494263) | HR=151 bpm | IBI=0 ms | Participant=P15
3787,IBI out of range,Row 3787 | Timestamp: 1712016628248 ms | PPG(Green=2205432, Red=2205432, Ir=2205432) | ACC(X=-5.41522216796875, Y=-5.39366674423218, Z=6.17445468902588) | HR=150 bpm | IBI=0 ms | Participant=P15
3788,IBI out of range,Row 3788 | Timestamp: 1712016628288 ms | PPG(Green=2204754, Red=2204754, Ir=2204754) | ACC(X=-5.35534572601318, Y=-5.39606142044067, Z=6.12176370620728) | HR=149 bpm | IBI=0 ms | Participant=P15
3789,IBI out of range,Row 3789 | Timestamp: 1712016628329 ms | PPG(Green=2204864, Red=2204864, Ir=2204864) | ACC(X=-5.39606142044067, Y=-5.32420969009399, Z=6.14092397689819) | HR=148 bpm | IBI=0 ms | Participant=P15
3790,IBI out of range,Row 3790 | Timestamp: 1712016628368 ms | PPG(Green=2205755, Red=2205755, Ir=2205755) | ACC(X=-5.36253070831299, Y=-5.30504941940308, Z=6.15768957138062) | HR=148 bpm | IBI=0 ms | Participant=P15
3791,IBI out of range,Row 3791 | Timestamp: 1712016628409 ms | PPG(Green=2207797, Red=2207797, Ir=2207797) | ACC(X=-5.39845657348633, Y=-5.3673210144043, Z=6.15529441833496) | HR=147 bpm | IBI=0 ms | Participant=P15
3792,IBI out of range,Row 3792 | Timestamp: 1712016628449 ms | PPG(Green=2209939, Red=2209939, Ir=2209939) | ACC(X=-5.4583330154419, Y=-5.39127159118652, Z=6.17445468902588) | HR=147 bpm | IBI=0 ms | Participant=P15
3793,HeartRate out of range,Row 3793 | Timestamp: 1712016628489 ms | PPG(Green=2212336, Red=2212336, Ir=2212336) | ACC(X=-5.3673210144043, Y=-5.40564203262329, Z=6.12415885925293) | HR=0 bpm | IBI=0 ms | Participant=P15
3794,HeartRate out of range,Row 3794 | Timestamp: 1712016628530 ms | PPG(Green=2214865, Red=2214865, Ir=2214865) | ACC(X=-5.36971616744995, Y=-5.4176173210144, Z=6.10739326477051) | HR=0 bpm | IBI=0 ms | Participant=P15
3795,HeartRate out of range,Row 3795 | Timestamp: 1712016628569 ms | PPG(Green=2216784, Red=2216784, Ir=2216784) | ACC(X=-5.36492586135864, Y=-5.35534572601318, Z=6.18882513046265) | HR=0 bpm | IBI=0 ms | Participant=P15
3796,HeartRate out of range,Row 3796 | Timestamp: 1712016628609 ms | PPG(Green=2214048, Red=2214048, Ir=2214048) | ACC(X=-5.38169145584106, Y=-5.41522216796875, Z=6.18164014816284) | HR=0 bpm | IBI=0 ms | Participant=P15
3797,HeartRate out of range,Row 3797 | Timestamp: 1712016628649 ms | PPG(Green=2209889, Red=2209889, Ir=2209889) | ACC(X=-5.33139514923096, Y=-5.45354270935059, Z=6.12655353546143) | HR=0 bpm | IBI=0 ms | Participant=P15
3798,HeartRate out of range,Row 3798 | Timestamp: 1712016628689 ms | PPG(Green=2208344, Red=2208344, Ir=2208344) | ACC(X=-5.28109884262085, Y=-5.40803670883179, Z=6.15289926528931) | HR=0 bpm | IBI=0 ms | Participant=P15
3799,HeartRate out of range,Row 3799 | Timestamp: 1712016628730 ms | PPG(Green=2209059, Red=2209059, Ir=2209059) | ACC(X=-5.37211084365845, Y=-5.42240715026855, Z=6.13373899459839) | HR=0 bpm | IBI=0 ms | Participant=P15
3800,HeartRate out of range,Row 3800 | Timestamp: 1712016628770 ms | PPG(Green=2211271, Red=2211271, Ir=2211271) | ACC(X=-5.35055541992188, Y=-5.4583330154419, Z=6.14092397689819) | HR=0 bpm | IBI=0 ms | Participant=P15
3801,IBI out of range,Row 3801 | Timestamp: 1712016628810 ms | PPG(Green=2213659, Red=2213659, Ir=2213659) | ACC(X=-5.37211084365845, Y=-5.38648128509521, Z=6.10978841781616) | HR=150 bpm | IBI=0 ms | Participant=P15
