phoneTimestamp,duration
1711018136385,715
1711018137101,737
1711018137838,768
1711018138606,814
1711018139420,1606
1711018141025,852
1711018141878,941
1711018142819,968
1711018143787,885
1711018144672,883
1711018145555,862
1711018146417,826
1711018147243,779
1711018148022,803
1711018148825,781
1711018149606,747
1711018150353,767
1711018151120,790
1711018151910,824
1711018152734,804
1711018153537,782
1711018154320,779
1711018155099,744
1711018155843,749
1711018156592,754
1711018157345,776
1711018158121,786
1711018158908,776
1711018159684,779
1711018160463,817
1711018161280,854
1711018162134,901
1711018163035,845
1711018163880,839
1711018164719,805
1711018165524,795
1711018166319,751
1711018167070,765
1711018167835,784
1711018168619,836
1711018169455,877
1711018170332,854
1711018171185,876
1711018172062,895
1711018172957,887
1711018173844,818
1711018174662,780
1711018175441,785
1711018176227,783
1711018177009,791
1711018177801,798
1711018178599,862
1711018179461,945
1711018180406,919
1711018181325,896
1711018182221,880
1711018183101,829
1711018183929,765
1711018184695,771
1711018185465,771
1711018186237,768
1711018187005,735
1711018187740,760
1711018188500,770
1711018189270,772
1711018190041,751
1711018190793,776
1711018191569,791
1711018192360,772
1711018193132,763
1711018193895,729
1711018194624,712
1711018195336,687
1711018196023,661
1711018196684,662
1711018197345,667
1711018198013,708
1711018198721,893
1711018199614,957
1711018200571,973
1711018201544,931
1711018202475,881
1711018203356,892
1711018204248,938
1711018205185,945
1711018206131,935
1711018207065,923
1711018207989,902
1711018208891,867
1711018209758,845
1711018210603,821
1711018211424,829
1711018212253,866
1711018213119,910
1711018214029,923
1711018214952,893
1711018215845,910
1711018216755,956
1711018217711,966
1711018218677,924
1711018219601,938
1711018220539,919
1711018221457,891
1711018222349,859
1711018223208,803
1711018224011,748
1711018224759,724
1711018225483,733
1711018226216,778
1711018226993,868
1711018227862,896
1711018228758,852
1711018229609,882
1711018230492,938
1711018231430,990
1711018232420,954
1711018233374,913
1711018234287,896
1711018235183,902
1711018236085,868
1711018236953,864
1711018237817,873
1711018238689,915
1711018239605,891
1711018240496,901
1711018241397,916
1711018242313,919
1711018243232,918
1711018244150,913
1711018245063,860
1711018245923,825
1711018246748,811
1711018247559,849
1711018248408,934
1711018249342,937
1711018250279,916
1711018251195,948
1711018252143,988
1711018253131,946
1711018254077,890
1711018254967,838
1711018255805,788
1711018256593,742
1711018257335,737
1711018258072,744
1711018258816,735
1711018259551,732
1711018260283,750
1711018261033,761
1711018261793,766
1711018262560,781
1711018263341,793
1711018264134,789
1711018264923,773
1711018265696,751
1711018266447,756
1711018267203,771
1711018267974,771
1711018268745,761
1711018269505,782
1711018270288,822
1711018271110,828
1711018271937,837
1711018272775,845
1711018273620,878
1711018274497,894
1711018275392,923
1711018276315,886
1711018277201,865
1711018278065,851
1711018278917,835
1711018279752,810
1711018280561,786
1711018281348,788
1711018282136,784
1711018282920,750
1711018283670,753
1711018284423,759
1711018285182,756
1711018285937,754
1711018286692,702
1711018287393,707
1711018288101,701
1711018288801,716
1711018289518,730
1711018290248,757
1711018291005,809
1711018291814,836
1711018292649,838
1711018293488,817
1711018294305,822
1711018295127,793
1711018295920,782
1711018296702,738
1711018297440,736
1711018298176,740
1711018298916,746
1711018299662,729
1711018300391,746
1711018301137,762
1711018301899,787
1711018302686,784
1711018303470,776
1711018304246,796
1711018305041,828
1711018305870,814
1711018306684,806
1711018307489,809
1711018308299,805
1711018309104,770
1711018309873,766
1711018310640,735
1711018311375,708
1711018312083,720
1711018312803,712
1711018313515,690
1711018314205,682
1711018314887,687
1711018315574,695
1711018316269,714
1711018316983,739
1711018317721,751
1711018318473,747
1711018319220,741
1711018319961,759
1711018320720,781
1711018321501,800
1711018322301,795
1711018323096,743
1711018323839,724
1711018324563,720
1711018325283,716
1711018325999,697
1711018326696,690
1711018327385,705
1711018328091,726
1711018328817,755
1711018329572,771
1711018330343,731
1711018331073,741
1711018331815,757
1711018332572,779
1711018333351,778
1711018334129,750
1711018334879,751
1711018335630,746
1711018336376,744
1711018337120,716
1711018337836,710
1711018338545,727
1711018339273,745
1711018340017,772
1711018340790,759
1711018341549,814
1711018342363,842
1711018343205,847
1711018344052,802
1711018344854,783
1711018345637,782
1711018346419,771
1711018347190,747
1711018347937,775
1711018348712,771
1711018349483,779
1711018350262,766
1711018351028,761
1711018351789,797
1711018352585,826
1711018353412,792
1711018354204,810
1711018355014,818
1711018355832,824
1711018356656,781
1711018357437,798
1711018358235,813
1711018359048,822
1711018359870,776
1711018360646,776
1711018361422,793
1711018362215,786
1711018363001,753
1711018363753,759
1711018364513,784
1711018365297,789
1711018366086,753
1711018366839,762
1711018367601,767
1711018368368,777
1711018369145,769
1711018369913,756
1711018370670,766
1711018371436,764
1711018372200,769
1711018372969,749
1711018373718,741
1711018374459,771
1711018375230,768
1711018375998,765
1711018376763,748
1711018377511,747
1711018378257,769
1711018379027,813
1711018379840,784
1711018380624,796
1711018381420,790
1711018382209,754
1711018382964,720
1711018383684,720
1711018384404,720
1711018385124,727
1711018385851,731
1711018386582,726
1711018387308,744
1711018388052,767
1711018388819,798
1711018389617,779
1711018390396,742
1711018391137,747
1711018391885,768
1711018392653,742
1711018393395,751
1711018394145,738
1711018394884,746
1711018395630,724
1711018396353,734
1711018397088,745
1711018397833,750
1711018398583,726
1711018399309,703
1711018400012,688
1711018400700,671
1711018401371,655
1711018402025,643
1711018402669,652
1711018403321,666
1711018403987,693
1711018404680,757
1711018405437,781
1711018406217,736
1711018406953,759
1711018407713,788
1711018408501,852
1711018409353,896
1711018410249,844
1711018411093,791
1711018411884,805
1711018412689,824
1711018413513,854
1711018414367,838
1711018415205,834
1711018416039,841
1711018416880,842
1711018417721,827
1711018418549,815
1711018419364,826
1711018420190,828
1711018421017,805
1711018421823,760
1711018422583,786
1711018423369,815
1711018424184,853
1711018425037,872
1711018425909,815
1711018426724,809
1711018427533,818
1711018428351,810
1711018429161,803
1711018429964,763
1711018430727,785
1711018431512,781
1711018432293,765
1711018433057,749
1711018433807,729
1711018434536,739
1711018435275,744
1711018436019,766
1711018436785,761
1711018437545,735
1711018438281,770
1711018439051,813
1711018439864,812
1711018440676,753
1711018441429,773
1711018442201,767
1711018442969,773
1711018443742,749
1711018444491,710
1711018445201,704
1711018445905,706
1711018446611,709
1711018447320,702
1711018448022,690
1711018448712,692
1711018449404,702
1711018450105,717
1711018450823,734
1711018451557,755
1711018452312,814
1711018453126,855
1711018453981,809
1711018454790,814
1711018455604,810
1711018456414,780
1711018457193,732
1711018457926,728
1711018458654,686
1711018459340,691
1711018460031,668
1711018460699,678
1711018461377,718
1711018462095,739
1711018462833,737
1711018463571,771
1711018464342,809
1711018465151,847
1711018465998,812
1711018466809,757
1711018467567,745
1711018468312,763
1711018469075,787
1711018469862,820
1711018470681,795
1711018471477,804
1711018472281,833
1711018473113,820
1711018473934,780
1711018474713,782
1711018475496,813
1711018476309,846
1711018477155,847
1711018478001,812
1711018478814,834
1711018479648,845
1711018480493,838
1711018481331,812
1711018482143,829
1711018482972,817
1711018483789,809
1711018484598,774
1711018485372,805
1711018486177,843
1711018487020,888
1711018487908,865
1711018488773,843
1711018489616,842
1711018490457,805
1711018491263,751
1711018492014,762
1711018492776,777
1711018493553,787
1711018494340,769
1711018495109,762
1711018495871,794
1711018496665,799
1711018497464,760
1711018498224,741
1711018498965,734
1711018499699,727
1711018500425,722
1711018501148,697
1711018501845,716
1711018502561,726
1711018503287,737
1711018504024,737
1711018504761,710
1711018505471,713
1711018506184,726
1711018506910,749
1711018507659,776
1711018508435,749
1711018509184,740
1711018509924,758
1711018510681,757
1711018511439,735
1711018512174,705
1711018512879,731
1711018513609,731
1711018514341,741
1711018515081,723
1711018515805,718
1711018516523,741
1711018517264,781
1711018518045,794
1711018518839,753
1711018519592,750
1711018520342,743
1711018521085,751
1711018521836,726
1711018522561,725
1711018523287,706
1711018523993,717
1711018524710,716
1711018525425,712
1711018526137,753
1711018526891,812
1711018527703,865
1711018528568,857
1711018529425,852
1711018530277,874
1711018531151,880
1711018532031,867
1711018532897,799
1711018533697,793
1711018534489,812
1711018535302,845
1711018536147,858
1711018537005,833
1711018537838,845
1711018538683,871
1711018539553,843
1711018540397,835
1711018541232,874
1711018542105,891
1711018542997,862
1711018543859,825
1711018544684,761
1711018545445,751
1711018546196,766
1711018546961,787
1711018547749,793
1711018548542,781
1711018549323,798
1711018550121,835
1711018550956,875
1711018551831,875
1711018552705,897
1711018553603,938
1711018554541,928
1711018555469,886
1711018556355,854
1711018557209,877
1711018558086,863
1711018558949,830
1711018559779,785
1711018560564,735
1711018561299,694
1711018561993,700
1711018562693,730
1711018563423,762
1711018564185,766
1711018564951,746
1711018565697,771
1711018566468,799
1711018567267,820
1711018568087,816
1711018568903,776
1711018569679,799
1711018570478,807
1711018571285,820
1711018572105,828
1711018572933,810
1711018573743,831
1711018574574,816
1711018575390,813
1711018576203,790
1711018576993,828
1711018577821,867
1711018578688,911
1711018579599,870
1711018580469,834
1711018581303,866
1711018582169,914
1711018583083,918
1711018584001,866
1711018584867,863
1711018585729,840
1711018586569,830
1711018587400,791
1711018588191,794
1711018588985,846
1711018589831,918
1711018590749,918
1711018591667,875
1711018592542,893
1711018593435,888
1711018594323,874
1711018595197,815
1711018596012,810
1711018596822,810
1711018597632,812
1711018598444,761
1711018599205,785
1711018599990,804
1711018600793,825
1711018601619,803
1711018602422,813
1711018603235,844
1711018604079,872
1711018604951,822
1711018605773,805
1711018606577,851
1711018607429,871
1711018608300,870
1711018609169,841
1711018610011,889
1711018610900,902
1711018611801,875
1711018612677,811
1711018613488,822
1711018614310,812
1711018615121,786
1711018615908,813
1711018616721,885
1711018617606,954
1711018618560,920
1711018619480,917
1711018620397,924
1711018621321,901
1711018622222,858
1711018623080,854
1711018623934,824
1711018624758,776
1711018625534,737
1711018626271,758
1711018627029,771
1711018627800,773
1711018628573,752
1711018629325,785
1711018630110,821
1711018630931,862
1711018631793,820
1711018632613,856
1711018633469,873
1711018634342,850
1711018635192,801
1711018635993,784
1711018636777,789
1711018637566,785
1711018638351,746
1711018639097,785
1711018639881,784
1711018640665,775
1711018641441,745
1711018642185,783
1711018642969,809
1711018643777,828
1711018644606,797
1711018645403,827
1711018646230,845
1711018647075,845
1711018647920,813
1711018648733,814
1711018649547,806
1711018650353,774
1711018651127,750
1711018651877,763
1711018652640,761
1711018653401,768
1711018654169,741
1711018654910,767
1711018655677,778
1711018656455,787
1711018657241,763
1711018658005,750
1711018658755,724
1711018659479,708
1711018660187,677
1711018660864,663
1711018661527,651
1711018662177,648
1711018662825,664
1711018663489,700
1711018664190,738
1711018664928,743
1711018665671,747
1711018666417,788
1711018667206,812
1711018668017,786
1711018668804,769
1711018669573,779
1711018670352,761
1711018671113,753
1711018671865,723
1711018672589,731
1711018673320,733
1711018674053,739
1711018674792,714
1711018675505,751
1711018676257,771
1711018677028,797
1711018677825,778
1711018678603,796
1711018679399,795
1711018680193,803
1711018680997,764
1711018681761,790
1711018682551,792
1711018683343,769
1711018684112,757
1711018684869,765
1711018685633,766
1711018686400,746
1711018687145,756
1711018687902,776
1711018688678,812
1711018689489,796
1711018690286,796
1711018691081,802
1711018691884,798
1711018692681,766
1711018693448,777
1711018694225,802
1711018695027,813
1711018695840,801
1711018696641,813
1711018697454,819
1711018698273,813
1711018699086,763
1711018699849,776
1711018700625,792
1711018701417,835
1711018702252,820
1711018703072,855
1711018703927,900
1711018704827,901
1711018705728,841
1711018706569,849
1711018707417,854
1711018708272,838
1711018709110,834
1711018709944,858
1711018710801,882
1711018711684,858
1711018712542,836
1711018713377,854
1711018714232,858
1711018715089,831
1711018715921,850
1711018716771,880
1711018717651,891
1711018718542,856
1711018719398,891
1711018720289,908
1711018721197,886
1711018722083,851
1711018722934,886
1711018723820,936
1711018724756,924
1711018725680,873
1711018726553,873
1711018727425,882
1711018728308,888
1711018729196,843
1711018730039,840
1711018730879,841
1711018731720,851
1711018732571,807
1711018733377,835
1711018734213,841
1711018735054,866
1711018735920,813
1711018736733,839
1711018737572,851
1711018738423,854
1711018739277,824
1711018740101,819
1711018740920,833
1711018741753,848
1711018742601,819
1711018743420,771
1711018744191,784
1711018744975,780
1711018745755,754
1711018746509,750
1711018747259,715
1711018747974,721
1711018748695,730
1711018749425,731
1711018750156,719
1711018750875,701
1711018751576,706
1711018752281,727
1711018753009,754
1711018753763,771
1711018754534,749
1711018755283,756
1711018756039,755
1711018756793,753
1711018757547,734
1711018758281,716
1711018758997,736
1711018759733,771
1711018760504,807
1711018761311,795
1711018762105,811
1711018762917,819
1711018763736,816
1711018764552,840
1711018765392,796
1711018766188,740
1711018766928,729
1711018767657,721
1711018768377,729
1711018769107,736
1711018769843,745
1711018770588,754
1711018771342,723
1711018772065,753
1711018772817,759
1711018773577,815
1711018774392,816
1711018775208,812
1711018776020,819
1711018776839,815
1711018777654,789
1711018778443,739
1711018779182,741
1711018779923,720
1711018780643,703
1711018781345,691
1711018782037,691
1711018782728,707
1711018783435,718
1711018784153,733
1711018784886,749
1711018785635,768
1711018786403,744
1711018787147,723
1711018787870,737
1711018788607,755
1711018789361,792
1711018790153,791
1711018790945,782
1711018791727,780
1711018792507,788
1711018793295,801
1711018794096,808
1711018794904,762
1711018795665,778
1711018796444,790
1711018797233,812
1711018798046,777
1711018798823,762
1711018799585,772
1711018800357,788
1711018801145,772
1711018801917,706
1711018802623,699
1711018803321,689
1711018804011,687
1711018804697,686
1711018805384,681
1711018806065,656
1711018806721,656
1711018807377,652
1711018808029,650
1711018808679,648
1711018809327,641
1711018809968,643
1711018810611,659
1711018811270,682
1711018811952,712
1711018812664,755
1711018813419,748
1711018814167,739
1711018814905,771
1711018815677,801
1711018816478,813
1711018817291,775
1711018818065,756
1711018818822,752
1711018819574,738
1711018820312,726
1711018821038,691
1711018821729,670
1711018822399,676
1711018823075,686
1711018823761,711
1711018824472,719
1711018825191,754
1711018825945,813
1711018826758,872
1711018827630,908
1711018828537,848
1711018829385,855
1711018830241,873
1711018831113,839
1711018831953,775
1711018832728,765
1711018833493,755
1711018834248,739
1711018834987,709
1711018835696,690
1711018836385,705
1711018837091,704
1711018837795,709
1711018838504,711
1711018839215,699
1711018839913,713
1711018840627,724
1711018841351,741
1711018842092,735
1711018842827,722
1711018843549,733
1711018844281,755
1711018845037,755
1711018845792,730
1711018846521,724
1711018847246,730
1711018847976,725
1711018848701,724
1711018849425,692
1711018850117,706
1711018850823,720
1711018851543,711
1711018852254,676
1711018852929,667
1711018853597,667
1711018854264,658
1711018854921,673
1711018855595,704
1711018856299,751
1711018857049,759
1711018857809,727
1711018858536,749
1711018859285,764
1711018860049,755
1711018860804,720
1711018861524,705
1711018862229,718
1711018862947,755
1711018863702,791
1711018864493,775
1711018865268,765
1711018866033,776
1711018866809,814
1711018867623,829
1711018868452,773
1711018869225,796
1711018870021,794
1711018870815,792
1711018871607,747
1711018872353,720
1711018873073,729
1711018873803,761
1711018874564,806
1711018875369,785
1711018876155,820
1711018876975,854
1711018877829,900
1711018878729,873
1711018879601,796
1711018880398,804
1711018881201,811
1711018882013,796
1711018882809,777
1711018883585,817
1711018884403,854
1711018885257,850
1711018886107,789
1711018886896,804
1711018887700,781
1711018888481,752
1711018889233,711
1711018889944,680
1711018890624,672
1711018891296,677
1711018891973,693
1711018892665,697
1711018893363,720
1711018894083,709
1711018894792,702
1711018895494,729
1711018896223,742
1711018896965,741
1711018897705,718
1711018898424,690
1711018899113,701
1711018899815,708
1711018900523,729
1711018901252,729
1711018901981,753
1711018902734,816
1711018903550,854
1711018904404,864
1711018905268,843
1711018906111,867
1711018906977,874
1711018907852,858
1711018908710,830
1711018909540,797
1711018910337,775
1711018911112,726
1711018911838,677
1711018912515,684
1711018913199,701
1711018913900,776
1711018914676,804
1711018915480,797
1711018916277,832
1711018917109,832
1711018917941,786
1711018918727,740
1711018919467,752
1711018920219,743
1711018920961,768
1711018921729,791
1711018922521,755
1711018923276,771
1711018924047,752
1711018924799,687
1711018925486,661
1711018926147,676
1711018926823,705
1711018927528,753
1711018928281,803
1711018929084,818
1711018929902,786
1711018930688,750
1711018931438,750
1711018932188,755
1711018932943,776
1711018933719,757
1711018934476,748
1711018935224,745
1711018935969,746
1711018936715,771
1711018937486,809
1711018938295,870
1711018939165,887
1711018940052,863
1711018940915,813
1711018941728,783
1711018942511,798
1711018943309,854
1711018944163,859
1711018945022,850
1711018945872,802
1711018946673,813
1711018947487,841
1711018948328,897
1711018949225,926
1711018950151,884
1711018951035,868
1711018951903,882
1711018952785,893
1711018953678,869
1711018954547,801
1711018955348,803
1711018956151,813
1711018956964,850
1711018957814,906
1711018958720,867
1711018959587,879
1711018960465,894
1711018961360,871
1711018962231,847
1711018963078,799
1711018963877,770
1711018964647,767
1711018965414,762
1711018966176,754
1711018966929,756
1711018967686,754
1711018968440,726
1711018969166,729
1711018969895,719
1711018970614,705
1711018971319,693
1711018972012,658
1711018972670,650
1711018973320,646
1711018973966,646
1711018974612,677
1711018975289,696
1711018975985,708
1711018976693,716
1711018977409,724
1711018978133,713
1711018978846,714
1711018979560,712
1711018980272,700
1711018980972,695
1711018981667,690
1711018982357,683
1711018983040,662
1711018983702,646
1711018984348,630
1711018984977,608
1711018985585,612
1711018986198,626
1711018986824,672
1711018987496,730
1711018988225,777
1711018989003,796
1711018989799,790
1711018990589,762
1711018991351,725
1711018992076,668
1711018992744,664
1711018993408,670
1711018994078,683
1711018994761,669
1711018995430,686
1711018996116,717
1711018996833,736
1711018997569,668
1711018998237,677
1711018998913,681
1711018999595,688
1711019000283,719
1711019001001,784
1711019001785,770
1711019002556,777
1711019003333,733
1711019004065,654
1711019004720,656
1711019005376,661
1711019006037,677
1711019006713,710
1711019007424,718
1711019008142,719
1711019008861,694
1711019009555,680
1711019010235,640
1711019010875,640
1711019011515,639
1711019012153,647
1711019012801,655
1711019013456,713
1711019014169,709
1711019014878,781
1711019015659,782
1711019016441,779
1711019017220,747
1711019017967,767
1711019018734,768
1711019019502,759
1711019020261,705
1711019020966,697
1711019021663,699
1711019022361,707
1711019023069,719
1711019023788,686
1711019024473,686
1711019025160,709
1711019025869,725
1711019026593,754
1711019027348,699
1711019028047,687
1711019028734,698
1711019029432,729
1711019030161,748
1711019030909,763
1711019031672,769
1711019032441,772
1711019033213,755
1711019033968,704
1711019034672,687
1711019035359,692
1711019036051,696
1711019036747,675
1711019037422,736
1711019038158,760
1711019038918,756
1711019039673,860
1711019040534,862
1711019041396,837
1711019042233,755
1711019042988,745
1711019043733,749
1711019044481,722
1711019045204,743
1711019045947,745
1711019046692,752
1711019047444,737
1711019048181,705
1711019048886,700
1711019049585,705
1711019050291,742
1711019051033,806
1711019051839,835
1711019052673,831
1711019053505,773
1711019054278,720
1711019054998,701
1711019055699,695
1711019056393,700
1711019057094,709
1711019057803,734
1711019058537,725
1711019059262,720
1711019059982,707
1711019060689,710
1711019061399,730
1711019062129,749
1711019062878,728
1711019063606,714
1711019064320,726
1711019065046,740
1711019065785,761
1711019066547,802
1711019067349,835
1711019068184,778
1711019068961,771
1711019069733,730
1711019070463,671
1711019071134,674
1711019071808,688
1711019072496,734
1711019073230,763
1711019073993,763
1711019074756,792
1711019075548,805
1711019076353,757
1711019077110,735
1711019077845,728
1711019078573,694
1711019079267,738
1711019080005,786
1711019080791,835
1711019081625,869
1711019082495,788
1711019083283,808
1711019084091,762
1711019084853,735
1711019085588,729
1711019086317,755
1711019087072,770
1711019087841,777
1711019088619,764
1711019089383,770
1711019090153,761
1711019090913,758
1711019091672,714
1711019092385,698
1711019093084,700
1711019093784,761
1711019094545,820
1711019095365,829
1711019096193,821
1711019097015,823
1711019097838,816
1711019098654,787
1711019099441,740
1711019100181,688
1711019100869,700
1711019101569,704
1711019102273,722
1711019102995,714
1711019103709,747
1711019104456,752
1711019105208,783
1711019105991,800
1711019106791,804
1711019107595,800
1711019108395,758
1711019109153,751
1711019109904,725
1711019110629,707
1711019111336,736
1711019112072,800
1711019112872,784
1711019113656,795
1711019114451,753
1711019115204,740
1711019115944,722
1711019116665,720
1711019117385,733
1711019118119,747
1711019118865,746
1711019119612,729
1711019120341,693
1711019121033,679
1711019121713,635
1711019122348,646
1711019122993,651
1711019123645,688
1711019124333,779
1711019125112,818
1711019125929,801
1711019126731,691
1711019127422,679
1711019128101,689
1711019128790,753
1711019129543,837
1711019130380,823
1711019131203,790
1711019131993,785
1711019132777,803
1711019133581,813
1711019134393,786
1711019135180,717
1711019135897,715
1711019136612,725
1711019137337,713
1711019138049,762
1711019138812,814
1711019139625,824
1711019140449,895
1711019141345,926
1711019142271,872
1711019143143,857
1711019144000,850
1711019144849,830
1711019145680,845
1711019146525,828
1711019147353,794
1711019148147,807
1711019148953,830
1711019149784,814
1711019150598,839
1711019151437,870
1711019152307,786
1711019153093,697
1711019153790,727
1711019154517,765
1711019155281,839
1711019156121,854
1711019156975,874
1711019157849,878
1711019158727,828
1711019159555,809
1711019160364,778
1711019161142,759
1711019161901,721
1711019162622,731
1711019163353,737
1711019164089,746
1711019164836,743
1711019165579,776
1711019166355,808
1711019167163,830
1711019167993,789
1711019168782,765
1711019169547,743
1711019170289,740
1711019171030,725
1711019171755,699
1711019172454,701
1711019173155,715
1711019173870,753
1711019174623,786
1711019175409,793
1711019176201,759
1711019176961,780
1711019177741,790
1711019178531,790
1711019179321,782
1711019180103,791
1711019180894,794
1711019181688,791
1711019182479,807
1711019183286,828
1711019184113,797
1711019184911,837
1711019185748,770
1711019186518,767
1711019187285,797
1711019188081,830
1711019188912,824
1711019189736,803
1711019190539,766
1711019191305,763
1711019192068,747
1711019192815,725
1711019193540,744
1711019194284,778
1711019195062,815
1711019195877,798
1711019196675,790
1711019197465,806
1711019198271,788
1711019199059,774
1711019199833,772
1711019200605,793
1711019201398,792
1711019202190,740
1711019202929,700
1711019203630,695
1711019204325,683
1711019205008,688
1711019205696,696
1711019206392,695
1711019207087,690
1711019207777,705
1711019208481,701
1711019209183,687
1711019209870,669
1711019210539,653
1711019211192,640
1711019211832,636
1711019212468,636
1711019213104,650
1711019213753,668
1711019214422,682
1711019215104,706
1711019215809,714
1711019216524,776
1711019217300,840
1711019218140,877
1711019219017,877
1711019219894,873
1711019220767,837
1711019221604,805
1711019222409,809
1711019223217,811
1711019224029,786
1711019224815,744
1711019225559,761
1711019226320,779
1711019227099,813
1711019227912,827
1711019228739,789
1711019229528,819
1711019230347,875
1711019231222,831
1711019232053,855
1711019232908,885
1711019233793,911
1711019234704,854
1711019235558,888
1711019236446,909
1711019237355,912
1711019238267,893
1711019239160,914
1711019240073,909
1711019240983,869
1711019241852,896
1711019242748,907
1711019243655,898
1711019244553,931
1711019245484,933
1711019246417,859
1711019247276,858
1711019248134,858
1711019248992,850
1711019249841,835
1711019250677,853
1711019251529,876
1711019252406,863
1711019253269,836
1711019254105,854
1711019254959,875
1711019255833,918
1711019256752,931
1711019257683,949
1711019258632,943
1711019259575,923
1711019260497,923
1711019261421,898
1711019262319,886
1711019263205,855
1711019264060,798
1711019264857,806
1711019265664,804
1711019266468,779
1711019267247,735
1711019267982,770
1711019268752,794
1711019269545,804
1711019270350,769
1711019271119,780
1711019271899,789
1711019272688,810
1711019273497,786
1711019274284,761
1711019275045,785
1711019275830,779
1711019276609,780
1711019277389,766
1711019278155,791
1711019278945,827
1711019279773,879
1711019280652,893
1711019281545,886
1711019282431,917
1711019283348,916
1711019284264,902
1711019285166,858
1711019286024,858
1711019286881,845
1711019287727,862
1711019288589,834
1711019289423,834
1711019290257,838
1711019291095,873
1711019291968,885
1711019292853,896
1711019293749,875
1711019294624,846
1711019295470,812
1711019296281,813
1711019297095,817
1711019297912,863
1711019298775,877
1711019299652,877
1711019300529,833
1711019301361,806
1711019302168,771
1711019302939,778
1711019303717,786
1711019304503,784
1711019305287,803
1711019306089,822
1711019306912,783
1711019307695,742
1711019308437,717
1711019309153,705
1711019309859,703
1711019310561,683
1711019311245,696
1711019311941,705
1711019312646,727
1711019313373,713
1711019314086,694
1711019314780,716
1711019315496,715
1711019316211,716
1711019316927,687
1711019317614,678
1711019318292,700
1711019318992,716
1711019319708,742
1711019320449,729
1711019321179,715
1711019321894,737
1711019322631,744
1711019323375,758
1711019324133,737
1711019324870,754
1711019325624,755
1711019326379,740
1711019327119,714
1711019327833,729
1711019328561,758
1711019329320,807
1711019330127,824
1711019330951,799
1711019331750,815
1711019332565,847
1711019333412,862
1711019334273,860
1711019335134,830
1711019335964,827
1711019336791,812
1711019337603,842
1711019338445,903
1711019339348,963
1711019340311,981
1711019341292,931
1711019342223,885
1711019343108,835
1711019343943,818
1711019344761,803
1711019345564,807
1711019346371,826
1711019347197,835
1711019348032,810
1711019348841,781
1711019349623,797
1711019350420,818
1711019351238,843
1711019352081,823
1711019352904,803
1711019353707,809
1711019354516,816
1711019355332,821
1711019356153,818
1711019356971,781
1711019357752,817
1711019358569,829
1711019359398,837
1711019360235,804
1711019361039,813
1711019361852,815
1711019362667,781
1711019363448,786
1711019364233,806
1711019365040,779
1711019365819,770
1711019366589,798
1711019367387,817
1711019368204,824
1711019369028,811
1711019369839,824
1711019370663,824
1711019371487,814
1711019372301,816
1711019373117,842
1711019373959,840
1711019374799,803
1711019375601,827
1711019376429,836
1711019377265,828
1711019378093,803
1711019378896,825
1711019379721,854
1711019380575,841
1711019381416,809
1711019382225,830
1711019383055,816
1711019383871,779
1711019384649,810
1711019385460,818
1711019386278,798
1711019387076,800
1711019387876,798
1711019388673,768
1711019389441,760
1711019390201,780
1711019390982,773
1711019391755,760
1711019392515,785
1711019393300,794
1711019394094,766
1711019394860,815
1711019395675,830
1711019396505,810
1711019397315,812
1711019398127,817
1711019398944,800
1711019399744,766
1711019400510,766
1711019401276,790
1711019402065,822
1711019402888,825
1711019403713,798
1711019404511,806
1711019405317,795
1711019406112,762
1711019406873,726
1711019407600,723
1711019408323,700
1711019409023,692
1711019409715,693
1711019410408,695
1711019411103,688
1711019411791,684
1711019412475,706
1711019413181,729
1711019413910,751
1711019414661,771
1711019415432,759
1711019416191,777
1711019416968,791
1711019417759,811
1711019418569,804
1711019419374,827
1711019420201,831
1711019421032,831
1711019421863,795
1711019422657,793
1711019423451,803
1711019424254,826
1711019425080,796
1711019425876,786
1711019426662,807
1711019427469,821
1711019428289,799
1711019429089,792
1711019429881,778
1711019430659,763
1711019431422,744
1711019432166,782
1711019432948,797
1711019433745,800
1711019434545,784
1711019435329,789
1711019436118,794
1711019436912,785
1711019437697,771
1711019438468,727
1711019439195,719
1711019439913,723
1711019440637,729
1711019441366,731
1711019442097,716
1711019442813,741
1711019443553,739
1711019444293,710
1711019445003,693
1711019445696,691
1711019446387,673
1711019447060,672
1711019447732,685
1711019448417,671
1711019449088,678
1711019449766,700
1711019450465,716
1711019451182,719
1711019451901,696
1711019452597,713
1711019453310,704
1711019454014,694
1711019454708,672
1711019455380,694
1711019456073,704
1711019456777,724
1711019457502,717
1711019458219,713
1711019458932,738
1711019459670,751
1711019460421,761
1711019461182,734
1711019461916,738
1711019462654,745
1711019463399,765
1711019464164,758
1711019464921,744
1711019465665,776
1711019466441,826
1711019467268,866
1711019468134,886
1711019469020,864
1711019469884,849
1711019470733,846
1711019471579,845
1711019472424,853
1711019473277,824
1711019474101,816
1711019474917,825
1711019475742,857
1711019476599,942
1711019477541,962
1711019478503,938
1711019479441,914
1711019480355,937
1711019481292,957
1711019482249,958
1711019483207,918
1711019484125,893
1711019485017,873
1711019485891,873
1711019486764,887
1711019487651,866
1711019488517,865
1711019489382,882
1711019490264,893
1711019491157,913
1711019492070,916
1711019492985,880
1711019493865,910
1711019494776,906
1711019495681,885
1711019496567,852
1711019497419,866
1711019498285,885
1711019499169,878
1711019500048,852
1711019500900,854
1711019501753,863
1711019502617,854
1711019503471,834
1711019504305,803
1711019505108,789
1711019505897,790
1711019506687,850
1711019507537,837
1711019508374,829
1711019509203,859
1711019510062,872
1711019510934,901
1711019511835,894
1711019512729,903
1711019513632,941
1711019514573,962
1711019515535,920
1711019516455,868
1711019517323,856
1711019518179,835
1711019519014,812
1711019519825,792
1711019520617,793
1711019521411,804
1711019522215,765
1711019522980,767
1711019523747,775
1711019524521,771
1711019525293,729
1711019526022,720
1711019526742,697
1711019527439,674
1711019528113,648
1711019528761,633
1711019529393,629
1711019530023,630
1711019530653,634
1711019531287,676
1711019531963,680
1711019532643,695
1711019533337,718
1711019534056,714
1711019534769,683
1711019535453,688
1711019536141,682
1711019536823,662
1711019537485,647
1711019538132,647
1711019538779,657
1711019539436,661
1711019540097,666
1711019540763,655
1711019541417,680
1711019542097,702
1711019542800,715
1711019543515,717
1711019544232,708
1711019544940,667
1711019545607,666
1711019546273,688
1711019546961,735
1711019547696,766
1711019548462,736
1711019549198,733
1711019549931,716
1711019550647,722
1711019551369,720
1711019552089,706
1711019552795,697
1711019553492,681
1711019554173,676
1711019554849,679
1711019555528,672
1711019556200,665
1711019556865,651
1711019557516,654
1711019558169,651
1711019558821,649
1711019559470,664
1711019560134,691
1711019560825,726
1711019561551,731
1711019562281,736
1711019563017,757
1711019563775,774
1711019564549,771
1711019565320,758
1711019566078,777
1711019566855,812
1711019567667,790
1711019568457,759
1711019569216,764
1711019569980,773
1711019570753,751
1711019571504,748
1711019572252,783
1711019573035,825
1711019573860,821
1711019574681,824
1711019575505,839
1711019576344,845
1711019577189,812
1711019578001,818
1711019578819,844
1711019579663,860
1711019580523,821
1711019581344,801
1711019582145,795
1711019582940,779
1711019583719,758
1711019584477,777
1711019585254,803
1711019586057,772
1711019586829,797
1711019587625,821
1711019588447,838
1711019589285,819
1711019590104,832
1711019590936,834
1711019591769,843
1711019592613,822
1711019593435,854
1711019594289,866
1711019595155,878
1711019596033,845
1711019596878,858
1711019597736,890
1711019598625,891
1711019599517,872
1711019600389,884
1711019601273,883
1711019602156,855
1711019603011,865
1711019603876,854
1711019604729,822
1711019605552,815
1711019606367,834
1711019607201,839
1711019608040,806
1711019608846,810
1711019609656,801
1711019610457,791
1711019611248,775
1711019612023,780
1711019612803,775
1711019613577,770
1711019614348,774
1711019615121,804
1711019615926,830
1711019616756,815
1711019617571,829
1711019618400,827
1711019619227,827
1711019620054,819
1711019620873,817
1711019621689,813
1711019622503,761
1711019623264,763
1711019624027,747
1711019624774,716
1711019625489,743
1711019626233,753
1711019626985,747
1711019627733,753
1711019628486,786
1711019629272,791
1711019630063,773
1711019630836,797
1711019631633,807
1711019632440,795
1711019633235,807
1711019634041,807
1711019634849,785
1711019635633,743
1711019636377,726
1711019637103,707
1711019637809,696
1711019638505,676
1711019639182,661
1711019639843,658
1711019640501,647
1711019641148,658
1711019641806,681
1711019642487,704
1711019643191,735
1711019643926,744
1711019644670,789
1711019645459,809
1711019646268,804
1711019647072,792
1711019647864,806
1711019648670,804
1711019649473,802
1711019650276,779
1711019651055,787
1711019651841,805
1711019652647,800
1711019653447,799
1711019654246,813
1711019655059,811
1711019655870,807
1711019656677,761
1711019657438,742
1711019658180,710
1711019658889,711
1711019659601,695
1711019660296,722
1711019661017,741
1711019661759,771
1711019662529,803
1711019663333,794
1711019664127,771
1711019664897,778
1711019665676,764
1711019666440,751
1711019667191,729
1711019667920,706
1711019668625,705
1711019669331,690
1711019670021,688
1711019670709,660
1711019671369,660
1711019672029,671
1711019672700,680
1711019673380,691
1711019674071,700
1711019674771,735
1711019675505,744
1711019676249,735
1711019676985,727
1711019677712,742
1711019678454,718
1711019679172,689
1711019679861,692
1711019680553,678
1711019681231,676
1711019681907,682
1711019682589,698
1711019683287,700
1711019683987,679
1711019684665,691
1711019685357,702
1711019686059,715
1711019686774,709
1711019687483,721
1711019688204,735
1711019688939,763
1711019689702,744
1711019690446,758
1711019691204,785
1711019691989,801
1711019692790,801
1711019693591,795
1711019694385,786
1711019695172,782
1711019695953,764
1711019696718,764
1711019697481,761
1711019698243,720
1711019698963,747
1711019699710,779
1711019700489,796
1711019701285,774
1711019702059,787
1711019702846,799
1711019703645,791
1711019704436,768
1711019705204,781
1711019705985,785
1711019706769,783
1711019707553,750
1711019708303,779
1711019709081,786
1711019709868,793
1711019710661,779
1711019711440,796
1711019712236,812
1711019713048,839
1711019713887,827
1711019714713,838
1711019715552,845
1711019716397,854
1711019717251,840
1711019718091,841
1711019718932,840
1711019719772,853
1711019720625,827
1711019721452,814
1711019722265,805
1711019723071,790
1711019723861,771
1711019724632,790
1711019725422,795
1711019726217,766
1711019726983,770
1711019727753,772
1711019728525,761
1711019729286,725
1711019730011,725
1711019730736,729
1711019731465,714
1711019732179,699
1711019732878,707
1711019733585,691
1711019734276,691
1711019734967,711
1711019735678,722
1711019736400,733
1711019737133,717
1711019737849,719
1711019738569,740
1711019739309,742
1711019740051,746
1711019740797,727
1711019741524,730
1711019742254,734
1711019742988,741
1711019743729,725
1711019744454,733
1711019745187,742
1711019745929,750
1711019746679,723
1711019747401,729
1711019748131,738
1711019748869,739
1711019749608,721
1711019750329,737
1711019751065,736
1711019751801,722
1711019752524,693
1711019753217,675
1711019753892,667
1711019754559,667
1711019755225,678
1711019755904,682
1711019756585,682
1711019757268,693
1711019757961,717
1711019758678,735
1711019759413,712
1711019760125,694
1711019760819,686
1711019761505,673
1711019762177,680
1711019762857,693
1711019763551,723
1711019764273,746
1711019765020,728
1711019765748,707
1711019766455,688
1711019767143,669
1711019767812,665
1711019768477,668
1711019769145,703
1711019769848,710
1711019770558,725
1711019771283,714
1711019771997,684
1711019772681,666
1711019773347,655
1711019774001,645
1711019774647,633
1711019775280,620
1711019775900,620
1711019776520,620
1711019777140,614
1711019777753,612
1711019778366,603
1711019778969,588
1711019779557,577
1711019780134,562
1711019780696,567
1711019781263,561
1711019781824,556
1711019782380,564
1711019782944,583
1711019783527,599
1711019784126,595
1711019784721,590
1711019785311,588
1711019785899,584
1711019786483,580
1711019787063,589
1711019787652,582
1711019788233,581
1711019788815,588
1711019789403,606
1711019790009,638
1711019790647,664
1711019791311,649
1711019791960,646
1711019792606,645
1711019793251,672
1711019793923,674
1711019794597,664
1711019795261,643
1711019795904,616
1711019796520,614
1711019797134,603
1711019797737,607
1711019798344,616
1711019798960,608
1711019799568,594
1711019800161,603
1711019800765,605
1711019801369,615
1711019801985,619
1711019802604,619
1711019803223,605
1711019803828,597
1711019804425,595
1711019805020,594
1711019805614,597
1711019806211,591
1711019806801,578
1711019807380,579
1711019807959,575
1711019808534,574
1711019809108,570
1711019809678,563
1711019810241,552
1711019810793,554
1711019811347,551
1711019811897,556
1711019812454,556
1711019813009,545
1711019813555,542
1711019814097,543
1711019814640,548
1711019815188,552
1711019815740,553
1711019816293,546
1711019816839,547
1711019817385,543
1711019817929,539
1711019818468,531
1711019818999,525
1711019819524,524
1711019820048,523
1711019820571,514
1711019821085,518
1711019821603,517
1711019822120,517
1711019822637,518
1711019823155,520
1711019823675,518
1711019824193,514
1711019824707,513
1711019825220,508
1711019825728,506
1711019826233,501
1711019826735,502
1711019827237,508
1711019827745,521
1711019828265,549
1711019828815,596
1711019829411,587
1711019829998,543
1711019830541,539
1711019831080,568
1711019831648,622
1711019832270,663
1711019832933,671
1711019833604,676
1711019834280,626
1711019834905,620
1711019835526,587
1711019836113,605
1711019836718,622
1711019837340,646
1711019837985,652
1711019838638,600
1711019839238,581
1711019839819,578
1711019840397,579
1711019840976,575
1711019841551,574
1711019842125,591
1711019842716,620
1711019843336,648
1711019843984,605
1711019844589,604
1711019845193,631
1711019845824,637
1711019846461,613
1711019847073,624
1711019847697,639
1711019848337,642
1711019848979,600
1711019849579,598
1711019850177,608
1711019850785,603
1711019851388,593
1711019851981,581
1711019852561,590
1711019853152,625
1711019853777,668
1711019854445,724
1711019855169,757
1711019855926,747
1711019856673,738
1711019857411,708
1711019858119,642
1711019858761,639
1711019859400,649
1711019860049,668
1711019860717,691
1711019861408,678
1711019862086,704
1711019862790,713
1711019863503,706
1711019864209,717
1711019864926,724
1711019865649,746
1711019866396,734
1711019867129,771
1711019867901,779
1711019868680,783
1711019869463,782
1711019870245,777
1711019871022,748
1711019871769,752
1711019872521,758
1711019873280,773
1711019874053,776
1711019874829,801
1711019875630,827
1711019876457,848
1711019877305,858
1711019878163,912
1711019879075,830
1711019879905,761
1711019880665,781
1711019881447,808
1711019882255,794
1711019883049,829
1711019883878,838
1711019884716,880
1711019885596,844
1711019886440,802
1711019887241,794
1711019888036,777
1711019888813,791
1711019889604,808
1711019890412,839
1711019891251,835
1711019892086,801
1711019892887,735
1711019893622,742
1711019894364,724
1711019895088,697
1711019895785,666
1711019896451,682
1711019897133,674
1711019897807,697
1711019898504,735
1711019899239,789
1711019900028,839
1711019900867,842
1711019901709,842
1711019902551,782
1711019903333,776
1711019904109,801
1711019904910,879
1711019905789,799
1711019906588,737
1711019907325,771
1711019908096,847
1711019908943,920
1711019909863,969
1711019910832,928
1711019911760,884
1711019912644,862
1711019913505,804
1711019914310,820
1711019915129,775
1711019915905,732
1711019916637,729
1711019917366,703
1711019918069,685
1711019918753,708
1711019919462,757
1711019920219,800
1711019921019,822
1711019921841,817
1711019922657,790
1711019923448,786
1711019924233,758
1711019924992,736
1711019925728,722
1711019926449,724
1711019927174,725
1711019927899,734
1711019928633,777
1711019929409,854
1711019930264,897
1711019931161,891
1711019932052,870
1711019932921,787
1711019933709,800
1711019934509,795
1711019935304,800
1711019936104,805
1711019936909,752
1711019937661,703
1711019938364,718
1711019939081,729
1711019939811,750
1711019940561,771
1711019941332,782
1711019942113,804
1711019942918,777
1711019943695,777
1711019944472,820
1711019945292,894
1711019946185,966
1711019947152,967
1711019948119,884
1711019949003,892
1711019949895,905
1711019950800,938
1711019951737,920
1711019952657,882
1711019953540,846
1711019954385,875
1711019955261,901
1711019956161,935
1711019957097,899
1711019957996,903
1711019958899,900
1711019959799,922
1711019960721,900
1711019961621,851
1711019962472,871
1711019963343,895
1711019964238,904
1711019965142,847
1711019965989,854
1711019966843,865
1711019967708,922
1711019968630,922
1711019969552,879
1711019970431,913
1711019971344,901
1711019972245,814
1711019973059,804
1711019973863,792
1711019974655,815
1711019975470,789
1711019976259,824
1711019977083,844
1711019977927,874
1711019978801,855
1711019979656,810
1711019980465,832
1711019981297,858
1711019982156,871
1711019983027,841
1711019983868,782
1711019984649,821
1711019985471,868
1711019986339,861
1711019987200,842
1711019988041,845
1711019988887,840
1711019989727,801
1711019990528,748
1711019991276,723
1711019991999,697
1711019992696,682
1711019993377,686
1711019994064,740
1711019994804,809
1711019995613,859
1711019996472,885
1711019997357,899
1711019998256,892
1711019999148,862
1711020000009,812
1711020000822,760
1711020001582,717
1711020002299,704
1711020003003,708
1711020003711,742
1711020004453,774
1711020005227,818
1711020006045,880
1711020006925,891
1711020007816,869
1711020008685,899
1711020009584,899
1711020010483,880
1711020011363,833
1711020012196,765
1711020012961,757
1711020013718,803
1711020014521,868
1711020015389,907
1711020016296,941
1711020017237,992
1711020018229,1008
1711020019237,963
1711020020200,950
1711020021150,933
1711020022083,862
1711020022945,841
1711020023785,853
1711020024639,922
1711020025561,927
1711020026488,913
1711020027401,922
1711020028323,911
1711020029233,906
1711020030140,883
1711020031023,830
1711020031853,787
1711020032640,744
1711020033384,727
1711020034111,714
1711020034825,686
1711020035511,693
1711020036204,699
1711020036903,720
1711020037623,737
1711020038360,718
1711020039078,725
1711020039803,723
1711020040526,721
1711020041247,743
1711020041990,767
1711020042757,772
1711020043529,748
1711020044277,743
1711020045020,745
1711020045765,742
1711020046507,742
1711020047249,737
1711020047985,709
1711020048695,741
1711020049436,760
1711020050196,811
1711020051007,834
1711020051841,827
1711020052668,827
1711020053495,847
1711020054342,853
1711020055195,850
1711020056045,797
1711020056841,790
1711020057632,807
1711020058439,842
1711020059281,886
1711020060167,894
1711020061061,917
1711020061977,930
1711020062908,880
1711020063788,870
1711020064657,872
1711020065529,870
1711020066400,820
1711020067220,831
1711020068051,854
1711020068905,891
1711020069796,893
1711020070689,921
1711020071609,907
1711020072517,847
1711020073364,835
1711020074199,834
1711020075033,852
1711020075885,857
1711020076742,832
1711020077574,847
1711020078421,879
1711020079300,887
1711020080187,853
1711020081040,831
1711020081871,858
1711020082729,894
1711020083623,935
1711020084558,923
1711020085481,888
1711020086369,837
1711020087206,820
1711020088025,804
1711020088830,837
1711020089667,784
1711020090451,762
1711020091213,728
1711020091941,697
1711020092638,712
1711020093350,727
1711020094077,765
1711020094841,802
1711020095644,813
1711020096457,776
1711020097233,790
1711020098023,791
1711020098814,804
1711020099617,826
1711020100444,808
1711020101252,828
1711020102080,843
1711020102923,853
1711020103776,847
1711020104623,804
1711020105427,831
1711020106257,855
1711020107113,895
1711020108008,885
1711020108893,872
1711020109765,860
1711020110625,850
1711020111475,826
1711020112301,813
1711020113113,816
1711020113929,826
1711020114756,792
1711020115548,803
1711020116351,816
1711020117167,831
1711020117998,802
1711020118800,803
1711020119603,818
1711020120421,813
1711020121233,804
1711020122038,792
1711020122830,812
1711020123641,810
1711020124452,823
1711020125275,785
1711020126060,817
1711020126877,842
1711020127719,886
1711020128605,839
1711020129444,866
1711020130310,859
1711020131169,832
1711020132001,832
1711020132833,848
1711020133681,847
1711020134528,804
1711020135332,823
1711020136155,829
1711020136984,803
1711020137787,801
1711020138588,850
1711020139438,856
1711020140294,827
1711020141121,844
1711020141965,875
1711020142840,877
1711020143717,839
1711020144556,841
1711020145397,852
1711020146249,880
1711020147129,872
1711020148001,832
1711020148833,848
1711020149681,871
1711020150552,888
1711020151440,859
1711020152299,825
1711020153124,813
1711020153937,785
1711020154721,757
1711020155479,743
1711020156222,762
1711020156984,836
1711020157820,921
1711020158741,938
1711020159679,876
1711020160555,864
1711020161419,819
1711020162238,795
1711020163033,739
1711020163772,750
1711020164521,731
1711020165253,708
1711020165961,705
1711020166665,722
1711020167388,718
1711020168105,738
1711020168844,751
1711020169595,771
1711020170366,755
1711020171121,765
1711020171886,796
1711020172681,813
1711020173495,845
1711020174340,830
1711020175169,788
1711020175958,787
1711020176745,793
1711020177537,791
1711020178329,772
1711020179101,805
1711020179905,813
1711020180719,811
1711020181529,795
1711020182325,761
1711020183086,765
1711020183851,764
1711020184615,770
1711020185385,761
1711020186145,816
1711020186961,846
1711020187808,841
1711020188649,815
1711020189464,771
1711020190235,774
1711020191009,773
1711020191782,765
1711020192547,732
1711020193279,748
1711020194027,723
1711020194750,719
1711020195469,696
1711020196165,720
1711020196885,736
1711020197621,732
1711020198353,780
1711020199133,800
1711020199933,813
1711020200745,771
1711020201517,799
1711020202316,805
1711020203121,774
1711020203895,772
1711020204667,779
1711020205446,770
1711020206216,768
1711020206984,735
1711020207719,752
1711020208471,763
1711020209233,791
1711020210025,791
1711020210816,754
1711020211569,761
1711020212331,784
1711020213115,819
1711020213934,823
1711020214757,817
1711020215574,824
1711020216398,862
1711020217260,832
1711020218092,831
1711020218923,785
1711020219708,783
1711020220491,788
1711020221279,752
1711020222031,770
1711020222801,779
1711020223580,792
1711020224372,777
1711020225149,792
1711020225941,772
1711020226713,782
1711020227495,738
1711020228233,765
1711020228998,764
1711020229761,750
1711020230512,733
1711020231245,727
1711020231972,710
1711020232681,717
1711020233399,709
1711020234108,689
1711020234797,686
1711020235483,690
1711020236173,705
1711020236878,715
1711020237593,739
1711020238332,776
1711020239108,789
1711020239897,806
1711020240703,780
1711020241483,778
1711020242261,779
1711020243040,754
1711020243793,727
1711020244521,726
1711020245247,726
1711020245973,727
1711020246700,694
1711020247393,722
1711020248116,730
1711020248846,759
1711020249605,742
1711020250347,771
1711020251118,791
1711020251909,790
1711020252699,771
1711020253470,780
1711020254249,774
1711020255024,769
1711020255793,724
1711020256517,731
1711020257248,726
1711020257974,724
1711020258697,713
1711020259411,745
1711020260156,758
1711020260913,790
1711020261704,794
1711020262497,817
1711020263315,821
1711020264136,818
1711020264953,767
1711020265721,767
1711020266488,758
1711020267246,745
1711020267991,752
1711020268743,752
1711020269495,766
1711020270261,770
1711020271031,778
1711020271809,765
1711020272574,786
1711020273360,802
1711020274161,819
1711020274981,795
1711020275776,790
1711020276566,779
1711020277345,775
1711020278120,785
1711020278905,789
1711020279694,782
1711020280476,740
1711020281216,754
1711020281969,759
1711020282729,766
1711020283495,768
1711020284263,730
1711020284993,756
1711020285749,769
1711020286518,781
1711020287299,753
1711020288052,778
1711020288830,787
1711020289617,802
1711020290419,781
1711020291200,784
1711020291984,786
1711020292769,797
1711020293567,781
1711020294348,769
1711020295117,759
1711020295876,763
1711020296639,762
1711020297401,779
1711020298180,774
1711020298953,733
1711020299687,767
1711020300454,775
1711020301229,782
1711020302011,785
1711020302796,777
1711020303573,725
1711020304297,729
1711020305027,726
1711020305753,732
1711020306485,726
1711020307211,768
1711020307979,812
1711020308791,817
1711020309608,786
1711020310393,805
1711020311199,791
1711020311990,772
1711020312761,729
1711020313491,736
1711020314227,719
1711020314945,716
1711020315662,680
1711020316342,692
1711020317033,688
1711020317721,688
1711020318409,685
1711020319095,711
1711020319806,738
1711020320544,773
1711020321317,788
1711020322105,813
1711020322918,820
1711020323737,768
1711020324505,772
1711020325278,782
1711020326060,779
1711020326839,758
1711020327597,766
1711020328363,758
1711020329121,741
1711020329862,737
1711020330599,737
1711020331336,739
1711020332075,771
1711020332846,808
1711020333654,783
1711020334437,827
1711020335264,831
1711020336095,794
1711020336889,802
1711020337691,806
1711020338497,816
1711020339313,780
1711020340093,789
1711020340881,793
1711020341675,768
1711020342443,763
1711020343206,781
1711020343987,803
1711020344790,794
1711020345584,816
1711020346400,828
1711020347228,836
1711020348064,845
1711020348909,813
1711020349721,818
1711020350540,807
1711020351347,819
1711020352166,797
1711020352963,782
1711020353745,784
1711020354529,787
1711020355316,812
1711020356128,824
1711020356952,781
1711020357733,786
1711020358519,778
1711020359297,739
1711020360036,692
1711020360728,706
1711020361433,696
1711020362129,678
1711020362808,680
1711020363488,729
1711020364217,779
1711020364996,806
1711020365801,823
1711020366625,793
1711020367417,769
1711020368187,758
1711020368945,751
1711020369696,741
1711020370437,701
1711020371137,719
1711020371857,722
1711020372579,733
1711020373312,712
1711020374024,761
1711020374785,807
1711020375592,838
1711020376430,833
1711020377263,836
1711020378099,851
1711020378950,855
1711020379805,823
1711020380628,822
1711020381449,804
1711020382254,795
1711020383049,753
1711020383801,757
1711020384559,748
1711020385307,765
1711020386072,750
1711020386822,773
1711020387595,789
1711020388384,802
1711020389185,823
1711020390009,840
1711020390849,824
1711020391673,796
1711020392469,793
1711020393262,802
1711020394064,778
1711020394841,801
1711020395643,798
1711020396441,757
1711020397198,762
1711020397960,778
1711020398737,791
1711020399529,811
1711020400340,801
1711020401141,804
1711020401945,814
1711020402759,828
1711020403587,803
1711020404390,798
1711020405188,794
1711020405982,809
1711020406791,815
1711020407606,805
1711020408411,805
1711020409216,792
1711020410008,786
1711020410793,792
1711020411585,777
1711020412363,760
1711020413123,772
1711020413895,783
1711020414678,765
1711020415443,778
1711020416221,769
1711020416990,784
1711020417774,779
1711020418553,772
1711020419325,766
1711020420091,772
1711020420863,758
1711020421621,750
1711020422371,716
1711020423087,723
1711020423809,709
1711020424519,712
1711020425231,723
1711020425953,736
1711020426689,729
1711020427419,740
1711020428159,740
1711020428899,730
1711020429629,708
1711020430337,700
1711020431037,681
1711020431718,666
1711020432384,663
1711020433047,673
1711020433720,698
1711020434417,714
1711020435132,721
1711020435853,708
1711020436561,714
1711020437275,732
1711020438007,758
1711020438765,779
1711020439544,790
1711020440334,768
1711020441102,773
1711020441875,783
1711020442657,798
1711020443456,802
1711020444257,772
1711020445030,785
1711020445815,790
1711020446605,787
1711020447392,769
1711020448161,768
1711020448929,797
1711020449726,824
1711020450550,817
1711020451367,793
1711020452160,804
1711020452964,840
1711020453804,855
1711020454659,813
1711020455472,773
1711020456245,756
1711020457001,741
1711020457742,729
1711020458471,691
1711020459161,701
1711020459863,723
1711020460585,765
1711020461351,809
1711020462160,830
1711020462990,856
1711020463846,887
1711020464733,924
1711020465657,877
1711020466534,863
1711020467397,857
1711020468254,843
1711020469097,801
1711020469897,791
1711020470689,774
1711020471463,785
1711020472248,778
1711020473025,764
1711020473790,805
1711020474595,834
1711020475429,870
1711020476299,870
1711020477169,892
1711020478061,916
1711020478977,890
1711020479867,872
1711020480739,891
1711020481630,885
1711020482515,863
1711020483377,856
1711020484233,854
1711020485088,818
1711020485905,795
1711020486701,828
1711020487529,850
1711020488379,865
1711020489244,829
1711020490073,839
1711020490912,849
1711020491761,842
1711020492603,780
1711020493383,776
1711020494159,792
1711020494951,813
1711020495764,809
1711020496573,796
1711020497369,796
1711020498165,798
1711020498963,811
1711020499774,757
1711020500531,768
1711020501299,772
1711020502071,788
1711020502859,786
1711020503645,795
1711020504440,826
1711020505265,870
1711020506136,902
1711020507038,892
1711020507929,917
1711020508847,896
1711020509743,856
1711020510599,866
1711020511465,829
1711020512294,785
1711020513079,781
1711020513860,773
1711020514633,773
1711020515406,738
1711020516144,786
1711020516929,835
1711020517765,853
1711020518617,837
1711020519455,881
1711020520336,896
1711020521232,903
1711020522135,860
1711020522995,847
1711020523841,832
1711020524673,822
1711020525496,803
1711020526299,804
1711020527103,822
1711020527925,816
1711020528741,824
1711020529565,813
1711020530377,859
1711020531237,869
1711020532105,859
1711020532965,844
1711020533809,856
1711020534665,853
1711020535518,841
1711020536359,814
1711020537173,823
1711020537996,813
1711020538809,806
1711020539615,780
1711020540395,807
1711020541201,817
1711020542019,836
1711020542855,843
1711020543697,857
1711020544555,881
1711020545436,867
1711020546303,826
1711020547129,816
1711020547945,804
1711020548749,797
1711020549545,774
1711020550320,799
1711020551119,803
1711020551921,815
1711020552737,785
1711020553521,781
1711020554303,766
1711020555069,726
1711020555795,729
1711020556524,722
1711020557246,729
1711020557975,720
1711020558695,689
1711020559384,694
1711020560078,701
1711020560779,714
1711020561493,708
1711020562201,707
1711020562908,732
1711020563640,716
1711020564356,707
1711020565063,701
1711020565764,688
1711020566452,676
1711020567128,657
1711020567785,661
1711020568446,666
1711020569112,671
1711020569783,678
1711020570461,721
1711020571182,756
1711020571937,784
1711020572721,778
1711020573500,763
1711020574263,772
1711020575035,774
1711020575809,737
1711020576545,705
1711020577251,706
1711020577957,709
1711020578665,703
1711020579369,695
1711020580064,714
1711020580777,726
1711020581504,709
1711020582213,717
1711020582929,735
1711020583665,745
1711020584409,739
1711020585149,746
1711020585895,747
1711020586641,755
1711020587397,746
1711020588143,737
1711020588880,745
1711020589625,742
1711020590367,720
1711020591087,737
1711020591824,758
1711020592582,760
1711020593342,756
1711020594097,724
1711020594822,733
1711020595555,746
1711020596301,777
1711020597078,783
1711020597861,797
1711020598657,820
1711020599478,824
1711020600302,803
1711020601105,817
1711020601921,818
1711020602740,809
1711020603549,817
1711020604366,802
1711020605168,795
1711020605963,822
1711020606785,830
1711020607615,827
1711020608441,809
1711020609251,822
1711020610073,826
1711020610899,786
1711020611685,811
1711020612496,809
1711020613305,789
1711020614094,783
1711020614877,786
1711020615663,795
1711020616457,776
1711020617233,811
1711020618045,842
1711020618887,829
1711020619716,808
1711020620524,805
1711020621329,799
1711020622128,784
1711020622912,805
1711020623717,842
1711020624559,843
1711020625401,820
1711020626222,832
1711020627054,849
1711020627903,837
1711020628740,803
1711020629543,812
1711020630355,805
1711020631160,803
1711020631963,806
1711020632769,817
1711020633585,804
1711020634390,795
1711020635185,786
1711020635971,782
1711020636753,749
1711020637502,761
1711020638263,756
1711020639019,752
1711020639771,755
1711020640526,813
1711020641339,846
1711020642185,838
1711020643023,836
1711020643859,853
1711020644712,850
1711020645561,819
1711020646381,828
1711020647209,821
1711020648030,804
1711020648833,763
1711020649597,785
1711020650382,788
1711020651169,806
1711020651976,807
1711020652783,828
1711020653611,854
1711020654465,830
1711020655295,838
1711020656133,837
1711020656969,848
1711020657817,830
1711020658648,828
1711020659476,804
1711020660280,785
1711020661065,765
1711020661830,781
1711020662611,795
1711020663406,796
1711020664201,793
1711020664995,818
1711020665813,809
1711020666622,775
1711020667397,783
1711020668180,806
1711020668985,746
1711020669732,723
1711020670455,698
1711020671153,691
1711020671844,688
1711020672532,689
1711020673221,672
1711020673893,688
1711020674581,706
1711020675287,735
1711020676022,742
1711020676764,730
1711020677494,790
1711020678284,812
1711020679096,833
1711020679929,785
1711020680713,792
1711020681505,807
1711020682313,802
1711020683115,778
1711020683893,809
1711020684702,801
1711020685503,795
1711020686297,755
1711020687053,756
1711020687809,767
1711020688576,794
1711020689369,787
1711020690157,788
1711020690945,797
1711020691742,807
1711020692549,777
1711020693326,780
1711020694105,779
1711020694885,766
1711020695651,747
1711020696398,772
1711020697169,796
1711020697966,818
1711020698784,802
1711020699585,813
1711020700399,789
1711020701188,763
1711020701951,773
1711020702724,758
1711020703481,747
1711020704229,739
1711020704968,761
1711020705729,771
1711020706500,795
1711020707295,780
1711020708075,812
1711020708887,792
1711020709679,751
1711020710430,745
1711020711175,745
1711020711920,742
1711020712662,722
1711020713384,737
1711020714121,744
1711020714865,731
1711020715596,709
1711020716305,731
1711020717036,740
1711020717776,766
1711020718542,747
1711020719289,774
1711020720063,785
1711020720848,804
1711020721652,778
1711020722430,778
1711020723208,770
1711020723977,746
1711020724724,709
1711020725433,715
1711020726148,719
1711020726867,715
1711020727582,704
1711020728286,729
1711020729015,729
1711020729744,727
1711020730471,750
1711020731221,795
1711020732016,838
1711020732854,825
1711020733679,840
1711020734519,852
1711020735371,840
1711020736211,808
1711020737019,803
1711020737822,808
1711020738630,796
1711020739425,777
1711020740203,782
1711020740985,813
1711020741798,839
1711020742637,846
1711020743483,862
1711020744345,886
1711020745231,879
1711020746110,868
1711020746977,878
1711020747856,870
1711020748726,839
1711020749565,851
1711020750416,864
1711020751280,868
1711020752148,830
1711020752977,831
1711020753809,840
1711020754649,830
1711020755479,836
1711020756315,812
1711020757127,762
1711020757889,758
1711020758647,766
1711020759413,753
1711020760166,738
1711020760904,735
1711020761639,731
1711020762369,723
1711020763093,712
1711020763805,711
1711020764516,706
1711020765222,694
1711020765916,673
1711020766589,673
1711020767262,666
1711020767928,655
1711020768583,651
1711020769233,646
1711020769880,634
1711020770513,642
1711020771156,685
1711020771841,739
1711020772580,752
1711020773332,767
1711020774099,795
1711020774894,818
1711020775712,820
1711020776532,815
1711020777347,751
1711020778097,747
1711020778845,756
1711020779601,785
1711020780385,793
1711020781179,790
1711020781969,735
1711020782704,755
1711020783459,766
1711020784225,848
1711020785073,868
1711020785941,859
1711020786800,821
1711020787621,791
1711020788412,782
1711020789193,777
1711020789971,764
1711020790735,725
1711020791460,681
1711020792141,673
1711020792814,693
1711020793507,711
1711020794217,759
1711020794977,814
1711020795791,851
1711020796641,872
1711020797513,854
1711020798368,790
1711020799158,781
1711020799939,765
1711020800704,770
1711020801473,771
1711020802245,754
1711020802999,724
1711020803723,740
1711020804463,757
1711020805220,785
1711020806005,808
1711020806813,799
1711020807612,842
1711020808454,915
1711020809369,938
1711020810307,885
1711020811192,886
1711020812078,875
1711020812953,877
1711020813830,850
1711020814680,828
1711020815508,837
1711020816345,827
1711020817172,851
1711020818023,838
1711020818861,839
1711020819700,845
1711020820545,848
1711020821393,851
1711020822244,838
1711020823081,874
1711020823956,862
1711020824817,856
1711020825673,828
1711020826502,846
1711020827348,874
1711020828222,915
1711020829137,907
1711020830044,868
1711020830912,891
1711020831803,914
1711020832717,920
1711020833637,893
1711020834529,875
1711020835405,882
1711020836287,881
1711020837168,834
1711020838001,849
1711020838851,875
1711020839726,911
1711020840637,911
1711020841548,893
1711020842441,936
1711020843377,944
1711020844321,879
1711020845200,860
1711020846060,845
1711020846905,822
1711020847727,790
1711020848517,785
1711020849302,788
1711020850089,799
1711020850889,805
1711020851694,813
1711020852507,858
1711020853365,886
1711020854251,857
1711020855108,859
1711020855967,843
1711020856809,819
1711020857629,766
1711020858395,751
1711020859145,734
1711020859880,719
1711020860599,694
1711020861293,710
1711020862003,716
1711020862719,716
1711020863435,756
1711020864191,782
1711020864973,786
1711020865759,769
1711020866528,784
1711020867312,796
1711020868108,771
1711020868879,757
1711020869636,775
1711020870411,788
1711020871199,797
1711020871996,767
1711020872763,777
1711020873540,786
1711020874326,758
1711020875084,771
1711020875855,776
1711020876631,789
1711020877420,795
1711020878215,763
1711020878977,777
1711020879755,777
1711020880532,784
1711020881316,752
1711020882068,752
1711020882820,774
1711020883593,803
1711020884397,822
1711020885219,810
1711020886029,794
1711020886823,762
1711020887585,764
1711020888349,729
1711020889078,723
1711020889801,721
1711020890521,728
1711020891249,731
1711020891981,686
1711020892667,676
1711020893343,677
1711020894020,649
1711020894669,646
1711020895315,631
1711020895945,618
1711020896564,614
1711020897177,604
1711020897782,594
1711020898376,584
1711020898960,577
1711020899537,567
1711020900104,556
1711020900660,551
1711020901211,542
1711020901753,535
1711020902288,527
1711020902815,521
1711020903336,514
1711020903849,507
1711020904357,498
1711020904855,496
1711020905351,491
1711020905841,491
1711020906333,509
1711020906841,551
1711020907393,599
1711020907992,617
1711020908609,634
1711020909243,652
1711020909895,642
1711020910537,646
1711020911183,646
1711020911829,652
1711020912481,674
1711020913155,687
1711020913841,694
1711020914536,660
1711020915196,609
1711020915805,593
1711020916398,587
1711020916985,572
1711020917557,566
1711020918123,569
1711020918692,568
1711020919260,580
1711020919840,575
1711020920415,577
1711020920992,584
1711020921576,600
1711020922176,608
1711020922784,616
1711020923400,614
1711020924014,609
1711020924623,613
1711020925236,627
1711020925863,643
1711020926505,643
1711020927149,639
1711020927788,631
1711020928419,638
1711020929057,632
1711020929689,629
1711020930318,627
1711020930945,631
1711020931576,643
1711020932219,637
1711020932856,632
1711020933488,623
1711020934111,613
1711020934724,611
1711020935335,611
1711020935945,603
1711020936549,597
1711020937145,594
1711020937740,598
1711020938337,608
1711020938945,608
1711020939553,610
1711020940164,610
1711020940774,611
1711020941385,618
1711020942003,611
1711020942614,607
1711020943221,604
1711020943825,609
1711020944433,611
1711020945045,613
1711020945657,605
1711020946263,602
1711020946865,600
1711020947465,603
1711020948068,599
1711020948667,597
1711020949264,598
1711020949862,591
1711020950453,584
1711020951037,583
1711020951620,586
1711020952206,598
1711020952804,596
1711020953400,583
1711020953983,580
1711020954563,573
1711020955136,567
1711020955703,562
1711020956265,555
1711020956820,550
1711020957369,544
1711020957913,537
1711020958451,532
1711020958983,527
1711020959510,527
1711020960037,533
1711020960569,547
1711020961117,557
1711020961673,573
1711020962247,584
1711020962831,579
1711020963409,576
1711020963985,586
1711020964572,579
1711020965151,570
1711020965721,563
1711020966284,561
1711020966845,558
1711020967403,559
1711020967961,558
1711020968520,562
1711020969081,562
1711020969644,558
1711020970201,553
1711020970755,551
1711020971305,549
1711020971855,553
1711020972408,563
1711020972971,576
1711020973547,604
1711020974151,607
1711020974758,614
1711020975372,626
1711020975998,651
1711020976649,688
1711020977337,696
1711020978033,699
1711020978732,675
1711020979407,662
1711020980069,651
1711020980720,649
1711020981369,646
1711020982015,638
1711020982653,635
1711020983288,646
1711020983934,657
1711020984591,664
1711020985255,660
1711020985915,659
1711020986574,673
1711020987247,683
1711020987929,688
1711020988617,679
1711020989297,660
1711020989957,658
1711020990615,651
1711020991265,652
1711020991918,634
1711020992552,639
1711020993191,649
1711020993840,653
1711020994493,654
1711020995147,635
1711020995782,622
1711020996404,619
1711020997023,609
1711020997632,597
1711020998229,592
1711020998821,581
1711020999401,578
1711020999980,573
1711021000553,568
1711021001121,569
1711021001689,575
1711021002265,575
1711021002840,563
1711021003403,560
1711021003963,559
1711021004521,553
1711021005075,553
1711021005628,566
1711021006193,576
1711021006769,561
1711021007331,558
1711021007889,554
1711021008443,548
1711021008991,544
1711021009535,543
1711021010078,546
1711021010624,545
1711021011169,551
1711021011720,557
1711021012277,572
1711021012849,582
1711021013431,592
1711021014023,587
1711021014609,582
1711021015192,576
1711021015768,569
1711021016337,571
1711021016908,573
1711021017481,576
1711021018057,573
1711021018630,570
1711021019200,586
1711021019785,623
1711021020409,676
1711021021085,701
1711021021785,690
1711021022476,692
1711021023168,691
1711021023859,681
1711021024540,644
1711021025184,627
1711021025811,619
1711021026430,612
1711021027041,595
1711021027637,582
1711021028219,575
1711021028793,575
1711021029369,581
1711021029950,590
1711021030540,590
1711021031129,595
1711021031725,621
1711021032345,664
1711021033009,714
1711021033724,714
1711021034438,708
1711021035145,714
1711021035860,688
1711021036548,655
1711021037203,629
1711021037832,622
1711021038454,619
1711021039073,630
1711021039703,654
1711021040357,657
1711021041014,640
1711021041654,628
1711021042281,631
1711021042913,637
1711021043550,642
1711021044192,646
1711021044838,636
1711021045473,634
1711021046108,646
1711021046753,655
1711021047409,668
1711021048077,656
1711021048733,637
1711021049369,630
1711021050000,635
1711021050635,638
1711021051273,630
1711021051903,623
1711021052526,620
1711021053145,624
1711021053769,610
1711021054380,608
1711021054988,598
1711021055585,589
1711021056175,585
1711021056760,581
1711021057341,576
1711021057917,574
1711021058491,575
1711021059065,575
1711021059641,576
1711021060217,570
1711021060787,567
1711021061353,564
1711021061918,563
1711021062481,563
1711021063044,559
1711021063603,556
1711021064159,560
1711021064719,565
1711021065284,572
1711021065856,576
1711021066432,597
1711021067029,604
1711021067633,621
1711021068254,629
1711021068883,623
1711021069505,614
1711021070120,603
1711021070723,598
1711021071321,596
1711021071917,599
1711021072516,592
1711021073108,588
1711021073696,595
1711021074291,613
1711021074904,629
1711021075533,641
1711021076174,632
1711021076806,616
1711021077422,617
1711021078039,618
1711021078657,634
1711021079291,648
1711021079939,646
1711021080585,669
1711021081254,672
1711021081926,659
1711021082585,647
1711021083232,638
1711021083870,630
1711021084500,628
1711021085128,623
1711021085751,626
1711021086377,626
1711021087003,630
1711021087633,639
1711021088272,646
1711021088918,639
1711021089557,630
1711021090187,621
1711021090808,616
1711021091424,618
1711021092041,629
1711021092671,631
1711021093302,626
1711021093928,621
1711021094549,629
1711021095177,626
1711021095804,634
1711021096438,612
1711021097049,634
1711021097684,641
1711021098325,641
1711021098966,634
1711021099600,645
1711021100245,642
1711021100887,643
1711021101529,633
1711021102163,634
1711021102797,635
1711021103432,647
1711021104079,667
1711021104745,693
1711021105439,717
1711021106156,713
1711021106869,697
1711021107566,710
1711021108276,725
1711021109001,741
1711021109742,755
1711021110497,761
1711021111257,744
1711021112001,740
1711021112742,753
1711021113495,771
1711021114265,760
1711021115025,752
1711021115777,784
1711021116561,841
1711021117403,800
1711021118203,794
1711021118997,833
1711021119830,814
1711021120644,766
1711021121409,794
1711021122204,813
1711021123017,813
1711021123830,813
1711021124643,914
1711021125557,920
1711021126477,895
1711021127372,928
1711021128300,958
1711021129257,897
1711021130155,892
1711021131047,842
1711021131889,775
1711021132664,758
1711021133422,721
1711021134143,706
1711021134849,691
1711021135540,655
1711021136195,671
1711021136865,689
1711021137555,743
1711021138297,789
1711021139087,746
1711021139833,782
1711021140615,820
1711021141435,850
1711021142285,832
1711021143117,858
1711021143975,911
1711021144886,944
1711021145830,912
1711021146742,900
1711021147641,853
1711021148495,813
1711021149308,819
1711021150127,821
1711021150948,760
1711021151708,746
1711021152454,731
1711021153185,709
1711021153894,689
1711021154583,697
1711021155280,721
1711021156001,730
1711021156731,705
1711021157436,724
1711021158160,763
1711021158923,817
1711021159740,833
1711021160573,792
1711021161365,791
1711021162156,801
1711021162957,783
1711021163740,731
1711021164471,747
1711021165217,736
1711021165953,748
1711021166702,746
1711021167448,785
1711021168233,852
1711021169085,885
1711021169969,896
1711021170865,877
1711021171743,890
1711021172633,877
1711021173510,868
1711021174377,815
1711021175193,825
1711021176017,823
1711021176841,825
1711021177665,808
1711021178473,817
1711021179291,815
1711021180105,799
1711021180905,794
1711021181699,816
1711021182515,781
1711021183296,747
1711021184043,704
1711021184747,708
1711021185455,693
1711021186148,663
1711021186811,665
1711021187476,683
1711021188159,701
1711021188860,689
1711021189549,707
1711021190256,714
1711021190969,717
1711021191687,715
1711021192401,693
1711021193095,701
1711021193796,710
1711021194505,711
1711021195217,716
1711021195933,699
1711021196632,728
1711021197360,740
1711021198100,767
1711021198867,757
1711021199624,722
1711021200345,754
1711021201100,768
1711021201868,807
1711021202675,813
1711021203488,781
1711021204269,785
1711021205054,796
1711021205849,788
1711021206638,749
1711021207387,771
1711021208158,803
1711021208961,811
1711021209772,779
1711021210551,791
1711021211342,793
1711021212135,809
1711021212944,786
1711021213729,803
1711021214533,824
1711021215357,838
1711021216195,806
1711021217001,801
1711021217801,808
1711021218609,777
1711021219387,790
1711021220177,824
1711021221001,851
1711021221852,806
1711021222657,782
1711021223440,710
1711021224150,719
1711021224869,674
1711021225543,668
1711021226211,653
1711021226864,641
1711021227505,616
1711021228121,625
1711021228745,613
1711021229359,603
1711021229961,598
1711021230560,590
1711021231150,582
1711021231732,574
1711021232305,565
1711021232871,561
1711021233432,553
1711021233985,546
1711021234531,541
1711021235072,541
1711021235613,538
1711021236151,534
1711021236685,536
1711021237221,551
1711021237772,566
1711021238337,584
1711021238921,604
1711021239526,631
1711021240157,654
1711021240811,647
1711021241457,625
1711021242083,611
1711021242694,597
1711021243291,588
1711021243879,578
1711021244457,569
1711021245025,563
1711021245589,558
1711021246147,552
1711021246699,545
1711021247244,544
1711021247788,546
1711021248334,559
1711021248893,583
1711021249476,627
1711021250103,631
1711021250734,617
1711021251351,628
1711021251979,632
1711021252611,646
1711021253257,646
1711021253903,634
1711021254537,625
1711021255161,626
1711021255788,626
1711021256414,621
1711021257035,610
1711021257645,600
1711021258245,601
1711021258846,606
1711021259452,621
1711021260073,619
1711021260692,640
1711021261332,687
1711021262019,728
1711021262747,768
1711021263515,751
1711021264265,740
1711021265006,726
1711021265732,712
1711021266444,698
1711021267142,695
1711021267837,691
1711021268528,684
1711021269212,667
1711021269879,657
1711021270536,672
1711021271208,674
1711021271881,663
1711021272545,667
1711021273212,663
1711021273875,658
1711021274533,647
1711021275180,655
1711021275835,670
1711021276505,665
1711021277169,622
1711021277792,621
1711021278413,612
1711021279025,609
1711021279633,593
1711021280227,599
1711021280825,615
1711021281441,600
1711021282041,621
1711021282662,616
1711021283278,628
1711021283905,611
1711021284517,606
1711021285123,606
1711021285729,601
1711021286329,588
1711021286918,591
1711021287509,592
1711021288101,588
1711021288689,605
1711021289294,599
1711021289893,601
1711021290494,597
1711021291091,595
1711021291686,604
1711021292289,604
1711021292894,616
1711021293510,594
1711021294104,601
1711021294705,597
1711021295302,600
1711021295902,593
1711021296495,581
1711021297076,581
1711021297657,578
1711021298235,577
1711021298812,571
1711021299383,572
1711021299955,563
1711021300518,571
1711021301089,567
1711021301656,562
1711021302217,550
1711021302768,550
1711021303318,548
1711021303865,547
1711021304413,539
1711021304952,536
1711021305488,538
1711021306025,540
1711021306566,535
1711021307101,525
1711021307625,530
1711021308156,528
1711021308684,525
1711021309209,523
1711021309732,523
1711021310255,521
1711021310776,526
1711021311302,537
1711021311839,536
1711021312375,535
1711021312910,537
1711021313447,546
1711021313993,546
1711021314539,537
1711021315076,542
1711021315617,541
1711021316159,537
1711021316696,533
1711021317229,540
1711021317769,545
1711021318313,546
1711021318860,544
1711021319404,554
1711021319958,558
1711021320516,554
1711021321070,558
1711021321628,563
1711021322191,561
1711021322752,553
1711021323305,559
1711021323864,563
1711021324427,552
1711021324979,551
1711021325529,557
1711021326087,559
1711021326646,555
1711021327201,555
1711021327756,563
1711021328319,557
1711021328876,552
1711021329428,554
1711021329982,556
1711021330537,555
1711021331093,553
1711021331646,558
1711021332204,558
1711021332761,552
1711021333313,555
1711021333869,553
1711021334422,549
1711021334971,545
1711021335516,553
1711021336069,549
1711021336617,539
1711021337157,541
1711021337697,544
1711021338241,559
1711021338801,563
1711021339364,563
1711021339927,565
1711021340492,568
1711021341060,558
1711021341617,558
1711021342176,561
1711021342737,558
1711021343295,547
1711021343841,548
1711021344390,554
1711021344944,554
1711021345497,547
1711021346045,558
1711021346603,569
1711021347172,565
1711021347737,565
1711021348302,570
1711021348872,570
1711021349441,561
1711021350003,562
1711021350565,562
1711021351127,554
1711021351681,548
1711021352229,552
1711021352781,551
1711021353332,544
1711021353876,549
1711021354425,554
1711021354979,553
1711021355532,545
1711021356077,553
1711021356630,557
1711021357187,559
1711021357745,551
1711021358297,561
1711021358857,562
1711021359420,563
1711021359983,556
1711021360539,561
1711021361100,559
1711021361659,554
1711021362213,560
1711021362773,561
1711021363334,552
1711021363886,546
1711021364432,550
1711021364982,546
1711021365528,540
1711021366068,542
1711021366609,545
1711021367155,548
1711021367703,541
1711021368244,541
1711021368785,542
1711021369327,533
1711021369860,542
1711021370401,552
1711021370953,563
1711021371517,563
1711021372080,569
1711021372649,579
1711021373228,582
1711021373809,573
1711021374383,577
1711021374960,577
1711021375537,564
1711021376101,557
1711021376657,556
1711021377214,546
1711021377760,537
1711021378297,537
1711021378833,536
1711021379369,536
1711021379905,535
1711021380441,544
1711021380985,562
1711021381547,571
1711021382118,563
1711021382681,577
1711021383257,578
1711021383836,577
1711021384413,574
1711021384987,589
1711021385576,587
1711021386163,583
1711021386745,585
1711021387331,587
1711021387918,590
1711021388508,587
1711021389095,585
1711021389680,588
1711021390268,580
1711021390848,577
1711021391425,581
1711021392006,580
1711021392585,576
1711021393161,572
1711021393734,579
1711021394313,583
1711021394896,582
1711021395478,581
1711021396059,587
1711021396646,587
1711021397233,581
1711021397814,589
1711021398403,602
1711021399005,603
1711021399608,596
1711021400204,596
1711021400800,596
1711021401396,590
1711021401985,579
1711021402565,580
1711021403145,576
1711021403721,563
1711021404284,568
1711021404852,576
1711021405428,578
1711021406006,573
1711021406579,586
1711021407165,588
1711021407753,589
1711021408342,597
1711021408939,598
1711021409537,594
1711021410131,595
1711021410726,604
1711021411329,598
1711021411928,589
1711021412517,594
1711021413111,595
1711021413705,584
1711021414289,575
1711021414865,587
1711021415452,590
1711021416041,586
1711021416628,598
1711021417225,609
1711021417835,609
1711021418444,620
1711021419064,645
1711021419709,639
1711021420348,665
1711021421013,651
1711021421664,653
1711021422317,650
1711021422967,625
1711021423592,617
1711021424209,623
1711021424832,623
1711021425455,607
1711021426062,612
1711021426673,586
1711021427260,563
1711021427823,591
1711021428414,630
1711021429044,666
1711021429710,672
1711021430382,663
1711021431045,648
1711021431693,641
1711021432334,646
1711021432980,643
1711021433623,627
1711021434249,617
1711021434867,609
1711021435476,595
1711021436071,585
1711021436656,586
1711021437241,604
1711021437846,628
1711021438473,662
1711021439136,675
1711021439811,759
1711021440569,850
1711021441420,878
1711021442297,795
1711021443093,744
1711021443837,747
1711021444584,741
1711021445325,687
1711021446012,656
1711021446668,657
1711021447325,659
1711021447984,633
1711021448617,630
1711021449247,670
1711021449917,710
1711021450627,710
1711021451337,736
1711021452073,790
1711021452863,769
1711021453632,729
1711021454361,722
1711021455083,712
1711021455795,666
1711021456461,654
1711021457115,645
1711021457760,661
1711021458421,725
1711021459145,783
1711021459929,752
1711021460681,750
1711021461431,802
1711021462233,871
1711021463104,881
1711021463985,788
1711021464773,718
1711021465491,690
1711021466181,658
1711021466839,636
1711021467475,618
1711021468093,606
1711021468699,608
1711021469307,686
1711021469993,901
1711021470894,938
1711021471832,833
1711021472665,843
1711021473508,849
1711021474357,839
1711021475196,783
1711021475979,795
1711021476774,725
1711021477499,671
1711021478169,722
1711021478892,771
1711021479663,794
1711021480457,771
1711021481228,712
1711021481940,725
1711021482665,737
1711021483401,737
1711021484139,707
1711021484846,695
1711021485541,716
1711021486257,742
1711021486999,758
1711021487757,777
1711021488534,805
1711021489339,781
1711021490120,733
1711021490853,729
1711021491582,744
1711021492326,770
1711021493096,800
1711021493896,758
1711021494654,780
1711021495433,771
1711021496205,771
1711021496976,745
1711021497721,741
1711021498462,766
1711021499228,802
1711021500030,840
1711021500870,790
1711021501660,813
1711021502473,815
1711021503288,776
1711021504064,739
1711021504803,726
1711021505529,750
1711021506279,784
1711021507063,824
1711021507887,797
1711021508684,789
1711021509473,818
1711021510291,831
1711021511121,806
1711021511928,756
1711021512684,792
1711021513476,858
1711021514334,958
1711021515292,896
1711021516188,855
1711021517043,881
1711021517924,898
1711021518822,881
1711021519703,894
1711021520597,933
1711021521529,878
1711021522408,819
1711021523227,835
1711021524062,823
1711021524885,811
1711021525696,774
1711021526470,808
1711021527278,860
1711021528137,886
1711021529024,848
1711021529872,886
1711021530758,860
1711021531617,776
1711021532393,775
1711021533169,747
1711021533916,722
1711021534638,690
1711021535328,681
1711021536009,689
1711021536697,683
1711021537381,729
1711021538110,767
1711021538877,813
1711021539689,800
1711021540489,767
1711021541257,771
1711021542028,770
1711021542798,726
1711021543524,699
1711021544223,668
1711021544891,670
1711021545561,684
1711021546245,733
1711021546977,824
1711021547801,907
1711021548709,891
1711021549600,934
1711021550534,827
1711021551361,832
1711021552193,795
1711021552988,728
1711021553716,709
1711021554425,676
1711021555101,668
1711021555769,647
1711021556416,644
1711021557060,623
1711021557683,608
1711021558291,604
1711021558895,595
1711021559489,585
1711021560075,574
1711021560649,569
1711021561217,564
1711021561782,565
1711021562347,563
1711021562910,557
1711021563467,553
1711021564020,559
1711021564579,584
1711021565163,644
1711021565807,678
1711021566485,767
1711021567252,793
1711021568045,713
1711021568758,709
1711021569467,688
1711021570155,660
1711021570815,656
1711021571471,645
1711021572116,660
1711021572776,631
1711021573407,615
1711021574022,628
1711021574649,636
1711021575286,625
1711021575911,625
1711021576536,618
1711021577153,608
1711021577761,606
1711021578368,603
1711021578971,592
1711021579563,585
1711021580148,582
1711021580729,570
1711021581300,569
1711021581869,562
1711021582431,558
1711021582989,547
1711021583536,541
1711021584077,542
1711021584619,537
1711021585156,532
1711021585688,528
1711021586216,517
1711021586733,515
1711021587248,512
1711021587760,505
1711021588265,506
1711021588771,503
1711021589273,491
1711021589765,493
1711021590257,493
1711021590751,487
1711021591238,488
1711021591726,482
1711021592208,482
1711021592689,479
1711021593169,483
1711021593652,481
1711021594133,478
1711021594611,475
1711021595086,477
1711021595563,473
1711021596036,472
1711021596508,478
1711021596985,474
1711021597460,482
1711021597942,479
1711021598421,484
1711021598905,480
1711021599385,479
1711021599864,475
1711021600339,471
1711021600809,476
1711021601286,472
1711021601758,467
1711021602225,472
1711021602697,475
1711021603172,463
1711021603635,465
1711021604100,932
1711021605032,458
1711021605489,456
1711021605945,460
1711021606406,459
1711021606865,453
1711021607318,454
1711021607772,449
1711021608221,450
1711021608671,455
1711021609126,447
1711021609573,445
1711021610017,442
1711021610460,446
1711021610905,448
1711021611353,447
1711021611801,443
1711021612244,443
1711021612687,447
1711021613134,446
1711021613580,446
1711021614025,447
1711021614473,450
1711021614923,450
1711021615373,453
1711021615825,448
1711021616273,448
1711021616721,447
1711021617169,449
1711021617617,449
1711021618067,448
1711021618515,442
1711021618957,445
1711021619401,446
1711021619848,445
1711021620293,442
1711021620735,441
1711021621176,442
1711021621617,444
1711021622062,442
1711021622504,442
1711021622945,439
1711021623385,439
1711021623824,437
1711021624261,440
1711021624701,441
1711021625142,439
1711021625581,438
1711021626019,438
1711021626457,442
1711021626899,438
1711021627337,438
1711021627775,439
1711021628214,438
1711021628652,438
1711021629089,437
1711021629527,438
1711021629965,437
1711021630401,436
1711021630838,435
1711021631273,430
1711021631703,431
1711021632134,434
1711021632568,432
1711021633000,426
1711021633425,428
1711021633854,431
1711021634285,432
1711021634717,431
1711021635148,428
1711021635576,426
1711021636001,428
1711021636430,430
1711021636860,427
1711021637287,427
1711021637713,428
1711021638142,428
1711021638569,427
1711021638997,428
1711021639425,427
1711021639852,424
1711021640276,425
1711021640701,423
1711021641124,424
1711021641548,421
1711021641969,422
1711021642391,426
1711021642817,426
1711021643243,429
1711021643672,426
1711021644097,426
1711021644524,426
1711021644950,424
1711021645374,423
1711021645797,426
1711021646223,426
1711021646649,422
1711021647071,425
1711021647496,422
1711021647918,421
1711021648339,422
1711021648761,419
1711021649180,418
1711021649598,419
1711021650017,420
1711021650437,418
1711021650855,416
1711021651271,826
1711021652097,415
1711021652512,414
1711021652926,416
1711021653342,416
1711021653758,415
1711021654173,419
1711021654592,421
1711021655013,421
1711021655433,421
1711021655855,423
1711021656278,422
1711021656700,420
1711021657120,421
1711021657541,418
1711021657959,421
1711021658380,422
1711021658801,419
1711021659221,416
1711021659637,420
1711021660057,422
1711021660479,418
1711021660897,416
1711021661313,417
1711021661729,418
1711021662148,417
1711021662565,418
1711021662983,416
1711021663399,415
1711021663814,413
1711021664227,414
1711021664641,413
1711021665054,412
1711021665465,414
1711021665880,411
1711021666291,414
1711021666705,411
1711021667116,419
1711021667535,410
1711021667945,410
1711021668355,409
1711021668764,408
1711021669172,410
1711021669582,409
1711021669991,405
1711021670396,407
1711021670803,406
1711021671209,408
1711021671617,408
1711021672025,408
1711021672433,409
1711021672841,408
1711021673249,412
1711021673662,412
1711021674073,416
1711021674489,411
1711021674901,411
1711021675312,414
1711021675726,413
1711021676139,412
1711021676551,411
1711021676961,414
1711021677376,414
1711021677790,416
1711021678206,416
1711021678622,418
1711021679040,414
1711021679454,415
1711021679869,414
1711021680283,416
1711021680699,417
1711021681116,418
1711021681534,415
1711021681949,416
1711021682365,418
1711021682783,413
1711021683196,417
1711021683613,415
1711021684028,413
1711021684441,410
1711021684851,416
1711021685267,414
1711021685681,413
1711021686094,410
1711021686504,413
1711021686917,413
1711021687329,413
1711021687743,411
1711021688153,415
1711021688569,416
1711021688985,415
1711021689400,416
1711021689816,416
1711021690232,414
1711021690646,414
1711021691060,413
1711021691473,414
1711021691887,411
1711021692297,413
1711021692711,413
1711021693124,414
1711021693537,416
1711021693953,414
1711021694368,415
1711021694783,411
1711021695193,414
1711021695608,415
1711021696023,414
1711021696437,415
1711021696852,415
1711021697267,413
1711021697680,416
1711021698096,416
1711021698512,419
1711021698931,419
1711021699350,418
1711021699768,418
1711021700185,421
1711021700607,423
1711021701030,418
1711021701448,419
1711021701867,418
1711021702285,420
1711021702705,418
1711021703123,419
1711021703542,417
1711021703959,418
1711021704377,419
1711021704796,415
1711021705211,417
1711021705628,417
1711021706045,419
1711021706464,419
1711021706883,421
1711021707304,419
1711021707723,418
1711021708141,425
1711021708566,424
1711021708990,424
1711021709414,425
1711021709839,424
1711021710263,425
1711021710688,428
1711021711116,429
1711021711545,432
1711021711977,429
1711021712406,431
1711021712837,434
1711021713271,435
1711021713705,437
1711021714143,437
1711021714580,439
1711021715019,438
1711021715457,436
1711021715893,438
1711021716331,437
1711021716768,438
1711021717206,438
1711021717644,437
1711021718081,436
1711021718517,437
1711021718953,441
1711021719395,448
1711021719843,453
1711021720296,454
1711021720750,457
1711021721207,459
1711021721665,461
1711021722127,462
1711021722589,468
1711021723057,469
1711021723526,470
1711021723996,469
1711021724465,469
1711021724934,469
1711021725403,474
1711021725877,481
1711021726358,487
1711021726845,485
1711021727329,479
1711021727809,478
1711021728287,477
1711021728764,481
1711021729245,486
1711021729731,490
1711021730221,489
1711021730710,484
1711021731193,479
1711021731673,474
1711021732147,471
1711021732617,468
1711021733086,472
1711021733558,479
1711021734037,486
1711021734523,495
1711021735017,496
1711021735513,495
1711021736009,493
1711021736502,490
1711021736992,490
1711021737481,501
1711021737983,504
1711021738487,512
1711021738999,516
1711021739515,512
1711021740027,505
1711021740532,503
1711021741035,509
1711021741544,521
1711021742065,535
1711021742600,546
1711021743145,536
1711021743681,527
1711021744209,521
1711021744729,526
1711021745256,539
1711021745795,553
1711021746348,558
1711021746905,540
1711021747446,533
1711021747979,535
1711021748513,556
1711021749070,597
1711021749667,646
1711021750313,713
1711021751025,676
1711021751702,621
1711021752323,592
1711021752915,590
1711021753505,620
1711021754125,701
1711021754825,771
1711021755597,740
1711021756337,678
1711021757015,626
1711021757641,615
1711021758256,626
1711021758881,668
1711021759550,739
1711021760289,767
1711021761056,715
1711021761771,647
1711021762417,652
1711021763070,663
1711021763733,697
1711021764430,752
1711021765182,729
1711021765911,688
1711021766599,710
1711021767309,782
1711021768091,787
1711021768878,699
1711021769577,649
1711021770225,658
1711021770884,680
1711021771564,674
1711021772238,645
1711021772883,621
1711021773504,637
1711021774141,662
1711021774803,640
1711021775443,609
1711021776052,587
1711021776639,590
1711021777229,607
1711021777836,626
1711021778462,604
1711021779065,597
1711021779663,598
1711021780261,629
1711021780889,662
1711021781552,642
1711021782193,623
1711021782817,626
1711021783443,671
1711021784113,718
1711021784832,688
1711021785520,646
1711021786166,639
1711021786805,663
1711021787468,669
1711021788137,651
1711021788788,621
1711021789409,614
1711021790023,624
1711021790647,623
1711021791270,630
1711021791900,597
1711021792497,580
1711021793077,574
1711021793651,576
1711021794227,591
1711021794817,621
1711021795439,637
1711021796076,608
1711021796684,597
1711021797281,591
1711021797872,596
1711021798468,607
1711021799075,608
1711021799683,598
1711021800281,594
1711021800875,604
1711021801479,634
1711021802113,655
1711021802768,631
1711021803399,624
1711021804023,629
1711021804652,643
1711021805295,660
1711021805955,634
1711021806589,620
1711021807209,618
1711021807827,650
1711021808477,710
1711021809187,732
1711021809919,690
1711021810609,708
1711021811317,732
1711021812049,793
1711021812841,772
1711021813614,745
1711021814359,756
1711021815115,755
1711021815870,724
1711021816593,693
1711021817287,674
1711021817961,659
1711021818620,649
1711021819269,643
1711021819912,644
1711021820556,653
1711021821209,652
1711021821861,644
1711021822505,642
1711021823147,637
1711021823784,646
1711021824430,638
1711021825068,622
1711021825689,619
1711021826309,621
1711021826929,618
1711021827548,614
1711021828161,623
1711021828785,677
1711021829462,766
1711021830228,760
1711021830988,728
1711021831716,711
1711021832427,704
1711021833131,710
1711021833841,672
1711021834513,651
1711021835164,640
1711021835804,623
1711021836427,606
1711021837033,601
1711021837633,603
1711021838237,607
1711021838844,597
1711021839441,598
1711021840039,591
1711021840630,589
1711021841219,579
1711021841798,573
1711021842371,570
1711021842941,562
1711021843503,556
1711021844059,550
1711021844609,549
1711021845158,541
1711021845699,533
1711021846232,532
1711021846764,524
1711021847288,519
1711021847807,516
1711021848323,516
1711021848839,517
1711021849356,520
1711021849876,517
1711021850393,515
1711021850908,512
1711021851420,513
1711021851933,522
1711021852455,547
1711021853001,589
1711021853591,611
1711021854201,604
1711021854806,616
1711021855422,629
1711021856051,624
1711021856675,633
1711021857308,663
1711021857971,663
1711021858633,623
1711021859257,604
1711021859861,597
1711021860457,604
1711021861062,567
1711021861629,560
1711021862189,557
1711021862745,547
1711021863293,535
1711021863828,531
1711021864359,525
1711021864884,522
1711021865406,515
1711021865921,507
1711021866428,509
1711021866937,505
1711021867441,498
1711021867940,497
1711021868437,490
1711021868927,491
1711021869417,484
1711021869902,483
1711021870385,481
1711021870865,472
1711021871337,468
1711021871806,468
1711021872273,467
1711021872741,460
1711021873201,450
1711021873651,456
1711021874107,450
1711021874557,447
1711021875004,442
1711021875446,440
1711021875886,440
1711021876326,436
1711021876761,432
1711021877193,438
1711021877632,438
1711021878070,430
1711021878500,432
1711021878932,432
1711021879364,432
1711021879796,433
1711021880229,432
1711021880661,436
1711021881097,428
1711021881525,432
1711021881957,853
1711021882809,425
1711021883235,428
1711021883663,424
1711021884087,420
1711021884507,424
1711021884931,421
1711021885352,420
1711021885772,417
1711021886189,421
1711021886609,423
1711021887033,419
1711021887452,413
1711021887865,419
1711021888284,419
1711021888703,416
1711021889119,416
1711021889535,415
1711021889950,418
1711021890368,417
1711021890785,413
1711021891198,412
1711021891609,411
1711021892021,412
1711021892433,415
1711021892848,412
1711021893260,411
1711021893671,409
1711021894080,414
1711021894494,410
1711021894904,411
1711021895315,410
1711021895725,409
1711021896134,408
1711021896542,409
1711021896951,409
1711021897360,411
1711021897771,412
1711021898183,403
1711021898585,405
1711021898991,407
1711021899398,411
1711021899809,404
1711021900213,404
1711021900617,404
1711021901021,404
1711021901425,401
1711021901825,400
1711021902225,402
1711021902628,400
1711021903028,401
1711021903429,399
1711021903828,401
1711021904229,396
1711021904625,396
1711021905021,791
1711021905812,396
1711021906208,397
1711021906605,396
1711021907001,396
1711021907397,393
1711021907790,393
1711021908183,392
1711021908575,393
1711021908968,388
1711021909356,389
1711021909745,390
1711021910135,387
1711021910521,385
1711021910907,387
1711021911294,386
1711021911680,387
1711021912067,387
1711021912454,386
1711021912840,387
1711021913227,385
1711021913612,382
1711021913993,382
1711021914376,383
1711021914759,383
1711021915142,379
1711021915521,380
1711021915901,380
1711021916281,380
1711021916661,376
1711021917037,378
1711021917415,377
1711021917792,381
1711021918173,372
1711021918545,383
1711021918928,374
1711021919302,378
1711021919680,373
1711021920053,377
1711021920430,373
1711021920803,375
1711021921177,373
1711021921551,377
1711021921928,376
1711021922304,747
1711021923051,374
1711021923425,372
1711021923797,374
1711021924171,374
1711021924545,374
1711021924919,373
1711021925292,374
1711021925665,371
1711021926037,377
1711021926414,375
1711021926789,373
1711021927161,375
1711021927537,749
1711021928286,376
1711021928662,372
1711021929033,374
1711021929408,373
1711021929781,374
1711021930155,375
1711021930529,375
1711021930905,372
1711021931277,375
1711021931652,375
1711021932027,376
1711021932403,373
1711021932776,378
1711021933153,375
1711021933529,373
1711021933902,373
1711021934275,376
1711021934651,374
1711021935025,373
1711021935398,376
1711021935774,374
1711021936148,373
1711021936521,372
1711021936893,371
1711021937264,743
1711021938007,371
1711021938377,372
1711021938750,369
1711021939119,372
1711021939491,379
1711021939870,374
1711021940244,375
1711021940619,374
1711021940993,373
1711021941366,372
1711021941737,373
1711021942111,375
1711021942486,372
1711021942857,373
1711021943231,374
1711021943605,375
1711021943980,374
1711021944353,374
1711021944728,375
1711021945103,376
1711021945479,377
1711021945856,373
1711021946229,373
1711021946601,372
1711021946974,372
1711021947345,374
1711021947720,370
1711021948089,371
1711021948461,374
1711021948835,371
1711021949206,371
1711021949577,371
1711021949948,373
1711021950321,371
1711021950692,367
1711021951059,368
1711021951427,371
1711021951798,369
1711021952167,370
1711021952537,369
1711021952905,368
1711021953273,371
1711021953645,368
1711021954013,371
1711021954384,364
1711021954748,740
1711021955488,369
1711021955857,366
1711021956223,369
1711021956592,371
1711021956963,364
1711021957327,366
1711021957693,367
1711021958060,366
1711021958425,369
1711021958795,366
1711021959161,366
1711021959527,368
1711021959895,365
1711021960260,365
1711021960625,369
1711021960993,368
1711021961361,366
1711021961728,366
1711021962094,365
1711021962459,365
1711021962824,367
1711021963191,363
1711021963553,363
1711021963917,364
1711021964281,365
1711021964646,362
1711021965008,363
1711021965371,361
1711021965732,365
1711021966097,360
1711021966457,361
1711021966817,363
1711021967181,364
1711021967545,360
1711021967905,361
1711021968265,361
1711021968627,362
1711021968989,363
1711021969352,361
1711021969713,363
1711021970076,363
1711021970439,363
1711021970801,360
1711021971161,366
1711021971528,359
1711021971887,361
1711021972248,357
1711021972605,365
1711021972969,360
1711021973329,359
1711021973689,358
1711021974047,359
1711021974406,360
1711021974766,360
1711021975126,358
1711021975484,360
1711021975844,360
1711021976204,361
1711021976565,359
1711021976924,359
1711021977283,358
1711021977641,358
1711021977999,356
1711021978355,358
1711021978713,360
1711021979073,359
1711021979432,356
1711021979788,358
1711021980145,359
1711021980505,362
1711021980867,357
1711021981224,357
1711021981581,360
1711021981941,360
1711021982301,361
1711021982662,362
1711021983024,363
1711021983387,357
1711021983744,363
1711021984107,361
1711021984468,362
1711021984830,360
1711021985190,726
1711021985916,360
1711021986276,363
1711021986639,362
1711021987001,363
1711021987364,365
1711021987729,363
1711021988092,364
1711021988456,364
1711021988820,364
1711021989184,362
1711021989545,364
1711021989910,364
1711021990273,363
1711021990637,363
1711021991000,364
1711021991364,360
1711021991724,366
1711021992089,364
1711021992454,364
1711021992817,363
1711021993181,363
1711021993544,366
1711021993910,363
1711021994273,363
1711021994636,366
1711021995001,363
1711021995365,367
1711021995732,364
1711021996096,365
1711021996461,363
1711021996824,364
1711021997188,364
1711021997552,363
1711021997915,360
1711021998275,362
1711021998637,364
1711021999001,362
1711021999363,363
1711021999726,361
1711022000087,362
1711022000449,359
1711022000808,363
1711022001171,364
1711022001535,363
1711022001897,361
1711022002259,362
1711022002621,362
1711022002983,363
1711022003345,362
1711022003708,364
1711022004072,364
1711022004436,364
1711022004800,364
1711022005164,363
1711022005527,366
1711022005893,367
1711022006260,363
1711022006623,365
1711022006988,367
1711022007355,366
1711022007721,367
1711022008088,368
1711022008456,368
1711022008824,369
1711022009193,370
1711022009563,369
1711022009932,371
1711022010303,371
1711022010673,373
1711022011047,370
1711022011417,371
1711022011788,369
1711022012157,370
1711022012527,371
1711022012897,372
1711022013270,373
1711022013643,374
1711022014017,375
1711022014392,377
1711022014769,378
1711022015147,379
1711022015526,379
1711022015905,380
1711022016285,380
