phoneTimestamp,duration
1710864435829,627
1710864436456,628
1710864437084,651
1710864437735,692
1710864438427,729
1710864439156,745
1710864439901,756
1710864440657,704
1710864441361,690
1710864442051,693
1710864442744,726
1710864443470,720
1710864444190,674
1710864444864,645
1710864445509,647
1710864446156,624
1710864446780,622
1710864447401,620
1710864448022,619
1710864448641,605
1710864449246,597
1710864449843,595
1710864450438,577
1710864451015,581
1710864451596,578
1710864452174,564
1710864452737,554
1710864453292,549
1710864453841,551
1710864454392,544
1710864454936,539
1710864455475,526
1710864456001,526
1710864456527,526
1710864457053,527
1710864457580,521
1710864458101,525
1710864458625,523
1710864459149,519
1710864459668,521
1710864460189,513
1710864460702,511
1710864461213,506
1710864461719,508
1710864462227,502
1710864462729,496
1710864463225,499
1710864463724,497
1710864464221,491
1710864464712,485
1710864465197,494
1710864465691,489
1710864466180,480
1710864466660,488
1710864467148,486
1710864467633,473
1710864468107,477
1710864468584,482
1710864469065,477
1710864469543,476
1710864470019,469
1710864470488,473
1710864470961,479
1710864471440,466
1710864471905,476
1710864472382,474
1710864472856,475
1710864473331,467
1710864473798,468
1710864474265,480
1710864474745,480
1710864475225,472
1710864475697,468
1710864476166,480
1710864476646,474
1710864477120,482
1710864477601,485
1710864478087,493
1710864478580,487
1710864479067,506
1710864479573,500
1710864480073,486
1710864480559,506
1710864481065,508
1710864481573,512
1710864482085,514
1710864482599,513
1710864483112,510
1710864483622,509
1710864484131,503
1710864484633,516
1710864485150,490
1710864485640,504
1710864486144,508
1710864486652,504
1710864487156,526
1710864487681,533
1710864488215,544
1710864488759,527
1710864489286,533
1710864489819,540
1710864490359,508
1710864490867,532
1710864491399,531
1710864491929,505
1710864492435,525
1710864492960,524
1710864493484,525
1710864494009,535
1710864494544,535
1710864495079,534
1710864495613,541
1710864496153,554
1710864496708,561
1710864497269,556
1710864497825,557
1710864498382,576
1710864498958,629
1710864499587,644
1710864500231,627
1710864500857,655
1710864501513,683
1710864502196,709
1710864502905,676
1710864503581,648
1710864504229,641
1710864504870,660
1710864505529,662
1710864506192,673
1710864506865,656
1710864507521,639
1710864508160,650
1710864508809,688
1710864509497,707
1710864510205,664
1710864510869,674
1710864511543,682
1710864512225,710
1710864512935,752
1710864513687,712
1710864514399,695
1710864515094,697
1710864515791,677
1710864516468,663
1710864517131,688
1710864517819,687
1710864518505,651
1710864519157,658
1710864519815,698
1710864520513,716
1710864521229,750
1710864521979,759
1710864522737,758
1710864523496,703
1710864524199,687
1710864524886,677
1710864525563,644
1710864526207,652
1710864526859,666
1710864527525,714
1710864528239,688
1710864528927,670
1710864529597,703
1710864530300,739
1710864531039,790
1710864531829,798
1710864532627,719
1710864533345,621
1710864533967,658
1710864534625,638
1710864535263,659
1710864535921,717
1710864536639,695
1710864537334,668
1710864538001,688
1710864538689,706
1710864539396,742
1710864540137,771
1710864540909,770
1710864541679,736
1710864542415,703
1710864543118,687
1710864543805,684
1710864544489,670
1710864545159,677
1710864545836,708
1710864546544,756
1710864547300,695
1710864547995,693
1710864548688,701
1710864549389,703
1710864550092,698
1710864550790,629
1710864551419,674
1710864552093,675
1710864552768,677
1710864553445,646
1710864554091,668
1710864554759,707
1710864555465,718
1710864556184,673
1710864556857,678
1710864557535,710
1710864558245,727
1710864558972,678
1710864559649,687
1710864560337,689
1710864561025,705
1710864561731,674
1710864562405,676
1710864563081,651
1710864563732,666
1710864564398,717
1710864565115,736
1710864565851,765
1710864566616,698
1710864567313,697
1710864568011,699
1710864568710,720
1710864569430,690
1710864570120,634
1710864570753,682
1710864571436,722
1710864572158,730
1710864572888,743
1710864573631,748
1710864574379,727
1710864575105,705
1710864575811,703
1710864576513,669
1710864577183,663
1710864577846,677
1710864578523,712
1710864579235,700
1710864579935,641
1710864580576,681
1710864581257,734
1710864581991,778
1710864582769,845
1710864583614,836
1710864584449,718
1710864585168,690
1710864585857,688
1710864586545,744
1710864587289,738
1710864588028,638
1710864588665,693
1710864589359,671
1710864590030,712
1710864590742,612
1710864591353,655
1710864592009,662
1710864592671,649
1710864593320,600
1710864593920,627
1710864594547,637
1710864595184,669
1710864595853,677
1710864596529,605
1710864597135,630
1710864597765,620
1710864598385,636
1710864599021,633
1710864599654,598
1710864600252,612
1710864600864,633
1710864601497,666
1710864602163,699
1710864602862,646
1710864603508,629
1710864604137,639
1710864604776,661
1710864605437,668
1710864606105,619
1710864606724,636
1710864607360,637
1710864607997,658
1710864608655,658
1710864609313,637
1710864609950,660
1710864610609,684
1710864611294,686
1710864611980,692
1710864612672,680
1710864613352,614
1710864613966,630
1710864614596,645
1710864615241,728
1710864615969,778
1710864616747,856
1710864617603,868
1710864618471,830
1710864619301,770
1710864620071,657
1710864620728,637
1710864621365,666
1710864622031,688
1710864622719,730
1710864623449,733
1710864624182,741
1710864624923,755
1710864625678,756
1710864626433,698
1710864627132,681
1710864627813,702
1710864628515,709
1710864629224,669
1710864629893,671
1710864630564,687
1710864631251,717
1710864631968,628
1710864632596,662
1710864633257,646
1710864633904,615
1710864634519,604
1710864635123,592
1710864635715,591
1710864636305,609
1710864636915,630
1710864637545,604
1710864638149,598
1710864638747,594
1710864639341,618
1710864639959,654
1710864640613,703
1710864641316,701
1710864642017,695
1710864642712,679
1710864643391,610
1710864644001,644
1710864644645,650
1710864645295,711
1710864646006,670
1710864646676,695
1710864647371,763
1710864648134,829
1710864648963,849
1710864649812,773
1710864650585,718
1710864651303,716
1710864652019,765
1710864652784,752
1710864653536,744
1710864654280,761
1710864655041,780
1710864655821,743
1710864656564,750
1710864657313,737
1710864658051,752
1710864658803,728
1710864659531,716
1710864660247,715
1710864660961,735
1710864661697,755
1710864662452,771
1710864663223,784
1710864664007,691
1710864664697,636
1710864665334,651
1710864665985,634
1710864666619,613
1710864667232,612
1710864667844,624
1710864668468,637
1710864669105,616
1710864669721,618
1710864670339,645
1710864670984,652
1710864671636,624
1710864672260,629
1710864672889,634
1710864673523,619
1710864674142,622
1710864674764,656
1710864675420,687
1710864676107,687
1710864676793,683
1710864677477,696
1710864678173,739
1710864678912,741
1710864679653,751
1710864680404,748
1710864681152,692
1710864681844,667
1710864682511,695
1710864683206,761
1710864683967,836
1710864684803,822
1710864685625,764
1710864686389,783
1710864687172,831
1710864688003,978
1710864688981,971
1710864689952,843
1710864690795,854
1710864691649,886
1710864692535,885
1710864693420,812
1710864694232,813
1710864695045,896
1710864695941,952
1710864696893,946
1710864697839,902
1710864698741,825
1710864699566,849
1710864700415,886
1710864701301,888
1710864702189,814
1710864703003,804
1710864703807,872
1710864704679,912
1710864705591,921
1710864706512,863
1710864707375,816
1710864708191,838
1710864709029,891
1710864709920,779
1710864710699,829
1710864711528,833
1710864712361,771
1710864713132,759
1710864713891,809
1710864714700,796
1710864715496,783
1710864716279,825
1710864717104,841
1710864717945,839
1710864718784,850
1710864719633,832
1710864720465,800
1710864721265,773
1710864722039,717
1710864722756,746
1710864723502,725
1710864724227,752
1710864724979,723
1710864725702,753
1710864726455,808
1710864727263,979
1710864728241,1010
1710864729252,886
1710864730137,890
1710864731028,927
1710864731955,941
1710864732896,887
1710864733783,795
1710864734577,786
1710864735364,829
1710864736193,872
1710864737065,896
1710864737961,826
1710864738787,825
1710864739612,900
1710864740512,932
1710864741444,893
1710864742337,836
1710864743173,867
1710864744040,865
1710864744905,780
1710864745685,750
1710864746435,771
1710864747206,779
1710864747985,754
1710864748739,736
1710864749475,746
1710864750221,784
1710864751005,827
1710864751832,838
1710864752670,767
1710864753437,730
1710864754167,749
1710864754916,785
1710864755701,830
1710864756531,872
1710864757403,794
1710864758197,766
1710864758963,773
1710864759736,773
1710864760509,813
1710864761321,800
1710864762121,774
1710864762896,786
1710864763681,823
1710864764505,875
1710864765380,885
1710864766265,870
1710864767135,786
1710864767921,751
1710864768672,766
1710864769438,790
1710864770228,854
1710864771081,821
1710864771903,761
1710864772664,770
1710864773433,800
1710864774233,827
1710864775061,857
1710864775918,775
1710864776693,785
1710864777478,779
1710864778257,794
1710864779051,796
1710864779847,744
1710864780591,790
1710864781381,816
1710864782197,851
1710864783048,877
1710864783925,822
1710864784747,768
1710864785515,761
1710864786276,770
1710864787046,809
1710864787855,864
1710864788719,880
1710864789599,761
1710864790360,728
1710864791088,726
1710864791814,761
1710864792575,788
1710864793363,819
1710864794182,847
1710864795029,857
1710864795886,791
1710864796677,763
1710864797440,769
1710864798209,824
1710864799033,859
1710864799892,872
1710864800764,777
1710864801541,739
1710864802280,782
1710864803062,809
1710864803871,897
1710864804768,927
1710864805695,898
1710864806593,820
1710864807413,821
1710864808233,823
1710864809057,832
1710864809889,836
1710864810725,777
1710864811502,734
1710864812236,745
1710864812981,773
1710864813753,836
1710864814590,854
1710864815444,827
1710864816271,738
1710864817009,715
1710864817724,754
1710864818478,785
1710864819263,820
1710864820083,870
1710864820953,803
1710864821756,762
1710864822518,780
1710864823297,793
1710864824091,813
1710864824904,829
1710864825733,754
1710864826487,747
1710864827233,760
1710864827993,797
1710864828791,816
1710864829607,767
1710864830374,743
1710864831117,745
1710864831862,786
1710864832648,856
1710864833504,907
1710864834411,847
1710864835257,794
1710864836052,791
1710864836843,765
1710864837608,785
1710864838393,790
1710864839183,814
1710864839997,776
1710864840773,729
1710864841502,721
1710864842223,756
1710864842979,777
1710864843756,817
1710864844573,838
1710864845411,806
1710864846217,758
1710864846975,759
1710864847734,773
1710864848507,801
1710864849308,828
1710864850136,823
1710864850959,753
1710864851712,706
1710864852417,689
1710864853107,722
1710864853829,774
1710864854603,854
1710864855457,917
1710864856374,901
1710864857275,784
1710864858059,759
1710864858817,771
1710864859589,776
1710864860365,824
1710864861189,866
1710864862055,867
1710864862921,854
1710864863776,802
1710864864577,752
1710864865329,722
1710864866052,731
1710864866783,777
1710864867560,811
1710864868371,865
1710864869236,856
1710864870092,854
1710864870945,766
1710864871712,722
1710864872433,722
1710864873156,751
1710864873907,790
1710864874697,829
1710864875526,829
1710864876355,781
1710864877136,750
1710864877886,746
1710864878632,751
1710864879383,795
1710864880177,801
1710864880979,807
1710864881785,762
1710864882548,730
1710864883278,741
1710864884019,757
1710864884776,780
1710864885556,756
1710864886312,719
1710864887031,724
1710864887755,743
1710864888497,781
1710864889279,811
1710864890089,819
1710864890909,765
1710864891673,758
1710864892432,775
1710864893207,784
1710864893991,813
1710864894804,819
1710864895623,764
1710864896387,738
1710864897125,758
1710864897883,798
1710864898681,849
1710864899529,854
1710864900384,790
1710864901174,737
1710864901911,740
1710864902651,756
1710864903407,783
1710864904190,806
1710864904996,775
1710864905771,759
1710864906529,769
1710864907299,796
1710864908095,810
1710864908905,782
1710864909687,720
1710864910407,715
1710864911121,735
1710864911857,767
1710864912624,814
1710864913438,830
1710864914268,814
1710864915081,759
1710864915841,756
1710864916597,767
1710864917364,810
1710864918174,822
1710864918996,778
1710864919774,743
1710864920517,758
1710864921275,794
1710864922069,823
1710864922892,833
1710864923725,862
1710864924587,783
1710864925369,780
1710864926150,780
1710864926929,781
1710864927711,772
1710864928483,704
1710864929187,706
1710864929893,742
1710864930635,791
1710864931425,855
1710864932281,859
1710864933140,794
1710864933934,734
1710864934668,728
1710864935396,749
1710864936145,789
1710864936934,813
1710864937747,848
1710864938595,800
1710864939395,768
1710864940163,779
1710864940942,779
1710864941721,828
1710864942549,824
1710864943373,767
1710864944140,773
1710864944913,791
1710864945704,809
1710864946513,835
1710864947348,752
1710864948100,766
1710864948865,762
1710864949628,700
1710864950328,665
1710864950993,648
1710864951641,658
1710864952299,679
1710864952977,733
1710864953711,816
1710864954527,848
1710864955375,836
1710864956211,776
1710864956987,729
1710864957716,751
1710864958467,769
1710864959236,809
1710864960045,825
1710864960870,768
1710864961638,708
1710864962345,711
1710864963057,731
1710864963788,774
1710864964561,803
1710864965365,832
1710864966197,800
1710864966997,749
1710864967745,772
1710864968518,791
1710864969309,826
1710864970135,858
1710864970993,889
1710864971881,892
1710864972774,878
1710864973652,864
1710864974516,793
1710864975309,765
1710864976073,791
1710864976865,815
1710864977680,844
1710864978524,823
1710864979347,771
1710864980118,753
1710864980871,779
1710864981649,786
1710864982436,833
1710864983269,840
1710864984109,829
1710864984937,766
1710864985704,742
1710864986446,753
1710864987199,765
1710864987964,793
1710864988757,813
1710864989569,803
1710864990373,751
1710864991124,724
1710864991848,715
1710864992563,739
1710864993302,768
1710864994070,843
1710864994913,878
1710864995791,852
1710864996643,798
1710864997441,729
1710864998169,722
1710864998892,757
1710864999649,806
1710865000455,846
1710865001301,863
1710865002164,837
1710865003001,767
1710865003768,718
1710865004486,677
1710865005163,692
1710865005855,753
1710865006608,799
1710865007407,847
1710865008254,848
1710865009102,831
1710865009933,789
1710865010721,738
1710865011460,743
1710865012203,761
1710865012964,780
1710865013744,779
1710865014523,792
1710865015315,745
1710865016060,726
1710865016785,758
1710865017544,775
1710865018319,820
1710865019139,847
1710865019985,862
1710865020848,825
1710865021673,761
1710865022433,744
1710865023177,753
1710865023931,770
1710865024701,824
1710865025525,808
1710865026333,810
1710865027143,783
1710865027926,736
1710865028662,739
1710865029401,766
1710865030167,784
1710865030951,794
1710865031745,811
1710865032556,808
1710865033364,783
1710865034147,714
1710865034861,691
1710865035552,702
1710865036254,736
1710865036990,776
1710865037766,799
1710865038565,832
1710865039397,840
1710865040237,804
1710865041041,764
1710865041805,775
1710865042580,790
1710865043369,801
1710865044171,815
1710865044985,826
1710865045812,824
1710865046636,762
1710865047398,767
1710865048165,776
1710865048941,799
1710865049740,835
1710865050575,852
1710865051427,784
1710865052211,741
1710865052952,735
1710865053687,738
1710865054425,755
1710865055180,777
1710865055957,784
1710865056741,728
1710865057469,694
1710865058163,707
1710865058870,740
1710865059609,787
1710865060397,813
1710865061209,823
1710865062033,802
1710865062835,732
1710865063567,726
1710865064293,724
1710865065017,749
1710865065766,750
1710865066516,756
1710865067272,722
1710865067993,690
1710865068684,698
1710865069382,736
1710865070118,751
1710865070869,803
1710865071672,822
1710865072494,785
1710865073279,726
1710865074005,728
1710865074733,730
1710865075463,770
1710865076233,803
1710865077036,794
1710865077830,739
1710865078569,723
1710865079292,761
1710865080053,760
1710865080813,777
1710865081590,793
1710865082383,799
1710865083182,774
1710865083956,720
1710865084676,714
1710865085390,731
1710865086121,740
1710865086861,763
1710865087624,788
1710865088412,817
1710865089229,755
1710865089984,734
1710865090718,737
1710865091455,759
1710865092214,795
1710865093009,831
1710865093840,827
1710865094667,758
1710865095425,738
1710865096163,746
1710865096909,768
1710865097677,786
1710865098463,796
1710865099259,748
1710865100007,701
1710865100708,689
1710865101397,725
1710865102121,760
1710865102881,783
1710865103665,791
1710865104456,804
1710865105260,733
1710865105993,703
1710865106696,719
1710865107415,723
1710865108137,760
1710865108897,762
1710865109660,744
1710865110404,699
1710865111103,706
1710865111809,739
1710865112548,785
1710865113333,829
1710865114161,853
1710865115015,791
1710865115806,761
1710865116567,773
1710865117340,771
1710865118111,788
1710865118899,769
1710865119668,768
1710865120436,782
1710865121217,750
1710865121968,710
1710865122678,712
1710865123390,760
1710865124150,818
1710865124968,887
1710865125855,916
1710865126771,842
1710865127613,805
1710865128417,792
1710865129209,811
1710865130021,829
1710865130849,856
1710865131705,887
1710865132593,865
1710865133457,800
1710865134257,793
1710865135051,808
1710865135859,786
1710865136645,804
1710865137449,801
1710865138249,733
1710865138983,715
1710865139697,737
1710865140435,764
1710865141199,847
1710865142046,862
1710865142908,833
1710865143741,844
1710865144585,772
1710865145357,732
1710865146089,727
1710865146816,742
1710865147558,747
1710865148305,794
1710865149099,812
1710865149911,826
1710865150737,809
1710865151545,749
1710865152295,712
1710865153007,729
1710865153736,722
1710865154457,742
1710865155200,796
1710865155996,816
1710865156812,744
1710865157556,751
1710865158307,752
1710865159059,766
1710865159825,773
1710865160598,739
1710865161337,697
1710865162033,680
1710865162713,688
1710865163401,710
1710865164112,739
1710865164851,773
1710865165624,793
1710865166417,737
1710865167153,724
1710865167878,717
1710865168595,738
1710865169333,736
1710865170069,680
1710865170749,696
1710865171445,691
1710865172136,714
1710865172849,715
1710865173565,700
1710865174265,646
1710865174911,652
1710865175563,637
1710865176200,624
1710865176824,607
1710865177431,609
1710865178040,610
1710865178649,607
1710865179257,638
1710865179895,643
1710865180537,641
1710865181179,619
1710865181798,635
1710865182433,638
1710865183071,630
1710865183701,598
1710865184299,600
1710865184899,593
1710865185492,585
1710865186077,601
1710865186678,587
1710865187265,594
1710865187859,586
1710865188445,591
1710865189036,598
1710865189633,584
1710865190217,604
1710865190822,615
1710865191437,637
1710865192073,609
1710865192683,588
1710865193271,591
1710865193862,586
1710865194448,588
1710865195036,575
1710865195611,564
1710865196175,551
1710865196726,548
1710865197273,544
1710865197817,537
1710865198355,535
1710865198889,537
1710865199427,536
1710865199963,530
1710865200493,525
1710865201017,532
1710865201550,532
1710865202081,540
1710865202622,560
1710865203182,604
1710865203785,649
1710865204435,664
1710865205099,621
1710865205720,568
1710865206288,581
1710865206869,586
1710865207455,581
1710865208036,581
1710865208617,563
1710865209180,539
1710865209719,553
1710865210272,553
1710865210825,561
1710865211385,581
1710865211967,590
1710865212557,573
1710865213129,564
1710865213694,567
1710865214261,565
1710865214825,577
1710865215403,582
1710865215985,579
1710865216564,570
1710865217134,560
1710865217694,564
1710865218257,582
1710865218840,604
1710865219444,625
1710865220069,607
1710865220676,572
1710865221248,560
1710865221808,553
1710865222361,558
1710865222919,571
1710865223489,613
1710865224103,646
1710865224749,619
1710865225368,587
1710865225955,586
1710865226541,592
1710865227133,597
1710865227729,588
1710865228318,572
1710865228889,575
1710865229465,585
1710865230049,605
1710865230655,643
1710865231297,685
1710865231983,630
1710865232613,605
1710865233217,603
1710865233821,606
1710865234427,621
1710865235048,620
1710865235668,585
1710865236253,567
1710865236820,567
1710865237387,578
1710865237965,614
1710865238579,680
1710865239259,651
1710865239910,614
1710865240524,584
1710865241108,581
1710865241689,592
1710865242281,610
1710865242891,637
1710865243528,697
1710865244225,698
1710865244923,652
1710865245575,636
1710865246211,650
1710865246861,673
1710865247534,702
1710865248236,714
1710865248950,737
1710865249687,698
1710865250385,646
1710865251031,648
1710865251679,638
1710865252317,642
1710865252959,662
1710865253621,664
1710865254285,636
1710865254921,630
1710865255551,655
1710865256206,666
1710865256872,728
1710865257600,758
1710865258358,701
1710865259059,674
1710865259733,692
1710865260425,681
1710865261105,697
1710865261803,716
1710865262519,696
1710865263215,658
1710865263873,651
1710865264524,654
1710865265177,678
1710865265856,694
1710865266550,699
1710865267249,663
1710865267912,654
1710865268566,661
1710865269227,668
1710865269895,686
1710865270581,683
1710865271264,651
1710865271915,633
1710865272548,634
1710865273182,652
1710865273833,665
1710865274499,722
1710865275221,698
1710865275919,668
1710865276587,627
1710865277214,610
1710865277824,601
1710865278425,601
1710865279025,612
1710865279638,623
1710865280261,599
1710865280860,598
1710865281457,634
1710865282092,674
1710865282766,708
1710865283473,688
1710865284161,639
1710865284801,635
1710865285436,650
1710865286086,658
1710865286744,660
1710865287404,613
1710865288017,603
1710865288620,607
1710865289227,619
1710865289846,666
1710865290512,692
1710865291204,649
1710865291853,627
1710865292480,611
1710865293091,602
1710865293693,605
1710865294297,623
1710865294921,648
1710865295569,624
1710865296193,609
1710865296801,625
1710865297427,637
1710865298064,670
1710865298734,644
1710865299377,607
1710865299985,597
1710865300582,601
1710865301183,641
1710865301824,700
1710865302524,714
1710865303238,664
1710865303902,634
1710865304536,625
1710865305161,637
1710865305798,672
1710865306470,675
1710865307145,653
1710865307798,636
1710865308433,628
1710865309062,625
1710865309687,624
1710865310311,656
1710865310967,630
1710865311597,623
1710865312220,628
1710865312848,657
1710865313505,682
1710865314187,688
1710865314875,647
1710865315521,637
1710865316159,656
1710865316815,657
1710865317472,657
1710865318129,641
1710865318769,612
1710865319382,606
1710865319988,606
1710865320593,623
1710865321217,643
1710865321860,695
1710865322555,731
1710865323286,756
1710865324041,705
1710865324747,668
1710865325415,662
1710865326077,656
1710865326733,659
1710865327392,663
1710865328055,691
1710865328745,657
1710865329403,633
1710865330036,643
1710865330679,685
1710865331364,726
1710865332089,768
1710865332857,747
1710865333605,692
1710865334297,638
1710865334935,627
1710865335561,627
1710865336189,649
1710865336838,703
1710865337541,729
1710865338270,665
1710865338935,671
1710865339606,700
1710865340305,703
1710865341009,702
1710865341711,679
1710865342390,631
1710865343021,621
1710865343641,638
1710865344280,654
1710865344934,712
1710865345646,723
1710865346369,667
1710865347036,665
1710865347701,653
1710865348353,685
1710865349039,688
1710865349727,647
1710865350374,611
1710865350985,602
1710865351587,592
1710865352179,599
1710865352777,602
1710865353380,607
1710865353987,579
1710865354566,563
1710865355129,568
1710865355697,589
1710865356286,617
1710865356903,626
1710865357529,598
1710865358127,571
1710865358697,566
1710865359264,570
1710865359833,581
1710865360415,602
1710865361017,599
1710865361616,563
1710865362179,538
1710865362717,551
1710865363268,552
1710865363820,552
1710865364372,564
1710865364936,580
1710865365516,566
1710865366081,558
1710865366640,564
1710865367204,589
1710865367793,634
1710865368427,678
1710865369105,698
1710865369803,647
1710865370449,600
1710865371049,597
1710865371647,608
1710865372255,627
1710865372881,682
1710865373564,663
1710865374227,636
1710865374863,640
1710865375503,675
1710865376177,696
1710865376873,735
1710865377609,718
1710865378327,670
1710865378997,668
1710865379665,667
1710865380332,704
1710865381036,738
1710865381774,755
1710865382529,711
1710865383240,670
1710865383910,641
1710865384551,638
1710865385189,637
1710865385825,617
1710865386443,602
1710865387045,588
1710865387633,586
1710865388219,609
1710865388828,616
1710865389444,629
1710865390073,609
1710865390681,609
1710865391291,587
1710865391878,544
1710865392422,554
1710865392976,541
1710865393517,537
1710865394054,530
1710865394584,530
1710865395113,532
1710865395646,534
1710865396180,537
1710865396717,541
1710865397257,532
1710865397790,508
1710865398297,521
1710865398819,521
1710865399340,520
1710865399860,516
1710865400376,513
1710865400889,503
1710865401392,511
1710865401903,496
1710865402399,487
1710865402886,489
1710865403375,492
1710865403867,500
1710865404367,507
1710865404873,521
1710865405395,521
1710865405916,534
1710865406449,533
1710865406983,546
1710865407529,546
1710865408075,540
1710865408615,536
1710865409151,529
1710865409680,524
1710865410204,515
1710865410719,505
1710865411224,507
1710865411731,494
1710865412225,491
1710865412716,481
1710865413197,487
1710865413684,475
1710865414159,475
1710865414633,486
1710865415120,492
1710865415612,513
1710865416125,524
1710865416649,569
1710865417217,605
1710865417823,635
1710865418457,647
1710865419105,660
1710865419765,675
1710865420440,652
1710865421092,609
1710865421701,604
1710865422305,604
1710865422909,564
1710865423473,584
1710865424057,581
1710865424638,596
1710865425233,599
1710865425833,613
1710865426446,627
1710865427073,614
1710865427687,598
1710865428285,594
1710865428879,593
1710865429472,586
1710865430057,576
1710865430633,551
1710865431185,576
1710865431761,563
1710865432324,604
1710865432928,634
1710865433561,654
1710865434216,697
1710865434913,716
1710865435629,704
1710865436333,641
1710865436974,630
1710865437604,625
1710865438229,631
1710865438860,630
1710865439489,646
1710865440136,643
1710865440779,635
1710865441414,628
1710865442041,618
1710865442660,607
1710865443267,600
1710865443867,571
1710865444438,570
1710865445008,577
1710865445585,594
1710865446179,667
1710865446846,675
1710865447521,679
1710865448200,683
1710865448883,684
1710865449567,685
1710865450252,664
1710865450916,634
1710865451550,601
1710865452151,599
1710865452750,581
1710865453331,575
1710865453905,608
1710865454513,605
1710865455119,601
1710865455720,632
1710865456352,624
1710865456976,635
1710865457611,629
1710865458240,650
1710865458889,650
1710865459540,661
1710865460201,676
1710865460877,680
1710865461557,676
1710865462233,672
1710865462905,654
1710865463559,637
1710865464196,586
1710865464782,595
1710865465377,565
1710865465942,572
1710865466513,572
1710865467086,643
1710865467729,705
1710865468433,740
1710865469174,751
1710865469925,748
1710865470673,725
1710865471398,693
1710865472091,666
1710865472757,657
1710865473414,638
1710865474052,606
1710865474657,616
1710865475273,639
1710865475913,689
1710865476601,700
1710865477302,706
1710865478008,687
1710865478695,677
1710865479372,670
1710865480041,641
1710865480683,614
1710865481297,565
1710865481862,556
1710865482417,569
1710865482987,575
1710865483561,595
1710865484157,624
1710865484781,649
1710865485430,674
1710865486104,698
1710865486801,726
1710865487528,676
1710865488204,646
1710865488849,638
1710865489488,622
1710865490110,614
1710865490724,640
1710865491364,643
1710865492007,681
1710865492688,678
1710865493366,701
1710865494067,736
1710865494803,751
1710865495553,732
1710865496286,728
1710865497014,722
1710865497736,684
1710865498420,650
1710865499070,655
1710865499725,641
1710865500366,645
1710865501011,644
1710865501655,717
1710865502372,788
1710865503160,811
1710865503971,794
1710865504765,782
1710865505547,783
1710865506329,728
1710865507057,717
1710865507775,690
1710865508465,651
1710865509116,698
1710865509814,700
1710865510513,700
1710865511214,710
1710865511924,679
1710865512603,642
1710865513245,644
1710865513889,657
1710865514545,671
1710865515217,679
1710865515896,688
1710865516584,677
1710865517261,646
1710865517907,629
1710865518536,629
1710865519165,579
1710865519744,576
1710865520320,565
1710865520885,575
1710865521460,589
1710865522049,642
1710865522691,688
1710865523379,699
1710865524078,702
1710865524780,609
1710865525389,666
1710865526055,592
1710865526647,632
1710865527279,631
1710865527910,655
1710865528565,664
1710865529229,642
1710865529871,643
1710865530513,576
1710865531089,605
1710865531695,582
1710865532277,577
1710865532854,585
1710865533439,584
1710865534023,603
1710865534625,615
1710865535241,638
1710865535879,615
1710865536494,647
1710865537141,691
1710865537832,733
1710865538565,688
1710865539253,688
1710865539941,698
1710865540639,699
1710865541337,625
1710865541963,685
1710865542648,657
1710865543305,650
1710865543955,680
1710865544635,639
1710865545273,675
1710865545949,671
1710865546620,687
1710865547307,667
1710865547974,672
1710865548646,658
1710865549304,671
1710865549975,661
1710865550636,653
1710865551289,591
1710865551880,616
1710865552496,630
1710865553126,683
1710865553809,720
1710865554529,735
1710865555264,749
1710865556013,743
1710865556756,680
1710865557436,645
1710865558081,634
1710865558715,638
1710865559353,623
1710865559976,621
1710865560597,645
1710865561241,659
1710865561901,671
1710865562572,658
1710865563230,658
1710865563888,672
1710865564560,590
1710865565150,620
1710865565769,573
1710865566343,580
1710865566923,595
1710865567518,606
1710865568124,621
1710865568745,672
1710865569417,730
1710865570147,728
1710865570875,765
1710865571640,768
1710865572408,771
1710865573179,757
1710865573936,727
1710865574663,681
1710865575344,635
1710865575979,626
1710865576605,629
1710865577233,664
1710865577897,709
1710865578607,748
1710865579355,738
1710865580093,770
1710865580863,807
1710865581670,840
1710865582510,782
1710865583292,791
1710865584083,813
1710865584896,827
1710865585723,841
1710865586564,833
1710865587397,808
1710865588205,742
1710865588947,732
1710865589679,734
1710865590413,818
1710865591231,927
1710865592158,939
1710865593097,970
1710865594067,954
1710865595021,837
1710865595857,788
1710865596646,781
1710865597427,842
1710865598269,805
1710865599073,773
1710865599847,815
1710865600662,906
1710865601568,969
1710865602537,971
1710865603508,975
1710865604483,979
1710865605462,965
1710865606427,929
1710865607356,818
1710865608174,774
1710865608948,747
1710865609695,938
1710865610633,963
1710865611596,998
1710865612593,1025
1710865613619,1008
1710865614627,985
1710865615612,949
1710865616561,917
1710865617478,884
1710865618361,830
1710865619192,894
1710865620086,983
1710865621069,938
1710865622007,949
1710865622956,993
1710865623949,976
1710865624925,965
1710865625889,903
1710865626793,909
1710865627702,981
1710865628683,997
1710865629680,928
1710865630608,838
1710865631446,834
1710865632280,934
1710865633214,992
1710865634206,977
1710865635183,976
1710865636159,952
1710865637111,928
1710865638039,836
1710865638875,796
1710865639671,775
1710865640446,885
1710865641331,977
1710865642308,967
1710865643275,944
1710865644219,917
1710865645136,882
1710865646017,820
1710865646838,751
1710865647589,678
1710865648267,767
1710865649033,797
1710865649831,900
1710865650731,930
1710865651661,944
1710865652605,900
1710865653505,834
1710865654339,709
1710865655048,700
1710865655748,756
1710865656504,778
1710865657281,859
1710865658141,987
1710865659128,990
1710865660118,963
1710865661081,883
1710865661964,775
1710865662739,730
1710865663469,771
1710865664240,825
1710865665065,913
1710865665977,1014
1710865666992,963
1710865667955,932
1710865668887,889
1710865669776,808
1710865670584,749
1710865671333,702
1710865672035,732
1710865672767,776
1710865673543,860
1710865674403,965
1710865675368,958
1710865676326,938
1710865677264,858
1710865678121,758
1710865678880,720
1710865679600,743
1710865680343,754
1710865681097,808
1710865681905,862
1710865682767,963
1710865683729,924
1710865684654,905
1710865685559,862
1710865686421,816
1710865687237,759
1710865687996,690
1710865688686,732
1710865689417,720
1710865690137,770
1710865690908,837
1710865691745,944
1710865692689,952
1710865693641,938
1710865694579,893
1710865695472,774
1710865696246,718
1710865696964,719
1710865697683,731
1710865698414,768
1710865699182,790
1710865699972,833
1710865700805,852
1710865701657,878
1710865702535,854
1710865703389,772
1710865704161,730
1710865704891,732
1710865705623,781
1710865706404,815
1710865707219,863
1710865708081,852
1710865708934,818
1710865709752,784
1710865710536,719
1710865711255,660
1710865711915,695
1710865712609,729
1710865713339,803
1710865714142,856
1710865714998,914
1710865715912,889
1710865716801,878
1710865717679,838
1710865718517,807
1710865719324,770
1710865720094,723
1710865720817,670
1710865721487,705
1710865722192,735
1710865722927,792
1710865723719,861
1710865724580,861
1710865725441,869
1710865726310,860
1710865727169,824
1710865727993,738
1710865728732,672
1710865729404,714
1710865730118,741
1710865730859,787
1710865731646,864
1710865732510,863
1710865733373,858
1710865734231,771
1710865735001,738
1710865735740,731
1710865736471,771
1710865737241,801
1710865738043,876
1710865738919,882
1710865739801,853
1710865740654,787
1710865741441,730
1710865742171,698
1710865742869,715
1710865743584,776
1710865744360,804
1710865745164,852
1710865746016,864
1710865746880,873
1710865747753,880
1710865748633,834
1710865749467,772
1710865750239,744
1710865750983,765
1710865751748,809
1710865752557,906
1710865753463,893
1710865754356,881
1710865755237,826
1710865756063,766
1710865756829,729
1710865757558,757
1710865758315,791
1710865759105,867
1710865759973,894
1710865760867,871
1710865761737,768
1710865762505,734
1710865763240,729
1710865763969,768
1710865764737,775
1710865765512,854
1710865766366,859
1710865767225,845
1710865768070,761
1710865768831,724
1710865769555,716
1710865770271,745
1710865771016,804
1710865771820,841
1710865772661,830
1710865773491,763
1710865774254,714
1710865774968,749
1710865775717,747
1710865776464,702
1710865777166,665
1710865777831,681
1710865778512,698
1710865779209,769
1710865779979,832
1710865780811,859
1710865781670,873
1710865782543,884
1710865783427,875
1710865784302,797
1710865785099,737
1710865785836,729
1710865786565,769
1710865787334,815
1710865788149,864
1710865789013,908
1710865789921,908
1710865790829,883
1710865791712,784
1710865792496,744
1710865793240,743
1710865793983,791
1710865794774,829
1710865795603,874
1710865796477,912
1710865797389,906
1710865798295,856
1710865799151,773
1710865799924,695
1710865800619,729
1710865801348,741
1710865802089,809
1710865802897,868
1710865803766,933
1710865804699,916
1710865805615,892
1710865806507,836
1710865807343,770
1710865808113,738
1710865808851,741
1710865809592,789
1710865810381,859
1710865811240,938
1710865812177,953
1710865813131,927
1710865814057,822
1710865814880,789
1710865815669,822
1710865816491,872
1710865817363,893
1710865818256,884
1710865819140,880
1710865820020,881
1710865820901,823
1710865821724,771
1710865822495,747
1710865823241,788
1710865824030,836
1710865824865,886
1710865825752,923
1710865826675,933
1710865827608,918
1710865828526,839
1710865829365,780
1710865830145,758
1710865830903,791
1710865831694,857
1710865832551,960
1710865833511,975
1710865834486,979
1710865835465,918
1710865836383,871
1710865837254,792
1710865838046,742
1710865838788,771
1710865839559,841
1710865840400,893
1710865841293,927
1710865842220,934
1710865843153,893
1710865844047,798
1710865844845,756
1710865845601,771
1710865846372,831
1710865847203,907
1710865848110,936
1710865849046,930
1710865849976,834
1710865850809,805
1710865851615,820
1710865852435,882
1710865853317,926
1710865854243,910
1710865855153,887
1710865856040,861
1710865856901,796
1710865857697,749
1710865858446,742
1710865859188,780
1710865859968,830
1710865860798,927
1710865861725,940
1710865862665,936
1710865863601,915
1710865864516,849
1710865865365,768
1710865866133,728
1710865866861,740
1710865867601,782
1710865868383,870
1710865869253,904
1710865870157,916
1710865871073,901
1710865871974,898
1710865872872,818
1710865873689,754
1710865874444,731
1710865875175,731
1710865875905,764
1710865876670,848
1710865877518,902
1710865878420,925
1710865879345,928
1710865880273,915
1710865881188,867
1710865882055,788
1710865882843,712
1710865883555,738
1710865884293,769
1710865885062,811
1710865885873,889
1710865886761,897
1710865887659,882
1710865888541,907
1710865889448,837
1710865890285,780
1710865891065,781
1710865891846,751
1710865892597,765
1710865893361,770
1710865894132,715
1710865894847,703
1710865895550,721
1710865896271,693
1710865896964,659
1710865897623,664
1710865898287,692
1710865898979,686
1710865899665,659
1710865900324,646
1710865900969,635
1710865901605,638
1710865902243,646
1710865902889,652
1710865903541,656
1710865904197,649
1710865904846,640
1710865905486,637
1710865906123,619
1710865906742,604
1710865907345,600
1710865907945,597
1710865908543,604
1710865909147,647
1710865909793,691
1710865910485,713
1710865911198,745
1710865911943,779
1710865912721,771
1710865913493,739
1710865914232,754
1710865914985,763
1710865915749,775
1710865916524,787
1710865917311,765
1710865918076,774
1710865918849,770
1710865919620,761
1710865920381,726
1710865921107,715
1710865921822,698
1710865922520,708
1710865923228,719
1710865923947,719
1710865924665,714
1710865925380,695
1710865926075,705
1710865926780,729
1710865927509,714
1710865928223,699
1710865928921,706
1710865929628,674
1710865930302,668
1710865930969,621
1710865931591,675
1710865932265,658
1710865932924,696
1710865933620,732
1710865934352,736
1710865935088,739
1710865935827,736
1710865936563,736
1710865937299,725
1710865938024,714
1710865938737,692
1710865939430,686
1710865940116,679
1710865940795,650
1710865941445,670
1710865942115,683
1710865942798,704
1710865943502,710
1710865944212,724
1710865944936,695
1710865945631,624
1710865946255,670
1710865946925,667
1710865947592,703
1710865948295,725
1710865949020,696
1710865949716,652
1710865950368,655
1710865951023,649
1710865951672,666
1710865952337,699
1710865953037,722
1710865953759,719
1710865954478,739
1710865955217,716
1710865955933,711
1710865956644,712
1710865957356,702
1710865958057,695
1710865958753,702
1710865959455,659
1710865960113,651
1710865960765,672
1710865961437,682
1710865962119,728
1710865962847,743
1710865963590,742
1710865964332,723
1710865965055,691
1710865965745,712
1710865966457,716
1710865967174,743
1710865967917,753
1710865968670,746
1710865969416,711
1710865970127,674
1710865970801,678
1710865971479,683
1710865972161,693
1710865972855,742
1710865973597,761
1710865974358,765
1710865975123,738
1710865975861,761
1710865976622,753
1710865977375,764
1710865978139,748
1710865978887,733
1710865979620,712
1710865980332,683
1710865981015,645
1710865981660,665
1710865982325,688
1710865983013,729
1710865983742,786
1710865984528,802
1710865985329,780
1710865986110,796
1710865986905,763
1710865987669,716
1710865988385,740
1710865989125,743
1710865989868,747
1710865990615,783
1710865991398,798
1710865992196,718
1710865992913,747
1710865993661,741
1710865994401,766
1710865995168,759
1710865995927,743
1710865996670,698
1710865997368,732
1710865998100,759
1710865998859,807
1710865999665,803
1710866000469,736
1710866001205,697
1710866001902,721
1710866002623,735
1710866003358,772
1710866004129,831
1710866004961,839
1710866005800,870
1710866006670,859
1710866007529,845
1710866008374,771
1710866009145,716
1710866009861,735
1710866010596,728
1710866011324,756
1710866012080,768
1710866012848,774
1710866013622,728
1710866014350,719
1710866015069,757
1710866015825,815
1710866016641,835
1710866017476,846
1710866018321,733
1710866019055,732
1710866019787,714
1710866020501,713
1710866021214,735
1710866021949,719
1710866022668,701
1710866023369,732
1710866024101,771
1710866024872,774
1710866025646,771
1710866026417,717
1710866027134,702
1710866027836,713
1710866028549,704
1710866029253,709
1710866029961,727
1710866030689,688
1710866031377,663
1710866032040,685
1710866032725,707
1710866033432,761
1710866034193,782
1710866034975,760
1710866035735,692
1710866036427,696
1710866037123,695
1710866037817,729
1710866038547,674
1710866039221,640
1710866039861,641
1710866040502,664
1710866041166,635
1710866041801,637
1710866042438,647
1710866043085,689
1710866043774,721
1710866044495,751
1710866045246,750
1710866045996,743
1710866046739,697
1710866047436,719
1710866048155,734
1710866048889,740
1710866049629,742
1710866050371,729
1710866051100,677
1710866051777,706
1710866052483,736
1710866053219,739
1710866053958,765
1710866054723,724
1710866055447,694
1710866056141,716
1710866056857,738
1710866057595,753
1710866058348,728
1710866059076,687
1710866059763,714
1710866060477,708
1710866061185,719
1710866061904,743
1710866062647,767
1710866063414,773
1710866064187,777
1710866064964,709
1710866065673,680
1710866066353,695
1710866067048,739
1710866067787,799
1710866068585,829
1710866069415,841
1710866070256,852
1710866071108,782
1710866071889,725
1710866072615,777
1710866073392,808
1710866074200,823
1710866075023,831
1710866075854,743
1710866076597,757
1710866077353,773
1710866078127,791
1710866078918,773
1710866079691,715
1710866080406,728
1710866081134,768
1710866081902,845
1710866082747,893
1710866083640,860
1710866084500,756
1710866085256,783
1710866086039,804
1710866086843,842
1710866087685,831
1710866088516,755
1710866089271,789
1710866090060,813
1710866090873,859
1710866091732,809
1710866092541,729
1710866093270,760
1710866094030,809
1710866094839,839
1710866095678,794
1710866096472,831
1710866097303,811
1710866098113,781
1710866098895,757
1710866099652,713
1710866100365,683
1710866101048,690
1710866101737,711
1710866102449,738
1710866103187,697
1710866103884,671
1710866104555,673
1710866105228,680
1710866105908,686
1710866106593,643
1710866107237,644
1710866107881,646
1710866108527,633
1710866109160,620
1710866109780,625
1710866110405,637
1710866111041,621
1710866111663,605
1710866112268,614
1710866112881,611
1710866113493,609
1710866114102,603
1710866114705,601
1710866115305,590
1710866115896,574
1710866116470,568
1710866117038,570
1710866117608,568
1710866118176,570
1710866118745,562
1710866119308,561
1710866119869,564
1710866120433,568
1710866121001,577
1710866121577,575
1710866122153,563
1710866122716,572
1710866123288,578
1710866123865,617
1710866124483,628
1710866125111,597
1710866125708,625
1710866126333,604
1710866126937,616
1710866127553,598
1710866128151,584
1710866128735,576
1710866129311,547
1710866129857,541
1710866130399,550
1710866130949,545
1710866131494,549
1710866132043,558
1710866132601,572
1710866133173,586
1710866133759,622
1710866134381,622
1710866135003,647
1710866135649,618
1710866136268,588
1710866136856,582
1710866137438,551
1710866137989,546
1710866138535,553
1710866139088,561
1710866139649,560
1710866140209,555
1710866140764,557
1710866141321,556
1710866141877,548
1710866142425,554
1710866142979,564
1710866143543,574
1710866144117,580
1710866144697,547
1710866145244,563
1710866145807,567
1710866146374,576
1710866146950,604
1710866147553,590
1710866148144,626
1710866148769,625
1710866149395,646
1710866150041,654
1710866150695,633
1710866151328,672
1710866152000,716
1710866152716,670
1710866153385,681
1710866154067,665
1710866154732,681
1710866155413,679
1710866156092,643
1710866156735,652
1710866157387,646
1710866158033,694
1710866158727,717
1710866159444,728
1710866160172,735
1710866160907,770
1710866161677,767
1710866162444,753
1710866163197,719
1710866163916,708
1710866164624,706
1710866165329,666
1710866165996,650
1710866166646,665
1710866167311,737
1710866168048,805
1710866168853,838
1710866169691,832
1710866170523,771
1710866171294,708
1710866172001,662
1710866172664,648
1710866173312,617
1710866173929,620
1710866174549,649
1710866175198,623
1710866175821,627
1710866176448,612
1710866177060,635
1710866177695,669
1710866178364,711
1710866179075,752
1710866179827,781
1710866180608,783
1710866181391,775
1710866182166,709
1710866182875,674
1710866183549,676
1710866184225,753
1710866184977,833
1710866185811,902
1710866186713,778
1710866187491,842
1710866188333,856
1710866189189,905
1710866190094,899
1710866190993,814
1710866191807,821
1710866192628,913
1710866193541,982
1710866194523,920
1710866195443,913
1710866196356,815
1710866197171,816
1710866197987,889
1710866198876,792
1710866199668,746
1710866200414,804
1710866201217,906
1710866202124,953
1710866203077,1011
1710866204088,1008
1710866205096,906
1710866206001,850
1710866206852,880
1710866207732,922
1710866208654,993
1710866209647,905
1710866210552,948
1710866211500,972
1710866212472,941
1710866213413,959
1710866214372,867
1710866215239,784
1710866216023,833
1710866216856,904
1710866217760,990
1710866218750,930
1710866219680,834
1710866220513,884
1710866221398,912
1710866222310,834
1710866223144,783
1710866223927,771
1710866224697,808
1710866225505,938
1710866226444,974
1710866227417,1002
1710866228420,996
1710866229416,985
1710866230401,974
1710866231375,950
1710866232325,855
1710866233180,803
1710866233983,884
1710866234867,960
1710866235827,959
1710866236785,923
1710866237709,815
1710866238524,808
1710866239332,901
1710866240233,984
1710866241217,972
1710866242189,970
1710866243159,941
1710866244100,844
1710866244944,786
1710866245729,812
1710866246542,903
1710866247445,930
1710866248375,947
1710866249321,947
1710866250269,873
1710866251142,823
1710866251965,912
1710866252877,979
1710866253856,1005
1710866254861,938
1710866255799,900
1710866256699,817
1710866257516,782
1710866258297,833
1710866259131,922
1710866260053,973
1710866261025,937
1710866261963,851
1710866262814,867
1710866263681,951
1710866264632,953
1710866265585,916
1710866266501,835
1710866267336,764
1710866268100,719
1710866268819,717
1710866269536,791
1710866270327,855
1710866271182,971
1710866272153,970
1710866273123,1018
1710866274141,941
1710866275081,813
1710866275895,758
1710866276653,771
1710866277424,847
1710866278271,876
1710866279147,861
1710866280008,845
1710866280853,829
1710866281681,767
1710866282449,685
1710866283134,740
1710866283873,734
1710866284608,787
1710866285395,836
1710866286231,882
1710866287113,875
1710866287988,861
1710866288849,839
1710866289688,759
1710866290447,700
1710866291147,742
1710866291889,767
1710866292656,813
1710866293469,909
1710866294377,896
1710866295273,893
1710866296167,859
1710866297025,765
1710866297791,751
1710866298542,780
1710866299321,829
1710866300151,892
1710866301043,902
1710866301945,894
1710866302839,791
1710866303630,760
1710866304390,778
1710866305168,719
1710866305887,672
1710866306559,720
1710866307279,736
1710866308015,820
1710866308835,922
1710866309757,933
1710866310689,906
1710866311596,894
1710866312489,804
1710866313294,720
1710866314014,738
1710866314752,747
1710866315499,820
1710866316319,885
1710866317204,921
1710866318125,934
1710866319059,930
1710866319989,892
1710866320881,787
1710866321668,748
1710866322416,749
1710866323165,823
1710866323988,867
1710866324855,908
1710866325763,929
1710866326692,912
1710866327604,886
1710866328489,861
1710866329351,807
1710866330158,753
1710866330911,723
1710866331633,757
1710866332391,821
1710866333212,843
1710866334055,854
1710866334909,841
1710866335750,837
1710866336587,817
1710866337404,759
1710866338163,736
1710866338899,733
1710866339632,774
1710866340406,833
1710866341239,886
1710866342125,865
1710866342990,854
1710866343844,850
1710866344694,823
1710866345517,784
1710866346301,738
1710866347039,737
1710866347776,765
1710866348541,809
1710866349350,844
1710866350193,868
1710866351062,870
1710866351932,831
1710866352763,774
1710866353537,744
1710866354281,756
1710866355037,780
1710866355817,817
1710866356633,807
1710866357441,826
1710866358267,750
1710866359017,725
1710866359742,728
1710866360470,719
1710866361189,778
1710866361967,840
1710866362807,858
1710866363665,875
1710866364540,869
1710866365409,813
1710866366222,739
1710866366961,687
1710866367648,715
1710866368363,734
1710866369097,789
1710866369886,853
1710866370739,883
1710866371622,887
1710866372509,888
1710866373397,862
1710866374259,826
1710866375085,782
1710866375867,736
1710866376603,688
1710866377291,724
1710866378015,743
1710866378758,785
1710866379543,855
1710866380398,854
1710866381252,855
1710866382107,844
1710866382951,748
1710866383699,724
1710866384423,724
1710866385147,747
1710866385894,777
1710866386671,861
1710866387532,898
1710866388430,896
1710866389326,872
1710866390198,797
1710866390995,749
1710866391744,741
1710866392485,761
1710866393246,807
1710866394053,874
1710866394927,855
1710866395782,851
1710866396633,850
1710866397483,836
1710866398319,796
1710866399115,758
1710866399873,746
1710866400619,742
1710866401361,763
1710866402124,832
1710866402956,937
1710866403893,950
1710866404843,926
1710866405769,894
1710866406663,789
1710866407452,744
1710866408196,729
1710866408925,768
1710866409693,817
1710866410510,883
1710866411393,898
1710866412291,889
1710866413180,893
1710866414073,863
1710866414936,784
1710866415720,752
1710866416472,765
1710866417237,800
1710866418037,781
1710866418817,792
1710866419609,788
1710866420398,790
1710866421188,786
1710866421974,790
1710866422764,748
1710866423512,732
1710866424244,725
1710866424969,748
1710866425717,818
1710866426535,896
1710866427431,933
1710866428364,939
1710866429303,914
1710866430217,899
1710866431116,867
1710866431983,815
1710866432798,800
1710866433598,834
1710866434432,877
1710866435309,922
1710866436231,943
1710866437174,966
1710866438140,948
1710866439088,882
1710866439969,842
1710866440812,844
1710866441656,884
1710866442540,907
1710866443447,928
1710866444375,944
1710866445319,957
1710866446276,940
1710866447216,869
1710866448085,832
1710866448917,862
1710866449779,902
1710866450681,920
1710866451601,921
1710866452521,901
1710866453423,899
1710866454321,876
1710866455198,807
1710866456005,754
1710866456759,763
1710866457521,774
1710866458296,839
1710866459135,877
1710866460012,908
1710866460920,922
1710866461841,858
1710866462700,804
1710866463504,780
1710866464284,814
1710866465097,867
1710866465965,942
1710866466907,945
1710866467852,924
1710866468776,898
1710866469673,790
1710866470464,748
1710866471212,758
1710866471969,805
1710866472775,828
1710866473603,908
1710866474511,919
1710866475430,906
1710866476336,852
1710866477188,787
1710866477975,754
1710866478729,774
1710866479503,784
1710866480287,821
1710866481108,840
1710866481948,886
1710866482833,877
1710866483711,872
1710866484583,870
1710866485453,839
1710866486292,811
1710866487103,786
1710866487889,801
1710866488689,894
1710866489584,989
1710866490573,999
1710866491572,944
1710866492516,877
1710866493393,836
1710866494229,800
1710866495029,723
1710866495752,692
1710866496444,733
1710866497177,688
1710866497865,740
1710866498605,729
1710866499334,725
1710866500059,746
1710866500805,746
1710866501551,781
1710866502332,778
1710866503110,717
1710866503827,691
1710866504518,688
1710866505206,681
1710866505887,656
1710866506543,664
1710866507207,667
1710866507873,681
1710866508555,684
1710866509239,662
1710866509901,649
1710866510550,626
1710866511176,606
1710866511782,587
1710866512369,579
1710866512948,567
1710866513515,573
1710866514088,571
1710866514659,579
1710866515238,596
1710866515833,621
1710866516455,598
1710866517053,606
1710866517659,622
1710866518281,636
1710866518917,652
1710866519569,652
1710866520221,607
1710866520828,650
1710866521478,643
1710866522121,646
1710866522767,664
1710866523431,670
1710866524101,672
1710866524773,675
1710866525448,661
1710866526109,659
1710866526768,656
1710866527424,653
1710866528077,651
1710866528728,652
1710866529380,653
1710866530033,662
1710866530695,660
1710866531355,656
1710866532011,654
1710866532665,668
1710866533333,663
1710866533996,670
1710866534665,671
1710866535337,660
1710866535997,665
1710866536662,666
1710866537328,681
1710866538009,661
1710866538670,642
1710866539312,638
1710866539950,632
1710866540582,651
1710866541233,664
1710866541897,672
1710866542569,640
1710866543209,595
1710866543804,602
1710866544406,607
1710866545013,586
1710866545599,574
1710866546173,566
1710866546739,557
1710866547296,561
1710866547857,566
1710866548423,584
1710866549007,603
1710866549609,627
1710866550237,638
1710866550875,631
1710866551505,632
1710866552137,640
1710866552777,658
1710866553436,669
1710866554105,685
1710866554790,669
1710866555459,691
1710866556150,707
1710866556857,719
1710866557576,750
1710866558326,765
1710866559091,806
1710866559897,811
1710866560708,805
1710866561513,797
1710866562310,756
1710866563065,767
1710866563833,766
1710866564599,787
1710866565385,798
1710866566184,734
1710866566918,742
1710866567660,742
1710866568401,752
1710866569153,744
1710866569897,756
1710866570654,762
1710866571416,756
1710866572172,729
1710866572901,685
1710866573585,672
1710866574257,668
1710866574926,682
1710866575608,704
1710866576312,714
1710866577025,761
1710866577787,800
1710866578587,797
1710866579384,793
1710866580177,801
1710866580977,782
1710866581760,766
1710866582526,768
1710866583294,778
1710866584072,774
1710866584846,785
1710866585631,797
1710866586428,807
1710866587235,822
1710866588057,811
1710866588868,798
1710866589665,773
1710866590439,775
1710866591214,761
1710866591975,765
1710866592740,756
1710866593496,717
1710866594213,738
1710866594951,723
1710866595673,738
1710866596412,732
1710866597144,688
1710866597832,684
1710866598516,690
1710866599206,716
1710866599921,729
1710866600651,693
1710866601344,704
1710866602048,708
1710866602756,712
1710866603468,728
1710866604196,688
1710866604884,701
1710866605585,704
1710866606289,737
1710866607025,715
1710866607741,696
1710866608437,730
1710866609167,764
1710866609931,800
1710866610731,805
1710866611536,807
1710866612343,830
1710866613173,814
1710866613987,756
1710866614743,773
1710866615516,764
1710866616280,790
1710866617070,817
1710866617887,806
1710866618693,790
1710866619483,842
1710866620325,833
1710866621158,781
1710866621939,772
1710866622711,776
1710866623487,795
1710866624281,746
1710866625028,752
1710866625780,800
1710866626580,843
1710866627423,850
1710866628273,861
1710866629134,765
1710866629899,783
1710866630681,776
1710866631457,765
1710866632223,714
1710866632937,767
1710866633704,838
1710866634542,870
1710866635412,886
1710866636297,817
1710866637115,800
1710866637915,831
1710866638745,832
1710866639577,815
1710866640393,751
1710866641144,766
1710866641910,792
1710866642702,784
1710866643486,807
1710866644293,840
1710866645133,804
1710866645937,756
1710866646693,760
1710866647453,782
1710866648235,808
1710866649043,790
1710866649833,760
1710866650593,720
1710866651313,738
1710866652051,755
1710866652806,764
1710866653569,765
1710866654335,733
1710866655068,761
1710866655829,778
1710866656607,815
1710866657422,814
1710866658236,781
1710866659017,758
1710866659775,767
1710866660542,812
1710866661353,826
1710866662180,782
1710866662961,820
1710866663782,826
1710866664608,829
1710866665437,756
1710866666193,704
1710866666897,738
1710866667635,784
1710866668419,805
1710866669224,812
1710866670036,735
1710866670771,761
1710866671532,770
1710866672302,800
1710866673102,812
1710866673913,769
1710866674683,788
1710866675471,783
1710866676254,780
1710866677033,792
1710866677825,729
1710866678555,748
1710866679303,775
1710866680078,790
1710866680868,784
1710866681652,726
1710866682377,744
1710866683121,760
1710866683881,770
1710866684652,750
1710866685401,706
1710866686108,749
1710866686857,720
1710866687577,686
1710866688263,733
1710866688996,746
1710866689742,721
1710866690463,749
1710866691212,762
1710866691974,769
1710866692743,711
1710866693454,731
1710866694185,720
1710866694905,728
1710866695633,712
1710866696345,684
1710866697029,737
1710866697766,777
1710866698543,813
1710866699356,786
1710866700142,766
1710866700908,794
1710866701702,790
1710866702492,729
1710866703221,737
1710866703958,750
1710866704708,767
1710866705475,732
1710866706207,731
1710866706937,766
1710866707704,784
1710866708488,715
1710866709203,732
1710866709935,756
1710866710691,767
1710866711457,764
1710866712222,719
1710866712941,708
1710866713649,728
1710866714377,740
1710866715117,767
1710866715884,772
1710866716656,725
1710866717381,744
1710866718125,765
1710866718889,778
1710866719668,798
1710866720465,734
1710866721200,746
1710866721945,732
1710866722678,738
1710866723416,713
1710866724129,679
1710866724808,706
1710866725513,736
1710866726249,769
1710866727019,733
1710866727752,756
1710866728508,788
1710866729296,788
1710866730084,723
1710866730807,744
1710866731551,754
1710866732305,769
1710866733073,724
1710866733798,724
1710866734521,734
1710866735256,755
1710866736011,753
1710866736764,709
1710866737473,745
1710866738217,756
1710866738974,771
1710866739745,809
1710866740553,747
1710866741301,752
1710866742053,767
1710866742820,776
1710866743596,764
1710866744360,698
1710866745057,726
1710866745784,753
1710866746537,764
1710866747301,718
1710866748019,754
1710866748773,777
1710866749550,790
1710866750340,760
1710866751100,766
1710866751865,759
1710866752625,756
1710866753381,781
1710866754161,787
1710866754949,799
1710866755748,819
1710866756567,755
1710866757321,777
1710866758099,770
1710866758869,763
1710866759632,724
1710866760356,730
1710866761086,712
1710866761798,723
1710866762521,721
1710866763241,676
1710866763918,677
1710866764595,704
1710866765299,724
1710866766023,685
1710866766708,690
1710866767398,731
1710866768129,753
1710866768881,747
1710866769629,728
1710866770357,775
1710866771132,818
1710866771950,791
1710866772741,734
1710866773475,673
1710866774148,777
1710866774925,839
1710866775764,1005
1710866776769,1043
1710866777812,1017
1710866778829,924
1710866779753,956
1710866780709,979
1710866781688,979
1710866782667,1010
1710866783677,1010
1710866784687,1033
1710866785720,1040
1710866786760,1018
1710866787777,1012
1710866788790,1012
1710866789801,974
1710866790776,902
1710866791678,984
1710866792662,1007
1710866793669,1014
1710866794683,1012
1710866795695,958
1710866796653,858
1710866797511,856
1710866798367,900
1710866799267,965
1710866800232,973
1710866801205,964
1710866802169,895
1710866803064,824
1710866803888,884
1710866804772,907
1710866805679,910
1710866806589,931
1710866807520,929
1710866808449,890
1710866809339,782
1710866810121,852
1710866810973,880
1710866811853,881
1710866812734,884
1710866813617,831
1710866814449,775
1710866815224,869
1710866816093,834
1710866816927,847
1710866817774,844
1710866818617,819
1710866819437,822
1710866820259,811
1710866821070,804
1710866821873,811
1710866822685,753
1710866823438,701
1710866824139,731
1710866824870,758
1710866825628,798
1710866826425,824
1710866827249,794
1710866828044,741
1710866828785,770
1710866829555,798
1710866830353,837
1710866831190,863
1710866832053,806
1710866832859,776
1710866833635,805
1710866834440,843
1710866835283,886
1710866836169,901
1710866837070,902
1710866837972,802
1710866838774,788
1710866839561,809
1710866840371,833
1710866841204,886
1710866842089,918
1710866843008,840
1710866843848,842
1710866844689,864
1710866845553,918
1710866846472,956
1710866847428,952
1710866848380,854
1710866849233,782
1710866850016,813
1710866850829,876
1710866851705,935
1710866852640,935
1710866853575,848
1710866854423,907
1710866855329,934
1710866856264,964
1710866857228,937
1710866858165,940
1710866859105,909
1710866860014,819
1710866860833,865
1710866861697,917
1710866862615,936
1710866863551,949
1710866864500,917
1710866865417,842
1710866866259,868
1710866867127,911
1710866868038,982
1710866869020,1009
1710866870029,997
1710866871025,880
1710866871905,884
1710866872790,909
1710866873699,894
1710866874593,860
1710866875453,761
1710866876214,738
1710866876952,822
1710866877774,905
1710866878679,951
1710866879630,926
1710866880556,808
1710866881364,792
1710866882156,773
1710866882929,756
1710866883685,706
1710866884391,707
1710866885097,744
1710866885841,716
1710866886558,740
1710866887297,760
1710866888057,771
1710866888829,732
1710866889561,739
1710866890300,730
1710866891030,735
1710866891765,724
1710866892489,716
1710866893205,711
1710866893916,710
1710866894625,671
1710866895297,656
1710866895953,668
1710866896621,675
1710866897296,717
1710866898013,707
1710866898720,667
1710866899387,661
1710866900048,672
1710866900720,690
1710866901409,720
1710866902129,728
1710866902857,695
1710866903553,676
1710866904229,697
1710866904926,729
1710866905655,744
1710866906399,732
1710866907131,683
1710866907814,670
1710866908484,689
1710866909173,701
1710866909873,719
1710866910593,719
1710866911312,682
1710866911993,710
1710866912704,734
1710866913438,744
1710866914182,710
1710866914892,685
1710866915577,712
1710866916289,713
1710866917001,699
1710866917701,665
1710866918366,686
1710866919052,690
1710866919742,718
1710866920460,697
1710866921157,687
1710866921844,721
1710866922565,744
1710866923309,747
1710866924056,753
1710866924809,700
1710866925509,699
1710866926208,716
1710866926924,725
1710866927649,717
1710866928366,725
1710866929091,688
1710866929779,680
1710866930459,715
1710866931174,746
1710866931920,773
1710866932693,789
1710866933481,801
1710866934283,752
1710866935035,792
1710866935827,800
1710866936627,822
1710866937449,811
1710866938260,799
1710866939059,793
1710866939852,727
1710866940579,707
1710866941286,758
1710866942044,801
1710866942845,822
1710866943667,852
1710866944519,809
1710866945328,838
1710866946166,842
1710866947008,839
1710866947847,775
1710866948622,808
1710866949430,836
1710866950265,863
1710866951129,868
1710866951997,789
1710866952785,805
1710866953591,838
1710866954429,849
1710866955278,836
1710866956113,788
1710866956902,769
1710866957671,806
1710866958477,866
1710866959343,926
1710866960269,926
1710866961195,787
1710866961982,800
1710866962782,867
1710866963649,859
1710866964508,772
1710866965280,831
1710866966111,876
1710866966987,914
1710866967901,875
1710866968776,863
1710866969639,788
1710866970427,819
1710866971246,867
1710866972113,818
1710866972931,799
1710866973729,853
1710866974583,878
1710866975461,897
1710866976358,882
1710866977240,789
1710866978029,837
1710866978865,858
1710866979724,856
1710866980580,824
1710866981404,833
1710866982237,857
1710866983094,829
1710866983923,797
1710866984720,831
1710866985551,853
1710866986404,816
1710866987220,831
1710866988051,877
1710866988928,900
1710866989828,880
1710866990708,803
1710866991511,835
1710866992345,830
1710866993176,826
1710866994001,818
1710866994820,881
1710866995701,902
1710866996603,827
1710866997430,849
1710866998279,903
1710866999182,915
1710867000097,849
1710867000945,862
1710867001808,863
1710867002671,871
1710867003542,869
1710867004411,793
1710867005204,836
1710867006040,841
1710867006881,856
1710867007737,779
1710867008516,833
1710867009349,854
1710867010203,886
1710867011089,856
1710867011945,786
1710867012731,819
1710867013550,861
1710867014411,855
1710867015265,843
1710867016109,759
1710867016868,789
1710867017657,802
1710867018459,813
1710867019272,846
1710867020118,798
1710867020916,840
1710867021756,871
1710867022627,914
1710867023541,843
1710867024384,826
1710867025209,838
1710867026048,866
1710867026913,877
1710867027791,865
1710867028656,782
1710867029438,829
1710867030267,865
1710867031132,880
1710867032012,788
1710867032800,763
1710867033563,780
1710867034343,814
1710867035157,844
1710867036001,841
1710867036841,760
1710867037601,786
1710867038388,784
1710867039172,792
1710867039964,814
1710867040777,748
1710867041526,778
1710867042304,805
1710867043109,784
1710867043893,773
1710867044665,734
1710867045400,755
1710867046155,778
1710867046933,815
1710867047748,820
1710867048568,745
1710867049313,666
1710867049979,674
1710867050653,683
1710867051336,731
1710867052067,815
1710867052881,879
1710867053761,903
1710867054664,898
1710867055561,904
1710867056465,887
1710867057353,883
1710867058236,867
1710867059103,870
1710867059973,874
1710867060847,884
1710867061731,885
1710867062616,805
1710867063421,848
1710867064269,850
1710867065119,878
1710867065997,874
1710867066871,787
1710867067657,813
1710867068471,827
1710867069297,856
1710867070153,805
1710867070959,790
1710867071749,803
1710867072552,806
1710867073358,745
1710867074103,774
1710867074877,818
1710867075695,856
1710867076551,851
1710867077401,786
1710867078188,791
1710867078979,806
1710867079785,790
1710867080575,732
1710867081307,729
1710867082036,716
1710867082752,726
1710867083478,690
1710867084168,685
1710867084853,666
1710867085519,662
1710867086181,643
1710867086824,614
1710867087438,622
1710867088060,616
1710867088676,630
1710867089305,651
1710867089957,676
1710867090633,672
1710867091305,631
1710867091936,627
1710867092563,669
1710867093232,724
1710867093956,767
1710867094723,826
1710867095549,838
1710867096387,864
1710867097251,875
1710867098126,850
1710867098976,747
1710867099723,689
1710867100412,735
1710867101147,755
1710867101902,798
1710867102700,850
1710867103550,904
1710867104454,916
1710867105369,914
1710867106284,914
1710867107198,896
1710867108094,873
1710867108967,875
1710867109841,862
1710867110704,767
1710867111471,742
1710867112213,771
1710867112984,845
1710867113829,898
1710867114727,944
1710867115671,962
1710867116633,952
1710867117585,870
1710867118455,904
1710867119359,908
1710867120267,916
1710867121183,892
1710867122075,780
1710867122855,737
1710867123592,782
1710867124374,909
1710867125283,947
1710867126230,964
1710867127193,964
1710867128158,927
1710867129085,845
1710867129929,910
1710867130840,940
1710867131780,964
1710867132744,986
1710867133729,1010
1710867134740,898
1710867135638,825
1710867136463,796
1710867137259,861
1710867138120,966
1710867139086,974
1710867140060,979
1710867141039,943
1710867141982,802
1710867142784,769
1710867143553,785
1710867144337,886
1710867145224,970
1710867146193,956
1710867147150,947
1710867148097,964
1710867149061,946
1710867150007,857
1710867150864,806
1710867151670,832
1710867152502,901
1710867153403,927
1710867154329,953
1710867155283,945
1710867156228,894
1710867157121,814
1710867157936,764
1710867158700,817
1710867159517,876
1710867160393,906
1710867161299,906
1710867162205,905
1710867163110,875
1710867163985,803
1710867164788,807
1710867165595,887
1710867166481,900
1710867167382,886
1710867168268,896
1710867169164,868
1710867170032,850
1710867170881,794
1710867171676,747
1710867172423,737
1710867173160,767
1710867173927,823
1710867174750,884
1710867175633,908
1710867176542,892
1710867177433,897
1710867178331,802
1710867179133,774
1710867179907,799
1710867180705,822
1710867181528,841
1710867182369,851
1710867183220,852
1710867184072,835
1710867184907,747
1710867185654,699
1710867186353,741
1710867187094,772
1710867187865,825
1710867188691,888
1710867189579,902
1710867190481,904
1710867191385,910
1710867192295,899
1710867193193,874
1710867194068,829
1710867194897,717
1710867195614,755
1710867196369,765
1710867197134,815
1710867197949,884
1710867198833,911
1710867199744,917
1710867200661,922
1710867201583,814
1710867202397,738
1710867203135,797
1710867203932,815
1710867204747,859
1710867205606,888
1710867206494,789
1710867207283,798
1710867208081,793
1710867208873,812
1710867209686,794
1710867210480,793
1710867211273,721
1710867211993,726
1710867212720,687
1710867213407,672
1710867214079,659
1710867214737,648
1710867215385,634
1710867216020,637
1710867216657,628
1710867217285,622
1710867217907,618
1710867218525,608
1710867219133,598
1710867219731,590
1710867220321,581
1710867220902,581
1710867221483,584
1710867222067,590
1710867222657,600
1710867223257,590
1710867223847,622
1710867224469,689
1710867225158,737
1710867225895,694
1710867226589,679
1710867227268,737
1710867228005,705
1710867228710,719
1710867229429,739
1710867230168,790
1710867230958,796
1710867231753,729
1710867232483,740
1710867233223,757
1710867233980,778
1710867234758,733
1710867235491,759
1710867236249,780
1710867237030,798
1710867237828,829
1710867238657,841
1710867239497,846
1710867240344,820
1710867241164,814
1710867241977,833
1710867242811,810
1710867243621,782
1710867244403,800
1710867245203,839
1710867246041,878
1710867246920,885
1710867247805,788
1710867248593,738
1710867249331,752
1710867250083,814
1710867250897,868
1710867251765,924
1710867252689,941
1710867253630,974
1710867254604,945
1710867255549,829
1710867256377,804
1710867257182,800
1710867257982,829
1710867258811,869
1710867259680,900
1710867260580,940
1710867261520,972
1710867262492,984
1710867263476,958
1710867264433,938
1710867265372,924
1710867266296,938
1710867267233,921
1710867268155,894
1710867269049,904
1710867269953,839
1710867270792,867
1710867271659,907
1710867272566,885
1710867273451,927
1710867274377,849
1710867275227,848
1710867276075,872
1710867276947,899
1710867277846,906
1710867278752,841
1710867279593,846
1710867280439,848
1710867281287,858
1710867282145,866
1710867283011,859
1710867283870,816
1710867284686,783
1710867285469,826
1710867286295,856
1710867287151,891
1710867288041,874
1710867288916,792
1710867289708,806
1710867290513,857
1710867291371,913
1710867292284,923
1710867293207,906
1710867294113,816
1710867294929,836
1710867295765,836
1710867296601,876
1710867297477,896
1710867298373,893
1710867299265,870
1710867300136,911
1710867301047,917
1710867301964,900
1710867302864,875
1710867303739,830
1710867304569,761
1710867305329,766
1710867306096,784
1710867306880,827
1710867307707,833
1710867308540,826
1710867309366,820
1710867310185,802
1710867310988,809
1710867311797,818
1710867312615,788
1710867313403,762
1710867314165,791
1710867314956,824
1710867315780,849
1710867316629,812
1710867317441,765
1710867318206,762
1710867318968,764
1710867319732,781
1710867320513,803
1710867321316,766
1710867322081,785
1710867322867,817
1710867323684,859
1710867324543,863
1710867325406,857
1710867326263,871
1710867327134,889
1710867328023,938
1710867328961,933
1710867329894,864
1710867330758,881
1710867331639,889
1710867332528,910
1710867333438,912
1710867334350,891
1710867335241,823
1710867336064,849
1710867336913,879
1710867337792,902
1710867338694,924
1710867339617,896
1710867340513,869
1710867341383,846
1710867342229,763
1710867342992,752
1710867343744,783
1710867344527,873
1710867345400,910
1710867346310,867
1710867347177,903
1710867348080,908
1710867348988,857
1710867349845,843
1710867350688,857
1710867351545,869
1710867352414,877
1710867353291,878
1710867354169,886
1710867355055,903
1710867355958,901
1710867356859,896
1710867357755,891
1710867358646,883
1710867359529,880
1710867360409,811
1710867361220,817
1710867362037,842
1710867362879,825
1710867363704,860
1710867364564,843
1710867365407,823
1710867366230,811
1710867367041,809
1710867367849,794
1710867368644,755
1710867369399,778
1710867370177,819
1710867370996,836
1710867371832,839
1710867372671,780
1710867373451,822
1710867374273,835
1710867375108,844
1710867375952,865
1710867376817,867
1710867377684,835
1710867378519,808
1710867379327,836
1710867380163,870
1710867381033,880
1710867381913,888
1710867382801,865
1710867383665,891
1710867384557,886
1710867385443,885
1710867386328,874
1710867387201,877
1710867388079,855
1710867388934,798
1710867389732,809
1710867390541,840
1710867391381,856
1710867392237,885
1710867393121,892
1710867394014,876
1710867394889,797
1710867395687,758
1710867396445,772
1710867397217,811
1710867398028,854
1710867398881,884
1710867399766,795
1710867400561,817
1710867401377,825
1710867402203,785
1710867402988,782
1710867403769,794
1710867404564,771
1710867405335,763
1710867406097,715
1710867406813,663
1710867407476,673
1710867408149,620
1710867408769,640
1710867409409,620
1710867410029,608
1710867410637,598
1710867411235,591
1710867411825,592
1710867412417,598
1710867413016,601
1710867413617,584
1710867414201,594
1710867414795,602
1710867415397,609
1710867416006,600
1710867416606,598
1710867417204,599
1710867417803,606
1710867418409,637
1710867419046,661
1710867419707,648
1710867420355,609
1710867420964,616
1710867421580,655
1710867422235,698
1710867422933,748
1710867423681,785
1710867424465,799
1710867425265,809
1710867426073,812
1710867426886,777
1710867427663,767
1710867428430,766
1710867429196,800
1710867429996,840
1710867430836,879
1710867431715,859
1710867432574,771
1710867433345,739
1710867434084,734
1710867434817,802
1710867435620,904
1710867436524,946
1710867437470,962
1710867438432,964
1710867439396,846
1710867440241,856
1710867441097,873
1710867441971,830
1710867442801,787
1710867443588,839
1710867444427,933
1710867445360,1009
1710867446369,991
1710867447360,993
1710867448353,956
1710867449309,885
1710867450193,916
1710867451110,936
1710867452046,924
1710867452969,845
1710867453815,836
1710867454651,883
1710867455534,935
1710867456469,955
1710867457424,932
1710867458356,912
1710867459268,807
1710867460075,845
1710867460920,917
1710867461837,948
1710867462785,956
1710867463741,881
1710867464622,900
1710867465521,914
1710867466436,906
1710867467342,886
1710867468228,888
1710867469116,821
1710867469937,771
1710867470708,766
1710867471473,841
1710867472315,951
1710867473265,961
1710867474227,957
1710867475184,980
1710867476164,960
1710867477124,950
1710867478073,873
1710867478947,838
1710867479785,861
1710867480646,894
1710867481540,932
1710867482472,929
1710867483401,903
1710867484304,826
1710867485129,798
1710867485928,822
1710867486750,875
1710867487625,931
1710867488556,946
1710867489502,942
1710867490444,903
1710867491347,837
1710867492184,867
1710867493051,910
1710867493961,910
1710867494871,892
1710867495763,818
1710867496581,780
1710867497361,790
1710867498151,831
1710867498982,892
1710867499873,924
1710867500798,934
1710867501732,918
1710867502649,900
1710867503550,817
1710867504367,783
1710867505150,792
1710867505942,834
1710867506776,854
1710867507630,860
1710867508489,836
1710867509326,825
1710867510151,829
1710867510980,819
1710867511799,821
1710867512620,820
1710867513440,771
1710867514211,727
1710867514937,709
1710867515647,754
1710867516401,820
1710867517221,874
1710867518095,896
1710867518991,892
1710867519883,896
1710867520779,825
1710867521604,770
1710867522374,788
1710867523161,795
1710867523957,806
1710867524763,817
1710867525580,760
1710867526340,751
1710867527091,768
1710867527859,772
1710867528631,805
1710867529436,813
1710867530249,779
1710867531028,770
1710867531798,725
1710867532523,739
1710867533262,677
1710867533939,712
1710867534651,698
1710867535349,675
1710867536024,659
1710867536683,636
1710867537319,635
1710867537953,620
1710867538574,619
1710867539193,615
1710867539808,608
1710867540416,605
1710867541021,593
1710867541614,590
1710867542204,569
1710867542773,559
1710867543332,555
1710867543887,553
1710867544440,549
1710867544989,546
1710867545535,545
1710867546080,559
1710867546639,561
1710867547200,568
1710867547768,602
1710867548369,612
1710867548982,578
1710867549560,585
1710867550145,623
1710867550768,636
1710867551404,666
1710867552070,675
1710867552745,604
1710867553349,664
1710867554013,651
1710867554664,611
1710867555275,647
1710867555921,637
1710867556559,646
1710867557205,619
1710867557824,634
1710867558457,593
1710867559051,641
1710867559692,612
1710867560304,607
1710867560911,631
1710867561542,633
1710867562175,615
1710867562790,609
1710867563399,600
1710867563999,596
1710867564595,592
1710867565187,596
1710867565783,592
1710867566375,592
1710867566967,604
1710867567571,614
1710867568185,607
1710867568792,603
1710867569395,605
1710867570000,603
1710867570603,603
1710867571206,606
1710867571812,599
1710867572411,620
1710867573031,620
1710867573651,633
1710867574284,610
1710867574894,613
1710867575507,617
1710867576124,607
1710867576731,597
1710867577328,604
1710867577932,590
1710867578521,589
1710867579111,587
1710867579697,594
1710867580292,592
1710867580884,600
1710867581484,604
1710867582088,622
1710867582710,593
1710867583303,611
1710867583913,614
1710867584528,614
1710867585142,609
1710867585751,587
1710867586337,621
1710867586959,623
1710867587582,629
1710867588211,630
1710867588841,599
1710867589440,620
1710867590060,622
1710867590681,619
1710867591301,620
1710867591921,597
1710867592518,610
1710867593128,628
1710867593756,619
1710867594375,586
1710867594961,606
1710867595567,617
1710867596184,618
1710867596801,621
1710867597423,612
1710867598035,592
1710867598627,611
1710867599238,602
1710867599840,604
1710867600444,591
1710867601035,592
1710867601627,593
1710867602220,603
1710867602823,590
1710867603413,611
1710867604024,618
1710867604641,628
1710867605270,622
1710867605892,600
1710867606492,615
1710867607107,612
1710867607719,608
1710867608327,598
1710867608925,574
1710867609499,596
1710867610095,594
1710867610689,601
1710867611289,609
1710867611899,580
1710867612479,606
1710867613085,611
1710867613696,612
1710867614308,588
1710867614896,610
1710867615505,616
1710867616121,615
1710867616737,592
1710867617329,605
1710867617934,618
1710867618552,632
1710867619184,604
1710867619788,617
1710867620405,578
1710867620983,604
1710867621587,599
1710867622185,585
1710867622771,574
1710867623345,561
1710867623905,577
1710867624483,582
1710867625065,591
1710867625656,582
1710867626238,583
1710867626821,593
1710867627414,602
1710867628016,613
1710867628629,596
1710867629225,585
1710867629809,587
1710867630397,599
1710867630996,598
1710867631593,576
1710867632169,564
1710867632734,561
1710867633295,573
1710867633868,589
1710867634457,601
1710867635057,613
1710867635671,616
1710867636287,607
1710867636894,633
1710867637527,637
1710867638164,618
1710867638782,589
1710867639371,610
1710867639981,609
1710867640590,606
1710867641196,603
1710867641799,579
1710867642377,604
1710867642982,613
1710867643595,619
1710867644214,600
1710867644814,582
1710867645396,612
1710867646008,622
1710867646630,629
1710867647259,601
1710867647860,608
1710867648468,661
1710867649129,662
1710867649791,642
1710867650433,645
1710867651078,632
1710867651710,620
1710867652329,585
1710867652915,607
1710867653521,605
1710867654127,611
1710867654737,608
1710867655345,584
1710867655929,598
1710867656528,602
1710867657129,604
1710867657734,583
1710867658317,597
1710867658913,604
1710867659518,616
1710867660134,615
1710867660749,592
1710867661341,626
1710867661967,632
1710867662599,641
1710867663240,600
1710867663840,614
1710867664454,614
1710867665068,613
1710867665681,602
1710867666283,587
1710867666870,563
1710867667433,578
1710867668011,592
1710867668603,600
1710867669203,574
1710867669777,588
1710867670365,600
1710867670965,605
1710867671569,592
1710867672161,574
1710867672736,593
1710867673329,603
1710867673932,575
1710867674507,568
1710867675075,586
1710867675661,594
1710867676255,594
1710867676849,568
1710867677417,572
1710867677989,581
1710867678569,589
1710867679159,587
1710867679745,571
1710867680317,587
1710867680904,605
1710867681509,614
1710867682123,594
1710867682717,577
1710867683294,596
1710867683889,604
1710867684494,605
1710867685099,575
1710867685673,580
1710867686254,590
1710867686844,590
1710867687433,569
1710867688003,569
1710867688572,590
1710867689161,595
1710867689757,599
1710867690356,587
1710867690943,600
1710867691543,617
1710867692160,632
1710867692792,607
1710867693399,586
1710867693985,603
1710867694588,605
1710867695193,607
1710867695800,593
1710867696393,601
1710867696993,624
1710867697617,631
1710867698249,615
1710867698864,601
1710867699465,608
1710867700073,632
1710867700705,647
1710867701352,647
1710867701999,614
1710867702613,610
1710867703223,604
1710867703827,602
1710867704429,612
1710867705041,578
1710867705619,565
1710867706184,595
1710867706779,590
1710867707369,592
1710867707961,576
1710867708537,573
1710867709110,587
1710867709697,584
1710867710281,596
1710867710877,616
1710867711493,601
1710867712094,570
1710867712664,594
1710867713257,591
1710867713849,574
1710867714423,586
1710867715009,589
1710867715598,579
1710867716177,582
1710867716759,596
1710867717355,594
1710867717949,605
1710867718553,639
1710867719193,649
1710867719841,683
1710867720525,656
1710867721181,638
1710867721819,625
1710867722444,589
1710867723033,598
1710867723631,603
1710867724233,623
1710867724857,648
1710867725505,678
1710867726183,677
1710867726860,653
1710867727513,639
1710867728152,634
1710867728785,645
1710867729431,685
1710867730116,710
1710867730825,709
1710867731535,673
1710867732208,650
1710867732857,671
1710867733529,710
1710867734239,734
1710867734973,720
1710867735693,729
1710867736422,783
1710867737205,755
1710867737960,746
1710867738705,729
1710867739435,716
1710867740151,762
1710867740913,710
1710867741623,745
1710867742368,798
1710867743166,813
1710867743979,777
1710867744756,827
1710867745583,867
1710867746449,953
1710867747403,910
1710867748313,866
1710867749179,771
1710867749950,777
1710867750727,815
1710867751542,871
1710867752413,880
1710867753293,845
1710867754137,835
1710867754973,914
1710867755887,980
1710867756867,992
1710867757859,890
1710867758749,811
1710867759560,838
1710867760398,917
1710867761315,990
1710867762305,899
1710867763204,891
1710867764095,952
1710867765047,962
1710867766009,976
1710867766985,836
1710867767821,857
1710867768678,885
1710867769563,946
1710867770509,931
1710867771440,831
1710867772271,856
1710867773127,911
1710867774038,892
1710867774929,796
1710867775726,737
1710867776463,696
1710867777159,685
1710867777844,772
1710867778616,837
1710867779453,1002
1710867780455,983
1710867781438,960
1710867782398,939
1710867783337,878
1710867784215,758
1710867784973,807
1710867785780,823
1710867786603,839
1710867787441,872
1710867788313,813
1710867789127,779
1710867789905,830
1710867790736,922
1710867791657,1028
1710867792686,986
1710867793672,853
1710867794525,868
1710867795393,905
1710867796297,920
1710867797217,950
1710867798168,959
1710867799127,872
1710867799999,858
1710867800857,901
1710867801758,927
1710867802685,951
1710867803636,873
1710867804509,933
1710867805441,961
1710867806403,937
1710867807340,927
1710867808267,837
1710867809104,887
1710867809991,961
1710867810952,969
1710867811921,834
1710867812755,861
1710867813616,915
1710867814531,950
1710867815481,944
1710867816425,825
1710867817249,856
1710867818105,905
1710867819011,880
1710867819891,899
1710867820790,825
1710867821615,832
1710867822447,836
1710867823283,887
1710867824169,880
1710867825049,817
1710867825867,803
1710867826670,824
1710867827494,848
1710867828342,754
1710867829096,746
1710867829841,718
1710867830560,716
1710867831276,646
1710867831921,669
1710867832591,639
1710867833230,622
1710867833852,607
1710867834459,604
1710867835063,594
1710867835657,585
1710867836241,572
1710867836814,564
1710867837377,548
1710867837926,551
1710867838477,546
1710867839023,537
1710867839560,521
1710867840081,524
1710867840605,538
1710867841143,550
1710867841693,545
1710867842238,559
1710867842797,559
1710867843356,552
1710867843908,536
1710867844444,544
1710867844988,548
1710867845536,546
1710867846081,536
1710867846617,538
1710867847156,545
1710867847701,554
1710867848255,541
1710867848796,540
1710867849336,544
1710867849880,540
1710867850420,529
1710867850949,533
1710867851481,534
1710867852016,525
1710867852541,534
1710867853075,510
1710867853585,511
1710867854096,510
1710867854606,495
1710867855101,509
1710867855609,503
1710867856113,501
1710867856614,501
1710867857115,503
1710867857617,500
1710867858118,505
1710867858623,496
1710867859119,504
1710867859623,500
1710867860123,497
1710867860620,501
1710867861121,498
1710867861619,494
1710867862113,489
1710867862601,493
1710867863095,483
1710867863577,481
1710867864059,485
1710867864544,487
1710867865031,477
1710867865508,484
1710867865992,479
1710867866471,476
1710867866947,473
1710867867420,478
1710867867897,481
1710867868379,468
1710867868847,469
1710867869316,471
1710867869787,469
1710867870256,461
1710867870717,463
1710867871180,465
1710867871645,463
1710867872108,457
1710867872565,453
1710867873017,452
1710867873470,458
1710867873928,455
1710867874383,451
1710867874833,450
1710867875284,441
1710867875725,446
1710867876171,442
1710867876613,442
1710867877055,441
1710867877496,444
1710867877940,441
1710867878381,439
1710867878820,442
1710867879262,434
1710867879696,435
1710867880131,435
1710867880566,436
1710867881001,437
1710867881439,434
1710867881873,435
1710867882308,429
1710867882737,426
1710867883163,426
1710867883589,426
1710867884015,436
1710867884451,427
1710867884878,428
1710867885305,426
1710867885732,424
1710867886156,417
1710867886573,418
1710867886991,419
1710867887409,423
1710867887833,424
1710867888257,420
1710867888677,419
1710867889096,421
1710867889517,415
1710867889932,408
1710867890340,409
1710867890749,408
1710867891157,413
1710867891569,413
1710867891983,406
1710867892389,407
1710867892796,408
1710867893204,408
1710867893612,410
1710867894022,409
1710867894431,406
1710867894837,407
1710867895244,404
1710867895648,405
1710867896053,400
1710867896453,400
1710867896853,400
1710867897253,404
1710867897657,404
1710867898061,400
1710867898461,403
1710867898864,402
1710867899265,405
1710867899671,405
1710867900076,402
1710867900478,405
1710867900883,404
1710867901287,403
1710867901689,404
1710867902094,403
1710867902497,405
1710867902902,405
1710867903307,399
1710867903705,399
1710867904105,400
1710867904505,400
1710867904905,401
1710867905305,401
1710867905707,398
1710867906105,400
1710867906505,401
1710867906905,405
1710867907311,399
1710867907710,403
1710867908113,401
1710867908513,406
1710867908920,401
1710867909321,401
1710867909721,400
1710867910121,404
1710867910526,402
1710867910928,398
1710867911326,395
1710867911721,399
1710867912120,397
1710867912517,395
1710867912912,393
1710867913305,392
1710867913697,391
1710867914088,391
1710867914479,394
1710867914873,394
1710867915267,388
1710867915655,392
1710867916047,389
1710867916436,391
1710867916827,389
1710867917216,389
1710867917605,390
1710867917995,389
1710867918384,390
1710867918774,389
1710867919163,390
1710867919553,389
1710867919942,391
1710867920333,389
1710867920721,387
1710867921109,390
1710867921499,390
1710867921889,388
1710867922277,387
1710867922664,387
1710867923051,387
1710867923438,386
1710867923824,385
1710867924209,384
1710867924593,388
1710867924981,388
1710867925369,383
1710867925752,385
1710867926137,382
1710867926519,385
1710867926904,386
1710867927289,384
1710867927673,383
1710867928057,382
1710867928439,384
1710867928823,386
1710867929209,383
1710867929592,381
1710867929973,381
1710867930353,382
1710867930736,382
1710867931118,383
1710867931501,381
1710867931881,380
1710867932262,380
1710867932641,380
1710867933022,383
1710867933405,379
1710867933784,380
1710867934164,382
1710867934545,380
1710867934926,377
1710867935303,378
1710867935681,377
1710867936057,378
1710867936436,380
1710867936816,377
1710867937193,380
1710867937573,374
1710867937947,377
1710867938324,379
1710867938703,374
1710867939077,377
1710867939454,375
1710867939829,372
1710867940201,374
1710867940575,373
1710867940948,375
1710867941323,371
1710867941694,375
1710867942069,373
1710867942441,373
1710867942815,373
1710867943188,375
1710867943563,372
1710867943935,373
1710867944308,370
1710867944678,371
1710867945049,372
1710867945421,370
1710867945791,370
1710867946161,373
1710867946534,370
1710867946904,369
1710867947273,372
1710867947645,371
1710867948016,369
1710867948385,369
1710867948753,371
1710867949125,373
1710867949497,370
1710867949868,371
1710867950239,372
1710867950611,372
1710867950983,369
1710867951352,371
1710867951723,370
1710867952093,368
1710867952461,369
1710867952830,369
1710867953199,367
1710867953566,366
1710867953932,367
1710867954299,367
1710867954665,366
1710867955032,362
1710867955393,365
1710867955759,362
1710867956121,363
1710867956484,362
1710867956846,362
1710867957208,366
1710867957574,362
1710867957936,365
1710867958301,365
1710867958665,368
1710867959033,366
1710867959400,365
1710867959765,365
1710867960129,365
1710867960495,365
1710867960860,363
1710867961223,364
1710867961587,366
1710867961953,363
1710867962316,365
1710867962681,361
1710867963041,363
1710867963405,364
1710867963769,364
1710867964133,360
1710867964493,363
1710867964856,362
1710867965217,366
1710867965584,364
1710867965948,366
1710867966313,364
1710867966678,366
1710867967044,366
1710867967409,367
1710867967777,364
1710867968141,364
1710867968505,364
1710867968869,363
1710867969232,365
1710867969597,361
1710867969958,361
1710867970319,362
1710867970681,364
1710867971045,361
1710867971406,363
1710867971769,364
1710867972133,366
1710867972499,368
1710867972867,368
1710867973235,363
1710867973598,368
1710867973966,368
1710867974334,366
1710867974700,366
1710867975065,365
1710867975431,366
1710867975797,364
1710867976161,363
1710867976524,364
1710867976888,363
1710867977251,360
1710867977611,365
1710867977976,364
1710867978340,364
1710867978704,364
1710867979068,366
1710867979433,367
1710867979801,367
1710867980168,365
1710867980533,368
1710867980901,368
1710867981269,367
1710867981636,369
1710867982005,367
1710867982372,368
1710867982740,369
1710867983109,367
1710867983476,368
1710867983844,367
1710867984211,1098
1710867985309,366
1710867985675,366
1710867986041,366
1710867986407,368
1710867986775,362
1710867987137,367
1710867987504,365
1710867987869,363
1710867988232,365
1710867988597,366
1710867988963,366
1710867989329,366
1710867989695,365
1710867990060,369
1710867990429,367
1710867990796,369
1710867991165,369
1710867991534,371
1710867991905,372
1710867992277,373
1710867992649,372
1710867993022,373
1710867993395,373
1710867993768,373
1710867994141,375
1710867994516,379
1710867994895,376
1710867995271,380
1710867995651,378
1710867996029,378
1710867996407,381
1710867996788,380
1710867997168,381
1710867997549,382
1710867997931,379
1710867998310,378
1710867998688,380
1710867999068,379
1710867999447,377
1710867999824,378
1710868000201,377
1710868000579,378
1710868000957,376
1710868001333,379
1710868001712,378
1710868002089,380
1710868002470,381
1710868002851,382
1710868003233,384
1710868003617,387
1710868004004,383
1710868004387,385
1710868004772,387
1710868005159,390
1710868005549,386
1710868005935,388
1710868006323,389
1710868006712,390
1710868007102,391
1710868007493,390
1710868007883,391
1710868008273,391
1710868008665,782
1710868009447,393
1710868009840,394
1710868010233,396
1710868010630,395
1710868011025,396
1710868011421,397
1710868011817,397
1710868012215,401
1710868012616,402
1710868013017,403
1710868013421,405
1710868013825,406
1710868014232,403
1710868014635,412
1710868015047,409
1710868015456,408
1710868015864,413
1710868016277,411
1710868016688,412
1710868017100,412
1710868017512,413
1710868017925,410
1710868018335,409
1710868018744,407
1710868019151,407
1710868019558,404
1710868019961,406
1710868020368,402
1710868020769,408
1710868021177,412
1710868021590,414
1710868022004,416
1710868022420,423
1710868022843,429
1710868023272,436
1710868023708,438
1710868024145,438
1710868024584,445
1710868025029,447
1710868025476,446
1710868025921,443
1710868026365,450
1710868026815,448
1710868027263,443
1710868027705,439
1710868028145,442
1710868028587,441
1710868029028,445
1710868029473,450
1710868029923,456
1710868030379,461
1710868030840,457
1710868031297,457
1710868031753,458
1710868032212,469
1710868032681,472
1710868033153,468
1710868033621,467
1710868034088,475
1710868034563,478
1710868035041,479
1710868035520,471
1710868035991,469
1710868036460,476
1710868036936,474
1710868037409,470
1710868037880,467
1710868038347,462
1710868038809,461
1710868039270,462
1710868039732,476
1710868040208,489
1710868040697,510
1710868041207,494
1710868041701,489
1710868042190,486
1710868042676,491
1710868043167,502
1710868043669,535
1710868044204,529
1710868044733,557
1710868045289,514
1710868045804,517
1710868046321,514
1710868046835,526
1710868047361,555
1710868047916,580
1710868048496,585
1710868049081,545
1710868049625,523
1710868050149,519
1710868050668,518
1710868051185,531
1710868051717,573
1710868052289,590
1710868052880,571
1710868053451,528
1710868053979,532
1710868054511,538
1710868055049,567
1710868055616,607
1710868056223,562
1710868056785,543
1710868057328,545
1710868057873,557
1710868058430,597
1710868059027,576
1710868059603,539
1710868060142,543
1710868060685,556
1710868061241,600
1710868061841,596
1710868062437,550
1710868062987,551
1710868063537,564
1710868064102,602
1710868064704,612
1710868065316,553
1710868065869,553
1710868066422,560
1710868066982,586
1710868067568,590
1710868068158,544
1710868068702,553
1710868069255,562
1710868069817,596
1710868070413,611
1710868071024,595
1710868071619,556
1710868072175,559
1710868072734,568
1710868073302,581
1710868073883,587
1710868074470,543
1710868075013,540
1710868075553,542
1710868076095,549
1710868076644,576
1710868077220,581
1710868077801,542
1710868078343,556
1710868078899,563
1710868079462,597
1710868080059,596
1710868080655,541
1710868081196,563
1710868081759,577
1710868082336,573
1710868082909,545
1710868083454,547
1710868084001,556
1710868084557,571
1710868085128,575
1710868085703,541
1710868086244,548
1710868086792,551
1710868087343,568
1710868087911,563
1710868088473,543
1710868089017,531
1710868089548,537
1710868090085,533
1710868090617,537
1710868091155,516
1710868091671,519
1710868092190,522
1710868092712,527
1710868093239,530
1710868093769,524
1710868094293,526
1710868094819,513
1710868095332,522
1710868095854,526
1710868096380,557
1710868096937,553
1710868097489,526
1710868098016,536
1710868098552,544
1710868099096,568
1710868099664,561
1710868100225,531
1710868100756,541
1710868101297,553
1710868101849,582
1710868102432,593
1710868103025,608
1710868103633,571
1710868104204,598
1710868104801,594
1710868105396,613
1710868106009,622
1710868106631,616
1710868107247,564
1710868107811,607
1710868108417,591
1710868109009,617
1710868109625,622
1710868110248,574
1710868110822,609
1710868111431,618
1710868112049,646
1710868112695,668
1710868113363,674
1710868114037,640
1710868114677,636
1710868115313,633
1710868115945,646
1710868116592,678
1710868117270,693
1710868117963,711
1710868118673,674
1710868119348,651
1710868119999,626
1710868120625,652
1710868121277,657
1710868121934,627
1710868122561,617
1710868123177,617
1710868123795,640
1710868124435,741
1710868125176,755
1710868125931,726
1710868126657,774
1710868127431,773
1710868128204,750
1710868128953,699
1710868129653,665
1710868130318,641
1710868130959,642
1710868131601,643
1710868132244,636
1710868132880,635
1710868133515,641
1710868134156,732
1710868134888,735
1710868135623,701
1710868136324,690
1710868137014,673
1710868137687,681
1710868138368,750
1710868139118,743
1710868139861,693
1710868140553,677
1710868141231,672
1710868141903,661
1710868142564,683
1710868143247,698
1710868143945,669
1710868144614,648
1710868145262,626
1710868145888,611
1710868146499,606
1710868147105,589
1710868147694,579
1710868148273,575
1710868148848,561
1710868149409,546
1710868149955,541
1710868150496,535
1710868151031,530
1710868151561,524
1710868152085,519
1710868152604,513
1710868153117,502
1710868153619,505
1710868154124,497
1710868154621,488
1710868155109,481
1710868155590,480
1710868156070,481
1710868156551,482
1710868157033,480
1710868157513,485
1710868157998,487
1710868158485,491
1710868158976,499
1710868159475,500
1710868159975,505
1710868160480,504
1710868160984,496
1710868161480,492
1710868161972,491
1710868162463,481
1710868162944,491
1710868163435,484
1710868163919,477
1710868164396,470
1710868164865,474
1710868165340,472
1710868165812,468
1710868166280,467
1710868166747,465
1710868167212,468
1710868167680,462
1710868168142,458
1710868168600,459
1710868169059,467
1710868169526,452
1710868169977,451
1710868170429,461
1710868170889,462
1710868171352,450
1710868171801,457
1710868172259,453
1710868172712,449
1710868173161,445
1710868173606,439
1710868174045,450
1710868174495,439
1710868174934,441
1710868175375,439
1710868175814,440
1710868176254,437
1710868176691,437
1710868177128,436
1710868177564,443
1710868178007,442
1710868178449,440
1710868178889,441
1710868179329,442
1710868179772,447
1710868180219,446
1710868180665,444
1710868181109,445
1710868181553,446
1710868182000,450
1710868182449,448
1710868182897,440
1710868183337,442
1710868183780,440
1710868184220,445
1710868184665,441
1710868185105,437
1710868185543,435
1710868185977,435
1710868186413,434
1710868186847,437
1710868187284,436
1710868187720,426
1710868188145,433
1710868188579,435
1710868189014,432
1710868189446,432
1710868189878,433
1710868190311,431
1710868190742,426
1710868191168,428
1710868191596,433
1710868192029,432
1710868192461,433
1710868192894,425
1710868193319,423
1710868193742,420
1710868194161,422
1710868194584,417
1710868195001,417
1710868195417,420
1710868195838,413
1710868196251,411
1710868196662,406
1710868197068,405
1710868197473,410
1710868197883,403
1710868198286,405
1710868198691,408
1710868199099,405
1710868199504,404
1710868199908,402
1710868200310,400
1710868200710,400
1710868201110,392
1710868201502,396
1710868201897,396
1710868202294,394
1710868202688,394
1710868203081,392
1710868203473,393
1710868203867,390
1710868204257,394
1710868204651,391
1710868205041,390
1710868205432,393
1710868205825,392
1710868206217,388
1710868206605,392
1710868206997,392
1710868207389,388
1710868207777,383
1710868208160,388
1710868208548,385
1710868208933,382
1710868209315,378
1710868209693,380
1710868210073,380
1710868210453,377
1710868210830,375
1710868211205,378
1710868211583,377
1710868211960,374
1710868212334,374
1710868212708,375
1710868213083,374
1710868213457,372
1710868213829,375
1710868214204,373
1710868214577,372
1710868214949,370
1710868215319,374
1710868215693,374
1710868216067,370
1710868216437,371
1710868216808,371
1710868217179,374
1710868217553,370
1710868217923,370
1710868218293,373
1710868218665,371
1710868219037,369
1710868219406,373
1710868219779,370
1710868220149,372
1710868220521,368
1710868220889,742
1710868221631,372
1710868222003,369
1710868222372,369
1710868222741,369
1710868223110,371
1710868223481,370
1710868223851,372
1710868224223,366
1710868224589,367
1710868224956,372
1710868225328,365
1710868225693,370
1710868226063,365
1710868226428,366
1710868226793,364
1710868227158,365
1710868227523,362
1710868227885,365
1710868228249,363
1710868228613,360
1710868228973,363
1710868229336,365
1710868229701,361
1710868230062,363
1710868230425,363
1710868230788,367
1710868231155,363
1710868231518,365
1710868231883,367
1710868232249,366
1710868232616,364
1710868232980,366
1710868233345,365
1710868233711,365
1710868234076,366
1710868234441,363
1710868234805,364
1710868235169,363
1710868235532,360
1710868235892,359
1710868236251,361
1710868236612,357
1710868236969,359
1710868237328,354
1710868237681,358
1710868238040,356
1710868238396,354
1710868238750,356
1710868239105,358
1710868239464,356
1710868239820,359
1710868240179,359
1710868240537,357
1710868240895,357
1710868241252,360
1710868241612,355
1710868241967,355
1710868242321,353
1710868242675,354
1710868243029,354
1710868243383,355
1710868243737,354
1710868244092,353
1710868244445,355
1710868244800,354
1710868245153,354
1710868245508,355
1710868245863,357
1710868246220,357
1710868246577,356
1710868246933,354
1710868247287,355
1710868247641,353
1710868247995,354
1710868248349,354
1710868248703,351
1710868249054,351
1710868249405,352
1710868249757,352
1710868250109,348
1710868250457,351
1710868250808,352
1710868251160,351
1710868251511,354
1710868251865,353
1710868252217,354
1710868252572,352
1710868252924,353
1710868253277,351
1710868253628,351
1710868253979,348
1710868254327,348
1710868254675,349
1710868255024,350
1710868255374,348
1710868255721,350
1710868256072,351
1710868256423,354
1710868256777,350
1710868257127,352
1710868257479,351
1710868257830,350
1710868258180,352
1710868258532,348
1710868258880,349
1710868259229,351
1710868259580,351
1710868259931,349
1710868260280,350
1710868260630,350
1710868260980,353
1710868261333,350
1710868261683,349
1710868262032,350
1710868262382,348
1710868262729,347
1710868263077,345
1710868263422,347
1710868263769,345
1710868264113,344
1710868264457,344
1710868264801,346
1710868265148,348
1710868265496,346
1710868265841,347
1710868266189,346
1710868266535,348
1710868266883,344
1710868267227,346
1710868267573,343
1710868267916,343
1710868268259,344
1710868268603,343
1710868268945,347
1710868269293,345
1710868269638,346
1710868269984,346
1710868270329,343
1710868270673,344
1710868271017,344
1710868271361,341
1710868271702,341
1710868272043,344
1710868272387,343
1710868272729,343
1710868273073,343
1710868273416,344
1710868273760,345
1710868274105,342
1710868274447,342
1710868274789,344
1710868275133,341
1710868275473,343
1710868275817,341
1710868276158,344
1710868276502,343
1710868276845,344
1710868277189,344
1710868277533,344
1710868277877,343
1710868278220,340
1710868278560,339
1710868278899,342
1710868279241,343
1710868279584,340
1710868279924,342
1710868280265,343
1710868280609,340
1710868280949,343
1710868281292,338
1710868281630,340
1710868281969,339
1710868282309,342
1710868282651,340
1710868282991,342
1710868283333,340
1710868283673,343
1710868284016,342
1710868284358,342
1710868284700,340
1710868285040,341
1710868285381,339
1710868285720,340
1710868286060,339
1710868286399,340
1710868286739,340
1710868287079,341
1710868287420,335
1710868287755,339
1710868288094,337
1710868288431,340
1710868288771,336
1710868289107,339
1710868289446,337
1710868289783,338
1710868290121,338
1710868290459,330
1710868290789,345
1710868291134,335
1710868291469,337
1710868291806,339
1710868292145,336
1710868292481,337
1710868292817,335
1710868293153,336
1710868293489,337
1710868293825,335
1710868294161,337
1710868294497,338
1710868294836,334
1710868295169,335
1710868295505,334
1710868295839,337
1710868296176,337
1710868296513,337
1710868296849,337
1710868297187,338
1710868297525,342
1710868297867,338
1710868298205,339
1710868298544,341
1710868298885,337
1710868299222,341
1710868299563,339
1710868299902,343
1710868300245,341
1710868300585,684
1710868301270,344
1710868301614,346
1710868301960,346
1710868302305,344
1710868302649,344
1710868302993,348
1710868303342,348
1710868303689,350
1710868304040,349
1710868304389,349
1710868304737,347
1710868305085,348
1710868305433,348
1710868305781,352
1710868306133,350
1710868306483,354
1710868306837,351
1710868307188,355
1710868307543,353
1710868307896,352
1710868308248,353
1710868308601,353
1710868308953,354
1710868309308,354
1710868309662,354
1710868310016,357
1710868310373,354
1710868310727,354
1710868311081,357
1710868311438,359
1710868311797,356
1710868312153,357
1710868312510,359
1710868312869,363
1710868313232,366
1710868313598,365
1710868313963,366
1710868314329,366
1710868314695,368
1710868315063,371
1710868315433,375
1710868315809,371
1710868316180,374
1710868316553,374
1710868316928,377
1710868317305,377
1710868317681,376
1710868318057,379
1710868318437,377
1710868318814,378
1710868319192,378
1710868319569,377
1710868319947,379
1710868320326,379
1710868320705,377
1710868321081,378
1710868321460,378
1710868321838,381
1710868322219,381
1710868322600,385
1710868322985,385
1710868323369,386
1710868323756,383
1710868324139,386
1710868324525,388
1710868324913,393
1710868325305,396
1710868325702,396
1710868326097,398
1710868326496,396
1710868326892,398
1710868327289,400
1710868327689,403
1710868328093,406
1710868328499,408
1710868328907,407
1710868329313,408
1710868329721,405
1710868330127,413
1710868330540,417
1710868330957,422
1710868331379,424
1710868331803,422
1710868332225,423
1710868332648,424
1710868333072,430
1710868333502,432
1710868333934,435
1710868334369,433
1710868334801,432
1710868335233,436
1710868335670,438
1710868336108,440
1710868336548,438
1710868336985,435
1710868337421,439
1710868337860,442
1710868338302,441
1710868338743,439
1710868339182,444
1710868339625,442
1710868340068,439
1710868340507,438
1710868340945,442
1710868341387,444
1710868341831,445
1710868342276,442
1710868342718,441
1710868343159,442
1710868343601,446
1710868344047,445
1710868344492,444
1710868344936,442
1710868345377,450
1710868345828,453
1710868346281,450
1710868346731,450
1710868347181,449
1710868347630,456
1710868348086,461
1710868348547,461
1710868349008,458
1710868349465,461
1710868349927,464
1710868350391,473
1710868350864,476
1710868351340,473
1710868351813,473
1710868352286,473
1710868352759,477
1710868353236,477
1710868353713,479
1710868354192,478
1710868354670,473
1710868355143,468
1710868355611,464
1710868356075,470
1710868356545,463
1710868357008,462
1710868357470,458
1710868357928,463
1710868358391,462
1710868358853,459
1710868359312,457
1710868359769,468
1710868360237,472
1710868360709,477
1710868361185,469
1710868361655,467
1710868362121,474
1710868362596,472
1710868363068,469
1710868363537,465
1710868364001,470
1710868364472,471
1710868364943,464
1710868365407,463
1710868365870,465
1710868366335,469
1710868366804,464
1710868367268,463
1710868367731,464
1710868368195,469
1710868368664,472
1710868369136,476
1710868369612,473
1710868370085,472
