dataReceived,timestamp,hr,hrStatus,ibi,ibiStatus
1712814160508,1712814160156,0,0,[1101],[-1]
1712814161474,1712814161160,0,0,[1262],[-1]
1712814162490,1712814162163,0,0,[678],[-1]
1712814163490,1712814163166,0,0,[612],[-1]
1712814164509,1712814164168,0,0,[1020],[-1]
1712814165485,1712814165171,0,0,"[747,765]","[0,0]"
1712814166508,1712814166179,0,0,[793],[0]
1712814167523,1712814167182,0,0,"[724,689]","[0,-1]"
1712814168536,1712814168186,75,1,[786],[-1]
1712814169527,1712814169189,73,1,[1022],[-1]
1712814170545,1712814170192,73,1,"[396,678]","[-1,-1]"
1712814171513,1712814171194,72,1,[473],[-1]
1712814172545,1712814172187,73,1,"[986,573]","[-1,-1]"
1712814173541,1712814173191,75,1,[837],[-1]
1712814174537,1712814174195,77,1,[418],[-1]
1712814175511,1712814175197,78,1,"[946,319]","[-1,-1]"
1712814176519,1712814176200,80,1,[606],[-1]
1712814205605,1712814177290,81,1,"[981,657,678,674,687,677,681,717,715,734,702,685,712,731,746,686,722,781,788,799,734,710,727,740,765,792,793,768,816,826,762,718,767,766,716,700,688,671,692,700]","[0,0,0,0,0,0,0,0,0,0,0,0,0,0,0,0,0,0,0,0,0,0,0,0,0,0,0,0,0,0,0,0,0,0,0,0,0,-1,-1,-1]"
1712814205605,1712814178290,82,1,[],[]
1712814205605,1712814179290,83,1,[],[]
1712814205605,1712814180290,83,1,[],[]
1712814205605,1712814181290,83,1,[],[]
1712814205605,1712814182290,83,1,[],[]
1712814205605,1712814183290,83,1,[],[]
1712814205605,1712814184290,83,1,[],[]
1712814205605,1712814185290,83,1,[],[]
1712814205605,1712814186290,83,1,[],[]
1712814205605,1712814187290,83,1,[],[]
1712814205605,1712814188290,83,1,[],[]
1712814205605,1712814189290,83,1,[],[]
1712814205605,1712814190290,83,1,[],[]
1712814205605,1712814191290,82,1,[],[]
1712814205605,1712814192290,82,1,[],[]
1712814205605,1712814193290,81,1,[],[]
1712814205605,1712814194290,81,1,[],[]
1712814205605,1712814195290,81,1,[],[]
1712814205605,1712814196290,81,1,[],[]
1712814205605,1712814197290,81,1,[],[]
1712814205605,1712814198290,82,1,[],[]
1712814205605,1712814199290,83,1,[],[]
1712814205605,1712814200290,84,1,[],[]
1712814205605,1712814201290,84,1,[],[]
1712814205605,1712814202290,84,1,[],[]
1712814205605,1712814203290,84,1,[],[]
1712814205605,1712814204290,83,1,[],[]
1712814205605,1712814205290,85,1,[],[]
1712814206641,1712814206293,86,1,"[689,641]","[-1,-1]"
1712814207636,1712814207296,86,1,"[566,592]","[-1,-1]"
1712814208637,1712814208299,87,1,[],[]
1712814209621,1712814209302,88,1,"[1387,391]","[-1,-1]"
1712814811585,1712814213015,87,1,"[825,982,857,660,663,679,665,687,689,260,956,807,636,655,686,704,724,708,666,622,668,676,683,672,643,672,726,786,776,716,724,720,1110,980,906,441,477,656,700,556,435,1003,697,650,657,673,693,709,681,643,671,651,657,674,706,720,669,729,728,712,747,729,688,669,678,686,720,751,761,753,730,701,688,683,707,775,841,884,880,836,803,830,859,882,825,833,801,767,724,715,708,763,823,848,854,859,823,794,745,664,705,730,814,864,885,891,890,883,816,752,715,747,792,839,882,864,872,883,836,759,721,742,769,853,879,872,858,789,761,749,770,831,840,819,823,794,760,728,689,702,718,799,845,875,880,855,861,836,754,717,724,749,809,849,883,900,866,813,780,731,746,760,788,775,780,779,784,742,705,676,657,670,694,804,796,829,817,856,841,834,768,738,745,791,845,874,876,886,835,788,722,695,703,712,776,882,877,897,888,894,872,799,750,774,752,854,719,912,846,838,842,806,761,720,711,676,718,725,795,854,890,904,827,847,822,817,797,746,735,762,815,821,868,678,944,810,820,823,721,759,809,739,844,781,784,837,807,769,770,803,823,765,799,820,857,796,812,854,849,739,793,772,857,767,721,765,778,827,937,797,849,796,805,749,730,741,783,794,790,790,852,882,867,771,788,816,797,762,756,778,797,773,711,706,805,826,831,745,802,826,819,734,791,804,795,734,761,801,799,717,718,758,817,827,797,753,768,793,803,838,759,764,795,799,757,719,799,797,761,733,769,799,823,763,777,813,834,808,767,808,810,859,825,758,791,800,819,831,770,747,841,851,802,786,807,798,833,765,786,804,824,788,748,792,840,858,798,760,803,844,811,785,740,742,760,798,798,751,766,795,850,817,738,686,708,716,738,771,855,860,856,869,869,823,764,733,740,764,791,802,773,710,758,822,881,887,882,849,848,804,750,755,761,747,741,719,711,742,811,876,882,887,870,839,782,744,705,686,674,705,781,848,864,895,874,912,875,816,750,768,793,803,806,799,755,821,850,864,815,776,779,808,786,766,828,863,800,844,871,802,830,765,834,846,802,962,480,816,805,682,795,812,830,770,767,810,821,768,779,763,733,801,976,1282,748,609,975,763,815,877,884,809,1634,828,781,800,884,726,437,474,329,593,819,808,810,731,874,814,638,1060,326,439,738,823,1016,688,791,774,757,843,984,592,819,935,863,841,807,821,879,798,521,328,813,891,788,532,1022,816,786,765,754,802,824,818,744,720,742,746,788,773,758,803,857,888,845,891,919,900,849,770,817,887,920,893,840,815,865,878,826,837,771,804,824,853,826,758,788,824,884,851,796,771,777,822,875,863,859,821,755,788,810,828,816,753,765,814,786,787,742,821,841,846,756,760,802,813,823,802,744,759,760,793,830,828,783,773,808,834,836,775,774,784,831,857,734,779,827,855,822,821,840,863,862,863,806,746,663,726,717,726,831,867,876,901,916,911,861,768,774,800,842,852,845,747,816,859,852,834,813,835,818,801,788,788,761,729,707,736,751,797,748,747,712,702,745,750,748,767,721,749,742,774,754,692,728,749,754,715,729,759,751,648,483,859,631,615,611,592,605,666,1368,642,672,722,692,673,664,599,696,689,670,699,700,671,632,609,553,594,570,516,531,531,557,621,624,637,593,560,612,657,704,703,641,644,618,658,648,1177,597,575,571,583,576,572,600,1050,548,554,538,541,533,528,510,525,516,526,515,514,542,540,556,560,561,568,1312,955,572,580,541,599,591,1584,531,537,554,1067,684]","[-1,-1,-1,0,0,0,0,0,-1,-1,-1,-1,0,0,0,0,0,0,0,0,0,0,0,0,0,0,0,0,0,0,-1,-1,-1,-1,-1,-1,-1,-1,-1,-1,-1,-1,0,0,0,0,0,0,0,0,0,0,0,0,0,0,0,0,0,0,0,0,0,0,0,0,0,0,0,0,0,0,0,0,0,0,0,0,0,0,0,0,0,0,0,0,0,0,0,0,0,0,0,0,0,0,0,0,0,0,0,0,0,0,0,0,0,0,0,0,0,0,0,0,0,0,0,0,0,0,0,0,0,0,0,0,0,0,0,0,0,0,0,0,0,0,0,0,0,0,0,0,0,0,0,0,0,0,0,0,0,0,0,0,0,0,0,0,0,0,0,0,0,0,0,0,0,0,0,0,0,0,0,0,0,0,0,0,0,0,0,0,0,0,0,0,0,0,0,0,0,0,0,0,0,0,0,0,0,0,0,0,0,0,0,0,0,0,0,0,0,0,0,0,0,0,0,0,0,0,0,0,0,0,0,0,0,0,0,0,0,0,0,0,-1,-1,-1,-1,-1,-1,-1,0,0,0,0,0,0,0,0,0,0,0,0,0,0,0,0,0,0,0,0,0,0,0,0,0,0,0,0,0,0,0,0,0,0,0,0,0,0,0,0,0,0,0,0,0,0,0,0,0,0,0,0,0,0,0,0,0,0,0,0,0,0,0,0,0,0,0,0,0,0,0,0,0,0,0,0,0,0,0,0,0,0,0,0,0,0,0,0,0,0,0,0,0,0,0,0,0,0,0,0,0,0,0,0,0,0,0,0,0,0,0,0,0,0,0,0,0,0,0,0,0,0,0,0,0,0,0,0,0,0,0,0,0,0,0,0,0,0,0,0,0,0,0,0,0,0,0,0,0,0,0,0,0,0,0,0,0,0,0,0,0,0,0,0,0,0,0,0,0,0,0,0,0,0,0,0,0,0,0,0,0,0,0,0,0,0,0,0,0,0,0,0,0,0,0,0,0,0,0,0,0,0,0,0,0,0,0,0,0,0,0,0,0,0,0,0,0,0,0,-1,-1,-1,0,0,0,0,-1,-1,-1,-1,0,0,0,0,0,0,0,0,-1,-1,-1,0,0,0,0,-1,-1,-1,-1,-1,-1,0,0,0,0,-1,-1,-1,-1,-1,0,0,0,0,-1,-1,-1,-1,-1,-1,-1,-1,0,0,0,0,0,0,0,-1,-1,-1,-1,0,0,0,0,-1,-1,-1,-1,-1,-1,-1,-1,0,0,0,0,0,0,0,0,0,0,0,0,0,0,0,0,0,0,0,0,0,0,0,0,0,0,0,0,0,0,0,0,0,0,0,0,0,0,0,0,0,0,0,0,0,0,0,0,0,0,0,0,0,0,0,0,0,0,0,0,0,0,0,0,0,0,0,0,0,0,0,0,0,0,0,0,0,0,0,0,0,0,0,0,0,0,0,0,0,0,0,0,0,0,0,0,0,0,0,0,0,0,0,0,0,0,0,0,0,0,0,0,0,0,0,0,0,0,0,0,0,0,0,0,0,0,0,0,0,0,0,0,0,0,0,0,0,0,0,0,0,0,0,0,0,0,0,0,0,0,0,0,0,0,0,0,0,0,0,0,0,0,0,-1,-1,-1,0,0,0,0,0,0,0,0,0,0,0,0,0,0,0,0,0,0,0,0,0,0,0,0,0,0,0,0,0,0,0,0,0,0,-1,-1,-1,-1,0,0,0,0,0,0,0,0,0,0,0,0,0,0,0,0,0,0,0,0,0,-1,-1,-1,-1,-1,-1,-1,-1,-1,-1,-1,-1,-1,-1,-1,-1]"
1712814811585,1712814214015,87,1,[],[]
1712814811585,1712814215015,87,1,[],[]
1712814811585,1712814216015,86,1,[],[]
1712814811585,1712814217015,86,1,[],[]
1712814811585,1712814218015,86,1,[],[]
1712814811585,1712814219015,86,1,[],[]
1712814811585,1712814220015,86,1,[],[]
1712814811585,1712814221015,86,1,[],[]
1712814811585,1712814222015,87,1,[],[]
1712814811585,1712814223015,87,1,[],[]
1712814811585,1712814224015,88,1,[],[]
1712814811585,1712814225015,88,1,[],[]
1712814811585,1712814226015,88,1,[],[]
1712814811585,1712814227015,87,1,[],[]
1712814811585,1712814228015,87,1,[],[]
1712814811585,1712814229015,86,1,[],[]
1712814811585,1712814230015,86,1,[],[]
1712814811585,1712814231015,87,1,[],[]
1712814811585,1712814232015,86,1,[],[]
1712814811585,1712814233015,88,1,[],[]
1712814811585,1712814234015,88,1,[],[]
1712814811585,1712814235015,88,1,[],[]
1712814811585,1712814236015,87,1,[],[]
1712814811585,1712814237015,86,1,[],[]
1712814811585,1712814238015,87,1,[],[]
1712814811585,1712814239015,87,1,[],[]
1712814811585,1712814240015,88,1,[],[]
1712814811585,1712814241015,88,1,[],[]
1712814811585,1712814242015,88,1,[],[]
1712814811585,1712814243015,88,1,[],[]
1712814811585,1712814244015,89,1,[],[]
1712814811585,1712814245015,89,1,[],[]
1712814811585,1712814246015,89,1,[],[]
1712814811585,1712814247015,88,1,[],[]
1712814811585,1712814248015,88,1,[],[]
1712814811585,1712814249015,87,1,[],[]
1712814811585,1712814250015,87,1,[],[]
1712814811585,1712814251015,86,1,[],[]
1712814811585,1712814252015,86,1,[],[]
1712814811585,1712814253015,86,1,[],[]
1712814811585,1712814254015,86,1,[],[]
1712814811585,1712814255015,86,1,[],[]
1712814811585,1712814256015,85,1,[],[]
1712814811585,1712814257015,84,1,[],[]
1712814811585,1712814258015,84,1,[],[]
1712814811585,1712814259015,84,1,[],[]
1712814811585,1712814260015,84,1,[],[]
1712814811585,1712814261015,84,1,[],[]
1712814811585,1712814262015,83,1,[],[]
1712814811585,1712814263015,82,1,[],[]
1712814811585,1712814264015,82,1,[],[]
1712814811585,1712814265015,80,1,[],[]
1712814811585,1712814266015,79,1,[],[]
1712814811585,1712814267015,78,1,[],[]
1712814811585,1712814268015,76,1,[],[]
1712814811585,1712814269015,75,1,[],[]
1712814811585,1712814270015,75,1,[],[]
1712814811585,1712814271015,75,1,[],[]
1712814811585,1712814272015,76,1,[],[]
1712814811585,1712814273015,78,1,[],[]
1712814811585,1712814274015,78,1,[],[]
1712814811585,1712814275015,78,1,[],[]
1712814811585,1712814276015,77,1,[],[]
1712814811585,1712814277015,76,1,[],[]
1712814811585,1712814278015,75,1,[],[]
1712814811585,1712814279015,75,1,[],[]
1712814811585,1712814280015,76,1,[],[]
1712814811585,1712814281015,77,1,[],[]
1712814811585,1712814282015,78,1,[],[]
1712814811585,1712814283015,78,1,[],[]
1712814811585,1712814284015,77,1,[],[]
1712814811585,1712814285015,75,1,[],[]
1712814811585,1712814286015,75,1,[],[]
1712814811585,1712814287015,74,1,[],[]
1712814811585,1712814288015,74,1,[],[]
1712814811585,1712814289015,74,1,[],[]
1712814811585,1712814290015,75,1,[],[]
1712814811585,1712814291015,75,1,[],[]
1712814811585,1712814292015,65,1,[],[]
1712814811585,1712814293015,65,1,[],[]
1712814811585,1712814294015,65,1,[],[]
1712814811585,1712814295015,65,1,[],[]
1712814811585,1712814296015,66,1,[],[]
1712814811585,1712814297015,67,1,[],[]
1712814811585,1712814298015,68,1,[],[]
1712814811585,1712814299015,69,1,[],[]
1712814811585,1712814300015,69,1,[],[]
1712814811585,1712814301015,69,1,[],[]
1712814811585,1712814302015,69,1,[],[]
1712814811585,1712814303015,70,1,[],[]
1712814811585,1712814304015,71,1,[],[]
1712814811585,1712814305015,72,1,[],[]
1712814811585,1712814306015,72,1,[],[]
1712814811585,1712814307015,73,1,[],[]
1712814811585,1712814308015,73,1,[],[]
1712814811585,1712814309015,73,1,[],[]
1712814811585,1712814310015,74,1,[],[]
1712814811585,1712814311015,75,1,[],[]
1712814811585,1712814312015,75,1,[],[]
1712814811585,1712814313015,76,1,[],[]
1712814811585,1712814314015,77,1,[],[]
1712814811585,1712814315015,76,1,[],[]
1712814811585,1712814316015,75,1,[],[]
1712814811585,1712814317015,74,1,[],[]
1712814811585,1712814318015,73,1,[],[]
1712814811585,1712814319015,73,1,[],[]
1712814811585,1712814320015,73,1,[],[]
1712814811585,1712814321015,74,1,[],[]
1712814811585,1712814322015,75,1,[],[]
1712814811585,1712814323015,75,1,[],[]
1712814811585,1712814324015,75,1,[],[]
1712814811585,1712814325015,74,1,[],[]
1712814811585,1712814326015,73,1,[],[]
1712814811585,1712814327015,73,1,[],[]
1712814811585,1712814328015,73,1,[],[]
1712814811585,1712814329015,74,1,[],[]
1712814811585,1712814330015,75,1,[],[]
1712814811585,1712814331015,75,1,[],[]
1712814811585,1712814332015,76,1,[],[]
1712814811585,1712814333015,76,1,[],[]
1712814811585,1712814334015,76,1,[],[]
1712814811585,1712814335015,77,1,[],[]
1712814811585,1712814336015,78,1,[],[]
1712814811585,1712814337015,79,1,[],[]
1712814811585,1712814338015,79,1,[],[]
1712814811585,1712814339015,79,1,[],[]
1712814811585,1712814340015,79,1,[],[]
1712814811585,1712814341015,78,1,[],[]
1712814811585,1712814342015,77,1,[],[]
1712814811585,1712814343015,76,1,[],[]
1712814811585,1712814344015,76,1,[],[]
1712814811585,1712814345015,76,1,[],[]
1712814811585,1712814346015,76,1,[],[]
1712814811585,1712814347015,76,1,[],[]
1712814811585,1712814348015,76,1,[],[]
1712814811585,1712814349015,75,1,[],[]
1712814811585,1712814350015,75,1,[],[]
1712814811585,1712814351015,74,1,[],[]
1712814811585,1712814352015,74,1,[],[]
1712814811585,1712814353015,75,1,[],[]
1712814811585,1712814354015,76,1,[],[]
1712814811585,1712814355015,77,1,[],[]
1712814811585,1712814356015,77,1,[],[]
1712814811585,1712814357015,76,1,[],[]
1712814811585,1712814358015,75,1,[],[]
1712814811585,1712814359015,74,1,[],[]
1712814811585,1712814360015,74,1,[],[]
1712814811585,1712814361015,73,1,[],[]
1712814811585,1712814362015,73,1,[],[]
1712814811585,1712814363015,74,1,[],[]
1712814811585,1712814364015,74,1,[],[]
1712814811585,1712814365015,75,1,[],[]
1712814811585,1712814366015,75,1,[],[]
1712814811585,1712814367015,74,1,[],[]
1712814811585,1712814368015,74,1,[],[]
1712814811585,1712814369015,73,1,[],[]
1712814811585,1712814370015,73,1,[],[]
1712814811585,1712814371015,73,1,[],[]
1712814811585,1712814372015,74,1,[],[]
1712814811585,1712814373015,75,1,[],[]
1712814811585,1712814374015,76,1,[],[]
1712814811585,1712814375015,76,1,[],[]
1712814811585,1712814376015,76,1,[],[]
1712814811585,1712814377015,75,1,[],[]
1712814811585,1712814378015,74,1,[],[]
1712814811585,1712814379015,73,1,[],[]
1712814811585,1712814380015,73,1,[],[]
1712814811585,1712814381015,73,1,[],[]
1712814811585,1712814382015,73,1,[],[]
1712814811585,1712814383015,74,1,[],[]
1712814811585,1712814384015,74,1,[],[]
1712814811585,1712814385015,75,1,[],[]
1712814811585,1712814386015,75,1,[],[]
1712814811585,1712814387015,75,1,[],[]
1712814811585,1712814388015,74,1,[],[]
1712814811585,1712814389015,74,1,[],[]
1712814811585,1712814390015,74,1,[],[]
1712814811585,1712814391015,74,1,[],[]
1712814811585,1712814392015,75,1,[],[]
1712814811585,1712814393015,75,1,[],[]
1712814811585,1712814394015,75,1,[],[]
1712814811585,1712814395015,75,1,[],[]
1712814811585,1712814396015,76,1,[],[]
1712814811585,1712814397015,76,1,[],[]
1712814811585,1712814398015,75,1,[],[]
1712814811585,1712814399015,75,1,[],[]
1712814811585,1712814400015,75,1,[],[]
1712814811585,1712814401015,76,1,[],[]
1712814811585,1712814402015,76,1,[],[]
1712814811585,1712814403015,76,1,[],[]
1712814811585,1712814404015,75,1,[],[]
1712814811585,1712814405015,75,1,[],[]
1712814811585,1712814406015,75,1,[],[]
1712814811585,1712814407015,74,1,[],[]
1712814811585,1712814408015,74,1,[],[]
1712814811585,1712814409015,75,1,[],[]
1712814811585,1712814410015,74,1,[],[]
1712814811585,1712814411015,75,1,[],[]
1712814811585,1712814412015,75,1,[],[]
1712814811585,1712814413015,76,1,[],[]
1712814811585,1712814414015,76,1,[],[]
1712814811585,1712814415015,76,1,[],[]
1712814811585,1712814416015,75,1,[],[]
1712814811585,1712814417015,74,1,[],[]
1712814811585,1712814418015,74,1,[],[]
1712814811585,1712814419015,74,1,[],[]
1712814811585,1712814420015,75,1,[],[]
1712814811585,1712814421015,76,1,[],[]
1712814811585,1712814422015,76,1,[],[]
1712814811585,1712814423015,76,1,[],[]
1712814811585,1712814424015,76,1,[],[]
1712814811585,1712814425015,76,1,[],[]
1712814811585,1712814426015,75,1,[],[]
1712814811585,1712814427015,75,1,[],[]
1712814811585,1712814428015,75,1,[],[]
1712814811585,1712814429015,75,1,[],[]
1712814811585,1712814430015,75,1,[],[]
1712814811585,1712814431015,75,1,[],[]
1712814811585,1712814432015,75,1,[],[]
1712814811585,1712814433015,76,1,[],[]
1712814811585,1712814434015,76,1,[],[]
1712814811585,1712814435015,77,1,[],[]
1712814811585,1712814436015,77,1,[],[]
1712814811585,1712814437015,77,1,[],[]
1712814811585,1712814438015,77,1,[],[]
1712814811585,1712814439015,77,1,[],[]
1712814811585,1712814440015,76,1,[],[]
1712814811585,1712814441015,76,1,[],[]
1712814811585,1712814442015,76,1,[],[]
1712814811585,1712814443015,76,1,[],[]
1712814811585,1712814444015,76,1,[],[]
1712814811585,1712814445015,76,1,[],[]
1712814811585,1712814446015,77,1,[],[]
1712814811585,1712814447015,77,1,[],[]
1712814811585,1712814448015,77,1,[],[]
1712814811585,1712814449015,78,1,[],[]
1712814811585,1712814450015,78,1,[],[]
1712814811585,1712814451015,77,1,[],[]
1712814811585,1712814452015,77,1,[],[]
1712814811585,1712814453015,77,1,[],[]
1712814811585,1712814454015,77,1,[],[]
1712814811585,1712814455015,77,1,[],[]
1712814811585,1712814456015,77,1,[],[]
1712814811585,1712814457015,77,1,[],[]
1712814811585,1712814458015,77,1,[],[]
1712814811585,1712814459015,77,1,[],[]
1712814811585,1712814460015,77,1,[],[]
1712814811585,1712814461015,77,1,[],[]
1712814811585,1712814462015,77,1,[],[]
1712814811585,1712814463015,77,1,[],[]
1712814811585,1712814464015,77,1,[],[]
1712814811585,1712814465015,77,1,[],[]
1712814811585,1712814466015,77,1,[],[]
1712814811585,1712814467015,77,1,[],[]
1712814811585,1712814468015,77,1,[],[]
1712814811585,1712814469015,77,1,[],[]
1712814811585,1712814470015,76,1,[],[]
1712814811585,1712814471015,76,1,[],[]
1712814811585,1712814472015,76,1,[],[]
1712814811585,1712814473015,76,1,[],[]
1712814811585,1712814474015,75,1,[],[]
1712814811585,1712814475015,75,1,[],[]
1712814811585,1712814476015,75,1,[],[]
1712814811585,1712814477015,75,1,[],[]
1712814811585,1712814478015,75,1,[],[]
1712814811585,1712814479015,75,1,[],[]
1712814811585,1712814480015,75,1,[],[]
1712814811585,1712814481015,75,1,[],[]
1712814811585,1712814482015,75,1,[],[]
1712814811585,1712814483015,75,1,[],[]
1712814811585,1712814484015,75,1,[],[]
1712814811585,1712814485015,75,1,[],[]
1712814811585,1712814486015,75,1,[],[]
1712814811585,1712814487015,75,1,[],[]
1712814811585,1712814488015,75,1,[],[]
1712814811585,1712814489015,75,1,[],[]
1712814811585,1712814490015,75,1,[],[]
1712814811585,1712814491015,75,1,[],[]
1712814811585,1712814492015,75,1,[],[]
1712814811585,1712814493015,75,1,[],[]
1712814811585,1712814494015,75,1,[],[]
1712814811585,1712814495015,75,1,[],[]
1712814811585,1712814496015,75,1,[],[]
1712814811585,1712814497015,75,1,[],[]
1712814811585,1712814498015,75,1,[],[]
1712814811585,1712814499015,76,1,[],[]
1712814811585,1712814500015,76,1,[],[]
1712814811585,1712814501015,76,1,[],[]
1712814811585,1712814502015,77,1,[],[]
1712814811585,1712814503015,77,1,[],[]
1712814811585,1712814504015,76,1,[],[]
1712814811585,1712814505015,76,1,[],[]
1712814811585,1712814506015,77,1,[],[]
1712814811585,1712814507015,77,1,[],[]
1712814811585,1712814508015,78,1,[],[]
1712814811585,1712814509015,78,1,[],[]
1712814811585,1712814510015,78,1,[],[]
1712814811585,1712814511015,77,1,[],[]
1712814811585,1712814512015,76,1,[],[]
1712814811585,1712814513015,75,1,[],[]
1712814811585,1712814514015,75,1,[],[]
1712814811585,1712814515015,74,1,[],[]
1712814811585,1712814516015,75,1,[],[]
1712814811585,1712814517015,76,1,[],[]
1712814811585,1712814518015,76,1,[],[]
1712814811585,1712814519015,76,1,[],[]
1712814811585,1712814520015,77,1,[],[]
1712814811585,1712814521015,77,1,[],[]
1712814811585,1712814522015,77,1,[],[]
1712814811585,1712814523015,76,1,[],[]
1712814811585,1712814524015,76,1,[],[]
1712814811585,1712814525015,75,1,[],[]
1712814811585,1712814526015,75,1,[],[]
1712814811585,1712814527015,74,1,[],[]
1712814811585,1712814528015,75,1,[],[]
1712814811585,1712814529015,75,1,[],[]
1712814811585,1712814530015,76,1,[],[]
1712814811585,1712814531015,76,1,[],[]
1712814811585,1712814532015,77,1,[],[]
1712814811585,1712814533015,78,1,[],[]
1712814811585,1712814534015,78,1,[],[]
1712814811585,1712814535015,77,1,[],[]
1712814811585,1712814536015,76,1,[],[]
1712814811585,1712814537015,75,1,[],[]
1712814811585,1712814538015,75,1,[],[]
1712814811585,1712814539015,75,1,[],[]
1712814811585,1712814540015,75,1,[],[]
1712814811585,1712814541015,76,1,[],[]
1712814811585,1712814542015,78,1,[],[]
1712814811585,1712814543015,80,1,[],[]
1712814811585,1712814544015,79,1,[],[]
1712814811585,1712814545015,77,1,[],[]
1712814811585,1712814546015,76,1,[],[]
1712814811585,1712814547015,75,1,[],[]
1712814811585,1712814548015,74,1,[],[]
1712814811585,1712814549015,74,1,[],[]
1712814811585,1712814550015,73,1,[],[]
1712814811585,1712814551015,74,1,[],[]
1712814811585,1712814552015,74,1,[],[]
1712814811585,1712814553015,74,1,[],[]
1712814811585,1712814554015,74,1,[],[]
1712814811585,1712814555015,75,1,[],[]
1712814811585,1712814556015,75,1,[],[]
1712814811585,1712814557015,75,1,[],[]
1712814811585,1712814558015,74,1,[],[]
1712814811585,1712814559015,74,1,[],[]
1712814811585,1712814560015,74,1,[],[]
1712814811585,1712814561015,75,1,[],[]
1712814811585,1712814562015,75,1,[],[]
1712814811585,1712814563015,75,1,[],[]
1712814811585,1712814564015,75,1,[],[]
1712814811585,1712814565015,74,1,[],[]
1712814811585,1712814566015,74,1,[],[]
1712814811585,1712814567015,74,1,[],[]
1712814811585,1712814568015,74,1,[],[]
1712814811585,1712814569015,74,1,[],[]
1712814811585,1712814570015,74,1,[],[]
1712814811585,1712814571015,74,1,[],[]
1712814811585,1712814572015,74,1,[],[]
1712814811585,1712814573015,74,1,[],[]
1712814811585,1712814574015,74,1,[],[]
1712814811585,1712814575015,75,1,[],[]
1712814811585,1712814576015,75,1,[],[]
1712814811585,1712814577015,75,1,[],[]
1712814811585,1712814578015,75,1,[],[]
1712814811585,1712814579015,76,1,[],[]
1712814811585,1712814580015,76,1,[],[]
1712814811585,1712814581015,76,1,[],[]
1712814811585,1712814582015,76,1,[],[]
1712814811585,1712814583015,76,1,[],[]
1712814811585,1712814584015,76,1,[],[]
1712814811585,1712814585015,76,1,[],[]
1712814811585,1712814586015,76,1,[],[]
1712814811585,1712814587015,77,1,[],[]
1712814811585,1712814588015,77,1,[],[]
1712814811585,1712814589015,78,1,[],[]
1712814811585,1712814590015,77,1,[],[]
1712814811585,1712814591015,77,1,[],[]
1712814811585,1712814592015,77,1,[],[]
1712814811585,1712814593015,76,1,[],[]
1712814811585,1712814594015,76,1,[],[]
1712814811585,1712814595015,76,1,[],[]
1712814811585,1712814596015,75,1,[],[]
1712814811585,1712814597015,75,1,[],[]
1712814811585,1712814598015,75,1,[],[]
1712814811585,1712814599015,75,1,[],[]
1712814811585,1712814600015,75,1,[],[]
1712814811585,1712814601015,75,1,[],[]
1712814811585,1712814602015,75,1,[],[]
1712814811585,1712814603015,74,1,[],[]
1712814811585,1712814604015,76,1,[],[]
1712814811585,1712814605015,76,1,[],[]
1712814811585,1712814606015,76,1,[],[]
1712814811585,1712814607015,75,1,[],[]
1712814811585,1712814608015,75,1,[],[]
1712814811585,1712814609015,75,1,[],[]
1712814811585,1712814610015,74,1,[],[]
1712814811585,1712814611015,74,1,[],[]
1712814811585,1712814612015,73,1,[],[]
1712814811585,1712814613015,75,1,[],[]
1712814811585,1712814614015,75,1,[],[]
1712814811585,1712814615015,74,1,[],[]
1712814811585,1712814616015,75,1,[],[]
1712814811585,1712814617015,75,1,[],[]
1712814811585,1712814618015,75,1,[],[]
1712814811585,1712814619015,74,1,[],[]
1712814811585,1712814620015,73,1,[],[]
1712814811585,1712814621015,72,1,[],[]
1712814811585,1712814622015,72,1,[],[]
1712814811585,1712814623015,72,1,[],[]
1712814811585,1712814624015,72,1,[],[]
1712814811585,1712814625015,71,1,[],[]
1712814811585,1712814626015,72,1,[],[]
1712814811585,1712814627015,73,1,[],[]
1712814811585,1712814628015,73,1,[],[]
1712814811585,1712814629015,73,1,[],[]
1712814811585,1712814630015,74,1,[],[]
1712814811585,1712814631015,74,1,[],[]
1712814811585,1712814632015,75,1,[],[]
1712814811585,1712814633015,75,1,[],[]
1712814811585,1712814634015,75,1,[],[]
1712814811585,1712814635015,76,1,[],[]
1712814811585,1712814636015,77,1,[],[]
1712814811585,1712814637015,77,1,[],[]
1712814811585,1712814638015,77,1,[],[]
1712814811585,1712814639015,77,1,[],[]
1712814811585,1712814640015,77,1,[],[]
1712814811585,1712814641015,76,1,[],[]
1712814811585,1712814642015,75,1,[],[]
1712814811585,1712814643015,75,1,[],[]
1712814811585,1712814644015,74,1,[],[]
1712814811585,1712814645015,73,1,[],[]
1712814811585,1712814646015,73,1,[],[]
1712814811585,1712814647015,73,1,[],[]
1712814811585,1712814648015,73,1,[],[]
1712814811585,1712814649015,72,1,[],[]
1712814811585,1712814650015,71,1,[],[]
1712814811585,1712814651015,71,1,[],[]
1712814811585,1712814652015,71,1,[],[]
1712814811585,1712814653015,71,1,[],[]
1712814811585,1712814654015,71,1,[],[]
1712814811585,1712814655015,71,1,[],[]
1712814811585,1712814656015,72,1,[],[]
1712814811585,1712814657015,72,1,[],[]
1712814811585,1712814658015,72,1,[],[]
1712814811585,1712814659015,72,1,[],[]
1712814811585,1712814660015,73,1,[],[]
1712814811585,1712814661015,73,1,[],[]
1712814811585,1712814662015,73,1,[],[]
1712814811585,1712814663015,73,1,[],[]
1712814811585,1712814664015,73,1,[],[]
1712814811585,1712814665015,73,1,[],[]
1712814811585,1712814666015,74,1,[],[]
1712814811585,1712814667015,73,1,[],[]
1712814811585,1712814668015,73,1,[],[]
1712814811585,1712814669015,73,1,[],[]
1712814811585,1712814670015,73,1,[],[]
1712814811585,1712814671015,73,1,[],[]
1712814811585,1712814672015,74,1,[],[]
1712814811585,1712814673015,74,1,[],[]
1712814811585,1712814674015,74,1,[],[]
1712814811585,1712814675015,74,1,[],[]
1712814811585,1712814676015,75,1,[],[]
1712814811585,1712814677015,75,1,[],[]
1712814811585,1712814678015,75,1,[],[]
1712814811585,1712814679015,75,1,[],[]
1712814811585,1712814680015,75,1,[],[]
1712814811585,1712814681015,75,1,[],[]
1712814811585,1712814682015,75,1,[],[]
1712814811585,1712814683015,75,1,[],[]
1712814811585,1712814684015,75,1,[],[]
1712814811585,1712814685015,75,1,[],[]
1712814811585,1712814686015,75,1,[],[]
1712814811585,1712814687015,76,1,[],[]
1712814811585,1712814688015,76,1,[],[]
1712814811585,1712814689015,76,1,[],[]
1712814811585,1712814690015,76,1,[],[]
1712814811585,1712814691015,76,1,[],[]
1712814811585,1712814692015,76,1,[],[]
1712814811585,1712814693015,76,1,[],[]
1712814811585,1712814694015,75,1,[],[]
1712814811585,1712814695015,75,1,[],[]
1712814811585,1712814696015,75,1,[],[]
1712814811585,1712814697015,75,1,[],[]
1712814811585,1712814698015,75,1,[],[]
1712814811585,1712814699015,75,1,[],[]
1712814811585,1712814700015,75,1,[],[]
1712814811585,1712814701015,75,1,[],[]
1712814811585,1712814702015,75,1,[],[]
1712814811585,1712814703015,74,1,[],[]
1712814811585,1712814704015,74,1,[],[]
1712814811585,1712814705015,74,1,[],[]
1712814811585,1712814706015,73,1,[],[]
1712814811585,1712814707015,73,1,[],[]
1712814811585,1712814708015,73,1,[],[]
1712814811585,1712814709015,74,1,[],[]
1712814811585,1712814710015,75,1,[],[]
1712814811585,1712814711015,76,1,[],[]
1712814811585,1712814712015,76,1,[],[]
1712814811585,1712814713015,75,1,[],[]
1712814811585,1712814714015,74,1,[],[]
1712814811585,1712814715015,74,1,[],[]
1712814811585,1712814716015,73,1,[],[]
1712814811585,1712814717015,72,1,[],[]
1712814811585,1712814718015,72,1,[],[]
1712814811585,1712814719015,73,1,[],[]
1712814811585,1712814720015,73,1,[],[]
1712814811585,1712814721015,73,1,[],[]
1712814811585,1712814722015,73,1,[],[]
1712814811585,1712814723015,73,1,[],[]
1712814811585,1712814724015,73,1,[],[]
1712814811585,1712814725015,73,1,[],[]
1712814811585,1712814726015,73,1,[],[]
1712814811585,1712814727015,73,1,[],[]
1712814811585,1712814728015,73,1,[],[]
1712814811585,1712814729015,73,1,[],[]
1712814811585,1712814730015,73,1,[],[]
1712814811585,1712814731015,73,1,[],[]
1712814811585,1712814732015,74,1,[],[]
1712814811585,1712814733015,75,1,[],[]
1712814811585,1712814734015,75,1,[],[]
1712814811585,1712814735015,76,1,[],[]
1712814811585,1712814736015,76,1,[],[]
1712814811585,1712814737015,77,1,[],[]
1712814811585,1712814738015,78,1,[],[]
1712814811585,1712814739015,78,1,[],[]
1712814811585,1712814740015,79,1,[],[]
1712814811585,1712814741015,79,1,[],[]
1712814811585,1712814742015,80,1,[],[]
1712814811585,1712814743015,80,1,[],[]
1712814811585,1712814744015,80,1,[],[]
1712814811585,1712814745015,80,1,[],[]
1712814811585,1712814746015,80,1,[],[]
1712814811585,1712814747015,80,1,[],[]
1712814811585,1712814748015,81,1,[],[]
1712814811585,1712814749015,81,1,[],[]
1712814811585,1712814750015,81,1,[],[]
1712814811585,1712814751015,81,1,[],[]
1712814811585,1712814752015,82,1,[],[]
1712814811585,1712814753015,82,1,[],[]
1712814811585,1712814754015,83,1,[],[]
1712814811585,1712814755015,83,1,[],[]
1712814811585,1712814756015,84,1,[],[]
1712814811585,1712814757015,85,1,[],[]
1712814811585,1712814758015,86,1,[],[]
1712814811585,1712814759015,87,1,[],[]
1712814811585,1712814760015,87,1,[],[]
1712814811585,1712814761015,87,1,[],[]
1712814811585,1712814762015,88,1,[],[]
1712814811585,1712814763015,89,1,[],[]
1712814811585,1712814764015,88,1,[],[]
1712814811585,1712814765015,88,1,[],[]
1712814811585,1712814766015,88,1,[],[]
1712814811585,1712814767015,88,1,[],[]
1712814811585,1712814768015,89,1,[],[]
1712814811585,1712814769015,89,1,[],[]
1712814811585,1712814770015,89,1,[],[]
1712814811585,1712814771015,90,1,[],[]
1712814811585,1712814772015,91,1,[],[]
1712814811585,1712814773015,92,1,[],[]
1712814811585,1712814774015,0,-10,[],[]
1712814811585,1712814775015,0,-10,[],[]
1712814811585,1712814776015,0,-10,[],[]
1712814811585,1712814777015,94,1,[],[]
1712814811585,1712814778015,93,1,[],[]
1712814811585,1712814779015,93,1,[],[]
1712814811585,1712814780015,93,1,[],[]
1712814811585,1712814781015,89,1,[],[]
1712814811585,1712814782015,93,1,[],[]
1712814811585,1712814783015,94,1,[],[]
1712814811585,1712814784015,0,-10,[],[]
1712814811585,1712814785015,0,-10,[],[]
1712814811585,1712814786015,0,-10,[],[]
1712814811585,1712814787015,96,1,[],[]
1712814811585,1712814788015,0,-10,[],[]
1712814811585,1712814789015,0,-10,[],[]
1712814811585,1712814790015,0,-10,[],[]
1712814811585,1712814791015,0,-10,[],[]
1712814811585,1712814792015,0,-10,[],[]
1712814811585,1712814793015,0,-10,[],[]
1712814811585,1712814794015,0,-10,[],[]
1712814811585,1712814795015,0,-10,[],[]
1712814811585,1712814796015,0,-10,[],[]
1712814811585,1712814797015,0,-10,[],[]
1712814811585,1712814798015,0,-10,[],[]
1712814811585,1712814799015,0,-10,[],[]
1712814811585,1712814800015,0,-10,[],[]
1712814811585,1712814801015,0,-10,[],[]
1712814811585,1712814802015,0,-10,[],[]
1712814811585,1712814803015,0,-10,[],[]
1712814811585,1712814804015,0,-10,[],[]
1712814811585,1712814805015,0,-10,[],[]
1712814811585,1712814806015,0,-10,[],[]
1712814811585,1712814807015,0,-10,[],[]
1712814811585,1712814808015,0,-10,[],[]
1712814811585,1712814809015,0,-10,[],[]
1712814811585,1712814810015,0,-10,[],[]
1712814811585,1712814811015,0,-10,[],[]
1712814811585,1712814812015,0,-10,[],[]
1712814899655,1712814813287,0,-10,"[599,1140,587,555,592,562,571,569,584,586,576,554,572,589,570,586,570,564,554,560,564,564,535,532,555,566,574,583,597,551,560,569,552,565,592,563,546,575,552,608,605,529,578,589,613,647,655,648,602,610,607,642,634,613,622,708,773,786,807,763,709,663,671,641,641,648,580,599,729,740,627,770,760,736,1361,660,657,693,626,638,617,685,655,626,658,666,688,1349,658,670,719,597,614,585,684,680,647,598,605,635,603,594,599,601,645,708,692,656,639,681,734,701,689,648,638,608,623,595,593,582,601,664,669,630,663,689,780,716,668,650,687,727,707,671,660,736]","[-1,-1,-1,-1,0,0,0,0,0,0,0,0,0,0,0,0,0,0,0,0,0,0,0,0,0,0,0,0,0,0,0,0,0,0,0,0,0,0,0,0,0,0,0,0,0,0,0,0,0,0,0,0,0,0,0,0,0,0,0,0,0,0,0,0,0,0,0,0,0,0,0,0,0,0,0,0,0,0,0,0,0,0,0,0,0,-1,-1,-1,-1,0,0,0,0,0,0,0,0,0,0,0,0,0,0,0,0,0,0,0,0,0,0,0,0,0,0,0,0,0,0,0,0,0,0,0,0,0,0,0,0,0,0,0,0,0,0,0]"
1712814899655,1712814814287,0,-10,[],[]
1712814899655,1712814815287,0,-10,[],[]
1712814899655,1712814816287,104,1,[],[]
1712814899655,1712814817287,104,1,[],[]
1712814899655,1712814818287,105,1,[],[]
1712814899655,1712814819287,105,1,[],[]
1712814899655,1712814820287,105,1,[],[]
1712814899655,1712814821287,106,1,[],[]
1712814899655,1712814822287,106,1,[],[]
1712814899655,1712814823287,106,1,[],[]
1712814899655,1712814824287,106,1,[],[]
1712814899655,1712814825287,106,1,[],[]
1712814899655,1712814826287,106,1,[],[]
1712814899655,1712814827287,106,1,[],[]
1712814899655,1712814828287,106,1,[],[]
1712814899655,1712814829287,106,1,[],[]
1712814899655,1712814830287,106,1,[],[]
1712814899655,1712814831287,106,1,[],[]
1712814899655,1712814832287,105,1,[],[]
1712814899655,1712814833287,105,1,[],[]
1712814899655,1712814834287,104,1,[],[]
1712814899655,1712814835287,104,1,[],[]
1712814899655,1712814836287,103,1,[],[]
1712814899655,1712814837287,0,-10,[],[]
1712814899655,1712814838287,0,-10,[],[]
1712814899655,1712814839287,100,1,[],[]
1712814899655,1712814840287,100,1,[],[]
1712814899655,1712814841287,0,-10,[],[]
1712814899655,1712814842287,0,-10,[],[]
1712814899655,1712814843287,0,-10,[],[]
1712814899655,1712814844287,0,-10,[],[]
1712814899655,1712814845287,0,-10,[],[]
1712814899655,1712814846287,0,-10,[],[]
1712814899655,1712814847287,0,-10,[],[]
1712814899655,1712814848287,0,-10,[],[]
1712814899655,1712814849287,0,-10,[],[]
1712814899655,1712814850287,94,1,[],[]
1712814899655,1712814851287,93,1,[],[]
1712814899655,1712814852287,79,1,[],[]
1712814899655,1712814853287,79,1,[],[]
1712814899655,1712814854287,80,1,[],[]
1712814899655,1712814855287,81,1,[],[]
1712814899655,1712814856287,82,1,[],[]
1712814899655,1712814857287,83,1,[],[]
1712814899655,1712814858287,84,1,[],[]
1712814899655,1712814859287,84,1,[],[]
1712814899655,1712814860287,86,1,[],[]
1712814899655,1712814861287,86,1,[],[]
1712814899655,1712814862287,87,1,[],[]
1712814899655,1712814863287,87,1,[],[]
1712814899655,1712814864287,88,1,[],[]
1712814899655,1712814865287,88,1,[],[]
1712814899655,1712814866287,89,1,[],[]
1712814899655,1712814867287,90,1,[],[]
1712814899655,1712814868287,90,1,[],[]
1712814899655,1712814869287,90,1,[],[]
1712814899655,1712814870287,91,1,[],[]
1712814899655,1712814871287,92,1,[],[]
1712814899655,1712814872287,93,1,[],[]
1712814899655,1712814873287,94,1,[],[]
1712814899655,1712814874287,94,1,[],[]
1712814899655,1712814875287,94,1,[],[]
1712814899655,1712814876287,93,1,[],[]
1712814899655,1712814877287,93,1,[],[]
1712814899655,1712814878287,92,1,[],[]
1712814899655,1712814879287,91,1,[],[]
1712814899655,1712814880287,91,1,[],[]
1712814899655,1712814881287,91,1,[],[]
1712814899655,1712814882287,92,1,[],[]
1712814899655,1712814883287,93,1,[],[]
1712814899655,1712814884287,93,1,[],[]
1712814899655,1712814885287,94,1,[],[]
1712814899655,1712814886287,94,1,[],[]
1712814899655,1712814887287,93,1,[],[]
1712814899655,1712814888287,93,1,[],[]
1712814899655,1712814889287,92,1,[],[]
1712814899655,1712814890287,91,1,[],[]
1712814899655,1712814891287,90,1,[],[]
1712814899655,1712814892287,89,1,[],[]
1712814899655,1712814893287,89,1,[],[]
1712814899655,1712814894287,89,1,[],[]
1712814899655,1712814895287,88,1,[],[]
1712814899655,1712814896287,88,1,[],[]
1712814899655,1712814897287,87,1,[],[]
1712814899655,1712814898287,86,1,[],[]
1712814899655,1712814899287,86,1,[],[]
1712814899655,1712814900287,86,1,[],[]
1712815048145,1712814901728,86,1,"[747,746,688,711,648,709,737,665,699,713,787,750,699,690,711,666,656,593,613,652,708,652,662,664,681,735,674,594,646,487,751,660,280,394,668,679,360,883,609,591,593,583,624,636,649,631,629,665,700,682,639,645,637,630,609,602,619,614,629,632,618,626,655,672,609,632,632,634,638,619,625,604,616,666,621,529,670,697,694,617,627,577,627,582,632,609,641,639,633,630,615,603,636,621,652,594,599,368,849,599,627,546,619,1840,518,599,580,854,536,565,298,725,749,1004,526,351,768,500,590,586,822,944,797,1659,914,392,461,398,943,942,514,877,487,376,930,446,682,745,451,437,1407,910,411,482,478,856,529,418,797,494,627,1519,611,909,1230,449,576,408,899,517,432,1264,733,1060,1141,516,626,681,260,1373,704,481,943,481,854,491,522,418,496,456,473,515,476,541,480,656,730,531,459,1461,521,1366,642,473,473,478,570,561,715,1010,885,468,493,470,511,458,502,526,554,590,568,596,622,570,721,386,638,1041,930,494,642,464,567,565,561,260]","[0,0,0,0,0,0,0,0,0,0,0,0,0,0,0,0,0,0,0,0,0,0,0,0,0,0,0,0,0,0,0,0,0,0,0,0,0,0,0,0,0,0,0,0,0,0,0,0,0,0,0,0,0,0,0,0,0,0,0,0,0,0,0,0,0,0,0,0,-1,-1,-1,-1,-1,-1,-1,-1,-1,-1,0,0,0,0,0,0,0,0,0,0,0,0,0,0,0,0,0,0,0,-1,-1,-1,-1,-1,-1,-1,-1,-1,-1,-1,-1,-1,-1,-1,-1,-1,-1,-1,-1,-1,-1,-1,-1,-1,-1,-1,-1,-1,-1,0,0,0,0,-1,-1,-1,-1,-1,-1,-1,-1,-1,-1,-1,-1,-1,-1,-1,-1,-1,-1,-1,-1,-1,-1,-1,-1,-1,-1,-1,-1,-1,-1,-1,-1,-1,-1,-1,-1,-1,-1,-1,-1,-1,-1,-1,-1,-1,-1,-1,-1,-1,-1,-1,-1,-1,0,0,0,0,0,-1,-1,-1,0,0,0,0,0,-1,-1,-1,-1,-1,-1,-1,-1,-1,-1,0,0,0,0,0,-1,-1,-1,-1,-1,-1,-1,-1,-1,-1,-1,-1,-1,-1]"
1712815048145,1712814902728,86,1,[],[]
1712815048145,1712814903728,85,1,[],[]
1712815048145,1712814904728,85,1,[],[]
1712815048145,1712814905728,85,1,[],[]
1712815048145,1712814906728,85,1,[],[]
1712815048145,1712814907728,85,1,[],[]
1712815048145,1712814908728,86,1,[],[]
1712815048145,1712814909728,87,1,[],[]
1712815048145,1712814910728,87,1,[],[]
1712815048145,1712814911728,88,1,[],[]
1712815048145,1712814912728,88,1,[],[]
1712815048145,1712814913728,88,1,[],[]
1712815048145,1712814914728,88,1,[],[]
1712815048145,1712814915728,89,1,[],[]
1712815048145,1712814916728,89,1,[],[]
1712815048145,1712814917728,89,1,[],[]
1712815048145,1712814918728,89,1,[],[]
1712815048145,1712814919728,89,1,[],[]
1712815048145,1712814920728,89,1,[],[]
1712815048145,1712814921728,90,1,[],[]
1712815048145,1712814922728,92,1,[],[]
1712815048145,1712814923728,92,1,[],[]
1712815048145,1712814924728,93,1,[],[]
1712815048145,1712814925728,93,1,[],[]
1712815048145,1712814926728,93,1,[],[]
1712815048145,1712814927728,93,1,[],[]
1712815048145,1712814928728,92,1,[],[]
1712815048145,1712814929728,92,1,[],[]
1712815048145,1712814930728,93,1,[],[]
1712815048145,1712814931728,93,1,[],[]
1712815048145,1712814932728,94,1,[],[]
1712815048145,1712814933728,94,1,[],[]
1712815048145,1712814934728,94,1,[],[]
1712815048145,1712814935728,95,1,[],[]
1712815048145,1712814936728,94,1,[],[]
1712815048145,1712814937728,94,1,[],[]
1712815048145,1712814938728,94,1,[],[]
1712815048145,1712814939728,95,1,[],[]
1712815048145,1712814940728,94,1,[],[]
1712815048145,1712814941728,95,1,[],[]
1712815048145,1712814942728,95,1,[],[]
1712815048145,1712814943728,95,1,[],[]
1712815048145,1712814944728,96,1,[],[]
1712815048145,1712814945728,95,1,[],[]
1712815048145,1712814946728,95,1,[],[]
1712815048145,1712814947728,95,1,[],[]
1712815048145,1712814948728,95,1,[],[]
1712815048145,1712814949728,96,1,[],[]
1712815048145,1712814950728,96,1,[],[]
1712815048145,1712814951728,96,1,[],[]
1712815048145,1712814952728,96,1,[],[]
1712815048145,1712814953728,96,1,[],[]
1712815048145,1712814954728,96,1,[],[]
1712815048145,1712814955728,96,1,[],[]
1712815048145,1712814956728,96,1,[],[]
1712815048145,1712814957728,96,1,[],[]
1712815048145,1712814958728,96,1,[],[]
1712815048145,1712814959728,96,1,[],[]
1712815048145,1712814960728,97,1,[],[]
1712815048145,1712814961728,96,1,[],[]
1712815048145,1712814962728,96,1,[],[]
1712815048145,1712814963728,96,1,[],[]
1712815048145,1712814964728,96,1,[],[]
1712815048145,1712814965728,95,1,[],[]
1712815048145,1712814966728,94,1,[],[]
1712815048145,1712814967728,92,1,[],[]
1712815048145,1712814968728,92,1,[],[]
1712815048145,1712814969728,0,-10,[],[]
1712815048145,1712814970728,91,1,[],[]
1712815048145,1712814971728,0,-10,[],[]
1712815048145,1712814972728,0,-10,[],[]
1712815048145,1712814973728,0,-10,[],[]
1712815048145,1712814974728,91,1,[],[]
1712815048145,1712814975728,91,1,[],[]
1712815048145,1712814976728,0,-10,[],[]
1712815048145,1712814977728,0,-10,[],[]
1712815048145,1712814978728,0,-10,[],[]
1712815048145,1712814979728,0,-10,[],[]
1712815048145,1712814980728,0,-10,[],[]
1712815048145,1712814981728,0,-10,[],[]
1712815048145,1712814982728,0,-10,[],[]
1712815048145,1712814983728,0,-10,[],[]
1712815048145,1712814984728,0,-10,[],[]
1712815048145,1712814985728,0,-10,[],[]
1712815048145,1712814986728,0,-10,[],[]
1712815048145,1712814987728,0,-10,[],[]
1712815048145,1712814988728,0,-10,[],[]
1712815048145,1712814989728,0,-10,[],[]
1712815048145,1712814990728,0,-10,[],[]
1712815048145,1712814991728,0,-10,[],[]
1712815048145,1712814992728,0,-10,[],[]
1712815048145,1712814993728,0,-10,[],[]
1712815048145,1712814994728,0,-10,[],[]
1712815048145,1712814995728,0,-10,[],[]
1712815048145,1712814996728,0,-10,[],[]
1712815048145,1712814997728,0,-10,[],[]
1712815048145,1712814998728,0,-10,[],[]
1712815048145,1712814999728,0,-10,[],[]
1712815048145,1712815000728,0,-10,[],[]
1712815048145,1712815001728,0,-10,[],[]
1712815048145,1712815002728,0,-10,[],[]
1712815048145,1712815003728,0,-10,[],[]
1712815048145,1712815004728,0,-10,[],[]
1712815048145,1712815005728,0,-10,[],[]
1712815048145,1712815006728,0,-10,[],[]
1712815048145,1712815007728,0,-10,[],[]
1712815048145,1712815008728,0,-10,[],[]
1712815048145,1712815009728,0,-10,[],[]
1712815048145,1712815010728,0,-10,[],[]
1712815048145,1712815011728,0,-10,[],[]
1712815048145,1712815012728,0,-10,[],[]
1712815048145,1712815013728,0,-10,[],[]
1712815048145,1712815014728,0,-10,[],[]
1712815048145,1712815015728,0,-10,[],[]
1712815048145,1712815016728,0,-10,[],[]
1712815048145,1712815017728,0,-10,[],[]
1712815048145,1712815018728,0,-10,[],[]
1712815048145,1712815019728,0,-10,[],[]
1712815048145,1712815020728,0,-10,[],[]
1712815048145,1712815021728,0,-10,[],[]
1712815048145,1712815022728,0,-10,[],[]
1712815048145,1712815023728,0,-10,[],[]
1712815048145,1712815024728,0,-10,[],[]
1712815048145,1712815025728,0,-10,[],[]
1712815048145,1712815026728,0,-10,[],[]
1712815048145,1712815027728,0,-10,[],[]
1712815048145,1712815028728,0,-10,[],[]
1712815048145,1712815029728,0,-10,[],[]
1712815048145,1712815030728,0,-10,[],[]
1712815048145,1712815031728,0,-10,[],[]
1712815048145,1712815032728,0,-10,[],[]
1712815048145,1712815033728,0,-10,[],[]
1712815048145,1712815034728,0,-10,[],[]
1712815048145,1712815035728,0,-10,[],[]
1712815048145,1712815036728,0,-10,[],[]
1712815048145,1712815037728,0,-10,[],[]
1712815048145,1712815038728,0,-10,[],[]
1712815048145,1712815039728,0,-10,[],[]
1712815048145,1712815040728,0,-10,[],[]
1712815048145,1712815041728,0,-10,[],[]
1712815048145,1712815042728,0,-10,[],[]
1712815048145,1712815043728,0,-10,[],[]
1712815048145,1712815044728,0,-10,[],[]
1712815048145,1712815045728,0,-10,[],[]
1712815048145,1712815046728,0,-10,[],[]
1712815048145,1712815047728,0,-10,[],[]
1712815048145,1712815048728,0,-10,[],[]
1712815049069,1712815049731,0,-10,"[815,523]","[-1,-1]"
1712815050033,1712815050734,0,-10,"[397,544]","[-1,-1]"
1712815051040,1712815051731,0,-10,[],[]
1712815052075,1712815052734,0,-10,"[1161,884]","[-1,-1]"
1712815067110,1712815052774,0,-10,"[939,637,556,992,1245,768,954,375,944,577,453,471,472,497,564,511,593,565,615,548,821,719]","[-1,-1,-1,-1,-1,-1,-1,-1,-1,-1,-1,-1,-1,-1,-1,-1,-1,0,0,0,0,0]"
1712815067110,1712815053774,0,-10,[],[]
1712815067110,1712815054774,0,-10,[],[]
1712815067110,1712815055774,0,-10,[],[]
1712815067110,1712815056774,0,-10,[],[]
1712815067110,1712815057774,0,-10,[],[]
1712815067110,1712815058774,0,-10,[],[]
1712815067110,1712815059774,0,-10,[],[]
1712815067110,1712815060774,0,-10,[],[]
1712815067110,1712815061774,0,-10,[],[]
1712815067110,1712815062774,0,-10,[],[]
1712815067110,1712815063774,0,-10,[],[]
1712815067110,1712815064774,0,-10,[],[]
1712815067110,1712815065774,0,-10,[],[]
1712815067110,1712815066774,0,-10,[],[]
1712815068141,1712815067777,0,-10,[662],[-1]
1712815069128,1712815068783,0,-10,[970],[-1]
1712815070115,1712815069786,0,-10,"[809,500]","[-1,-1]"
1712815071080,1712815070789,0,-10,"[340,792]","[0,0]"
1712815090169,1712815071837,0,-10,"[1199,1025,1042,477,638,479,1001,652,550,1077,812,474,549,589,628,677,700,710,681,742,1022,1125,649,711,818]","[0,0,0,0,0,0,-1,-1,-1,-1,-1,-1,-1,-1,0,0,0,0,0,-1,-1,-1,-1,-1,-1]"
1712815090169,1712815072837,0,-10,[],[]
1712815090169,1712815073837,0,-10,[],[]
1712815090169,1712815074837,0,-10,[],[]
1712815090169,1712815075837,0,-10,[],[]
1712815090169,1712815076837,0,-10,[],[]
1712815090169,1712815077837,0,-10,[],[]
1712815090169,1712815078837,0,-10,[],[]
1712815090169,1712815079837,0,-10,[],[]
1712815090169,1712815080837,0,-10,[],[]
1712815090169,1712815081837,0,-10,[],[]
1712815090169,1712815082837,0,-10,[],[]
1712815090169,1712815083837,0,-10,[],[]
1712815090169,1712815084837,0,-10,[],[]
1712815090169,1712815085837,0,-10,[],[]
1712815090169,1712815086837,0,-10,[],[]
1712815090169,1712815087837,0,-10,[],[]
1712815090169,1712815088837,0,-10,[],[]
1712815090169,1712815089837,0,-10,[],[]
1712815091184,1712815090840,0,-10,[740],[-1]
1712815092188,1712815091844,0,-10,[684],[0]
1712815093140,1712815092838,0,-10,"[714,669]","[0,0]"
1712815094150,1712815093841,0,-10,"[532,665]","[0,-1]"
1712815107195,1712815095885,0,-10,"[740,636,1085,724,1204,596,425,711,1098,1015,473,450,776,513,909,1107,398]","[-1,-1,-1,0,0,0,0,-1,-1,-1,-1,-1,-1,-1,-1,-1,-1]"
1712815107195,1712815096885,0,-10,[],[]
1712815107195,1712815097885,0,-10,[],[]
1712815107195,1712815098885,0,-10,[],[]
1712815107195,1712815099885,0,-10,[],[]
1712815107195,1712815100885,0,-10,[],[]
1712815107195,1712815101885,0,-10,[],[]
1712815107195,1712815102885,0,-10,[],[]
1712815107195,1712815103885,0,-10,[],[]
1712815107195,1712815104885,0,-10,[],[]
1712815107195,1712815105885,0,-10,[],[]
1712815107195,1712815106885,0,-10,[],[]
1712815107195,1712815107885,0,-10,[],[]
1712815108250,1712815108888,0,-10,"[660,543]","[-1,-1]"
1712815109236,1712815109891,0,-10,[837],[-1]
1712815110233,1712815110894,0,-10,[935],[-1]
1712815111240,1712815111896,0,-10,[923],[-1]
1712815123291,1712815111947,0,-10,"[1241,613,657,548,552,517,1100,495,745,707,584,782,1120,932,698,685]","[-1,-1,-1,-1,-1,-1,-1,-1,-1,-1,-1,-1,-1,0,0,0]"
1712815123291,1712815112947,0,-10,[],[]
1712815123291,1712815113947,0,-10,[],[]
1712815123291,1712815114947,0,-10,[],[]
1712815123291,1712815115947,0,-10,[],[]
1712815123291,1712815116947,0,-10,[],[]
1712815123291,1712815117947,0,-10,[],[]
1712815123291,1712815118947,0,-10,[],[]
1712815123291,1712815119947,0,-10,[],[]
1712815123291,1712815120947,0,-10,[],[]
1712815123291,1712815121947,0,-10,[],[]
1712815123291,1712815122947,0,-10,[],[]
1712815124283,1712815123950,0,-10,[788],[0]
1712815125279,1712815124953,0,-10,"[725,668]","[-1,-1]"
1712815126307,1712815125956,0,-10,[665],[-1]
1712815127310,1712815126958,0,-10,"[710,709]","[-1,-1]"
1712815128306,1712815127969,0,-10,"[260,421,508]","[-1,-1,-1]"
1712815146485,1712815130048,96,1,"[749,892,1094,708,606,654,539,647,556,646,645,626,599,610,1270,590,718,689,717,283,1721,575,571,1212]","[-1,-1,-1,-1,-1,-1,0,0,0,0,0,-1,-1,-1,-1,-1,-1,-1,-1,-1,-1,-1,-1,-1]"
1712815146485,1712815131048,97,1,[],[]
1712815146485,1712815132048,97,1,[],[]
1712815146485,1712815133048,97,1,[],[]
1712815146485,1712815134048,98,1,[],[]
1712815146485,1712815135048,97,1,[],[]
1712815146485,1712815136048,97,1,[],[]
1712815146485,1712815137048,96,1,[],[]
1712815146485,1712815138048,96,1,[],[]
1712815146485,1712815139048,96,1,[],[]
1712815146485,1712815140048,96,1,[],[]
1712815146485,1712815141048,96,1,[],[]
1712815146485,1712815142048,96,1,[],[]
1712815146485,1712815143048,0,-10,[],[]
1712815146485,1712815144048,0,-10,[],[]
1712815146485,1712815145048,0,-10,[],[]
1712815146485,1712815146048,0,-10,[],[]
1712815146485,1712815147048,0,-10,[],[]
1712815147402,1712815148051,87,1,[594],[-1]
1712815148400,1712815149054,0,-10,[1130],[-1]
1712815149407,1712815150057,87,1,[609],[-1]
1712815150404,1712815151061,87,1,"[893,683]","[-1,-1]"
1712815160410,1712815151092,88,1,"[763,271,849,497,588,670,683,685,1357,641,826,512,815,526]","[-1,-1,0,0,0,0,-1,-1,-1,-1,-1,-1,-1,-1]"
1712815160410,1712815152092,88,1,[],[]
1712815160410,1712815153092,88,1,[],[]
1712815160410,1712815154092,88,1,[],[]
1712815160410,1712815155092,88,1,[],[]
1712815160410,1712815156092,88,1,[],[]
1712815160410,1712815157092,88,1,[],[]
1712815160410,1712815158092,88,1,[],[]
1712815160410,1712815159092,88,1,[],[]
1712815160410,1712815160092,87,1,[],[]
1712815161444,1712815161089,87,1,"[974,435]","[0,0]"
1712815162410,1712815162092,87,1,"[464,544]","[0,0]"
1712815163458,1712815163095,87,1,[722],[0]
1712815164449,1712815164097,85,1,[657],[0]
1712815189483,1712815165177,84,1,"[711,772,574,930,846,814,794,749,684,695,702,714,729,754,806,769,801,798,785,797,788,771,820,955,784,935,670,870,796,697,698,714,702]","[0,0,0,-1,-1,-1,-1,0,0,0,0,0,0,0,0,0,0,0,0,0,0,0,-1,-1,-1,-1,-1,-1,-1,-1,0,0,0]"
1712815189483,1712815166177,84,1,[],[]
1712815189483,1712815167177,84,1,[],[]
1712815189483,1712815168177,85,1,[],[]
1712815189483,1712815169177,84,1,[],[]
1712815189483,1712815170177,83,1,[],[]
1712815189483,1712815171177,83,1,[],[]
1712815189483,1712815172177,82,1,[],[]
1712815189483,1712815173177,82,1,[],[]
1712815189483,1712815174177,82,1,[],[]
1712815189483,1712815175177,81,1,[],[]
1712815189483,1712815176177,81,1,[],[]
1712815189483,1712815177177,80,1,[],[]
1712815189483,1712815178177,80,1,[],[]
1712815189483,1712815179177,80,1,[],[]
1712815189483,1712815180177,79,1,[],[]
1712815189483,1712815181177,79,1,[],[]
1712815189483,1712815182177,79,1,[],[]
1712815189483,1712815183177,80,1,[],[]
1712815189483,1712815184177,80,1,[],[]
1712815189483,1712815185177,81,1,[],[]
1712815189483,1712815186177,81,1,[],[]
1712815189483,1712815187177,82,1,[],[]
1712815189483,1712815188177,83,1,[],[]
1712815189483,1712815189177,83,1,[],[]
1712815190491,1712815190177,84,1,"[340,339]","[0,0]"
1712815191537,1712815191180,85,1,"[1036,473]","[-1,-1]"
1712815192534,1712815192183,84,1,[720],[-1]
1712815193537,1712815193185,83,1,"[433,695]","[-1,-1]"
1712815795542,1712815197109,84,1,"[549,684,260,580,710,712,748,750,709,663,681,667,679,712,751,776,775,809,805,778,750,818,861,580,294,816,799,804,860,859,805,766,780,839,888,869,813,841,884,873,821,724,778,858,924,932,913,897,887,845,794,723,701,718,839,912,920,922,912,895,909,876,843,757,714,728,799,960,924,878,930,900,793,755,769,723,703,699,738,786,833,876,854,844,829,801,795,804,800,783,714,721,767,807,925,930,905,906,876,810,790,795,826,845,799,750,757,779,902,927,948,952,894,905,867,857,783,772,806,838,853,804,751,761,783,761,818,882,901,906,889,901,906,864,847,839,806,841,792,860,869,807,804,827,840,845,839,805,758,711,688,718,716,798,881,900,902,914,887,874,794,807,836,799,793,741,846,862,826,790,823,857,866,793,742,734,721,820,909,928,912,914,919,878,819,761,759,780,856,967,977,959,937,915,897,850,799,751,726,768,835,878,938,949,950,944,929,892,800,807,842,877,968,909,901,892,899,866,836,803,735,728,736,777,877,958,912,912,916,901,877,854,799,732,757,763,813,824,768,735,769,810,852,841,780,736,744,794,840,866,868,862,853,813,782,741,733,752,844,908,889,872,887,870,853,860,803,733,720,731,793,844,882,908,903,897,883,879,789,747,742,805,866,905,891,892,863,776,716,796,751,792,833,888,847,833,825,835,829,825,784,764,779,824,869,860,829,777,774,787,801,814,723,773,807,840,834,772,763,837,867,901,875,875,836,775,708,764,795,882,911,921,915,879,859,900,810,731,735,741,716,834,878,882,911,889,916,915,830,765,776,795,840,842,874,865,786,751,776,794,835,857,861,831,827,834,792,694,737,775,891,937,902,887,903,918,857,793,852,841,412,1140,290,1171,763,784,812,665,719,754,722,732,667,621,647,640,638,682,667,679,665,686,763,638,720,707,716,639,661,623,668,648,595,619,708,729,706,727,742,714,685,685,703,706,749,733,741,618,662,763,752,737,752,786,744,753,748,760,736,715,785,780,705,743,846,808,787,738,761,740,760,737,770,799,855,788,786,796,787,768,733,722,750,795,805,769,761,791,793,749,729,765,805,856,827,782,797,819,815,782,738,763,785,750,710,733,789,800,835,782,782,795,811,749,726,741,772,766,699,765,811,822,784,772,793,793,728,710,708,735,729,715,748,786,790,775,738,779,809,778,746,782,800,780,741,739,760,733,715,706,738,778,777,729,721,733,757,744,722,748,771,765,718,717,739,759,743,707,730,758,779,767,737,779,821,865,809,775,748,751,750,759,691,711,752,799,756,727,764,761,740,718,691,728,740,730,693,723,756,781,739,710,754,783,797,698,717,744,759,768,746,727,779,796,755,711,718,730,725,660,675,726,754,793,755,705,737,761,753,703,683,687,680,689,698,762,798,816,798,787,781,745,700,692,700,707,725,699,646,717,737,771,776,763,715,731,727,724,723,696,696,731,746,707,754,700,737,735,732,751,652,1403,690,729,677,673,706,683,741,717,698,725,724,726,700,683,692,706,733,672,697,649,725,729,662,683,709,732,708,672,683,679,654,635,635,635,639,678,722,1063,334,684,721,708,697,705,695,671,676,670,611,602,558,884,329,592,655,677,665,663,676,691,758,559,1375,712,708,512,566,536,1086,587,555,596,515,609,643,866,908,626,616,614,567,623,1220,675,1028,1139,594,520,1153,739,1011,1017,487,541,501,974,509,516,908,548,459,489,477,502,508,513,1454,499,512,520,489,487,495,509,488,522,485,503,533,481,477,447,1001,456,494,470,477]","[-1,-1,-1,-1,-1,0,0,0,0,0,0,0,0,0,0,0,0,0,0,0,0,0,0,0,0,0,0,0,0,0,0,0,0,0,0,0,0,0,0,0,0,0,0,0,0,0,0,0,0,0,0,0,0,0,0,0,0,0,0,0,0,0,0,0,0,0,0,0,0,0,0,0,0,0,0,0,0,0,0,0,0,0,0,0,0,0,0,0,0,0,0,0,0,0,0,0,0,0,0,0,0,0,0,0,0,0,0,0,0,0,0,0,0,0,0,0,0,0,0,0,0,0,0,0,0,0,0,0,0,0,0,0,0,0,0,0,0,0,0,0,0,0,0,0,0,0,0,0,0,0,0,0,0,0,0,0,0,0,0,0,0,0,0,0,0,0,0,0,0,0,0,0,0,0,0,0,0,0,0,0,0,0,0,0,0,0,0,0,0,0,0,0,0,0,0,0,0,0,0,0,0,0,0,0,0,0,0,0,0,0,0,0,0,0,0,0,0,0,0,0,0,0,0,0,0,0,0,0,0,0,0,0,0,0,0,0,0,0,0,0,0,0,0,0,0,0,0,0,0,0,0,0,0,0,0,0,0,0,0,0,0,0,0,0,0,0,0,0,0,0,0,0,0,0,0,0,0,0,0,0,0,0,0,0,0,0,0,0,-1,-1,-1,-1,0,0,0,0,0,0,0,0,0,0,0,0,0,0,0,0,0,0,0,0,0,0,0,0,0,0,0,0,0,0,0,0,0,0,0,0,0,0,0,0,0,0,0,0,0,0,0,0,0,0,0,0,0,0,0,0,0,0,0,0,0,0,0,0,0,0,0,0,0,0,0,0,0,0,0,0,0,0,0,0,0,0,0,0,0,0,0,-1,-1,-1,-1,0,0,0,0,0,0,0,0,-1,-1,-1,-1,-1,0,0,0,0,0,0,0,0,0,0,0,0,0,0,0,0,0,0,0,0,0,0,0,0,0,0,0,0,0,0,0,0,0,0,0,0,0,0,0,0,0,0,0,0,0,0,0,0,0,0,0,0,0,0,0,0,0,0,0,0,0,0,0,0,0,0,0,0,0,0,0,0,0,0,0,0,0,0,0,0,0,0,0,0,0,0,0,0,0,0,0,0,0,0,0,0,0,0,0,0,0,0,0,0,0,0,0,0,0,0,0,0,0,0,0,0,0,0,0,0,0,0,0,0,0,0,0,0,0,0,0,0,0,0,0,0,0,0,0,0,0,0,0,0,0,0,0,0,0,0,0,0,0,0,0,0,0,0,0,0,0,0,0,0,0,0,0,0,0,0,0,0,0,0,0,0,0,0,0,0,0,0,0,0,0,0,0,0,0,0,0,0,0,0,0,0,0,0,0,0,0,0,0,0,0,0,0,0,0,0,0,0,0,0,0,0,0,0,0,0,0,0,0,0,0,0,0,0,0,0,0,0,0,0,0,0,0,0,0,0,0,0,0,0,0,0,0,0,0,0,0,0,0,0,0,0,0,0,0,0,0,0,0,0,0,0,0,0,0,0,0,0,0,0,0,0,0,0,0,0,0,0,0,0,0,0,0,0,0,0,0,0,-1,-1,-1,-1,0,0,0,0,0,0,0,0,0,-1,-1,-1,-1,-1,-1,-1,-1,-1,-1,-1,-1,-1,-1,-1,-1,-1,0,0,0,0,0,-1,-1,-1,-1,-1,-1,-1,-1,-1,-1,-1,-1,-1,-1,-1,-1,-1,-1,-1,-1,-1,-1,-1,-1,0,0,0,0,0,0,0,0,0,0,-1,-1,-1,-1,-1,0,0,0,0,0,0,-1,-1,-1,-1,-1,-1,0,0,0,0,0]"
1712815795542,1712815198109,84,1,[],[]
1712815795542,1712815199109,85,1,[],[]
1712815795542,1712815200109,85,1,[],[]
1712815795542,1712815201109,85,1,[],[]
1712815795542,1712815202109,84,1,[],[]
1712815795542,1712815203109,83,1,[],[]
1712815795542,1712815204109,82,1,[],[]
1712815795542,1712815205109,81,1,[],[]
1712815795542,1712815206109,80,1,[],[]
1712815795542,1712815207109,79,1,[],[]
1712815795542,1712815208109,78,1,[],[]
1712815795542,1712815209109,77,1,[],[]
1712815795542,1712815210109,76,1,[],[]
1712815795542,1712815211109,75,1,[],[]
1712815795542,1712815212109,74,1,[],[]
1712815795542,1712815213109,74,1,[],[]
1712815795542,1712815214109,74,1,[],[]
1712815795542,1712815215109,74,1,[],[]
1712815795542,1712815216109,73,1,[],[]
1712815795542,1712815217109,73,1,[],[]
1712815795542,1712815218109,73,1,[],[]
1712815795542,1712815219109,72,1,[],[]
1712815795542,1712815220109,72,1,[],[]
1712815795542,1712815221109,71,1,[],[]
1712815795542,1712815222109,72,1,[],[]
1712815795542,1712815223109,72,1,[],[]
1712815795542,1712815224109,73,1,[],[]
1712815795542,1712815225109,72,1,[],[]
1712815795542,1712815226109,71,1,[],[]
1712815795542,1712815227109,71,1,[],[]
1712815795542,1712815228109,70,1,[],[]
1712815795542,1712815229109,70,1,[],[]
1712815795542,1712815230109,70,1,[],[]
1712815795542,1712815231109,72,1,[],[]
1712815795542,1712815232109,73,1,[],[]
1712815795542,1712815233109,73,1,[],[]
1712815795542,1712815234109,72,1,[],[]
1712815795542,1712815235109,70,1,[],[]
1712815795542,1712815236109,70,1,[],[]
1712815795542,1712815237109,69,1,[],[]
1712815795542,1712815238109,68,1,[],[]
1712815795542,1712815239109,68,1,[],[]
1712815795542,1712815240109,68,1,[],[]
1712815795542,1712815241109,69,1,[],[]
1712815795542,1712815242109,70,1,[],[]
1712815795542,1712815243109,71,1,[],[]
1712815795542,1712815244109,71,1,[],[]
1712815795542,1712815245109,70,1,[],[]
1712815795542,1712815246109,69,1,[],[]
1712815795542,1712815247109,68,1,[],[]
1712815795542,1712815248109,68,1,[],[]
1712815795542,1712815249109,69,1,[],[]
1712815795542,1712815250109,70,1,[],[]
1712815795542,1712815251109,71,1,[],[]
1712815795542,1712815252109,72,1,[],[]
1712815795542,1712815253109,72,1,[],[]
1712815795542,1712815254109,73,1,[],[]
1712815795542,1712815255109,74,1,[],[]
1712815795542,1712815256109,74,1,[],[]
1712815795542,1712815257109,73,1,[],[]
1712815795542,1712815258109,72,1,[],[]
1712815795542,1712815259109,73,1,[],[]
1712815795542,1712815260109,73,1,[],[]
1712815795542,1712815261109,73,1,[],[]
1712815795542,1712815262109,74,1,[],[]
1712815795542,1712815263109,75,1,[],[]
1712815795542,1712815264109,75,1,[],[]
1712815795542,1712815265109,75,1,[],[]
1712815795542,1712815266109,75,1,[],[]
1712815795542,1712815267109,74,1,[],[]
1712815795542,1712815268109,74,1,[],[]
1712815795542,1712815269109,73,1,[],[]
1712815795542,1712815270109,71,1,[],[]
1712815795542,1712815271109,72,1,[],[]
1712815795542,1712815272109,72,1,[],[]
1712815795542,1712815273109,73,1,[],[]
1712815795542,1712815274109,73,1,[],[]
1712815795542,1712815275109,73,1,[],[]
1712815795542,1712815276109,74,1,[],[]
1712815795542,1712815277109,74,1,[],[]
1712815795542,1712815278109,74,1,[],[]
1712815795542,1712815279109,73,1,[],[]
1712815795542,1712815280109,73,1,[],[]
1712815795542,1712815281109,72,1,[],[]
1712815795542,1712815282109,71,1,[],[]
1712815795542,1712815283109,70,1,[],[]
1712815795542,1712815284109,70,1,[],[]
1712815795542,1712815285109,70,1,[],[]
1712815795542,1712815286109,71,1,[],[]
1712815795542,1712815287109,72,1,[],[]
1712815795542,1712815288109,72,1,[],[]
1712815795542,1712815289109,72,1,[],[]
1712815795542,1712815290109,73,1,[],[]
1712815795542,1712815291109,74,1,[],[]
1712815795542,1712815292109,75,1,[],[]
1712815795542,1712815293109,75,1,[],[]
1712815795542,1712815294109,74,1,[],[]
1712815795542,1712815295109,73,1,[],[]
1712815795542,1712815296109,73,1,[],[]
1712815795542,1712815297109,71,1,[],[]
1712815795542,1712815298109,70,1,[],[]
1712815795542,1712815299109,70,1,[],[]
1712815795542,1712815300109,70,1,[],[]
1712815795542,1712815301109,70,1,[],[]
1712815795542,1712815302109,70,1,[],[]
1712815795542,1712815303109,71,1,[],[]
1712815795542,1712815304109,71,1,[],[]
1712815795542,1712815305109,71,1,[],[]
1712815795542,1712815306109,71,1,[],[]
1712815795542,1712815307109,72,1,[],[]
1712815795542,1712815308109,72,1,[],[]
1712815795542,1712815309109,72,1,[],[]
1712815795542,1712815310109,72,1,[],[]
1712815795542,1712815311109,72,1,[],[]
1712815795542,1712815312109,73,1,[],[]
1712815795542,1712815313109,74,1,[],[]
1712815795542,1712815314109,75,1,[],[]
1712815795542,1712815315109,75,1,[],[]
1712815795542,1712815316109,75,1,[],[]
1712815795542,1712815317109,74,1,[],[]
1712815795542,1712815318109,73,1,[],[]
1712815795542,1712815319109,72,1,[],[]
1712815795542,1712815320109,71,1,[],[]
1712815795542,1712815321109,72,1,[],[]
1712815795542,1712815322109,72,1,[],[]
1712815795542,1712815323109,72,1,[],[]
1712815795542,1712815324109,72,1,[],[]
1712815795542,1712815325109,73,1,[],[]
1712815795542,1712815326109,73,1,[],[]
1712815795542,1712815327109,73,1,[],[]
1712815795542,1712815328109,73,1,[],[]
1712815795542,1712815329109,74,1,[],[]
1712815795542,1712815330109,73,1,[],[]
1712815795542,1712815331109,73,1,[],[]
1712815795542,1712815332109,73,1,[],[]
1712815795542,1712815333109,74,1,[],[]
1712815795542,1712815334109,74,1,[],[]
1712815795542,1712815335109,75,1,[],[]
1712815795542,1712815336109,74,1,[],[]
1712815795542,1712815337109,74,1,[],[]
1712815795542,1712815338109,73,1,[],[]
1712815795542,1712815339109,72,1,[],[]
1712815795542,1712815340109,72,1,[],[]
1712815795542,1712815341109,71,1,[],[]
1712815795542,1712815342109,72,1,[],[]
1712815795542,1712815343109,72,1,[],[]
1712815795542,1712815344109,73,1,[],[]
1712815795542,1712815345109,73,1,[],[]
1712815795542,1712815346109,72,1,[],[]
1712815795542,1712815347109,71,1,[],[]
1712815795542,1712815348109,60,1,[],[]
1712815795542,1712815349109,59,1,[],[]
1712815795542,1712815350109,59,1,[],[]
1712815795542,1712815351109,61,1,[],[]
1712815795542,1712815352109,61,1,[],[]
1712815795542,1712815353109,62,1,[],[]
1712815795542,1712815354109,63,1,[],[]
1712815795542,1712815355109,64,1,[],[]
1712815795542,1712815356109,65,1,[],[]
1712815795542,1712815357109,65,1,[],[]
1712815795542,1712815358109,65,1,[],[]
1712815795542,1712815359109,64,1,[],[]
1712815795542,1712815360109,65,1,[],[]
1712815795542,1712815361109,65,1,[],[]
1712815795542,1712815362109,65,1,[],[]
1712815795542,1712815363109,66,1,[],[]
1712815795542,1712815364109,67,1,[],[]
1712815795542,1712815365109,67,1,[],[]
1712815795542,1712815366109,66,1,[],[]
1712815795542,1712815367109,67,1,[],[]
1712815795542,1712815368109,66,1,[],[]
1712815795542,1712815369109,67,1,[],[]
1712815795542,1712815370109,67,1,[],[]
1712815795542,1712815371109,67,1,[],[]
1712815795542,1712815372109,68,1,[],[]
1712815795542,1712815373109,69,1,[],[]
1712815795542,1712815374109,69,1,[],[]
1712815795542,1712815375109,70,1,[],[]
1712815795542,1712815376109,69,1,[],[]
1712815795542,1712815377109,69,1,[],[]
1712815795542,1712815378109,68,1,[],[]
1712815795542,1712815379109,68,1,[],[]
1712815795542,1712815380109,67,1,[],[]
1712815795542,1712815381109,67,1,[],[]
1712815795542,1712815382109,68,1,[],[]
1712815795542,1712815383109,69,1,[],[]
1712815795542,1712815384109,69,1,[],[]
1712815795542,1712815385109,70,1,[],[]
1712815795542,1712815386109,71,1,[],[]
1712815795542,1712815387109,72,1,[],[]
1712815795542,1712815388109,73,1,[],[]
1712815795542,1712815389109,74,1,[],[]
1712815795542,1712815390109,74,1,[],[]
1712815795542,1712815391109,74,1,[],[]
1712815795542,1712815392109,74,1,[],[]
1712815795542,1712815393109,75,1,[],[]
1712815795542,1712815394109,75,1,[],[]
1712815795542,1712815395109,75,1,[],[]
1712815795542,1712815396109,75,1,[],[]
1712815795542,1712815397109,74,1,[],[]
1712815795542,1712815398109,74,1,[],[]
1712815795542,1712815399109,73,1,[],[]
1712815795542,1712815400109,73,1,[],[]
1712815795542,1712815401109,74,1,[],[]
1712815795542,1712815402109,75,1,[],[]
1712815795542,1712815403109,75,1,[],[]
1712815795542,1712815404109,75,1,[],[]
1712815795542,1712815405109,74,1,[],[]
1712815795542,1712815406109,73,1,[],[]
1712815795542,1712815407109,72,1,[],[]
1712815795542,1712815408109,71,1,[],[]
1712815795542,1712815409109,71,1,[],[]
1712815795542,1712815410109,71,1,[],[]
1712815795542,1712815411109,72,1,[],[]
1712815795542,1712815412109,72,1,[],[]
1712815795542,1712815413109,73,1,[],[]
1712815795542,1712815414109,73,1,[],[]
1712815795542,1712815415109,73,1,[],[]
1712815795542,1712815416109,72,1,[],[]
1712815795542,1712815417109,71,1,[],[]
1712815795542,1712815418109,70,1,[],[]
1712815795542,1712815419109,69,1,[],[]
1712815795542,1712815420109,70,1,[],[]
1712815795542,1712815421109,71,1,[],[]
1712815795542,1712815422109,71,1,[],[]
1712815795542,1712815423109,72,1,[],[]
1712815795542,1712815424109,72,1,[],[]
1712815795542,1712815425109,71,1,[],[]
1712815795542,1712815426109,71,1,[],[]
1712815795542,1712815427109,71,1,[],[]
1712815795542,1712815428109,71,1,[],[]
1712815795542,1712815429109,72,1,[],[]
1712815795542,1712815430109,73,1,[],[]
1712815795542,1712815431109,73,1,[],[]
1712815795542,1712815432109,72,1,[],[]
1712815795542,1712815433109,73,1,[],[]
1712815795542,1712815434109,72,1,[],[]
1712815795542,1712815435109,72,1,[],[]
1712815795542,1712815436109,72,1,[],[]
1712815795542,1712815437109,72,1,[],[]
1712815795542,1712815438109,72,1,[],[]
1712815795542,1712815439109,73,1,[],[]
1712815795542,1712815440109,73,1,[],[]
1712815795542,1712815441109,73,1,[],[]
1712815795542,1712815442109,73,1,[],[]
1712815795542,1712815443109,73,1,[],[]
1712815795542,1712815444109,73,1,[],[]
1712815795542,1712815445109,73,1,[],[]
1712815795542,1712815446109,74,1,[],[]
1712815795542,1712815447109,74,1,[],[]
1712815795542,1712815448109,74,1,[],[]
1712815795542,1712815449109,75,1,[],[]
1712815795542,1712815450109,75,1,[],[]
1712815795542,1712815451109,75,1,[],[]
1712815795542,1712815452109,75,1,[],[]
1712815795542,1712815453109,75,1,[],[]
1712815795542,1712815454109,75,1,[],[]
1712815795542,1712815455109,74,1,[],[]
1712815795542,1712815456109,74,1,[],[]
1712815795542,1712815457109,73,1,[],[]
1712815795542,1712815458109,73,1,[],[]
1712815795542,1712815459109,73,1,[],[]
1712815795542,1712815460109,74,1,[],[]
1712815795542,1712815461109,74,1,[],[]
1712815795542,1712815462109,74,1,[],[]
1712815795542,1712815463109,73,1,[],[]
1712815795542,1712815464109,71,1,[],[]
1712815795542,1712815465109,71,1,[],[]
1712815795542,1712815466109,70,1,[],[]
1712815795542,1712815467109,70,1,[],[]
1712815795542,1712815468109,70,1,[],[]
1712815795542,1712815469109,71,1,[],[]
1712815795542,1712815470109,72,1,[],[]
1712815795542,1712815471109,73,1,[],[]
1712815795542,1712815472109,73,1,[],[]
1712815795542,1712815473109,72,1,[],[]
1712815795542,1712815474109,71,1,[],[]
1712815795542,1712815475109,70,1,[],[]
1712815795542,1712815476109,70,1,[],[]
1712815795542,1712815477109,69,1,[],[]
1712815795542,1712815478109,69,1,[],[]
1712815795542,1712815479109,70,1,[],[]
1712815795542,1712815480109,71,1,[],[]
1712815795542,1712815481109,71,1,[],[]
1712815795542,1712815482109,71,1,[],[]
1712815795542,1712815483109,71,1,[],[]
1712815795542,1712815484109,71,1,[],[]
1712815795542,1712815485109,72,1,[],[]
1712815795542,1712815486109,72,1,[],[]
1712815795542,1712815487109,73,1,[],[]
1712815795542,1712815488109,73,1,[],[]
1712815795542,1712815489109,73,1,[],[]
1712815795542,1712815490109,73,1,[],[]
1712815795542,1712815491109,72,1,[],[]
1712815795542,1712815492109,72,1,[],[]
1712815795542,1712815493109,73,1,[],[]
1712815795542,1712815494109,74,1,[],[]
1712815795542,1712815495109,74,1,[],[]
1712815795542,1712815496109,74,1,[],[]
1712815795542,1712815497109,73,1,[],[]
1712815795542,1712815498109,72,1,[],[]
1712815795542,1712815499109,71,1,[],[]
1712815795542,1712815500109,70,1,[],[]
1712815795542,1712815501109,70,1,[],[]
1712815795542,1712815502109,70,1,[],[]
1712815795542,1712815503109,70,1,[],[]
1712815795542,1712815504109,69,1,[],[]
1712815795542,1712815505109,70,1,[],[]
1712815795542,1712815506109,70,1,[],[]
1712815795542,1712815507109,70,1,[],[]
1712815795542,1712815508109,70,1,[],[]
1712815795542,1712815509109,71,1,[],[]
1712815795542,1712815510109,71,1,[],[]
1712815795542,1712815511109,72,1,[],[]
1712815795542,1712815512109,73,1,[],[]
1712815795542,1712815513109,74,1,[],[]
1712815795542,1712815514109,73,1,[],[]
1712815795542,1712815515109,74,1,[],[]
1712815795542,1712815516109,76,1,[],[]
1712815795542,1712815517109,77,1,[],[]
1712815795542,1712815518109,78,1,[],[]
1712815795542,1712815519109,79,1,[],[]
1712815795542,1712815520109,80,1,[],[]
1712815795542,1712815521109,81,1,[],[]
1712815795542,1712815522109,81,1,[],[]
1712815795542,1712815523109,82,1,[],[]
1712815795542,1712815524109,83,1,[],[]
1712815795542,1712815525109,84,1,[],[]
1712815795542,1712815526109,86,1,[],[]
1712815795542,1712815527109,86,1,[],[]
1712815795542,1712815528109,0,-10,[],[]
1712815795542,1712815529109,86,1,[],[]
1712815795542,1712815530109,85,1,[],[]
1712815795542,1712815531109,84,1,[],[]
1712815795542,1712815532109,85,1,[],[]
1712815795542,1712815533109,85,1,[],[]
1712815795542,1712815534109,85,1,[],[]
1712815795542,1712815535109,85,1,[],[]
1712815795542,1712815536109,84,1,[],[]
1712815795542,1712815537109,84,1,[],[]
1712815795542,1712815538109,84,1,[],[]
1712815795542,1712815539109,84,1,[],[]
1712815795542,1712815540109,83,1,[],[]
1712815795542,1712815541109,82,1,[],[]
1712815795542,1712815542109,82,1,[],[]
1712815795542,1712815543109,81,1,[],[]
1712815795542,1712815544109,81,1,[],[]
1712815795542,1712815545109,81,1,[],[]
1712815795542,1712815546109,81,1,[],[]
1712815795542,1712815547109,80,1,[],[]
1712815795542,1712815548109,80,1,[],[]
1712815795542,1712815549109,80,1,[],[]
1712815795542,1712815550109,80,1,[],[]
1712815795542,1712815551109,79,1,[],[]
1712815795542,1712815552109,79,1,[],[]
1712815795542,1712815553109,79,1,[],[]
1712815795542,1712815554109,79,1,[],[]
1712815795542,1712815555109,79,1,[],[]
1712815795542,1712815556109,79,1,[],[]
1712815795542,1712815557109,79,1,[],[]
1712815795542,1712815558109,78,1,[],[]
1712815795542,1712815559109,78,1,[],[]
1712815795542,1712815560109,77,1,[],[]
1712815795542,1712815561109,77,1,[],[]
1712815795542,1712815562109,77,1,[],[]
1712815795542,1712815563109,78,1,[],[]
1712815795542,1712815564109,78,1,[],[]
1712815795542,1712815565109,78,1,[],[]
1712815795542,1712815566109,78,1,[],[]
1712815795542,1712815567109,78,1,[],[]
1712815795542,1712815568109,78,1,[],[]
1712815795542,1712815569109,78,1,[],[]
1712815795542,1712815570109,78,1,[],[]
1712815795542,1712815571109,78,1,[],[]
1712815795542,1712815572109,77,1,[],[]
1712815795542,1712815573109,77,1,[],[]
1712815795542,1712815574109,77,1,[],[]
1712815795542,1712815575109,76,1,[],[]
1712815795542,1712815576109,76,1,[],[]
1712815795542,1712815577109,76,1,[],[]
1712815795542,1712815578109,76,1,[],[]
1712815795542,1712815579109,76,1,[],[]
1712815795542,1712815580109,77,1,[],[]
1712815795542,1712815581109,77,1,[],[]
1712815795542,1712815582109,78,1,[],[]
1712815795542,1712815583109,78,1,[],[]
1712815795542,1712815584109,77,1,[],[]
1712815795542,1712815585109,77,1,[],[]
1712815795542,1712815586109,77,1,[],[]
1712815795542,1712815587109,77,1,[],[]
1712815795542,1712815588109,77,1,[],[]
1712815795542,1712815589109,77,1,[],[]
1712815795542,1712815590109,78,1,[],[]
1712815795542,1712815591109,78,1,[],[]
1712815795542,1712815592109,78,1,[],[]
1712815795542,1712815593109,78,1,[],[]
1712815795542,1712815594109,78,1,[],[]
1712815795542,1712815595109,78,1,[],[]
1712815795542,1712815596109,78,1,[],[]
1712815795542,1712815597109,77,1,[],[]
1712815795542,1712815598109,77,1,[],[]
1712815795542,1712815599109,78,1,[],[]
1712815795542,1712815600109,78,1,[],[]
1712815795542,1712815601109,79,1,[],[]
1712815795542,1712815602109,79,1,[],[]
1712815795542,1712815603109,80,1,[],[]
1712815795542,1712815604109,79,1,[],[]
1712815795542,1712815605109,79,1,[],[]
1712815795542,1712815606109,79,1,[],[]
1712815795542,1712815607109,79,1,[],[]
1712815795542,1712815608109,78,1,[],[]
1712815795542,1712815609109,78,1,[],[]
1712815795542,1712815610109,78,1,[],[]
1712815795542,1712815611109,78,1,[],[]
1712815795542,1712815612109,78,1,[],[]
1712815795542,1712815613109,78,1,[],[]
1712815795542,1712815614109,79,1,[],[]
1712815795542,1712815615109,79,1,[],[]
1712815795542,1712815616109,80,1,[],[]
1712815795542,1712815617109,80,1,[],[]
1712815795542,1712815618109,80,1,[],[]
1712815795542,1712815619109,80,1,[],[]
1712815795542,1712815620109,80,1,[],[]
1712815795542,1712815621109,80,1,[],[]
1712815795542,1712815622109,80,1,[],[]
1712815795542,1712815623109,80,1,[],[]
1712815795542,1712815624109,80,1,[],[]
1712815795542,1712815625109,80,1,[],[]
1712815795542,1712815626109,81,1,[],[]
1712815795542,1712815627109,81,1,[],[]
1712815795542,1712815628109,81,1,[],[]
1712815795542,1712815629109,81,1,[],[]
1712815795542,1712815630109,81,1,[],[]
1712815795542,1712815631109,81,1,[],[]
1712815795542,1712815632109,81,1,[],[]
1712815795542,1712815633109,80,1,[],[]
1712815795542,1712815634109,80,1,[],[]
1712815795542,1712815635109,79,1,[],[]
1712815795542,1712815636109,79,1,[],[]
1712815795542,1712815637109,78,1,[],[]
1712815795542,1712815638109,78,1,[],[]
1712815795542,1712815639109,78,1,[],[]
1712815795542,1712815640109,79,1,[],[]
1712815795542,1712815641109,80,1,[],[]
1712815795542,1712815642109,80,1,[],[]
1712815795542,1712815643109,80,1,[],[]
1712815795542,1712815644109,80,1,[],[]
1712815795542,1712815645109,80,1,[],[]
1712815795542,1712815646109,80,1,[],[]
1712815795542,1712815647109,80,1,[],[]
1712815795542,1712815648109,80,1,[],[]
1712815795542,1712815649109,81,1,[],[]
1712815795542,1712815650109,81,1,[],[]
1712815795542,1712815651109,82,1,[],[]
1712815795542,1712815652109,81,1,[],[]
1712815795542,1712815653109,81,1,[],[]
1712815795542,1712815654109,81,1,[],[]
1712815795542,1712815655109,81,1,[],[]
1712815795542,1712815656109,81,1,[],[]
1712815795542,1712815657109,81,1,[],[]
1712815795542,1712815658109,81,1,[],[]
1712815795542,1712815659109,81,1,[],[]
1712815795542,1712815660109,81,1,[],[]
1712815795542,1712815661109,81,1,[],[]
1712815795542,1712815662109,81,1,[],[]
1712815795542,1712815663109,80,1,[],[]
1712815795542,1712815664109,80,1,[],[]
1712815795542,1712815665109,80,1,[],[]
1712815795542,1712815666109,80,1,[],[]
1712815795542,1712815667109,81,1,[],[]
1712815795542,1712815668109,82,1,[],[]
1712815795542,1712815669109,82,1,[],[]
1712815795542,1712815670109,82,1,[],[]
1712815795542,1712815671109,82,1,[],[]
1712815795542,1712815672109,82,1,[],[]
1712815795542,1712815673109,82,1,[],[]
1712815795542,1712815674109,81,1,[],[]
1712815795542,1712815675109,82,1,[],[]
1712815795542,1712815676109,82,1,[],[]
1712815795542,1712815677109,83,1,[],[]
1712815795542,1712815678109,83,1,[],[]
1712815795542,1712815679109,83,1,[],[]
1712815795542,1712815680109,83,1,[],[]
1712815795542,1712815681109,82,1,[],[]
1712815795542,1712815682109,81,1,[],[]
1712815795542,1712815683109,80,1,[],[]
1712815795542,1712815684109,80,1,[],[]
1712815795542,1712815685109,81,1,[],[]
1712815795542,1712815686109,81,1,[],[]
1712815795542,1712815687109,81,1,[],[]
1712815795542,1712815688109,82,1,[],[]
1712815795542,1712815689109,83,1,[],[]
1712815795542,1712815690109,83,1,[],[]
1712815795542,1712815691109,83,1,[],[]
1712815795542,1712815692109,83,1,[],[]
1712815795542,1712815693109,82,1,[],[]
1712815795542,1712815694109,82,1,[],[]
1712815795542,1712815695109,82,1,[],[]
1712815795542,1712815696109,82,1,[],[]
1712815795542,1712815697109,82,1,[],[]
1712815795542,1712815698109,83,1,[],[]
1712815795542,1712815699109,83,1,[],[]
1712815795542,1712815700109,83,1,[],[]
1712815795542,1712815701109,83,1,[],[]
1712815795542,1712815702109,83,1,[],[]
1712815795542,1712815703109,83,1,[],[]
1712815795542,1712815704109,82,1,[],[]
1712815795542,1712815705109,83,1,[],[]
1712815795542,1712815706109,83,1,[],[]
1712815795542,1712815707109,84,1,[],[]
1712815795542,1712815708109,84,1,[],[]
1712815795542,1712815709109,84,1,[],[]
1712815795542,1712815710109,84,1,[],[]
1712815795542,1712815711109,85,1,[],[]
1712815795542,1712815712109,85,1,[],[]
1712815795542,1712815713109,85,1,[],[]
1712815795542,1712815714109,85,1,[],[]
1712815795542,1712815715109,84,1,[],[]
1712815795542,1712815716109,84,1,[],[]
1712815795542,1712815717109,85,1,[],[]
1712815795542,1712815718109,85,1,[],[]
1712815795542,1712815719109,85,1,[],[]
1712815795542,1712815720109,85,1,[],[]
1712815795542,1712815721109,85,1,[],[]
1712815795542,1712815722109,85,1,[],[]
1712815795542,1712815723109,86,1,[],[]
1712815795542,1712815724109,86,1,[],[]
1712815795542,1712815725109,86,1,[],[]
1712815795542,1712815726109,86,1,[],[]
1712815795542,1712815727109,86,1,[],[]
1712815795542,1712815728109,86,1,[],[]
1712815795542,1712815729109,87,1,[],[]
1712815795542,1712815730109,88,1,[],[]
1712815795542,1712815731109,88,1,[],[]
1712815795542,1712815732109,88,1,[],[]
1712815795542,1712815733109,88,1,[],[]
1712815795542,1712815734109,88,1,[],[]
1712815795542,1712815735109,88,1,[],[]
1712815795542,1712815736109,87,1,[],[]
1712815795542,1712815737109,87,1,[],[]
1712815795542,1712815738109,87,1,[],[]
1712815795542,1712815739109,87,1,[],[]
1712815795542,1712815740109,87,1,[],[]
1712815795542,1712815741109,88,1,[],[]
1712815795542,1712815742109,87,1,[],[]
1712815795542,1712815743109,87,1,[],[]
1712815795542,1712815744109,86,1,[],[]
1712815795542,1712815745109,86,1,[],[]
1712815795542,1712815746109,87,1,[],[]
1712815795542,1712815747109,87,1,[],[]
1712815795542,1712815748109,87,1,[],[]
1712815795542,1712815749109,87,1,[],[]
1712815795542,1712815750109,88,1,[],[]
1712815795542,1712815751109,88,1,[],[]
1712815795542,1712815752109,89,1,[],[]
1712815795542,1712815753109,89,1,[],[]
1712815795542,1712815754109,89,1,[],[]
1712815795542,1712815755109,90,1,[],[]
1712815795542,1712815756109,0,-10,[],[]
1712815795542,1712815757109,0,-10,[],[]
1712815795542,1712815758109,0,-10,[],[]
1712815795542,1712815759109,0,-10,[],[]
1712815795542,1712815760109,0,-10,[],[]
1712815795542,1712815761109,0,-10,[],[]
1712815795542,1712815762109,0,-10,[],[]
1712815795542,1712815763109,0,-10,[],[]
1712815795542,1712815764109,0,-10,[],[]
1712815795542,1712815765109,0,-10,[],[]
1712815795542,1712815766109,0,-10,[],[]
1712815795542,1712815767109,0,-10,[],[]
1712815795542,1712815768109,0,-10,[],[]
1712815795542,1712815769109,0,-10,[],[]
1712815795542,1712815770109,0,-10,[],[]
1712815795542,1712815771109,0,-10,[],[]
1712815795542,1712815772109,0,-10,[],[]
1712815795542,1712815773109,0,-10,[],[]
1712815795542,1712815774109,0,-10,[],[]
1712815795542,1712815775109,0,-10,[],[]
1712815795542,1712815776109,0,-10,[],[]
1712815795542,1712815777109,0,-10,[],[]
1712815795542,1712815778109,0,-10,[],[]
1712815795542,1712815779109,0,-10,[],[]
1712815795542,1712815780109,0,-10,[],[]
1712815795542,1712815781109,0,-10,[],[]
1712815795542,1712815782109,0,-10,[],[]
1712815795542,1712815783109,0,-10,[],[]
1712815795542,1712815784109,0,-10,[],[]
1712815795542,1712815785109,0,-10,[],[]
1712815795542,1712815786109,0,-10,[],[]
1712815795542,1712815787109,0,-10,[],[]
1712815795542,1712815788109,0,-10,[],[]
1712815795542,1712815789109,0,-10,[],[]
1712815795542,1712815790109,0,-10,[],[]
1712815795542,1712815791109,0,-10,[],[]
1712815795542,1712815792109,0,-10,[],[]
1712815795542,1712815793109,0,-10,[],[]
1712815795542,1712815794109,0,-10,[],[]
1712815795542,1712815795109,0,-10,[],[]
1712815795542,1712815796109,0,-10,[],[]
1712815802476,1712815797131,0,-10,"[510,899,527,947,474,494,477,477,476,491,987]","[-1,-1,-1,-1,0,0,0,0,0,0,-1]"
1712815802476,1712815798131,0,-10,[],[]
1712815802476,1712815799131,122,-11,[],[]
1712815802476,1712815800131,0,-10,[],[]
1712815802476,1712815801131,0,-10,[],[]
1712815802476,1712815802131,0,-10,[],[]
1712815802476,1712815803131,0,-10,[],[]
1712815803489,1712815804139,0,-10,"[884,469]","[-1,-1]"
1712815804444,1712815805143,0,-10,"[528,472]","[-1,-1]"
1712815805489,1712815806147,0,-10,[],[]
1712815806480,1712815807150,0,-10,[1414],[-1]
1712815843606,1712815807278,0,-10,"[998,813,635,874,861,986,531,537,519,918,949,1044,560,567,537,575,577,1806,585,1795,1024,987,517,752,399,653,817,856,691,891,933,551,788,1024,687,707,360,437,801,801,752,734,754,801,800,795,740,746]","[-1,-1,-1,-1,-1,-1,-1,-1,-1,-1,-1,-1,-1,0,0,0,0,-1,-1,-1,-1,-1,-1,-1,-1,-1,-1,-1,-1,-1,-1,0,0,0,0,-1,-1,-1,-1,-1,0,0,0,0,0,0,0,0]"
1712815843606,1712815808278,0,-10,[],[]
1712815843606,1712815809278,0,-10,[],[]
1712815843606,1712815810278,0,-10,[],[]
1712815843606,1712815811278,0,-10,[],[]
1712815843606,1712815812278,0,-10,[],[]
1712815843606,1712815813278,0,-10,[],[]
1712815843606,1712815814278,0,-10,[],[]
1712815843606,1712815815278,0,-10,[],[]
1712815843606,1712815816278,0,-10,[],[]
1712815843606,1712815817278,0,-10,[],[]
1712815843606,1712815818278,0,-10,[],[]
1712815843606,1712815819278,0,-10,[],[]
1712815843606,1712815820278,0,-10,[],[]
1712815843606,1712815821278,0,-10,[],[]
1712815843606,1712815822278,0,-10,[],[]
1712815843606,1712815823278,0,-10,[],[]
1712815843606,1712815824278,0,-10,[],[]
1712815843606,1712815825278,0,-10,[],[]
1712815843606,1712815826278,0,-10,[],[]
1712815843606,1712815827278,0,-10,[],[]
1712815843606,1712815828278,115,-11,[],[]
1712815843606,1712815829278,0,-10,[],[]
1712815843606,1712815830278,0,-10,[],[]
1712815843606,1712815831278,0,-10,[],[]
1712815843606,1712815832278,0,-10,[],[]
1712815843606,1712815833278,0,-10,[],[]
1712815843606,1712815834278,0,-10,[],[]
1712815843606,1712815835278,0,-10,[],[]
1712815843606,1712815836278,0,-10,[],[]
1712815843606,1712815837278,0,-10,[],[]
1712815843606,1712815838278,0,-10,[],[]
1712815843606,1712815839278,0,-10,[],[]
1712815843606,1712815840278,86,1,[],[]
1712815843606,1712815841278,86,1,[],[]
1712815843606,1712815842278,88,1,[],[]
1712815843606,1712815843278,89,1,[],[]
1712815844590,1712815844281,87,1,[781],[-1]
1712815845600,1712815845284,88,1,[775],[-1]
1712815846642,1712815846288,88,1,"[895,418]","[-1,-1]"
1712815847646,1712815847292,89,1,"[875,499]","[-1,-1]"
1712816100615,1712815849218,89,1,"[657,1038,527,684,582,908,462,747,802,799,790,846,857,894,900,817,717,662,709,721,785,875,861,888,887,884,877,935,913,912,899,901,889,920,311,562,815,850,792,760,789,822,877,833,789,838,889,279,1170,1002,797,852,862,923,903,776,573,519,1103,928,951,892,813,747,893,918,941,919,885,839,725,748,761,850,910,917,916,887,880,774,775,716,681,691,789,924,923,923,915,925,864,816,753,755,786,920,973,927,890,903,802,731,680,749,819,955,972,924,933,912,886,844,794,836,808,752,734,730,740,800,844,910,893,902,890,896,881,821,837,802,758,777,780,790,783,826,842,840,753,726,752,784,840,884,897,829,884,838,780,740,772,859,887,895,904,885,840,832,764,721,746,813,902,911,910,846,852,767,765,726,715,802,873,902,923,933,930,868,762,796,843,880,889,917,908,898,886,822,770,819,805,848,873,851,866,805,815,829,839,856,820,738,814,883,871,874,883,828,770,771,828,858,840,874,882,867,808,747,731,727,771,790,849,873,834,854,865,850,813,736,716,714,761,791,812,804,735,706,825,836,850,841,838,745,716,743,754,788,818,841,769,843,834,824,772,720,718,712,759,875,960,932,877,906,887,824,761,739,732,743,741,785,796,758,727,706,758,786,787,728,705,718,722,752,730,711,729,761,740,756,736,767,758,767,780,725,691,716,762,796,828,788,786,736,741,750,746,761,744]","[-1,-1,-1,-1,-1,-1,-1,0,0,0,0,0,0,0,0,0,0,0,0,0,0,0,0,0,0,0,0,0,0,0,0,0,-1,-1,-1,-1,0,0,0,0,0,0,0,0,0,0,0,0,0,0,0,0,0,0,-1,-1,-1,-1,0,0,0,0,0,0,0,0,0,0,0,0,0,0,0,0,0,0,0,0,0,0,0,0,0,0,0,0,0,0,0,0,0,0,0,0,0,0,0,0,0,0,0,0,0,0,0,0,0,0,0,0,0,0,0,0,0,0,0,0,0,0,0,0,0,0,0,0,0,0,0,0,0,0,0,0,0,0,0,0,0,0,0,0,0,0,0,0,0,0,0,0,0,0,0,0,0,0,0,0,0,0,0,0,0,0,0,0,0,0,0,0,0,0,0,0,0,0,0,0,0,0,0,0,0,0,0,0,0,0,0,0,0,0,0,0,0,0,0,0,0,0,0,0,0,0,0,0,0,0,0,0,0,0,0,0,0,0,0,0,0,0,0,0,0,0,0,0,0,0,0,0,0,0,0,0,0,0,0,0,0,0,0,0,0,0,0,0,0,0,0,0,0,0,0,0,0,0,0,0,0,0,0,0,0,0,0,0,0,0,0,0,0,0,0,0,0,0,0,0,0,0,0,0,0,0,0,0,0,0,0,0,0,0,0,0,0,0,0,0,0,0,0,0,0,0,0,0,0,0,0]"
1712816100615,1712815850218,87,1,[],[]
1712816100615,1712815851218,86,1,[],[]
1712816100615,1712815852218,85,1,[],[]
1712816100615,1712815853218,83,1,[],[]
1712816100615,1712815854218,82,1,[],[]
1712816100615,1712815855218,80,1,[],[]
1712816100615,1712815856218,79,1,[],[]
1712816100615,1712815857218,81,1,[],[]
1712816100615,1712815858218,82,1,[],[]
1712816100615,1712815859218,88,-11,[],[]
1712816100615,1712815860218,80,1,[],[]
1712816100615,1712815861218,79,1,[],[]
1712816100615,1712815862218,78,1,[],[]
1712816100615,1712815863218,77,1,[],[]
1712816100615,1712815864218,75,1,[],[]
1712816100615,1712815865218,73,1,[],[]
1712816100615,1712815866218,72,1,[],[]
1712816100615,1712815867218,71,1,[],[]
1712816100615,1712815868218,70,1,[],[]
1712816100615,1712815869218,69,1,[],[]
1712816100615,1712815870218,68,1,[],[]
1712816100615,1712815871218,67,1,[],[]
1712816100615,1712815872218,68,1,[],[]
1712816100615,1712815873218,69,1,[],[]
1712816100615,1712815874218,70,1,[],[]
1712816100615,1712815875218,71,1,[],[]
1712816100615,1712815876218,72,1,[],[]
1712816100615,1712815877218,72,1,[],[]
1712816100615,1712815878218,72,1,[],[]
1712816100615,1712815879218,71,1,[],[]
1712816100615,1712815880218,71,1,[],[]
1712816100615,1712815881218,70,1,[],[]
1712816100615,1712815882218,69,1,[],[]
1712816100615,1712815883218,69,1,[],[]
1712816100615,1712815884218,68,1,[],[]
1712816100615,1712815885218,69,1,[],[]
1712816100615,1712815886218,69,1,[],[]
1712816100615,1712815887218,69,1,[],[]
1712816100615,1712815888218,70,1,[],[]
1712816100615,1712815889218,70,-11,[],[]
1712816100615,1712815890218,71,1,[],[]
1712816100615,1712815891218,71,1,[],[]
1712816100615,1712815892218,70,1,[],[]
1712816100615,1712815893218,70,1,[],[]
1712816100615,1712815894218,70,1,[],[]
1712816100615,1712815895218,71,1,[],[]
1712816100615,1712815896218,70,1,[],[]
1712816100615,1712815897218,70,1,[],[]
1712816100615,1712815898218,70,1,[],[]
1712816100615,1712815899218,70,1,[],[]
1712816100615,1712815900218,70,1,[],[]
1712816100615,1712815901218,70,1,[],[]
1712816100615,1712815902218,70,1,[],[]
1712816100615,1712815903218,70,1,[],[]
1712816100615,1712815904218,70,1,[],[]
1712816100615,1712815905218,70,1,[],[]
1712816100615,1712815906218,69,1,[],[]
1712816100615,1712815907218,69,1,[],[]
1712816100615,1712815908218,70,1,[],[]
1712816100615,1712815909218,70,1,[],[]
1712816100615,1712815910218,71,1,[],[]
1712816100615,1712815911218,72,1,[],[]
1712816100615,1712815912218,72,1,[],[]
1712816100615,1712815913218,72,1,[],[]
1712816100615,1712815914218,71,1,[],[]
1712816100615,1712815915218,70,1,[],[]
1712816100615,1712815916218,69,1,[],[]
1712816100615,1712815917218,68,1,[],[]
1712816100615,1712815918218,68,1,[],[]
1712816100615,1712815919218,72,-11,[],[]
1712816100615,1712815920218,70,1,[],[]
1712816100615,1712815921218,71,1,[],[]
1712816100615,1712815922218,71,1,[],[]
1712816100615,1712815923218,70,1,[],[]
1712816100615,1712815924218,69,1,[],[]
1712816100615,1712815925218,69,1,[],[]
1712816100615,1712815926218,69,1,[],[]
1712816100615,1712815927218,70,1,[],[]
1712816100615,1712815928218,71,1,[],[]
1712816100615,1712815929218,72,1,[],[]
1712816100615,1712815930218,72,1,[],[]
1712816100615,1712815931218,71,1,[],[]
1712816100615,1712815932218,70,1,[],[]
1712816100615,1712815933218,69,1,[],[]
1712816100615,1712815934218,68,1,[],[]
1712816100615,1712815935218,68,1,[],[]
1712816100615,1712815936218,68,1,[],[]
1712816100615,1712815937218,68,1,[],[]
1712816100615,1712815938218,69,1,[],[]
1712816100615,1712815939218,70,1,[],[]
1712816100615,1712815940218,72,1,[],[]
1712816100615,1712815941218,73,1,[],[]
1712816100615,1712815942218,74,1,[],[]
1712816100615,1712815943218,74,1,[],[]
1712816100615,1712815944218,74,1,[],[]
1712816100615,1712815945218,73,1,[],[]
1712816100615,1712815946218,72,1,[],[]
1712816100615,1712815947218,71,1,[],[]
1712816100615,1712815948218,70,1,[],[]
1712816100615,1712815949218,74,-11,[],[]
1712816100615,1712815950218,70,1,[],[]
1712816100615,1712815951218,71,1,[],[]
1712816100615,1712815952218,72,1,[],[]
1712816100615,1712815953218,73,1,[],[]
1712816100615,1712815954218,73,1,[],[]
1712816100615,1712815955218,74,1,[],[]
1712816100615,1712815956218,74,1,[],[]
1712816100615,1712815957218,74,1,[],[]
1712816100615,1712815958218,74,1,[],[]
1712816100615,1712815959218,75,1,[],[]
1712816100615,1712815960218,75,1,[],[]
1712816100615,1712815961218,76,1,[],[]
1712816100615,1712815962218,75,1,[],[]
1712816100615,1712815963218,74,1,[],[]
1712816100615,1712815964218,73,1,[],[]
1712816100615,1712815965218,73,1,[],[]
1712816100615,1712815966218,73,1,[],[]
1712816100615,1712815967218,73,1,[],[]
1712816100615,1712815968218,74,1,[],[]
1712816100615,1712815969218,74,1,[],[]
1712816100615,1712815970218,73,1,[],[]
1712816100615,1712815971218,73,1,[],[]
1712816100615,1712815972218,72,1,[],[]
1712816100615,1712815973218,71,1,[],[]
1712816100615,1712815974218,71,1,[],[]
1712816100615,1712815975218,72,1,[],[]
1712816100615,1712815976218,73,1,[],[]
1712816100615,1712815977218,73,1,[],[]
1712816100615,1712815978218,73,1,[],[]
1712816100615,1712815979218,71,-11,[],[]
1712816100615,1712815980218,71,1,[],[]
1712816100615,1712815981218,70,1,[],[]
1712816100615,1712815982218,71,1,[],[]
1712816100615,1712815983218,72,1,[],[]
1712816100615,1712815984218,71,1,[],[]
1712816100615,1712815985218,73,1,[],[]
1712816100615,1712815986218,73,1,[],[]
1712816100615,1712815987218,72,1,[],[]
1712816100615,1712815988218,70,1,[],[]
1712816100615,1712815989218,69,1,[],[]
1712816100615,1712815990218,69,1,[],[]
1712816100615,1712815991218,69,1,[],[]
1712816100615,1712815992218,70,1,[],[]
1712816100615,1712815993218,70,1,[],[]
1712816100615,1712815994218,70,1,[],[]
1712816100615,1712815995218,70,1,[],[]
1712816100615,1712815996218,70,1,[],[]
1712816100615,1712815997218,69,1,[],[]
1712816100615,1712815998218,69,1,[],[]
1712816100615,1712815999218,69,1,[],[]
1712816100615,1712816000218,70,1,[],[]
1712816100615,1712816001218,70,1,[],[]
1712816100615,1712816002218,71,1,[],[]
1712816100615,1712816003218,71,1,[],[]
1712816100615,1712816004218,71,1,[],[]
1712816100615,1712816005218,71,1,[],[]
1712816100615,1712816006218,71,1,[],[]
1712816100615,1712816007218,71,1,[],[]
1712816100615,1712816008218,71,1,[],[]
1712816100615,1712816009218,71,-11,[],[]
1712816100615,1712816010218,72,1,[],[]
1712816100615,1712816011218,72,1,[],[]
1712816100615,1712816012218,72,1,[],[]
1712816100615,1712816013218,72,1,[],[]
1712816100615,1712816014218,72,1,[],[]
1712816100615,1712816015218,72,1,[],[]
1712816100615,1712816016218,72,1,[],[]
1712816100615,1712816017218,72,1,[],[]
1712816100615,1712816018218,72,1,[],[]
1712816100615,1712816019218,72,1,[],[]
1712816100615,1712816020218,72,1,[],[]
1712816100615,1712816021218,72,1,[],[]
1712816100615,1712816022218,72,1,[],[]
1712816100615,1712816023218,71,1,[],[]
1712816100615,1712816024218,72,1,[],[]
1712816100615,1712816025218,73,1,[],[]
1712816100615,1712816026218,73,1,[],[]
1712816100615,1712816027218,74,1,[],[]
1712816100615,1712816028218,74,1,[],[]
1712816100615,1712816029218,74,1,[],[]
1712816100615,1712816030218,73,1,[],[]
1712816100615,1712816031218,73,1,[],[]
1712816100615,1712816032218,72,1,[],[]
1712816100615,1712816033218,72,1,[],[]
1712816100615,1712816034218,73,1,[],[]
1712816100615,1712816035218,74,1,[],[]
1712816100615,1712816036218,74,1,[],[]
1712816100615,1712816037218,75,1,[],[]
1712816100615,1712816038218,75,1,[],[]
1712816100615,1712816039218,73,-11,[],[]
1712816100615,1712816040218,76,1,[],[]
1712816100615,1712816041218,76,1,[],[]
1712816100615,1712816042218,76,1,[],[]
1712816100615,1712816043218,75,1,[],[]
1712816100615,1712816044218,75,1,[],[]
1712816100615,1712816045218,65,1,[],[]
1712816100615,1712816046218,66,1,[],[]
1712816100615,1712816047218,67,1,[],[]
1712816100615,1712816048218,67,1,[],[]
1712816100615,1712816049218,68,1,[],[]
1712816100615,1712816050218,69,1,[],[]
1712816100615,1712816051218,70,1,[],[]
1712816100615,1712816052218,70,1,[],[]
1712816100615,1712816053218,71,1,[],[]
1712816100615,1712816054218,72,1,[],[]
1712816100615,1712816055218,73,1,[],[]
1712816100615,1712816056218,74,1,[],[]
1712816100615,1712816057218,74,1,[],[]
1712816100615,1712816058218,73,1,[],[]
1712816100615,1712816059218,72,1,[],[]
1712816100615,1712816060218,71,1,[],[]
1712816100615,1712816061218,71,1,[],[]
1712816100615,1712816062218,70,1,[],[]
1712816100615,1712816063218,71,1,[],[]
1712816100615,1712816064218,72,1,[],[]
1712816100615,1712816065218,73,1,[],[]
1712816100615,1712816066218,74,1,[],[]
1712816100615,1712816067218,75,1,[],[]
1712816100615,1712816068218,75,1,[],[]
1712816100615,1712816069218,71,-11,[],[]
1712816100615,1712816070218,77,1,[],[]
1712816100615,1712816071218,78,1,[],[]
1712816100615,1712816072218,78,1,[],[]
1712816100615,1712816073218,78,1,[],[]
1712816100615,1712816074218,79,1,[],[]
1712816100615,1712816075218,79,1,[],[]
1712816100615,1712816076218,80,1,[],[]
1712816100615,1712816077218,80,1,[],[]
1712816100615,1712816078218,81,1,[],[]
1712816100615,1712816079218,81,1,[],[]
1712816100615,1712816080218,81,1,[],[]
1712816100615,1712816081218,81,1,[],[]
1712816100615,1712816082218,81,1,[],[]
1712816100615,1712816083218,80,1,[],[]
1712816100615,1712816084218,80,1,[],[]
1712816100615,1712816085218,80,1,[],[]
1712816100615,1712816086218,81,1,[],[]
1712816100615,1712816087218,80,1,[],[]
1712816100615,1712816088218,80,1,[],[]
1712816100615,1712816089218,80,1,[],[]
1712816100615,1712816090218,79,1,[],[]
1712816100615,1712816091218,79,1,[],[]
1712816100615,1712816092218,79,1,[],[]
1712816100615,1712816093218,79,1,[],[]
1712816100615,1712816094218,79,1,[],[]
1712816100615,1712816095218,80,1,[],[]
1712816100615,1712816096218,80,1,[],[]
1712816100615,1712816097218,79,1,[],[]
1712816100615,1712816098218,79,1,[],[]
1712816100615,1712816099218,79,-11,[],[]
1712816100615,1712816100218,78,1,[],[]
1712816703013,1712816103488,77,1,"[711,765,836,846,867,810,847,866,803,764,801,858,904,872,862,859,876,830,856,854,826,754,715,765,827,871,927,923,806,767,803,814,816,801,808,778,768,832,807,805,739,722,734,761,803,815,782,786,729,702,701,721,715,747,716,761,742,718,712,687,699,719,777,768,754,706,702,749,726,831,833,845,842,762,810,747,690,771,692,725,664,607,988,776,752,763,704,698,708,707,703,770,720,755,635,737,1242,762,579,627,260,711,669,706,559,650,1026,375,591,816,744,687,648,768,1163,655,1223,678,680,862,623,708,519,707,1081,719,503,271,646,260,637,803,622,791,531,474,861,696,1028,774,1204,881,557,443,1225,531,557,611,310,986,694,656,694,318,552,819,559,338,858,485,614,672,366,399,472,739,829,816,787,603,846,475,532,598,682,678,762,276,385,618,713,751,510,409,527,769,511,631,811,354,1027,730,610,663,815,749,545,688,278,461,746,647,517,852,615,434,831,312,717,391,730,909,455,352,705,620,591,623,740,681,660,436,260,642,734,725,717,536,651,906,900,604,660,787,327,361,909,699,368,323,657,773,676,716,725,843,713,696,886,697,571,260,657,753,408,374,815,704,576,852,775,676,599,968,674,750,750,765,851,765,764,787,720,928,760,681,771,627,929,398,539,362,1238,415,562,593,339,737,857,708,798,818,676,715,1090,602,669,1058,409,804,691,611,881,511,461,631,821,781,830,752,697,825,779,773,1166,1014,672,760,734,981,361,550,1014,721,577,538,450,599,629,826,528,777,655,748,799,628,703,732,568,917,546,475,572,670,616,728,787,709,747,843,816,747,788,759,886,748,759,801,407,401,791,672,967,750,652,777,790,794,797,864,556,836,494,283,721,804,727,757,809,388,692,764,492,1608,840,846,843,707,720,378,741,861,866,1116,556,793,846,761,700,685,695,685,747,863,928,622,530,583,885,879,879,877,883,916,880,923,919,903,899,867,829,745,754,778,807,780,857,821,825,852,872,886,871,844,798,796,785,876,895,855,873,919,921,882,816,797,824,804,852,834,790,758,839,880,861,862,825,849,884,880,876,867,761,729,724,729,763,842,841,801,746,861,910,906,883,787,800,818,865,886,824,739,804,861,874,843,839,791,737,719,724,756,759,815,872,847,837,808,791,748,740,689,637,697,737,813,860,862,847,812,789,836,782,728,725,749,771,813,841,772,724,728,779,794,833,846,842,819,802,802,779,736,682,759,839,884,897,890,871,863,832,749,707,723,704,802,889,872,805,784,828,864,888,884,830,749,771,881,1387,672,640,836,651,761,633,691,879,577,653,662,657,679,647,637,624,802,1060,615,752,644,586,602,672,416,943,666,686,683,684,700,662,637,695,699,625,1391,698,623,722,661,709,754,733,506,935,721,373,566,498,679,747,709,650,720,684,709,623,775,742,745,712,734,734,705,673,683,694,599,778,702,683,783,709,726,728,749,736,726,738,627,823,716,416,387,721,689,760,703,738,711,715,753,724,726,651,776,746,710,753,712,782,612,921,774,810,748,719,762,669,850,749,725,778,820,763,764,759,781,777,764,654,793,770,748,715,767,768,772,719,721,705,773,651,726,794,836,860,787,854,817,832,708,840,782,759,472,1061,743,797,769,709,773,800,800,756,749,793,764,693,717,1520,725,750,712,752,699,744,326,357,717,736,687,766,734,740,820,765,699,804,778,763,738,769,741,786,722,770,872,794,825,777,787,795,731,734,752,809,779,763,801,808,787,749,783,800,810,752,720,767,741,718,727,758,791,754,735,716,766,728,685,668,740,762,729,712,760,734,794,727,752,760,757,721,700,722,774,768,780,779,799,734,753,755,751,1489,529,953,682,734,775,810,784,743]","[0,0,0,0,0,0,0,0,0,0,0,0,0,0,0,0,0,0,0,0,0,0,0,0,0,0,0,0,0,0,0,0,0,0,0,0,0,0,0,0,0,0,0,0,0,0,0,0,0,0,0,0,0,0,0,0,0,0,0,0,0,0,0,0,0,0,0,0,0,0,0,-1,-1,-1,-1,0,0,0,0,-1,-1,-1,-1,0,0,0,0,0,0,0,0,-1,-1,-1,-1,-1,-1,-1,-1,-1,-1,-1,-1,-1,-1,-1,-1,-1,-1,0,0,0,0,-1,-1,-1,0,0,0,0,-1,-1,-1,-1,-1,-1,-1,-1,-1,-1,-1,-1,-1,-1,-1,-1,-1,-1,-1,-1,-1,-1,-1,-1,-1,-1,-1,-1,-1,-1,-1,-1,-1,-1,-1,-1,-1,-1,-1,-1,-1,-1,-1,-1,-1,-1,-1,-1,-1,-1,-1,-1,-1,-1,-1,-1,-1,-1,-1,-1,-1,-1,-1,-1,-1,-1,-1,-1,-1,-1,0,0,0,0,-1,-1,-1,-1,-1,-1,-1,-1,-1,-1,-1,-1,-1,-1,-1,-1,-1,-1,-1,-1,-1,-1,-1,-1,-1,-1,-1,-1,-1,-1,-1,-1,-1,-1,-1,0,0,0,0,-1,-1,-1,-1,-1,-1,-1,-1,-1,-1,-1,-1,-1,-1,-1,-1,-1,-1,-1,-1,-1,-1,-1,-1,0,0,0,0,-1,-1,-1,-1,0,0,0,0,0,0,0,0,-1,-1,-1,-1,-1,-1,-1,-1,-1,-1,-1,-1,-1,-1,0,0,0,0,0,0,0,-1,-1,-1,-1,-1,-1,-1,-1,-1,-1,-1,-1,-1,0,0,0,0,-1,-1,-1,-1,-1,-1,-1,-1,-1,-1,-1,-1,-1,-1,-1,-1,-1,-1,-1,-1,-1,-1,-1,-1,-1,-1,-1,-1,-1,-1,-1,-1,-1,-1,-1,-1,-1,-1,0,0,0,0,-1,-1,-1,-1,-1,-1,-1,-1,-1,-1,-1,-1,-1,-1,-1,-1,-1,-1,-1,-1,-1,0,0,0,0,-1,-1,-1,-1,-1,0,0,0,-1,-1,-1,-1,-1,-1,-1,-1,-1,-1,-1,0,0,0,0,0,0,0,0,0,0,0,0,0,0,0,0,0,0,0,0,0,0,0,0,0,0,0,0,0,0,0,0,0,0,0,0,0,0,0,0,0,0,0,0,0,0,0,0,0,0,0,0,0,0,0,0,0,0,0,0,0,0,0,0,0,0,0,0,0,0,0,0,0,0,0,0,0,0,0,0,0,0,0,0,0,0,0,0,0,0,0,0,0,0,0,0,0,0,0,0,0,0,0,0,0,0,0,0,0,0,0,0,0,0,0,0,0,0,0,0,0,0,0,0,0,0,0,0,0,0,0,0,0,0,0,0,0,0,0,0,0,0,0,0,0,0,0,0,0,0,0,0,0,0,0,0,-1,-1,-1,-1,-1,-1,-1,-1,-1,-1,-1,-1,-1,-1,-1,0,0,0,0,0,-1,-1,-1,-1,-1,-1,-1,-1,-1,-1,-1,-1,-1,-1,-1,-1,-1,0,0,0,0,-1,-1,-1,-1,0,0,0,0,0,0,0,0,0,-1,-1,-1,-1,0,0,0,0,0,0,0,0,0,0,0,0,0,0,0,0,0,0,0,0,0,0,0,0,0,0,-1,-1,-1,-1,0,0,0,0,0,0,0,0,0,-1,-1,-1,-1,0,0,0,0,-1,-1,-1,-1,-1,-1,-1,-1,0,0,0,0,0,0,0,0,0,0,0,0,-1,-1,-1,-1,0,0,0,0,0,0,0,0,-1,-1,-1,-1,0,0,0,0,0,0,0,0,0,0,0,0,0,0,0,0,0,0,0,0,0,0,0,-1,-1,-1,0,0,0,0,-1,-1,-1,-1,-1,0,0,0,0,0,0,0,0,0,0,0,0,0,0,0,0,0,0,0,0,0,0,0,0,0,0,0,0,0,0,0,0,0,0,0,0,0,0,0,0,0,0,0,0,0,0,0,-1,-1,-1,-1,-1,0,0,0,0,0,0,0,0,0,0,0,0,0,0,0,0,0,0,0,0,0,0,0,-1,-1,-1,-1,0,0,0,0,0]"
1712816703013,1712816104488,76,1,[],[]
1712816703013,1712816105488,76,1,[],[]
1712816703013,1712816106488,76,1,[],[]
1712816703013,1712816107488,75,1,[],[]
1712816703013,1712816108488,74,1,[],[]
1712816703013,1712816109488,74,1,[],[]
1712816703013,1712816110488,73,1,[],[]
1712816703013,1712816111488,73,1,[],[]
1712816703013,1712816112488,72,1,[],[]
1712816703013,1712816113488,72,1,[],[]
1712816703013,1712816114488,72,1,[],[]
1712816703013,1712816115488,72,1,[],[]
1712816703013,1712816116488,73,1,[],[]
1712816703013,1712816117488,73,1,[],[]
1712816703013,1712816118488,73,1,[],[]
1712816703013,1712816119488,73,1,[],[]
1712816703013,1712816120488,72,1,[],[]
1712816703013,1712816121488,71,1,[],[]
1712816703013,1712816122488,71,1,[],[]
1712816703013,1712816123488,72,1,[],[]
1712816703013,1712816124488,72,1,[],[]
1712816703013,1712816125488,73,1,[],[]
1712816703013,1712816126488,73,1,[],[]
1712816703013,1712816127488,73,1,[],[]
1712816703013,1712816128488,74,1,[],[]
1712816703013,1712816129488,74,1,[],[]
1712816703013,1712816130488,74,1,[],[]
1712816703013,1712816131488,73,-11,[],[]
1712816703013,1712816132488,76,1,[],[]
1712816703013,1712816133488,76,1,[],[]
1712816703013,1712816134488,76,1,[],[]
1712816703013,1712816135488,76,1,[],[]
1712816703013,1712816136488,76,1,[],[]
1712816703013,1712816137488,77,1,[],[]
1712816703013,1712816138488,78,1,[],[]
1712816703013,1712816139488,78,1,[],[]
1712816703013,1712816140488,79,1,[],[]
1712816703013,1712816141488,79,1,[],[]
1712816703013,1712816142488,80,1,[],[]
1712816703013,1712816143488,80,1,[],[]
1712816703013,1712816144488,80,1,[],[]
1712816703013,1712816145488,81,1,[],[]
1712816703013,1712816146488,82,1,[],[]
1712816703013,1712816147488,81,1,[],[]
1712816703013,1712816148488,81,1,[],[]
1712816703013,1712816149488,81,1,[],[]
1712816703013,1712816150488,82,1,[],[]
1712816703013,1712816151488,81,1,[],[]
1712816703013,1712816152488,81,1,[],[]
1712816703013,1712816153488,80,1,[],[]
1712816703013,1712816154488,80,1,[],[]
1712816703013,1712816155488,79,1,[],[]
1712816703013,1712816156488,79,1,[],[]
1712816703013,1712816157488,79,1,[],[]
1712816703013,1712816158488,79,1,[],[]
1712816703013,1712816159488,80,1,[],[]
1712816703013,1712816160488,80,1,[],[]
1712816703013,1712816161488,79,-11,[],[]
1712816703013,1712816162488,80,1,[],[]
1712816703013,1712816163488,80,1,[],[]
1712816703013,1712816164488,80,1,[],[]
1712816703013,1712816165488,80,1,[],[]
1712816703013,1712816166488,81,1,[],[]
1712816703013,1712816167488,81,1,[],[]
1712816703013,1712816168488,81,1,[],[]
1712816703013,1712816169488,81,1,[],[]
1712816703013,1712816170488,82,1,[],[]
1712816703013,1712816171488,82,1,[],[]
1712816703013,1712816172488,81,1,[],[]
1712816703013,1712816173488,81,1,[],[]
1712816703013,1712816174488,81,1,[],[]
1712816703013,1712816175488,80,1,[],[]
1712816703013,1712816176488,80,1,[],[]
1712816703013,1712816177488,79,1,[],[]
1712816703013,1712816178488,79,1,[],[]
1712816703013,1712816179488,78,1,[],[]
1712816703013,1712816180488,77,1,[],[]
1712816703013,1712816181488,76,1,[],[]
1712816703013,1712816182488,76,1,[],[]
1712816703013,1712816183488,76,1,[],[]
1712816703013,1712816184488,76,1,[],[]
1712816703013,1712816185488,77,1,[],[]
1712816703013,1712816186488,78,1,[],[]
1712816703013,1712816187488,80,1,[],[]
1712816703013,1712816188488,81,1,[],[]
1712816703013,1712816189488,80,1,[],[]
1712816703013,1712816190488,79,1,[],[]
1712816703013,1712816191488,80,-11,[],[]
1712816703013,1712816192488,78,1,[],[]
1712816703013,1712816193488,80,1,[],[]
1712816703013,1712816194488,79,1,[],[]
1712816703013,1712816195488,79,1,[],[]
1712816703013,1712816196488,78,1,[],[]
1712816703013,1712816197488,79,1,[],[]
1712816703013,1712816198488,80,1,[],[]
1712816703013,1712816199488,80,1,[],[]
1712816703013,1712816200488,82,1,[],[]
1712816703013,1712816201488,82,1,[],[]
1712816703013,1712816202488,82,1,[],[]
1712816703013,1712816203488,0,-10,[],[]
1712816703013,1712816204488,0,-10,[],[]
1712816703013,1712816205488,0,-10,[],[]
1712816703013,1712816206488,0,-10,[],[]
1712816703013,1712816207488,0,-10,[],[]
1712816703013,1712816208488,0,-10,[],[]
1712816703013,1712816209488,0,-10,[],[]
1712816703013,1712816210488,86,1,[],[]
1712816703013,1712816211488,86,1,[],[]
1712816703013,1712816212488,0,-10,[],[]
1712816703013,1712816213488,0,-10,[],[]
1712816703013,1712816214488,0,-10,[],[]
1712816703013,1712816215488,0,-10,[],[]
1712816703013,1712816216488,0,-10,[],[]
1712816703013,1712816217488,0,-10,[],[]
1712816703013,1712816218488,0,-10,[],[]
1712816703013,1712816219488,0,-10,[],[]
1712816703013,1712816220488,0,-10,[],[]
1712816703013,1712816221488,0,-10,[],[]
1712816703013,1712816222488,0,-10,[],[]
1712816703013,1712816223488,0,-10,[],[]
1712816703013,1712816224488,0,-10,[],[]
1712816703013,1712816225488,0,-10,[],[]
1712816703013,1712816226488,0,-10,[],[]
1712816703013,1712816227488,0,-10,[],[]
1712816703013,1712816228488,0,-10,[],[]
1712816703013,1712816229488,0,-10,[],[]
1712816703013,1712816230488,0,-10,[],[]
1712816703013,1712816231488,0,-10,[],[]
1712816703013,1712816232488,0,-10,[],[]
1712816703013,1712816233488,0,-10,[],[]
1712816703013,1712816234488,0,-10,[],[]
1712816703013,1712816235488,0,-10,[],[]
1712816703013,1712816236488,0,-10,[],[]
1712816703013,1712816237488,0,-10,[],[]
1712816703013,1712816238488,0,-10,[],[]
1712816703013,1712816239488,0,-10,[],[]
1712816703013,1712816240488,0,-10,[],[]
1712816703013,1712816241488,0,-10,[],[]
1712816703013,1712816242488,0,-10,[],[]
1712816703013,1712816243488,0,-10,[],[]
1712816703013,1712816244488,0,-10,[],[]
1712816703013,1712816245488,0,-10,[],[]
1712816703013,1712816246488,0,-10,[],[]
1712816703013,1712816247488,86,1,[],[]
1712816703013,1712816248488,86,1,[],[]
1712816703013,1712816249488,86,1,[],[]
1712816703013,1712816250488,86,1,[],[]
1712816703013,1712816251488,0,-10,[],[]
1712816703013,1712816252488,88,1,[],[]
1712816703013,1712816253488,0,-10,[],[]
1712816703013,1712816254488,0,-10,[],[]
1712816703013,1712816255488,88,1,[],[]
1712816703013,1712816256488,87,1,[],[]
1712816703013,1712816257488,87,1,[],[]
1712816703013,1712816258488,87,1,[],[]
1712816703013,1712816259488,87,1,[],[]
1712816703013,1712816260488,86,1,[],[]
1712816703013,1712816261488,86,1,[],[]
1712816703013,1712816262488,85,1,[],[]
1712816703013,1712816263488,85,1,[],[]
1712816703013,1712816264488,85,1,[],[]
1712816703013,1712816265488,84,1,[],[]
1712816703013,1712816266488,84,1,[],[]
1712816703013,1712816267488,84,1,[],[]
1712816703013,1712816268488,84,1,[],[]
1712816703013,1712816269488,83,1,[],[]
1712816703013,1712816270488,83,1,[],[]
1712816703013,1712816271488,83,1,[],[]
1712816703013,1712816272488,82,1,[],[]
1712816703013,1712816273488,82,1,[],[]
1712816703013,1712816274488,82,1,[],[]
1712816703013,1712816275488,81,1,[],[]
1712816703013,1712816276488,82,1,[],[]
1712816703013,1712816277488,82,1,[],[]
1712816703013,1712816278488,82,1,[],[]
1712816703013,1712816279488,82,1,[],[]
1712816703013,1712816280488,82,1,[],[]
1712816703013,1712816281488,82,1,[],[]
1712816703013,1712816282488,82,1,[],[]
1712816703013,1712816283488,82,1,[],[]
1712816703013,1712816284488,82,1,[],[]
1712816703013,1712816285488,81,1,[],[]
1712816703013,1712816286488,80,1,[],[]
1712816703013,1712816287488,80,1,[],[]
1712816703013,1712816288488,80,1,[],[]
1712816703013,1712816289488,79,1,[],[]
1712816703013,1712816290488,79,1,[],[]
1712816703013,1712816291488,79,1,[],[]
1712816703013,1712816292488,80,1,[],[]
1712816703013,1712816293488,80,1,[],[]
1712816703013,1712816294488,80,1,[],[]
1712816703013,1712816295488,80,1,[],[]
1712816703013,1712816296488,82,1,[],[]
1712816703013,1712816297488,82,1,[],[]
1712816703013,1712816298488,81,1,[],[]
1712816703013,1712816299488,80,1,[],[]
1712816703013,1712816300488,80,1,[],[]
1712816703013,1712816301488,79,1,[],[]
1712816703013,1712816302488,79,1,[],[]
1712816703013,1712816303488,78,1,[],[]
1712816703013,1712816304488,78,1,[],[]
1712816703013,1712816305488,78,1,[],[]
1712816703013,1712816306488,78,1,[],[]
1712816703013,1712816307488,79,1,[],[]
1712816703013,1712816308488,80,1,[],[]
1712816703013,1712816309488,80,1,[],[]
1712816703013,1712816310488,79,1,[],[]
1712816703013,1712816311488,79,-11,[],[]
1712816703013,1712816312488,79,1,[],[]
1712816703013,1712816313488,78,1,[],[]
1712816703013,1712816314488,79,1,[],[]
1712816703013,1712816315488,78,1,[],[]
1712816703013,1712816316488,77,1,[],[]
1712816703013,1712816317488,78,1,[],[]
1712816703013,1712816318488,78,1,[],[]
1712816703013,1712816319488,78,1,[],[]
1712816703013,1712816320488,78,1,[],[]
1712816703013,1712816321488,79,1,[],[]
1712816703013,1712816322488,79,1,[],[]
1712816703013,1712816323488,80,1,[],[]
1712816703013,1712816324488,80,1,[],[]
1712816703013,1712816325488,80,1,[],[]
1712816703013,1712816326488,81,1,[],[]
1712816703013,1712816327488,80,1,[],[]
1712816703013,1712816328488,81,1,[],[]
1712816703013,1712816329488,81,1,[],[]
1712816703013,1712816330488,82,1,[],[]
1712816703013,1712816331488,82,1,[],[]
1712816703013,1712816332488,82,1,[],[]
1712816703013,1712816333488,83,1,[],[]
1712816703013,1712816334488,84,1,[],[]
1712816703013,1712816335488,84,1,[],[]
1712816703013,1712816336488,85,1,[],[]
1712816703013,1712816337488,86,1,[],[]
1712816703013,1712816338488,87,1,[],[]
1712816703013,1712816339488,87,1,[],[]
1712816703013,1712816340488,86,1,[],[]
1712816703013,1712816341488,84,-11,[],[]
1712816703013,1712816342488,85,1,[],[]
1712816703013,1712816343488,84,1,[],[]
1712816703013,1712816344488,83,1,[],[]
1712816703013,1712816345488,83,1,[],[]
1712816703013,1712816346488,82,1,[],[]
1712816703013,1712816347488,81,1,[],[]
1712816703013,1712816348488,80,1,[],[]
1712816703013,1712816349488,80,1,[],[]
1712816703013,1712816350488,79,1,[],[]
1712816703013,1712816351488,79,1,[],[]
1712816703013,1712816352488,78,1,[],[]
1712816703013,1712816353488,77,1,[],[]
1712816703013,1712816354488,78,1,[],[]
1712816703013,1712816355488,78,1,[],[]
1712816703013,1712816356488,78,1,[],[]
1712816703013,1712816357488,78,1,[],[]
1712816703013,1712816358488,78,1,[],[]
1712816703013,1712816359488,79,1,[],[]
1712816703013,1712816360488,79,1,[],[]
1712816703013,1712816361488,79,1,[],[]
1712816703013,1712816362488,79,1,[],[]
1712816703013,1712816363488,80,1,[],[]
1712816703013,1712816364488,80,1,[],[]
1712816703013,1712816365488,80,1,[],[]
1712816703013,1712816366488,80,1,[],[]
1712816703013,1712816367488,81,1,[],[]
1712816703013,1712816368488,80,1,[],[]
1712816703013,1712816369488,79,1,[],[]
1712816703013,1712816370488,78,1,[],[]
1712816703013,1712816371488,78,1,[],[]
1712816703013,1712816372488,78,1,[],[]
1712816703013,1712816373488,77,1,[],[]
1712816703013,1712816374488,77,1,[],[]
1712816703013,1712816375488,78,1,[],[]
1712816703013,1712816376488,78,1,[],[]
1712816703013,1712816377488,77,1,[],[]
1712816703013,1712816378488,77,1,[],[]
1712816703013,1712816379488,79,1,[],[]
1712816703013,1712816380488,80,1,[],[]
1712816703013,1712816381488,81,1,[],[]
1712816703013,1712816382488,81,1,[],[]
1712816703013,1712816383488,81,1,[],[]
1712816703013,1712816384488,80,1,[],[]
1712816703013,1712816385488,81,1,[],[]
1712816703013,1712816386488,81,1,[],[]
1712816703013,1712816387488,81,1,[],[]
1712816703013,1712816388488,79,1,[],[]
1712816703013,1712816389488,78,1,[],[]
1712816703013,1712816390488,76,1,[],[]
1712816703013,1712816391488,75,1,[],[]
1712816703013,1712816392488,73,1,[],[]
1712816703013,1712816393488,72,1,[],[]
1712816703013,1712816394488,71,1,[],[]
1712816703013,1712816395488,69,1,[],[]
1712816703013,1712816396488,69,1,[],[]
1712816703013,1712816397488,70,1,[],[]
1712816703013,1712816398488,71,1,[],[]
1712816703013,1712816399488,72,1,[],[]
1712816703013,1712816400488,73,1,[],[]
1712816703013,1712816401488,73,1,[],[]
1712816703013,1712816402488,73,1,[],[]
1712816703013,1712816403488,73,1,[],[]
1712816703013,1712816404488,73,1,[],[]
1712816703013,1712816405488,72,1,[],[]
1712816703013,1712816406488,72,1,[],[]
1712816703013,1712816407488,72,1,[],[]
1712816703013,1712816408488,71,1,[],[]
1712816703013,1712816409488,72,1,[],[]
1712816703013,1712816410488,72,1,[],[]
1712816703013,1712816411488,72,1,[],[]
1712816703013,1712816412488,72,1,[],[]
1712816703013,1712816413488,71,1,[],[]
1712816703013,1712816414488,71,1,[],[]
1712816703013,1712816415488,70,1,[],[]
1712816703013,1712816416488,70,1,[],[]
1712816703013,1712816417488,70,1,[],[]
1712816703013,1712816418488,70,1,[],[]
1712816703013,1712816419488,71,1,[],[]
1712816703013,1712816420488,71,1,[],[]
1712816703013,1712816421488,71,1,[],[]
1712816703013,1712816422488,72,1,[],[]
1712816703013,1712816423488,72,1,[],[]
1712816703013,1712816424488,72,1,[],[]
1712816703013,1712816425488,72,1,[],[]
1712816703013,1712816426488,72,1,[],[]
1712816703013,1712816427488,72,1,[],[]
1712816703013,1712816428488,71,1,[],[]
1712816703013,1712816429488,71,1,[],[]
1712816703013,1712816430488,71,1,[],[]
1712816703013,1712816431488,71,1,[],[]
1712816703013,1712816432488,71,1,[],[]
1712816703013,1712816433488,71,1,[],[]
1712816703013,1712816434488,72,1,[],[]
1712816703013,1712816435488,73,1,[],[]
1712816703013,1712816436488,73,1,[],[]
1712816703013,1712816437488,73,1,[],[]
1712816703013,1712816438488,74,1,[],[]
1712816703013,1712816439488,74,1,[],[]
1712816703013,1712816440488,73,1,[],[]
1712816703013,1712816441488,73,1,[],[]
1712816703013,1712816442488,72,1,[],[]
1712816703013,1712816443488,72,1,[],[]
1712816703013,1712816444488,72,1,[],[]
1712816703013,1712816445488,72,1,[],[]
1712816703013,1712816446488,72,1,[],[]
1712816703013,1712816447488,72,1,[],[]
1712816703013,1712816448488,72,1,[],[]
1712816703013,1712816449488,72,1,[],[]
1712816703013,1712816450488,72,1,[],[]
1712816703013,1712816451488,72,1,[],[]
1712816703013,1712816452488,72,1,[],[]
1712816703013,1712816453488,72,1,[],[]
1712816703013,1712816454488,73,1,[],[]
1712816703013,1712816455488,74,1,[],[]
1712816703013,1712816456488,74,1,[],[]
1712816703013,1712816457488,74,1,[],[]
1712816703013,1712816458488,75,1,[],[]
1712816703013,1712816459488,74,1,[],[]
1712816703013,1712816460488,74,1,[],[]
1712816703013,1712816461488,74,1,[],[]
1712816703013,1712816462488,74,1,[],[]
1712816703013,1712816463488,75,1,[],[]
1712816703013,1712816464488,75,1,[],[]
1712816703013,1712816465488,76,1,[],[]
1712816703013,1712816466488,76,1,[],[]
1712816703013,1712816467488,76,1,[],[]
1712816703013,1712816468488,74,1,[],[]
1712816703013,1712816469488,74,1,[],[]
1712816703013,1712816470488,74,1,[],[]
1712816703013,1712816471488,74,1,[],[]
1712816703013,1712816472488,74,1,[],[]
1712816703013,1712816473488,75,1,[],[]
1712816703013,1712816474488,75,1,[],[]
1712816703013,1712816475488,76,1,[],[]
1712816703013,1712816476488,76,1,[],[]
1712816703013,1712816477488,76,1,[],[]
1712816703013,1712816478488,76,1,[],[]
1712816703013,1712816479488,77,1,[],[]
1712816703013,1712816480488,77,1,[],[]
1712816703013,1712816481488,77,1,[],[]
1712816703013,1712816482488,76,1,[],[]
1712816703013,1712816483488,76,1,[],[]
1712816703013,1712816484488,75,1,[],[]
1712816703013,1712816485488,75,1,[],[]
1712816703013,1712816486488,75,1,[],[]
1712816703013,1712816487488,75,1,[],[]
1712816703013,1712816488488,76,1,[],[]
1712816703013,1712816489488,76,1,[],[]
1712816703013,1712816490488,76,1,[],[]
1712816703013,1712816491488,75,1,[],[]
1712816703013,1712816492488,75,1,[],[]
1712816703013,1712816493488,74,1,[],[]
1712816703013,1712816494488,73,1,[],[]
1712816703013,1712816495488,73,1,[],[]
1712816703013,1712816496488,74,1,[],[]
1712816703013,1712816497488,75,1,[],[]
1712816703013,1712816498488,76,1,[],[]
1712816703013,1712816499488,65,1,[],[]
1712816703013,1712816500488,65,1,[],[]
1712816703013,1712816501488,66,1,[],[]
1712816703013,1712816502488,66,1,[],[]
1712816703013,1712816503488,67,1,[],[]
1712816703013,1712816504488,68,1,[],[]
1712816703013,1712816505488,68,1,[],[]
1712816703013,1712816506488,69,1,[],[]
1712816703013,1712816507488,69,1,[],[]
1712816703013,1712816508488,70,1,[],[]
1712816703013,1712816509488,69,1,[],[]
1712816703013,1712816510488,69,1,[],[]
1712816703013,1712816511488,69,1,[],[]
1712816703013,1712816512488,70,1,[],[]
1712816703013,1712816513488,69,1,[],[]
1712816703013,1712816514488,69,1,[],[]
1712816703013,1712816515488,68,1,[],[]
1712816703013,1712816516488,68,1,[],[]
1712816703013,1712816517488,69,1,[],[]
1712816703013,1712816518488,69,1,[],[]
1712816703013,1712816519488,70,1,[],[]
1712816703013,1712816520488,71,1,[],[]
1712816703013,1712816521488,71,1,[],[]
1712816703013,1712816522488,71,1,[],[]
1712816703013,1712816523488,72,1,[],[]
1712816703013,1712816524488,72,1,[],[]
1712816703013,1712816525488,72,1,[],[]
1712816703013,1712816526488,72,1,[],[]
1712816703013,1712816527488,71,1,[],[]
1712816703013,1712816528488,71,1,[],[]
1712816703013,1712816529488,72,1,[],[]
1712816703013,1712816530488,72,1,[],[]
1712816703013,1712816531488,72,1,[],[]
1712816703013,1712816532488,72,1,[],[]
1712816703013,1712816533488,72,1,[],[]
1712816703013,1712816534488,72,1,[],[]
1712816703013,1712816535488,72,1,[],[]
1712816703013,1712816536488,72,1,[],[]
1712816703013,1712816537488,72,1,[],[]
1712816703013,1712816538488,72,1,[],[]
1712816703013,1712816539488,72,1,[],[]
1712816703013,1712816540488,72,1,[],[]
1712816703013,1712816541488,72,1,[],[]
1712816703013,1712816542488,73,1,[],[]
1712816703013,1712816543488,73,1,[],[]
1712816703013,1712816544488,73,1,[],[]
1712816703013,1712816545488,73,1,[],[]
1712816703013,1712816546488,74,1,[],[]
1712816703013,1712816547488,74,1,[],[]
1712816703013,1712816548488,74,1,[],[]
1712816703013,1712816549488,75,1,[],[]
1712816703013,1712816550488,76,1,[],[]
1712816703013,1712816551488,78,1,[],[]
1712816703013,1712816552488,79,1,[],[]
1712816703013,1712816553488,79,1,[],[]
1712816703013,1712816554488,80,1,[],[]
1712816703013,1712816555488,80,1,[],[]
1712816703013,1712816556488,81,1,[],[]
1712816703013,1712816557488,82,1,[],[]
1712816703013,1712816558488,83,1,[],[]
1712816703013,1712816559488,84,1,[],[]
1712816703013,1712816560488,84,1,[],[]
1712816703013,1712816561488,84,1,[],[]
1712816703013,1712816562488,84,1,[],[]
1712816703013,1712816563488,84,1,[],[]
1712816703013,1712816564488,83,1,[],[]
1712816703013,1712816565488,84,1,[],[]
1712816703013,1712816566488,84,1,[],[]
1712816703013,1712816567488,83,1,[],[]
1712816703013,1712816568488,83,1,[],[]
1712816703013,1712816569488,82,1,[],[]
1712816703013,1712816570488,82,1,[],[]
1712816703013,1712816571488,83,1,[],[]
1712816703013,1712816572488,83,1,[],[]
1712816703013,1712816573488,82,1,[],[]
1712816703013,1712816574488,82,1,[],[]
1712816703013,1712816575488,82,1,[],[]
1712816703013,1712816576488,83,1,[],[]
1712816703013,1712816577488,82,1,[],[]
1712816703013,1712816578488,83,1,[],[]
1712816703013,1712816579488,83,1,[],[]
1712816703013,1712816580488,82,1,[],[]
1712816703013,1712816581488,83,1,[],[]
1712816703013,1712816582488,83,1,[],[]
1712816703013,1712816583488,82,1,[],[]
1712816703013,1712816584488,82,1,[],[]
1712816703013,1712816585488,81,1,[],[]
1712816703013,1712816586488,82,1,[],[]
1712816703013,1712816587488,81,1,[],[]
1712816703013,1712816588488,81,1,[],[]
1712816703013,1712816589488,80,1,[],[]
1712816703013,1712816590488,80,1,[],[]
1712816703013,1712816591488,80,1,[],[]
1712816703013,1712816592488,79,1,[],[]
1712816703013,1712816593488,79,1,[],[]
1712816703013,1712816594488,79,1,[],[]
1712816703013,1712816595488,78,1,[],[]
1712816703013,1712816596488,79,1,[],[]
1712816703013,1712816597488,79,1,[],[]
1712816703013,1712816598488,79,1,[],[]
1712816703013,1712816599488,80,1,[],[]
1712816703013,1712816600488,80,1,[],[]
1712816703013,1712816601488,80,1,[],[]
1712816703013,1712816602488,80,1,[],[]
1712816703013,1712816603488,80,1,[],[]
1712816703013,1712816604488,80,1,[],[]
1712816703013,1712816605488,80,1,[],[]
1712816703013,1712816606488,81,1,[],[]
1712816703013,1712816607488,81,1,[],[]
1712816703013,1712816608488,80,1,[],[]
1712816703013,1712816609488,79,1,[],[]
1712816703013,1712816610488,79,1,[],[]
1712816703013,1712816611488,78,1,[],[]
1712816703013,1712816612488,78,1,[],[]
1712816703013,1712816613488,78,1,[],[]
1712816703013,1712816614488,78,1,[],[]
1712816703013,1712816615488,78,1,[],[]
1712816703013,1712816616488,78,1,[],[]
1712816703013,1712816617488,78,1,[],[]
1712816703013,1712816618488,78,1,[],[]
1712816703013,1712816619488,78,1,[],[]
1712816703013,1712816620488,79,1,[],[]
1712816703013,1712816621488,78,1,[],[]
1712816703013,1712816622488,78,1,[],[]
1712816703013,1712816623488,78,1,[],[]
1712816703013,1712816624488,78,1,[],[]
1712816703013,1712816625488,79,1,[],[]
1712816703013,1712816626488,79,1,[],[]
1712816703013,1712816627488,79,1,[],[]
1712816703013,1712816628488,79,1,[],[]
1712816703013,1712816629488,80,1,[],[]
1712816703013,1712816630488,80,1,[],[]
1712816703013,1712816631488,81,1,[],[]
1712816703013,1712816632488,81,1,[],[]
1712816703013,1712816633488,81,1,[],[]
1712816703013,1712816634488,82,1,[],[]
1712816703013,1712816635488,82,1,[],[]
1712816703013,1712816636488,82,1,[],[]
1712816703013,1712816637488,82,1,[],[]
1712816703013,1712816638488,82,1,[],[]
1712816703013,1712816639488,81,1,[],[]
1712816703013,1712816640488,81,1,[],[]
1712816703013,1712816641488,80,1,[],[]
1712816703013,1712816642488,80,1,[],[]
1712816703013,1712816643488,80,1,[],[]
1712816703013,1712816644488,80,1,[],[]
1712816703013,1712816645488,80,1,[],[]
1712816703013,1712816646488,79,1,[],[]
1712816703013,1712816647488,79,1,[],[]
1712816703013,1712816648488,78,1,[],[]
1712816703013,1712816649488,78,1,[],[]
1712816703013,1712816650488,78,1,[],[]
1712816703013,1712816651488,77,1,[],[]
1712816703013,1712816652488,78,1,[],[]
1712816703013,1712816653488,78,1,[],[]
1712816703013,1712816654488,78,1,[],[]
1712816703013,1712816655488,78,1,[],[]
1712816703013,1712816656488,78,1,[],[]
1712816703013,1712816657488,78,1,[],[]
1712816703013,1712816658488,78,1,[],[]
1712816703013,1712816659488,78,1,[],[]
1712816703013,1712816660488,78,1,[],[]
1712816703013,1712816661488,77,1,[],[]
1712816703013,1712816662488,77,1,[],[]
1712816703013,1712816663488,77,1,[],[]
1712816703013,1712816664488,78,1,[],[]
1712816703013,1712816665488,78,1,[],[]
1712816703013,1712816666488,79,1,[],[]
1712816703013,1712816667488,79,1,[],[]
1712816703013,1712816668488,79,1,[],[]
1712816703013,1712816669488,79,1,[],[]
1712816703013,1712816670488,79,1,[],[]
1712816703013,1712816671488,80,1,[],[]
1712816703013,1712816672488,80,1,[],[]
1712816703013,1712816673488,81,1,[],[]
1712816703013,1712816674488,81,1,[],[]
1712816703013,1712816675488,81,1,[],[]
1712816703013,1712816676488,81,1,[],[]
1712816703013,1712816677488,81,1,[],[]
1712816703013,1712816678488,81,1,[],[]
1712816703013,1712816679488,81,1,[],[]
1712816703013,1712816680488,81,1,[],[]
1712816703013,1712816681488,81,1,[],[]
1712816703013,1712816682488,81,1,[],[]
1712816703013,1712816683488,81,1,[],[]
1712816703013,1712816684488,81,1,[],[]
1712816703013,1712816685488,81,1,[],[]
1712816703013,1712816686488,80,1,[],[]
1712816703013,1712816687488,80,1,[],[]
1712816703013,1712816688488,80,1,[],[]
1712816703013,1712816689488,80,1,[],[]
1712816703013,1712816690488,80,1,[],[]
1712816703013,1712816691488,80,1,[],[]
1712816703013,1712816692488,80,1,[],[]
1712816703013,1712816693488,80,1,[],[]
1712816703013,1712816694488,81,1,[],[]
1712816703013,1712816695488,81,1,[],[]
1712816703013,1712816696488,80,1,[],[]
1712816703013,1712816697488,80,1,[],[]
1712816703013,1712816698488,80,1,[],[]
1712816703013,1712816699488,80,1,[],[]
1712816703013,1712816700488,80,1,[],[]
1712816703013,1712816701488,80,1,[],[]
1712816703013,1712816702488,80,1,[],[]
1712816706892,1712816703503,80,1,"[783,716,732,709,729]","[0,0,0,0,0]"
1712816706892,1712816704503,80,1,[],[]
1712816706892,1712816705503,81,1,[],[]
1712816706892,1712816706503,81,1,[],[]
1712816707847,1712816707506,82,1,"[771,621]","[0,0]"
1712816710846,1712816708525,82,1,"[760,796,682,883]","[-1,-1,-1,-1]"
1712816710846,1712816709525,83,1,[],[]
1712816710846,1712816710525,82,1,[],[]
1712816711835,1712816711529,83,1,[716],[-1]
1712816712869,1712816712532,85,1,[779],[-1]
1712816713880,1712816713536,86,1,"[783,403]","[-1,-1]"
1712816714856,1712816714541,88,1,"[549,476]","[-1,-1]"
1712816839385,1712816716979,90,1,"[597,612,523,265,486,321,478,647,638,647,654,654,641,647,693,719,760,747,690,777,807,826,754,762,752,766,785,374,751,1058,303,919,753,798,848,865,878,918,920,905,909,908,861,890,885,860,844,847,808,753,772,827,844,763,772,748,759,755,741,727,723,699,674,681,718,742,797,773,776,797,787,759,724,683,667,673,756,853,895,892,885,886,832,860,830,751,738,745,758,771,791,767,714,728,753,803,821,764,710,730,736,744,737,709,731,782,775,805,752,705,780,740,748,765,737,785,818,803,729,688,738,808,753,740,752,827,856,859,812,767,808,798,841,840,815,766,755,787,810,827,857,761,687,761,787,817,823,797,764,807,851,846,784,787,782,843,795,724,734,759,780,820,807]","[-1,-1,-1,-1,-1,-1,-1,-1,-1,-1,0,0,0,0,0,0,0,0,0,0,0,0,0,0,0,0,-1,-1,-1,-1,-1,0,0,0,0,0,0,0,0,0,0,0,0,0,0,0,0,0,0,0,0,0,0,0,0,0,0,0,0,0,0,0,0,0,0,0,0,0,0,0,0,0,0,0,0,0,0,0,0,0,0,0,0,0,0,0,0,0,0,0,0,0,0,0,0,0,0,0,0,0,0,0,0,0,0,0,0,0,0,0,0,-1,-1,-1,-1,0,0,0,0,0,0,0,0,0,0,0,0,0,0,0,0,0,0,0,0,0,0,0,0,0,0,0,0,0,0,0,0,0,0,0,0,0,0,0,0,0,0,0,0,0,0,0,0]"
1712816839385,1712816717979,91,1,[],[]
1712816839385,1712816718979,91,1,[],[]
1712816839385,1712816719979,90,1,[],[]
1712816839385,1712816720979,89,1,[],[]
1712816839385,1712816721979,88,1,[],[]
1712816839385,1712816722979,87,1,[],[]
1712816839385,1712816723979,87,1,[],[]
1712816839385,1712816724979,86,1,[],[]
1712816839385,1712816725979,85,1,[],[]
1712816839385,1712816726979,84,1,[],[]
1712816839385,1712816727979,82,1,[],[]
1712816839385,1712816728979,84,1,[],[]
1712816839385,1712816729979,84,1,[],[]
1712816839385,1712816730979,84,1,[],[]
1712816839385,1712816731979,84,1,[],[]
1712816839385,1712816732979,83,1,[],[]
1712816839385,1712816733979,82,1,[],[]
1712816839385,1712816734979,82,1,[],[]
1712816839385,1712816735979,80,1,[],[]
1712816839385,1712816736979,78,1,[],[]
1712816839385,1712816737979,77,1,[],[]
1712816839385,1712816738979,74,1,[],[]
1712816839385,1712816739979,72,1,[],[]
1712816839385,1712816740979,70,1,[],[]
1712816839385,1712816741979,69,1,[],[]
1712816839385,1712816742979,69,1,[],[]
1712816839385,1712816743979,69,1,[],[]
1712816839385,1712816744979,69,1,[],[]
1712816839385,1712816745979,69,1,[],[]
1712816839385,1712816746979,70,1,[],[]
1712816839385,1712816747979,71,1,[],[]
1712816839385,1712816748979,72,1,[],[]
1712816839385,1712816749979,72,1,[],[]
1712816839385,1712816750979,73,1,[],[]
1712816839385,1712816751979,74,1,[],[]
1712816839385,1712816752979,75,1,[],[]
1712816839385,1712816753979,76,1,[],[]
1712816839385,1712816754979,77,1,[],[]
1712816839385,1712816755979,78,1,[],[]
1712816839385,1712816756979,79,1,[],[]
1712816839385,1712816757979,80,1,[],[]
1712816839385,1712816758979,81,1,[],[]
1712816839385,1712816759979,81,1,[],[]
1712816839385,1712816760979,80,1,[],[]
1712816839385,1712816761979,80,1,[],[]
1712816839385,1712816762979,79,1,[],[]
1712816839385,1712816763979,79,1,[],[]
1712816839385,1712816764979,79,1,[],[]
1712816839385,1712816765979,80,1,[],[]
1712816839385,1712816766979,81,1,[],[]
1712816839385,1712816767979,81,1,[],[]
1712816839385,1712816768979,80,1,[],[]
1712816839385,1712816769979,79,1,[],[]
1712816839385,1712816770979,78,1,[],[]
1712816839385,1712816771979,76,1,[],[]
1712816839385,1712816772979,75,1,[],[]
1712816839385,1712816773979,74,1,[],[]
1712816839385,1712816774979,74,1,[],[]
1712816839385,1712816775979,75,1,[],[]
1712816839385,1712816776979,75,1,[],[]
1712816839385,1712816777979,66,1,[],[]
1712816839385,1712816778979,67,1,[],[]
1712816839385,1712816779979,67,1,[],[]
1712816839385,1712816780979,68,1,[],[]
1712816839385,1712816781979,69,1,[],[]
1712816839385,1712816782979,70,1,[],[]
1712816839385,1712816783979,71,1,[],[]
1712816839385,1712816784979,73,1,[],[]
1712816839385,1712816785979,74,1,[],[]
1712816839385,1712816786979,75,1,[],[]
1712816839385,1712816787979,76,1,[],[]
1712816839385,1712816788979,78,1,[],[]
1712816839385,1712816789979,78,1,[],[]
1712816839385,1712816790979,78,1,[],[]
1712816839385,1712816791979,78,1,[],[]
1712816839385,1712816792979,79,1,[],[]
1712816839385,1712816793979,79,1,[],[]
1712816839385,1712816794979,78,1,[],[]
1712816839385,1712816795979,79,1,[],[]
1712816839385,1712816796979,79,1,[],[]
1712816839385,1712816797979,79,1,[],[]
1712816839385,1712816798979,79,1,[],[]
1712816839385,1712816799979,79,1,[],[]
1712816839385,1712816800979,79,1,[],[]
1712816839385,1712816801979,79,1,[],[]
1712816839385,1712816802979,79,1,[],[]
1712816839385,1712816803979,80,1,[],[]
1712816839385,1712816804979,79,1,[],[]
1712816839385,1712816805979,78,1,[],[]
1712816839385,1712816806979,78,1,[],[]
1712816839385,1712816807979,77,1,[],[]
1712816839385,1712816808979,77,1,[],[]
1712816839385,1712816809979,77,1,[],[]
1712816839385,1712816810979,76,1,[],[]
1712816839385,1712816811979,76,1,[],[]
1712816839385,1712816812979,75,1,[],[]
1712816839385,1712816813979,75,1,[],[]
1712816839385,1712816814979,76,1,[],[]
1712816839385,1712816815979,76,1,[],[]
1712816839385,1712816816979,75,1,[],[]
1712816839385,1712816817979,75,1,[],[]
1712816839385,1712816818979,75,1,[],[]
1712816839385,1712816819979,76,1,[],[]
1712816839385,1712816820979,76,1,[],[]
1712816839385,1712816821979,76,1,[],[]
1712816839385,1712816822979,76,1,[],[]
1712816839385,1712816823979,76,1,[],[]
1712816839385,1712816824979,76,1,[],[]
1712816839385,1712816825979,75,1,[],[]
1712816839385,1712816826979,75,1,[],[]
1712816839385,1712816827979,75,1,[],[]
1712816839385,1712816828979,75,1,[],[]
1712816839385,1712816829979,75,1,[],[]
1712816839385,1712816830979,75,1,[],[]
1712816839385,1712816831979,76,1,[],[]
1712816839385,1712816832979,76,1,[],[]
1712816839385,1712816833979,76,1,[],[]
1712816839385,1712816834979,76,1,[],[]
1712816839385,1712816835979,75,1,[],[]
1712816839385,1712816836979,75,1,[],[]
1712816839385,1712816837979,76,1,[],[]
1712816839385,1712816838979,77,1,[],[]
1712816839385,1712816839979,77,1,[],[]
1712816840334,1712816840985,77,1,[747],[0]
1712817044150,1712816841715,78,1,"[725,407,512,700,604,769,725,873,709,801,738,978,662,926,538,569,838,684,281,1321,509,471,500,469,480,478,477,444,485,393,569,525,940,809,538,607,609,635,608,602,557,554,570,565,564,551,552,545,545,553,644,639,681,2071,719,1487,729,705,732,677,719,709,717,738,751,739,721,705,723,723,745,691,699,769,815,744,1394,727,735,751,724,663,657,665,661,764,804,825,786,758,710,691,679,798,685,715,762,739,778,739,730,720,730,735,738,738,674,678,706,718,913,485,654,647,780,719,685,658,652,656,654,617,603,599,613,634,707,690,658,690,702,710,677,648,636,650,659,661,640,606,445,421,449,1023,1073,737,734,734,704,655,644,668,673,691,668,673,660,673,676,687,682,670,638,678,714,739,753,708,660,637,658,659,1272,626,639,658,648,620,617,633,654,667,627,584,657,656,692,706,682,636,629,627,619,627,613,618,664,720,694,688,666,707,723,739,704,680,675,675,673,685,685,637,627,736,735,757,706,724,755,749,729,679,678,688,715,670,610,678,718,718,686,682,711,716,684,653,627,638,631,647,658,625,649,664,677,670,675,638,629,633,647,672,1199,829,959,660,310,678,647,655,658,650,673,638,626,659,667,663,684,660,661,671,659,645,605,631,651,695,672,513,829,602,665,680,699,682,650,1301,676,653,1288,731,595,662]","[-1,-1,-1,-1,-1,-1,-1,-1,-1,-1,-1,-1,-1,-1,-1,-1,-1,-1,-1,-1,-1,-1,0,0,0,0,0,0,-1,-1,-1,-1,-1,0,0,0,0,0,0,0,0,0,0,0,0,0,0,0,-1,-1,-1,-1,-1,-1,-1,0,0,0,0,0,0,0,0,0,0,0,0,0,0,0,0,0,0,0,0,0,0,0,0,0,0,0,0,0,0,0,0,0,0,0,0,0,0,0,0,0,0,0,0,0,0,0,0,0,0,0,0,-1,-1,-1,-1,-1,-1,-1,-1,0,0,0,0,0,0,0,0,0,0,0,0,0,0,0,0,0,0,0,0,0,0,0,-1,-1,-1,-1,-1,-1,-1,-1,-1,0,0,0,0,0,0,0,0,0,0,0,0,0,0,0,0,0,0,0,0,0,0,-1,-1,-1,-1,0,0,0,0,0,0,0,0,0,0,0,0,0,0,0,0,0,0,0,0,0,0,0,0,0,0,0,0,0,0,0,0,0,0,0,0,0,0,0,0,0,0,0,0,0,0,0,0,0,0,0,0,0,0,0,0,0,0,0,0,0,0,0,0,0,0,0,0,0,0,0,0,0,0,0,0,-1,-1,-1,-1,-1,-1,-1,-1,0,0,0,0,0,0,0,0,0,0,0,0,0,0,0,0,0,0,-1,-1,-1,-1,-1,0,0,0,0,-1,-1,-1,-1,-1,-1,-1,-1,-1,-1]"
1712817044150,1712816842715,80,1,[],[]
1712817044150,1712816843715,79,1,[],[]
1712817044150,1712816844715,79,1,[],[]
1712817044150,1712816845715,78,1,[],[]
1712817044150,1712816846715,80,1,[],[]
1712817044150,1712816847715,80,1,[],[]
1712817044150,1712816848715,79,1,[],[]
1712817044150,1712816849715,78,1,[],[]
1712817044150,1712816850715,79,1,[],[]
1712817044150,1712816851715,78,1,[],[]
1712817044150,1712816852715,79,1,[],[]
1712817044150,1712816853715,79,1,[],[]
1712817044150,1712816854715,79,1,[],[]
1712817044150,1712816855715,79,1,[],[]
1712817044150,1712816856715,80,1,[],[]
1712817044150,1712816857715,81,1,[],[]
1712817044150,1712816858715,80,1,[],[]
1712817044150,1712816859715,81,1,[],[]
1712817044150,1712816860715,82,1,[],[]
1712817044150,1712816861715,82,1,[],[]
1712817044150,1712816862715,83,1,[],[]
1712817044150,1712816863715,0,-10,[],[]
1712817044150,1712816864715,0,-10,[],[]
1712817044150,1712816865715,0,-10,[],[]
1712817044150,1712816866715,0,-10,[],[]
1712817044150,1712816867715,0,-10,[],[]
1712817044150,1712816868715,0,-10,[],[]
1712817044150,1712816869715,0,-10,[],[]
1712817044150,1712816870715,0,-10,[],[]
1712817044150,1712816871715,90,1,[],[]
1712817044150,1712816872715,88,1,[],[]
1712817044150,1712816873715,88,1,[],[]
1712817044150,1712816874715,87,1,[],[]
1712817044150,1712816875715,86,1,[],[]
1712817044150,1712816876715,86,1,[],[]
1712817044150,1712816877715,86,1,[],[]
1712817044150,1712816878715,85,1,[],[]
1712817044150,1712816879715,85,1,[],[]
1712817044150,1712816880715,85,1,[],[]
1712817044150,1712816881715,84,1,[],[]
1712817044150,1712816882715,84,1,[],[]
1712817044150,1712816883715,84,1,[],[]
1712817044150,1712816884715,84,1,[],[]
1712817044150,1712816885715,83,1,[],[]
1712817044150,1712816886715,83,1,[],[]
1712817044150,1712816887715,82,1,[],[]
1712817044150,1712816888715,82,1,[],[]
1712817044150,1712816889715,82,1,[],[]
1712817044150,1712816890715,82,1,[],[]
1712817044150,1712816891715,82,1,[],[]
1712817044150,1712816892715,83,1,[],[]
1712817044150,1712816893715,84,1,[],[]
1712817044150,1712816894715,85,1,[],[]
1712817044150,1712816895715,84,1,[],[]
1712817044150,1712816896715,83,1,[],[]
1712817044150,1712816897715,82,1,[],[]
1712817044150,1712816898715,82,1,[],[]
1712817044150,1712816899715,82,1,[],[]
1712817044150,1712816900715,83,1,[],[]
1712817044150,1712816901715,82,1,[],[]
1712817044150,1712816902715,83,1,[],[]
1712817044150,1712816903715,82,1,[],[]
1712817044150,1712816904715,82,1,[],[]
1712817044150,1712816905715,82,1,[],[]
1712817044150,1712816906715,82,1,[],[]
1712817044150,1712816907715,82,1,[],[]
1712817044150,1712816908715,82,1,[],[]
1712817044150,1712816909715,82,1,[],[]
1712817044150,1712816910715,82,1,[],[]
1712817044150,1712816911715,83,1,[],[]
1712817044150,1712816912715,83,1,[],[]
1712817044150,1712816913715,83,1,[],[]
1712817044150,1712816914715,84,1,[],[]
1712817044150,1712816915715,84,1,[],[]
1712817044150,1712816916715,84,1,[],[]
1712817044150,1712816917715,84,1,[],[]
1712817044150,1712816918715,85,1,[],[]
1712817044150,1712816919715,86,1,[],[]
1712817044150,1712816920715,87,1,[],[]
1712817044150,1712816921715,88,1,[],[]
1712817044150,1712816922715,89,1,[],[]
1712817044150,1712816923715,90,1,[],[]
1712817044150,1712816924715,90,1,[],[]
1712817044150,1712816925715,90,1,[],[]
1712817044150,1712816926715,89,1,[],[]
1712817044150,1712816927715,89,1,[],[]
1712817044150,1712816928715,89,1,[],[]
1712817044150,1712816929715,89,1,[],[]
1712817044150,1712816930715,90,1,[],[]
1712817044150,1712816931715,90,1,[],[]
1712817044150,1712816932715,91,1,[],[]
1712817044150,1712816933715,90,1,[],[]
1712817044150,1712816934715,90,1,[],[]
1712817044150,1712816935715,90,1,[],[]
1712817044150,1712816936715,89,1,[],[]
1712817044150,1712816937715,88,1,[],[]
1712817044150,1712816938715,87,1,[],[]
1712817044150,1712816939715,88,1,[],[]
1712817044150,1712816940715,88,1,[],[]
1712817044150,1712816941715,88,1,[],[]
1712817044150,1712816942715,89,1,[],[]
1712817044150,1712816943715,89,1,[],[]
1712817044150,1712816944715,89,1,[],[]
1712817044150,1712816945715,89,1,[],[]
1712817044150,1712816946715,89,1,[],[]
1712817044150,1712816947715,89,1,[],[]
1712817044150,1712816948715,89,1,[],[]
1712817044150,1712816949715,89,1,[],[]
1712817044150,1712816950715,88,1,[],[]
1712817044150,1712816951715,88,1,[],[]
1712817044150,1712816952715,88,1,[],[]
1712817044150,1712816953715,88,1,[],[]
1712817044150,1712816954715,89,1,[],[]
1712817044150,1712816955715,89,1,[],[]
1712817044150,1712816956715,89,1,[],[]
1712817044150,1712816957715,90,1,[],[]
1712817044150,1712816958715,90,1,[],[]
1712817044150,1712816959715,91,1,[],[]
1712817044150,1712816960715,92,1,[],[]
1712817044150,1712816961715,92,1,[],[]
1712817044150,1712816962715,93,1,[],[]
1712817044150,1712816963715,93,1,[],[]
1712817044150,1712816964715,92,1,[],[]
1712817044150,1712816965715,92,1,[],[]
1712817044150,1712816966715,92,1,[],[]
1712817044150,1712816967715,92,1,[],[]
1712817044150,1712816968715,93,1,[],[]
1712817044150,1712816969715,93,1,[],[]
1712817044150,1712816970715,93,1,[],[]
1712817044150,1712816971715,93,1,[],[]
1712817044150,1712816972715,92,1,[],[]
1712817044150,1712816973715,92,1,[],[]
1712817044150,1712816974715,91,1,[],[]
1712817044150,1712816975715,90,1,[],[]
1712817044150,1712816976715,90,1,[],[]
1712817044150,1712816977715,89,1,[],[]
1712817044150,1712816978715,89,1,[],[]
1712817044150,1712816979715,89,1,[],[]
1712817044150,1712816980715,88,1,[],[]
1712817044150,1712816981715,89,1,[],[]
1712817044150,1712816982715,89,1,[],[]
1712817044150,1712816983715,88,1,[],[]
1712817044150,1712816984715,88,1,[],[]
1712817044150,1712816985715,87,1,[],[]
1712817044150,1712816986715,87,1,[],[]
1712817044150,1712816987715,86,1,[],[]
1712817044150,1712816988715,86,1,[],[]
1712817044150,1712816989715,86,1,[],[]
1712817044150,1712816990715,86,1,[],[]
1712817044150,1712816991715,86,1,[],[]
1712817044150,1712816992715,87,1,[],[]
1712817044150,1712816993715,87,1,[],[]
1712817044150,1712816994715,87,1,[],[]
1712817044150,1712816995715,87,1,[],[]
1712817044150,1712816996715,87,1,[],[]
1712817044150,1712816997715,87,1,[],[]
1712817044150,1712816998715,87,1,[],[]
1712817044150,1712816999715,88,1,[],[]
1712817044150,1712817000715,88,1,[],[]
1712817044150,1712817001715,89,1,[],[]
1712817044150,1712817002715,90,1,[],[]
1712817044150,1712817003715,90,1,[],[]
1712817044150,1712817004715,90,1,[],[]
1712817044150,1712817005715,90,1,[],[]
1712817044150,1712817006715,90,1,[],[]
1712817044150,1712817007715,91,1,[],[]
1712817044150,1712817008715,91,1,[],[]
1712817044150,1712817009715,92,1,[],[]
1712817044150,1712817010715,91,1,[],[]
1712817044150,1712817011715,91,1,[],[]
1712817044150,1712817012715,91,1,[],[]
1712817044150,1712817013715,91,1,[],[]
1712817044150,1712817014715,91,1,[],[]
1712817044150,1712817015715,91,1,[],[]
1712817044150,1712817016715,91,1,[],[]
1712817044150,1712817017715,91,1,[],[]
1712817044150,1712817018715,91,1,[],[]
1712817044150,1712817019715,91,1,[],[]
1712817044150,1712817020715,91,1,[],[]
1712817044150,1712817021715,91,1,[],[]
1712817044150,1712817022715,91,1,[],[]
1712817044150,1712817023715,91,1,[],[]
1712817044150,1712817024715,91,1,[],[]
1712817044150,1712817025715,92,1,[],[]
1712817044150,1712817026715,92,1,[],[]
1712817044150,1712817027715,92,1,[],[]
1712817044150,1712817028715,92,1,[],[]
1712817044150,1712817029715,92,1,[],[]
1712817044150,1712817030715,91,1,[],[]
1712817044150,1712817031715,91,1,[],[]
1712817044150,1712817032715,91,1,[],[]
1712817044150,1712817033715,90,1,[],[]
1712817044150,1712817034715,90,1,[],[]
1712817044150,1712817035715,91,1,[],[]
1712817044150,1712817036715,91,1,[],[]
1712817044150,1712817037715,90,1,[],[]
1712817044150,1712817038715,90,1,[],[]
1712817044150,1712817039715,90,1,[],[]
1712817044150,1712817040715,90,1,[],[]
1712817044150,1712817041715,92,1,[],[]
1712817044150,1712817042715,93,1,[],[]
1712817044150,1712817043715,92,1,[],[]
1712817045066,1712817044719,92,1,[700],[-1]
1712817046077,1712817045723,0,-10,[1374],[-1]
1712817047040,1712817046726,0,-10,"[684,661]","[-1,-1]"
1712817048063,1712817047730,0,-10,[1086],[-1]
1712817051139,1712817048733,0,-10,"[947,260,1043,695]","[-1,-1,-1,-1]"
1712817051139,1712817049733,0,-10,[],[]
1712817051139,1712817050733,0,-10,[],[]
1712817052064,1712817051736,0,-10,"[731,382]","[-1,-1]"
1712817053053,1712817052741,0,-10,[522],[-1]
1712817054063,1712817053746,0,-10,"[677,652]","[-1,-1]"
1712817055082,1712817054749,0,-10,[665],[-1]
1712817056090,1712817055752,0,-10,[671],[-1]
1712817057084,1712817056756,0,-10,[1038],[-1]
1712817058095,1712817057761,95,1,[1056],[-1]
1712817059079,1712817058765,95,1,[868],[-1]
1712817060100,1712817059768,94,1,[1047],[-1]
1712817061106,1712817060771,94,1,"[1052,639]","[-1,-1]"
1712817062086,1712817061776,94,1,[598],[-1]
1712817063107,1712817062780,93,1,[1284],[-1]
1712817064095,1712817063783,93,1,[779],[0]
1712817065122,1712817064786,92,1,"[657,640]","[0,0]"
1712817194725,1712817066280,91,1,"[633,623,622,632,671,734,771,766,779,783,799,804,813,794,783,794,675,711,842,757,794,774,737,686,713,694,731,739,736,759,795,745,747,751,800,806,810,699,901,613,749,383,383,751,730,761,707,747,1455,1177,1392,850,787,767,762,829,802,740,788,840,882,795,791,814,838,726,749,765,784,779,731,744,809,830,819,751,803,765,820,787,734,688,710,706,770,782,738,754,768,837,852,813,761,783,792,797,789,727,767,752,791,812,801,781,820,855,859,843,775,748,782,736,786,748,727,790,868,845,784,775,807,821,753,716,728,764,782,767,727,775,797,802,790,761,662,714,754,814,844,765,1332,666,810,1320,1021,394,657,889,430,435,603,598,524,570,1069,582,532,515,550,479,484,509,514,511,510,520,558,568,616,658,644]","[0,0,0,0,0,0,0,0,0,0,0,0,0,0,0,0,0,-1,-1,-1,-1,0,0,0,0,0,0,0,0,0,0,0,0,-1,-1,-1,-1,-1,-1,-1,-1,-1,0,0,0,0,-1,-1,-1,-1,-1,-1,0,0,0,0,0,0,0,0,0,0,0,0,0,0,0,0,0,0,0,0,0,0,0,0,0,0,0,0,0,0,0,0,0,0,0,0,0,0,0,0,0,0,0,0,0,0,0,0,0,0,0,0,0,0,0,0,0,0,0,0,0,0,0,0,0,0,0,0,0,0,0,0,0,0,0,0,0,0,0,0,0,0,0,0,0,0,0,0,-1,-1,-1,-1,-1,-1,-1,-1,-1,-1,-1,-1,-1,-1,-1,-1,-1,0,0,0,0,0,0,0,0,0,0,0,0,0,0]"
1712817194725,1712817067280,90,1,[],[]
1712817194725,1712817068280,90,1,[],[]
1712817194725,1712817069280,86,1,[],[]
1712817194725,1712817070280,84,1,[],[]
1712817194725,1712817071280,80,1,[],[]
1712817194725,1712817072280,81,1,[],[]
1712817194725,1712817073280,81,1,[],[]
1712817194725,1712817074280,81,1,[],[]
1712817194725,1712817075280,80,1,[],[]
1712817194725,1712817076280,79,1,[],[]
1712817194725,1712817077280,79,1,[],[]
1712817194725,1712817078280,80,1,[],[]
1712817194725,1712817079280,81,1,[],[]
1712817194725,1712817080280,81,1,[],[]
1712817194725,1712817081280,81,1,[],[]
1712817194725,1712817082280,82,1,[],[]
1712817194725,1712817083280,81,1,[],[]
1712817194725,1712817084280,81,1,[],[]
1712817194725,1712817085280,81,1,[],[]
1712817194725,1712817086280,80,1,[],[]
1712817194725,1712817087280,80,1,[],[]
1712817194725,1712817088280,79,1,[],[]
1712817194725,1712817089280,79,1,[],[]
1712817194725,1712817090280,81,1,[],[]
1712817194725,1712817091280,81,1,[],[]
1712817194725,1712817092280,80,1,[],[]
1712817194725,1712817093280,80,1,[],[]
1712817194725,1712817094280,80,1,[],[]
1712817194725,1712817095280,80,1,[],[]
1712817194725,1712817096280,81,1,[],[]
1712817194725,1712817097280,80,1,[],[]
1712817194725,1712817098280,80,1,[],[]
1712817194725,1712817099280,80,1,[],[]
1712817194725,1712817100280,79,1,[],[]
1712817194725,1712817101280,79,1,[],[]
1712817194725,1712817102280,79,1,[],[]
1712817194725,1712817103280,78,1,[],[]
1712817194725,1712817104280,78,1,[],[]
1712817194725,1712817105280,78,1,[],[]
1712817194725,1712817106280,77,1,[],[]
1712817194725,1712817107280,77,1,[],[]
1712817194725,1712817108280,76,1,[],[]
1712817194725,1712817109280,76,1,[],[]
1712817194725,1712817110280,75,1,[],[]
1712817194725,1712817111280,75,1,[],[]
1712817194725,1712817112280,76,1,[],[]
1712817194725,1712817113280,76,1,[],[]
1712817194725,1712817114280,77,1,[],[]
1712817194725,1712817115280,77,1,[],[]
1712817194725,1712817116280,77,1,[],[]
1712817194725,1712817117280,77,1,[],[]
1712817194725,1712817118280,77,1,[],[]
1712817194725,1712817119280,77,1,[],[]
1712817194725,1712817120280,77,1,[],[]
1712817194725,1712817121280,77,1,[],[]
1712817194725,1712817122280,76,1,[],[]
1712817194725,1712817123280,77,1,[],[]
1712817194725,1712817124280,78,1,[],[]
1712817194725,1712817125280,79,1,[],[]
1712817194725,1712817126280,79,1,[],[]
1712817194725,1712817127280,79,1,[],[]
1712817194725,1712817128280,80,1,[],[]
1712817194725,1712817129280,79,1,[],[]
1712817194725,1712817130280,78,1,[],[]
1712817194725,1712817131280,78,1,[],[]
1712817194725,1712817132280,77,1,[],[]
1712817194725,1712817133280,77,1,[],[]
1712817194725,1712817134280,77,1,[],[]
1712817194725,1712817135280,77,1,[],[]
1712817194725,1712817136280,77,1,[],[]
1712817194725,1712817137280,77,1,[],[]
1712817194725,1712817138280,77,1,[],[]
1712817194725,1712817139280,77,1,[],[]
1712817194725,1712817140280,77,1,[],[]
1712817194725,1712817141280,77,1,[],[]
1712817194725,1712817142280,76,1,[],[]
1712817194725,1712817143280,76,1,[],[]
1712817194725,1712817144280,75,1,[],[]
1712817194725,1712817145280,75,1,[],[]
1712817194725,1712817146280,75,1,[],[]
1712817194725,1712817147280,75,1,[],[]
1712817194725,1712817148280,76,1,[],[]
1712817194725,1712817149280,77,1,[],[]
1712817194725,1712817150280,77,1,[],[]
1712817194725,1712817151280,77,1,[],[]
1712817194725,1712817152280,76,1,[],[]
1712817194725,1712817153280,76,1,[],[]
1712817194725,1712817154280,76,1,[],[]
1712817194725,1712817155280,76,1,[],[]
1712817194725,1712817156280,76,1,[],[]
1712817194725,1712817157280,76,1,[],[]
1712817194725,1712817158280,77,1,[],[]
1712817194725,1712817159280,77,1,[],[]
1712817194725,1712817160280,78,1,[],[]
1712817194725,1712817161280,78,1,[],[]
1712817194725,1712817162280,78,1,[],[]
1712817194725,1712817163280,78,1,[],[]
1712817194725,1712817164280,78,1,[],[]
1712817194725,1712817165280,78,1,[],[]
1712817194725,1712817166280,79,1,[],[]
1712817194725,1712817167280,79,1,[],[]
1712817194725,1712817168280,79,1,[],[]
1712817194725,1712817169280,79,1,[],[]
1712817194725,1712817170280,78,1,[],[]
1712817194725,1712817171280,77,1,[],[]
1712817194725,1712817172280,77,1,[],[]
1712817194725,1712817173280,77,1,[],[]
1712817194725,1712817174280,77,1,[],[]
1712817194725,1712817175280,77,1,[],[]
1712817194725,1712817176280,77,1,[],[]
1712817194725,1712817177280,76,1,[],[]
1712817194725,1712817178280,78,1,[],[]
1712817194725,1712817179280,77,1,[],[]
1712817194725,1712817180280,76,1,[],[]
1712817194725,1712817181280,77,1,[],[]
1712817194725,1712817182280,78,1,[],[]
1712817194725,1712817183280,78,1,[],[]
1712817194725,1712817184280,79,1,[],[]
1712817194725,1712817185280,80,1,[],[]
1712817194725,1712817186280,82,1,[],[]
1712817194725,1712817187280,84,1,[],[]
1712817194725,1712817188280,77,1,[],[]
1712817194725,1712817189280,0,-10,[],[]
1712817194725,1712817190280,0,-10,[],[]
1712817194725,1712817191280,0,-10,[],[]
1712817194725,1712817192280,0,-10,[],[]
1712817194725,1712817193280,0,-10,[],[]
1712817194725,1712817194280,0,-10,[],[]
1712817195596,1712817195284,0,-10,"[641,658]","[0,0]"
1712817217708,1712817196359,0,-10,"[1276,667,803,856,575,539,1000,471,441,625,627,877,767,888,538,640,773,535,394,405,563,555,660,1410,583,1030,546,507,893,588,588]","[-1,-1,-1,-1,-1,-1,-1,-1,-1,-1,-1,-1,-1,-1,-1,-1,-1,-1,-1,-1,-1,-1,-1,-1,-1,-1,-1,-1,-1,-1,-1]"
1712817217708,1712817197359,0,-10,[],[]
1712817217708,1712817198359,90,1,[],[]
1712817217708,1712817199359,89,1,[],[]
1712817217708,1712817200359,88,1,[],[]
1712817217708,1712817201359,89,1,[],[]
1712817217708,1712817202359,0,-10,[],[]
1712817217708,1712817203359,88,1,[],[]
1712817217708,1712817204359,0,-10,[],[]
1712817217708,1712817205359,0,-10,[],[]
1712817217708,1712817206359,0,-10,[],[]
1712817217708,1712817207359,0,-10,[],[]
1712817217708,1712817208359,0,-10,[],[]
1712817217708,1712817209359,0,-10,[],[]
1712817217708,1712817210359,0,-10,[],[]
1712817217708,1712817211359,0,-10,[],[]
1712817217708,1712817212359,0,-10,[],[]
1712817217708,1712817213359,0,-10,[],[]
1712817217708,1712817214359,0,-10,[],[]
1712817217708,1712817215359,0,-10,[],[]
1712817217708,1712817216359,0,-10,[],[]
1712817217708,1712817217359,0,-10,[],[]
1712817221719,1712817218382,0,-10,"[850,262,612,1089,509,530,501]","[-1,-1,-1,-1,-1,-1,-1]"
1712817221719,1712817219382,0,-10,[],[]
1712817221719,1712817220382,0,-10,[],[]
1712817221719,1712817221382,0,-10,[],[]
1712817276948,1712817222574,0,-10,"[584,442,1048,756,752,705,1226,761,628,1050,662,402,689,551,510,516,541,478,584,448,996,816,779,483,453,509,509,531,1034,943,502,292,260,493,523,1555,535,438,377,680,1067,260,1029,891,841,349,739,329,758,340,1290,728,545,771,695,585,318,1164,706,519,579,465,533,512,582,260,792,963,471,990,577,543,541,986,541,572,517,581,488,584,438,533,493,560,487,534]","[-1,-1,-1,-1,-1,-1,-1,-1,-1,-1,-1,-1,-1,-1,-1,-1,-1,-1,-1,-1,-1,-1,-1,-1,-1,-1,-1,-1,-1,-1,-1,-1,-1,-1,-1,-1,-1,-1,-1,-1,-1,-1,-1,-1,-1,-1,-1,-1,-1,-1,-1,-1,-1,-1,-1,-1,-1,-1,-1,-1,-1,-1,-1,-1,-1,-1,-1,-1,-1,-1,-1,-1,-1,-1,-1,-1,-1,-1,-1,-1,-1,-1,-1,-1,-1,-1]"
1712817276948,1712817223574,0,-10,[],[]
1712817276948,1712817224574,0,-10,[],[]
1712817276948,1712817225574,0,-10,[],[]
1712817276948,1712817226574,0,-10,[],[]
1712817276948,1712817227574,0,-10,[],[]
1712817276948,1712817228574,0,-10,[],[]
1712817276948,1712817229574,0,-10,[],[]
1712817276948,1712817230574,0,-10,[],[]
1712817276948,1712817231574,0,-10,[],[]
1712817276948,1712817232574,0,-10,[],[]
1712817276948,1712817233574,0,-10,[],[]
1712817276948,1712817234574,0,-10,[],[]
1712817276948,1712817235574,0,-10,[],[]
1712817276948,1712817236574,0,-10,[],[]
1712817276948,1712817237574,0,-10,[],[]
1712817276948,1712817238574,0,-10,[],[]
1712817276948,1712817239574,0,-10,[],[]
1712817276948,1712817240574,0,-10,[],[]
1712817276948,1712817241574,0,-10,[],[]
1712817276948,1712817242574,0,-10,[],[]
1712817276948,1712817243574,0,-10,[],[]
1712817276948,1712817244574,0,-10,[],[]
1712817276948,1712817245574,0,-10,[],[]
1712817276948,1712817246574,0,-10,[],[]
1712817276948,1712817247574,0,-10,[],[]
1712817276948,1712817248574,0,-10,[],[]
1712817276948,1712817249574,0,-10,[],[]
1712817276948,1712817250574,0,-10,[],[]
1712817276948,1712817251574,0,-10,[],[]
1712817276948,1712817252574,0,-10,[],[]
1712817276948,1712817253574,0,-10,[],[]
1712817276948,1712817254574,0,-10,[],[]
1712817276948,1712817255574,0,-10,[],[]
1712817276948,1712817256574,0,-10,[],[]
1712817276948,1712817257574,0,-10,[],[]
1712817276948,1712817258574,0,-10,[],[]
1712817276948,1712817259574,0,-10,[],[]
1712817276948,1712817260574,0,-10,[],[]
1712817276948,1712817261574,0,-10,[],[]
1712817276948,1712817262574,0,-10,[],[]
1712817276948,1712817263574,0,-10,[],[]
1712817276948,1712817264574,0,-10,[],[]
1712817276948,1712817265574,0,-10,[],[]
1712817276948,1712817266574,0,-10,[],[]
1712817276948,1712817267574,0,-10,[],[]
1712817276948,1712817268574,0,-10,[],[]
1712817276948,1712817269574,0,-10,[],[]
1712817276948,1712817270574,0,-10,[],[]
1712817276948,1712817271574,0,-10,[],[]
1712817276948,1712817272574,99,1,[],[]
1712817276948,1712817273574,0,-10,[],[]
1712817276948,1712817274574,0,-10,[],[]
1712817276948,1712817275574,0,-10,[],[]
1712817276948,1712817276574,0,-10,[],[]
1712817277920,1712817277577,0,-10,"[510,569]","[-1,-1]"
1712817301024,1712817278658,96,1,"[459,555,490,521,1078,504,829,1091,260,685,1282,536,388,517,556,974,939,1245,1098,564,458,576,422,820,995,314,666,903,512,570,427,593,495,542]","[-1,-1,-1,-1,-1,-1,-1,-1,-1,-1,-1,-1,-1,-1,-1,-1,-1,-1,-1,-1,-1,-1,-1,-1,-1,-1,-1,-1,-1,-1,-1,-1,-1,-1]"
1712817301024,1712817279658,96,1,[],[]
1712817301024,1712817280658,0,-10,[],[]
1712817301024,1712817281658,0,-10,[],[]
1712817301024,1712817282658,0,-10,[],[]
1712817301024,1712817283658,0,-10,[],[]
1712817301024,1712817284658,0,-10,[],[]
1712817301024,1712817285658,0,-10,[],[]
1712817301024,1712817286658,0,-10,[],[]
1712817301024,1712817287658,0,-10,[],[]
1712817301024,1712817288658,0,-10,[],[]
1712817301024,1712817289658,0,-10,[],[]
1712817301024,1712817290658,0,-10,[],[]
1712817301024,1712817291658,0,-10,[],[]
1712817301024,1712817292658,0,-10,[],[]
1712817301024,1712817293658,0,-10,[],[]
1712817301024,1712817294658,0,-10,[],[]
1712817301024,1712817295658,0,-10,[],[]
1712817301024,1712817296658,0,-10,[],[]
1712817301024,1712817297658,0,-10,[],[]
1712817301024,1712817298658,0,-10,[],[]
1712817301024,1712817299658,0,-10,[],[]
1712817301024,1712817300658,0,-10,[],[]
1712817348198,1712817301843,0,-10,"[959,552,550,527,514,542,513,513,699,356,509,260,260,1043,896,466,588,956,506,458,556,460,594,527,522,565,498,554,518,534,533,525,477,546,260,338,527,260,957,402,509,274,1982,260,1139,851,260,1019,817,955,551,583,1040,1143,1066,388,746,370,696,885,1039,1021,517,553,510,579,487,563,488,613,1187,752,712,496]","[-1,-1,-1,-1,-1,-1,-1,-1,-1,-1,-1,-1,-1,-1,-1,-1,-1,-1,-1,-1,-1,-1,-1,-1,-1,-1,-1,-1,-1,-1,-1,-1,-1,-1,-1,-1,-1,-1,-1,-1,-1,-1,-1,-1,-1,-1,-1,-1,-1,-1,-1,-1,-1,-1,-1,-1,-1,-1,-1,-1,-1,-1,-1,-1,-1,-1,-1,-1,-1,-1,-1,-1,-1,-1]"
1712817348198,1712817302843,0,-10,[],[]
1712817348198,1712817303843,0,-10,[],[]
1712817348198,1712817304843,0,-10,[],[]
1712817348198,1712817305843,0,-10,[],[]
1712817348198,1712817306843,0,-10,[],[]
1712817348198,1712817307843,0,-10,[],[]
1712817348198,1712817308843,0,-10,[],[]
1712817348198,1712817309843,0,-10,[],[]
1712817348198,1712817310843,0,-10,[],[]
1712817348198,1712817311843,0,-10,[],[]
1712817348198,1712817312843,0,-10,[],[]
1712817348198,1712817313843,0,-10,[],[]
1712817348198,1712817314843,0,-10,[],[]
1712817348198,1712817315843,0,-10,[],[]
1712817348198,1712817316843,0,-10,[],[]
1712817348198,1712817317843,0,-10,[],[]
1712817348198,1712817318843,0,-10,[],[]
1712817348198,1712817319843,0,-10,[],[]
1712817348198,1712817320843,0,-10,[],[]
1712817348198,1712817321843,0,-10,[],[]
1712817348198,1712817322843,0,-10,[],[]
1712817348198,1712817323843,0,-10,[],[]
1712817348198,1712817324843,0,-10,[],[]
1712817348198,1712817325843,0,-10,[],[]
1712817348198,1712817326843,0,-10,[],[]
1712817348198,1712817327843,0,-10,[],[]
1712817348198,1712817328843,0,-10,[],[]
1712817348198,1712817329843,0,-10,[],[]
1712817348198,1712817330843,0,-10,[],[]
1712817348198,1712817331843,0,-10,[],[]
1712817348198,1712817332843,0,-10,[],[]
1712817348198,1712817333843,0,-10,[],[]
1712817348198,1712817334843,0,-10,[],[]
1712817348198,1712817335843,0,-10,[],[]
1712817348198,1712817336843,0,-10,[],[]
1712817348198,1712817337843,0,-10,[],[]
1712817348198,1712817338843,0,-10,[],[]
1712817348198,1712817339843,0,-10,[],[]
1712817348198,1712817340843,0,-10,[],[]
1712817348198,1712817341843,0,-10,[],[]
1712817348198,1712817342843,0,-10,[],[]
1712817348198,1712817343843,0,-10,[],[]
1712817348198,1712817344843,0,-10,[],[]
1712817348198,1712817345843,0,-10,[],[]
1712817348198,1712817346843,0,-10,[],[]
1712817348198,1712817347843,0,-10,[],[]
1712817353218,1712817348867,0,-10,"[1151,454,542,470,777,1112,937]","[-1,-1,-1,-1,-1,-1,-1]"
1712817353218,1712817349867,0,-10,[],[]
1712817353218,1712817350867,0,-10,[],[]
1712817353218,1712817351867,0,-10,[],[]
1712817353218,1712817352867,0,-10,[],[]
1712817354196,1712817353870,0,-10,"[735,591]","[-1,-1]"
1712817355227,1712817354874,0,-10,[588],[-1]
1712817356238,1712817355872,0,-10,"[876,563]","[-1,-1]"
1712817357188,1712817356876,0,-10,[1241],[-1]
1712817360197,1712817357887,0,-10,"[463,573,498,534,645]","[-1,-1,-1,-1,-1]"
1712817360197,1712817358887,0,-10,[],[]
1712817360197,1712817359887,0,-10,[],[]
1712817361244,1712817360892,0,-10,[814],[-1]
1712817379288,1712817361962,0,-10,"[713,381,337,775,630,1083,684,410,621,389,621,389,562,519,668,924,810,648,1187,1593,532,1079,718,683,689,661]","[-1,-1,-1,-1,-1,-1,-1,-1,-1,-1,-1,-1,-1,-1,-1,-1,0,0,0,-1,-1,-1,-1,0,0,0]"
1712817379288,1712817362962,0,-10,[],[]
1712817379288,1712817363962,0,-10,[],[]
1712817379288,1712817364962,0,-10,[],[]
1712817379288,1712817365962,0,-10,[],[]
1712817379288,1712817366962,0,-10,[],[]
1712817379288,1712817367962,0,0,[],[]
1712817379288,1712817368962,101,1,[],[]
1712817379288,1712817369962,101,1,[],[]
1712817379288,1712817370962,101,1,[],[]
1712817379288,1712817371962,101,1,[],[]
1712817379288,1712817372962,100,1,[],[]
1712817379288,1712817373962,99,1,[],[]
1712817379288,1712817374962,98,1,[],[]
1712817379288,1712817375962,97,1,[],[]
1712817379288,1712817376962,96,1,[],[]
1712817379288,1712817377962,95,1,[],[]
1712817379288,1712817378962,94,1,[],[]
1712817380304,1712817379967,94,1,[],[]
1712817381300,1712817380972,93,1,[],[]
1712817382289,1712817381976,92,1,[],[]
1712817383330,1712817382979,92,1,"[2300,714]","[-1,-1]"
1712817494795,1712817384417,91,1,"[480,682,957,651,659,638,664,680,768,838,833,812,811,787,782,769,769,579,977,1019,894,819,1713,564,384,514,1087,748,565,1035,817,823,739,748,690,761,689,662,650,751,809,1465,802,820,706,686,916,1541,698,810,772,805,746,777,882,938,838,900,902,834,854,853,870,723,778,833,849,871,784,790,848,845,1563,817,804,760,711,741,744,751,745,723,716,767,774,767,774,699,721,756,765,755,731,779,633,673,664,785,802,763,710,762,794,753,711,709,683,684,664,673,717,736,717,712,757,808,816,792,824,829,812,732,699,720,710,812,752,730,770,724,710,551,722,1502,993,888,556,633,540,599,552,994]","[-1,-1,-1,-1,0,0,0,0,0,0,0,0,0,0,0,0,-1,-1,-1,-1,-1,-1,-1,-1,-1,-1,0,0,0,0,0,0,0,0,0,0,0,0,0,0,0,0,0,0,0,0,0,0,0,0,0,0,0,0,0,0,0,0,0,0,0,0,0,0,0,0,0,0,0,0,0,0,0,0,0,0,0,0,0,0,0,0,0,0,0,0,0,0,0,0,0,0,0,0,0,-1,-1,-1,-1,0,0,0,0,0,0,0,0,0,0,0,0,0,0,0,0,0,0,0,0,0,0,0,0,0,0,0,0,-1,-1,-1,-1,-1,-1,-1,-1,-1,-1,-1,-1,-1,-1,-1]"
1712817494795,1712817385417,91,1,[],[]
1712817494795,1712817386417,90,1,[],[]
1712817494795,1712817387417,89,1,[],[]
1712817494795,1712817388417,88,1,[],[]
1712817494795,1712817389417,86,1,[],[]
1712817494795,1712817390417,84,1,[],[]
1712817494795,1712817391417,82,1,[],[]
1712817494795,1712817392417,81,1,[],[]
1712817494795,1712817393417,80,1,[],[]
1712817494795,1712817394417,80,1,[],[]
1712817494795,1712817395417,79,1,[],[]
1712817494795,1712817396417,78,1,[],[]
1712817494795,1712817397417,77,1,[],[]
1712817494795,1712817398417,76,1,[],[]
1712817494795,1712817399417,76,1,[],[]
1712817494795,1712817400417,75,1,[],[]
1712817494795,1712817401417,76,1,[],[]
1712817494795,1712817402417,75,1,[],[]
1712817494795,1712817403417,75,1,[],[]
1712817494795,1712817404417,75,1,[],[]
1712817494795,1712817405417,75,1,[],[]
1712817494795,1712817406417,75,1,[],[]
1712817494795,1712817407417,76,1,[],[]
1712817494795,1712817408417,77,1,[],[]
1712817494795,1712817409417,79,1,[],[]
1712817494795,1712817410417,80,1,[],[]
1712817494795,1712817411417,80,1,[],[]
1712817494795,1712817412417,80,1,[],[]
1712817494795,1712817413417,80,1,[],[]
1712817494795,1712817414417,80,1,[],[]
1712817494795,1712817415417,80,1,[],[]
1712817494795,1712817416417,79,1,[],[]
1712817494795,1712817417417,79,1,[],[]
1712817494795,1712817418417,79,1,[],[]
1712817494795,1712817419417,78,1,[],[]
1712817494795,1712817420417,78,1,[],[]
1712817494795,1712817421417,78,1,[],[]
1712817494795,1712817422417,77,1,[],[]
1712817494795,1712817423417,77,1,[],[]
1712817494795,1712817424417,76,1,[],[]
1712817494795,1712817425417,75,1,[],[]
1712817494795,1712817426417,74,1,[],[]
1712817494795,1712817427417,73,1,[],[]
1712817494795,1712817428417,72,1,[],[]
1712817494795,1712817429417,71,1,[],[]
1712817494795,1712817430417,71,1,[],[]
1712817494795,1712817431417,71,1,[],[]
1712817494795,1712817432417,72,1,[],[]
1712817494795,1712817433417,72,1,[],[]
1712817494795,1712817434417,72,1,[],[]
1712817494795,1712817435417,72,1,[],[]
1712817494795,1712817436417,73,1,[],[]
1712817494795,1712817437417,73,1,[],[]
1712817494795,1712817438417,73,1,[],[]
1712817494795,1712817439417,73,1,[],[]
1712817494795,1712817440417,74,1,[],[]
1712817494795,1712817441417,74,1,[],[]
1712817494795,1712817442417,75,1,[],[]
1712817494795,1712817443417,76,1,[],[]
1712817494795,1712817444417,77,1,[],[]
1712817494795,1712817445417,78,1,[],[]
1712817494795,1712817446417,79,1,[],[]
1712817494795,1712817447417,79,1,[],[]
1712817494795,1712817448417,80,1,[],[]
1712817494795,1712817449417,80,1,[],[]
1712817494795,1712817450417,80,1,[],[]
1712817494795,1712817451417,81,1,[],[]
1712817494795,1712817452417,0,0,[],[]
1712817494795,1712817453417,81,1,[],[]
1712817494795,1712817454417,81,1,[],[]
1712817494795,1712817455417,81,1,[],[]
1712817494795,1712817456417,81,1,[],[]
1712817494795,1712817457417,81,1,[],[]
1712817494795,1712817458417,80,1,[],[]
1712817494795,1712817459417,80,1,[],[]
1712817494795,1712817460417,80,1,[],[]
1712817494795,1712817461417,80,1,[],[]
1712817494795,1712817462417,80,1,[],[]
1712817494795,1712817463417,81,1,[],[]
1712817494795,1712817464417,82,1,[],[]
1712817494795,1712817465417,83,1,[],[]
1712817494795,1712817466417,83,1,[],[]
1712817494795,1712817467417,83,1,[],[]
1712817494795,1712817468417,84,1,[],[]
1712817494795,1712817469417,83,1,[],[]
1712817494795,1712817470417,82,1,[],[]
1712817494795,1712817471417,81,1,[],[]
1712817494795,1712817472417,80,1,[],[]
1712817494795,1712817473417,79,1,[],[]
1712817494795,1712817474417,79,1,[],[]
1712817494795,1712817475417,79,1,[],[]
1712817494795,1712817476417,80,1,[],[]
1712817494795,1712817477417,80,1,[],[]
1712817494795,1712817478417,79,1,[],[]
1712817494795,1712817479417,79,1,[],[]
1712817494795,1712817480417,79,1,[],[]
1712817494795,1712817481417,80,1,[],[]
1712817494795,1712817482417,81,1,[],[]
1712817494795,1712817483417,82,1,[],[]
1712817494795,1712817484417,82,1,[],[]
1712817494795,1712817485417,81,1,[],[]
1712817494795,1712817486417,82,1,[],[]
1712817494795,1712817487417,82,1,[],[]
1712817494795,1712817488417,81,1,[],[]
1712817494795,1712817489417,80,1,[],[]
1712817494795,1712817490417,80,1,[],[]
1712817494795,1712817491417,80,1,[],[]
1712817494795,1712817492417,79,1,[],[]
1712817494795,1712817493417,78,1,[],[]
1712817494795,1712817494417,77,1,[],[]
1712817495740,1712817495420,77,1,"[738,260]","[-1,-1]"
1712817496784,1712817496424,78,1,[893],[-1]
1712817497743,1712817497429,79,1,[813],[-1]
1712817498756,1712817498432,80,1,[803],[-1]
1712817503784,1712817499452,79,1,"[630,381,870,953,985,354,917,260]","[-1,-1,-1,-1,-1,-1,-1,-1]"
1712817503784,1712817500452,79,1,[],[]
1712817503784,1712817501452,80,1,[],[]
1712817503784,1712817502452,79,1,[],[]
1712817503784,1712817503452,81,1,[],[]
1712817524857,1712817504522,82,1,"[920,955,630,498,908,566,557,1068,1004,496,791,807,747,769,738,734,785,733,779,750,313,360,364,380,334,436,368,346,373,398,369,398,362,395,335,392]","[-1,-1,-1,-1,-1,-1,-1,-1,-1,-1,-1,-1,-1,-1,-1,-1,-1,-1,-1,-1,-1,-1,-1,-1,-1,-1,-1,-1,-1,-1,-1,-1,-1,-1,-1,-1]"
1712817524857,1712817505522,82,1,[],[]
1712817524857,1712817506522,81,1,[],[]
1712817524857,1712817507522,82,1,[],[]
1712817524857,1712817508522,0,-10,[],[]
1712817524857,1712817509522,0,-10,[],[]
1712817524857,1712817510522,0,-10,[],[]
1712817524857,1712817511522,86,1,[],[]
1712817524857,1712817512522,84,1,[],[]
1712817524857,1712817513522,83,1,[],[]
1712817524857,1712817514522,84,1,[],[]
1712817524857,1712817515522,82,1,[],[]
1712817524857,1712817516522,84,1,[],[]
1712817524857,1712817517522,85,1,[],[]
1712817524857,1712817518522,87,1,[],[]
1712817524857,1712817519522,87,1,[],[]
1712817524857,1712817520522,90,1,[],[]
1712817524857,1712817521522,92,1,[],[]
1712817524857,1712817522522,93,1,[],[]
1712817524857,1712817523522,91,1,[],[]
1712817524857,1712817524522,93,1,[],[]
1712817525846,1712817525527,93,1,"[354,373,387]","[-1,-1,-1]"
1712817531889,1712817526558,92,1,"[385,357,416,336,415,366,415,701,363,435,334,444,331,436]","[-1,-1,-1,-1,-1,-1,-1,-1,-1,-1,-1,-1,-1,-1]"
1712817531889,1712817527558,91,1,[],[]
1712817531889,1712817528558,91,1,[],[]
1712817531889,1712817529558,92,1,[],[]
1712817531889,1712817530558,92,1,[],[]
1712817531889,1712817531558,94,1,[],[]
1712817536892,1712817532577,95,1,"[340,452,304,750,442,330,405,358,414,381,378,364]","[-1,-1,-1,-1,-1,-1,-1,-1,-1,-1,-1,-1]"
1712817536892,1712817533577,96,1,[],[]
1712817536892,1712817534577,96,1,[],[]
1712817536892,1712817535577,98,1,[],[]
1712817536892,1712817536577,99,1,[],[]
1712817543919,1712817537609,100,1,"[429,319,401,340,419,344,425,372,425,345,371,406,366,395,358,390,423,361,425]","[-1,-1,-1,-1,-1,-1,-1,-1,-1,-1,-1,-1,-1,-1,-1,-1,-1,-1,-1]"
1712817543919,1712817538609,0,-10,[],[]
1712817543919,1712817539609,0,-10,[],[]
1712817543919,1712817540609,0,-10,[],[]
1712817543919,1712817541609,0,-10,[],[]
1712817543919,1712817542609,0,-10,[],[]
1712817543919,1712817543609,0,-10,[],[]
1712817546931,1712817544624,0,-10,"[738,777,389,361,398,373]","[-1,-1,-1,-1,-1,-1]"
1712817546931,1712817545624,0,-10,[],[]
1712817546931,1712817546624,0,-10,[],[]
1712817556983,1712817547677,0,-10,"[798,376,550,286,380,783,741,393,376,389,361,766,686,370,388,395,391,373,419,353,402]","[-1,-1,-1,-1,-1,-1,-1,-1,-1,-1,-1,-1,-1,-1,-1,-1,-1,-1,-1,-1,-1]"
1712817556983,1712817548677,0,-10,[],[]
1712817556983,1712817549677,0,-10,[],[]
1712817556983,1712817550677,0,-10,[],[]
1712817556983,1712817551677,0,-10,[],[]
1712817556983,1712817552677,0,-10,[],[]
1712817556983,1712817553677,0,-10,[],[]
1712817556983,1712817554677,0,-10,[],[]
1712817556983,1712817555677,0,-10,[],[]
1712817556983,1712817556677,0,-10,[],[]
1712817558018,1712817557681,0,-10,"[388,396]","[-1,-1]"
1712817559015,1712817558684,0,-10,"[356,404,368]","[-1,-1,-1]"
1712817565060,1712817559718,0,-10,"[413,359,378,361,395,358,391,355,416,367,390,399,397,362,399,378]","[-1,-1,-1,-1,-1,-1,-1,-1,-1,-1,-1,-1,-1,-1,-1,-1]"
1712817565060,1712817560718,0,-10,[],[]
1712817565060,1712817561718,0,-10,[],[]
1712817565060,1712817562718,0,-10,[],[]
1712817565060,1712817563718,0,-10,[],[]
1712817565060,1712817564718,0,-10,[],[]
1712817566072,1712817566721,0,-10,"[405,376]","[-1,-1]"
1712817571050,1712817566743,0,-10,"[401,347,414,366,416,737,404,372,369,399,352,419]","[-1,-1,-1,-1,-1,-1,-1,-1,-1,-1,-1,-1]"
1712817571050,1712817567743,0,-10,[],[]
1712817571050,1712817568743,0,-10,[],[]
1712817571050,1712817569743,0,-10,[],[]
1712817571050,1712817570743,0,-10,[],[]
1712817580144,1712817571795,0,-10,"[367,426,367,423,336,425,364,397,382,382,390,389,714,363,431,355,419,364,417,371,422]","[-1,-1,-1,-1,-1,-1,-1,-1,-1,-1,-1,-1,-1,-1,-1,-1,-1,-1,-1,-1,-1]"
1712817580144,1712817572795,0,-10,[],[]
1712817580144,1712817573795,0,-10,[],[]
1712817580144,1712817574795,0,-10,[],[]
1712817580144,1712817575795,0,-10,[],[]
1712817580144,1712817576795,0,-10,[],[]
1712817580144,1712817577795,0,-10,[],[]
1712817580144,1712817578795,0,-10,[],[]
1712817580144,1712817579795,0,-10,[],[]
1712817582108,1712817580793,0,-10,"[762,361,432,771,371]","[-1,-1,-1,-1,-1]"
1712817582108,1712817581793,0,-10,[],[]
1712817584128,1712817583801,0,-10,"[357,361,414,756]","[-1,-1,-1,-1]"
1712817584128,1712817584801,0,-10,[],[]
1712817607293,1712817584931,0,-10,"[367,436,764,329,444,383,378,380,399,346,406,383,396,324,444,782,779,779,384,441,791,763,802,385,370,756,799,771,795,766,355,442,801,785,725,795,389,422,338,435,789]","[-1,-1,-1,-1,-1,-1,-1,-1,-1,-1,-1,-1,-1,-1,-1,-1,-1,-1,-1,-1,-1,-1,-1,-1,-1,-1,-1,-1,-1,-1,-1,-1,-1,-1,-1,-1,-1,-1,-1,-1,-1]"
1712817607293,1712817585931,0,-10,[],[]
1712817607293,1712817586931,0,-10,[],[]
1712817607293,1712817587931,0,-10,[],[]
1712817607293,1712817588931,0,-10,[],[]
1712817607293,1712817589931,0,-10,[],[]
1712817607293,1712817590931,0,-10,[],[]
1712817607293,1712817591931,0,-10,[],[]
1712817607293,1712817592931,0,-10,[],[]
1712817607293,1712817593931,0,-10,[],[]
1712817607293,1712817594931,0,-10,[],[]
1712817607293,1712817595931,0,-10,[],[]
1712817607293,1712817596931,0,-10,[],[]
1712817607293,1712817597931,0,-10,[],[]
1712817607293,1712817598931,0,-10,[],[]
1712817607293,1712817599931,0,-10,[],[]
1712817607293,1712817600931,0,-10,[],[]
1712817607293,1712817601931,0,-10,[],[]
1712817607293,1712817602931,0,-10,[],[]
1712817607293,1712817603931,0,-10,[],[]
1712817607293,1712817604931,0,-10,[],[]
1712817607293,1712817605931,0,-10,[],[]
1712817607293,1712817606931,0,-10,[],[]
1712817613259,1712817608954,0,-10,"[775,774,260,552,743,783,395,385,784,319,466]","[-1,-1,-1,-1,-1,-1,-1,-1,-1,-1,-1]"
1712817613259,1712817609954,0,-10,[],[]
1712817613259,1712817610954,0,-10,[],[]
1712817613259,1712817611954,0,-10,[],[]
1712817613259,1712817612954,0,-10,[],[]
1712817613259,1712817613954,0,-10,[],[]
1712817626356,1712817614027,0,-10,"[793,781,784,386,388,828,330,388,785,277,519,791,815,738,383,428,260,523,757,398,391,732,260,507]","[-1,-1,-1,-1,-1,-1,-1,-1,-1,-1,-1,-1,-1,-1,-1,-1,-1,-1,-1,-1,-1,-1,-1,-1]"
1712817626356,1712817615027,0,-10,[],[]
1712817626356,1712817616027,0,-10,[],[]
1712817626356,1712817617027,0,-10,[],[]
1712817626356,1712817618027,0,-10,[],[]
1712817626356,1712817619027,0,-10,[],[]
1712817626356,1712817620027,0,-10,[],[]
1712817626356,1712817621027,0,-10,[],[]
1712817626356,1712817622027,0,-10,[],[]
1712817626356,1712817623027,0,-10,[],[]
1712817626356,1712817624027,0,-10,[],[]
1712817626356,1712817625027,0,-10,[],[]
1712817626356,1712817626027,0,-10,[],[]
1712817632425,1712817628057,0,-10,"[797,770,811,260,527,260,514,766,783,307]","[-1,-1,-1,-1,-1,-1,-1,-1,-1,-1]"
1712817632425,1712817629057,0,-10,[],[]
1712817632425,1712817630057,0,-10,[],[]
1712817632425,1712817631057,0,-10,[],[]
1712817632425,1712817632057,0,-10,[],[]
1712817632425,1712817633057,0,-10,[],[]
1712817633379,1712817633072,0,-10,"[466,267]","[-1,-1]"
1712817675643,1712817635283,0,-10,"[518,311,466,260,554,794,794,759,837,775,260,494,804,769,423,872,340,775,456,506,636,478,656,472,590,517,685,641,942,680,700,1003,497,360,628,867,785,295,785,295,772,794,764,601,665,1037,468,558,974,1080,501,790,691,338,468,1540,729,377,754,840,436,281,497,437,305,1060]","[-1,-1,-1,-1,-1,-1,-1,-1,-1,-1,-1,-1,-1,-1,-1,-1,-1,-1,-1,-1,-1,-1,-1,-1,-1,-1,-1,-1,-1,-1,-1,-1,-1,-1,-1,-1,-1,-1,-1,-1,-1,-1,-1,-1,-1,-1,-1,-1,-1,-1,-1,-1,-1,-1,-1,-1,-1,-1,-1,-1,-1,-1,-1,-1,-1,-1]"
1712817675643,1712817636283,0,-10,[],[]
1712817675643,1712817637283,0,-10,[],[]
1712817675643,1712817638283,0,-10,[],[]
1712817675643,1712817639283,0,-10,[],[]
1712817675643,1712817640283,0,-10,[],[]
1712817675643,1712817641283,0,-10,[],[]
1712817675643,1712817642283,0,-10,[],[]
1712817675643,1712817643283,0,-10,[],[]
1712817675643,1712817644283,0,-10,[],[]
1712817675643,1712817645283,0,-10,[],[]
1712817675643,1712817646283,0,-10,[],[]
1712817675643,1712817647283,0,-10,[],[]
1712817675643,1712817648283,0,-10,[],[]
1712817675643,1712817649283,0,-10,[],[]
1712817675643,1712817650283,0,-10,[],[]
1712817675643,1712817651283,0,-10,[],[]
1712817675643,1712817652283,0,-10,[],[]
1712817675643,1712817653283,0,-10,[],[]
1712817675643,1712817654283,0,-10,[],[]
1712817675643,1712817655283,0,-10,[],[]
1712817675643,1712817656283,0,-10,[],[]
1712817675643,1712817657283,0,0,[],[]
1712817675643,1712817658283,143,1,[],[]
1712817675643,1712817659283,141,1,[],[]
1712817675643,1712817660283,140,1,[],[]
1712817675643,1712817661283,139,1,[],[]
1712817675643,1712817662283,138,1,[],[]
1712817675643,1712817663283,137,1,[],[]
1712817675643,1712817664283,136,1,[],[]
1712817675643,1712817665283,136,1,[],[]
1712817675643,1712817666283,136,1,[],[]
1712817675643,1712817667283,136,1,[],[]
1712817675643,1712817668283,136,1,[],[]
1712817675643,1712817669283,136,1,[],[]
1712817675643,1712817670283,136,1,[],[]
1712817675643,1712817671283,135,1,[],[]
1712817675643,1712817672283,135,1,[],[]
1712817675643,1712817673283,135,1,[],[]
1712817675643,1712817674283,134,1,[],[]
1712817675643,1712817675283,134,1,[],[]
1712817675643,1712817676283,134,1,[],[]
1712817676600,1712817677287,134,1,[1312],[-1]
1712817677634,1712817678291,135,1,[],[]
1712817678625,1712817679295,136,1,"[1312,858]","[-1,-1]"
1712817679645,1712817680299,136,1,[904],[-1]
1712817701791,1712817680423,137,1,"[907,381,801,461,456,1275,767,605,872,528,938,465,509,411,452,467,467,480,421,856,584,410,543,503,560,1477,435,516,440,448,507,711,1244,491,470]","[-1,-1,-1,-1,-1,-1,-1,-1,-1,-1,-1,-1,-1,-1,-1,-1,-1,-1,-1,-1,-1,-1,-1,-1,-1,-1,-1,-1,-1,-1,-1,-1,-1,-1,-1]"
1712817701791,1712817681423,137,1,[],[]
1712817701791,1712817682423,136,1,[],[]
1712817701791,1712817683423,136,1,[],[]
1712817701791,1712817684423,135,1,[],[]
1712817701791,1712817685423,134,1,[],[]
1712817701791,1712817686423,133,1,[],[]
1712817701791,1712817687423,133,1,[],[]
1712817701791,1712817688423,132,1,[],[]
1712817701791,1712817689423,131,1,[],[]
1712817701791,1712817690423,130,1,[],[]
1712817701791,1712817691423,129,1,[],[]
1712817701791,1712817692423,128,1,[],[]
1712817701791,1712817693423,127,1,[],[]
1712817701791,1712817694423,127,1,[],[]
1712817701791,1712817695423,126,1,[],[]
1712817701791,1712817696423,126,1,[],[]
1712817701791,1712817697423,125,1,[],[]
1712817701791,1712817698423,125,1,[],[]
1712817701791,1712817699423,125,1,[],[]
1712817701791,1712817700423,125,1,[],[]
1712817701791,1712817701423,125,1,[],[]
1712817702752,1712817702426,124,1,"[515,449]","[-1,-1]"
1712817703751,1712817703430,125,1,"[497,511]","[-1,-1]"
1712817704781,1712817704435,125,1,"[433,300]","[-1,-1]"
1712817705747,1712817705439,125,1,[641],[-1]
1712817715793,1712817706482,125,1,"[993,830,772,1223,462,464,441,457,483,488,456,490,503,470,483,470,480,513]","[-1,-1,-1,-1,-1,-1,-1,-1,0,0,0,0,0,0,0,0,0,0]"
1712817715793,1712817707482,125,1,[],[]
1712817715793,1712817708482,125,1,[],[]
1712817715793,1712817709482,125,1,[],[]
1712817715793,1712817710482,125,1,[],[]
1712817715793,1712817711482,124,1,[],[]
1712817715793,1712817712482,124,1,[],[]
1712817715793,1712817713482,123,1,[],[]
1712817715793,1712817714482,123,1,[],[]
1712817715793,1712817715482,123,1,[],[]
1712817716826,1712817716486,123,1,"[513,513]","[0,0]"
1712817717841,1712817717490,122,1,"[480,524,375]","[-1,-1,-1]"
1712817718807,1712817718495,122,1,[563],[-1]
1712817719846,1712817719498,121,1,[606],[-1]
1712817823382,1712817721009,121,1,"[1547,777,1143,958,488,491,503,512,536,522,523,519,507,500,450,480,473,483,496,490,529,515,531,534,523,525,482,489,505,492,475,485,477,475,465,465,484,498,487,543,553,562,568,571,567,568,545,544,512,510,496,499,496,499,502,464,492,490,495,514,542,536,551,513,533,426,536,548,541,537,1040,540,518,515,503,510,543,574,569,541,569,627,670,638,595,601,628,663,673,625,588,583,581,621,672,727,738,699,697,665,610,593,562,565,551,597,597,541,550,575,609,573,601,555,365,752,548,657,879,847,744,292,762,735,260,783,1292,956,635,347,868,732,658,481,393,440,497,822,467,792,687,665,937,410,840,784,477,780,344,719,504,731,416,446,277,399,524,405,585,374,390,714,765,706,728,715,699,694,708,685,703,731,738,714,741]","[-1,-1,-1,0,0,0,0,0,0,0,0,0,0,0,0,0,0,0,0,0,0,0,0,0,0,0,0,0,0,0,0,0,0,0,0,0,0,0,0,0,0,0,0,0,0,0,0,0,0,0,0,0,0,0,0,0,0,0,0,0,0,0,0,0,0,0,0,0,0,-1,-1,-1,-1,-1,0,0,0,0,0,0,0,0,0,0,0,0,0,0,0,0,0,0,0,0,0,0,0,0,0,0,0,0,0,0,0,0,0,0,0,0,0,0,0,-1,-1,-1,-1,-1,-1,-1,-1,-1,-1,-1,-1,-1,-1,-1,-1,-1,-1,-1,-1,-1,-1,-1,-1,-1,-1,-1,-1,-1,-1,-1,-1,-1,-1,-1,-1,-1,-1,-1,-1,-1,-1,-1,-1,-1,-1,-1,-1,-1,-1,-1,-1,-1,0,0,0,0,0,-1,-1,-1,-1]"
1712817823382,1712817722009,120,1,[],[]
1712817823382,1712817723009,120,1,[],[]
1712817823382,1712817724009,119,1,[],[]
1712817823382,1712817725009,119,1,[],[]
1712817823382,1712817726009,119,1,[],[]
1712817823382,1712817727009,120,1,[],[]
1712817823382,1712817728009,120,1,[],[]
1712817823382,1712817729009,120,1,[],[]
1712817823382,1712817730009,119,1,[],[]
1712817823382,1712817731009,119,1,[],[]
1712817823382,1712817732009,119,1,[],[]
1712817823382,1712817733009,119,1,[],[]
1712817823382,1712817734009,119,1,[],[]
1712817823382,1712817735009,120,1,[],[]
1712817823382,1712817736009,121,1,[],[]
1712817823382,1712817737009,122,1,[],[]
1712817823382,1712817738009,121,1,[],[]
1712817823382,1712817739009,120,1,[],[]
1712817823382,1712817740009,119,1,[],[]
1712817823382,1712817741009,117,1,[],[]
1712817823382,1712817742009,116,1,[],[]
1712817823382,1712817743009,115,1,[],[]
1712817823382,1712817744009,115,1,[],[]
1712817823382,1712817745009,116,1,[],[]
1712817823382,1712817746009,117,1,[],[]
1712817823382,1712817747009,117,1,[],[]
1712817823382,1712817748009,0,0,[],[]
1712817823382,1712817749009,0,-10,[],[]
1712817823382,1712817750009,0,-10,[],[]
1712817823382,1712817751009,0,-10,[],[]
1712817823382,1712817752009,0,-10,[],[]
1712817823382,1712817753009,0,-10,[],[]
1712817823382,1712817754009,0,-10,[],[]
1712817823382,1712817755009,0,-10,[],[]
1712817823382,1712817756009,115,1,[],[]
1712817823382,1712817757009,114,1,[],[]
1712817823382,1712817758009,113,1,[],[]
1712817823382,1712817759009,112,1,[],[]
1712817823382,1712817760009,111,1,[],[]
1712817823382,1712817761009,0,-10,[],[]
1712817823382,1712817762009,0,-10,[],[]
1712817823382,1712817763009,106,1,[],[]
1712817823382,1712817764009,104,1,[],[]
1712817823382,1712817765009,100,1,[],[]
1712817823382,1712817766009,100,1,[],[]
1712817823382,1712817767009,100,1,[],[]
1712817823382,1712817768009,99,1,[],[]
1712817823382,1712817769009,98,1,[],[]
1712817823382,1712817770009,0,-10,[],[]
1712817823382,1712817771009,0,-10,[],[]
1712817823382,1712817772009,95,1,[],[]
1712817823382,1712817773009,97,1,[],[]
1712817823382,1712817774009,0,-10,[],[]
1712817823382,1712817775009,0,-10,[],[]
1712817823382,1712817776009,102,1,[],[]
1712817823382,1712817777009,0,-10,[],[]
1712817823382,1712817778009,102,1,[],[]
1712817823382,1712817779009,103,1,[],[]
1712817823382,1712817780009,104,1,[],[]
1712817823382,1712817781009,104,1,[],[]
1712817823382,1712817782009,104,1,[],[]
1712817823382,1712817783009,0,-10,[],[]
1712817823382,1712817784009,0,-10,[],[]
1712817823382,1712817785009,0,-10,[],[]
1712817823382,1712817786009,0,-10,[],[]
1712817823382,1712817787009,0,-10,[],[]
1712817823382,1712817788009,0,-10,[],[]
1712817823382,1712817789009,0,-10,[],[]
1712817823382,1712817790009,0,-10,[],[]
1712817823382,1712817791009,0,-10,[],[]
1712817823382,1712817792009,0,-10,[],[]
1712817823382,1712817793009,0,-10,[],[]
1712817823382,1712817794009,0,-10,[],[]
1712817823382,1712817795009,0,-10,[],[]
1712817823382,1712817796009,0,-10,[],[]
1712817823382,1712817797009,0,-10,[],[]
1712817823382,1712817798009,0,-10,[],[]
1712817823382,1712817799009,0,-10,[],[]
1712817823382,1712817800009,0,-10,[],[]
1712817823382,1712817801009,0,-10,[],[]
1712817823382,1712817802009,0,-10,[],[]
1712817823382,1712817803009,0,-10,[],[]
1712817823382,1712817804009,0,-10,[],[]
1712817823382,1712817805009,0,-10,[],[]
1712817823382,1712817806009,0,-10,[],[]
1712817823382,1712817807009,0,-10,[],[]
1712817823382,1712817808009,0,-10,[],[]
1712817823382,1712817809009,0,-10,[],[]
1712817823382,1712817810009,0,-10,[],[]
1712817823382,1712817811009,0,-10,[],[]
1712817823382,1712817812009,0,-10,[],[]
1712817823382,1712817813009,0,-10,[],[]
1712817823382,1712817814009,0,-10,[],[]
1712817823382,1712817815009,0,-10,[],[]
1712817823382,1712817816009,0,-10,[],[]
1712817823382,1712817817009,0,-10,[],[]
1712817823382,1712817818009,0,-10,[],[]
1712817823382,1712817819009,0,-10,[],[]
1712817823382,1712817820009,0,-10,[],[]
1712817823382,1712817821009,0,-10,[],[]
1712817823382,1712817822009,0,-10,[],[]
1712817823382,1712817823009,0,-10,[],[]
1712817824389,1712817824013,0,-10,[708],[-1]
1712817825342,1712817825018,0,-10,"[684,752]","[-1,-1]"
1712817826341,1712817826021,0,-10,"[706,405]","[-1,-1]"
1712817827348,1712817827025,0,-10,"[290,458,279]","[-1,-1,-1]"
1712817829363,1712817828033,0,-10,"[395,337,695]","[-1,-1,-1]"
1712817829363,1712817829033,0,-10,[],[]
1712817830380,1712817830037,0,-10,"[731,707]","[-1,-1]"
1712817831362,1712817831041,0,-10,"[426,700]","[-1,-1]"
1712817832364,1712817832044,0,-10,"[442,583]","[-1,-1]"
1712817833389,1712817833048,0,-10,[651],[-1]
1712817834415,1712817834052,0,-10,[737],[-1]
1712817835404,1712817835062,0,-10,"[724,712]","[-1,-1]"
1712817836383,1712817836065,0,-10,[704],[-1]
1712817837382,1712817837068,0,-10,"[709,740]","[-1,-1]"
1712817838382,1712817838072,0,-10,[723],[-1]
1712817839396,1712817839076,0,-10,[727],[-1]
1712817840389,1712817840080,0,-10,"[700,725]","[-1,-1]"
1712817841418,1712817841084,0,-10,[749],[-1]
1712817842430,1712817842087,0,-10,"[730,697]","[-1,-1]"
1712817843435,1712817843091,0,-10,[706],[-1]
1712817844403,1712817844095,0,-10,[703],[-1]
1712817845410,1712817845100,0,-10,"[745,729]","[-1,-1]"
1712817846409,1712817846103,0,-10,[755],[-1]
1712817847434,1712817847113,0,-10,[710],[-1]
1712817848426,1712817848117,0,-10,"[673,765]","[-1,-1]"
1712817849443,1712817849121,0,-10,[713],[-1]
1712817850431,1712817850125,0,-10,"[727,691]","[-1,-1]"
1712817851453,1712817851129,0,-10,[733],[-1]
1712817853442,1712817852138,0,-10,"[701,723,717]","[-1,-1,-1]"
1712817853442,1712817853138,0,-10,[],[]
1712817856460,1712817854140,0,-10,"[743,704,736,704]","[-1,-1,-1,-1]"
1712817856460,1712817855140,0,-10,[],[]
1712817856460,1712817856140,0,-10,[],[]
1712817857461,1712817857144,0,-10,[746],[-1]
1712817858479,1712817858145,0,-10,"[744,690]","[-1,-1]"
1712817859469,1712817859150,0,-10,[722],[-1]
1712817860467,1712817860153,0,-10,[699],[-1]
1712817861502,1712817861160,0,-10,"[786,663]","[-1,-1]"
1712817862488,1712817862165,0,-10,[382],[-1]
1712817867498,1712817864181,0,-10,"[1065,698,726,721,727,413,673,338,391]","[-1,-1,-1,-1,-1,-1,-1,-1,-1]"
1712817867498,1712817865181,0,-10,[],[]
1712817867498,1712817866181,0,-10,[],[]
1712817867498,1712817867181,0,-10,[],[]
1712817867498,1712817868181,0,-10,[],[]
1712817868497,1712817869185,0,-10,"[313,720]","[-1,-1]"
1712817869488,1712817870188,0,-10,[773],[-1]
1712817870504,1712817871178,0,-10,[691],[-1]
1712817871492,1712817872182,0,-10,"[684,724]","[-1,-1]"
1712817872533,1712817873186,0,-10,[709],[-1]
1712817873496,1712817874190,0,-10,[766],[-1]
1712817874498,1712817875193,0,-10,"[755,695]","[-1,-1]"
1712817875538,1712817876197,0,-10,[631],[-1]
1712817876506,1712817877201,0,-10,"[690,782]","[-1,-1]"
1712817879528,1712817877212,0,-10,"[688,698,737,748]","[-1,-1,-1,-1]"
1712817879528,1712817878212,0,-10,[],[]
1712817879528,1712817879212,0,-10,[],[]
1712817880552,1712817880216,0,-10,[703],[-1]
1712817881562,1712817881221,0,-10,"[743,686]","[-1,-1]"
1712817882532,1712817882224,0,-10,[691],[-1]
1712817884577,1712817883229,0,-10,"[727,716,745]","[-1,-1,-1]"
1712817884577,1712817884229,0,-10,[],[]
1712817885549,1712817885233,0,-10,[676],[-1]
1712817886592,1712817886237,0,-10,"[676,684]","[-1,-1]"
1712817887560,1712817887240,0,-10,[813],[-1]
1712817888552,1712817888248,0,-10,"[697,724]","[-1,-1]"
1712817890579,1712817889263,0,-10,"[673,731]","[-1,-1]"
1712817890579,1712817890263,0,-10,[],[]
1712817891573,1712817891267,0,-10,"[699,748]","[-1,-1]"
1712817892584,1712817892270,0,-10,[720],[-1]
1712817893612,1712817893274,0,-10,"[625,748]","[-1,-1]"
1712817895586,1712817894270,0,-10,"[689,701]","[-1,-1]"
1712817895586,1712817895270,0,-10,[],[]
1712817896597,1712817896273,0,-10,"[703,662]","[-1,-1]"
1712817897631,1712817897277,0,-10,[756],[-1]
1712817898638,1712817898281,0,-10,"[805,602]","[-1,-1]"
1712817899594,1712817899285,0,-10,[743],[0]
1712817901615,1712817900293,0,-10,"[682,710,685]","[0,0,0]"
1712817901615,1712817901293,0,-10,[],[]
1712817902629,1712817902296,0,-10,[743],[0]
1712817903617,1712817903300,0,-10,"[676,685]","[0,0]"
1712817904651,1712817904304,0,-10,[754],[0]
1712817905623,1712817905308,0,-10,"[714,723]","[0,0]"
1712817906687,1712817906313,0,-10,[651],[0]
1712817907629,1712817907317,0,-10,[707],[0]
1712817908656,1712817908321,0,-10,"[777,676]","[0,0]"
1712817909638,1712817909326,0,-10,[695],[0]
1712817910645,1712817910329,0,-10,"[722,730]","[0,0]"
1712817912671,1712817911335,0,-10,"[745,624,678]","[-1,-1,-1]"
1712817912671,1712817912335,0,-10,[],[]
1712817913764,1712817914342,0,-10,[767],[-1]
1712817914700,1712817915346,0,-10,[746],[-1]
1712817915653,1712817916349,0,-10,"[659,784]","[-1,-1]"
1712817916707,1712817917353,0,-10,"[260,423]","[-1,-1]"
1712817918683,1712817917363,0,-10,"[765,672,683]","[-1,-1,-1]"
1712817918683,1712817918363,0,-10,[],[]
1712817919679,1712817919367,0,-10,[723],[-1]
1712817920732,1712817920370,0,-10,"[731,729]","[-1,-1]"
1712817921681,1712817921373,0,-10,[662],[-1]
1712817922690,1712817922376,0,-10,"[686,694]","[-1,-1]"
1712817923684,1712817923380,0,-10,[796],[-1]
1712817924703,1712817924387,0,-10,[641],[-1]
1712817925693,1712817925390,0,-10,"[737,682]","[-1,-1]"
1712817926717,1712817926393,0,-10,[753],[-1]
1712817927695,1712817927397,0,-10,"[722,641]","[-1,-1]"
1712817932744,1712817928404,0,-10,"[716,682,482,303,681,707,639,722]","[-1,-1,-1,-1,-1,-1,-1,-1]"
1712817932744,1712817929404,0,-10,[],[]
1712817932744,1712817930404,0,-10,[],[]
1712817932744,1712817931404,0,-10,[],[]
1712817932744,1712817932404,0,-10,[],[]
1712817933726,1712817933407,0,-10,[674],[-1]
1712817934744,1712817934411,0,-10,"[717,733]","[-1,-1]"
1712817935762,1712817935414,0,-10,[691],[-1]
1712817936773,1712817936418,0,-10,"[407,370]","[-1,-1]"
1712817937746,1712817937429,0,-10,"[666,411]","[-1,-1]"
1712817938740,1712817938433,0,-10,[943],[-1]
1712817939737,1712817939438,0,-10,"[685,751]","[-1,-1]"
1712817940743,1712817940441,0,-10,[643],[-1]
1712817941780,1712817941444,0,-10,"[734,695]","[-1,-1]"
1712817942747,1712817942448,0,-10,[592],[-1]
1712817943754,1712817943452,0,-10,[690],[-1]
1712817944808,1712817944456,0,-10,"[818,706]","[-1,-1]"
1712817949805,1712817945472,0,-10,"[715,260,260,620,262,702,739,693,752]","[-1,-1,-1,-1,-1,-1,-1,-1,-1]"
1712817949805,1712817946472,0,-10,[],[]
1712817949805,1712817947472,0,-10,[],[]
1712817949805,1712817948472,0,-10,[],[]
1712817949805,1712817949472,0,-10,[],[]
1712817950825,1712817950476,0,-10,"[737,453]","[-1,-1]"
1712817951798,1712817951480,0,-10,"[360,439,260]","[-1,-1,-1]"
1712817971906,1712817953584,0,-10,"[551,485,1049,438,699,645,838,652,971,277,971,277,628,984,995,676,293,912,383,625,323,492,534,1641,686,873,671,671,672]","[-1,-1,-1,-1,-1,-1,-1,-1,-1,-1,-1,-1,-1,-1,-1,-1,-1,-1,-1,-1,-1,-1,-1,-1,-1,-1,-1,-1,-1]"
1712817971906,1712817954584,0,-10,[],[]
1712817971906,1712817955584,0,-10,[],[]
1712817971906,1712817956584,0,-10,[],[]
1712817971906,1712817957584,0,-10,[],[]
1712817971906,1712817958584,0,-10,[],[]
1712817971906,1712817959584,0,0,[],[]
1712817971906,1712817960584,179,1,[],[]
1712817971906,1712817961584,180,1,[],[]
1712817971906,1712817962584,181,1,[],[]
1712817971906,1712817963584,181,1,[],[]
1712817971906,1712817964584,181,1,[],[]
1712817971906,1712817965584,181,1,[],[]
1712817971906,1712817966584,181,1,[],[]
1712817971906,1712817967584,182,1,[],[]
1712817971906,1712817968584,181,1,[],[]
1712817971906,1712817969584,181,1,[],[]
1712817971906,1712817970584,181,1,[],[]
1712817971906,1712817971584,180,1,[],[]
1712817971906,1712817972584,179,1,[],[]
1712817972929,1712817973587,179,1,[995],[-1]
1712817975912,1712817974600,178,1,"[720,2071,280]","[-1,-1,-1]"
1712817975912,1712817975600,178,1,[],[]
1712817975912,1712817976600,177,1,[],[]
1712817977966,1712817976607,176,1,"[872,878]","[-1,-1]"
1712817977966,1712817977607,175,1,[],[]
1712817978959,1712817978611,174,1,[618],[-1]
1712817979933,1712817979615,172,1,"[1037,714]","[-1,-1]"
1712817980991,1712817980618,171,1,"[712,363]","[-1,-1]"
1712817981933,1712817981621,170,1,"[722,312]","[-1,-1]"
1712817983940,1712817982629,169,1,"[371,781,583]","[-1,-1,-1]"
1712817983940,1712817983629,168,1,[],[]
1712817984989,1712817984633,168,1,"[783,350]","[-1,-1]"
1712817985947,1712817985636,167,1,"[364,356,357]","[-1,-1,-1]"
1712817987004,1712817986639,166,1,[334],[-1]
1712817987976,1712817987643,165,1,"[1064,368,362]","[-1,-1,-1]"
1712817989009,1712817988648,164,1,"[364,367]","[-1,-1]"
1712817989963,1712817989651,162,1,"[313,654]","[-1,-1]"
